paper_id,task,source_tokens,actual_mv_count,oof_predicted_count,oof_predicted_rate_per_10k,fold,fold_train_n,fold_test_n,model_converged,alpha
paper_fb3ca2b9915274b899b1,T1a_ACRONYM,7038,10,4.74937261581674,6.74818501821077,1,1518,380,True,0.4589931424143901
paper_c2234e1a403516780d78,T1a_ACRONYM,9710,46,5.443618638078042,5.606198391429498,0,1518,380,True,0.4376979058691792
paper_8257025951ba6b28b75b,T1a_ACRONYM,21876,7,15.571301228263323,7.117983739378004,2,1518,380,True,0.4580177005163218
paper_1b171a1a4aec0890360c,T1a_ACRONYM,6363,8,4.080314292533219,6.412563716066666,1,1518,380,True,0.4589931424143901
paper_bd883eabafd2e7b17297,T1a_ACRONYM,12645,28,9.474060693046821,7.4923374401319265,0,1518,380,True,0.4376979058691792
paper_985fcd185ed02e5bf0c9,T1a_ACRONYM,3306,3,2.6554870473436853,8.032326217010542,3,1519,379,True,0.4841441946473859
paper_89fda2b1fae52af29ea2,T1a_ACRONYM,6469,4,4.387931513757608,6.783013624605979,3,1519,379,True,0.4841441946473859
paper_b73e8d1371d2c75baf5e,T1a_ACRONYM,11966,6,8.291557831337625,6.929264442033784,3,1519,379,True,0.4841441946473859
paper_ad00811f68d163562037,T1a_ACRONYM,9089,9,6.656282256736159,7.323448406575155,3,1519,379,True,0.4841441946473859
paper_e7cb9db0da80a095bfbf,T1a_ACRONYM,7870,19,0.1218850956099372,0.15487305668352883,0,1518,380,True,0.4376979058691792
paper_c59024ff0db6a1d90594,T1a_ACRONYM,10100,7,7.853344009558326,7.77558812827557,2,1518,380,True,0.4580177005163218
paper_5f4d155a7e87fdbcfd57,T1a_ACRONYM,12702,4,9.322513395761444,7.339405916990587,0,1518,380,True,0.4376979058691792
paper_e2fe8c3fb17de72a30f6,T1a_ACRONYM,2435,1,2.1012504538514003,8.629365313558113,3,1519,379,True,0.4841441946473859
paper_9b4349e4d6009d73ce9d,T1a_ACRONYM,4516,1,2.7533647636758567,6.096910459866821,0,1518,380,True,0.4376979058691792
paper_821c30710a08627d5ec1,T1a_ACRONYM,6884,1,5.171634824202376,7.512543323943021,0,1518,380,True,0.4376979058691792
paper_69fa8302ed65d234bceb,T1a_ACRONYM,9028,1,7.78919006701919,8.627813543441725,2,1518,380,True,0.4580177005163218
paper_1e65e9d0a8786fa0982f,T1a_ACRONYM,8517,2,5.697766306319144,6.689874728565392,0,1518,380,True,0.4376979058691792
paper_ac7d4e80f6136ba80773,T1a_ACRONYM,12136,4,9.190946890223241,7.573291768476632,0,1518,380,True,0.4376979058691792
paper_f127962446e96a02507f,T1a_ACRONYM,9073,12,6.667188078848635,7.34838320164073,3,1519,379,True,0.4841441946473859
paper_4ee58c087d3e3326bfd7,T1a_ACRONYM,14188,7,9.568732295578288,6.74424323060212,1,1518,380,True,0.4589931424143901
paper_df86d7f2b086c51bfe19,T1a_ACRONYM,8970,4,7.562507540203702,8.430889119513603,2,1518,380,True,0.4580177005163218
paper_b3d33d8ef68936f98277,T1a_ACRONYM,3349,8,1.9673299937159017,5.874380393299199,2,1518,380,True,0.4580177005163218
paper_b1be9d9c2235573dcd95,T1a_ACRONYM,14428,18,10.907790280519466,7.560154061907031,0,1518,380,True,0.4376979058691792
paper_f958223ca2563b6c2ee0,T1a_ACRONYM,12794,10,9.979223941407964,7.799924919030767,4,1519,379,True,0.4491919566382406
paper_7a234a0942160567de4e,T1a_ACRONYM,5198,7,2.968916177967696,5.711650977236813,4,1519,379,True,0.4491919566382406
paper_32841268fd79635f1a52,T1a_ACRONYM,10253,4,7.39547029858025,7.212981857583389,3,1519,379,True,0.4841441946473859
paper_493838792c068344ab2f,T1a_ACRONYM,12873,8,9.4432302036962,7.33568725526,3,1519,379,True,0.4841441946473859
paper_ca5062f04a73b5342113,T1a_ACRONYM,6863,6,5.810708543100403,8.466717970421685,4,1519,379,True,0.4491919566382406
paper_51d90b89ffab3e573b94,T1a_ACRONYM,8673,2,7.562357173969953,8.719424851804396,0,1518,380,True,0.4376979058691792
paper_bfbee9103060405ddf4a,T1a_ACRONYM,10044,7,5.998753200403649,5.9724743134245815,4,1519,379,True,0.4491919566382406
paper_1d196ac13fa57b930414,T1a_ACRONYM,12234,3,9.36644611514179,7.656078236996722,3,1519,379,True,0.4841441946473859
paper_a6c7c43c9bb00b33965a,T1a_ACRONYM,8768,8,6.575760865291429,7.499727264246611,2,1518,380,True,0.4580177005163218
paper_dd072c7a9a4eb901d770,T1a_ACRONYM,5212,6,4.2004460929610214,8.059182833770187,4,1519,379,True,0.4491919566382406
paper_a9b7cccd95ca07156fb7,T1a_ACRONYM,7594,2,5.312922607273273,6.996210965595567,1,1518,380,True,0.4589931424143901
paper_e038c6543f5175116b1c,T1a_ACRONYM,8025,9,5.74213939681204,7.155313890108461,3,1519,379,True,0.4841441946473859
paper_145373617da645708424,T1a_ACRONYM,6755,6,5.154264958925567,7.630296016174044,3,1519,379,True,0.4841441946473859
paper_6549ab238decd77f0d36,T1a_ACRONYM,9656,14,7.018314457371463,7.268345544088093,3,1519,379,True,0.4841441946473859
paper_c146dad478613317f96c,T1a_ACRONYM,6981,6,5.069505084683699,7.261860886239361,2,1518,380,True,0.4580177005163218
paper_ca18a68f81210c3e50e9,T1a_ACRONYM,3715,2,2.254953399822162,6.069861103155214,1,1518,380,True,0.4589931424143901
paper_02d87c8cf3c68e9b7624,T1a_ACRONYM,378,0,0.3172770042309854,8.39357154050226,3,1519,379,True,0.4841441946473859
paper_04ee90d11a9e2e5995fa,T1a_ACRONYM,7852,1,5.926704717918796,7.548019253589909,1,1518,380,True,0.4589931424143901
paper_c35f6124b433c452f4bd,T1a_ACRONYM,5749,2,3.300789406359452,5.741501837466433,3,1519,379,True,0.4841441946473859
paper_27f10dec8047a843a6ec,T1a_ACRONYM,10997,14,6.209776944502209,5.64679180185706,2,1518,380,True,0.4580177005163218
paper_f3afec6e13796b766325,T1a_ACRONYM,11069,12,8.626796523181403,7.793654822641072,0,1518,380,True,0.4376979058691792
paper_00c54464ef9a21d1e80e,T1a_ACRONYM,8214,4,6.831319178961349,8.316677841443084,4,1519,379,True,0.4491919566382406
paper_34930f421e5c0fbf49d0,T1a_ACRONYM,26092,2,20.54974207558324,7.875878459138142,0,1518,380,True,0.4376979058691792
paper_89ea92aa5842a2c088a5,T1a_ACRONYM,7633,1,5.210959774252267,6.826882974259488,2,1518,380,True,0.4580177005163218
paper_86c706cc7c1b31c5b704,T1a_ACRONYM,8724,1,6.440961797531349,7.3830373653500105,0,1518,380,True,0.4376979058691792
paper_5f9e475046ee441302b8,T1a_ACRONYM,9207,9,7.14110671375612,7.756171080434583,3,1519,379,True,0.4841441946473859
paper_32588ab02863572afb45,T1a_ACRONYM,5368,1,3.842949495062102,7.15899682388618,4,1519,379,True,0.4491919566382406
paper_ea0d0996e01f5ba956c4,T1a_ACRONYM,9449,4,7.709976946878625,8.159569210370012,4,1519,379,True,0.4491919566382406
paper_fd846be4054cb8da1c75,T1a_ACRONYM,11267,4,7.2498409024184705,6.434579659553093,1,1518,380,True,0.4589931424143901
paper_23dce9b08be913b037dd,T1a_ACRONYM,6241,12,4.393640624101875,7.0399625446272625,3,1519,379,True,0.4841441946473859
paper_76ea1bc753a6f3bd627c,T1a_ACRONYM,5745,2,3.9807534779495537,6.929074809311668,3,1519,379,True,0.4841441946473859
paper_0f9cb975cd0b7c104b86,T1a_ACRONYM,9100,11,6.690181926407008,7.351848270776932,2,1518,380,True,0.4580177005163218
paper_55cc9922955ed3e6ec1b,T1a_ACRONYM,9068,11,6.344667915982289,6.996766559309979,3,1519,379,True,0.4841441946473859
paper_5675b30f5cad570acb65,T1a_ACRONYM,7323,5,5.070089373363674,6.923514097178307,2,1518,380,True,0.4580177005163218
paper_d6098e7c24a35a215597,T1a_ACRONYM,11021,3,8.393778525357089,7.6161677936277,2,1518,380,True,0.4580177005163218
paper_abbde51c7d33404cc803,T1a_ACRONYM,14895,8,7.1030043368552676,4.768717245287188,4,1519,379,True,0.4491919566382406
paper_654a44c8e94205f86a24,T1a_ACRONYM,18258,8,13.128908269689026,7.190770221102544,2,1518,380,True,0.4580177005163218
paper_dd00a6ebc17bdfcae203,T1a_ACRONYM,14015,8,10.753822032503441,7.673080294329962,2,1518,380,True,0.4580177005163218
paper_35b3eab66de11aeab930,T1a_ACRONYM,9620,3,6.367003328526934,6.618506578510327,3,1519,379,True,0.4841441946473859
paper_25f8891779281d552aed,T1a_ACRONYM,10819,9,7.905343347462059,7.306907613884887,1,1518,380,True,0.4589931424143901
paper_43acf95a4cff34bcd303,T1a_ACRONYM,6315,3,4.490222625342664,7.110407957787275,2,1518,380,True,0.4580177005163218
paper_2dd21d283cb3890b0651,T1a_ACRONYM,17232,9,11.651617224892231,6.761616309709976,3,1519,379,True,0.4841441946473859
paper_485b3fecc88210a2fb80,T1a_ACRONYM,9656,3,6.938376329302732,7.185559578813931,3,1519,379,True,0.4841441946473859
paper_6445b8c71cfc27098a19,T1a_ACRONYM,6396,4,3.9578690800744076,6.1880379613421015,2,1518,380,True,0.4580177005163218
paper_c8f09dfd076f3e2b5a53,T1a_ACRONYM,16597,8,10.750550443947168,6.477405822707217,1,1518,380,True,0.4589931424143901
paper_ddc1627042a99d4c0665,T1a_ACRONYM,5518,1,4.182363473392702,7.579491615427153,1,1518,380,True,0.4589931424143901
paper_e072120be00c97a29167,T1a_ACRONYM,9002,7,6.08561084124708,6.760287537488424,3,1519,379,True,0.4841441946473859
paper_bfafb1f783cf1c10b709,T1a_ACRONYM,8443,10,6.393176927241294,7.572162652186774,0,1518,380,True,0.4376979058691792
paper_4611789ef7e3c08c3ac9,T1a_ACRONYM,7476,0,5.336843957100698,7.138635576646198,0,1518,380,True,0.4376979058691792
paper_19623e79243d0cf49b1e,T1a_ACRONYM,6701,5,5.330893496134757,7.95537008824766,2,1518,380,True,0.4580177005163218
paper_0f61c61330c55093b22d,T1a_ACRONYM,8809,2,6.890248642076782,7.821828405127462,4,1519,379,True,0.4491919566382406
paper_c2a30d1e4f252f81df97,T1a_ACRONYM,9455,1,6.2667015180667915,6.627923340102371,2,1518,380,True,0.4580177005163218
paper_47eb55cbd779efa686da,T1a_ACRONYM,16975,19,12.426491633765599,7.320466352733784,4,1519,379,True,0.4491919566382406
paper_b77b159f8f12131d26af,T1a_ACRONYM,4785,2,3.597037186205971,7.517319093429407,3,1519,379,True,0.4841441946473859
paper_7ee211be810b2ec4f105,T1a_ACRONYM,15092,11,11.884865576110695,7.874944060502712,1,1518,380,True,0.4589931424143901
paper_0ca1a64ca43828e8bc89,T1a_ACRONYM,14004,2,8.862236524139536,6.328360842716036,1,1518,380,True,0.4589931424143901
paper_78d9139681b32b96ff05,T1a_ACRONYM,10839,4,7.58812129900672,7.000757725811162,4,1519,379,True,0.4491919566382406
paper_68b682c64bdfa515c2d5,T1a_ACRONYM,25609,7,13.166091946280398,5.141197214370103,1,1518,380,True,0.4589931424143901
paper_cad4056b1e168f18b713,T1a_ACRONYM,3999,0,2.5318023410097137,6.331088624680454,4,1519,379,True,0.4491919566382406
paper_3d90170a02ec76d9ceea,T1a_ACRONYM,26092,2,13.834906003138855,5.302355512470816,0,1518,380,True,0.4376979058691792
paper_b818e1ab3266976a8db9,T1a_ACRONYM,9065,11,7.314694368528756,8.069160913986494,3,1519,379,True,0.4841441946473859
paper_9744040006c757b714ce,T1a_ACRONYM,17678,6,14.082936915461659,7.966363228567518,1,1518,380,True,0.4589931424143901
paper_97acf7f1735788135ab2,T1a_ACRONYM,11324,0,7.65622647405773,6.761061881011771,0,1518,380,True,0.4376979058691792
paper_af86becd1d44297317eb,T1a_ACRONYM,10932,11,6.110975149856084,5.5899882453861,4,1519,379,True,0.4491919566382406
paper_cdd128adfb5f643d39be,T1a_ACRONYM,6847,0,5.024260698643802,7.337900830500661,3,1519,379,True,0.4841441946473859
paper_9ce44f3c347715a57bfd,T1a_ACRONYM,11194,9,8.08570276436467,7.223247064824612,2,1518,380,True,0.4580177005163218
paper_14885a60d70b18d57ffa,T1a_ACRONYM,11369,4,9.557777616711514,8.406876257112774,2,1518,380,True,0.4580177005163218
paper_e0741239e6b4af7e9060,T1a_ACRONYM,9743,1,6.830064583567654,7.0102274284795785,0,1518,380,True,0.4376979058691792
paper_fdb671853a669cdb0e87,T1a_ACRONYM,9277,1,5.733497754475562,6.180336050959967,0,1518,380,True,0.4376979058691792
paper_59c8c60a6758aa8e98da,T1a_ACRONYM,11779,9,8.769941698334678,7.445404277387452,4,1519,379,True,0.4491919566382406
paper_71f603e6d51c12630385,T1a_ACRONYM,9602,9,6.767350003980744,7.047854617767906,4,1519,379,True,0.4491919566382406
paper_70f52b65fe6b6074b908,T1a_ACRONYM,10182,8,5.188671309484238,5.095925466002983,0,1518,380,True,0.4376979058691792
paper_a29e23e2440fa2936e13,T1a_ACRONYM,10779,3,7.8058795488775505,7.2417474245083495,1,1518,380,True,0.4589931424143901
paper_d8da4b545589c42be5f2,T1a_ACRONYM,10265,4,8.894037683466802,8.664430281019778,3,1519,379,True,0.4841441946473859
paper_17bf0cae07002c40490e,T1a_ACRONYM,7067,3,5.610038393912522,7.938359125389163,3,1519,379,True,0.4841441946473859
paper_56c871a48eef1bc45564,T1a_ACRONYM,8774,6,5.7404559370916735,6.54257572041449,1,1518,380,True,0.4589931424143901
paper_40ad1ca31f69049b9c34,T1a_ACRONYM,22166,7,16.605504569780912,7.491430375250794,3,1519,379,True,0.4841441946473859
paper_5011fcd87c855c7b431d,T1a_ACRONYM,12363,2,10.673612482789249,8.633513291910742,0,1518,380,True,0.4376979058691792
paper_7240b6122ecd6cc368da,T1a_ACRONYM,14064,5,9.410917338041875,6.691494125456395,2,1518,380,True,0.4580177005163218
paper_d744c0f7280272110b1c,T1a_ACRONYM,20397,1,8.432329352895055,4.1341027371157795,0,1518,380,True,0.4376979058691792
paper_20405fbee74bdd933063,T1a_ACRONYM,9596,9,6.541237060529368,6.816628866745902,3,1519,379,True,0.4841441946473859
paper_dce85d264393d934c1c2,T1a_ACRONYM,11787,7,7.750575383252306,6.575528449352936,3,1519,379,True,0.4841441946473859
paper_c84f83ae2a94c240da67,T1a_ACRONYM,8843,9,7.172533574931156,8.110973170791762,0,1518,380,True,0.4376979058691792
paper_8640f23aabb16c409f47,T1a_ACRONYM,6127,12,5.386619845791352,8.791610650875391,1,1518,380,True,0.4589931424143901
paper_7d5aebf7dad543650e12,T1a_ACRONYM,7875,4,6.3426703084887555,8.05418451871588,0,1518,380,True,0.4376979058691792
paper_2fb2efaeb9b40547dbba,T1a_ACRONYM,16852,2,8.018499162169226,4.758188441828404,2,1518,380,True,0.4580177005163218
paper_df4f5b6d769e24884e34,T1a_ACRONYM,13347,4,9.676178024055885,7.2497025729046864,3,1519,379,True,0.4841441946473859
paper_23067971f4b570077210,T1a_ACRONYM,4907,2,2.789774416735595,5.685295326544925,3,1519,379,True,0.4841441946473859
paper_e5d8711fb39496d60afc,T1a_ACRONYM,14654,3,8.81874272233188,6.0179764721795275,2,1518,380,True,0.4580177005163218
paper_30665dd11d87f523f8c5,T1a_ACRONYM,25520,0,13.320029160221774,5.219447163096306,1,1518,380,True,0.4589931424143901
paper_4caad60a26ac6522fd27,T1a_ACRONYM,8088,4,6.18526965558118,7.647464954971786,4,1519,379,True,0.4491919566382406
paper_98717761258ee145c9d8,T1a_ACRONYM,13896,6,10.460663579689767,7.527823531728387,2,1518,380,True,0.4580177005163218
paper_053b92fbb32e346bfd2b,T1a_ACRONYM,13624,6,9.492602718681574,6.967559247417479,4,1519,379,True,0.4491919566382406
paper_3fc5ad888280021a152a,T1a_ACRONYM,48529,5,27.652254162105297,5.69808859900375,3,1519,379,True,0.4841441946473859
paper_64aa55b50d42d19509ef,T1a_ACRONYM,6630,2,5.136928360297275,7.748006576617307,2,1518,380,True,0.4580177005163218
paper_d1323c3c9ab5baa345f5,T1a_ACRONYM,6793,0,4.092507309015671,6.024594890351349,2,1518,380,True,0.4580177005163218
paper_569fb5fe6cc2efe4d817,T1a_ACRONYM,12347,20,9.991862435279463,8.092542670510621,4,1519,379,True,0.4491919566382406
paper_5adcc8e2ca04bcfc87d9,T1a_ACRONYM,8425,17,6.538883788334186,7.761286395648885,4,1519,379,True,0.4491919566382406
paper_e57478bf8eb05ac918ba,T1a_ACRONYM,19117,30,9.890029188983656,5.173421137722266,1,1518,380,True,0.4589931424143901
paper_5ce355c8f4c399651bf5,T1a_ACRONYM,15246,11,9.10766693824954,5.973807515577555,1,1518,380,True,0.4589931424143901
paper_b78f0ad273c0f3734d07,T1a_ACRONYM,8352,6,5.411942744889047,6.479816504895889,3,1519,379,True,0.4841441946473859
paper_b0e9eb2848ba1c224022,T1a_ACRONYM,5409,0,4.191635237299728,7.749371856719778,4,1519,379,True,0.4491919566382406
paper_527a780511b23ba51453,T1a_ACRONYM,9293,3,6.61267713792767,7.11576147415008,2,1518,380,True,0.4580177005163218
paper_2f0372a1092eda59e322,T1a_ACRONYM,9963,17,7.9829531293622304,8.012599748431427,0,1518,380,True,0.4376979058691792
paper_a5f1e11de5f0448369f5,T1a_ACRONYM,6075,14,3.99661486075767,6.578789894251308,4,1519,379,True,0.4491919566382406
paper_8a13100af2dfd41eb756,T1a_ACRONYM,8229,15,5.618624508090644,6.8278338900117195,1,1518,380,True,0.4589931424143901
paper_131f8159c96f54d575a2,T1a_ACRONYM,13731,27,10.837870927206644,7.892994630548864,3,1519,379,True,0.4841441946473859
paper_80a68f160df4694a78e4,T1a_ACRONYM,12598,24,9.85330233207442,7.821322695725051,3,1519,379,True,0.4841441946473859
paper_f07c5b93cfd2ea6a70f0,T1a_ACRONYM,5470,6,3.1224671427801365,5.708349438354911,1,1518,380,True,0.4589931424143901
paper_e0541593a359d8a87a28,T1a_ACRONYM,14587,13,9.393937441979187,6.439937918680459,4,1519,379,True,0.4491919566382406
paper_8fecf48988292b0785aa,T1a_ACRONYM,6536,8,5.868718441441248,8.979067382866047,2,1518,380,True,0.4580177005163218
paper_50c23e22863d3b23264b,T1a_ACRONYM,7997,8,6.8041473130860215,8.50837478190074,0,1518,380,True,0.4376979058691792
paper_e32ff121a88635b9567c,T1a_ACRONYM,9121,15,6.460269590602251,7.082852308521271,3,1519,379,True,0.4841441946473859
paper_09c4f2f626f879ade963,T1a_ACRONYM,6308,7,5.086142247575918,8.063002928940897,1,1518,380,True,0.4589931424143901
paper_ed68ec856c007b57b392,T1a_ACRONYM,8322,10,6.911772299744769,8.305422133795684,1,1518,380,True,0.4589931424143901
paper_61b3e2b332fc7c0c5fac,T1a_ACRONYM,4481,11,3.3107916062563927,7.388510614274476,1,1518,380,True,0.4589931424143901
paper_e0bc38afddebf5979ec5,T1a_ACRONYM,11171,13,8.887922405545904,7.9562459990564,4,1519,379,True,0.4491919566382406
paper_a462119ad795fec5ed0b,T1a_ACRONYM,13572,21,11.38788186827036,8.390717556933659,2,1518,380,True,0.4580177005163218
paper_c3bb7c56866fff2e4754,T1a_ACRONYM,6013,4,3.9407220444854976,6.5536704548237115,0,1518,380,True,0.4376979058691792
paper_07f0e3315516c7475a67,T1a_ACRONYM,7837,1,5.266392892854673,6.719909267391442,1,1518,380,True,0.4589931424143901
paper_23bc6223ed3b36fa514e,T1a_ACRONYM,7906,16,6.461794351685958,8.173278967475282,3,1519,379,True,0.4841441946473859
paper_717c27ed0f4ae381c164,T1a_ACRONYM,4810,6,3.646827905736442,7.581762797788861,2,1518,380,True,0.4580177005163218
paper_c7495d7c09eec5e52ed8,T1a_ACRONYM,10442,8,8.26415017639242,7.914336502961521,0,1518,380,True,0.4376979058691792
paper_ccfcdd53b9fac7e46b8c,T1a_ACRONYM,19436,22,10.297382371057001,5.298097536044969,4,1519,379,True,0.4491919566382406
paper_580b582e98cb2745d84d,T1a_ACRONYM,11927,8,9.931541520050752,8.326940152637505,1,1518,380,True,0.4589931424143901
paper_02db3bc9247286cb9f0e,T1a_ACRONYM,6016,0,3.5358697087226783,5.877442999871473,3,1519,379,True,0.4841441946473859
paper_4504bb0b1f6752d2176c,T1a_ACRONYM,15227,5,10.077223402709986,6.617996586793188,1,1518,380,True,0.4589931424143901
paper_4f56eb43f6a9f68765d6,T1a_ACRONYM,10257,10,7.563692324346427,7.374176001117702,1,1518,380,True,0.4589931424143901
paper_cb595590bb73994a1c54,T1a_ACRONYM,6506,1,3.755234880386178,5.771956471543465,3,1519,379,True,0.4841441946473859
paper_d553a2b751f8e5ef2e5f,T1a_ACRONYM,5915,0,3.6121699467762647,6.106796190661479,1,1518,380,True,0.4589931424143901
paper_3d0a6d6a13c05010a8e5,T1a_ACRONYM,6099,0,4.8746139830557205,7.992480706764585,1,1518,380,True,0.4589931424143901
paper_228ae7746c6384c3588b,T1a_ACRONYM,8605,17,7.157165331610096,8.317449542835671,4,1519,379,True,0.4491919566382406
paper_b0bb506c29582306cc25,T1a_ACRONYM,8437,0,5.127676588742668,6.077606481856902,4,1519,379,True,0.4491919566382406
paper_18d798cf5baa417ae2fb,T1a_ACRONYM,4350,5,2.928025264193496,6.731092561364358,0,1518,380,True,0.4376979058691792
paper_2f4030b1e5c2b75fa04a,T1a_ACRONYM,5940,6,4.166435843510381,7.0142017567514845,1,1518,380,True,0.4589931424143901
paper_b0a953422591639eafd8,T1a_ACRONYM,7225,0,4.019549922012636,5.563390895519219,4,1519,379,True,0.4491919566382406
paper_cccf0a5d801b597f89a2,T1a_ACRONYM,9227,11,6.223431254998641,6.744804654815911,0,1518,380,True,0.4376979058691792
paper_03a86f795be234fe177f,T1a_ACRONYM,4625,5,3.337374570755189,7.215945017849057,0,1518,380,True,0.4376979058691792
paper_c6856c356739df0e15f4,T1a_ACRONYM,12935,31,8.535304422654399,6.598611845886662,1,1518,380,True,0.4589931424143901
paper_2a0c54eb288d2bd6107c,T1a_ACRONYM,5473,11,4.469446050975352,8.16635492595533,2,1518,380,True,0.4580177005163218
paper_5b0673e9ff09192b1dee,T1a_ACRONYM,5487,3,4.112682127545555,7.495320079361318,3,1519,379,True,0.4841441946473859
paper_acef42607abe11ef888b,T1a_ACRONYM,11075,10,8.142776528985996,7.352394157097965,4,1519,379,True,0.4491919566382406
paper_bf590173ea587621d8ad,T1a_ACRONYM,12204,8,6.604776125255176,5.411976503814468,3,1519,379,True,0.4841441946473859
paper_64526ba0276feb8256a1,T1a_ACRONYM,7934,3,7.46018428097147,9.402803479923708,2,1518,380,True,0.4580177005163218
paper_a8c55eceae6ca55a4392,T1a_ACRONYM,9552,4,6.908160816913717,7.232161659248028,0,1518,380,True,0.4376979058691792
paper_752b87d11b844759f3ca,T1a_ACRONYM,5668,6,4.216305178027344,7.438788246343233,4,1519,379,True,0.4491919566382406
paper_bb9727873709888ef910,T1a_ACRONYM,10949,0,6.266746163548975,5.723578558360558,1,1518,380,True,0.4589931424143901
paper_fe1498e316cb156a921e,T1a_ACRONYM,7051,6,5.311834705674229,7.533448738723911,3,1519,379,True,0.4841441946473859
paper_4c38206e083c0aacbc47,T1a_ACRONYM,7820,1,4.303303490151413,5.502945639579813,4,1519,379,True,0.4491919566382406
paper_fbf62e94cabeb88067b4,T1a_ACRONYM,3578,6,2.085744241663665,5.829357858199176,3,1519,379,True,0.4841441946473859
paper_32d318d230fb473bc762,T1a_ACRONYM,10407,15,6.233424863280025,5.989646260478548,3,1519,379,True,0.4841441946473859
paper_f33916084b79795dface,T1a_ACRONYM,10791,0,5.288831823768546,4.901150795819244,0,1518,380,True,0.4376979058691792
paper_bebe86220846e53f26f1,T1a_ACRONYM,7115,0,4.522112437991236,6.355744817977843,2,1518,380,True,0.4580177005163218
paper_2876b2a92e9b125fae45,T1a_ACRONYM,12440,1,6.547357246457935,5.263148911943677,2,1518,380,True,0.4580177005163218
paper_6a6a4f61a4cef808023f,T1a_ACRONYM,10033,1,5.335932294102218,5.318381634707682,3,1519,379,True,0.4841441946473859
paper_f485731d46aefa4dd60b,T1a_ACRONYM,4426,2,3.6536344581982205,8.2549355133263,1,1518,380,True,0.4589931424143901
paper_b1cf5c1ae7bd5bb2f927,T1a_ACRONYM,9885,16,7.340066273204771,7.425459052306293,4,1519,379,True,0.4491919566382406
paper_4cbcd513356a1d2d7b3e,T1a_ACRONYM,9098,6,6.11129053413903,6.7171801870070675,0,1518,380,True,0.4376979058691792
paper_2cead7bf3791c2b24bcd,T1a_ACRONYM,13593,0,7.227510383378856,5.317082603824657,2,1518,380,True,0.4580177005163218
paper_9bbcc0e547522dc52513,T1a_ACRONYM,27289,4,16.52745930623299,6.0564547276312775,4,1519,379,True,0.4491919566382406
paper_8ce711fbf07f21b62872,T1a_ACRONYM,8823,0,5.073689862705888,5.750526876012567,3,1519,379,True,0.4841441946473859
paper_b00e1ebe06b61db493f4,T1a_ACRONYM,6372,8,4.812780169093558,7.553013448043877,3,1519,379,True,0.4841441946473859
paper_c489eb829275ad437013,T1a_ACRONYM,11735,8,8.343604503266048,7.110016619740987,2,1518,380,True,0.4580177005163218
paper_925df95ce06fa731d89c,T1a_ACRONYM,9647,7,6.185835429878661,6.412185580883861,3,1519,379,True,0.4841441946473859
paper_5a950095cd27f4047930,T1a_ACRONYM,17538,12,12.89384243897706,7.3519457400941155,4,1519,379,True,0.4491919566382406
paper_5fc6abfc5851266a7bb2,T1a_ACRONYM,10061,8,6.491481881331229,6.452123925386372,4,1519,379,True,0.4491919566382406
paper_56e00d79ae7f35d0b916,T1a_ACRONYM,13905,32,9.604537024166955,6.907254242478932,0,1518,380,True,0.4376979058691792
paper_b3552b6fdbe0b7700b37,T1a_ACRONYM,4575,6,3.3006005439991113,7.2144274185772925,4,1519,379,True,0.4491919566382406
paper_ab640ac2150e06496e16,T1a_ACRONYM,12365,7,8.375925342401784,6.773898376386401,1,1518,380,True,0.4589931424143901
paper_95388a63f2873845bd78,T1a_ACRONYM,17130,6,10.062201842512962,5.874023258910077,4,1519,379,True,0.4491919566382406
paper_f0e786cb7abc6bd38852,T1a_ACRONYM,7506,9,5.5414809507574,7.382735079612842,1,1518,380,True,0.4589931424143901
paper_494fced5d2e7467e1403,T1a_ACRONYM,7038,3,5.349694669265035,7.60115752950417,2,1518,380,True,0.4580177005163218
paper_97bda071e782a12cc886,T1a_ACRONYM,15035,14,9.228952248672892,6.138312104205449,0,1518,380,True,0.4376979058691792
paper_c27799e3691b92bbf1b3,T1a_ACRONYM,11867,8,9.365114625939832,7.891728849700709,2,1518,380,True,0.4580177005163218
paper_6d3b9ccf7151543b4009,T1a_ACRONYM,10525,1,5.958837872153994,5.661603679006171,4,1519,379,True,0.4491919566382406
paper_3e1966df700d2fb4aa28,T1a_ACRONYM,3100,0,1.9513520583106503,6.294684059066614,1,1518,380,True,0.4589931424143901
paper_179f807a6800cc1dc318,T1a_ACRONYM,9040,8,6.6542879758865885,7.360938026423217,3,1519,379,True,0.4841441946473859
paper_ff0974689a099cd63cd5,T1a_ACRONYM,5062,2,4.599569613411547,9.08646703558188,2,1518,380,True,0.4580177005163218
paper_d390a5f36458d70517fc,T1a_ACRONYM,8458,9,5.443998006992982,6.436507456837292,3,1519,379,True,0.4841441946473859
paper_1af66e18c3f897d2957f,T1a_ACRONYM,10225,9,6.929054996174243,6.776581903348894,0,1518,380,True,0.4376979058691792
paper_4dae860c365e3997cd5c,T1a_ACRONYM,8342,9,6.015668901285594,7.211302926499154,2,1518,380,True,0.4580177005163218
paper_47baea05186d61b02ef1,T1a_ACRONYM,9982,7,7.147939020434381,7.1608285117555415,0,1518,380,True,0.4376979058691792
paper_cf194d0e98cb100aa430,T1a_ACRONYM,8843,8,7.048130561475553,7.970293521967153,4,1519,379,True,0.4491919566382406
paper_3992d40727ba7f0c80ba,T1a_ACRONYM,7217,6,5.480666261435244,7.594105946286884,2,1518,380,True,0.4580177005163218
paper_08f90e5bb27c91f1db24,T1a_ACRONYM,7927,11,6.236426419268241,7.8673223404418335,1,1518,380,True,0.4589931424143901
paper_1dba34972cfb5f4469cb,T1a_ACRONYM,6854,2,5.1842992372962104,7.563903176679618,3,1519,379,True,0.4841441946473859
paper_783174359f20ba253383,T1a_ACRONYM,16562,5,9.188538665889377,5.547964416066525,4,1519,379,True,0.4491919566382406
paper_64367c996cd8880aad96,T1a_ACRONYM,12040,4,9.057451722660987,7.522800434103811,4,1519,379,True,0.4491919566382406
paper_8b6b74b78f127ceb59c4,T1a_ACRONYM,11542,4,5.751824470045629,4.983386302240192,4,1519,379,True,0.4491919566382406
paper_4fdf48b1c1f6829863fa,T1a_ACRONYM,10670,18,7.451409108861635,6.983513691529181,1,1518,380,True,0.4589931424143901
paper_a0adf00e90a5c04d75d5,T1a_ACRONYM,19718,18,13.45708520959845,6.824771888426032,0,1518,380,True,0.4376979058691792
paper_62c06fe656b0bf41bbe1,T1a_ACRONYM,4180,8,2.2837233485731896,5.463452987017201,2,1518,380,True,0.4580177005163218
paper_720b22498f414f802bbf,T1a_ACRONYM,14117,14,10.445342065967939,7.399123089868909,3,1519,379,True,0.4841441946473859
paper_c9971f3e963a7ce40c60,T1a_ACRONYM,15038,21,9.377555206523265,6.235905842880213,3,1519,379,True,0.4841441946473859
paper_e3d8928cee28521c5c57,T1a_ACRONYM,7492,8,5.303707251832065,7.079160773934951,3,1519,379,True,0.4841441946473859
paper_fbed811a281c252f5a17,T1a_ACRONYM,9073,9,6.034250266475117,6.6507773244517985,2,1518,380,True,0.4580177005163218
paper_cc53b0e72fd307d78825,T1a_ACRONYM,6760,10,5.278594830762737,7.808572234856119,3,1519,379,True,0.4841441946473859
paper_a6c227d2b604e87d36a3,T1a_ACRONYM,10416,19,6.706934321414161,6.439069048976728,1,1518,380,True,0.4589931424143901
paper_64dfa37a81a06fd96980,T1a_ACRONYM,6322,9,5.187306201300715,8.205166405094456,1,1518,380,True,0.4589931424143901
paper_fc464ca90bc204fb4fb9,T1a_ACRONYM,5036,8,4.137452325170738,8.215751241403371,0,1518,380,True,0.4376979058691792
paper_99ba3a6af0f7bb227375,T1a_ACRONYM,10489,0,8.75476539796919,8.34661588137019,0,1518,380,True,0.4376979058691792
paper_d6ef2be473f4d7bd68eb,T1a_ACRONYM,14155,9,11.319932746520573,7.997126631240249,4,1519,379,True,0.4491919566382406
paper_3c8fc2365c64f7a1a9f8,T1a_ACRONYM,7115,2,5.564302205646933,7.820523128105316,4,1519,379,True,0.4491919566382406
paper_ce5f00d82605fcb001c4,T1a_ACRONYM,9717,19,5.728281388388867,5.8951130888019625,1,1518,380,True,0.4589931424143901
paper_369353ad961a699d2837,T1a_ACRONYM,12426,0,9.464705761893269,7.616856399399058,2,1518,380,True,0.4580177005163218
paper_dc0c386d86694de2da69,T1a_ACRONYM,6487,0,5.338103434546704,8.22892467172299,0,1518,380,True,0.4376979058691792
paper_6c5c6b112e0865b22bb2,T1a_ACRONYM,4193,9,3.121637110904712,7.444877440745795,4,1519,379,True,0.4491919566382406
paper_53222b88fcc150ad235b,T1a_ACRONYM,8940,3,6.210642903706467,6.9470278564949295,0,1518,380,True,0.4376979058691792
paper_427c674a5ba07d6d0b9f,T1a_ACRONYM,17413,5,11.136901817972543,6.395739859859038,3,1519,379,True,0.4841441946473859
paper_8626ff7c68d7bb9ec6b6,T1a_ACRONYM,5312,6,4.255724361966475,8.011529295870623,2,1518,380,True,0.4580177005163218
paper_d43cca4456936538a369,T1a_ACRONYM,9455,1,6.117586921489933,6.470213560539326,2,1518,380,True,0.4580177005163218
paper_672820ba66c7092900cd,T1a_ACRONYM,9912,4,7.1536830548813946,7.217194365296,3,1519,379,True,0.4841441946473859
paper_32c0694947af1a320e1a,T1a_ACRONYM,16856,3,10.054777571823761,5.9651029733173715,2,1518,380,True,0.4580177005163218
paper_42ede648fd3ee44ee32c,T1a_ACRONYM,11630,12,11.041393373422299,9.493889401050987,2,1518,380,True,0.4580177005163218
paper_ce9dec4ed831452472f3,T1a_ACRONYM,12024,9,10.222291076801513,8.501572751830933,4,1519,379,True,0.4491919566382406
paper_cee2d0d3e1876eb73b39,T1a_ACRONYM,9345,7,6.633157787026247,7.098082169102458,0,1518,380,True,0.4376979058691792
paper_6cb01085fce48cd8b2e3,T1a_ACRONYM,9041,3,6.957945926348132,7.695991512385944,2,1518,380,True,0.4580177005163218
paper_ac628f6b17e07900461e,T1a_ACRONYM,10973,11,7.544532566047222,6.875542300234414,2,1518,380,True,0.4580177005163218
paper_8d3a72036128204cc3b9,T1a_ACRONYM,7172,12,5.206648614995903,7.259688531784583,4,1519,379,True,0.4491919566382406
paper_89e5d5d70972f39a5320,T1a_ACRONYM,9527,5,6.734656901919788,7.069021624771479,0,1518,380,True,0.4376979058691792
paper_72aa787d4e6e06cdcaeb,T1a_ACRONYM,14050,6,9.551818373919309,6.798447241223707,2,1518,380,True,0.4580177005163218
paper_48f90822105bf111ea1a,T1a_ACRONYM,13202,15,8.606933101047973,6.519416074116023,3,1519,379,True,0.4841441946473859
paper_dffdbee00caf5a312878,T1a_ACRONYM,9410,2,7.237479487664753,7.691264067656485,2,1518,380,True,0.4580177005163218
paper_11c59a51794961d299fb,T1a_ACRONYM,8812,6,5.862501202371369,6.652861101193111,1,1518,380,True,0.4589931424143901
paper_66e9b50a59bd823abcd9,T1a_ACRONYM,6974,7,4.7942532251238275,6.874466912996597,3,1519,379,True,0.4841441946473859
paper_61251b5fda9ffb5dfd3e,T1a_ACRONYM,12527,9,8.261303172289901,6.594797774638702,1,1518,380,True,0.4589931424143901
paper_dec8e545ef1e3441ee9b,T1a_ACRONYM,14292,18,8.946852373223841,6.260042242669914,1,1518,380,True,0.4589931424143901
paper_4c95075e25b3c259ef44,T1a_ACRONYM,7036,4,4.126612092718225,5.864997289252735,4,1519,379,True,0.4491919566382406
paper_660368a4127cdf5bd6ee,T1a_ACRONYM,11465,1,8.069824224123993,7.038660465873521,4,1519,379,True,0.4491919566382406
paper_7a7b24c72218d3d9477a,T1a_ACRONYM,6315,6,3.3718991809704972,5.3395078083459975,0,1518,380,True,0.4376979058691792
paper_3385b1bb39a8e7617d18,T1a_ACRONYM,8162,16,6.282177588083836,7.696860558789311,2,1518,380,True,0.4580177005163218
paper_ff9bcddc9e61e49488cd,T1a_ACRONYM,17302,25,12.981749394539342,7.503033981354377,1,1518,380,True,0.4589931424143901
paper_e2e0c362cc5cf9a852af,T1a_ACRONYM,8443,11,6.415670347868592,7.598804154765595,2,1518,380,True,0.4580177005163218
paper_098454894ffb6b617c9d,T1a_ACRONYM,17013,11,10.381467454110377,6.102079265332614,4,1519,379,True,0.4491919566382406
paper_67f4876ffc226b423149,T1a_ACRONYM,10782,10,8.506311667962361,7.8893634464499725,0,1518,380,True,0.4376979058691792
paper_e8cec3b5129bb5312ae8,T1a_ACRONYM,19562,11,10.980743021681548,5.613302843104768,1,1518,380,True,0.4589931424143901
paper_153e633ded416ec29714,T1a_ACRONYM,10799,0,5.8847949788278315,5.449388812693612,1,1518,380,True,0.4589931424143901
paper_8378092c91046db513a1,T1a_ACRONYM,4168,2,3.060146398545632,7.3420019158964305,1,1518,380,True,0.4589931424143901
paper_7cd1f80ae0395836d825,T1a_ACRONYM,14592,4,10.320481675816161,7.072698516869628,3,1519,379,True,0.4841441946473859
paper_9ae2096a609b399df31b,T1a_ACRONYM,8556,13,6.54118084264946,7.645138899777303,3,1519,379,True,0.4841441946473859
paper_ef639adba85088c21271,T1a_ACRONYM,6871,2,5.715709980461707,8.318599884240585,0,1518,380,True,0.4376979058691792
paper_45a7ffb703352c94e6d4,T1a_ACRONYM,9502,6,6.7901003965699305,7.145969686981615,0,1518,380,True,0.4376979058691792
paper_4ee0417d8a41135a36cf,T1a_ACRONYM,7073,9,5.186832389841302,7.333284871824264,0,1518,380,True,0.4376979058691792
paper_83c1908f50bfa8e73253,T1a_ACRONYM,8217,10,6.621782083806316,8.058637074122327,3,1519,379,True,0.4841441946473859
paper_3f3d0e48546e4ff42f4c,T1a_ACRONYM,9290,6,7.759022227618476,8.352015314982213,1,1518,380,True,0.4589931424143901
paper_c3f5f52f4c2a9202c210,T1a_ACRONYM,7276,2,5.943581005043388,8.168747945359247,0,1518,380,True,0.4376979058691792
paper_2b02b2762947d7c9679c,T1a_ACRONYM,8346,6,6.1467766409234015,7.364937264466093,0,1518,380,True,0.4376979058691792
paper_8dfa0b3f4e18b1fd10c2,T1a_ACRONYM,8860,10,8.114182670148834,9.158219718000941,2,1518,380,True,0.4580177005163218
paper_76bcf697f1259c6004f1,T1a_ACRONYM,12318,12,9.822935119222798,7.974456177320018,1,1518,380,True,0.4589931424143901
paper_b2dfc0b6e405dcfbbd41,T1a_ACRONYM,12266,2,8.729618806062188,7.116923859499583,2,1518,380,True,0.4580177005163218
paper_41ca79d98776e33910af,T1a_ACRONYM,9852,16,7.030525721209702,7.1361406021210945,2,1518,380,True,0.4580177005163218
paper_cc76a19258ed00e477ce,T1a_ACRONYM,10571,4,8.389824722558958,7.936642439276283,4,1519,379,True,0.4491919566382406
paper_d54c96ae609515612b17,T1a_ACRONYM,9360,13,6.794002009059762,7.258549154978377,2,1518,380,True,0.4580177005163218
paper_204dc0c975ccb06e9f3a,T1a_ACRONYM,8357,6,6.7299940728721745,8.053122020907233,1,1518,380,True,0.4589931424143901
paper_0962973634343215e4d9,T1a_ACRONYM,15489,10,11.338254044417162,7.320197588234982,2,1518,380,True,0.4580177005163218
paper_c74f3cfca89318a59f19,T1a_ACRONYM,8329,1,6.13429425895929,7.364982901860116,2,1518,380,True,0.4580177005163218
paper_b507d1f123708a4b9cc5,T1a_ACRONYM,11917,5,8.521688245083201,7.150867034558363,1,1518,380,True,0.4589931424143901
paper_944a0c9e0739329934f7,T1a_ACRONYM,8713,8,6.3099576680298375,7.2420035212095,0,1518,380,True,0.4376979058691792
paper_6aeec59adf7bbd4cde2c,T1a_ACRONYM,7915,5,6.348100700439622,8.020342009399396,3,1519,379,True,0.4841441946473859
paper_83a884f9748a00171ac0,T1a_ACRONYM,12759,13,8.968167392814548,7.028895205591777,1,1518,380,True,0.4589931424143901
paper_54c0115fc01170ba67ec,T1a_ACRONYM,28239,1,15.054965910119984,5.331267364325926,2,1518,380,True,0.4580177005163218
paper_f3873c7fd97e5b549f07,T1a_ACRONYM,6700,11,5.605209330472873,8.365984075332646,2,1518,380,True,0.4580177005163218
paper_a9dd875727810e20e480,T1a_ACRONYM,8318,2,6.078508843985428,7.307656701112561,3,1519,379,True,0.4841441946473859
paper_05bd32fb5fa7a226277f,T1a_ACRONYM,17001,10,11.067626182669576,6.509985402429019,1,1518,380,True,0.4589931424143901
paper_5d18114bbf040e836670,T1a_ACRONYM,10221,0,8.329589806769716,8.14948616257677,3,1519,379,True,0.4841441946473859
paper_f9d3d9d540aa15aa3b2e,T1a_ACRONYM,7156,2,5.354623011627674,7.482704040843592,3,1519,379,True,0.4841441946473859
paper_dd4d168749c4d1909dae,T1a_ACRONYM,10315,8,6.0675508253839885,5.8822596465186505,4,1519,379,True,0.4491919566382406
paper_caf83ac6d968d7b42c21,T1a_ACRONYM,6327,1,5.102519558221296,8.064674503273741,4,1519,379,True,0.4491919566382406
paper_2d7ca05313fc6630b325,T1a_ACRONYM,6739,3,5.264258937563204,7.811632197007276,4,1519,379,True,0.4491919566382406
paper_1220f0e0209b9579f4d9,T1a_ACRONYM,14141,5,10.454000141021522,7.392688028443196,3,1519,379,True,0.4841441946473859
paper_9ac7431d3a5f8865b816,T1a_ACRONYM,8067,4,6.3932774360189,7.925223051963433,1,1518,380,True,0.4589931424143901
paper_d17dc01908906bfae39f,T1a_ACRONYM,8959,5,6.533897966651223,7.293110801039427,4,1519,379,True,0.4491919566382406
paper_b85cbfed3a7df0f91bff,T1a_ACRONYM,21944,20,15.352338306424985,6.996143960273872,0,1518,380,True,0.4376979058691792
paper_c12924d3071f576e0c31,T1a_ACRONYM,8620,3,6.945429782104509,8.057343134692006,0,1518,380,True,0.4376979058691792
paper_cc53d0299e648e6916ee,T1a_ACRONYM,9038,6,7.058250005186873,7.80952644964248,3,1519,379,True,0.4841441946473859
paper_cf903f949f015c0adc07,T1a_ACRONYM,9688,2,7.276067637603064,7.5103918637521305,3,1519,379,True,0.4841441946473859
paper_2132468aaf51509ba44a,T1a_ACRONYM,14809,10,11.573513490421423,7.81518906774355,0,1518,380,True,0.4376979058691792
paper_a71aa202905fdc2beb69,T1a_ACRONYM,15953,9,10.63751037626124,6.6680313271868865,2,1518,380,True,0.4580177005163218
paper_26adb28c631c5b0f11a0,T1a_ACRONYM,9556,12,6.534913580292289,6.838544977283685,0,1518,380,True,0.4376979058691792
paper_7aaade949bb14c05bfe7,T1a_ACRONYM,9883,6,7.766849784554646,7.858797717853532,4,1519,379,True,0.4491919566382406
paper_7389c18aa7fbdb9182cf,T1a_ACRONYM,14655,13,11.816044435586587,8.062807530253556,1,1518,380,True,0.4589931424143901
paper_b5c7efcb39d41bc8d413,T1a_ACRONYM,6970,10,4.6006131065574545,6.600592692334943,3,1519,379,True,0.4841441946473859
paper_8e9ee6e8215d279de163,T1a_ACRONYM,9624,9,6.965649793623615,7.237790724879067,4,1519,379,True,0.4491919566382406
paper_681211614a0b1ba376f9,T1a_ACRONYM,10743,8,8.038690591053546,7.482724184169735,3,1519,379,True,0.4841441946473859
paper_817baf95fed9d0fdcad7,T1a_ACRONYM,10227,8,7.789748714506592,7.616846303418981,2,1518,380,True,0.4580177005163218
paper_0d660ed882f95ed7cfef,T1a_ACRONYM,10433,5,7.731969252992954,7.411069925230475,1,1518,380,True,0.4589931424143901
paper_bc82aaaf60e66f5468da,T1a_ACRONYM,11356,13,8.783229655797639,7.734439640540366,3,1519,379,True,0.4841441946473859
paper_5bca1bd05633e9cb1ac3,T1a_ACRONYM,6343,6,4.71482824999876,7.433120368908655,1,1518,380,True,0.4589931424143901
paper_a02c329f41437939a2c4,T1a_ACRONYM,8325,4,6.05371604176784,7.271730981102511,1,1518,380,True,0.4589931424143901
paper_92492c1b36f84428b0a0,T1a_ACRONYM,10427,8,7.226711618486898,6.930767832058021,3,1519,379,True,0.4841441946473859
paper_1428ea286bd49ce8c134,T1a_ACRONYM,16014,10,10.526121137078599,6.573074270687274,3,1519,379,True,0.4841441946473859
paper_73576f4bbe0b9bcc0958,T1a_ACRONYM,5410,5,4.361681331916341,8.06225754513187,0,1518,380,True,0.4376979058691792
paper_70948c75f5e713066544,T1a_ACRONYM,5534,7,4.218125503198499,7.622200041919949,0,1518,380,True,0.4376979058691792
paper_c2ee0b95bd9142affe99,T1a_ACRONYM,11784,4,8.602901347229972,7.300493336074315,0,1518,380,True,0.4376979058691792
paper_6904690653aa3ce5dd9c,T1a_ACRONYM,442,0,1.1461016510163544,25.92990160670485,2,1518,380,True,0.4580177005163218
paper_847d39d827c9790807e8,T1a_ACRONYM,5421,5,3.468799510479215,6.398818503005377,2,1518,380,True,0.4580177005163218
paper_a8f5bd84ab7ed289a528,T1a_ACRONYM,10693,11,7.037576583717458,6.581480018439595,4,1519,379,True,0.4491919566382406
paper_a9d83cb5165427ddab13,T1a_ACRONYM,10947,10,5.836079189898082,5.331213291219587,4,1519,379,True,0.4491919566382406
paper_c4de74fafbe248f42d88,T1a_ACRONYM,13612,11,9.233198849726012,6.7831316850764125,4,1519,379,True,0.4491919566382406
paper_fe3a5ab86b7888190097,T1a_ACRONYM,13992,10,10.105320555587845,7.222213090042771,2,1518,380,True,0.4580177005163218
paper_5072f1c6202eda6da90d,T1a_ACRONYM,14142,8,9.194382619604816,6.501472648567966,1,1518,380,True,0.4589931424143901
paper_49a4120af96a476d4829,T1a_ACRONYM,9852,11,6.366934740698785,6.462580938589916,0,1518,380,True,0.4376979058691792
paper_62ba056f9b96eb71a5ef,T1a_ACRONYM,13963,11,10.954530836081597,7.845399152103127,4,1519,379,True,0.4491919566382406
paper_aeb9dd9e22ab872af402,T1a_ACRONYM,8618,1,6.297630832452382,7.307531715540012,2,1518,380,True,0.4580177005163218
paper_a35d36b9493ebcd5fa84,T1a_ACRONYM,10927,18,7.542265638415278,6.902412042111539,1,1518,380,True,0.4589931424143901
paper_0a6c690dca5ed2adc9b5,T1a_ACRONYM,13840,8,8.054918211799937,5.820027609682035,0,1518,380,True,0.4376979058691792
paper_9fabef626ef961aa28c9,T1a_ACRONYM,9168,9,6.670028327266361,7.275336308100307,3,1519,379,True,0.4841441946473859
paper_73dc6842ac0f62ccc904,T1a_ACRONYM,9956,3,7.947788082045008,7.982912898799727,0,1518,380,True,0.4376979058691792
paper_406e37f76481edf543ab,T1a_ACRONYM,9874,14,6.784991226489196,6.871573046879882,2,1518,380,True,0.4580177005163218
paper_52464a9d6f2e93910661,T1a_ACRONYM,6898,18,4.53215971627439,6.570251835712366,1,1518,380,True,0.4589931424143901
paper_a568110ddfe8b61d62ce,T1a_ACRONYM,15164,27,10.882457133541205,7.176508265326566,2,1518,380,True,0.4580177005163218
paper_aba6a50b0e33123b60f3,T1a_ACRONYM,18770,3,12.290116383439846,6.547744477059055,4,1519,379,True,0.4491919566382406
paper_3e604a6bd4dc89ecf1cc,T1a_ACRONYM,7098,10,5.323362803180577,7.499806710595346,0,1518,380,True,0.4376979058691792
paper_2990213101a302c6829d,T1a_ACRONYM,5948,3,5.047488837306248,8.48602696251891,1,1518,380,True,0.4589931424143901
paper_065b61f3c3a2aa5dce46,T1a_ACRONYM,24076,23,14.680181015505113,6.097433550218106,1,1518,380,True,0.4589931424143901
paper_a029fe615c3acdd6ae56,T1a_ACRONYM,12829,13,10.438536831320166,8.136672251399304,1,1518,380,True,0.4589931424143901
paper_7d74f52644d513698ed3,T1a_ACRONYM,12245,7,8.409595127055788,6.867778788938986,1,1518,380,True,0.4589931424143901
paper_1a5a5643c69613aa0d3c,T1a_ACRONYM,14781,9,10.472031518839016,7.084792313672293,4,1519,379,True,0.4491919566382406
paper_c70f3e6133978235b579,T1a_ACRONYM,9196,9,5.552694284600691,6.038162553937246,2,1518,380,True,0.4580177005163218
paper_8887b871f470f66c3361,T1a_ACRONYM,21905,6,16.23682592002671,7.412383437583523,4,1519,379,True,0.4491919566382406
paper_b9e7a7fc983610a94d2a,T1a_ACRONYM,8150,6,6.169559249328339,7.570011348869127,0,1518,380,True,0.4376979058691792
paper_f1d7cd92d2e39bad89e7,T1a_ACRONYM,12798,15,8.039328367318666,6.281706803655779,0,1518,380,True,0.4376979058691792
paper_29fec20ca5aa045aa277,T1a_ACRONYM,6300,6,4.040059051341456,6.412792144986438,4,1519,379,True,0.4491919566382406
paper_ff210780ebf46f6c43d7,T1a_ACRONYM,14428,8,10.445422812136409,7.239688669348771,4,1519,379,True,0.4491919566382406
paper_f913304731279218e7c3,T1a_ACRONYM,13314,7,10.123333938038007,7.603525565598623,2,1518,380,True,0.4580177005163218
paper_a79382eb4ad67c8ce4d3,T1a_ACRONYM,9312,0,6.696846024939888,7.191630181421701,2,1518,380,True,0.4580177005163218
paper_e134753847abd81208e2,T1a_ACRONYM,9621,4,8.69073113956393,9.033085063469422,0,1518,380,True,0.4376979058691792
paper_20f430853797efd028b9,T1a_ACRONYM,12788,20,10.6550580133879,8.332075393640835,4,1519,379,True,0.4491919566382406
paper_c71358102c046237a754,T1a_ACRONYM,6808,6,5.536159327440555,8.131843900470852,3,1519,379,True,0.4841441946473859
paper_5349ecd090956229107a,T1a_ACRONYM,11197,1,8.441300960664512,7.538895204665993,0,1518,380,True,0.4376979058691792
paper_998e42a7a479e088704e,T1a_ACRONYM,9434,19,6.07839929767705,6.44307748322774,0,1518,380,True,0.4376979058691792
paper_7d2722982c6d5e49f32f,T1a_ACRONYM,6782,0,4.892755348218365,7.2143251964293205,3,1519,379,True,0.4841441946473859
paper_f601e8a12be51a3dd8e1,T1a_ACRONYM,18258,16,13.23909947958226,7.2511225104514505,4,1519,379,True,0.4491919566382406
paper_824b40fcf4f4c73b8a38,T1a_ACRONYM,12185,6,9.798585071742352,8.0415142156277,3,1519,379,True,0.4841441946473859
paper_aa9d7fc4331799659cfe,T1a_ACRONYM,12961,12,9.267617172387666,7.150387448798446,2,1518,380,True,0.4580177005163218
paper_5ca5aa1d06192397111a,T1a_ACRONYM,13361,14,10.95130956320879,8.196474487844315,0,1518,380,True,0.4376979058691792
paper_1d605aeb5a4c8743f371,T1a_ACRONYM,8250,8,6.707586498843283,8.130407877385798,2,1518,380,True,0.4580177005163218
paper_5be19bce69768241e503,T1a_ACRONYM,8871,5,5.944066308111004,6.700559472563413,2,1518,380,True,0.4580177005163218
paper_fb5352011719292bb656,T1a_ACRONYM,25602,15,16.10037905403912,6.288719261791704,1,1518,380,True,0.4589931424143901
paper_03f8a57de5c3aa081357,T1a_ACRONYM,11473,6,7.495987350670645,6.533589602258036,4,1519,379,True,0.4491919566382406
paper_f89e2cb34289778d35d9,T1a_ACRONYM,7112,3,5.262792928382072,7.399877570840933,2,1518,380,True,0.4580177005163218
paper_547d4afb8af58742f7f5,T1a_ACRONYM,17140,12,12.48238361237849,7.282604207922106,3,1519,379,True,0.4841441946473859
paper_10ae33abd68731a0e97d,T1a_ACRONYM,10216,2,7.60325672762001,7.442498754522327,1,1518,380,True,0.4589931424143901
paper_ec8a474fffee4912602b,T1a_ACRONYM,12138,12,9.188182041104243,7.56976605792078,3,1519,379,True,0.4841441946473859
paper_d664bf3efe04a2cc2688,T1a_ACRONYM,18454,10,10.023506486922388,5.431617257463091,1,1518,380,True,0.4589931424143901
paper_d1e6094c69cf04df5d74,T1a_ACRONYM,9087,6,7.392924039077287,8.135714800349167,4,1519,379,True,0.4491919566382406
paper_7dae2f2b5c43ce9aef0e,T1a_ACRONYM,15279,11,10.89671577632583,7.131825234849028,3,1519,379,True,0.4841441946473859
paper_d984a3a327dd39839056,T1a_ACRONYM,15660,16,10.057168963106259,6.422202403005273,3,1519,379,True,0.4841441946473859
paper_b23e7df70840f64e1fa6,T1a_ACRONYM,7014,1,5.682132763975756,8.101130259446473,1,1518,380,True,0.4589931424143901
paper_166727dca4c31311fb06,T1a_ACRONYM,9182,9,6.874385565942305,7.486806323178289,3,1519,379,True,0.4841441946473859
paper_b364eda28e0dfc18ba5a,T1a_ACRONYM,7866,14,6.05486568955302,7.697515496507782,0,1518,380,True,0.4376979058691792
paper_223ed0fcc39202a44573,T1a_ACRONYM,7605,8,6.45984640952957,8.494209611478725,0,1518,380,True,0.4376979058691792
paper_a2e39740e5180daa125f,T1a_ACRONYM,11359,13,7.286480784104617,6.414720295892788,1,1518,380,True,0.4589931424143901
paper_6eb1ce358f2c588ab75b,T1a_ACRONYM,10130,12,7.574693900028341,7.477486574559073,4,1519,379,True,0.4491919566382406
paper_94655eefd46272d6c61d,T1a_ACRONYM,5833,8,4.533427755720205,7.7720345546377585,1,1518,380,True,0.4589931424143901
paper_c2c1d5f2b1e1dce72557,T1a_ACRONYM,9743,12,8.233342638908482,8.450521029363113,2,1518,380,True,0.4580177005163218
paper_0ac30fd051865b2ea76e,T1a_ACRONYM,7532,9,4.266825779797046,5.6649306688755265,0,1518,380,True,0.4376979058691792
paper_71efa30c4894c1d655f8,T1a_ACRONYM,7165,12,5.324390108234382,7.431109711422724,4,1519,379,True,0.4491919566382406
paper_b4d04768d1ae77de921b,T1a_ACRONYM,10023,12,7.917400940894087,7.899232705671044,0,1518,380,True,0.4376979058691792
paper_87f744f573ecdefa9ac9,T1a_ACRONYM,5601,4,4.259194657256735,7.604346826025236,0,1518,380,True,0.4376979058691792
paper_76a1c8f58debef0e3cb6,T1a_ACRONYM,13887,5,8.717842270239148,6.277700201799631,0,1518,380,True,0.4376979058691792
paper_ced030a0b27c5b68fa5f,T1a_ACRONYM,8778,3,6.563162418321864,7.476831189703651,0,1518,380,True,0.4376979058691792
paper_869e1908a0428f3ad7c4,T1a_ACRONYM,7758,0,5.868232510868884,7.564104809060175,2,1518,380,True,0.4580177005163218
paper_a426e3e98e6061d7b10b,T1a_ACRONYM,10858,5,5.538006790035849,5.100393065054199,3,1519,379,True,0.4841441946473859
paper_b7d9162c8f850ea6bd88,T1a_ACRONYM,5085,0,2.7785305510423317,5.4641702085394925,4,1519,379,True,0.4491919566382406
paper_2328c7cb347dcf1fa33f,T1a_ACRONYM,4821,0,3.206048473738275,6.650173146107187,4,1519,379,True,0.4491919566382406
paper_cfc832cf29893a5c93be,T1a_ACRONYM,9024,13,7.718021676262039,8.552772247630806,1,1518,380,True,0.4589931424143901
paper_e9c48eb3301ebda88216,T1a_ACRONYM,13777,30,11.110577535175377,8.06458411495636,0,1518,380,True,0.4376979058691792
paper_cb918152eb88ac781e99,T1a_ACRONYM,14206,12,8.916528296953278,6.276593197911641,3,1519,379,True,0.4841441946473859
paper_a6a71ab05e2677c8001d,T1a_ACRONYM,14884,10,10.098559450348981,6.784842414907942,2,1518,380,True,0.4580177005163218
paper_4ae8c8128bb1559d140b,T1a_ACRONYM,11035,1,5.9691233247802336,5.409264453810815,3,1519,379,True,0.4841441946473859
paper_829ea89148ab3b7af271,T1a_ACRONYM,23741,0,10.88201442150723,4.583637766525096,1,1518,380,True,0.4589931424143901
paper_a635cb575ec42dcf8579,T1a_ACRONYM,8222,2,5.72552149925428,6.963660300722792,0,1518,380,True,0.4376979058691792
paper_a389b43553e79e0d8400,T1a_ACRONYM,4060,2,3.436868168209977,8.46519253253689,0,1518,380,True,0.4376979058691792
paper_9eb4667de60036b508b2,T1a_ACRONYM,17502,6,12.209687931748281,6.976167256169741,4,1519,379,True,0.4491919566382406
paper_b2d1155ad3ce1f678145,T1a_ACRONYM,26302,9,18.903675213427444,7.187162654333299,1,1518,380,True,0.4589931424143901
paper_bc02158091a56f9c12e2,T1a_ACRONYM,7991,6,6.462513998202041,8.087240643476463,1,1518,380,True,0.4589931424143901
paper_fde0dbf7d82a9cdda7c7,T1a_ACRONYM,11499,5,8.201144447097997,7.13205013227063,2,1518,380,True,0.4580177005163218
paper_a99200a23f30fc79e362,T1a_ACRONYM,8036,2,4.335849017360228,5.395531380488089,4,1519,379,True,0.4491919566382406
paper_afb44da29312ac4a4364,T1a_ACRONYM,19939,10,10.613721954243434,5.3230964212063965,4,1519,379,True,0.4491919566382406
paper_a2855be0e32bc908e060,T1a_ACRONYM,9678,3,7.225763202195732,7.466174005161947,4,1519,379,True,0.4491919566382406
paper_31cf168c71255530e973,T1a_ACRONYM,7862,7,5.403857565592758,6.87338789823551,4,1519,379,True,0.4491919566382406
paper_7df3bcd94f55b9f25d15,T1a_ACRONYM,7644,10,5.701775504297645,7.459151627809583,4,1519,379,True,0.4491919566382406
paper_6cf5f6f38da91c39d03f,T1a_ACRONYM,6435,8,5.206913694555159,8.091551972890692,3,1519,379,True,0.4841441946473859
paper_2e5c90bb6a9fbde934cc,T1a_ACRONYM,15218,4,10.25998902827349,6.74200882394105,4,1519,379,True,0.4491919566382406
paper_e794729eb1562a4b7f3a,T1a_ACRONYM,16185,7,11.261613846591887,6.958056130115469,4,1519,379,True,0.4491919566382406
paper_e1ce1ccfedff941b4beb,T1a_ACRONYM,18551,0,12.29168114166999,6.625886012435982,1,1518,380,True,0.4589931424143901
paper_12212fa165cdc8f748f1,T1a_ACRONYM,17575,11,11.71184047230037,6.663920610128233,2,1518,380,True,0.4580177005163218
paper_25f51e7920ce27e2c888,T1a_ACRONYM,4486,1,3.5337683720170125,7.877325840430255,0,1518,380,True,0.4376979058691792
paper_823529345376120b546f,T1a_ACRONYM,15888,12,11.080286731172231,6.9739971872937,3,1519,379,True,0.4841441946473859
paper_a26ecb38a15492aa8b60,T1a_ACRONYM,5032,11,2.7338662414503845,5.432961529114436,3,1519,379,True,0.4841441946473859
paper_d2f66cb7f0e060f71b02,T1a_ACRONYM,21034,5,13.4008188662897,6.371027320666397,1,1518,380,True,0.4589931424143901
paper_a9f339fccd3c96381e78,T1a_ACRONYM,11012,8,7.0069337745642155,6.3629983423213,0,1518,380,True,0.4376979058691792
paper_1c6f05ec20958b581f16,T1a_ACRONYM,11064,18,9.712542243734239,8.778508897084453,3,1519,379,True,0.4841441946473859
paper_8019780b5a3c269977e9,T1a_ACRONYM,14848,3,10.898762825426964,7.3402228080731176,0,1518,380,True,0.4376979058691792
paper_d021fc7583d8a91e613d,T1a_ACRONYM,6620,28,5.612113821001265,8.477513324775325,4,1519,379,True,0.4491919566382406
paper_ae239eecc5d7ced94f2b,T1a_ACRONYM,10523,6,7.671859975875324,7.290563504585502,4,1519,379,True,0.4491919566382406
paper_1cd03f121d79a0c57f50,T1a_ACRONYM,19298,2,14.203293116798415,7.359981923929119,4,1519,379,True,0.4491919566382406
paper_639f89983dc30d163de4,T1a_ACRONYM,10708,15,8.571278038230632,8.004555508246762,3,1519,379,True,0.4841441946473859
paper_438ecfc25f6ba0bbbd17,T1a_ACRONYM,5586,2,3.7467173701897925,6.707335070157165,0,1518,380,True,0.4376979058691792
paper_b96aff0cedb43dce7e26,T1a_ACRONYM,4259,7,3.0514262537266386,7.164654270313779,3,1519,379,True,0.4841441946473859
paper_122ce5784931a01456a5,T1a_ACRONYM,12276,9,9.199353544254386,7.493771215586825,2,1518,380,True,0.4580177005163218
paper_a10b7a021d06c267c421,T1a_ACRONYM,5713,4,4.133052537922682,7.234469697046528,3,1519,379,True,0.4841441946473859
paper_54c941327d5770443b5b,T1a_ACRONYM,14891,8,10.429300589415247,7.003761056621615,1,1518,380,True,0.4589931424143901
paper_713279ab4825df51d201,T1a_ACRONYM,22400,3,15.960271782565727,7.125121331502556,1,1518,380,True,0.4589931424143901
paper_65b7b19882eb5c68826f,T1a_ACRONYM,9549,3,6.712853100754543,7.029901665886002,1,1518,380,True,0.4589931424143901
paper_def2975261f05a8728a3,T1a_ACRONYM,13548,13,9.903394042843882,7.309856837056304,0,1518,380,True,0.4376979058691792
paper_fa6d8b29b5bd32048979,T1a_ACRONYM,18422,8,11.314937688667632,6.142078866934987,4,1519,379,True,0.4491919566382406
paper_afd6b34a42df17d9726e,T1a_ACRONYM,8537,2,6.212712447998478,7.277395394164786,4,1519,379,True,0.4491919566382406
paper_214d06fafbe5b2033c31,T1a_ACRONYM,9668,2,7.527460874663451,7.7859545662633955,3,1519,379,True,0.4841441946473859
paper_aea223f0ad33690bdefb,T1a_ACRONYM,16086,3,12.456783448873637,7.743866373786918,4,1519,379,True,0.4491919566382406
paper_71d95dc9a2f9d34f71ae,T1a_ACRONYM,6331,3,4.479144703290202,7.074940298989421,0,1518,380,True,0.4376979058691792
paper_fe9da01c92833fdf2b4f,T1a_ACRONYM,8087,9,6.1453232914079035,7.599014828005322,2,1518,380,True,0.4580177005163218
paper_8d40d89731d42e529964,T1a_ACRONYM,10612,8,6.831470684651241,6.437495933519828,3,1519,379,True,0.4841441946473859
paper_64f6bb931de628c36b22,T1a_ACRONYM,7016,3,4.753058064868268,6.774598154031169,3,1519,379,True,0.4841441946473859
paper_2a4574fae96e087c2a6b,T1a_ACRONYM,10070,9,7.829725298023597,7.7752982105497495,2,1518,380,True,0.4580177005163218
paper_4c2d2f3557f22a5addf1,T1a_ACRONYM,12571,1,6.5686790349428135,5.225263729968032,2,1518,380,True,0.4580177005163218
paper_f41784f6ad24d1bbcf21,T1a_ACRONYM,10474,6,7.158116434873791,6.83417647018693,4,1519,379,True,0.4491919566382406
paper_a9d9472f54152874bcd1,T1a_ACRONYM,9526,8,6.008706545171919,6.307691103476715,1,1518,380,True,0.4589931424143901
paper_53745b1a37f0f605a819,T1a_ACRONYM,9158,3,5.236333371943941,5.717769569713847,3,1519,379,True,0.4841441946473859
paper_3d69b6ca8bac023a2e37,T1a_ACRONYM,21487,22,13.268160296922657,6.174971050831972,3,1519,379,True,0.4841441946473859
paper_eee38bfe14fc10464a64,T1a_ACRONYM,17570,7,11.832223205102284,6.734333070633059,0,1518,380,True,0.4376979058691792
paper_daf019871d0aa3d39b39,T1a_ACRONYM,10266,14,7.580886549394026,7.384459915638054,3,1519,379,True,0.4841441946473859
paper_d43ac4fe0b9163476dc6,T1a_ACRONYM,15415,8,9.9823661937023,6.47574842277152,3,1519,379,True,0.4841441946473859
paper_e1119708fab69f9652a3,T1a_ACRONYM,22202,8,10.410885655511729,4.689165685754314,3,1519,379,True,0.4841441946473859
paper_dd66853710e061bf1743,T1a_ACRONYM,9330,2,5.599077959563696,6.001155369307284,0,1518,380,True,0.4376979058691792
paper_ad960a099664c9384385,T1a_ACRONYM,11769,4,8.60661077585666,7.312949932752707,1,1518,380,True,0.4589931424143901
paper_c69af6ceb73b04c2959b,T1a_ACRONYM,10119,7,7.304453570800186,7.2185527925686195,4,1519,379,True,0.4491919566382406
paper_b2309671ad25bdaac8dd,T1a_ACRONYM,10057,13,6.540063437517587,6.502996358275416,2,1518,380,True,0.4580177005163218
paper_87c65faf0be682cf13b8,T1a_ACRONYM,11397,10,9.365025793622543,8.217097300712945,2,1518,380,True,0.4580177005163218
paper_5cb8db5c0d334bb45ec9,T1a_ACRONYM,7780,6,5.791032340136532,7.443486298376005,2,1518,380,True,0.4580177005163218
paper_0dfc713c6ddcc04e21ab,T1a_ACRONYM,16227,6,11.180703826964068,6.8901853866790335,2,1518,380,True,0.4580177005163218
paper_e92614718c7b5ee969ba,T1a_ACRONYM,16837,3,11.256260974628901,6.685431475101801,4,1519,379,True,0.4491919566382406
paper_d7a0aeadcd3541bb384e,T1a_ACRONYM,10919,4,7.719220833928006,7.069530940496387,2,1518,380,True,0.4580177005163218
paper_73ec927fd13e6964a898,T1a_ACRONYM,11652,2,8.145254036725927,6.9904342917318285,4,1519,379,True,0.4491919566382406
paper_db02ad53b325ae25d0b4,T1a_ACRONYM,7840,6,4.40551539374918,5.619279838965791,3,1519,379,True,0.4841441946473859
paper_bd359ec88ae2f7b2171b,T1a_ACRONYM,30469,0,19.18341696862508,6.2960441657504616,3,1519,379,True,0.4841441946473859
paper_1d07631f1981f7bc5e0c,T1a_ACRONYM,10793,8,9.070374030638657,8.40394147191574,2,1518,380,True,0.4580177005163218
paper_b12e54a4828575cf2d3c,T1a_ACRONYM,12222,3,8.08088162288628,6.611750632372999,3,1519,379,True,0.4841441946473859
paper_eb11ccf29d2707b726dd,T1a_ACRONYM,14969,10,11.456040272026051,7.653176746627064,1,1518,380,True,0.4589931424143901
paper_df45d253c3a9b25b03cb,T1a_ACRONYM,14108,6,10.504369508830926,7.445682952105845,3,1519,379,True,0.4841441946473859
paper_6011087f571c12a9572f,T1a_ACRONYM,9585,8,7.38407766969013,7.703784736244266,4,1519,379,True,0.4491919566382406
paper_8dc5c333e1321b1487f5,T1a_ACRONYM,26232,17,15.478742807201876,5.900710127783575,0,1518,380,True,0.4376979058691792
paper_afa792c3a1740a0f180f,T1a_ACRONYM,8295,6,6.452853824925874,7.779208951086044,4,1519,379,True,0.4491919566382406
paper_4124800c87092d811277,T1a_ACRONYM,8279,6,7.170123270270106,8.660615135004356,2,1518,380,True,0.4580177005163218
paper_df08dd2519074eefbb90,T1a_ACRONYM,8093,6,6.245086989753857,7.716652650134508,0,1518,380,True,0.4376979058691792
paper_e1df70dc712a9c2410ee,T1a_ACRONYM,7884,9,6.127867332418153,7.7725359366034406,4,1519,379,True,0.4491919566382406
paper_cbb0e6062da18c72ae61,T1a_ACRONYM,14506,22,10.215906849996665,7.042538845992463,0,1518,380,True,0.4376979058691792
paper_39e9d11387f6c55d1652,T1a_ACRONYM,8617,2,4.445557140124654,5.159054357809741,0,1518,380,True,0.4376979058691792
paper_ce1474406b969edbb7d7,T1a_ACRONYM,5289,6,3.9979133218639578,7.558921009385437,3,1519,379,True,0.4841441946473859
paper_eace9548ec3b45812532,T1a_ACRONYM,4676,7,3.4485267131847643,7.374950199283072,3,1519,379,True,0.4841441946473859
paper_9f3e0d42d065858dc506,T1a_ACRONYM,12615,11,9.947371010336132,7.885351573790038,0,1518,380,True,0.4376979058691792
paper_bc8cf1c27837920034b1,T1a_ACRONYM,13924,2,10.60727749217624,7.617981537041251,2,1518,380,True,0.4580177005163218
paper_aa28a1c986e09ef13f95,T1a_ACRONYM,10382,8,7.015064682352913,6.756949222069845,0,1518,380,True,0.4376979058691792
paper_90f76598ff64ace34b11,T1a_ACRONYM,10797,6,6.599414404350597,6.112266744790772,2,1518,380,True,0.4580177005163218
paper_d87f93dd56fb1098ebcb,T1a_ACRONYM,9922,10,6.799722176995167,6.85317695726181,2,1518,380,True,0.4580177005163218
paper_aa75d5684593ddbd3cc7,T1a_ACRONYM,11890,9,10.156588039514485,8.542126189667355,2,1518,380,True,0.4580177005163218
paper_964e9a4598bfe6895f73,T1a_ACRONYM,8530,2,6.004622416023998,7.039416665913245,0,1518,380,True,0.4376979058691792
paper_b41fd51f6b8a657f5139,T1a_ACRONYM,9299,7,8.682304296391546,9.336815029994135,1,1518,380,True,0.4589931424143901
paper_ad6c3aa9145b1a08c543,T1a_ACRONYM,8652,4,5.659375478071808,6.541118213212908,2,1518,380,True,0.4580177005163218
paper_5402d0c9bc6929b9ebbf,T1a_ACRONYM,5630,17,4.585039783092175,8.143942776362657,3,1519,379,True,0.4841441946473859
paper_78521781d2e91d1e798b,T1a_ACRONYM,3045,3,1.721706720595027,5.654209263037855,3,1519,379,True,0.4841441946473859
paper_f0583650cca2040db9aa,T1a_ACRONYM,11202,3,8.03518399448648,7.172990532482128,4,1519,379,True,0.4491919566382406
paper_a687762c5556fb915b19,T1a_ACRONYM,23425,4,13.619063637000494,5.813901232444182,1,1518,380,True,0.4589931424143901
paper_87a2bed7ebe05c31f7bc,T1a_ACRONYM,10431,2,7.727771918650357,7.408466991324281,4,1519,379,True,0.4491919566382406
paper_95dcaf89d1fe9835f278,T1a_ACRONYM,10710,2,5.847709585798761,5.460046298598283,3,1519,379,True,0.4841441946473859
paper_891c12b4f4ffcd43c124,T1a_ACRONYM,7261,7,5.259290554502999,7.243204179180553,3,1519,379,True,0.4841441946473859
paper_562f4943c6e8b3a8d804,T1a_ACRONYM,10435,10,8.185002384400887,7.843797205942392,4,1519,379,True,0.4491919566382406
paper_94c7e4b56b7cb18769b0,T1a_ACRONYM,7465,3,5.265738888176178,7.053903400102046,1,1518,380,True,0.4589931424143901
paper_624527ca377befda900c,T1a_ACRONYM,9665,12,7.519884485195573,7.780532317843324,0,1518,380,True,0.4376979058691792
paper_d26912d416d0efef20b2,T1a_ACRONYM,9059,2,6.124967224121537,6.761195743593705,1,1518,380,True,0.4589931424143901
paper_abe7697bd530fa52a28f,T1a_ACRONYM,16956,8,14.077049511386035,8.302105161232623,0,1518,380,True,0.4376979058691792
paper_ed51e9d5b91c7ad9308f,T1a_ACRONYM,9524,2,6.613585738250115,6.944126142639767,1,1518,380,True,0.4589931424143901
paper_bfc002e4e2173fc7324d,T1a_ACRONYM,11971,11,9.379665902160319,7.835323617208519,3,1519,379,True,0.4841441946473859
paper_139729294f4d451a3966,T1a_ACRONYM,10923,2,8.247567048198553,7.550642724708004,0,1518,380,True,0.4376979058691792
paper_c82a7cedff84b7d517ee,T1a_ACRONYM,9478,14,6.884442399673553,7.263602447429366,2,1518,380,True,0.4580177005163218
paper_6b75ffeb53b95e1996b1,T1a_ACRONYM,13341,4,6.3839328467189445,4.785198146105198,0,1518,380,True,0.4376979058691792
paper_8754a14fda22035d6860,T1a_ACRONYM,16085,9,11.865983524748309,7.377049129467397,2,1518,380,True,0.4580177005163218
paper_2915459eda4b88d763e4,T1a_ACRONYM,8172,6,6.306410295185869,7.7170953196107055,4,1519,379,True,0.4491919566382406
paper_5d67a811c441e45c0ef1,T1a_ACRONYM,9886,6,6.82438010429321,6.903075161130093,2,1518,380,True,0.4580177005163218
paper_a9b8593ef4f77277f3a8,T1a_ACRONYM,8907,2,6.202711190682136,6.963861222277012,2,1518,380,True,0.4580177005163218
paper_b84013989dd59baa5ae4,T1a_ACRONYM,7549,8,4.54907339177005,6.026060924321168,0,1518,380,True,0.4376979058691792
paper_e9edc6839b5f1533f91e,T1a_ACRONYM,23439,53,18.792960418754163,8.017816638403584,4,1519,379,True,0.4491919566382406
paper_c79b045a95db7baea121,T1a_ACRONYM,9411,13,5.290536985441952,5.62165230628196,0,1518,380,True,0.4376979058691792
paper_3686f849a50a10a5cbc3,T1a_ACRONYM,2290,2,1.1307670836209174,4.937847526728897,3,1519,379,True,0.4841441946473859
paper_b153a4108133aedb208f,T1a_ACRONYM,5179,2,3.6107806380889875,6.971964931625772,1,1518,380,True,0.4589931424143901
paper_257eb54fddd85f451139,T1a_ACRONYM,6970,10,4.998367906851328,7.171259550719267,2,1518,380,True,0.4580177005163218
paper_5c945fc472875092c680,T1a_ACRONYM,11795,8,8.369874648567448,7.096120939862185,4,1519,379,True,0.4491919566382406
paper_2e79e217cb83ee32a37b,T1a_ACRONYM,7151,19,5.500892067692575,7.692479468175886,4,1519,379,True,0.4491919566382406
paper_13fc56a51dfe60a5074e,T1a_ACRONYM,12935,2,9.112526895082382,7.044860375015371,2,1518,380,True,0.4580177005163218
paper_549df131670f74b155e6,T1a_ACRONYM,9706,6,6.880372662521129,7.088782879168688,3,1519,379,True,0.4841441946473859
paper_a18c3e1dd508021eeb67,T1a_ACRONYM,11606,1,9.569954297135709,8.245695586020773,2,1518,380,True,0.4580177005163218
paper_75d794e93419af346c95,T1a_ACRONYM,10297,3,7.204215718258553,6.9964219852952825,2,1518,380,True,0.4580177005163218
paper_41421cea964b6e798387,T1a_ACRONYM,15968,3,10.224804776812606,6.403309604717314,1,1518,380,True,0.4589931424143901
paper_df72b530993943ce67bd,T1a_ACRONYM,3171,1,2.260257782261736,7.12790218310229,2,1518,380,True,0.4580177005163218
paper_37dd9d9c13d5c83a27e8,T1a_ACRONYM,9660,8,5.623035175908964,5.820947387069321,4,1519,379,True,0.4491919566382406
paper_d9a7caa927432b9a5d58,T1a_ACRONYM,6563,5,5.403195922037533,8.232814142979633,4,1519,379,True,0.4491919566382406
paper_88c706177de14c2ef0f4,T1a_ACRONYM,10058,14,6.484702308118413,6.447307922169828,1,1518,380,True,0.4589931424143901
paper_aa476f4b57cf73cdac62,T1a_ACRONYM,5953,6,3.685345573591116,6.190736727013465,0,1518,380,True,0.4376979058691792
paper_d416d61532bdecbfaccb,T1a_ACRONYM,8030,6,6.55608199554658,8.164485673158879,4,1519,379,True,0.4491919566382406
paper_cf4960f6d973ee4f6601,T1a_ACRONYM,7279,6,7.2751721262863365,9.994741209350648,3,1519,379,True,0.4841441946473859
paper_97054b57472bb028ae26,T1a_ACRONYM,11931,4,8.538859297977645,7.156868073068178,1,1518,380,True,0.4589931424143901
paper_63c2a04ed7616ffa2724,T1a_ACRONYM,10407,2,6.925924655014759,6.655063567805092,0,1518,380,True,0.4376979058691792
paper_2f0ed310f194dc58ba32,T1a_ACRONYM,20957,29,13.186825202299861,6.292324856754241,0,1518,380,True,0.4376979058691792
paper_48ac381c2e24a4af0f14,T1a_ACRONYM,6897,5,5.172461957161494,7.49958236503044,3,1519,379,True,0.4841441946473859
paper_242e560e97cb6505f70f,T1a_ACRONYM,6150,1,4.9600394134943535,8.065104737389193,2,1518,380,True,0.4580177005163218
paper_e8b66608c3d839cf37e7,T1a_ACRONYM,10428,2,8.068409740109928,7.737255216829621,3,1519,379,True,0.4841441946473859
paper_fc1bbdf085b09de0eda2,T1a_ACRONYM,10968,5,8.225706572249308,7.499732469228035,1,1518,380,True,0.4589931424143901
paper_99b91e4391be449bdb00,T1a_ACRONYM,6675,4,5.70090419258152,8.540680438324374,2,1518,380,True,0.4580177005163218
paper_fb949e10b7dc40498014,T1a_ACRONYM,11506,1,8.261730056210565,7.180366814019264,2,1518,380,True,0.4580177005163218
paper_35daa3771be2bd2112a0,T1a_ACRONYM,5286,1,3.4071968614698642,6.445699700094333,4,1519,379,True,0.4491919566382406
paper_1b1cf979f0bda259ce7d,T1a_ACRONYM,17736,6,13.716008215720702,7.733428177560161,1,1518,380,True,0.4589931424143901
paper_6942ae89b7ad7f833112,T1a_ACRONYM,4157,8,3.461963904987004,8.328034411804195,0,1518,380,True,0.4376979058691792
paper_6574f22a700aa2fb8db4,T1a_ACRONYM,5799,8,4.368067966337757,7.532450364438278,3,1519,379,True,0.4841441946473859
paper_1e45d661065122156bca,T1a_ACRONYM,11793,6,9.196662251446147,7.798407743107052,3,1519,379,True,0.4841441946473859
paper_4a55b8938eb9b87e2323,T1a_ACRONYM,16335,5,11.24289435610399,6.882702391248234,4,1519,379,True,0.4491919566382406
paper_d7752a4e96bba3ae0aa8,T1a_ACRONYM,10203,0,5.314538457041664,5.208799820681823,0,1518,380,True,0.4376979058691792
paper_2a007f0eb896c97e483a,T1a_ACRONYM,11852,3,8.343647219147096,7.039864342851076,4,1519,379,True,0.4491919566382406
paper_0f39b53174dcbddc4a1d,T1a_ACRONYM,8040,10,6.2578046475442815,7.783339113861046,2,1518,380,True,0.4580177005163218
paper_7661703c927d0e9f12dc,T1a_ACRONYM,10383,10,7.524031471478419,7.246490871114725,3,1519,379,True,0.4841441946473859
paper_eb85f70cd612e1e282fa,T1a_ACRONYM,5910,1,3.863362610474951,6.536992572715653,4,1519,379,True,0.4491919566382406
paper_b3bdc644128eaefe47e3,T1a_ACRONYM,17247,13,13.332412349170403,7.730279091534993,2,1518,380,True,0.4580177005163218
paper_040aee36b3fa8790d5c8,T1a_ACRONYM,13135,12,10.769444614801127,8.199044244233825,3,1519,379,True,0.4841441946473859
paper_2a77513d8432605df47a,T1a_ACRONYM,8946,12,6.03735817127028,6.748667752370087,4,1519,379,True,0.4491919566382406
paper_1a8139b3d1a58181a74a,T1a_ACRONYM,11778,11,8.541144595168566,7.251778396305456,4,1519,379,True,0.4491919566382406
paper_66cf6798a853095c2776,T1a_ACRONYM,7873,1,5.366227209354337,6.81598781830857,1,1518,380,True,0.4589931424143901
paper_049d5e8e998588e39ab7,T1a_ACRONYM,18711,4,13.424775891568114,7.17480406796436,0,1518,380,True,0.4376979058691792
paper_8aebf0689c9d8494cada,T1a_ACRONYM,4559,7,3.6394873971575534,7.9830826873383485,0,1518,380,True,0.4376979058691792
paper_62eb7922d1e559ef503c,T1a_ACRONYM,7761,11,5.493239442823724,7.078004693755604,4,1519,379,True,0.4491919566382406
paper_341d7710302a2b329e63,T1a_ACRONYM,8012,6,5.249374052125009,6.55188973056042,4,1519,379,True,0.4491919566382406
paper_4dfb5aa291d5fa66dd3c,T1a_ACRONYM,20442,9,12.658543829516459,6.192419445023217,2,1518,380,True,0.4580177005163218
paper_f3b42bb14867c07e4aef,T1a_ACRONYM,10878,8,6.365856711783373,5.852046986379272,3,1519,379,True,0.4841441946473859
paper_a33d69153b85c02028d9,T1a_ACRONYM,10938,14,7.8141194797836855,7.144011226717576,3,1519,379,True,0.4841441946473859
paper_70053fcb3f6c88094e0f,T1a_ACRONYM,5728,3,5.221523969172955,9.115789052327086,2,1518,380,True,0.4580177005163218
paper_867248425c354151c78a,T1a_ACRONYM,16011,17,10.735127044935378,6.704844822269301,4,1519,379,True,0.4491919566382406
paper_6b3c42d8e8880d6d8dff,T1a_ACRONYM,10777,11,5.8050345527309375,5.386503250191089,1,1518,380,True,0.4589931424143901
paper_59d14f7f5c168de48683,T1a_ACRONYM,18699,7,14.103002663032278,7.542115975737889,3,1519,379,True,0.4841441946473859
paper_2cb6f57951a81f95a6d3,T1a_ACRONYM,11175,17,6.779774783291359,6.066912557755131,0,1518,380,True,0.4376979058691792
paper_6905a614350b111170f7,T1a_ACRONYM,8291,4,6.243191053214394,7.530082080827879,2,1518,380,True,0.4580177005163218
paper_def2a9b250174b9b5d77,T1a_ACRONYM,7,0,5069545470.492634,7242207814989.478,2,1518,380,True,0.4580177005163218
paper_74360882a4fd3ef23b19,T1a_ACRONYM,12816,9,8.43757678013968,6.583627325327465,1,1518,380,True,0.4589931424143901
paper_b35bae27d796b009e0df,T1a_ACRONYM,7380,8,4.742546458821889,6.426214713850798,1,1518,380,True,0.4589931424143901
paper_bf59dfbde51b13c41d72,T1a_ACRONYM,8708,2,7.493453234643395,8.605251762337385,0,1518,380,True,0.4376979058691792
paper_e9451b99f1bd10a70827,T1a_ACRONYM,5700,5,4.570542384680781,8.01849541172067,1,1518,380,True,0.4589931424143901
paper_585a1342fa701de95a25,T1a_ACRONYM,7324,3,5.885531028581352,8.035951704780654,4,1519,379,True,0.4491919566382406
paper_454aff797060891be3c6,T1a_ACRONYM,19045,12,13.351399416509924,7.010448630354384,2,1518,380,True,0.4580177005163218
paper_48b0d359973255508766,T1a_ACRONYM,12083,3,10.20284139529163,8.44396374682747,0,1518,380,True,0.4376979058691792
paper_102cf81837ebd8524603,T1a_ACRONYM,17989,16,10.404816078087068,5.783988036070414,4,1519,379,True,0.4491919566382406
paper_e93d0eb808f7955cb1f3,T1a_ACRONYM,12804,7,8.336164046612309,6.5105936009155805,2,1518,380,True,0.4580177005163218
paper_9698880edb2f1fbb0716,T1a_ACRONYM,15997,5,14.296053538760503,8.936709094680568,2,1518,380,True,0.4580177005163218
paper_d4cafb54afe17e7fa6d9,T1a_ACRONYM,14169,6,10.974776826874303,7.745625539469477,2,1518,380,True,0.4580177005163218
paper_11d4bce0bb41d66468ff,T1a_ACRONYM,5357,1,3.5964511391242913,6.713554487818353,1,1518,380,True,0.4589931424143901
paper_1734f2d4e8637ff96940,T1a_ACRONYM,18200,17,13.80626686865592,7.585860916843911,2,1518,380,True,0.4580177005163218
paper_e7b3a35a726f590f0614,T1a_ACRONYM,7048,3,5.8067495618987435,8.238861466939193,2,1518,380,True,0.4580177005163218
paper_8fffa7755c947f926f25,T1a_ACRONYM,9146,2,7.126372502803806,7.791791496614701,4,1519,379,True,0.4491919566382406
paper_f458cadda44351f46cb6,T1a_ACRONYM,9312,1,6.654095410815977,7.145721016769734,3,1519,379,True,0.4841441946473859
paper_0a7d6170833642992e54,T1a_ACRONYM,7682,8,5.7650109371488245,7.504570342552492,0,1518,380,True,0.4376979058691792
paper_4b8d22d722a1fe73e52d,T1a_ACRONYM,32398,19,21.752314609925776,6.714091798853564,4,1519,379,True,0.4491919566382406
paper_5565b4dc086c1ca4d22d,T1a_ACRONYM,8216,2,6.10025639946346,7.424849561177532,3,1519,379,True,0.4841441946473859
paper_3ad4c97acce29985ea25,T1a_ACRONYM,18837,10,13.431119315506555,7.130179601585473,3,1519,379,True,0.4841441946473859
paper_059fc5b9c39e4fc7ea23,T1a_ACRONYM,17975,34,10.077857656410313,5.606596749046071,4,1519,379,True,0.4491919566382406
paper_178d19045333bd4d2565,T1a_ACRONYM,9737,4,7.278757319527411,7.475359268283261,4,1519,379,True,0.4491919566382406
paper_d7aa357dfb15c6a1e39d,T1a_ACRONYM,12978,22,10.282087711389424,7.922705895661446,1,1518,380,True,0.4589931424143901
paper_56c1618d40a6eb8185c1,T1a_ACRONYM,13963,13,10.195421700343571,7.30174153143563,2,1518,380,True,0.4580177005163218
paper_bffd20500ce5fa053c9c,T1a_ACRONYM,10746,3,7.639056277750789,7.108743977061966,4,1519,379,True,0.4491919566382406
paper_a4b2d7fa3ccbbb4c6471,T1a_ACRONYM,12850,27,7.786389349538154,6.059446964621132,0,1518,380,True,0.4376979058691792
paper_c25fa50b56e70da9b6d0,T1a_ACRONYM,9188,1,6.527435548851667,7.104305125001814,1,1518,380,True,0.4589931424143901
paper_6b4a43bf69d27125304c,T1a_ACRONYM,7893,11,5.888323518928297,7.460184364536041,2,1518,380,True,0.4580177005163218
paper_8a046c008c29850c937b,T1a_ACRONYM,10759,0,7.787827290767541,7.238430421756242,0,1518,380,True,0.4376979058691792
paper_643a6372616ac7c0afc3,T1a_ACRONYM,2793,1,2.3456687005239703,8.398384176598533,4,1519,379,True,0.4491919566382406
paper_3a9f6563580de478d046,T1a_ACRONYM,6142,4,3.1232130153690374,5.085009793827805,1,1518,380,True,0.4589931424143901
paper_57070c9df2bbb7169952,T1a_ACRONYM,9031,7,7.253004609876377,8.03123088237889,1,1518,380,True,0.4589931424143901
paper_cebee2fe81ebbe1a3c48,T1a_ACRONYM,5703,0,4.191582161449059,7.349784607134945,2,1518,380,True,0.4580177005163218
paper_ebdbb0b43465d85a148a,T1a_ACRONYM,9145,17,7.335830238647346,8.021684241276485,2,1518,380,True,0.4580177005163218
paper_4d3590e393f62f830ccc,T1a_ACRONYM,13706,16,8.631319529561221,6.297475214914067,2,1518,380,True,0.4580177005163218
paper_2c9947398b4a04e8b1e2,T1a_ACRONYM,21732,4,15.600665513608114,7.178660736981462,4,1519,379,True,0.4491919566382406
paper_d1b552e814f2835253c4,T1a_ACRONYM,12175,4,9.230530324086818,7.581544414034347,2,1518,380,True,0.4580177005163218
paper_d70ed00ebaa890cfda32,T1a_ACRONYM,11760,26,8.851432131379672,7.526728002873872,4,1519,379,True,0.4491919566382406
paper_69f7388134bb5baddc3c,T1a_ACRONYM,18944,3,13.759104761043645,7.263040942273883,0,1518,380,True,0.4376979058691792
paper_366543203c025501ed60,T1a_ACRONYM,12481,7,8.112560621874858,6.499928388650636,2,1518,380,True,0.4580177005163218
paper_41243b2e71035d29da90,T1a_ACRONYM,12646,15,6.170356441837328,4.879294988009907,2,1518,380,True,0.4580177005163218
paper_861b33b54fdd426c017c,T1a_ACRONYM,16996,7,12.319537519203996,7.248492303603198,2,1518,380,True,0.4580177005163218
paper_420a7c4a1beacd06e82f,T1a_ACRONYM,4524,0,2.626706220678987,5.806158754816505,0,1518,380,True,0.4376979058691792
paper_2d26b54a49fc7f24b94d,T1a_ACRONYM,5599,1,3.6153911110705392,6.457208628452473,2,1518,380,True,0.4580177005163218
paper_b5583ba490a81a7110ec,T1a_ACRONYM,21582,5,15.427093794523387,7.148129827876651,0,1518,380,True,0.4376979058691792
paper_6a3930f614a5b0685194,T1a_ACRONYM,6815,4,4.682085307056374,6.8702645738171295,2,1518,380,True,0.4580177005163218
paper_57ace56e0ada3222f3f0,T1a_ACRONYM,12975,4,8.235319206729105,6.347066825995456,3,1519,379,True,0.4841441946473859
paper_f268a30c446bf23e6318,T1a_ACRONYM,11575,10,8.560680499679965,7.395836284820704,1,1518,380,True,0.4589931424143901
paper_8af94154beb2a5df2697,T1a_ACRONYM,11109,6,8.1009481351205,7.292238846989378,1,1518,380,True,0.4589931424143901
paper_19d6d130654a2931c231,T1a_ACRONYM,9793,3,7.896768794767161,8.063687118112082,3,1519,379,True,0.4841441946473859
paper_72149d18c080d4a16b73,T1a_ACRONYM,11353,7,9.377132749938852,8.259607812859025,4,1519,379,True,0.4491919566382406
paper_5e71c72f7a5dc52b2892,T1a_ACRONYM,7539,9,6.228697222927553,8.261967400089604,3,1519,379,True,0.4841441946473859
paper_d3d6bf6212f62c9c3292,T1a_ACRONYM,18343,5,12.941587772264183,7.055327793852796,2,1518,380,True,0.4580177005163218
paper_d09b7dbf486c61e8b7e7,T1a_ACRONYM,11222,0,7.033374920430599,6.2674878991539815,2,1518,380,True,0.4580177005163218
paper_a0000904b31bd58b0171,T1a_ACRONYM,21763,8,16.468751492048792,7.567316772526211,4,1519,379,True,0.4491919566382406
paper_506cd366d7f23427e5d4,T1a_ACRONYM,7824,2,6.082879886213511,7.774641981356736,2,1518,380,True,0.4580177005163218
paper_12d49cdf683274a5da01,T1a_ACRONYM,10920,2,5.73511343925356,5.251935383931831,3,1519,379,True,0.4841441946473859
paper_a26f7bca44a5957af749,T1a_ACRONYM,9830,2,6.38875389181865,6.499240988625281,3,1519,379,True,0.4841441946473859
paper_5f88f9a9b70c1c9af0c9,T1a_ACRONYM,9575,2,7.689299442212726,8.030599939647756,4,1519,379,True,0.4491919566382406
paper_c4b96dc9e1370394f656,T1a_ACRONYM,5548,0,4.52749186747824,8.160583755368133,2,1518,380,True,0.4580177005163218
paper_6482013036e9e86dec50,T1a_ACRONYM,9124,0,6.940208954362184,7.606542036784507,0,1518,380,True,0.4376979058691792
paper_43fcd55dc92a638d1039,T1a_ACRONYM,6446,10,5.500504259024454,8.533205490264434,0,1518,380,True,0.4376979058691792
paper_890343a4524e020964d0,T1a_ACRONYM,10609,5,8.696293966158294,8.19709111712536,4,1519,379,True,0.4491919566382406
paper_b8ddd96d66bc3769a35d,T1a_ACRONYM,5616,11,3.3416510649065803,5.9502333776826575,2,1518,380,True,0.4580177005163218
paper_52e45ae625e87cb51855,T1a_ACRONYM,6106,1,3.2642452987610593,5.345963476516638,4,1519,379,True,0.4491919566382406
paper_d707afd32f2376608ebf,T1a_ACRONYM,11098,6,8.44928638331869,7.613341487942593,1,1518,380,True,0.4589931424143901
paper_6ac9728a355621c40664,T1a_ACRONYM,9805,0,6.347477676349523,6.473715121213179,2,1518,380,True,0.4580177005163218
paper_ed17d9f0c57607cb2fc3,T1a_ACRONYM,4270,2,3.074702518828039,7.200708475007117,4,1519,379,True,0.4491919566382406
paper_5a677972ee4e2affa5cb,T1a_ACRONYM,10316,13,8.729845786794515,8.462432906935357,0,1518,380,True,0.4376979058691792
paper_51d00647e76d4c20e940,T1a_ACRONYM,16551,7,12.0496229311877,7.280299034008641,2,1518,380,True,0.4580177005163218
paper_2c1e62bd0da8f6cff4af,T1a_ACRONYM,17745,18,12.914523741368043,7.277838118550602,1,1518,380,True,0.4589931424143901
paper_a09a8082d3f2f6bb58f3,T1a_ACRONYM,6365,3,4.517096234088492,7.0967733449937045,4,1519,379,True,0.4491919566382406
paper_3860f222312c54cfa035,T1a_ACRONYM,6890,4,4.674693993413535,6.784751804664057,4,1519,379,True,0.4491919566382406
paper_ce646a57e074e1cdd0d7,T1a_ACRONYM,6625,6,5.250269571822911,7.924935202751564,3,1519,379,True,0.4841441946473859
paper_fd71f52565c39ca8148c,T1a_ACRONYM,9233,2,6.498510374261416,7.038351970390356,2,1518,380,True,0.4580177005163218
paper_91ed1010504fb8dd77bd,T1a_ACRONYM,6142,13,5.362593903897104,8.731022311782977,2,1518,380,True,0.4580177005163218
paper_c6d38c3088f9d3f12a73,T1a_ACRONYM,13088,19,9.784045189352994,7.475584649566775,1,1518,380,True,0.4589931424143901
paper_9487d06009d34990bb93,T1a_ACRONYM,8246,12,6.9267787611430425,8.400168276913707,2,1518,380,True,0.4580177005163218
paper_d4eec71007c44517072f,T1a_ACRONYM,7113,1,4.549831511158116,6.396501491857325,2,1518,380,True,0.4580177005163218
paper_4f1ab823cfd9f70682e6,T1a_ACRONYM,8120,8,5.8645751528579675,7.222383193174836,0,1518,380,True,0.4376979058691792
paper_f6bb7179b2d6e6455912,T1a_ACRONYM,8132,1,6.184505453543615,7.605146893191852,3,1519,379,True,0.4841441946473859
paper_2e4ef5c895a34d506fc5,T1a_ACRONYM,11906,7,8.872895595795264,7.452457244914549,4,1519,379,True,0.4491919566382406
paper_f8ac84f71b01d5decc8e,T1a_ACRONYM,6158,9,4.518233512795589,7.337176863909693,4,1519,379,True,0.4491919566382406
paper_5b0445c6fb0209c2645a,T1a_ACRONYM,11871,8,9.006054584958086,7.586601453085744,0,1518,380,True,0.4376979058691792
paper_c6ceea1dfa571f4e39a7,T1a_ACRONYM,11403,25,6.067646488623274,5.321096631257804,3,1519,379,True,0.4841441946473859
paper_21170a94b042f9799071,T1a_ACRONYM,13009,6,8.936350601343758,6.869360136323897,2,1518,380,True,0.4580177005163218
paper_54fdeae96cb2f5a52da7,T1a_ACRONYM,6626,5,5.8684994155899854,8.856775453652258,2,1518,380,True,0.4580177005163218
paper_36d7325ec81a4ba108e6,T1a_ACRONYM,12741,6,8.698230909390547,6.826960920956399,0,1518,380,True,0.4376979058691792
paper_4bb04ced1198e17099d2,T1a_ACRONYM,7206,4,4.844653801410249,6.72308326590376,2,1518,380,True,0.4580177005163218
paper_fd4f44b26db058b07e2e,T1a_ACRONYM,11772,2,9.280928180215934,7.88390093460409,3,1519,379,True,0.4841441946473859
paper_356f10d0ab2550ac5a9f,T1a_ACRONYM,9528,1,8.299111329397599,8.710234392734677,2,1518,380,True,0.4580177005163218
paper_7dc23c11a92281e380a2,T1a_ACRONYM,19214,12,12.797512406999115,6.660514420213966,4,1519,379,True,0.4491919566382406
paper_05c1d1848050b0570ab8,T1a_ACRONYM,10660,4,7.375797101928945,6.91913424195961,4,1519,379,True,0.4491919566382406
paper_47024cbbcdb16ac50eb1,T1a_ACRONYM,7199,17,5.57863203923204,7.74917632897908,0,1518,380,True,0.4376979058691792
paper_0e810425168608981150,T1a_ACRONYM,6568,15,5.719079862169584,8.7074906549476,1,1518,380,True,0.4589931424143901
paper_41969b2a5efedb22cfed,T1a_ACRONYM,9679,12,7.892249437678306,8.153992600142892,4,1519,379,True,0.4491919566382406
paper_6b75a0758f7f8e49a5f0,T1a_ACRONYM,13471,5,10.449154271149634,7.75677698103306,4,1519,379,True,0.4491919566382406
paper_32a0ff3bf7f0d3570472,T1a_ACRONYM,10803,5,8.717886114579661,8.069875140775396,1,1518,380,True,0.4589931424143901
paper_d82adf03b07ce22c3b54,T1a_ACRONYM,3308,2,2.410330455864977,7.286367762590619,4,1519,379,True,0.4491919566382406
paper_2cdf2c4c1a28280b7e7e,T1a_ACRONYM,17620,22,9.111902548138637,5.171340833222836,3,1519,379,True,0.4841441946473859
paper_bd7cac58ba01f4f27463,T1a_ACRONYM,15073,4,8.67482933580365,5.755210864329364,3,1519,379,True,0.4841441946473859
paper_93ab30d33d5d512908f9,T1a_ACRONYM,12076,14,9.47846031783702,7.849006556671928,3,1519,379,True,0.4841441946473859
paper_d071b57a8554a6c74e84,T1a_ACRONYM,4164,0,3.0017179255262665,7.208736612695165,4,1519,379,True,0.4491919566382406
paper_98e549572ba02d9bdf70,T1a_ACRONYM,12632,1,6.498587413872265,5.144543551197169,1,1518,380,True,0.4589931424143901
paper_0b034a0d6b0a5bf01d4d,T1a_ACRONYM,10870,7,6.713290988862287,6.175980670526483,3,1519,379,True,0.4841441946473859
paper_9a57f744c4d7e9d630eb,T1a_ACRONYM,11248,1,8.284385969028275,7.365208009449035,4,1519,379,True,0.4491919566382406
paper_a39e2e13b6afca086191,T1a_ACRONYM,11349,7,9.19487757067588,8.10192754487257,4,1519,379,True,0.4491919566382406
paper_b3c0cc25aae9f4eea731,T1a_ACRONYM,4520,5,3.522100983146757,7.7922588122715855,1,1518,380,True,0.4589931424143901
paper_3d61da838c57a1fe15ef,T1a_ACRONYM,9645,4,7.228960745436664,7.495034469089336,4,1519,379,True,0.4491919566382406
paper_75082bc1f43a14cdaa8f,T1a_ACRONYM,12354,12,8.748661260191787,7.081642593647229,4,1519,379,True,0.4491919566382406
paper_b7f93bc4a0f6ac17062e,T1a_ACRONYM,13581,29,10.139973259760836,7.466293542272907,1,1518,380,True,0.4589931424143901
paper_e2971df144864354ab50,T1a_ACRONYM,6805,15,5.247954750639718,7.711909993592533,4,1519,379,True,0.4491919566382406
paper_77fff62649cc89e70006,T1a_ACRONYM,10128,5,7.585940156924846,7.490067295541911,2,1518,380,True,0.4580177005163218
paper_48fe6515d531f9067495,T1a_ACRONYM,8495,6,5.473523389803532,6.443229417073021,4,1519,379,True,0.4491919566382406
paper_31574d46962b0f0e1fa9,T1a_ACRONYM,10306,6,6.982602231473436,6.775278703156837,3,1519,379,True,0.4841441946473859
paper_908b6ec651f9c3279ecd,T1a_ACRONYM,13947,7,10.492339978499153,7.523008516884744,1,1518,380,True,0.4589931424143901
paper_2731ed413ed15eaf8736,T1a_ACRONYM,13536,1,9.576171887824383,7.074595070792245,4,1519,379,True,0.4491919566382406
paper_8576f7b959b92e605aad,T1a_ACRONYM,6427,4,5.227481628871291,8.133626309119792,4,1519,379,True,0.4491919566382406
paper_90b73384b7f4312f3880,T1a_ACRONYM,10821,8,7.6401436054047585,7.060478334169447,3,1519,379,True,0.4841441946473859
paper_fdf78c67293a210ce070,T1a_ACRONYM,13328,11,8.494184641478622,6.3731877562114505,1,1518,380,True,0.4589931424143901
paper_ecd6471e7031f96c6dd5,T1a_ACRONYM,13772,1,9.623128920423989,6.987459280005801,2,1518,380,True,0.4580177005163218
paper_9f6a916d2362364c4772,T1a_ACRONYM,6623,8,5.636236144483417,8.51009534121005,3,1519,379,True,0.4841441946473859
paper_2816bab6cf493c5dae75,T1a_ACRONYM,7372,5,3.926640937536596,5.326425579946549,3,1519,379,True,0.4841441946473859
paper_0c6ab339e1fc81e69363,T1a_ACRONYM,7315,3,5.118949060994478,6.997879782630864,4,1519,379,True,0.4491919566382406
paper_0c493d1aba033d49a5c8,T1a_ACRONYM,9366,9,6.564184928550627,7.008525441544551,1,1518,380,True,0.4589931424143901
paper_778169486c30445ecba2,T1a_ACRONYM,10451,7,7.769805099613235,7.434508754772974,4,1519,379,True,0.4491919566382406
paper_53fb745495c413ce93d7,T1a_ACRONYM,12920,7,8.737027052713511,6.76240483956154,2,1518,380,True,0.4580177005163218
paper_1e8373c0fc60886c7495,T1a_ACRONYM,11129,0,8.169194240405242,7.340456681108134,2,1518,380,True,0.4580177005163218
paper_09318a44abac513252df,T1a_ACRONYM,7889,10,6.083295092683677,7.711110524380374,4,1519,379,True,0.4491919566382406
paper_c84490476cf833bb6ee5,T1a_ACRONYM,10143,23,7.194421519353179,7.092991737506832,3,1519,379,True,0.4841441946473859
paper_d792d6f81b5dfd11ffa9,T1a_ACRONYM,34461,14,15.667313676534613,4.5463897381197915,4,1519,379,True,0.4491919566382406
paper_a717d2db5cddad911222,T1a_ACRONYM,11566,10,8.710450330859919,7.531082769202765,3,1519,379,True,0.4841441946473859
paper_4ad3f9a094b434800a09,T1a_ACRONYM,10883,14,8.34515961742531,7.668069114605632,3,1519,379,True,0.4841441946473859
paper_16f8ba6c956f29329d5d,T1a_ACRONYM,7288,17,4.586956745999337,6.293848444016653,4,1519,379,True,0.4491919566382406
paper_775561e5dc791ef2cb02,T1a_ACRONYM,13254,9,8.771109522243288,6.617707501315293,2,1518,380,True,0.4580177005163218
paper_c93f4d1eb777164982f5,T1a_ACRONYM,6645,7,6.695671165243054,10.076254575234092,0,1518,380,True,0.4376979058691792
paper_970b5a6ef6657c8631b9,T1a_ACRONYM,8511,1,7.242800733833707,8.50992919026402,0,1518,380,True,0.4376979058691792
paper_b4bcc0e4ecfb791477ab,T1a_ACRONYM,13724,18,8.754510147368586,6.3789785393242395,0,1518,380,True,0.4376979058691792
paper_3fa14c53e2d79e3ad20a,T1a_ACRONYM,14663,2,11.136955838148104,7.595277800005527,1,1518,380,True,0.4589931424143901
paper_1a1142f66516739f76d7,T1a_ACRONYM,11065,27,6.834539739233771,6.176719149781989,1,1518,380,True,0.4589931424143901
paper_95b22bce0467e698efc2,T1a_ACRONYM,2637,3,1.5557346611975424,5.899638457328565,0,1518,380,True,0.4376979058691792
paper_b32b648f3c2ffeaead45,T1a_ACRONYM,8267,11,6.714831945525882,8.122453060996591,3,1519,379,True,0.4841441946473859
paper_890ef2be2fd45f1127d6,T1a_ACRONYM,7061,3,5.635796174816467,7.981583592715575,1,1518,380,True,0.4589931424143901
paper_4b3e2d7da58e94877ec3,T1a_ACRONYM,12851,6,9.813500055848786,7.636370753909258,4,1519,379,True,0.4491919566382406
paper_8960d35e4e7e918f25b3,T1a_ACRONYM,6904,2,5.312095271761714,7.694228377406886,1,1518,380,True,0.4589931424143901
paper_21834382df5f88983fdc,T1a_ACRONYM,20506,3,15.433712814765478,7.526437537679448,1,1518,380,True,0.4589931424143901
paper_c7f4c59a783a734322b2,T1a_ACRONYM,10962,4,8.275637790882637,7.549386782414374,0,1518,380,True,0.4376979058691792
paper_04e03066f4102df0b9bd,T1a_ACRONYM,6983,2,5.3604636290984065,7.676447986679659,1,1518,380,True,0.4589931424143901
paper_57e0d2b061547e81fe80,T1a_ACRONYM,11646,10,9.231686142461339,7.926915801529571,2,1518,380,True,0.4580177005163218
paper_53d17039ee6ced32c298,T1a_ACRONYM,14492,1,10.964846459095524,7.5661374959257,4,1519,379,True,0.4491919566382406
paper_5d3f229a06477354b1d3,T1a_ACRONYM,6096,2,4.186544479023288,6.867691074513268,1,1518,380,True,0.4589931424143901
paper_e5dc74b751031ccb7720,T1a_ACRONYM,5566,1,4.766269166014613,8.563185709692082,2,1518,380,True,0.4580177005163218
paper_4c0eb8dcf14576cf473f,T1a_ACRONYM,15356,2,8.83640867154221,5.754368762400501,2,1518,380,True,0.4580177005163218
paper_d27746fdbaa397643691,T1a_ACRONYM,4598,2,3.1350504521958995,6.818291544575684,1,1518,380,True,0.4589931424143901
paper_80d36bad09e524926b91,T1a_ACRONYM,11530,12,8.505603885767375,7.376933118618712,0,1518,380,True,0.4376979058691792
paper_8a7dd54331fb7be1436f,T1a_ACRONYM,3859,4,3.268608732957747,8.470092596418105,3,1519,379,True,0.4841441946473859
paper_54617090ee3a4ee67d68,T1a_ACRONYM,20040,5,11.392200834210218,5.68473095519472,4,1519,379,True,0.4491919566382406
paper_5ed85dc4f61a99174a36,T1a_ACRONYM,7576,9,6.323946451799287,8.347342201424613,2,1518,380,True,0.4580177005163218
paper_fa75a4f2748abb5e22fe,T1a_ACRONYM,10399,3,7.575871603363104,7.285192425582367,4,1519,379,True,0.4491919566382406
paper_84bfef96fdaac2859085,T1a_ACRONYM,11354,8,8.025711625731056,7.0686204207601335,3,1519,379,True,0.4841441946473859
paper_aa644bb19b81f26fb841,T1a_ACRONYM,8489,9,5.686177841039332,6.698289363929005,1,1518,380,True,0.4589931424143901
paper_855a30d7906bf1696f18,T1a_ACRONYM,13236,9,9.352556021493628,7.065998807414345,1,1518,380,True,0.4589931424143901
paper_5d9ec214dc67ffded139,T1a_ACRONYM,7863,4,5.597642504680333,7.118965413557589,4,1519,379,True,0.4491919566382406
paper_ec8873bb62d0b10bc6b8,T1a_ACRONYM,16319,1,12.198064728036233,7.4747623800700005,3,1519,379,True,0.4841441946473859
paper_5117e27e180792a8db1b,T1a_ACRONYM,6113,2,4.759662336701177,7.78613174660752,2,1518,380,True,0.4580177005163218
paper_81299702e47fe70c2f7d,T1a_ACRONYM,14529,7,10.575034223934745,7.2785699111671445,0,1518,380,True,0.4376979058691792
paper_0b1461dccc4a77e918bf,T1a_ACRONYM,9192,3,7.301526115393947,7.943348689506034,4,1519,379,True,0.4491919566382406
paper_51c9758340f260242d9e,T1a_ACRONYM,16732,17,12.241727507765203,7.316356387619653,3,1519,379,True,0.4841441946473859
paper_8c839b9120e4ee048bb7,T1a_ACRONYM,6885,8,5.070925837601624,7.365179139581153,0,1518,380,True,0.4376979058691792
paper_bc441e9581da32646cbe,T1a_ACRONYM,9783,4,6.532283331045271,6.677178095722448,4,1519,379,True,0.4491919566382406
paper_f2732436a0eceaabb00c,T1a_ACRONYM,13095,13,8.71567193693576,6.65572503775163,3,1519,379,True,0.4841441946473859
paper_3c99e282d4bc4d094822,T1a_ACRONYM,11670,5,8.278701590379875,7.094003076589439,4,1519,379,True,0.4491919566382406
paper_5aa1212f7b54253ae0bd,T1a_ACRONYM,8183,0,5.456955460828982,6.66864898060489,4,1519,379,True,0.4491919566382406
paper_cda09ee73200c86e8531,T1a_ACRONYM,8960,0,6.389018223983938,7.130600696410645,3,1519,379,True,0.4841441946473859
paper_03cdba0d9cb94685678b,T1a_ACRONYM,6679,1,4.583857790835692,6.86308996980939,4,1519,379,True,0.4491919566382406
paper_edf2526887b73f01404b,T1a_ACRONYM,12316,6,9.663518222401622,7.846312294902259,0,1518,380,True,0.4376979058691792
paper_3a30f676a58dc9a464f9,T1a_ACRONYM,6551,8,5.669030316224727,8.653686942794575,2,1518,380,True,0.4580177005163218
paper_edc47b2e1d89bd1d57c6,T1a_ACRONYM,10138,19,8.65956054243203,8.541685285492237,2,1518,380,True,0.4580177005163218
paper_9599a41bff7c970bb27a,T1a_ACRONYM,6700,16,5.277820282201264,7.8773437047780055,4,1519,379,True,0.4491919566382406
paper_a49fcbc0b13ed1d5644a,T1a_ACRONYM,17721,11,12.30507106808091,6.943779170521364,4,1519,379,True,0.4491919566382406
paper_0e42ce275b00cae15eee,T1a_ACRONYM,9909,10,6.904886354269765,6.9682978648398075,4,1519,379,True,0.4491919566382406
paper_67485c94fa39ecb204eb,T1a_ACRONYM,9856,2,5.117284748461977,5.192050272384311,3,1519,379,True,0.4841441946473859
paper_9a0a6ddc3ec36d638255,T1a_ACRONYM,10627,18,8.43195924715238,7.93446809744272,1,1518,380,True,0.4589931424143901
paper_a4394a188c62cb17c7b1,T1a_ACRONYM,15103,8,11.029658435942434,7.302958641291422,3,1519,379,True,0.4841441946473859
paper_a15d6db1e341ca841faa,T1a_ACRONYM,11181,8,8.679051540708262,7.762321385124999,0,1518,380,True,0.4376979058691792
paper_0a926d479528ed19bc99,T1a_ACRONYM,14314,1,11.42469096098854,7.98148034161558,4,1519,379,True,0.4491919566382406
paper_493fb857dd45cdb882e0,T1a_ACRONYM,10840,2,8.64401260666093,7.974181371458421,4,1519,379,True,0.4491919566382406
paper_1d252e6c327bda31dd7e,T1a_ACRONYM,10190,27,9.550079633380191,9.372011416467313,0,1518,380,True,0.4376979058691792
paper_8b46e4cd6754ee0428f9,T1a_ACRONYM,21899,35,15.950319780565891,7.2835836250814605,1,1518,380,True,0.4589931424143901
paper_ff188907dc0778979d1c,T1a_ACRONYM,11998,2,9.067572697212704,7.557570176039926,4,1519,379,True,0.4491919566382406
paper_d678f6fc8a4d5743f615,T1a_ACRONYM,18246,12,10.240589809495757,5.612512227061141,0,1518,380,True,0.4376979058691792
paper_175cea1b3d393b2e4039,T1a_ACRONYM,7609,11,5.131254934367667,6.743665309985106,3,1519,379,True,0.4841441946473859
paper_a7a15a187cddf7b367fc,T1a_ACRONYM,13074,12,9.48487950426892,7.254764803632339,0,1518,380,True,0.4376979058691792
paper_ecddf5eff1d2c66dff43,T1a_ACRONYM,7799,5,5.3808733287557935,6.899440093288618,2,1518,380,True,0.4580177005163218
paper_055c30f255961e07a80e,T1a_ACRONYM,12978,5,9.112163863138976,7.021238914423621,3,1519,379,True,0.4841441946473859
paper_dfa4c04d49179c51031d,T1a_ACRONYM,15131,15,11.52535614165159,7.617048537209432,2,1518,380,True,0.4580177005163218
paper_782ce051c047673034e3,T1a_ACRONYM,8661,8,6.9066186142542065,7.974389347943894,1,1518,380,True,0.4589931424143901
paper_1feb6909cbbda0d14bb7,T1a_ACRONYM,11938,13,8.649504707668443,7.245354923495094,2,1518,380,True,0.4580177005163218
paper_8f19b4cda93b876f475f,T1a_ACRONYM,16155,13,10.078404633734628,6.238566780399027,3,1519,379,True,0.4841441946473859
paper_f70c8739c330b884890d,T1a_ACRONYM,12966,20,9.908913605588475,7.642228602181455,1,1518,380,True,0.4589931424143901
paper_a594296131ac7ea8953d,T1a_ACRONYM,9429,3,4.854268174444346,5.1482322350666525,3,1519,379,True,0.4841441946473859
paper_1b844234ac51fc5e241d,T1a_ACRONYM,6055,10,4.903759092702592,8.098693794719392,2,1518,380,True,0.4580177005163218
paper_d21f5d7ebe96b45203db,T1a_ACRONYM,14075,2,9.468734285708758,6.727342298904978,3,1519,379,True,0.4841441946473859
paper_18933680bc8a2e259970,T1a_ACRONYM,12134,5,8.5704080177658,7.063135007224163,0,1518,380,True,0.4376979058691792
paper_b1fe02bb3a07180ef22e,T1a_ACRONYM,8773,4,5.9238841455989695,6.752404132678638,3,1519,379,True,0.4841441946473859
paper_399904f8f248fb660bce,T1a_ACRONYM,14346,2,8.352948435175211,5.8224929842292,1,1518,380,True,0.4589931424143901
paper_5a3d978656bfefcfcaa1,T1a_ACRONYM,11689,6,8.429209507064398,7.211232361249377,0,1518,380,True,0.4376979058691792
paper_de9b6276a7e3d55ce897,T1a_ACRONYM,7361,0,3.7436769311852482,5.085826560501628,3,1519,379,True,0.4841441946473859
paper_66f9d0a1b30b85daca1d,T1a_ACRONYM,16295,15,11.408046879174123,7.000949296823641,0,1518,380,True,0.4376979058691792
paper_922e19bc2468753745b5,T1a_ACRONYM,12425,3,8.784593835189757,7.070095642003828,0,1518,380,True,0.4376979058691792
paper_062d61e43a982ff71818,T1a_ACRONYM,8290,5,5.070571511273509,6.116491569690602,2,1518,380,True,0.4580177005163218
paper_baf7e482899e4dc7153e,T1a_ACRONYM,8386,5,7.013778718198948,8.36367602933335,0,1518,380,True,0.4376979058691792
paper_6a13a27f7b0b3686ceab,T1a_ACRONYM,6308,2,5.318239607381638,8.430944209546032,0,1518,380,True,0.4376979058691792
paper_955110ae6783fdfb11b5,T1a_ACRONYM,5465,6,4.4144446742475125,8.077666375567269,3,1519,379,True,0.4841441946473859
paper_16c13df8cf3bc9f0e47f,T1a_ACRONYM,11918,29,9.776818482474395,8.203405338542034,2,1518,380,True,0.4580177005163218
paper_80824adaef46809e108f,T1a_ACRONYM,9920,12,7.291904725215307,7.350710408483173,3,1519,379,True,0.4841441946473859
paper_ff0c331a8a77ddf76be8,T1a_ACRONYM,18941,10,12.177669482056448,6.429264284914444,2,1518,380,True,0.4580177005163218
paper_e9cc144b1569d2cdff5b,T1a_ACRONYM,13998,12,9.820421823860553,7.015589244078121,1,1518,380,True,0.4589931424143901
paper_ad5bedf728d7e17bb2b9,T1a_ACRONYM,8816,11,5.7982272068272085,6.576936486872968,3,1519,379,True,0.4841441946473859
paper_a090533a9bc941a8e914,T1a_ACRONYM,7151,4,5.873021001343911,8.212866733804939,0,1518,380,True,0.4376979058691792
paper_6937cc47e2b2f2fc2447,T1a_ACRONYM,14810,8,8.028625970686537,5.42108438263777,0,1518,380,True,0.4376979058691792
paper_5177e78aa7edb3917eb8,T1a_ACRONYM,17009,9,11.553579531527719,6.7926271571095995,2,1518,380,True,0.4580177005163218
paper_5e64be4ff3964f930a88,T1a_ACRONYM,5341,7,4.360746248307957,8.164662513214672,1,1518,380,True,0.4589931424143901
paper_7c9969be007d847e2a5b,T1a_ACRONYM,8662,0,6.562190907331857,7.575838036633407,2,1518,380,True,0.4580177005163218
paper_a1dae4a529f70040f50b,T1a_ACRONYM,16311,11,11.981354162725042,7.345566895178126,2,1518,380,True,0.4580177005163218
paper_eebf3854a3fb0b3a28f8,T1a_ACRONYM,14571,16,9.79947354218503,6.725326705226155,0,1518,380,True,0.4376979058691792
paper_0b6cd25028499f328ff1,T1a_ACRONYM,18354,4,9.48433117375216,5.167446427891555,4,1519,379,True,0.4491919566382406
paper_3ca537be4562a4063d11,T1a_ACRONYM,15501,9,10.94019417098528,7.057734450025984,0,1518,380,True,0.4376979058691792
paper_0199bd2da3a1c6ae84f4,T1a_ACRONYM,10885,18,8.60735113900523,7.907534349109076,4,1519,379,True,0.4491919566382406
paper_08cf395c399c4d933099,T1a_ACRONYM,11727,45,9.138252530892117,7.792489580363363,4,1519,379,True,0.4491919566382406
paper_65a1f093c8c0135bc3bf,T1a_ACRONYM,19703,10,12.91548159921147,6.555083793945831,2,1518,380,True,0.4580177005163218
paper_6df4b9381be6592f7484,T1a_ACRONYM,12067,10,8.173164520224832,6.773153658925028,4,1519,379,True,0.4491919566382406
paper_5d5120a2cf840faee937,T1a_ACRONYM,30995,6,20.38680309808144,6.577448975022242,3,1519,379,True,0.4841441946473859
paper_9fa83136d84c37a01604,T1a_ACRONYM,13933,12,10.54030696340416,7.5649945908305165,1,1518,380,True,0.4589931424143901
paper_4b5de98008af881ee21a,T1a_ACRONYM,11621,10,8.504749057213335,7.318431337417895,4,1519,379,True,0.4491919566382406
paper_62e38605fad8c2e0939c,T1a_ACRONYM,4500,0,3.326925925440643,7.393168723201429,2,1518,380,True,0.4580177005163218
paper_01b1a99273fd65abd9d2,T1a_ACRONYM,9778,5,7.911636570837577,8.091262600570236,0,1518,380,True,0.4376979058691792
paper_1b2d682df72364320fe4,T1a_ACRONYM,14969,3,10.730285200219239,7.168338032079124,4,1519,379,True,0.4491919566382406
paper_ce55e30ff5f95d5e96ef,T1a_ACRONYM,13078,19,8.457519607765988,6.466982419151237,4,1519,379,True,0.4491919566382406
paper_93dd7c8966c620ee897b,T1a_ACRONYM,10080,4,5.8597994246374565,5.813293079997477,3,1519,379,True,0.4841441946473859
paper_19eb043baf2285e21e04,T1a_ACRONYM,15037,1,11.545960480004766,7.67836701470025,2,1518,380,True,0.4580177005163218
paper_b9c2648598a28dbc45e5,T1a_ACRONYM,15968,10,10.708614106417208,6.706296409329414,1,1518,380,True,0.4589931424143901
paper_f8503ebcd0d534154ebf,T1a_ACRONYM,16162,5,8.813125213959767,5.452991717584313,2,1518,380,True,0.4580177005163218
paper_1b11e7b26c9ebc36aa86,T1a_ACRONYM,6982,3,5.57442096593175,7.983988779621526,0,1518,380,True,0.4376979058691792
paper_431ab1e76408d8b002e7,T1a_ACRONYM,8290,2,5.150423705986721,6.212815085629337,0,1518,380,True,0.4376979058691792
paper_d06e930f808cbd4ab74f,T1a_ACRONYM,11730,5,7.627051906798797,6.5021755386179,1,1518,380,True,0.4589931424143901
paper_58dc7bf59571d08cde21,T1a_ACRONYM,13266,6,9.180282717023424,6.920158839909109,2,1518,380,True,0.4580177005163218
paper_b02b1015a4d81c005688,T1a_ACRONYM,11893,11,6.552396629304889,5.509456511649616,4,1519,379,True,0.4491919566382406
paper_3fc8a85d099cd7bdb806,T1a_ACRONYM,11669,2,8.489288371356754,7.275077874159528,4,1519,379,True,0.4491919566382406
paper_e979bea55b68466950a5,T1a_ACRONYM,8502,11,6.318588403043686,7.431884736583964,2,1518,380,True,0.4580177005163218
paper_22e2b4a6a3827317eea9,T1a_ACRONYM,12926,7,9.35191797777607,7.234966716521794,4,1519,379,True,0.4491919566382406
paper_cd99825e674af93f54a0,T1a_ACRONYM,14692,8,10.103798889759668,6.877075204029177,1,1518,380,True,0.4589931424143901
paper_ef33c31cea19815c1c79,T1a_ACRONYM,8397,3,6.465546218288026,7.699828770141748,3,1519,379,True,0.4841441946473859
paper_8a987e6947819af780cc,T1a_ACRONYM,5842,5,3.3174863635871166,5.678682580601021,2,1518,380,True,0.4580177005163218
paper_32ea73c0ca7c36f3722d,T1a_ACRONYM,19885,13,12.176790203660312,6.1236058353836125,1,1518,380,True,0.4589931424143901
paper_5bb169e3d0a7bddf67d2,T1a_ACRONYM,4076,7,3.7597558333474885,9.224131092609147,3,1519,379,True,0.4841441946473859
paper_bc125e70842da3448cfd,T1a_ACRONYM,8853,1,6.10794945611551,6.899299058076934,0,1518,380,True,0.4376979058691792
paper_8fdd0bc61f21dd1b43b1,T1a_ACRONYM,10514,4,8.125998352124752,7.72874106156054,2,1518,380,True,0.4580177005163218
paper_b4dd9247e6ebd7246d8d,T1a_ACRONYM,11093,3,8.120802048105347,7.32065451014635,2,1518,380,True,0.4580177005163218
paper_42334e1af55a71821a6f,T1a_ACRONYM,19073,9,11.610767065669817,6.087541061012854,3,1519,379,True,0.4841441946473859
paper_1bcacd02dc9d094de149,T1a_ACRONYM,19266,19,12.885202878685023,6.688052983849799,2,1518,380,True,0.4580177005163218
paper_aefd1f6c29e982b9aba9,T1a_ACRONYM,10945,3,7.8359852399006105,7.159420045592152,0,1518,380,True,0.4376979058691792
paper_915e8135f2cd2d3c8c56,T1a_ACRONYM,12275,1,8.099503429987044,6.598373466384557,1,1518,380,True,0.4589931424143901
paper_d9833886b4d05e7f2e35,T1a_ACRONYM,8450,6,5.64507234475485,6.680558987875563,4,1519,379,True,0.4491919566382406
paper_52abb83deeb3327b3c1c,T1a_ACRONYM,8759,6,5.5563104015102756,6.3435442419343255,0,1518,380,True,0.4376979058691792
paper_83ca826490ae45e8980a,T1a_ACRONYM,15822,13,10.764089007820282,6.803241693730427,0,1518,380,True,0.4376979058691792
paper_70c25393cf57bb9d618f,T1a_ACRONYM,17907,5,11.812893717435566,6.596802209993615,1,1518,380,True,0.4589931424143901
paper_2485cc3b0b3e093b7107,T1a_ACRONYM,10186,8,6.55094218126634,6.431319636036069,1,1518,380,True,0.4589931424143901
paper_27cb55815739afd98af7,T1a_ACRONYM,11259,10,8.777710259916503,7.796172182180038,0,1518,380,True,0.4376979058691792
paper_9da2bc17ec9305bccac4,T1a_ACRONYM,11998,1,7.62631932515607,6.356325491878705,1,1518,380,True,0.4589931424143901
paper_6ab82d7f74d54ba2b45b,T1a_ACRONYM,12686,12,9.897216986406548,7.801684523416797,2,1518,380,True,0.4580177005163218
paper_308f18501b581689186e,T1a_ACRONYM,22104,7,14.182291795664009,6.416165307484622,0,1518,380,True,0.4376979058691792
paper_4e3de9e4ca79ed351723,T1a_ACRONYM,10192,4,6.6502805096145945,6.525000500014319,0,1518,380,True,0.4376979058691792
paper_ee7c71ddf35bb891ca6e,T1a_ACRONYM,13240,11,9.89730297748482,7.475304363659229,1,1518,380,True,0.4589931424143901
paper_4859ded345b5dbd2b97c,T1a_ACRONYM,13490,10,10.772628989342543,7.985640466525235,2,1518,380,True,0.4580177005163218
paper_2e7c7ada2c0738c9576e,T1a_ACRONYM,10594,1,6.146616067538269,5.8019785421354255,3,1519,379,True,0.4841441946473859
paper_f58eacffb09f17790ad5,T1a_ACRONYM,14749,3,11.80248300415467,8.002225916438178,4,1519,379,True,0.4491919566382406
paper_bcb1bb37ecd7b206ef6c,T1a_ACRONYM,6416,0,5.412507495007153,8.435953078253045,0,1518,380,True,0.4376979058691792
paper_8bb002fe8cccfd64ca1e,T1a_ACRONYM,9219,9,6.691710178326288,7.258607417644307,4,1519,379,True,0.4491919566382406
paper_67304a9245b9d6c41626,T1a_ACRONYM,15925,14,12.173251889339534,7.644114216225767,2,1518,380,True,0.4580177005163218
paper_c5b615402973f803a7b8,T1a_ACRONYM,11004,7,8.635311918167856,7.8474299510794765,4,1519,379,True,0.4491919566382406
paper_23bd7483f03e3dc47e65,T1a_ACRONYM,10461,4,6.749531057170899,6.452089721031354,3,1519,379,True,0.4841441946473859
paper_cc6a2028eec5a9992a53,T1a_ACRONYM,12447,4,9.155132494178055,7.355292435267981,3,1519,379,True,0.4841441946473859
paper_5c5468e8db87cf4687b4,T1a_ACRONYM,3377,1,2.092196830292873,6.19543035325103,2,1518,380,True,0.4580177005163218
paper_497c880f073700a9f3b6,T1a_ACRONYM,17276,5,11.567733498669806,6.695840182142745,0,1518,380,True,0.4376979058691792
paper_6c857c7f5b054f3ce2d8,T1a_ACRONYM,7057,6,6.2927522450010445,8.91703591469611,0,1518,380,True,0.4376979058691792
paper_8f520ff7860cf53ac854,T1a_ACRONYM,13880,8,9.624437880990632,6.934033055468755,1,1518,380,True,0.4589931424143901
paper_5e4f95cfed598276c079,T1a_ACRONYM,11993,2,5.705393803871334,4.757269910674005,3,1519,379,True,0.4841441946473859
paper_37194af53f35694697e8,T1a_ACRONYM,6391,4,5.1611859685886206,8.075709542463809,1,1518,380,True,0.4589931424143901
paper_b3ceb4a520b9f342d813,T1a_ACRONYM,11503,1,7.011407988707789,6.0952864371970685,1,1518,380,True,0.4589931424143901
paper_0ed9f754b3e6923e604c,T1a_ACRONYM,6918,0,3.728041693729279,5.388900973878692,2,1518,380,True,0.4580177005163218
paper_9b30186cd2607b9088db,T1a_ACRONYM,4789,5,3.0185323562709003,6.303053573336605,2,1518,380,True,0.4580177005163218
paper_ac4bfb5f517ae06eb2b2,T1a_ACRONYM,6788,17,5.949631135204947,8.764925066595385,3,1519,379,True,0.4841441946473859
paper_60f5f94262dd41f89bd9,T1a_ACRONYM,10474,12,7.929865217473948,7.570999825734148,2,1518,380,True,0.4580177005163218
paper_c3ba08e6e7ad226f7d60,T1a_ACRONYM,14648,8,11.606625264338046,7.9236928347474365,2,1518,380,True,0.4580177005163218
paper_d3384a041b7bca380507,T1a_ACRONYM,6765,14,4.898568637291736,7.2410475052353815,4,1519,379,True,0.4491919566382406
paper_4cbcef64f6b0ab42d544,T1a_ACRONYM,9339,6,6.205709533117894,6.644940071868396,4,1519,379,True,0.4491919566382406
paper_dac18f93f70a297cc71f,T1a_ACRONYM,7748,3,5.78510082336713,7.466573081268882,3,1519,379,True,0.4841441946473859
paper_71526057ddf6ed98608d,T1a_ACRONYM,9830,3,6.833749576566021,6.951932427839289,2,1518,380,True,0.4580177005163218
paper_19bccdea426791268379,T1a_ACRONYM,8184,3,4.57579567202783,5.591148181852187,1,1518,380,True,0.4589931424143901
paper_879cd01f80e1e8f539ed,T1a_ACRONYM,20043,20,15.09980417875577,7.533704624435348,2,1518,380,True,0.4580177005163218
paper_3c84f02b8eaced276e0a,T1a_ACRONYM,8249,1,6.9114277787709995,8.378503792909443,1,1518,380,True,0.4589931424143901
paper_3b5376f517a21dde4409,T1a_ACRONYM,11881,11,9.117523460144794,7.674037084542374,0,1518,380,True,0.4376979058691792
paper_f2df7ccb209401340a47,T1a_ACRONYM,14098,4,7.0960629465345,5.0333827114019725,2,1518,380,True,0.4580177005163218
paper_76556fecca66ba0e9e6a,T1a_ACRONYM,6579,3,5.140308695137966,7.81320671095602,1,1518,380,True,0.4589931424143901
paper_16e3b97c39963ad0d408,T1a_ACRONYM,6328,5,4.593926895862971,7.259682199530611,2,1518,380,True,0.4580177005163218
paper_21f15a45a92ab9eac758,T1a_ACRONYM,11671,3,8.289684005014895,7.102805248063486,3,1519,379,True,0.4841441946473859
paper_79d78e8d8151207b6cdd,T1a_ACRONYM,10881,5,6.694871724774798,6.152809231481296,1,1518,380,True,0.4589931424143901
paper_1162d660a2adeef19f80,T1a_ACRONYM,7771,0,5.322178681859464,6.848769375703853,1,1518,380,True,0.4589931424143901
paper_ef887352855c8b0457da,T1a_ACRONYM,9286,14,5.209166257042943,5.609698747623243,3,1519,379,True,0.4841441946473859
paper_77c64d4a9868be28d5b9,T1a_ACRONYM,8177,13,6.0287087273426625,7.372763516378455,3,1519,379,True,0.4841441946473859
paper_0f02388cc6596059d73d,T1a_ACRONYM,13983,4,9.48752732919776,6.785044217405249,3,1519,379,True,0.4841441946473859
paper_cbd6f37a37686d0e5adc,T1a_ACRONYM,9926,6,7.404389917150482,7.459590889734517,0,1518,380,True,0.4376979058691792
paper_6afa673dc4b47dad1ddc,T1a_ACRONYM,15805,3,10.087192590589845,6.382279399297593,3,1519,379,True,0.4841441946473859
paper_f1d1c455ef7cbe17c485,T1a_ACRONYM,9145,12,7.294809946229943,7.976828809436789,1,1518,380,True,0.4589931424143901
paper_a7848c6c4a9124568eeb,T1a_ACRONYM,13439,6,10.510150070430882,7.820634028150072,3,1519,379,True,0.4841441946473859
paper_8bd9081f061e68e47e08,T1a_ACRONYM,13119,2,10.068587603741651,7.67481332703838,0,1518,380,True,0.4376979058691792
paper_47d103fcb7d4e1006600,T1a_ACRONYM,8100,4,5.745939796095267,7.093752834685514,4,1519,379,True,0.4491919566382406
paper_7734cbe4a04d563059d5,T1a_ACRONYM,9922,6,6.493245868518847,6.5442913409784795,0,1518,380,True,0.4376979058691792
paper_d29c71e3e69f4f648307,T1a_ACRONYM,10656,3,7.636279128417274,7.1661778607519455,1,1518,380,True,0.4589931424143901
paper_3be124ecfb9b58037f0f,T1a_ACRONYM,4633,5,3.744431957552649,8.082089267327108,3,1519,379,True,0.4841441946473859
paper_9fabce227dfc07a77111,T1a_ACRONYM,9665,13,6.740816080530562,6.974460507532915,4,1519,379,True,0.4491919566382406
paper_32f9f4fea8cbf3bf5a54,T1a_ACRONYM,12023,4,7.137738978069694,5.936737069009145,4,1519,379,True,0.4491919566382406
paper_ee3d57081101cfdd36c4,T1a_ACRONYM,10704,8,7.167478722013926,6.696075039250678,1,1518,380,True,0.4589931424143901
paper_6fe4ed2ca1bcadc2abc6,T1a_ACRONYM,18945,11,12.233842111701474,6.4575571980477555,1,1518,380,True,0.4589931424143901
paper_ed1226d165d2ad665a0d,T1a_ACRONYM,8775,3,6.744272087909982,7.685780157162373,0,1518,380,True,0.4376979058691792
paper_e1e31b9c839d71af8b7b,T1a_ACRONYM,5733,2,4.38222972646459,7.643868352458731,4,1519,379,True,0.4491919566382406
paper_81aa2b919d1c92a07a7d,T1a_ACRONYM,10207,7,6.819972215720484,6.681661816126662,4,1519,379,True,0.4491919566382406
paper_d97c78f84fbbd25fd681,T1a_ACRONYM,10115,1,7.657193390717991,7.570136817318824,3,1519,379,True,0.4841441946473859
paper_feb0bfac9268de917c23,T1a_ACRONYM,7994,9,6.001571268788011,7.507594782071568,1,1518,380,True,0.4589931424143901
paper_9fe3574541257f9f6861,T1a_ACRONYM,7943,1,5.392193703791926,6.788610982993737,1,1518,380,True,0.4589931424143901
paper_6bd65aee24acf9ac5556,T1a_ACRONYM,8064,7,6.111610935847652,7.57888260893806,0,1518,380,True,0.4376979058691792
paper_b06cab9034f967174a3b,T1a_ACRONYM,5793,3,4.382737303753671,7.565574492928828,4,1519,379,True,0.4491919566382406
paper_0bdee45a81a51102cccb,T1a_ACRONYM,8432,3,6.192707565654291,7.344292653764577,0,1518,380,True,0.4376979058691792
paper_e34faad0d80e3ef8c772,T1a_ACRONYM,7424,9,5.7197617650159716,7.704420480894359,3,1519,379,True,0.4841441946473859
paper_2f00f47594081b2b7cf2,T1a_ACRONYM,8033,0,6.246765055531481,7.776378757041554,0,1518,380,True,0.4376979058691792
paper_036120c861457dcce7d9,T1a_ACRONYM,8775,1,6.023135510690074,6.8639720919545,4,1519,379,True,0.4491919566382406
paper_4195a2042ff23fd32be7,T1a_ACRONYM,11193,10,10.45964091823179,9.344805609069766,1,1518,380,True,0.4589931424143901
paper_02b80fd6fb30dabc0c60,T1a_ACRONYM,14260,15,11.304453607388021,7.927386821450225,2,1518,380,True,0.4580177005163218
paper_8700bcc123dc5d3b937a,T1a_ACRONYM,13445,11,7.949034658581393,5.912260809655183,3,1519,379,True,0.4841441946473859
paper_86eceedcfd0d5b078898,T1a_ACRONYM,8135,7,6.0891248594810445,7.4850950946294335,2,1518,380,True,0.4580177005163218
paper_731b7c2ef2e17c9e721c,T1a_ACRONYM,7623,12,5.758192330106537,7.553708946748704,0,1518,380,True,0.4376979058691792
paper_63b2bcff2acd5cb805fc,T1a_ACRONYM,6247,8,4.329615093402005,6.9307108906707295,3,1519,379,True,0.4841441946473859
paper_9956e7467d861b09160c,T1a_ACRONYM,14646,7,10.960154842452724,7.483377606481445,1,1518,380,True,0.4589931424143901
paper_2b7d8c45688607f3563c,T1a_ACRONYM,11609,3,8.565242354266863,7.378105223763341,4,1519,379,True,0.4491919566382406
paper_f7fde946891c3a207f64,T1a_ACRONYM,11993,8,6.957980921282917,5.8017017604293475,3,1519,379,True,0.4841441946473859
paper_eee7ac052c3ad5dbac4d,T1a_ACRONYM,4836,3,4.163152084709935,8.608668496091678,1,1518,380,True,0.4589931424143901
paper_f6efd567918cb5b94869,T1a_ACRONYM,7254,3,4.716059800776956,6.50132313313614,4,1519,379,True,0.4491919566382406
paper_7cab5ff6b0a1500077e4,T1a_ACRONYM,9532,1,4.247997098392651,4.456564308007398,2,1518,380,True,0.4580177005163218
paper_6f3d4a5d21e0ed96c7f4,T1a_ACRONYM,7559,4,5.5050848165902595,7.282821559188067,2,1518,380,True,0.4580177005163218
paper_87d385a369082cfa04ea,T1a_ACRONYM,9745,15,7.296010720231967,7.486927368119002,1,1518,380,True,0.4589931424143901
paper_b0b7e2f9a369dc5982ed,T1a_ACRONYM,6924,4,5.776629105747904,8.342907431756071,1,1518,380,True,0.4589931424143901
paper_bc8589e15444a333d1d8,T1a_ACRONYM,9279,2,6.9732249469979815,7.515060833061733,2,1518,380,True,0.4580177005163218
paper_df2d25df8f7320c47544,T1a_ACRONYM,8859,3,6.767824622685887,7.639490487285118,4,1519,379,True,0.4491919566382406
paper_76b794811fee9ac07dd8,T1a_ACRONYM,7338,4,4.612281701498025,6.285475199642989,3,1519,379,True,0.4841441946473859
paper_220a124e6cb07f9f4a46,T1a_ACRONYM,9560,3,6.343393941386257,6.63534931107349,2,1518,380,True,0.4580177005163218
paper_171bbac0ef4b02866477,T1a_ACRONYM,11446,10,8.343643496570225,7.289571463017844,1,1518,380,True,0.4589931424143901
paper_0c8fe79b1c0c17ae6ae2,T1a_ACRONYM,9343,7,7.753626477405262,8.29886169046908,1,1518,380,True,0.4589931424143901
paper_8ccd91a72bef8f3d8945,T1a_ACRONYM,14390,6,10.09465790874012,7.015050666254426,0,1518,380,True,0.4376979058691792
paper_948904efc93d1fe78090,T1a_ACRONYM,4685,1,3.315450128148486,7.076734531800396,4,1519,379,True,0.4491919566382406
paper_271e6a432146914f930d,T1a_ACRONYM,8516,2,4.356527187307138,5.115696556255446,3,1519,379,True,0.4841441946473859
paper_a8b9d2de30458b3c694c,T1a_ACRONYM,3265,3,2.5932180482102427,7.942474879663837,3,1519,379,True,0.4841441946473859
paper_3f7b8d5f291072c7e8ae,T1a_ACRONYM,5884,3,4.846746736672106,8.237163046689506,0,1518,380,True,0.4376979058691792
paper_b3ce66ab9cba7e56108e,T1a_ACRONYM,9426,9,7.6456034842459895,8.111185533891353,0,1518,380,True,0.4376979058691792
paper_d8ce8ef02100897f6cfe,T1a_ACRONYM,1882,3,0.9986418361137699,5.306279681794739,4,1519,379,True,0.4491919566382406
paper_31b1f115b8cc596da7d4,T1a_ACRONYM,7246,12,5.8802140959178075,8.115117438473375,3,1519,379,True,0.4841441946473859
paper_a15261b81ed3632a5f9e,T1a_ACRONYM,4500,5,3.2342827604063475,7.187295023125217,2,1518,380,True,0.4580177005163218
paper_bb31a3dfe6fe9c189420,T1a_ACRONYM,5212,0,3.884530033871044,7.453050717327406,1,1518,380,True,0.4589931424143901
paper_d873ca85f16991a1f582,T1a_ACRONYM,6958,3,5.415014651688427,7.782429795470577,0,1518,380,True,0.4376979058691792
paper_5e71184447da7eeffdaf,T1a_ACRONYM,11219,6,8.833853644450114,7.874011627105904,3,1519,379,True,0.4841441946473859
paper_07be32614e4c5b81b70e,T1a_ACRONYM,11213,2,7.7403193910956505,6.902987060640017,4,1519,379,True,0.4491919566382406
paper_aadc9a2a8ea2dc22b12f,T1a_ACRONYM,7264,8,5.521953242936835,7.601807878492338,3,1519,379,True,0.4841441946473859
paper_a51cb7e71e8b1382154c,T1a_ACRONYM,15331,0,10.994124841449851,7.171172683745256,3,1519,379,True,0.4841441946473859
paper_54ae55245e1f6a0c207d,T1a_ACRONYM,5669,7,4.6983454253117,8.287785191941614,0,1518,380,True,0.4376979058691792
paper_49ff3e4d6de323f6d710,T1a_ACRONYM,21795,8,17.803679081609417,8.1686988215689,4,1519,379,True,0.4491919566382406
paper_0c8802876de96d138888,T1a_ACRONYM,16949,12,11.263945876388252,6.645787879159981,0,1518,380,True,0.4376979058691792
paper_e64e81499208b440427e,T1a_ACRONYM,12357,4,9.051764508305645,7.325212032293959,3,1519,379,True,0.4841441946473859
paper_6989930cb7a4da8113ac,T1a_ACRONYM,114,0,0.06810867616831989,5.974445277922797,1,1518,380,True,0.4589931424143901
paper_b5bada64764fec60bada,T1a_ACRONYM,9207,6,6.4624524535291,7.019064248429565,2,1518,380,True,0.4580177005163218
paper_0f49cd856d017836aa53,T1a_ACRONYM,18355,10,14.417279374783948,7.854687755262298,4,1519,379,True,0.4491919566382406
paper_e8f2202196b5a57d4e54,T1a_ACRONYM,15624,1,11.721939715642185,7.502521579392079,4,1519,379,True,0.4491919566382406
paper_83b203869902df0cf6a7,T1a_ACRONYM,15255,6,8.358883477601863,5.479438530056941,2,1518,380,True,0.4580177005163218
paper_aeda8fb50291efef0433,T1a_ACRONYM,7436,5,5.7952986979024965,7.793570061730091,1,1518,380,True,0.4589931424143901
paper_2fcc3dcbe371ec40710f,T1a_ACRONYM,10330,6,7.116879371521445,6.889525045035281,1,1518,380,True,0.4589931424143901
paper_1f775b57bd412a071844,T1a_ACRONYM,12792,3,9.416014796199825,7.360862098342578,3,1519,379,True,0.4841441946473859
paper_f3571f86c75e5b1d0753,T1a_ACRONYM,8037,17,5.753066891766656,7.158226815685773,1,1518,380,True,0.4589931424143901
paper_1bf35d19faa763dc9570,T1a_ACRONYM,10824,8,7.633563659279113,7.052442405098958,1,1518,380,True,0.4589931424143901
paper_97aa61ef09c6239ca708,T1a_ACRONYM,9270,2,5.8060617469037945,6.263281280370868,1,1518,380,True,0.4589931424143901
paper_0d68ecbef45f9fc8cf90,T1a_ACRONYM,9281,1,8.86109507650062,9.547565000000667,2,1518,380,True,0.4580177005163218
paper_ff168db638406d844444,T1a_ACRONYM,6244,7,6.531259127998066,10.46005625880536,0,1518,380,True,0.4376979058691792
paper_084253dae7a7f19e544f,T1a_ACRONYM,11685,4,8.848182347482439,7.572257036784286,2,1518,380,True,0.4580177005163218
paper_cd2731529183196f2bcf,T1a_ACRONYM,18940,26,13.753728349970336,7.261736193226154,3,1519,379,True,0.4841441946473859
paper_6202a5d0ab54e3b90fed,T1a_ACRONYM,10776,3,8.014464934216763,7.437328261151414,1,1518,380,True,0.4589931424143901
paper_3e108b41eee96bc84a73,T1a_ACRONYM,11714,5,8.363200792317214,7.139491883487463,1,1518,380,True,0.4589931424143901
paper_7d92fa5aee2c2b1e19aa,T1a_ACRONYM,15770,8,11.75351762305072,7.4530866347816875,4,1519,379,True,0.4491919566382406
paper_0e0cbfc9d57327230fa0,T1a_ACRONYM,13393,8,9.109084814342994,6.801377446683338,2,1518,380,True,0.4580177005163218
paper_51baf8f76a84b0eddc34,T1a_ACRONYM,5950,0,5.49359532916682,9.232933326330791,0,1518,380,True,0.4376979058691792
paper_032e8214e52833140c11,T1a_ACRONYM,6730,1,5.427625079530583,8.064821812081103,0,1518,380,True,0.4376979058691792
paper_411c20623e599b3bc130,T1a_ACRONYM,11402,5,8.333119472724455,7.308471735418745,2,1518,380,True,0.4580177005163218
paper_370c6c87bd925031a235,T1a_ACRONYM,8490,7,6.184000526752952,7.283863989108306,0,1518,380,True,0.4376979058691792
paper_671daf0e5afd51aed570,T1a_ACRONYM,10705,3,8.057505074451461,7.52686134932411,0,1518,380,True,0.4376979058691792
paper_5093d6ac5a8e5e472584,T1a_ACRONYM,8283,3,6.246103137430145,7.5408706234820055,1,1518,380,True,0.4589931424143901
paper_dc139c5a1965f0979f7c,T1a_ACRONYM,6485,1,5.525814435175486,8.520916630956803,0,1518,380,True,0.4376979058691792
paper_258756920680bd1f8b41,T1a_ACRONYM,14590,15,9.959460584955654,6.8262238416419825,1,1518,380,True,0.4589931424143901
paper_7ed3f77231ae842e5419,T1a_ACRONYM,9259,16,7.314878621222216,7.900290119043327,0,1518,380,True,0.4376979058691792
paper_ccb8776b7ca226009209,T1a_ACRONYM,8739,5,6.6554022153638295,7.615748043670705,3,1519,379,True,0.4841441946473859
paper_b4a526f4cf31b7731a13,T1a_ACRONYM,21208,2,14.133396606987066,6.664181727172324,0,1518,380,True,0.4376979058691792
paper_521a166cf33467abb4c9,T1a_ACRONYM,8722,10,6.605225758856261,7.573063241064276,3,1519,379,True,0.4841441946473859
paper_c2594824199f77cecb79,T1a_ACRONYM,14248,2,7.275834718649312,5.106565636334441,1,1518,380,True,0.4589931424143901
paper_32ebfbcf6213e6953708,T1a_ACRONYM,13727,5,10.928252587976566,7.961136874755274,1,1518,380,True,0.4589931424143901
paper_3b2a3ac61ac3077a0fa9,T1a_ACRONYM,12241,8,8.513548675385868,6.954945409187051,4,1519,379,True,0.4491919566382406
paper_cbcccf219bd7c6074e8f,T1a_ACRONYM,8003,13,6.588645455647079,8.232719549727701,3,1519,379,True,0.4841441946473859
paper_d552f1c82ca1263f1680,T1a_ACRONYM,10846,6,8.586801153335186,7.917021162949646,1,1518,380,True,0.4589931424143901
paper_e52784c744c30f66d9a7,T1a_ACRONYM,5107,3,3.7158399218665483,7.275974000130307,2,1518,380,True,0.4580177005163218
paper_4df470ebcfb07bebccac,T1a_ACRONYM,6649,12,5.347805690626074,8.043022545685176,0,1518,380,True,0.4376979058691792
paper_ab042b6e501f115d6d6f,T1a_ACRONYM,6925,8,6.079301609395579,8.778774887213833,0,1518,380,True,0.4376979058691792
paper_ca020b57ac7dedaa6980,T1a_ACRONYM,1517,0,0.9780468093945984,6.44724330517204,0,1518,380,True,0.4376979058691792
paper_f9250f94ee2f5138280a,T1a_ACRONYM,238,0,0.13825552700009383,5.809055756306463,0,1518,380,True,0.4376979058691792
paper_a6d918b77d863d08418c,T1a_ACRONYM,8178,2,4.513069892449445,5.5185496361573065,0,1518,380,True,0.4376979058691792
paper_14fb686f8386f271498e,T1a_ACRONYM,6697,6,4.17676822286494,6.2367750080109605,2,1518,380,True,0.4580177005163218
paper_2409eb94a07222c8a7f7,T1a_ACRONYM,7201,10,5.855025135765678,8.130850070498095,4,1519,379,True,0.4491919566382406
paper_52b24e4b78c3befdc508,T1a_ACRONYM,9461,3,6.719905578994591,7.102743451003689,3,1519,379,True,0.4841441946473859
paper_f3358996f1aa09154e84,T1a_ACRONYM,18297,3,13.10981853351377,7.165009855994846,3,1519,379,True,0.4841441946473859
paper_b21deff1690bf3cd4ac7,T1a_ACRONYM,11728,4,8.995524279659094,7.670126432178626,4,1519,379,True,0.4491919566382406
paper_8c5d90b4ef3df0a6a79f,T1a_ACRONYM,10919,3,6.157157582245875,5.6389390807270585,4,1519,379,True,0.4491919566382406
paper_05fdb731d19762a40d46,T1a_ACRONYM,15582,6,12.284589859021807,7.883833820447829,2,1518,380,True,0.4580177005163218
paper_3221ea8e544091c11728,T1a_ACRONYM,11728,14,8.223990445671614,7.012270161725454,1,1518,380,True,0.4589931424143901
paper_9fd0e80083842c681e91,T1a_ACRONYM,7268,2,5.954721291647305,8.193067269740375,1,1518,380,True,0.4589931424143901
paper_fd4964ad03a73958b3ca,T1a_ACRONYM,16919,3,12.232543950475094,7.230063213236654,4,1519,379,True,0.4491919566382406
paper_84ae166a6d4c6be26c91,T1a_ACRONYM,7746,1,6.6106982385230255,8.534338030626163,3,1519,379,True,0.4841441946473859
paper_cd430a12c79af147592a,T1a_ACRONYM,9798,3,7.435002491933604,7.588285866435603,4,1519,379,True,0.4491919566382406
paper_3ef9619ba41324120800,T1a_ACRONYM,5493,6,4.352802024755881,7.924270935291974,4,1519,379,True,0.4491919566382406
paper_29631482265a23ae9c5c,T1a_ACRONYM,9080,8,7.150747965245105,7.875273089476988,3,1519,379,True,0.4841441946473859
paper_370b9de0cafa2df70ca1,T1a_ACRONYM,13238,10,9.473005727203484,7.155919117089804,3,1519,379,True,0.4841441946473859
paper_76d56f818459dd754d2d,T1a_ACRONYM,17175,9,13.504204263419158,7.862709905920907,3,1519,379,True,0.4841441946473859
paper_e6e9f5edbec363fa18b1,T1a_ACRONYM,10672,2,6.700286103192509,6.278379032226864,0,1518,380,True,0.4376979058691792
paper_193327cc5732fd3d01e5,T1a_ACRONYM,10134,4,7.323009688271338,7.226178891130193,3,1519,379,True,0.4841441946473859
paper_4135aaa949a7342e60c0,T1a_ACRONYM,6174,6,4.320607667406821,6.998068784267609,1,1518,380,True,0.4589931424143901
paper_c98ae0a78fde0cd2da77,T1a_ACRONYM,9682,11,6.5178232308199275,6.731897573662392,2,1518,380,True,0.4580177005163218
paper_c9545a7faa3c0ccf935f,T1a_ACRONYM,7236,2,5.350105156283935,7.393732941243691,0,1518,380,True,0.4376979058691792
paper_548eae53a7c4d329ddbe,T1a_ACRONYM,2464,0,1.2990129470456713,5.271968129243795,3,1519,379,True,0.4841441946473859
paper_7d409e51f42cd8ac656c,T1a_ACRONYM,17499,9,11.937696602492283,6.821930740323609,3,1519,379,True,0.4841441946473859
paper_fcaf441cb221e2b6404c,T1a_ACRONYM,8236,1,5.752735500195494,6.984865833165972,0,1518,380,True,0.4376979058691792
paper_1c8a84b0f4b0a4180368,T1a_ACRONYM,3693,5,2.6131761505267224,7.076025319595782,2,1518,380,True,0.4580177005163218
paper_7ae0d732d9684142659c,T1a_ACRONYM,9408,10,7.261958388011601,7.718918354604169,3,1519,379,True,0.4841441946473859
paper_28bff144273ff621c448,T1a_ACRONYM,7299,8,6.036384053968405,8.270152149566249,2,1518,380,True,0.4580177005163218
paper_5ab28f5a2e15505dcc9f,T1a_ACRONYM,19479,0,14.969379059971606,7.6848806714778,0,1518,380,True,0.4376979058691792
paper_3295a2bd0d56c34fbcbc,T1a_ACRONYM,7923,4,5.923563221354269,7.476414516413314,1,1518,380,True,0.4589931424143901
paper_ce1163eb5c6947b3d79a,T1a_ACRONYM,7112,9,5.240367169672062,7.368345289190188,4,1519,379,True,0.4491919566382406
paper_47cebef9e3b773142526,T1a_ACRONYM,11597,11,9.09545116022175,7.842934517738855,0,1518,380,True,0.4376979058691792
paper_bb625ee9c2bceed76e9a,T1a_ACRONYM,69097,9,47.514641340775256,6.876512922525617,2,1518,380,True,0.4580177005163218
paper_da0c94aa9e114e114416,T1a_ACRONYM,8528,7,6.112278328320242,7.167305732082835,2,1518,380,True,0.4580177005163218
paper_aa20e44800f1e436506d,T1a_ACRONYM,11676,10,7.910605473588092,6.775098898242628,0,1518,380,True,0.4376979058691792
paper_54666dff53c384cd7509,T1a_ACRONYM,8162,11,5.742878167396113,7.036116353094968,3,1519,379,True,0.4841441946473859
paper_2e9beb932d845574047d,T1a_ACRONYM,20825,17,14.087527056872212,6.764718874848601,0,1518,380,True,0.4376979058691792
paper_80d6bc43930afa567587,T1a_ACRONYM,8062,2,6.195061258317463,7.684273453631187,1,1518,380,True,0.4589931424143901
paper_bf3e76e2793a39a4b709,T1a_ACRONYM,7976,10,5.580088486977197,6.99609890543781,4,1519,379,True,0.4491919566382406
paper_1167812faa33b036641b,T1a_ACRONYM,15309,3,11.008754015566371,7.191034042436717,2,1518,380,True,0.4580177005163218
paper_33864a2cb500270f3094,T1a_ACRONYM,7098,6,5.69456163018234,8.022769273291548,1,1518,380,True,0.4589931424143901
paper_ba433bd4c40e62df3c5d,T1a_ACRONYM,17346,13,11.697153876922636,6.7434301146792555,2,1518,380,True,0.4580177005163218
paper_e6ae6ab9fb979351c1c2,T1a_ACRONYM,26173,8,19.46837290059186,7.438342146712971,0,1518,380,True,0.4376979058691792
paper_c8d9f103a73fcd2c159c,T1a_ACRONYM,7315,1,5.16809445992553,7.06506419675397,1,1518,380,True,0.4589931424143901
paper_c25c9260ec4470115f16,T1a_ACRONYM,8562,6,6.222156808577455,7.267176837862013,0,1518,380,True,0.4376979058691792
paper_336f39b2c3d001757e43,T1a_ACRONYM,12013,18,9.54529363406875,7.945803408031924,3,1519,379,True,0.4841441946473859
paper_5b949d20881bc4e7c88c,T1a_ACRONYM,8797,7,6.329555056091244,7.195129085019033,2,1518,380,True,0.4580177005163218
paper_edf34128fd562d5d7109,T1a_ACRONYM,22557,8,15.998947076706541,7.092675035113952,4,1519,379,True,0.4491919566382406
paper_abdcf3b1f6f194333726,T1a_ACRONYM,11488,7,7.772925397282847,6.766125868108328,1,1518,380,True,0.4589931424143901
paper_3b2abe7e7bc9f7b43e93,T1a_ACRONYM,8119,4,6.260448329002416,7.710861348691238,0,1518,380,True,0.4376979058691792
paper_549aa7ce2cd5af73eae3,T1a_ACRONYM,7567,11,5.592295746142704,7.390373656855695,1,1518,380,True,0.4589931424143901
paper_a448b4f3a849af9cad96,T1a_ACRONYM,7311,4,4.50900538617363,6.167426324953673,2,1518,380,True,0.4580177005163218
paper_4fed03efeda4fa16bd81,T1a_ACRONYM,5231,8,5.652621791335233,10.806006100812908,2,1518,380,True,0.4580177005163218
paper_bd619f98e12bc77de895,T1a_ACRONYM,8284,2,4.4644174230181966,5.389205001229112,3,1519,379,True,0.4841441946473859
paper_946d4c2b5781949689cf,T1a_ACRONYM,26793,23,12.524295157873887,4.6744654043496014,0,1518,380,True,0.4376979058691792
paper_c8ae2c8db4e9cbb06f0f,T1a_ACRONYM,7498,1,7.182643512425602,9.579412526574556,0,1518,380,True,0.4376979058691792
paper_251b4f88a127f33a6cb0,T1a_ACRONYM,5078,9,3.7553998882620183,7.395431052111103,4,1519,379,True,0.4491919566382406
paper_e54c44f6cdbaf1703df1,T1a_ACRONYM,15731,4,7.120984397585731,4.526720740948275,3,1519,379,True,0.4841441946473859
paper_d5790d4de02c6d16a74c,T1a_ACRONYM,15306,7,8.531330910115512,5.573847452055085,0,1518,380,True,0.4376979058691792
paper_97d1708d31f33264aac8,T1a_ACRONYM,9638,4,7.146507517946029,7.414927908223728,0,1518,380,True,0.4376979058691792
paper_871172d21a3f1d64dae1,T1a_ACRONYM,8694,4,7.020095240911448,8.074643709352943,0,1518,380,True,0.4376979058691792
paper_767cf025ca3c15e068b9,T1a_ACRONYM,6528,9,5.145555197216792,7.882284309461997,4,1519,379,True,0.4491919566382406
paper_fa3071671d8d8d7ea55e,T1a_ACRONYM,11801,12,8.900494792046363,7.542153031138347,3,1519,379,True,0.4841441946473859
paper_c03332839fcde61801f7,T1a_ACRONYM,9564,9,7.181430775720542,7.50881511472244,1,1518,380,True,0.4589931424143901
paper_79a8dbc19ba88ba81a45,T1a_ACRONYM,6862,5,4.604711077273929,6.710450418644606,1,1518,380,True,0.4589931424143901
paper_06d9e29054e6f8bf85d7,T1a_ACRONYM,14429,6,9.747055699304095,6.755184489087321,2,1518,380,True,0.4580177005163218
paper_4f264f36aaa27725d764,T1a_ACRONYM,11107,19,7.531021933361958,6.780428498570234,1,1518,380,True,0.4589931424143901
paper_7bceba86105434cf9358,T1a_ACRONYM,13424,11,8.789096992396606,6.547301096838949,3,1519,379,True,0.4841441946473859
paper_ad25c20e082aee8a3bb0,T1a_ACRONYM,7527,10,6.066552275166002,8.05972136995616,3,1519,379,True,0.4841441946473859
paper_039afc3ac2b428627bdc,T1a_ACRONYM,10588,3,7.875455922060295,7.438095884076592,1,1518,380,True,0.4589931424143901
paper_18308881e9c3b18abbd2,T1a_ACRONYM,20290,4,12.481940170926203,6.151769428746281,1,1518,380,True,0.4589931424143901
paper_48bccddb5fea3ee0728e,T1a_ACRONYM,10238,4,7.370767325927922,7.199421103660795,1,1518,380,True,0.4589931424143901
paper_dc40c15f69551a6bf4e6,T1a_ACRONYM,6801,3,5.57074588671146,8.191068793870695,0,1518,380,True,0.4376979058691792
paper_ea154a917286952192b9,T1a_ACRONYM,15254,6,12.23044066111846,8.017858044525015,4,1519,379,True,0.4491919566382406
paper_f45797a88c262068bdbc,T1a_ACRONYM,9421,7,6.995420036140468,7.425347666001982,1,1518,380,True,0.4589931424143901
paper_6659f90299fc568992d1,T1a_ACRONYM,13925,14,10.775256278869522,7.738065550355132,3,1519,379,True,0.4841441946473859
paper_0ea2cd3fac325b024b62,T1a_ACRONYM,168,0,0.10516223741423429,6.259656988942518,0,1518,380,True,0.4376979058691792
paper_cfa2f8f1df2fc578c3b0,T1a_ACRONYM,12029,10,8.541995841424997,7.101168710137997,3,1519,379,True,0.4841441946473859
paper_b2c27d42e1e30d194acc,T1a_ACRONYM,6979,2,5.322961778485512,7.627112449470572,3,1519,379,True,0.4841441946473859
paper_7351e5743c7ecb5c6705,T1a_ACRONYM,7958,3,6.1881656936828735,7.776031281330578,1,1518,380,True,0.4589931424143901
paper_c81ade03bd3dfa0f3621,T1a_ACRONYM,9981,3,5.990588165380899,6.001991950086063,1,1518,380,True,0.4589931424143901
paper_4a86ac22a2cab003d131,T1a_ACRONYM,5811,0,4.495591628326421,7.736347665335435,2,1518,380,True,0.4580177005163218
paper_221f0c916ee0712cd55f,T1a_ACRONYM,6996,10,5.687817525944022,8.130099379565497,1,1518,380,True,0.4589931424143901
paper_d8dac68269c10d6d1dde,T1a_ACRONYM,14611,13,10.199907845446718,6.980978608888316,3,1519,379,True,0.4841441946473859
paper_09a5a6b8d7c4de7c9081,T1a_ACRONYM,16301,16,11.88761220605117,7.292566226643254,4,1519,379,True,0.4491919566382406
paper_4da9480afde49d0b39b6,T1a_ACRONYM,11242,12,9.130649726148338,8.121908669407878,4,1519,379,True,0.4491919566382406
paper_cff41dd1aa1859e689a1,T1a_ACRONYM,12181,17,10.308501550361289,8.462771160299884,4,1519,379,True,0.4491919566382406
paper_fabf56942b601869800a,T1a_ACRONYM,11456,13,9.60241032252871,8.381992250810676,0,1518,380,True,0.4376979058691792
paper_29263f13859eec1bb821,T1a_ACRONYM,6365,8,4.968562640408715,7.806068563093032,3,1519,379,True,0.4841441946473859
paper_83a94f1c88011ed1464f,T1a_ACRONYM,7683,1,6.264868041256305,8.154195029619036,3,1519,379,True,0.4841441946473859
paper_e4a88ba35e52ed489087,T1a_ACRONYM,10473,5,8.146408651376708,7.778486251672596,0,1518,380,True,0.4376979058691792
paper_bddeaedeae51b7fcb2c8,T1a_ACRONYM,9670,6,7.253280054708086,7.500806674982509,1,1518,380,True,0.4589931424143901
paper_7a826c8f7c43e414f7b9,T1a_ACRONYM,11831,7,7.954668581539453,6.723580915847733,2,1518,380,True,0.4580177005163218
paper_0e88ed021065dcdb0f6f,T1a_ACRONYM,11341,3,8.417057787599925,7.421795068865112,4,1519,379,True,0.4491919566382406
paper_2e5a03834a4cdece4a66,T1a_ACRONYM,23736,7,17.048442085803227,7.182525314207628,2,1518,380,True,0.4580177005163218
paper_2a476df55e90e42ef6ba,T1a_ACRONYM,7181,2,4.596539269812651,6.40097377776445,2,1518,380,True,0.4580177005163218
paper_96607ca46d3489528d72,T1a_ACRONYM,13748,12,9.276620226793483,6.747614363393572,4,1519,379,True,0.4491919566382406
paper_5a8b33e0cd9c5fbb9e44,T1a_ACRONYM,11868,13,9.246960137870175,7.791506688464926,4,1519,379,True,0.4491919566382406
paper_39dc0e0683b33639f89f,T1a_ACRONYM,2465,5,1.9861760193595144,8.05750920632663,3,1519,379,True,0.4841441946473859
paper_7aed1b3cc943a6faf148,T1a_ACRONYM,8259,1,6.446772070192834,7.80575380820055,4,1519,379,True,0.4491919566382406
paper_66cbcc9c22c0c4d645cb,T1a_ACRONYM,14398,9,9.279617507625503,6.445073973902975,1,1518,380,True,0.4589931424143901
paper_eadbe456d02d8029883b,T1a_ACRONYM,11460,8,7.803200782230441,6.809075726204574,3,1519,379,True,0.4841441946473859
paper_97a174f50fd3871256b8,T1a_ACRONYM,12758,9,10.275068169032615,8.05382361579606,4,1519,379,True,0.4491919566382406
paper_67c313239cd572c2d80c,T1a_ACRONYM,6787,4,5.4891624766338225,8.087759653210288,3,1519,379,True,0.4841441946473859
paper_035b8930770225ae28f0,T1a_ACRONYM,9204,10,6.721360358775047,7.302651411098486,3,1519,379,True,0.4841441946473859
paper_dae165a535b6dc4f98ae,T1a_ACRONYM,11384,3,8.242654053908224,7.240560483053605,1,1518,380,True,0.4589931424143901
paper_04e78ff55c7a3c70cd95,T1a_ACRONYM,2106,3,1.9571177587445758,9.293056784162278,0,1518,380,True,0.4376979058691792
paper_107db4c949cb026c7265,T1a_ACRONYM,16828,6,11.908724836725167,7.076732134968603,3,1519,379,True,0.4841441946473859
paper_92f7aa793df6f3d49324,T1a_ACRONYM,13006,17,8.72954485991156,6.711936690690112,3,1519,379,True,0.4841441946473859
paper_c9076bad50255c56eada,T1a_ACRONYM,6561,12,5.1086581408732945,7.786401677904731,1,1518,380,True,0.4589931424143901
paper_589682082d5f0b372030,T1a_ACRONYM,10102,1,7.596327426429637,7.519627228696929,0,1518,380,True,0.4376979058691792
paper_760c24d74340c0ae9428,T1a_ACRONYM,13474,12,8.505678781303608,6.312660517517893,1,1518,380,True,0.4589931424143901
paper_eaf2da6ea1a2e21f656c,T1a_ACRONYM,9934,4,5.193129090311382,5.227631457933745,3,1519,379,True,0.4841441946473859
paper_44cbabd5ff4912873f2a,T1a_ACRONYM,11760,9,8.298186950756136,7.056281420711001,1,1518,380,True,0.4589931424143901
paper_61dde0d2a2a09708c269,T1a_ACRONYM,9204,7,6.061210375849686,6.585408926390358,4,1519,379,True,0.4491919566382406
paper_86d4e5c48ece62a7cf9a,T1a_ACRONYM,5674,4,4.6988362434382775,8.281346921815787,1,1518,380,True,0.4589931424143901
paper_de85797838101f695e9c,T1a_ACRONYM,8704,10,6.878246994673188,7.902397742041806,1,1518,380,True,0.4589931424143901
paper_9246623437acdfc8b5d0,T1a_ACRONYM,15005,8,9.077544435022924,6.049679730105248,2,1518,380,True,0.4580177005163218
paper_0ad5ab6898e68a978c7a,T1a_ACRONYM,14124,1,11.06553134039146,7.834559147827428,1,1518,380,True,0.4589931424143901
paper_3172c8ea2d5c6256445f,T1a_ACRONYM,12222,7,8.81691942735127,7.213974331002512,0,1518,380,True,0.4376979058691792
paper_cea263957c803c2be7ac,T1a_ACRONYM,8212,5,6.240700980302583,7.599489747080592,4,1519,379,True,0.4491919566382406
paper_dcbc3ad5375a88e1fe9c,T1a_ACRONYM,11031,13,8.259925899782093,7.487921221813157,3,1519,379,True,0.4841441946473859
paper_e39d02baf353eb3e35c5,T1a_ACRONYM,10102,12,8.132781960522657,8.050665175730208,1,1518,380,True,0.4589931424143901
paper_c72db62816eabd2bd52f,T1a_ACRONYM,8332,0,6.080986475607122,7.298351506969661,3,1519,379,True,0.4841441946473859
paper_b8eb563c7db860e38e67,T1a_ACRONYM,11077,4,8.580743117601816,7.746450408596026,3,1519,379,True,0.4841441946473859
paper_fd1985c1b1a1d7237b89,T1a_ACRONYM,6964,5,5.242224053842869,7.527604902129335,3,1519,379,True,0.4841441946473859
paper_75028984950c883d55ee,T1a_ACRONYM,7962,0,4.513330801093607,5.668589300544595,2,1518,380,True,0.4580177005163218
paper_6df43c48214728454930,T1a_ACRONYM,8609,3,5.338524498111682,6.201097105484588,0,1518,380,True,0.4376979058691792
paper_24573148cb822ffa73fc,T1a_ACRONYM,9145,5,7.325330660216331,8.010203018279203,1,1518,380,True,0.4589931424143901
paper_36163f27241605cac35e,T1a_ACRONYM,7743,20,6.673283578861813,8.618472916003892,0,1518,380,True,0.4376979058691792
paper_504184a15ef971f2ac16,T1a_ACRONYM,10878,22,8.882723302386431,8.16576880160547,2,1518,380,True,0.4580177005163218
paper_0b4dfb06065388f00cfd,T1a_ACRONYM,10182,3,7.884844076191222,7.743905005098431,0,1518,380,True,0.4376979058691792
paper_eddc5d22611e6979656e,T1a_ACRONYM,7520,11,5.705400567508778,7.586968839772311,0,1518,380,True,0.4376979058691792
paper_f381f9a0a52c01466fef,T1a_ACRONYM,10712,12,8.663301137850334,8.087473056245646,0,1518,380,True,0.4376979058691792
paper_9229ac9cd28f9c9cac4e,T1a_ACRONYM,7646,4,5.560075484236641,7.2718748158993485,2,1518,380,True,0.4580177005163218
paper_c43d2e0914f15b4a70e7,T1a_ACRONYM,7975,5,4.092299130725905,5.131409568308346,0,1518,380,True,0.4376979058691792
paper_d1664d57746a7f6eaf35,T1a_ACRONYM,7680,18,5.640837220408938,7.3448401307408036,1,1518,380,True,0.4589931424143901
paper_f2b2b702187faab70aa4,T1a_ACRONYM,9040,3,7.0552068162149775,7.804432318821878,2,1518,380,True,0.4580177005163218
paper_bbd92f365edb3dfd4219,T1a_ACRONYM,2507,2,1.7925369870112975,7.150127590790976,2,1518,380,True,0.4580177005163218
paper_e1e0650c84865e3bd9e3,T1a_ACRONYM,10667,5,8.004521324180274,7.5040042412864665,1,1518,380,True,0.4589931424143901
paper_1457112dc99c723c0947,T1a_ACRONYM,10472,13,6.881200427623741,6.571047008808003,2,1518,380,True,0.4580177005163218
paper_0c25091578b33f73c773,T1a_ACRONYM,8695,6,6.367075985360235,7.322686584658119,4,1519,379,True,0.4491919566382406
paper_70ffd4046841d28a47f7,T1a_ACRONYM,10740,9,6.820927488945183,6.350956693617489,1,1518,380,True,0.4589931424143901
paper_5de9ab0019c634acc05d,T1a_ACRONYM,10779,13,8.394042977084839,7.787404190634417,4,1519,379,True,0.4491919566382406
paper_3136da065ab0bd3a0bbd,T1a_ACRONYM,7761,3,4.954298679250329,6.3835828878370435,1,1518,380,True,0.4589931424143901
paper_67263ac32429edb026a5,T1a_ACRONYM,8122,12,4.6550540927471875,5.7314135591568425,4,1519,379,True,0.4491919566382406
paper_fb6e156c89bb2642278a,T1a_ACRONYM,9030,6,5.9792981504569465,6.621592636164946,4,1519,379,True,0.4491919566382406
paper_a60dc9019c65e5a1e08a,T1a_ACRONYM,15099,6,10.26433054234444,6.798020095598676,4,1519,379,True,0.4491919566382406
paper_e64d61732e6aa5e667ac,T1a_ACRONYM,10999,6,8.841046902458464,8.038046097334725,3,1519,379,True,0.4841441946473859
paper_c937bb1393cbcef323d9,T1a_ACRONYM,8208,7,6.9585623541766,8.477780645926657,0,1518,380,True,0.4376979058691792
paper_b90f1d01f87532c03ee1,T1a_ACRONYM,15123,10,9.793961474169205,6.4762027865960485,1,1518,380,True,0.4589931424143901
paper_f046f3ee54ac53d2c6d6,T1a_ACRONYM,5941,7,5.564871179511333,9.366893081150199,2,1518,380,True,0.4580177005163218
paper_ceadc9933a3d9d4c5c07,T1a_ACRONYM,9773,14,5.994002804137933,6.133227058362769,1,1518,380,True,0.4589931424143901
paper_62a7126dee11cf247e69,T1a_ACRONYM,9469,6,7.403823110862535,7.819012684404409,4,1519,379,True,0.4491919566382406
paper_601bc12e30c57fc9e58d,T1a_ACRONYM,11070,3,7.5205379241671535,6.793620527702939,1,1518,380,True,0.4589931424143901
paper_62b3091e260a0767cfbd,T1a_ACRONYM,21248,23,11.704189297124497,5.508372221914767,2,1518,380,True,0.4580177005163218
paper_a321253be2df8e289b95,T1a_ACRONYM,4896,7,3.5713864978841054,7.294498565939758,1,1518,380,True,0.4589931424143901
paper_fd9edcf09c6f7a17bc27,T1a_ACRONYM,13161,10,8.69032643953382,6.6030897648611955,0,1518,380,True,0.4376979058691792
paper_8fe005ac3249a086f07e,T1a_ACRONYM,11010,2,7.666118222887853,6.962868503985335,3,1519,379,True,0.4841441946473859
paper_097b0c91630cda0fe909,T1a_ACRONYM,8557,14,5.523809957538193,6.455311391303252,2,1518,380,True,0.4580177005163218
paper_206a17fb35940b06d973,T1a_ACRONYM,8194,8,6.122478012033235,7.47190384675767,4,1519,379,True,0.4491919566382406
paper_b7fa48b6695b5e9f2773,T1a_ACRONYM,9109,6,8.851041683577684,9.71680940122701,0,1518,380,True,0.4376979058691792
paper_21a73e1c5c35bd00e27a,T1a_ACRONYM,7081,9,5.399767445552409,7.625713099212554,1,1518,380,True,0.4589931424143901
paper_1f58aa11b681339dc396,T1a_ACRONYM,5832,7,4.586667702667928,7.864656554643222,0,1518,380,True,0.4376979058691792
paper_b7f475d19e86d7daf5fb,T1a_ACRONYM,10299,15,7.1150403901229335,6.908476929918374,2,1518,380,True,0.4580177005163218
paper_93cdac17023edefbaae6,T1a_ACRONYM,11499,0,8.466621861416513,7.362920133417266,4,1519,379,True,0.4491919566382406
paper_03ff7e9def87a030b1a4,T1a_ACRONYM,10752,17,8.126502835373591,7.558131357304307,2,1518,380,True,0.4580177005163218
paper_5cfd274b7e7db8058b35,T1a_ACRONYM,19913,16,13.404981176371935,6.731773804234387,2,1518,380,True,0.4580177005163218
paper_c0fbf7e54518e5b9cde9,T1a_ACRONYM,10969,9,8.48814569690694,7.73830403583457,2,1518,380,True,0.4580177005163218
paper_8395968a688a8ba84b76,T1a_ACRONYM,8001,1,5.467766720339816,6.833854168653688,3,1519,379,True,0.4841441946473859
paper_3f0e855d24d6dc79c1e3,T1a_ACRONYM,8613,7,7.136405375910808,8.285621009997456,2,1518,380,True,0.4580177005163218
paper_8276c05aeb5ae72750ba,T1a_ACRONYM,16105,6,12.494406141231153,7.75809136369522,1,1518,380,True,0.4589931424143901
paper_ac38b317c822295aa2fe,T1a_ACRONYM,12105,7,9.457223239886003,7.812658603788521,0,1518,380,True,0.4376979058691792
paper_ff9b82de434c6ec0f4b0,T1a_ACRONYM,13210,13,9.922064673250238,7.511025490726904,3,1519,379,True,0.4841441946473859
paper_4776df45999b42cf21fe,T1a_ACRONYM,11930,13,9.094656816622852,7.623350223489398,2,1518,380,True,0.4580177005163218
paper_eae7b7becf1729cff5bf,T1a_ACRONYM,11463,18,9.194384436347649,8.02092335021168,2,1518,380,True,0.4580177005163218
paper_2235d89eca48310afdec,T1a_ACRONYM,32378,21,19.13885704772379,5.911068332733272,3,1519,379,True,0.4841441946473859
paper_4e398d15480549230157,T1a_ACRONYM,4201,4,2.8070609859664635,6.681887612393391,3,1519,379,True,0.4841441946473859
paper_fea55ea95297375b89d0,T1a_ACRONYM,13022,6,9.428433588966229,7.2403882575381875,2,1518,380,True,0.4580177005163218
paper_08e189125eb0ab93ebb4,T1a_ACRONYM,10437,4,7.639756380590944,7.31987772404996,3,1519,379,True,0.4841441946473859
paper_229253424b5d6f2ab1ff,T1a_ACRONYM,10323,9,7.466936228095252,7.233300618129664,1,1518,380,True,0.4589931424143901
paper_080ae6d04b647d7d027e,T1a_ACRONYM,14470,4,9.89822751977685,6.840516599707566,2,1518,380,True,0.4580177005163218
paper_6730bf81b0e9dacc6f71,T1a_ACRONYM,7361,7,5.106229969325151,6.9368699488183,0,1518,380,True,0.4376979058691792
paper_4c896a644026ba361bbd,T1a_ACRONYM,10613,1,8.316137686068325,7.835802964353459,0,1518,380,True,0.4376979058691792
paper_45bffc535c6c75f3735f,T1a_ACRONYM,12725,7,9.989946645049015,7.850645693555218,0,1518,380,True,0.4376979058691792
paper_51ff80a848f0b02bf775,T1a_ACRONYM,8915,5,6.77221839149857,7.59643117386267,0,1518,380,True,0.4376979058691792
paper_c24dcbeeaf0e0de9dae1,T1a_ACRONYM,16782,4,11.886635799040452,7.0829673453941435,0,1518,380,True,0.4376979058691792
paper_e11e60ccee21dc72faf4,T1a_ACRONYM,6453,1,4.2741839369336825,6.623561036624333,2,1518,380,True,0.4580177005163218
paper_6ffe7bc6827797347dff,T1a_ACRONYM,6925,3,4.275513391839129,6.174026558612461,0,1518,380,True,0.4376979058691792
paper_f001ee95d934e85b0f40,T1a_ACRONYM,10576,7,7.023326243591574,6.640815283274938,0,1518,380,True,0.4376979058691792
paper_1481b40c44e6e5e2973d,T1a_ACRONYM,5495,2,5.854909133904289,10.654975675894976,2,1518,380,True,0.4580177005163218
paper_e5c1d63c115e58cfb9fd,T1a_ACRONYM,3779,0,2.5345448985013137,6.706919551472119,1,1518,380,True,0.4589931424143901
paper_432eedb7b5721b207e27,T1a_ACRONYM,4852,6,2.6140513563746772,5.387574930698015,3,1519,379,True,0.4841441946473859
paper_f34f3ae0a8d24052d913,T1a_ACRONYM,3514,0,2.1323864127407166,6.068259569552409,4,1519,379,True,0.4491919566382406
paper_ed031094b6d95c52f92a,T1a_ACRONYM,8792,13,6.717496358691252,7.640464466209341,4,1519,379,True,0.4491919566382406
paper_011f61f82937545da1fe,T1a_ACRONYM,6109,2,4.434130738155505,7.258357731470789,1,1518,380,True,0.4589931424143901
paper_dfbade9b3fbcc17ffa87,T1a_ACRONYM,17954,10,15.211418725900161,8.472439972095444,2,1518,380,True,0.4580177005163218
paper_b16f7ad11db940b6d3fe,T1a_ACRONYM,10454,19,7.986245545924988,7.639416056939915,4,1519,379,True,0.4491919566382406
paper_2a5e403c4e09f892efd2,T1a_ACRONYM,9903,8,6.317154404712715,6.379031005465733,1,1518,380,True,0.4589931424143901
paper_60df40936b7a7b4cec2d,T1a_ACRONYM,2134,1,1.5727861685407138,7.370131998784975,1,1518,380,True,0.4589931424143901
paper_a1d177668f0455f920ff,T1a_ACRONYM,11432,5,8.919021924721438,7.801803643038347,0,1518,380,True,0.4376979058691792
paper_b84af768b1c42e4027b0,T1a_ACRONYM,20754,11,13.732683769230992,6.616885308485589,1,1518,380,True,0.4589931424143901
paper_b40cd8a118e16e0b2c43,T1a_ACRONYM,9196,0,4.889821430724944,5.317335179126734,4,1519,379,True,0.4491919566382406
paper_36276ee9d44792005ff8,T1a_ACRONYM,7149,8,5.000677023088835,6.994932190640419,2,1518,380,True,0.4580177005163218
paper_da2c1921900f7aaaf916,T1a_ACRONYM,14103,0,10.267574530389588,7.280418726788334,2,1518,380,True,0.4580177005163218
paper_c982d4182089a90e2a96,T1a_ACRONYM,13915,12,9.532889465208942,6.850800909241066,0,1518,380,True,0.4376979058691792
paper_0e4e39049e51e304947f,T1a_ACRONYM,13560,5,9.174495715986088,6.765852297924844,2,1518,380,True,0.4580177005163218
paper_28b41abcd26dc4562ec3,T1a_ACRONYM,11655,10,8.536489708752953,7.3243154944255275,0,1518,380,True,0.4376979058691792
paper_4439274dcd1a1d9a2f30,T1a_ACRONYM,6223,3,5.225346316842354,8.39682840566022,0,1518,380,True,0.4376979058691792
paper_85354c45900939f299a3,T1a_ACRONYM,4247,5,3.481877133469346,8.198439212313035,1,1518,380,True,0.4589931424143901
paper_50eeb1ec2837eb632dc7,T1a_ACRONYM,2677,1,1.529874647698798,5.714884750462451,4,1519,379,True,0.4491919566382406
paper_3c32c12bfdc4fe56f015,T1a_ACRONYM,8861,3,6.716255606951323,7.579568453844175,3,1519,379,True,0.4841441946473859
paper_e2410e75ea19291fc9b1,T1a_ACRONYM,13226,9,8.702038094881754,6.579493493786296,4,1519,379,True,0.4491919566382406
paper_44c900579a80dc2c3e19,T1a_ACRONYM,6183,2,5.585365762334877,9.033423519868798,0,1518,380,True,0.4376979058691792
paper_cd26909a42762f438b18,T1a_ACRONYM,5774,6,4.2971309836517575,7.442208146262136,4,1519,379,True,0.4491919566382406
paper_13f3075b5e9303f024e0,T1a_ACRONYM,6054,3,3.7667636575285424,6.221941951649392,1,1518,380,True,0.4589931424143901
paper_5a3e71193efaa78970bc,T1a_ACRONYM,10968,11,6.244700718288411,5.693563747527727,2,1518,380,True,0.4580177005163218
paper_2018ada7d8a5bf4f51a9,T1a_ACRONYM,8666,20,6.4340891735871395,7.424520163382343,0,1518,380,True,0.4376979058691792
paper_d4cdccfc8cc1d77cc1ce,T1a_ACRONYM,9949,19,6.832747560286917,6.867773203625406,0,1518,380,True,0.4376979058691792
paper_d8d9c60f1a5d37b5fa89,T1a_ACRONYM,5590,1,4.051883303005077,7.248449558148616,3,1519,379,True,0.4841441946473859
paper_8db0fa20c03e47048f72,T1a_ACRONYM,9302,1,7.023737108983573,7.550781669515774,0,1518,380,True,0.4376979058691792
paper_2632347fc19d40ee9b79,T1a_ACRONYM,7047,14,5.142561264352924,7.297518467933765,0,1518,380,True,0.4376979058691792
paper_4d0337b843a1c2be1c2d,T1a_ACRONYM,4466,1,3.762535711889749,8.424844854209022,4,1519,379,True,0.4491919566382406
paper_da44c61204fbe98bc3c1,T1a_ACRONYM,7525,11,6.217007597054118,8.261804115686536,0,1518,380,True,0.4376979058691792
paper_f378b66070e11c3c934c,T1a_ACRONYM,11269,14,8.537990955648743,7.576529377627779,0,1518,380,True,0.4376979058691792
paper_856c1ecfc2baf6d7609d,T1a_ACRONYM,9424,9,5.221215602780594,5.540339137076183,3,1519,379,True,0.4841441946473859
paper_2a6a270bb59934ec3ff6,T1a_ACRONYM,7126,6,5.095730482470581,7.150898796618835,4,1519,379,True,0.4491919566382406
paper_ffb77e56b0c059fd6ad0,T1a_ACRONYM,14040,11,10.371968141989308,7.387441696573582,2,1518,380,True,0.4580177005163218
paper_5082f5a8326bb484965e,T1a_ACRONYM,9651,7,7.992629930732039,8.281659859840472,3,1519,379,True,0.4841441946473859
paper_a35c80746544bd19d98c,T1a_ACRONYM,8522,7,5.71853929586038,6.710325388242643,2,1518,380,True,0.4580177005163218
paper_541aff79398df3a738ca,T1a_ACRONYM,13396,20,10.037362206655539,7.49280546928601,2,1518,380,True,0.4580177005163218
paper_5fa986695e5c659dc0a1,T1a_ACRONYM,10068,1,8.677535305681051,8.618926604768625,2,1518,380,True,0.4580177005163218
paper_b7bdbb67a7229301f7e6,T1a_ACRONYM,1363,0,0.9884315518413694,7.2518822585573695,0,1518,380,True,0.4376979058691792
paper_b84fb59cde3e732acbea,T1a_ACRONYM,9068,16,6.984155312675364,7.701979833122368,0,1518,380,True,0.4376979058691792
paper_5b91ddb71dd9fe4897d8,T1a_ACRONYM,4723,0,4.20763732799505,8.908823476593373,0,1518,380,True,0.4376979058691792
paper_d5d65745a63e07efd9af,T1a_ACRONYM,5922,5,4.087827323067487,6.902781700553001,2,1518,380,True,0.4580177005163218
paper_da0ac833f07a1de644ea,T1a_ACRONYM,15775,5,11.0906778005638,7.030540602576101,1,1518,380,True,0.4589931424143901
paper_80494a124ca2656927e6,T1a_ACRONYM,21283,16,15.237896951764139,7.159656510719419,1,1518,380,True,0.4589931424143901
paper_0048220346024fc71775,T1a_ACRONYM,433,0,0.3908954076425989,9.02760756680367,1,1518,380,True,0.4589931424143901
paper_8c08bcd6a22c0c9d7824,T1a_ACRONYM,12169,1,10.39356887728284,8.541021347097411,0,1518,380,True,0.4376979058691792
paper_c182b34bda7dc629ef5a,T1a_ACRONYM,16682,6,9.455109899398803,5.667851516244338,0,1518,380,True,0.4376979058691792
paper_188b3bda72749a082373,T1a_ACRONYM,8160,11,7.160648690861326,8.77530476821241,0,1518,380,True,0.4376979058691792
paper_9a54738a99b16009b844,T1a_ACRONYM,4383,2,2.494234787169312,5.690702229453142,0,1518,380,True,0.4376979058691792
paper_2b56bf1fad41ce819b04,T1a_ACRONYM,8181,2,4.163375124883037,5.08907850492976,2,1518,380,True,0.4580177005163218
paper_abd13107c8ccce629ec5,T1a_ACRONYM,19289,6,10.274211918379464,5.326461671615669,1,1518,380,True,0.4589931424143901
paper_d5bb0856ca7695b7aedb,T1a_ACRONYM,14482,7,9.774419224139363,6.749357287763681,3,1519,379,True,0.4841441946473859
paper_39426b4aef4770d93ed7,T1a_ACRONYM,9658,11,5.3579565751066385,5.547687487167776,3,1519,379,True,0.4841441946473859
paper_508d47a432d1765617f0,T1a_ACRONYM,9452,4,6.431862899923934,6.804763965217873,2,1518,380,True,0.4580177005163218
paper_9e4aaa1c725080258723,T1a_ACRONYM,4218,6,4.291445703902723,10.17412447582438,2,1518,380,True,0.4580177005163218
paper_523bf9cac06b97bc6deb,T1a_ACRONYM,6675,2,4.840069232685906,7.251040048967649,1,1518,380,True,0.4589931424143901
paper_6dea042420858e16f3b7,T1a_ACRONYM,11619,7,8.956556500568286,7.708543334683094,0,1518,380,True,0.4376979058691792
paper_33796061924f83a65de1,T1a_ACRONYM,9788,1,6.415294546843205,6.554244530898248,3,1519,379,True,0.4841441946473859
paper_d5d538c7fe0f37513dcb,T1a_ACRONYM,12206,4,9.733218218107194,7.974126018439451,0,1518,380,True,0.4376979058691792
paper_972c7d842da6c54a1bdd,T1a_ACRONYM,5904,0,4.74081295160427,8.029832235102083,2,1518,380,True,0.4580177005163218
paper_3abdf6024514c9cd4dda,T1a_ACRONYM,8430,1,5.662692615441044,6.717310338601476,0,1518,380,True,0.4376979058691792
paper_b98a5e3ea66600840019,T1a_ACRONYM,19503,26,13.94275790442804,7.149032407541425,3,1519,379,True,0.4841441946473859
paper_8b6c41dd419735fe1e01,T1a_ACRONYM,17728,3,8.329507312410026,4.698503673516486,0,1518,380,True,0.4376979058691792
paper_4a9d2bbe23f05d0a76c1,T1a_ACRONYM,9936,13,6.645434160450808,6.688238889342601,1,1518,380,True,0.4589931424143901
paper_4877825c00e174f1190a,T1a_ACRONYM,9428,7,4.967106668149458,5.268462736688012,3,1519,379,True,0.4841441946473859
paper_4b2d4a71a16ea1e9c2c7,T1a_ACRONYM,12863,2,9.30663563447348,7.235198347565482,2,1518,380,True,0.4580177005163218
paper_80f3958782a73e783fe7,T1a_ACRONYM,11815,7,6.863879324062669,5.809461975507972,4,1519,379,True,0.4491919566382406
paper_a94d2ad962132cfd24cc,T1a_ACRONYM,18100,5,13.675269398291107,7.555397457619396,1,1518,380,True,0.4589931424143901
paper_14190b16a758f798b6d1,T1a_ACRONYM,8923,2,5.096740164113905,5.711913217655391,0,1518,380,True,0.4376979058691792
paper_d3d3a3333226d651b3df,T1a_ACRONYM,7596,10,5.242419246907683,6.90155245775103,3,1519,379,True,0.4841441946473859
paper_3322361c95f35e53a49e,T1a_ACRONYM,10634,1,6.946268224586981,6.532131112081044,4,1519,379,True,0.4491919566382406
paper_37a7e2db9bbcaed1144d,T1a_ACRONYM,9188,4,7.881691499528614,8.578244992956698,0,1518,380,True,0.4376979058691792
paper_230af28c059ff9e246b4,T1a_ACRONYM,5207,1,3.173930960459067,6.0955078941022975,1,1518,380,True,0.4589931424143901
paper_66ca7dab0efb8628c218,T1a_ACRONYM,3621,4,2.8852065891430376,7.967982847674779,3,1519,379,True,0.4841441946473859
paper_875f2d35bea8cececdda,T1a_ACRONYM,16175,19,9.253773108639828,5.721034379375474,1,1518,380,True,0.4589931424143901
paper_7cf0443fbef6f4ce3e58,T1a_ACRONYM,7756,6,5.226582555902967,6.738760386672212,2,1518,380,True,0.4580177005163218
paper_1818ec3ee88fcf4ec16b,T1a_ACRONYM,7849,13,6.07434869477288,7.739009676102535,1,1518,380,True,0.4589931424143901
paper_950a799313e78c49d6cf,T1a_ACRONYM,13351,15,7.1857013283784115,5.382144654616442,3,1519,379,True,0.4841441946473859
paper_de0186321a16af47ce1d,T1a_ACRONYM,12083,24,7.565588781831949,6.261349649782297,0,1518,380,True,0.4376979058691792
paper_e6eb31e0c696987f6709,T1a_ACRONYM,11257,1,8.14766186895922,7.237862546823506,0,1518,380,True,0.4376979058691792
paper_a3c202485c7e887d701d,T1a_ACRONYM,11332,23,7.877344361549335,6.951415779694083,0,1518,380,True,0.4376979058691792
paper_11881c3333b09bc1adce,T1a_ACRONYM,11901,10,8.161641627333063,6.8579460779203965,4,1519,379,True,0.4491919566382406
paper_991dda64ba793fd6aeef,T1a_ACRONYM,19414,9,14.093717395686557,7.259563920720386,4,1519,379,True,0.4491919566382406
paper_344dbfc5c5b168e02b55,T1a_ACRONYM,16312,4,10.913940189451784,6.690743127422624,4,1519,379,True,0.4491919566382406
paper_5089be4b16f8df84fd34,T1a_ACRONYM,7723,1,4.308453373899444,5.578730252362352,2,1518,380,True,0.4580177005163218
paper_2cf89ece81e90cd3f910,T1a_ACRONYM,19237,0,12.98929704986944,6.752246737989001,2,1518,380,True,0.4580177005163218
paper_974fb714ec6870c7868d,T1a_ACRONYM,11849,9,7.512473299908304,6.340174951395311,3,1519,379,True,0.4841441946473859
paper_afdaabfe491a5a37749e,T1a_ACRONYM,5327,1,4.258117842393523,7.993463192028391,0,1518,380,True,0.4376979058691792
paper_f72cb7936d3d0c3c3932,T1a_ACRONYM,8949,6,6.174474516677576,6.899625116412533,3,1519,379,True,0.4841441946473859
paper_3ab5e2fd8b16c05e6645,T1a_ACRONYM,8945,12,6.705197886183184,7.496028939276897,0,1518,380,True,0.4376979058691792
paper_b25069bc6310cf49e623,T1a_ACRONYM,6157,5,4.255305007274687,6.9113285809236435,2,1518,380,True,0.4580177005163218
paper_cfd4f1c04166827fa544,T1a_ACRONYM,6753,1,4.653860759453538,6.891545623357824,3,1519,379,True,0.4841441946473859
paper_c574d39da9fc52993a06,T1a_ACRONYM,11810,15,7.83482361150935,6.634058942852963,1,1518,380,True,0.4589931424143901
paper_dec9806686f61d51f992,T1a_ACRONYM,12347,22,9.18098611091786,7.435803118909744,0,1518,380,True,0.4376979058691792
paper_2e5b0db9629fafc6d581,T1a_ACRONYM,14971,2,8.465419168839784,5.654544899365296,1,1518,380,True,0.4589931424143901
paper_aa2f168ca67d747b5fe8,T1a_ACRONYM,10335,10,7.163951466721183,6.931738235821173,1,1518,380,True,0.4589931424143901
paper_cf6b5a4b3b503636aee2,T1a_ACRONYM,5355,6,5.3030616953931515,9.903009701947996,2,1518,380,True,0.4580177005163218
paper_54e19b6fae0955d86c32,T1a_ACRONYM,7052,14,3.886368263494547,5.511015688449443,4,1519,379,True,0.4491919566382406
paper_316995de6816ef27d70d,T1a_ACRONYM,14818,4,10.934461238106541,7.379174813137091,4,1519,379,True,0.4491919566382406
paper_229a70bda75d65e03878,T1a_ACRONYM,11357,0,6.612190640464895,5.822127886294704,4,1519,379,True,0.4491919566382406
paper_0b8596b48a890a9f2feb,T1a_ACRONYM,12918,2,9.506722708089688,7.359283718911354,1,1518,380,True,0.4589931424143901
paper_b33dff89ce500841ced0,T1a_ACRONYM,9998,5,8.03847626192273,8.040084278778485,3,1519,379,True,0.4841441946473859
paper_df87e85f2ad904ecb786,T1a_ACRONYM,14486,2,11.189732049350255,7.724514737919545,0,1518,380,True,0.4376979058691792
paper_797d18788d80435e77c5,T1a_ACRONYM,23694,2,12.305579095835476,5.193542287429508,0,1518,380,True,0.4376979058691792
paper_78c0ed038711160919ae,T1a_ACRONYM,8789,6,6.949613678290687,7.907172236079972,0,1518,380,True,0.4376979058691792
paper_c15832fcb3eb74f0db4f,T1a_ACRONYM,9161,0,7.997698807443839,8.730159161056477,0,1518,380,True,0.4376979058691792
paper_814885c7706c9991ec46,T1a_ACRONYM,8135,2,6.627414159417894,8.146790607766311,0,1518,380,True,0.4376979058691792
paper_d29d84f63443160ab720,T1a_ACRONYM,22106,9,17.41510856478729,7.878000798329544,4,1519,379,True,0.4491919566382406
paper_0e732bca591d02f4edb1,T1a_ACRONYM,6678,7,4.594264282582882,6.879700932289432,3,1519,379,True,0.4841441946473859
paper_4f31c328a7c95c22c4de,T1a_ACRONYM,12075,10,9.200375784257147,7.619358827542151,0,1518,380,True,0.4376979058691792
paper_0cf5a0ec78df6032a89d,T1a_ACRONYM,9035,5,7.251236822799134,8.025718674929866,1,1518,380,True,0.4589931424143901
paper_6cf74d8cb1c2c6922288,T1a_ACRONYM,11351,8,8.520475997707361,7.50636595692658,1,1518,380,True,0.4589931424143901
paper_a0f697f2769682f05941,T1a_ACRONYM,14053,4,10.616589965448384,7.554678691701689,1,1518,380,True,0.4589931424143901
paper_105b9b987c104bf5cb6f,T1a_ACRONYM,13657,9,9.883493705824868,7.236943476477168,3,1519,379,True,0.4841441946473859
paper_5c16c4d08150462f8c15,T1a_ACRONYM,8376,2,5.8544380949842125,6.989539272903787,3,1519,379,True,0.4841441946473859
paper_0abb3c6faa410f767265,T1a_ACRONYM,8037,14,5.925963744470053,7.373352923317224,0,1518,380,True,0.4376979058691792
paper_545b45f788f24062a345,T1a_ACRONYM,9053,5,6.7478771270394375,7.4537469645857035,3,1519,379,True,0.4841441946473859
paper_6aabe31ff814c94de9be,T1a_ACRONYM,6879,6,4.844955041032271,7.043109523233422,1,1518,380,True,0.4589931424143901
paper_1c6055e2b849d2598268,T1a_ACRONYM,17051,25,14.503257703761616,8.505810629148797,2,1518,380,True,0.4580177005163218
paper_91d141d39bddc018a22d,T1a_ACRONYM,12161,2,8.545459201686235,7.0269379176763715,2,1518,380,True,0.4580177005163218
paper_caa94e78df759c34426a,T1a_ACRONYM,7377,5,5.618362237349795,7.616052917649173,2,1518,380,True,0.4580177005163218
paper_92169ac77d0b042008ac,T1a_ACRONYM,10939,13,8.485526065425107,7.7571314246504315,1,1518,380,True,0.4589931424143901
paper_3cbfe786e6e2858d0671,T1a_ACRONYM,9074,7,5.129990587074229,5.653505165389276,4,1519,379,True,0.4491919566382406
paper_35233223488b5f7763d8,T1a_ACRONYM,21000,1,13.22552538115116,6.297869229119599,1,1518,380,True,0.4589931424143901
paper_8895ea6c90c08e015ed4,T1a_ACRONYM,6508,4,3.607975569162211,5.543908373021221,3,1519,379,True,0.4841441946473859
paper_c13a4be6447080a00a3f,T1a_ACRONYM,24042,11,15.992454567971295,6.651881943254012,4,1519,379,True,0.4491919566382406
paper_92de99770ad153511885,T1a_ACRONYM,10261,16,7.206122972054974,7.022827182589391,4,1519,379,True,0.4491919566382406
paper_3e0d5679b83f65deebe0,T1a_ACRONYM,8228,7,6.605236083208381,8.027754111823507,2,1518,380,True,0.4580177005163218
paper_42f1436106c9d860f1b4,T1a_ACRONYM,10988,12,7.547804394821084,6.86913395961147,1,1518,380,True,0.4589931424143901
paper_3cec864523b3855c0a2f,T1a_ACRONYM,12385,9,10.230533804352063,8.260422934478857,2,1518,380,True,0.4580177005163218
paper_00c3ff30718e77e98d96,T1a_ACRONYM,4096,4,3.176552312226269,7.755254668521164,1,1518,380,True,0.4589931424143901
paper_54e89ad05f8c4b91f7ea,T1a_ACRONYM,11579,12,9.122490700582043,7.878478884689562,2,1518,380,True,0.4580177005163218
paper_9617adc250ddacd73f38,T1a_ACRONYM,14,0,81.08465656379147,57917.611831279624,2,1518,380,True,0.4580177005163218
paper_e3892e7e8caa66ec339f,T1a_ACRONYM,8945,4,6.392815159146832,7.146802860980249,0,1518,380,True,0.4376979058691792
paper_e5e8bbddbeb6098efad0,T1a_ACRONYM,9239,7,7.055925547836902,7.637109587441175,0,1518,380,True,0.4376979058691792
paper_70a33f00de4d371b40b6,T1a_ACRONYM,7339,5,5.660202188203722,7.712497871922227,2,1518,380,True,0.4580177005163218
paper_a3eefdee2e6756587843,T1a_ACRONYM,6476,1,5.301909326103703,8.187012548029191,1,1518,380,True,0.4589931424143901
paper_89a26ce07bb7ef39c1e4,T1a_ACRONYM,10369,3,8.048355926890562,7.761940328759342,2,1518,380,True,0.4580177005163218
paper_7d9f28a4e6c574da1959,T1a_ACRONYM,6697,1,5.294056098588225,7.905115870670786,1,1518,380,True,0.4589931424143901
paper_4e8617b2de076d610f2d,T1a_ACRONYM,9455,15,6.578652826881266,6.957855977663951,1,1518,380,True,0.4589931424143901
paper_aadd6adaf7e7776d1f64,T1a_ACRONYM,12091,2,10.085355058605511,8.341208385249782,1,1518,380,True,0.4589931424143901
paper_896904b4e70b64dfb974,T1a_ACRONYM,4441,5,3.0884178867079415,6.954329850727182,1,1518,380,True,0.4589931424143901
paper_155bd61110e883afcbf8,T1a_ACRONYM,6701,1,5.5283476412268575,8.250033787832946,2,1518,380,True,0.4580177005163218
paper_f8f3f95c5b2836f0647f,T1a_ACRONYM,9985,17,7.542148754318428,7.553478972777595,0,1518,380,True,0.4376979058691792
paper_06a2493d2817612638e9,T1a_ACRONYM,8445,4,6.320310908214754,7.484086332995564,2,1518,380,True,0.4580177005163218
paper_bf226db1e1daea13c7fa,T1a_ACRONYM,8772,1,6.688899284126697,7.625284181630982,0,1518,380,True,0.4376979058691792
paper_7249aa5b34be37b5061a,T1a_ACRONYM,6559,7,5.072484318951139,7.733624514333188,1,1518,380,True,0.4589931424143901
paper_b7b63cac23ca73509d10,T1a_ACRONYM,12521,6,6.183937669545003,4.938852862826454,1,1518,380,True,0.4589931424143901
paper_e67419316565cb79b105,T1a_ACRONYM,7555,4,5.809349246445187,7.689409988676622,1,1518,380,True,0.4589931424143901
paper_cd61ecaf42eae829f8ef,T1a_ACRONYM,7114,0,5.344694373037946,7.512924336572879,4,1519,379,True,0.4491919566382406
paper_89bf9cb6aa3257c2bc0c,T1a_ACRONYM,12797,9,9.2651092680251,7.240063505528718,0,1518,380,True,0.4376979058691792
paper_a4bb65c2fe1a69894fbe,T1a_ACRONYM,13723,4,7.850299258806135,5.7205416153946915,0,1518,380,True,0.4376979058691792
paper_2de892b43090d26bac10,T1a_ACRONYM,51,0,0.3368276452148834,66.0446363166438,2,1518,380,True,0.4580177005163218
paper_4ffc5b48048d021e1815,T1a_ACRONYM,3103,12,1.9738565378037667,6.361123228500698,4,1519,379,True,0.4491919566382406
paper_366f186e0b2f6a47de9c,T1a_ACRONYM,8235,3,4.928120578925848,5.984360144415116,1,1518,380,True,0.4589931424143901
paper_ea4267fba8d94a8c033c,T1a_ACRONYM,6563,4,3.8421470417544805,5.854254215685632,2,1518,380,True,0.4580177005163218
paper_0e8628887f1d22aeb17d,T1a_ACRONYM,9836,14,7.079465091765739,7.197504159989568,4,1519,379,True,0.4491919566382406
paper_94dee75e64b89bf47143,T1a_ACRONYM,6596,1,5.233668429410074,7.934609504866699,3,1519,379,True,0.4841441946473859
paper_b4d40141243bb11115d6,T1a_ACRONYM,11359,8,8.226423948658224,7.242207895640659,4,1519,379,True,0.4491919566382406
paper_55e8712d400de9b048dd,T1a_ACRONYM,8688,2,7.486815417269804,8.61742106039342,0,1518,380,True,0.4376979058691792
paper_5178edc200c7560cc5dd,T1a_ACRONYM,12777,5,10.308760280515129,8.068216545758103,1,1518,380,True,0.4589931424143901
paper_c181c5958148c1d9e857,T1a_ACRONYM,34826,18,20.12586752323138,5.778977638325211,1,1518,380,True,0.4589931424143901
paper_7cf2bb984eaacaed8b12,T1a_ACRONYM,5595,1,4.797796622643359,8.575150353249972,1,1518,380,True,0.4589931424143901
paper_b45b8c314fefc9dc2f86,T1a_ACRONYM,6471,12,5.062200144976428,7.822902402992471,0,1518,380,True,0.4376979058691792
paper_6e8a039886d61790712b,T1a_ACRONYM,15145,7,11.139646836094784,7.355329703595103,4,1519,379,True,0.4491919566382406
paper_64b04c99ea635be83301,T1a_ACRONYM,12931,4,8.604125133241833,6.653874513372387,1,1518,380,True,0.4589931424143901
paper_30af98fd045e6e063607,T1a_ACRONYM,12817,9,8.115605674704653,6.3319073688887055,4,1519,379,True,0.4491919566382406
paper_0232cc466c60248dfdc3,T1a_ACRONYM,7087,6,5.390577990258313,7.606290377110644,1,1518,380,True,0.4589931424143901
paper_06216ba1fd679f581e9b,T1a_ACRONYM,8191,3,5.677538867400905,6.931435560250159,0,1518,380,True,0.4376979058691792
paper_b579347024e3bc641231,T1a_ACRONYM,3022,1,1.6772072443235544,5.549990881282443,3,1519,379,True,0.4841441946473859
paper_3824e02ea70998383a7e,T1a_ACRONYM,12925,14,9.566498808202436,7.401546466694342,0,1518,380,True,0.4376979058691792
paper_8614d958b1fd56258652,T1a_ACRONYM,10602,10,5.745804070011512,5.419547321270998,0,1518,380,True,0.4376979058691792
paper_0b96938446e7a8a961b5,T1a_ACRONYM,17474,2,13.064410926439,7.476485593704361,4,1519,379,True,0.4491919566382406
paper_8c89891cdaa55dcdff15,T1a_ACRONYM,8004,2,5.792602923190854,7.2371350864453445,1,1518,380,True,0.4589931424143901
paper_2fa76b57fa652824daf1,T1a_ACRONYM,7230,18,4.883988185527794,6.755170381089618,0,1518,380,True,0.4376979058691792
paper_70a806d1cbfd69a7b45e,T1a_ACRONYM,8600,0,6.406403113540535,7.4493059459773665,3,1519,379,True,0.4841441946473859
paper_fb924389ccb8e78b3f2e,T1a_ACRONYM,11068,1,8.352883590936896,7.546877115049599,4,1519,379,True,0.4491919566382406
paper_251e893761028cd925f7,T1a_ACRONYM,6367,2,4.57512862006612,7.185689681272372,0,1518,380,True,0.4376979058691792
paper_a1519868149566c09b85,T1a_ACRONYM,8473,3,6.42843969082302,7.586970011593319,1,1518,380,True,0.4589931424143901
paper_f2ac582ab2137c281989,T1a_ACRONYM,17429,4,10.45686313425138,5.999691969849894,0,1518,380,True,0.4376979058691792
paper_1505cb58904a14e9acef,T1a_ACRONYM,7756,6,6.173004434291137,7.959005201509976,4,1519,379,True,0.4491919566382406
paper_9eca70ac9c66a0ecc684,T1a_ACRONYM,7970,15,6.508238206312874,8.165919957732589,4,1519,379,True,0.4491919566382406
paper_190df2258f3e7ef7321c,T1a_ACRONYM,14499,12,6.762069299668639,4.663817711337774,0,1518,380,True,0.4376979058691792
paper_072bfbd0f8798926c557,T1a_ACRONYM,11933,15,7.964305730133322,6.67418564496214,0,1518,380,True,0.4376979058691792
paper_c88fa716da4fb68afa81,T1a_ACRONYM,10691,7,6.6389173156670855,6.2098188342223235,0,1518,380,True,0.4376979058691792
paper_ecaeb019206ece9b12b5,T1a_ACRONYM,3213,7,2.472011007233181,7.693778422761223,3,1519,379,True,0.4841441946473859
paper_9638a9b9407457710066,T1a_ACRONYM,22545,12,11.028876040162547,4.891938806902882,2,1518,380,True,0.4580177005163218
paper_f75a51877cad3bfac087,T1a_ACRONYM,7587,11,4.880938831866472,6.433292252361239,0,1518,380,True,0.4376979058691792
paper_233f31909fd3f28cf0e8,T1a_ACRONYM,11500,4,7.6598586911394255,6.660746687947327,0,1518,380,True,0.4376979058691792
paper_3931b2764d33f08f9b60,T1a_ACRONYM,10472,7,7.965874290286478,7.606831828004658,3,1519,379,True,0.4841441946473859
paper_276e2d9ca1173f526ae1,T1a_ACRONYM,14978,5,11.398553870665074,7.610197536830734,3,1519,379,True,0.4841441946473859
paper_b005f05d79307aca2e7f,T1a_ACRONYM,18253,13,7.978942744630563,4.37130485105493,0,1518,380,True,0.4376979058691792
paper_b00d47de8a46a6c79806,T1a_ACRONYM,6885,3,5.776523865738248,8.39001287688925,3,1519,379,True,0.4841441946473859
paper_27881da4624b6a406df0,T1a_ACRONYM,6751,10,3.702563006855737,5.484466015191433,0,1518,380,True,0.4376979058691792
paper_14587ed0f5bdfc1a50ee,T1a_ACRONYM,11093,2,8.881899560258224,8.006760624049603,1,1518,380,True,0.4589931424143901
paper_c677e24671caa0fb90fb,T1a_ACRONYM,6152,10,4.146121001774001,6.739468468423279,0,1518,380,True,0.4376979058691792
paper_40e3cd75e93f814f97a0,T1a_ACRONYM,10991,15,7.773400741144933,7.0725145493084645,4,1519,379,True,0.4491919566382406
paper_5d1d17020e2f0bfca95b,T1a_ACRONYM,11616,12,8.011189487920813,6.896685165221085,4,1519,379,True,0.4491919566382406
paper_9cfcfcd2ed71c0ca6a56,T1a_ACRONYM,8722,6,6.019128107036746,6.901087029393197,3,1519,379,True,0.4841441946473859
paper_a3ba67ec77c49d653ebb,T1a_ACRONYM,8792,0,6.255672572787416,7.115187184699063,2,1518,380,True,0.4580177005163218
paper_96ac22b722cc9f3876ef,T1a_ACRONYM,13547,3,9.804471267929436,7.237374524196823,4,1519,379,True,0.4491919566382406
paper_480ef6f63ad202e0de3b,T1a_ACRONYM,10312,12,6.8023904538141435,6.596577243807355,1,1518,380,True,0.4589931424143901
paper_e3e5e74da4d406668197,T1a_ACRONYM,5982,16,5.270924618251583,8.811308288618495,0,1518,380,True,0.4376979058691792
paper_76b5dd38ce3ab801e549,T1a_ACRONYM,10528,9,6.515551549962221,6.188783767061381,1,1518,380,True,0.4589931424143901
paper_fda3c6da82b26c4d290c,T1a_ACRONYM,8134,12,6.6438197768184555,8.167961368107273,4,1519,379,True,0.4491919566382406
paper_34d89b2cd8b1d6aef44e,T1a_ACRONYM,15646,9,10.012028823722039,6.399098059390284,1,1518,380,True,0.4589931424143901
paper_254433e21b7170b6b83a,T1a_ACRONYM,6766,7,5.790409181646677,8.558098110621751,1,1518,380,True,0.4589931424143901
paper_c3a2a06ddc49daaa4b54,T1a_ACRONYM,9583,2,8.987687449155278,9.378782687212018,0,1518,380,True,0.4376979058691792
paper_6b87b17f9d1a3a845b3a,T1a_ACRONYM,8504,10,6.304251275905554,7.413277605721489,3,1519,379,True,0.4841441946473859
paper_21d71a2192b6e4163d69,T1a_ACRONYM,4061,0,3.2422507971473844,7.983872930675656,4,1519,379,True,0.4491919566382406
paper_6365016e63ccb2f0cb3f,T1a_ACRONYM,11231,17,7.590439717772042,6.758471834896307,1,1518,380,True,0.4589931424143901
paper_68bc91488ec451c8fb7e,T1a_ACRONYM,15224,12,10.064783788265698,6.611129655981147,1,1518,380,True,0.4589931424143901
paper_0711aea5c961dd8c374d,T1a_ACRONYM,5214,0,3.690169968798071,7.077426100494958,0,1518,380,True,0.4376979058691792
paper_f240d9d1ee41e7af2920,T1a_ACRONYM,7505,2,5.377963067408497,7.16584019641372,3,1519,379,True,0.4841441946473859
paper_cdcf8c0ec6e244c9da7d,T1a_ACRONYM,16087,6,11.81129412564079,7.342135964220048,4,1519,379,True,0.4491919566382406
paper_94955909662fc0f4ebf4,T1a_ACRONYM,21566,17,15.036813959207368,6.972463117503184,2,1518,380,True,0.4580177005163218
paper_75ba7a8d3c3e91ae2125,T1a_ACRONYM,3441,0,2.2902332059655257,6.655719866217744,2,1518,380,True,0.4580177005163218
paper_84a70fcea3b65b7355ec,T1a_ACRONYM,7251,8,5.8012847378230585,8.000668511685365,1,1518,380,True,0.4589931424143901
paper_4095b334fa6e74b81f84,T1a_ACRONYM,17112,24,12.464961201757637,7.284339178212738,4,1519,379,True,0.4491919566382406
paper_5cbb72428f2974a70216,T1a_ACRONYM,10923,9,7.525711662098733,6.889784548291434,2,1518,380,True,0.4580177005163218
paper_5a8f097e6159fed3e1dc,T1a_ACRONYM,11789,15,8.278769972843861,7.022453111242566,2,1518,380,True,0.4580177005163218
paper_a2eacde7fcf945fa8df6,T1a_ACRONYM,10378,12,7.760950712603442,7.478272029874197,3,1519,379,True,0.4841441946473859
paper_2a42f1ff9bd9c93161c2,T1a_ACRONYM,14531,11,11.354820253013571,7.81420428945948,0,1518,380,True,0.4376979058691792
paper_6a2566344144df787916,T1a_ACRONYM,9247,9,7.438471079349779,8.044199285551832,1,1518,380,True,0.4589931424143901
paper_bd33e8fd432779663ca7,T1a_ACRONYM,4344,13,3.455899304631466,7.955569301637812,3,1519,379,True,0.4841441946473859
paper_43981dd764fb9b292128,T1a_ACRONYM,7976,7,6.1106738336961275,7.661326270932959,4,1519,379,True,0.4491919566382406
paper_2b927acd6b0595e0fbfb,T1a_ACRONYM,11411,1,6.652583248811941,5.82997392762417,4,1519,379,True,0.4491919566382406
paper_46763484e876b1610d47,T1a_ACRONYM,9359,5,6.676531700281043,7.133808847399341,3,1519,379,True,0.4841441946473859
paper_e6973e2b099a57d76505,T1a_ACRONYM,10924,3,7.581622159954991,6.940335188534411,3,1519,379,True,0.4841441946473859
paper_0bffd162d203a1f7b8c6,T1a_ACRONYM,8412,6,5.946099065774022,7.068591376336213,2,1518,380,True,0.4580177005163218
paper_c2ac44375b1d92f4f814,T1a_ACRONYM,449,0,0.2721456344464402,6.061149987671273,4,1519,379,True,0.4491919566382406
paper_bd4546a641a1bdd72a78,T1a_ACRONYM,7044,7,5.095337417457551,7.2335852036592145,3,1519,379,True,0.4841441946473859
paper_24fe4b2effdf7c3aa1db,T1a_ACRONYM,12345,8,7.4115032332533,6.003647819565249,2,1518,380,True,0.4580177005163218
paper_885e837f21bcf28ca60b,T1a_ACRONYM,15938,10,11.751003317271492,7.372947243864657,0,1518,380,True,0.4376979058691792
paper_782f0a0f6237b3871019,T1a_ACRONYM,20218,2,10.484646709257992,5.185798154742305,4,1519,379,True,0.4491919566382406
paper_cce946fd7f9a51375e1e,T1a_ACRONYM,22297,5,15.229341494496976,6.830219982283257,2,1518,380,True,0.4580177005163218
paper_a7dac2e3bae1747435ba,T1a_ACRONYM,13370,22,9.036825475510861,6.7590317692676605,1,1518,380,True,0.4589931424143901
paper_6dc8fab0b2f8787538a0,T1a_ACRONYM,2247,0,1.705634322284374,7.5907179451908044,1,1518,380,True,0.4589931424143901
paper_dfc8976198fdb56f04dd,T1a_ACRONYM,4386,0,4.381204961282798,9.989067399185586,3,1519,379,True,0.4841441946473859
paper_97a8687cac5aafc42602,T1a_ACRONYM,6255,8,3.76979339219009,6.026847949144829,2,1518,380,True,0.4580177005163218
paper_d0cda66392b22526445e,T1a_ACRONYM,12029,17,5.724503012548379,4.75891845751798,2,1518,380,True,0.4580177005163218
paper_8b873330b79ed7eaa513,T1a_ACRONYM,6703,6,4.816992052453998,7.186322620399818,3,1519,379,True,0.4841441946473859
paper_664bbbd2927cf5a8c793,T1a_ACRONYM,17906,11,12.35102322697378,6.897700897449894,1,1518,380,True,0.4589931424143901
paper_c04deb4c3f4bb3dad1f0,T1a_ACRONYM,8932,3,6.481352137471601,7.256327964030006,2,1518,380,True,0.4580177005163218
paper_927858d424e2b9cea9ba,T1a_ACRONYM,11141,22,9.127247205518064,8.192484701120243,2,1518,380,True,0.4580177005163218
paper_471d115d1a36a551996f,T1a_ACRONYM,15726,4,11.41734627150631,7.260171862842624,3,1519,379,True,0.4841441946473859
paper_70eda2eb1a05bdfa7e19,T1a_ACRONYM,5892,2,3.676357660118679,6.2395751190065845,2,1518,380,True,0.4580177005163218
paper_48b7ec807069e8d2c488,T1a_ACRONYM,1461,0,1.0261525840288837,7.023631649752797,0,1518,380,True,0.4376979058691792
paper_2639059271b0a3aa3c6f,T1a_ACRONYM,407,0,0.2351078800954399,5.776606390551349,4,1519,379,True,0.4491919566382406
paper_4b85962af18143d5abdf,T1a_ACRONYM,6716,7,4.945600298390994,7.363907531850796,2,1518,380,True,0.4580177005163218
paper_82ada25e588ffde0797b,T1a_ACRONYM,49060,3,24.892418973691235,5.073872599610933,4,1519,379,True,0.4491919566382406
paper_cc9b4421cec4c4f430f6,T1a_ACRONYM,10034,4,7.043317663561732,7.019451528365289,4,1519,379,True,0.4491919566382406
paper_1645a5d395c467c28675,T1a_ACRONYM,10360,1,7.35026238763316,7.094847864510772,2,1518,380,True,0.4580177005163218
paper_60435861dc4b28fce705,T1a_ACRONYM,6845,6,4.938595198847697,7.214894373773114,3,1519,379,True,0.4841441946473859
paper_0ce613e2f32acae68fe5,T1a_ACRONYM,9782,3,7.9161085999798715,8.092525659353784,4,1519,379,True,0.4491919566382406
paper_d3701df2622169ea49d6,T1a_ACRONYM,10999,8,8.0256002016172,7.296663516335302,0,1518,380,True,0.4376979058691792
paper_583ba179ad1bd014f19f,T1a_ACRONYM,18986,5,14.614729394228952,7.697634780485068,4,1519,379,True,0.4491919566382406
paper_0f7e85cba4ea1f161796,T1a_ACRONYM,8809,0,6.566805140823962,7.454654490661779,4,1519,379,True,0.4491919566382406
paper_050e0efec10ad1f0a9fe,T1a_ACRONYM,20161,27,10.528225356537922,5.222074974722446,1,1518,380,True,0.4589931424143901
paper_462564d91183c05007a4,T1a_ACRONYM,12762,3,8.737496604636272,6.846494753672051,0,1518,380,True,0.4376979058691792
paper_2910bf55c20bb603f151,T1a_ACRONYM,9997,10,6.022193230419154,6.024000430548318,1,1518,380,True,0.4589931424143901
paper_337e748ad8435a82418a,T1a_ACRONYM,11891,4,8.154437805091959,6.857655205695029,3,1519,379,True,0.4841441946473859
paper_1f4567b736135e989979,T1a_ACRONYM,6356,13,4.809263699161281,7.566494177409189,3,1519,379,True,0.4841441946473859
paper_e365b2946291c86625f8,T1a_ACRONYM,13741,8,8.738598276407252,6.359506787284223,0,1518,380,True,0.4376979058691792
paper_10592854365645e9bbb6,T1a_ACRONYM,7164,4,5.4405897765457265,7.59434642175562,4,1519,379,True,0.4491919566382406
paper_def9d9309b4003de0ded,T1a_ACRONYM,10476,13,7.329141972891696,6.996126358239495,3,1519,379,True,0.4841441946473859
paper_0ec8a1fff8943d1ae2df,T1a_ACRONYM,10819,8,7.156048879388791,6.614334854782134,0,1518,380,True,0.4376979058691792
paper_dc7ff9902941aa396652,T1a_ACRONYM,12219,15,8.444404552336549,6.910880229426752,3,1519,379,True,0.4841441946473859
paper_56467e511c7c5531b99a,T1a_ACRONYM,6024,1,3.6331570463857346,6.031137195195442,1,1518,380,True,0.4589931424143901
paper_838f47356ba40564b3ac,T1a_ACRONYM,10397,2,8.46284062236348,8.139694741140213,2,1518,380,True,0.4580177005163218
paper_6f5456855514128c0fd6,T1a_ACRONYM,8247,7,5.388822926758906,6.5342826806825585,2,1518,380,True,0.4580177005163218
paper_d2eac0088861f06e06e3,T1a_ACRONYM,8729,4,6.795504996095077,7.784975364984622,4,1519,379,True,0.4491919566382406
paper_6ba850a9ab17db2dae58,T1a_ACRONYM,15497,38,12.960420465824129,8.36318027090671,4,1519,379,True,0.4491919566382406
paper_f766d0e99ef832cea663,T1a_ACRONYM,3225,2,2.1359687473025835,6.6231589063645995,1,1518,380,True,0.4589931424143901
paper_fb4e7a3a63bf54771fa1,T1a_ACRONYM,11218,3,7.593888597395006,6.769378318234094,2,1518,380,True,0.4580177005163218
paper_c71152dbc5850c074bbc,T1a_ACRONYM,15404,1,11.139083158396272,7.2312926242510205,0,1518,380,True,0.4376979058691792
paper_1c21e07003a6a2ace85f,T1a_ACRONYM,11614,4,8.929857718097482,7.68887353030608,4,1519,379,True,0.4491919566382406
paper_44e0d5bcb4ae4c4e36b0,T1a_ACRONYM,11951,14,5.668148120257472,4.742823295337186,3,1519,379,True,0.4841441946473859
paper_1abf736f1f1f6870a4c7,T1a_ACRONYM,11382,6,8.130516146907357,7.143310619317656,2,1518,380,True,0.4580177005163218
paper_fb930d159272344a0721,T1a_ACRONYM,8471,5,6.070616769933068,7.166351989060404,3,1519,379,True,0.4841441946473859
paper_83d6440ad70ea0a7d858,T1a_ACRONYM,19358,10,14.39290942811176,7.435122134575763,2,1518,380,True,0.4580177005163218
paper_48bdcdab69ea39f7f2f1,T1a_ACRONYM,8876,3,5.938117004835867,6.690082249702419,3,1519,379,True,0.4841441946473859
paper_d177441904486e4f45e7,T1a_ACRONYM,4837,1,4.129154854638037,8.536602965966585,2,1518,380,True,0.4580177005163218
paper_06f28f494ab4fc8cbfaf,T1a_ACRONYM,13928,6,8.698840264791215,6.245577444565778,2,1518,380,True,0.4580177005163218
paper_d8e4d2ebb449ff45541d,T1a_ACRONYM,12366,10,8.600523750082486,6.954976346500474,2,1518,380,True,0.4580177005163218
paper_16f52298d6daf40db176,T1a_ACRONYM,15042,2,11.268741976250285,7.49151839931544,1,1518,380,True,0.4589931424143901
paper_55b4b2bdafbd819c7d8a,T1a_ACRONYM,9264,13,4.885363049124018,5.273492065116599,4,1519,379,True,0.4491919566382406
paper_ebf04dca48b284656891,T1a_ACRONYM,8092,5,6.074609196840616,7.506931780574168,3,1519,379,True,0.4841441946473859
paper_0fe592fa232c553c1e74,T1a_ACRONYM,887,3,0.5180085864735707,5.840006611877912,0,1518,380,True,0.4376979058691792
paper_4906a874f0698bc17bd3,T1a_ACRONYM,8872,7,6.5164135418142894,7.344920583650011,3,1519,379,True,0.4841441946473859
paper_92969607871cfe57fe43,T1a_ACRONYM,6508,4,4.673358200441177,7.180943762202177,1,1518,380,True,0.4589931424143901
paper_9d036f816105712cf14d,T1a_ACRONYM,9538,4,5.611073203080545,5.882861399748946,2,1518,380,True,0.4580177005163218
paper_513c448af01021af98d8,T1a_ACRONYM,30609,17,19.03508267165565,6.218786197411105,3,1519,379,True,0.4841441946473859
paper_f06a8e9f5f8a4b8d1499,T1a_ACRONYM,11265,14,7.887963556878716,7.002186912453364,3,1519,379,True,0.4841441946473859
paper_eb379388589e5f345a04,T1a_ACRONYM,10269,3,5.953023693512377,5.7970821827951875,2,1518,380,True,0.4580177005163218
paper_e1a9ba013944aad3196e,T1a_ACRONYM,7069,7,5.105391272660209,7.222225594370079,3,1519,379,True,0.4841441946473859
paper_cebd4830799f542e23ff,T1a_ACRONYM,1957,0,1.1997441833158398,6.130527252508124,4,1519,379,True,0.4491919566382406
paper_cf6e681f23fb0fba0c64,T1a_ACRONYM,4562,3,2.539652493356709,5.566971708366307,2,1518,380,True,0.4580177005163218
paper_ac4d2f9b1c56feb41b26,T1a_ACRONYM,7527,16,5.570553467763397,7.400761880913242,2,1518,380,True,0.4580177005163218
paper_be0e7d5b81995f9db5e7,T1a_ACRONYM,4776,0,3.1611863871652126,6.618899470613929,3,1519,379,True,0.4841441946473859
paper_073064198401df831d2c,T1a_ACRONYM,5724,3,3.955391650928872,6.910188069407533,2,1518,380,True,0.4580177005163218
paper_bc7eb85ff159c4fcaf32,T1a_ACRONYM,10958,0,7.060966356763585,6.4436634027775,3,1519,379,True,0.4841441946473859
paper_772843d89b24948dd741,T1a_ACRONYM,18996,1,9.774595129191798,5.145607037898399,4,1519,379,True,0.4491919566382406
paper_be855fb98ce8a2a0e487,T1a_ACRONYM,10337,10,7.5956931651065505,7.348063427596546,3,1519,379,True,0.4841441946473859
paper_6a8becc5c88f09b869f3,T1a_ACRONYM,7097,1,4.617406422034068,6.506138399371662,2,1518,380,True,0.4580177005163218
paper_ce666477947bde040935,T1a_ACRONYM,11424,5,8.035918623542361,7.034242492596604,2,1518,380,True,0.4580177005163218
paper_46b8f27edf61a5ba6af1,T1a_ACRONYM,11065,7,8.701479291242675,7.863966824439832,4,1519,379,True,0.4491919566382406
paper_900fb6d9761c5ddee474,T1a_ACRONYM,11798,11,8.833849310702982,7.487582056876574,1,1518,380,True,0.4589931424143901
paper_33d29fa4c709b83e9173,T1a_ACRONYM,11019,3,8.439311595468967,7.658872488854675,4,1519,379,True,0.4491919566382406
paper_cf5ea2d3b25b1fc2454b,T1a_ACRONYM,7905,8,5.400279338224352,6.831472913629794,1,1518,380,True,0.4589931424143901
paper_7d1b5e39456d84705bab,T1a_ACRONYM,15852,2,11.027095025622575,6.95627998083685,1,1518,380,True,0.4589931424143901
paper_1bc583c06e4ee3d14b2b,T1a_ACRONYM,10566,8,6.0239111051522105,5.701221943168854,3,1519,379,True,0.4841441946473859
paper_a867f98be92c696e99b7,T1a_ACRONYM,12229,5,9.677819400900272,7.913827296508522,0,1518,380,True,0.4376979058691792
paper_437ee465e45b2bbe0b0a,T1a_ACRONYM,630,0,0.4243973576729169,6.736465994808205,3,1519,379,True,0.4841441946473859
paper_318bc73c6253e1aee894,T1a_ACRONYM,11777,7,8.399598069912315,7.132205204986258,0,1518,380,True,0.4376979058691792
paper_0e735e600aaa99e681ce,T1a_ACRONYM,8317,2,6.728969994570801,8.090621611844176,4,1519,379,True,0.4491919566382406
paper_9dda9fd662e16f63aea6,T1a_ACRONYM,5688,5,4.327127751656068,7.607467917820092,1,1518,380,True,0.4589931424143901
paper_a26a228781934eb1c537,T1a_ACRONYM,2203,0,1.444043703153609,6.554896519081295,0,1518,380,True,0.4376979058691792
paper_780ca30bca1371cb91c6,T1a_ACRONYM,4890,13,5.0279113660835275,10.282027333504146,0,1518,380,True,0.4376979058691792
paper_f33629526b9e8dec9b5e,T1a_ACRONYM,6599,1,5.873052854513304,8.899913402808462,0,1518,380,True,0.4376979058691792
paper_769ae64af226fe449181,T1a_ACRONYM,11795,9,8.091365806832425,6.8599964449617845,4,1519,379,True,0.4491919566382406
paper_cc9ed1f379259d9c2e94,T1a_ACRONYM,7591,9,6.768162450295149,8.916035371222696,2,1518,380,True,0.4580177005163218
paper_07f217e000b1db2955b5,T1a_ACRONYM,534,0,0.3016004352278143,5.647948225239968,3,1519,379,True,0.4841441946473859
paper_75d5824249e114a70cb6,T1a_ACRONYM,3868,1,3.0023219297386934,7.761949146170355,1,1518,380,True,0.4589931424143901
paper_8d1b156790f21393b4e1,T1a_ACRONYM,2008,4,1.309270398242977,6.520270907584546,1,1518,380,True,0.4589931424143901
paper_fd19685206cd80b2e8af,T1a_ACRONYM,10185,2,7.341710919315438,7.208356327261107,4,1519,379,True,0.4491919566382406
paper_8f5a80389272c2b14e09,T1a_ACRONYM,4241,2,2.8423728467185554,6.70212885338023,1,1518,380,True,0.4589931424143901
paper_f5290df23f6ebbf4d530,T1a_ACRONYM,11986,8,7.986510265429983,6.66319895330384,1,1518,380,True,0.4589931424143901
paper_4562ada1fc1e34be0aa5,T1a_ACRONYM,3613,3,2.846086166595164,7.877348924979695,1,1518,380,True,0.4589931424143901
paper_1326e03962da71949e0e,T1a_ACRONYM,12181,21,8.880963764561821,7.29083307163765,1,1518,380,True,0.4589931424143901
paper_7cbaf3a63f383f04f586,T1a_ACRONYM,7164,11,5.390212895525794,7.524026934011437,3,1519,379,True,0.4841441946473859
paper_009e1ffb00faff097f0a,T1a_ACRONYM,9195,14,6.515371098053375,7.085776071836189,4,1519,379,True,0.4491919566382406
paper_3bafa4a79b7e89fc0a5e,T1a_ACRONYM,9251,7,6.342108251081005,6.855592099320079,2,1518,380,True,0.4580177005163218
paper_c493ee04650e24bc9262,T1a_ACRONYM,10752,11,7.131971333098011,6.633157861884311,0,1518,380,True,0.4376979058691792
paper_e3a1a7befb994dcb7e6a,T1a_ACRONYM,9238,4,6.29094643027592,6.809857577696384,4,1519,379,True,0.4491919566382406
paper_3c458e8426ff50cd83a8,T1a_ACRONYM,15164,9,11.691402604010765,7.709972701141365,3,1519,379,True,0.4841441946473859
paper_0fa0164a3e53bdfefc86,T1a_ACRONYM,15372,3,10.66606710865889,6.938633299934224,1,1518,380,True,0.4589931424143901
paper_d233e8cdb8ca793ee1b6,T1a_ACRONYM,9833,9,6.614629939080134,6.726970343821962,2,1518,380,True,0.4580177005163218
paper_6d2c20d9a4b4a6edade7,T1a_ACRONYM,4157,2,2.968657336722893,7.141345529763996,2,1518,380,True,0.4580177005163218
paper_6b79e30c977d3f246ae8,T1a_ACRONYM,11067,9,7.169728817495453,6.478475483415065,4,1519,379,True,0.4491919566382406
paper_8a5acc89d7b1cbb5da6a,T1a_ACRONYM,5655,7,4.910390947056151,8.683273115925997,0,1518,380,True,0.4376979058691792
paper_07c9ea928687c1aed57c,T1a_ACRONYM,9352,8,6.896836582890034,7.374718330720738,3,1519,379,True,0.4841441946473859
paper_029eab9034ce84cdbecb,T1a_ACRONYM,10930,7,8.448002888140946,7.729188369753839,4,1519,379,True,0.4491919566382406
paper_338315c4ce05cecd82c8,T1a_ACRONYM,5154,0,3.870712757027113,7.510114002768943,1,1518,380,True,0.4589931424143901
paper_11c16d5f80d944fde4f9,T1a_ACRONYM,13418,8,10.797972065919401,8.047378197882994,3,1519,379,True,0.4841441946473859
paper_e1a4e627071aff86f5e1,T1a_ACRONYM,11981,5,9.413180661413417,7.856757083226289,1,1518,380,True,0.4589931424143901
paper_7214c2ea2b9041f9d360,T1a_ACRONYM,15413,14,10.647586348563268,6.908185524273839,4,1519,379,True,0.4491919566382406
paper_4516ab29b73cc618f530,T1a_ACRONYM,8568,12,5.774729713561209,6.7398806180686375,0,1518,380,True,0.4376979058691792
paper_833a553eafe91386ba81,T1a_ACRONYM,4598,6,2.4398367906307326,5.306300110114686,3,1519,379,True,0.4841441946473859
paper_2c176014a0257fb9cc47,T1a_ACRONYM,9920,1,7.048197220838885,7.105037521006941,1,1518,380,True,0.4589931424143901
paper_3b52b2355f8e01112a03,T1a_ACRONYM,8026,5,6.982460387193025,8.699801130317748,0,1518,380,True,0.4376979058691792
paper_c9fdc8cedb5be40f0dc1,T1a_ACRONYM,17074,5,13.477531326427748,7.893599230659334,3,1519,379,True,0.4841441946473859
paper_87f3d7eccc9ceb06ff2f,T1a_ACRONYM,4950,0,4.122736271233593,8.328760143906248,4,1519,379,True,0.4491919566382406
paper_a07be0b922a6a4d5a1e9,T1a_ACRONYM,5926,0,3.3124852608564455,5.589749005832679,4,1519,379,True,0.4491919566382406
paper_dd96768b401139c7059f,T1a_ACRONYM,13424,11,9.650122803161953,7.188708881974041,3,1519,379,True,0.4841441946473859
paper_bea3698e1259b05a513f,T1a_ACRONYM,9726,1,5.98912958315684,6.157854804808596,3,1519,379,True,0.4841441946473859
paper_36d630f627cf67853127,T1a_ACRONYM,15180,4,11.304918698122401,7.447245519184717,4,1519,379,True,0.4491919566382406
paper_584e5d6f39a54f268581,T1a_ACRONYM,10916,6,7.56319131406934,6.92853729760841,3,1519,379,True,0.4841441946473859
paper_8e32e74457d3a767dfc5,T1a_ACRONYM,20471,9,10.373370766039258,5.067349306843465,2,1518,380,True,0.4580177005163218
paper_25931cee38fa367141be,T1a_ACRONYM,9473,7,6.58945844071116,6.9560418459951014,4,1519,379,True,0.4491919566382406
paper_d2a860352e2abc4cf61a,T1a_ACRONYM,10418,7,7.804487293847039,7.49134890943275,2,1518,380,True,0.4580177005163218
paper_36079692e31980b48fef,T1a_ACRONYM,6903,0,3.8107972789023883,5.520494392151801,1,1518,380,True,0.4589931424143901
paper_b6b0623f2398930e5f5f,T1a_ACRONYM,3573,3,2.691877227389104,7.533941302516383,3,1519,379,True,0.4841441946473859
paper_260c6937e35e1e5ecb8a,T1a_ACRONYM,26445,17,17.770339557049887,6.719735132179954,2,1518,380,True,0.4580177005163218
paper_a1bff7fefde21c114512,T1a_ACRONYM,10213,3,7.223231579871688,7.07258550853979,1,1518,380,True,0.4589931424143901
paper_1e6221d350bec18f02d2,T1a_ACRONYM,8661,6,7.029403131479841,8.11615648479372,0,1518,380,True,0.4376979058691792
paper_62d201305fdcd3046947,T1a_ACRONYM,4672,10,3.003361357581019,6.428427563315537,4,1519,379,True,0.4491919566382406
paper_7948b462948f5b111cc2,T1a_ACRONYM,12912,13,8.557984008052125,6.62793061342327,1,1518,380,True,0.4589931424143901
paper_e924e456ceaca93fa45c,T1a_ACRONYM,3905,10,3.544398476233174,9.07656459982887,4,1519,379,True,0.4491919566382406
paper_e74918395456cb11f56d,T1a_ACRONYM,8069,10,6.328652943100401,7.843168847565252,4,1519,379,True,0.4491919566382406
paper_7399735fd99f002b3d09,T1a_ACRONYM,364,0,0.2160790104815299,5.9362365516903814,3,1519,379,True,0.4841441946473859
paper_826b9125b26490b92083,T1a_ACRONYM,11385,5,7.636290535207824,6.7073258982940915,3,1519,379,True,0.4841441946473859
paper_1feff77d842c50d00d5a,T1a_ACRONYM,8403,9,6.439777975794766,7.66366532880491,0,1518,380,True,0.4376979058691792
paper_5622e48049ec2935fe07,T1a_ACRONYM,21319,23,13.090389885563903,6.140245736462266,2,1518,380,True,0.4580177005163218
paper_09b9fe96046cdf192d6b,T1a_ACRONYM,12402,3,8.671226011061048,6.991796493356755,1,1518,380,True,0.4589931424143901
paper_88185f5d588e4f96f362,T1a_ACRONYM,10563,6,8.357187146003241,7.9117553214079726,3,1519,379,True,0.4841441946473859
paper_39e8f5594ef043593de9,T1a_ACRONYM,8825,3,6.162406724184786,6.982897137886443,4,1519,379,True,0.4491919566382406
paper_169d152bd78e1f0e9b49,T1a_ACRONYM,7831,15,5.161475365593794,6.591080788652526,0,1518,380,True,0.4376979058691792
paper_8ba295c2e16a973f8058,T1a_ACRONYM,11284,6,5.870326336419289,5.202345211289693,0,1518,380,True,0.4376979058691792
paper_cd7bd86e9372991efbcf,T1a_ACRONYM,8622,6,6.491940736432567,7.529506769232855,1,1518,380,True,0.4589931424143901
paper_604ab3e72068761d0f8c,T1a_ACRONYM,5074,0,3.36281807594898,6.627548435059086,4,1519,379,True,0.4491919566382406
paper_011ae5a30c23e38fafea,T1a_ACRONYM,7905,8,5.991934025345646,7.579929190823082,0,1518,380,True,0.4376979058691792
paper_15b67ce3374963afc5d5,T1a_ACRONYM,10067,5,6.671160585893133,6.626761285281745,2,1518,380,True,0.4580177005163218
paper_8dafbce5fb34e25f3bf6,T1a_ACRONYM,6810,4,4.728106046537562,6.942886999320942,0,1518,380,True,0.4376979058691792
paper_0053bcca6f8f67a57ad5,T1a_ACRONYM,8967,11,6.888017946813775,7.681518843329737,4,1519,379,True,0.4491919566382406
paper_36e100af2733ee6a2ae6,T1a_ACRONYM,12550,0,8.106998392011432,6.459759674909509,0,1518,380,True,0.4376979058691792
paper_46e8f97f2081552de5f7,T1a_ACRONYM,13234,8,8.489936200891323,6.415245731367179,2,1518,380,True,0.4580177005163218
paper_f30f6ee41d1bce340228,T1a_ACRONYM,11149,5,9.142612384771766,8.20038782381538,4,1519,379,True,0.4491919566382406
paper_07a3b3056cc42097fbf2,T1a_ACRONYM,17090,9,12.30619523434542,7.200816403946998,2,1518,380,True,0.4580177005163218
paper_eb53a568018997d7a5a4,T1a_ACRONYM,10693,10,7.5953398312444635,7.103095325207579,0,1518,380,True,0.4376979058691792
paper_3fd6b65e358d7c3c8e29,T1a_ACRONYM,16434,14,11.896861030127823,7.239175508170758,3,1519,379,True,0.4841441946473859
paper_46fe22a95d6bd3b48195,T1a_ACRONYM,16760,26,9.034898327805973,5.390750792247,3,1519,379,True,0.4841441946473859
paper_b77cf25cfcce558611e0,T1a_ACRONYM,9592,8,6.501437412702374,6.777978954026661,2,1518,380,True,0.4580177005163218
paper_201ccd1a0144f8ac3399,T1a_ACRONYM,6230,3,4.957498090704678,7.957460819750686,1,1518,380,True,0.4589931424143901
paper_71207db0d83368572f67,T1a_ACRONYM,6855,1,4.793691102362127,6.992984832038114,0,1518,380,True,0.4376979058691792
paper_c35f24f154d422c07108,T1a_ACRONYM,6284,8,5.383280131210403,8.566645657559521,2,1518,380,True,0.4580177005163218
paper_8dc8785106d0600e3d72,T1a_ACRONYM,13048,25,9.61615795671625,7.369832891413436,3,1519,379,True,0.4841441946473859
paper_290f6096e9f482df0c66,T1a_ACRONYM,10260,8,7.7544223719941945,7.557916541904673,4,1519,379,True,0.4491919566382406
paper_d0635a46f2116c940eab,T1a_ACRONYM,11146,15,7.800454181761339,6.9984336818242765,1,1518,380,True,0.4589931424143901
paper_6195f36858a7f96beff7,T1a_ACRONYM,12193,4,5.483204876229793,4.49701047833166,1,1518,380,True,0.4589931424143901
paper_2fa4ade2a3d21eee9f61,T1a_ACRONYM,8197,1,6.757454926076174,8.243814720112448,1,1518,380,True,0.4589931424143901
paper_d4237e6fab9b882ccc6a,T1a_ACRONYM,14197,7,10.242191160044257,7.214334831333561,2,1518,380,True,0.4580177005163218
paper_4f0f5f1c1f7b7e7030ff,T1a_ACRONYM,10295,10,7.989599122752867,7.760659662703124,1,1518,380,True,0.4589931424143901
paper_219e1e1c50a1bb0918fd,T1a_ACRONYM,9676,0,6.251622191097909,6.460957204524503,2,1518,380,True,0.4580177005163218
paper_8b945006f5be45871ad5,T1a_ACRONYM,7867,10,5.660198906101565,7.194863233890384,3,1519,379,True,0.4841441946473859
paper_471dc4b422d421f1b612,T1a_ACRONYM,10407,1,7.508389696364631,7.214749395949487,1,1518,380,True,0.4589931424143901
paper_a77c646349b9ec2d4c07,T1a_ACRONYM,7950,19,5.688766712293326,7.155681399111102,3,1519,379,True,0.4841441946473859
paper_be27d188b6e017ce6b22,T1a_ACRONYM,6850,1,5.64557898826932,8.241721150758131,1,1518,380,True,0.4589931424143901
paper_99b1113a442b4f68d2be,T1a_ACRONYM,7433,6,5.251845255671568,7.065579517922195,1,1518,380,True,0.4589931424143901
paper_39af26e81b585e755cdf,T1a_ACRONYM,10878,8,8.057748712116895,7.407380687733862,3,1519,379,True,0.4841441946473859
paper_2d099084242b939a3af5,T1a_ACRONYM,2693,0,1.6575796447084297,6.155141643922874,1,1518,380,True,0.4589931424143901
paper_663f877088137c6164e3,T1a_ACRONYM,10090,1,8.076751617073779,8.004709233968066,4,1519,379,True,0.4491919566382406
paper_6d8df9b9c2f98d5dea5d,T1a_ACRONYM,18721,8,13.184916899894032,7.042848619141089,2,1518,380,True,0.4580177005163218
paper_bf54d15a31f43b340d68,T1a_ACRONYM,22908,4,16.96311075844424,7.404885087499668,4,1519,379,True,0.4491919566382406
paper_10391aa2210ab4785e17,T1a_ACRONYM,7625,3,6.314754147648003,8.28164478380066,3,1519,379,True,0.4841441946473859
paper_80b3fa91e229a224aefe,T1a_ACRONYM,10798,5,7.049397097393968,6.5284285028653155,4,1519,379,True,0.4491919566382406
paper_f2be3d7faf13aa4b2b38,T1a_ACRONYM,9283,5,6.653708205885959,7.167627066558181,1,1518,380,True,0.4589931424143901
paper_1374c6ab5377c209be7f,T1a_ACRONYM,5744,2,4.1859025347002285,7.2874347748959405,2,1518,380,True,0.4580177005163218
paper_a904db9c76345abf48a4,T1a_ACRONYM,7279,12,5.529996288969066,7.597192318957365,2,1518,380,True,0.4580177005163218
paper_5ccb84180e28ca26531b,T1a_ACRONYM,10113,17,6.688638956931871,6.61390186584779,0,1518,380,True,0.4376979058691792
paper_f65e1cf061dc75a3b817,T1a_ACRONYM,8408,0,4.684274576134732,5.57121143688717,3,1519,379,True,0.4841441946473859
paper_2574d61c65671b51421b,T1a_ACRONYM,8660,5,6.089604800288471,7.031876212804239,3,1519,379,True,0.4841441946473859
paper_e8f10ce67050b81e5490,T1a_ACRONYM,15601,11,9.394898327348411,6.021984697999109,1,1518,380,True,0.4589931424143901
paper_55fe8663a92f8868b81c,T1a_ACRONYM,10134,5,7.546323416918061,7.4465397838149405,2,1518,380,True,0.4580177005163218
paper_15fe252af04f747cd417,T1a_ACRONYM,7230,4,4.954958106726794,6.853330714698194,1,1518,380,True,0.4589931424143901
paper_3ead46de96ae3c9d8a62,T1a_ACRONYM,30534,25,14.595629367767387,4.780123589365097,3,1519,379,True,0.4841441946473859
paper_86eeefc59d1e191de737,T1a_ACRONYM,10147,6,7.049399240271106,6.947274307944325,1,1518,380,True,0.4589931424143901
paper_012cfffb2443a103e06e,T1a_ACRONYM,10348,2,6.555744531982447,6.335276896001592,4,1519,379,True,0.4491919566382406
paper_9ed7e5dd2d19fdae47dd,T1a_ACRONYM,5472,5,4.129386729965156,7.5463938778603,4,1519,379,True,0.4491919566382406
paper_16dbf623d307897aaef7,T1a_ACRONYM,8742,15,6.939082599521762,7.937637382202885,1,1518,380,True,0.4589931424143901
paper_0126a2cadbceb87b4495,T1a_ACRONYM,5999,6,4.325720707567758,7.210736301996596,0,1518,380,True,0.4376979058691792
paper_3b0eebee7baa82ff9356,T1a_ACRONYM,448,0,0.3498951229755549,7.810158994990065,1,1518,380,True,0.4589931424143901
paper_1fb34ecfd11bbe4cedc9,T1a_ACRONYM,9775,0,6.9710922428076625,7.131552166555153,1,1518,380,True,0.4589931424143901
paper_8968c63f74386825585f,T1a_ACRONYM,10053,14,6.33162723185303,6.298246525269104,1,1518,380,True,0.4589931424143901
paper_7ba24873e76b8536a7d2,T1a_ACRONYM,2910,2,1.8686242506218833,6.421389177394788,2,1518,380,True,0.4580177005163218
paper_d8a5a42f9d9bc9708adf,T1a_ACRONYM,12253,17,6.970243303646837,5.688601406714141,1,1518,380,True,0.4589931424143901
paper_7344d9e42f81f8d6383d,T1a_ACRONYM,13490,2,9.544239334008404,7.075047690147075,2,1518,380,True,0.4580177005163218
paper_4414623e6a5fc13f5979,T1a_ACRONYM,7877,4,5.894202081324312,7.4828006618310425,4,1519,379,True,0.4491919566382406
paper_46199df1720394d98bd1,T1a_ACRONYM,5251,0,1.7627639354814648,3.3570061616481905,0,1518,380,True,0.4376979058691792
paper_1573d812af2dce87ef91,T1a_ACRONYM,4051,0,2.3084259232767623,5.698410079676036,1,1518,380,True,0.4589931424143901
paper_ad0f1144c26451143d2a,T1a_ACRONYM,15055,9,12.160487562939062,8.077374668176063,0,1518,380,True,0.4376979058691792
paper_982942e5d384d2704107,T1a_ACRONYM,6847,5,4.616422833779611,6.742256219920565,0,1518,380,True,0.4376979058691792
paper_56d1c041063dd1a9acf3,T1a_ACRONYM,13225,16,8.919923661487797,6.744743789404761,3,1519,379,True,0.4841441946473859
paper_624dd7d7645dc4e39220,T1a_ACRONYM,11117,1,7.2452647948228766,6.517284154738578,0,1518,380,True,0.4376979058691792
paper_12a764f13952eccb5204,T1a_ACRONYM,7077,4,5.412034167331961,7.647356460833632,2,1518,380,True,0.4580177005163218
paper_f86644b2d07eaaed1b0e,T1a_ACRONYM,7339,7,6.047816253198495,8.240654385064035,4,1519,379,True,0.4491919566382406
paper_8d9189bbdbd2c7b8963b,T1a_ACRONYM,8390,4,6.956793633793991,8.29176833586888,2,1518,380,True,0.4580177005163218
paper_f9a74a91246f564dd5ed,T1a_ACRONYM,10853,4,7.027153978022266,6.474849330159649,3,1519,379,True,0.4841441946473859
paper_ab5c480d9ab0f3d8b434,T1a_ACRONYM,8484,1,6.0997949962980185,7.189763079087716,0,1518,380,True,0.4376979058691792
paper_02f7f943c282b24bea61,T1a_ACRONYM,4424,2,2.590466798199173,5.855485529383302,4,1519,379,True,0.4491919566382406
paper_e020c739ba85ea0ff35b,T1a_ACRONYM,16723,16,12.160581593446684,7.271770372209941,2,1518,380,True,0.4580177005163218
paper_f00cd50c0c8adb622672,T1a_ACRONYM,9477,5,6.652804240315717,7.0199474942658195,0,1518,380,True,0.4376979058691792
paper_1929f7cd87eef5deef5a,T1a_ACRONYM,8735,12,6.319523359443192,7.234714778984764,1,1518,380,True,0.4589931424143901
paper_39478f8dbc9276d1b5ff,T1a_ACRONYM,7959,5,5.72838703409786,7.1973703154892075,3,1519,379,True,0.4841441946473859
paper_1718c709beef596baf15,T1a_ACRONYM,2627,16,2.016067293587909,7.674409187620515,2,1518,380,True,0.4580177005163218
paper_7dba6cb3e3d5e86994a3,T1a_ACRONYM,29647,11,15.694757835293071,5.293877233883047,0,1518,380,True,0.4376979058691792
paper_33df1a35a12b14084cbc,T1a_ACRONYM,9296,2,7.135852043377668,7.676260803977699,1,1518,380,True,0.4589931424143901
paper_5dba6c69f7a50cc6e42d,T1a_ACRONYM,14152,8,8.015665610961054,5.663980787846985,0,1518,380,True,0.4376979058691792
paper_6bcf74cbd6b92531a34f,T1a_ACRONYM,18987,7,10.68581660125865,5.627964713361063,1,1518,380,True,0.4589931424143901
paper_24876507fe1792361408,T1a_ACRONYM,9021,8,6.283723187659624,6.965661442921654,0,1518,380,True,0.4376979058691792
paper_b01d11615f92368273dd,T1a_ACRONYM,9511,2,6.530805506716502,6.866581333946485,3,1519,379,True,0.4841441946473859
paper_aaafd1cf52290be1e187,T1a_ACRONYM,5696,3,4.089916716888267,7.1803313147617045,3,1519,379,True,0.4841441946473859
paper_13a837f8c0110a1a3b3a,T1a_ACRONYM,14055,17,8.63024616104056,6.140338784091469,0,1518,380,True,0.4376979058691792
paper_e445df367809794c4bfa,T1a_ACRONYM,8461,13,6.654360493241588,7.864744703039342,4,1519,379,True,0.4491919566382406
paper_ac4c88906b25ce20bbb4,T1a_ACRONYM,10879,3,8.002467680110117,7.355885357211247,3,1519,379,True,0.4841441946473859
paper_d5e4267c18519a5c8d36,T1a_ACRONYM,15513,1,12.46774019352963,8.036962672293967,3,1519,379,True,0.4841441946473859
paper_cdadb1e14bce744e6547,T1a_ACRONYM,20046,2,74.46313498730096,37.14613139145015,2,1518,380,True,0.4580177005163218
paper_fb7b63214de684b2f11d,T1a_ACRONYM,6680,5,3.7607986224265515,5.629938057524777,2,1518,380,True,0.4580177005163218
paper_b810d6eb70c435ba6568,T1a_ACRONYM,13389,10,9.48602617133124,7.084940003981806,2,1518,380,True,0.4580177005163218
paper_44d79256d8a5312b7ada,T1a_ACRONYM,25925,14,16.4774789339798,6.355826011178322,3,1519,379,True,0.4841441946473859
paper_c233d31a3cec4f8f417c,T1a_ACRONYM,7042,1,12.16497159783576,17.274881564663108,0,1518,380,True,0.4376979058691792
paper_e7fec3685220067305fc,T1a_ACRONYM,458,0,0.29789413813286725,6.50423882386173,0,1518,380,True,0.4376979058691792
paper_8f163e905671f80b30a9,T1a_ACRONYM,12173,7,8.768273014384647,7.203050204867039,2,1518,380,True,0.4580177005163218
paper_ee0bed9cde4561b5ea66,T1a_ACRONYM,1983,0,1.2539410252917462,6.323454489620505,1,1518,380,True,0.4589931424143901
paper_01ae4cd09750e14709a0,T1a_ACRONYM,16221,9,11.3368599964216,6.989001908896862,4,1519,379,True,0.4491919566382406
paper_2d881cb8d1a1376b394c,T1a_ACRONYM,19471,1,12.679166793277295,6.51182106377551,3,1519,379,True,0.4841441946473859
paper_d94c17d2124c8f2c2769,T1a_ACRONYM,7300,3,5.314208856827119,7.27973816003715,2,1518,380,True,0.4580177005163218
paper_347a5b1658801d734112,T1a_ACRONYM,5102,15,3.353128761329452,6.572184949685323,1,1518,380,True,0.4589931424143901
paper_0c7faa8670b4eda51f88,T1a_ACRONYM,20839,1,14.316315643159939,6.869962878813734,0,1518,380,True,0.4376979058691792
paper_6a29f51b9184bef69fce,T1a_ACRONYM,756,0,0.4818706110012251,6.373949880968586,3,1519,379,True,0.4841441946473859
paper_2b220ef4a7efc38da340,T1a_ACRONYM,14164,9,11.220850147527235,7.922091321326768,4,1519,379,True,0.4491919566382406
paper_09975f20216dae5ee14c,T1a_ACRONYM,5109,2,4.465578661390609,8.740611981582713,1,1518,380,True,0.4589931424143901
paper_d597e7de0ce251217022,T1a_ACRONYM,19880,12,12.746377285566178,6.411658594349184,4,1519,379,True,0.4491919566382406
paper_7aff078d2e9781c2b640,T1a_ACRONYM,10127,9,8.574759479278404,8.467225712726774,2,1518,380,True,0.4580177005163218
paper_d5335a0a272e74fabf30,T1a_ACRONYM,10213,5,5.494026589592498,5.379444423374618,2,1518,380,True,0.4580177005163218
paper_dffe212f5182f4221a97,T1a_ACRONYM,42000,7,33.52202565839541,7.9814346805703345,2,1518,380,True,0.4580177005163218
paper_d47409ae0eb33cfd34ba,T1a_ACRONYM,19365,14,13.55175649878107,6.99806687259544,3,1519,379,True,0.4841441946473859
paper_5a8aeef4f40fd0952056,T1a_ACRONYM,14979,4,11.721809112812233,7.825495101683846,2,1518,380,True,0.4580177005163218
paper_5e7d7cf0658e519b818f,T1a_ACRONYM,32406,3,13.741047397460836,4.240278774751847,1,1518,380,True,0.4589931424143901
paper_22518db42557aa33c075,T1a_ACRONYM,15627,5,8.629730428592694,5.5223206172603145,4,1519,379,True,0.4491919566382406
paper_e86fbfbb33457828a031,T1a_ACRONYM,9473,11,6.043754909533646,6.379979847496722,0,1518,380,True,0.4376979058691792
paper_3f6bfa204e1dff930477,T1a_ACRONYM,5993,2,4.564664835029535,7.616660829350133,3,1519,379,True,0.4841441946473859
paper_e5bdd19c749ef2708e2f,T1a_ACRONYM,4808,0,2.3720215015644657,4.933488979959371,2,1518,380,True,0.4580177005163218
paper_083fa62561b4443889cc,T1a_ACRONYM,11776,12,9.019474107750398,7.659200159434781,0,1518,380,True,0.4376979058691792
paper_8313683e31ffdfb17404,T1a_ACRONYM,9230,9,6.156310332699389,6.669892018092512,3,1519,379,True,0.4841441946473859
paper_f656dadd65e5d8d9c09c,T1a_ACRONYM,23680,10,15.341957364404628,6.4788671302384415,1,1518,380,True,0.4589931424143901
paper_117c93c9f01087aa7a3e,T1a_ACRONYM,9772,13,5.29123881685381,5.414693836321951,0,1518,380,True,0.4376979058691792
paper_ab4bbcc8857ba3557148,T1a_ACRONYM,14717,4,10.39043302974071,7.060156981545634,0,1518,380,True,0.4376979058691792
paper_74793491c217d4981599,T1a_ACRONYM,9845,3,6.904980341492809,7.0136925764274345,1,1518,380,True,0.4589931424143901
paper_49141abea7fbb090c4e1,T1a_ACRONYM,1498,1,0.8327190110559939,5.558871902910507,4,1519,379,True,0.4491919566382406
paper_6506f43e232d65d21441,T1a_ACRONYM,11469,9,8.378243671661433,7.305121345942483,2,1518,380,True,0.4580177005163218
paper_9e0a110ef6e1b0c6fddc,T1a_ACRONYM,11673,6,8.431701205844446,7.223251268606567,3,1519,379,True,0.4841441946473859
paper_7a141eb7ef1f59f479cb,T1a_ACRONYM,7434,5,4.611495879394507,6.203249770506467,0,1518,380,True,0.4376979058691792
paper_edceda0c326e8eb1ac2d,T1a_ACRONYM,10332,16,6.94079427398877,6.717764492826917,4,1519,379,True,0.4491919566382406
paper_3eaca8f4077da8e86595,T1a_ACRONYM,8925,10,6.31555277146427,7.076249603881535,0,1518,380,True,0.4376979058691792
paper_b52a0c44b8cd5eb19780,T1a_ACRONYM,8225,6,6.473565523698458,7.870596381396301,2,1518,380,True,0.4580177005163218
paper_8b99df3455a9e4b7000a,T1a_ACRONYM,10595,9,7.404722485786272,6.988883894088033,0,1518,380,True,0.4376979058691792
paper_789a6d1ad075245bcb69,T1a_ACRONYM,4830,1,3.970623176009629,8.2207519172042,1,1518,380,True,0.4589931424143901
paper_936af62bff602375aae5,T1a_ACRONYM,23858,9,9.794764779170375,4.105442526268075,0,1518,380,True,0.4376979058691792
paper_6f4ca55294d5886cdb1c,T1a_ACRONYM,5925,9,4.629174127077445,7.812952113210877,1,1518,380,True,0.4589931424143901
paper_19daba2982570ad40c44,T1a_ACRONYM,7130,14,5.1101744463142875,7.167145085994793,2,1518,380,True,0.4580177005163218
paper_8e2073558413f59f9196,T1a_ACRONYM,11539,4,8.000923422297975,6.933810054855685,1,1518,380,True,0.4589931424143901
paper_67a44243d7532f3741c3,T1a_ACRONYM,6460,14,4.787293585226,7.410671184560372,3,1519,379,True,0.4841441946473859
paper_abbcd9d788df52d41902,T1a_ACRONYM,10185,23,8.040973200114728,7.89491723133503,0,1518,380,True,0.4376979058691792
paper_5a9b7e5a9f7c8c1ba166,T1a_ACRONYM,18749,7,14.229619204621807,7.589535017665906,4,1519,379,True,0.4491919566382406
paper_9b42a9d51098cee184ff,T1a_ACRONYM,9272,9,6.3204483220277385,6.816704402532073,4,1519,379,True,0.4491919566382406
paper_f6075846ba4e417ca28c,T1a_ACRONYM,14222,4,10.011300856925688,7.039305904180628,1,1518,380,True,0.4589931424143901
paper_5bfff58e2d219b2f51ec,T1a_ACRONYM,5106,0,3.07259817951318,6.017622756586721,4,1519,379,True,0.4491919566382406
paper_2ceb025b659b75bcaad2,T1a_ACRONYM,8831,4,4.563315967303261,5.167383045298676,0,1518,380,True,0.4376979058691792
paper_261cbd2e00f3d72c594e,T1a_ACRONYM,7805,2,5.81405959860229,7.4491474677800005,3,1519,379,True,0.4841441946473859
paper_d62c80d90844c772db99,T1a_ACRONYM,8465,0,6.205858698993439,7.331197518007606,3,1519,379,True,0.4841441946473859
paper_3c08cf90b3f2d280f2f3,T1a_ACRONYM,11659,7,9.129114797313031,7.830101035520227,1,1518,380,True,0.4589931424143901
paper_e5d9d6c267fc21d77d2b,T1a_ACRONYM,5490,3,4.683003843551372,8.530061645813063,4,1519,379,True,0.4491919566382406
paper_7b8afc890a3e2f1390fe,T1a_ACRONYM,7661,0,4.745058493290834,6.193784745191012,1,1518,380,True,0.4589931424143901
paper_a5e4bf5f1b3d5d2f15a6,T1a_ACRONYM,6939,7,5.06895390507865,7.305020759588774,4,1519,379,True,0.4491919566382406
paper_b36639ed4689d6f06a08,T1a_ACRONYM,7670,0,5.502710433808299,7.174329118394132,4,1519,379,True,0.4491919566382406
paper_c27015976f546c132876,T1a_ACRONYM,17382,12,14.618437620512958,8.41010103584913,3,1519,379,True,0.4841441946473859
paper_1459964ba1bc517623b3,T1a_ACRONYM,7983,16,5.1593402092350775,6.4629089430478235,1,1518,380,True,0.4589931424143901
paper_c883fb07780c18c56d51,T1a_ACRONYM,10585,2,8.561743403516742,8.0885624974178,0,1518,380,True,0.4376979058691792
paper_77b848ae10d9e563dd5f,T1a_ACRONYM,3652,6,2.760879005431043,7.5599096534256365,3,1519,379,True,0.4841441946473859
paper_8f30d3737dcb9bbdb72f,T1a_ACRONYM,6428,8,3.2797932228379256,5.1023541114466795,4,1519,379,True,0.4491919566382406
paper_3002a48c3ad4d8b7828e,T1a_ACRONYM,7672,7,5.748192871820854,7.492430750548558,2,1518,380,True,0.4580177005163218
paper_f0d2d28c36b069584342,T1a_ACRONYM,8645,11,6.995864507193711,8.092382310229857,4,1519,379,True,0.4491919566382406
paper_b7eb43a1714dfea51b3f,T1a_ACRONYM,9187,8,7.170606128556495,7.805166135361374,3,1519,379,True,0.4841441946473859
paper_1fd71bfc1f86f56c22a7,T1a_ACRONYM,6752,6,5.073891453942391,7.514649665199038,0,1518,380,True,0.4376979058691792
paper_66116a16ae3b911d5b05,T1a_ACRONYM,13064,7,7.319083363807661,5.602482672847261,4,1519,379,True,0.4491919566382406
paper_5cfc2c0c149f395496b4,T1a_ACRONYM,9489,7,5.379056927143652,5.668728977915115,3,1519,379,True,0.4841441946473859
paper_b93c83b03100d6633e9c,T1a_ACRONYM,14644,17,10.583466171106817,7.227168923181384,2,1518,380,True,0.4580177005163218
paper_867ec3d26341457e02ba,T1a_ACRONYM,5396,7,4.398158559044563,8.150775683922467,4,1519,379,True,0.4491919566382406
paper_72c3d3825d59c9aec77d,T1a_ACRONYM,10435,19,9.035334805993333,8.658682133199168,1,1518,380,True,0.4589931424143901
paper_19b61bfed1e7420aa0cb,T1a_ACRONYM,9493,6,7.27887244030051,7.667620815654176,1,1518,380,True,0.4589931424143901
paper_5429cedc04d3ff378b85,T1a_ACRONYM,7629,1,4.9459895382244845,6.483142663815027,1,1518,380,True,0.4589931424143901
paper_8e8402c0398073de8559,T1a_ACRONYM,23657,15,14.826900404749098,6.267447438284271,3,1519,379,True,0.4841441946473859
paper_02f319b9296b69b461b6,T1a_ACRONYM,10802,16,8.890120358926682,8.23006883811024,4,1519,379,True,0.4491919566382406
paper_46020a24db82d64c0fdd,T1a_ACRONYM,15644,13,10.237616691353569,6.544117036150325,1,1518,380,True,0.4589931424143901
paper_6a0f9316896bfa4a79ca,T1a_ACRONYM,12036,9,8.205921634885943,6.817814585315673,2,1518,380,True,0.4580177005163218
paper_44bc96df746b0dabdfc1,T1a_ACRONYM,11812,3,7.514278679409774,6.361563392659815,1,1518,380,True,0.4589931424143901
paper_963a69cfb2dd14d59cfb,T1a_ACRONYM,7182,15,5.436594189027173,7.569749636629314,4,1519,379,True,0.4491919566382406
paper_81b4e1ea1b99d3abd617,T1a_ACRONYM,12202,3,9.084065551111635,7.444734921415863,0,1518,380,True,0.4376979058691792
paper_ee64aac8ef87d6f48b75,T1a_ACRONYM,6487,4,4.329627293678432,6.674313694586761,0,1518,380,True,0.4376979058691792
paper_f6b2ad2555ee467dd60b,T1a_ACRONYM,12893,12,9.331807325692768,7.237886702623725,4,1519,379,True,0.4491919566382406
paper_e66c066ad5b463fe5b2a,T1a_ACRONYM,4810,0,3.7949252162923264,7.889657414329161,4,1519,379,True,0.4491919566382406
paper_e301b3f95fcf8a4d6b67,T1a_ACRONYM,7779,0,5.78284420687063,7.433917221841663,2,1518,380,True,0.4580177005163218
paper_413ce039d3aebe925dcf,T1a_ACRONYM,6503,8,6.1201419072384375,9.411259276085557,0,1518,380,True,0.4376979058691792
paper_22199bce4c24d6d2a928,T1a_ACRONYM,14793,20,10.961424237643094,7.409872397514428,4,1519,379,True,0.4491919566382406
paper_875db547425c669c712f,T1a_ACRONYM,4935,8,3.9943910663495528,8.09400418713182,1,1518,380,True,0.4589931424143901
paper_c49ccb174fbc496a5b58,T1a_ACRONYM,8631,8,6.419281261098469,7.437471047501412,2,1518,380,True,0.4580177005163218
paper_aa8deb9a1b3a3361460c,T1a_ACRONYM,10895,10,8.215130952082772,7.54027622953903,4,1519,379,True,0.4491919566382406
paper_888d630bcdb565561a56,T1a_ACRONYM,6301,3,4.962023269460575,7.874977415427035,1,1518,380,True,0.4589931424143901
paper_68cee94333b5ee318c5f,T1a_ACRONYM,8060,8,5.965365316227081,7.401197662812756,1,1518,380,True,0.4589931424143901
paper_dcbc25ed169266411117,T1a_ACRONYM,12068,6,7.829642622789006,6.487937208144684,2,1518,380,True,0.4580177005163218
paper_236a6718ea5ce8ffeef7,T1a_ACRONYM,12472,15,9.038911673033127,7.2473634325153355,1,1518,380,True,0.4589931424143901
paper_a35f33cae0d6e49f66ae,T1a_ACRONYM,9920,9,7.159661675599586,7.217400882660873,2,1518,380,True,0.4580177005163218
paper_d4ec7d296adf27d47a89,T1a_ACRONYM,13056,8,9.664692785116124,7.402491410168599,2,1518,380,True,0.4580177005163218
paper_cdecdb9ab9b6752bd7af,T1a_ACRONYM,6676,4,5.148708215427958,7.712265151929237,3,1519,379,True,0.4841441946473859
paper_b8fdab800af4bb90c853,T1a_ACRONYM,20709,7,13.04744886815332,6.300376101286068,4,1519,379,True,0.4491919566382406
paper_063a8027d8086e50cb66,T1a_ACRONYM,8918,12,8.939215282681172,10.02378928311412,0,1518,380,True,0.4376979058691792
paper_226c3f8c333a117c19f2,T1a_ACRONYM,11890,5,7.916237832979094,6.657895570209499,3,1519,379,True,0.4841441946473859
paper_4fe3a499c98362690104,T1a_ACRONYM,9509,5,6.059291844445144,6.372165153481064,2,1518,380,True,0.4580177005163218
paper_1cbea91ab313b361da43,T1a_ACRONYM,11169,17,8.571995583796507,7.674810263941721,4,1519,379,True,0.4491919566382406
paper_c4b7ebc0e7a6c69ed1b4,T1a_ACRONYM,5973,13,4.678438319710783,7.832644097958786,1,1518,380,True,0.4589931424143901
paper_a0cd7ea49cb2b30a2c1a,T1a_ACRONYM,9212,6,6.514004943640314,7.0712168298309965,4,1519,379,True,0.4491919566382406
paper_4b66bda2db884ec62294,T1a_ACRONYM,7031,6,3.369981037415269,4.793032338807096,4,1519,379,True,0.4491919566382406
paper_9ecf94b62655b1c23adb,T1a_ACRONYM,10268,5,5.1950619217386365,5.059468174657807,0,1518,380,True,0.4376979058691792
paper_306ff3802cbee6d1de80,T1a_ACRONYM,20451,2,11.826921850130303,5.783053078152805,1,1518,380,True,0.4589931424143901
paper_afa3ea7d91650d4e3122,T1a_ACRONYM,10927,4,8.365298911445104,7.65562268824481,4,1519,379,True,0.4491919566382406
paper_b8edc7930b5c5f8e22f4,T1a_ACRONYM,6971,4,5.221028780259629,7.489641056175051,3,1519,379,True,0.4841441946473859
paper_d1d7ec8f7d9a53552398,T1a_ACRONYM,76,0,0.08239184970699583,10.841032856183661,3,1519,379,True,0.4841441946473859
paper_2930896f3877aba4a97b,T1a_ACRONYM,8049,5,5.84590173280822,7.262891952799379,4,1519,379,True,0.4491919566382406
paper_ffd162dab133003ee535,T1a_ACRONYM,10797,12,6.045521209642435,5.59926017379127,2,1518,380,True,0.4580177005163218
paper_ad8585d91ba78e04de86,T1a_ACRONYM,8358,13,5.583832161711451,6.680823356917266,4,1519,379,True,0.4491919566382406
paper_4fe65207e54c7d9487ce,T1a_ACRONYM,12739,2,9.559059238495394,7.503775208803982,2,1518,380,True,0.4580177005163218
paper_290b6241221ab0ad2834,T1a_ACRONYM,9069,10,7.054556796137842,7.778759285629993,4,1519,379,True,0.4491919566382406
paper_07fe87a51004b7c9efc0,T1a_ACRONYM,9936,2,8.016751800031845,8.068389492785672,4,1519,379,True,0.4491919566382406
paper_00ce7fde2c30dd5b48ab,T1a_ACRONYM,4396,1,3.325025145831144,7.563751469133631,3,1519,379,True,0.4841441946473859
paper_2c4e6e492f2def8cd020,T1a_ACRONYM,8582,2,6.749360375648487,7.864554154798983,3,1519,379,True,0.4841441946473859
paper_0c9b21dc345f17575dc6,T1a_ACRONYM,9468,5,7.256662869680062,7.664409452556043,4,1519,379,True,0.4491919566382406
paper_8ff54d2a19ffa09c6e44,T1a_ACRONYM,10117,1,7.240466555736669,7.156732782185102,4,1519,379,True,0.4491919566382406
paper_b97fd1a5935f47e10c77,T1a_ACRONYM,11913,3,8.520397340231096,7.152184454151848,1,1518,380,True,0.4589931424143901
paper_297b7e0fb913db1e36c5,T1a_ACRONYM,7534,3,5.6818342554722445,7.54159046386016,4,1519,379,True,0.4491919566382406
paper_fcd41940e6c1c398ce6e,T1a_ACRONYM,7239,7,5.052364808817863,6.979368433233684,1,1518,380,True,0.4589931424143901
paper_a7dd1f40e84491df9e74,T1a_ACRONYM,11424,9,8.115885947423235,7.104241900755633,1,1518,380,True,0.4589931424143901
paper_76110c5258cb6ce6f2eb,T1a_ACRONYM,15400,17,11.338077816630044,7.362388192616911,4,1519,379,True,0.4491919566382406
paper_c16d611f3d5d87df259d,T1a_ACRONYM,2620,0,2.137602146394382,8.158786818299168,1,1518,380,True,0.4589931424143901
paper_bf328a6639cdd954adfc,T1a_ACRONYM,13676,5,9.396393827640672,6.870717920181832,4,1519,379,True,0.4491919566382406
paper_87be139223c2bd606a81,T1a_ACRONYM,9951,7,8.447842068855055,8.489440326454682,3,1519,379,True,0.4841441946473859
paper_bd3299bd8d04dbc1f635,T1a_ACRONYM,11455,3,8.198491276593833,7.157129006192783,0,1518,380,True,0.4376979058691792
paper_bd62057c7302a0ba18e9,T1a_ACRONYM,2030,1,1.1956144645662625,5.88972642643479,1,1518,380,True,0.4589931424143901
paper_e0e569e36087955e0b06,T1a_ACRONYM,12874,14,9.62086340055097,7.473095697181116,4,1519,379,True,0.4491919566382406
paper_7f608eb4c9a32a33fe29,T1a_ACRONYM,3926,5,2.497420553264064,6.361234216159103,2,1518,380,True,0.4580177005163218
paper_3ab1dc47ecf0c400d8e4,T1a_ACRONYM,17873,2,11.110607479043866,6.216420007298083,4,1519,379,True,0.4491919566382406
paper_67ab53de6e75a2a2f118,T1a_ACRONYM,9171,11,6.787749766026562,7.401319121171695,2,1518,380,True,0.4580177005163218
paper_bac4ffd70552c5c683a9,T1a_ACRONYM,9879,10,7.434607588120868,7.525668173014342,2,1518,380,True,0.4580177005163218
paper_74e1a086c8cbbca52bb4,T1a_ACRONYM,4039,4,2.954259049393525,7.314332877924053,0,1518,380,True,0.4376979058691792
paper_b8acb1bbd791cd562ab9,T1a_ACRONYM,14944,5,10.717848726949034,7.172007981095446,1,1518,380,True,0.4589931424143901
paper_1372d5c8a2a6b2f5439f,T1a_ACRONYM,19508,7,10.537099970749434,5.401425041392984,4,1519,379,True,0.4491919566382406
paper_0e2dd7108794ac9b6f39,T1a_ACRONYM,7592,5,5.629934483855593,7.415614441327178,3,1519,379,True,0.4841441946473859
paper_8691c723d50c80ac5bef,T1a_ACRONYM,15117,10,8.841919559941674,5.848990910856436,4,1519,379,True,0.4491919566382406
paper_3a1e1967948ef79e9bc4,T1a_ACRONYM,8831,1,4.304479406526346,4.874283101037647,1,1518,380,True,0.4589931424143901
paper_3b63921dc7b40442b746,T1a_ACRONYM,7782,5,4.088835163924374,5.254221490522197,1,1518,380,True,0.4589931424143901
paper_3215e9f1742562ad079b,T1a_ACRONYM,7426,3,6.0604727478794205,8.16115371381554,4,1519,379,True,0.4491919566382406
paper_e0fa65ab0b53e5bfe145,T1a_ACRONYM,7172,8,6.045259940885755,8.428973704525593,2,1518,380,True,0.4580177005163218
paper_7282fd8c3a5c3092dc85,T1a_ACRONYM,11575,14,7.400073185265372,6.393151779926887,0,1518,380,True,0.4376979058691792
paper_734689d9ad881e3f05c6,T1a_ACRONYM,7925,6,5.6042575781687995,7.071618395165678,0,1518,380,True,0.4376979058691792
paper_624171c350cd49226760,T1a_ACRONYM,11158,2,8.146700907097172,7.30121966938266,1,1518,380,True,0.4589931424143901
paper_f75c9e7cadf53309c341,T1a_ACRONYM,3859,6,2.83798060202437,7.354186582079217,2,1518,380,True,0.4580177005163218
paper_11a21ed88cf7ce283fcd,T1a_ACRONYM,3160,2,2.447772681689699,7.746116081296516,3,1519,379,True,0.4841441946473859
paper_3af5860f6f122a895eb2,T1a_ACRONYM,13383,13,10.137692863927992,7.57505257709631,3,1519,379,True,0.4841441946473859
paper_d7ef6d1f8a7ff12329fb,T1a_ACRONYM,5432,1,3.8561711192480312,7.098989542061913,2,1518,380,True,0.4580177005163218
paper_1d8f5052e7c1595ffac3,T1a_ACRONYM,5482,2,4.331498718690897,7.90131105197172,2,1518,380,True,0.4580177005163218
paper_bfc0c8414856513ea244,T1a_ACRONYM,8288,8,6.529189218027365,7.877882743758886,0,1518,380,True,0.4376979058691792
paper_23bcd664444706dea015,T1a_ACRONYM,15017,3,12.581052098241848,8.377873142599618,0,1518,380,True,0.4376979058691792
paper_a87575ab3689cf227d88,T1a_ACRONYM,14333,5,8.972730380044027,6.2601900370083206,1,1518,380,True,0.4589931424143901
paper_d0057ec9692b59e85878,T1a_ACRONYM,12490,4,9.315530549150196,7.4583911522419495,4,1519,379,True,0.4491919566382406
paper_5e52456da510f403e89f,T1a_ACRONYM,7518,6,5.155874788134592,6.85804042050358,0,1518,380,True,0.4376979058691792
paper_ee17b77f49c39b4459ff,T1a_ACRONYM,6663,2,4.787737899590106,7.18555890678389,3,1519,379,True,0.4841441946473859
paper_576d45aef8ed66b05849,T1a_ACRONYM,8312,2,5.73991965516937,6.905581875805305,4,1519,379,True,0.4491919566382406
paper_e18ce688c48046a0792a,T1a_ACRONYM,7004,3,5.412601334612241,7.727871694192233,4,1519,379,True,0.4491919566382406
paper_3509bf41340e8ee49296,T1a_ACRONYM,5540,3,4.023121991572802,7.261953053380509,2,1518,380,True,0.4580177005163218
paper_3f61f4ceb06e5ae14844,T1a_ACRONYM,7948,7,5.936176707703476,7.46876787582219,1,1518,380,True,0.4589931424143901
paper_5a2b4cc8b25bcc431e57,T1a_ACRONYM,8416,23,6.5072412084683044,7.731988127932871,1,1518,380,True,0.4589931424143901
paper_39aa6a85d87b01ff395b,T1a_ACRONYM,7488,6,4.837323785342525,6.460101209057859,0,1518,380,True,0.4376979058691792
paper_1850d9d0595fc4db1d19,T1a_ACRONYM,10452,15,5.8076532772321885,5.556499499839446,4,1519,379,True,0.4491919566382406
paper_8d683bd872e36ab148f1,T1a_ACRONYM,19027,21,9.67407371314202,5.084392554339633,0,1518,380,True,0.4376979058691792
paper_75dbd75e4b029ba2987f,T1a_ACRONYM,23156,3,10.7429311343694,4.639372574870185,1,1518,380,True,0.4589931424143901
paper_aba23cbfef580e6ad9ba,T1a_ACRONYM,10420,3,8.297801276077898,7.963340955928885,3,1519,379,True,0.4841441946473859
paper_af8ba896d46f910daa80,T1a_ACRONYM,15520,14,9.953912448455947,6.4136033817370794,3,1519,379,True,0.4841441946473859
paper_3ff19035e37c12ecf2bc,T1a_ACRONYM,2802,2,2.309537154355129,8.242459508762058,3,1519,379,True,0.4841441946473859
paper_0475da2955b53fdb6606,T1a_ACRONYM,12971,11,10.197327410516726,7.861635502672675,0,1518,380,True,0.4376979058691792
paper_2175732ba55339f5c6f5,T1a_ACRONYM,7632,6,6.128949290365288,8.030593933916782,3,1519,379,True,0.4841441946473859
paper_5e7136f9fee556336842,T1a_ACRONYM,9127,1,6.6955907347354895,7.336025785839257,3,1519,379,True,0.4841441946473859
paper_661b1867c0226471dae2,T1a_ACRONYM,8653,4,6.985090773340189,8.072449755391412,4,1519,379,True,0.4491919566382406
paper_a179d968d5804bee3736,T1a_ACRONYM,13914,17,9.038376311193169,6.4958863814813625,1,1518,380,True,0.4589931424143901
paper_87938812c0715e3e4672,T1a_ACRONYM,14040,5,10.012393485639091,7.131334391480834,3,1519,379,True,0.4841441946473859
paper_0c794859356c0884a5e4,T1a_ACRONYM,6789,2,4.706271986793275,6.932202072165673,2,1518,380,True,0.4580177005163218
paper_2c919dff8cd869413822,T1a_ACRONYM,11534,3,8.435543218471468,7.313632060405296,0,1518,380,True,0.4376979058691792
paper_50a3e9cfd92b2ecacf27,T1a_ACRONYM,11210,1,9.920784883726414,8.849941912334,2,1518,380,True,0.4580177005163218
paper_7485d66327d3f92e041b,T1a_ACRONYM,8365,6,6.112974350612321,7.3077995823219615,2,1518,380,True,0.4580177005163218
paper_9515fae066681a1ef008,T1a_ACRONYM,8214,3,6.451972951456805,7.854848979129298,0,1518,380,True,0.4376979058691792
paper_d79077e7e2e94142e92c,T1a_ACRONYM,14882,6,7.6374455470426055,5.132002114663758,3,1519,379,True,0.4841441946473859
paper_9280239db1e4821bc6e9,T1a_ACRONYM,6296,6,4.336679905355157,6.887992225786463,4,1519,379,True,0.4491919566382406
paper_a3c79491871022da9d5d,T1a_ACRONYM,11505,10,8.930106765021256,7.761935475898527,1,1518,380,True,0.4589931424143901
paper_ee445c79be8a00b91f8d,T1a_ACRONYM,7481,2,5.590831307371093,7.473374291366252,4,1519,379,True,0.4491919566382406
paper_25e647536008b73b1056,T1a_ACRONYM,6385,1,5.0799076515426345,7.956002586597705,0,1518,380,True,0.4376979058691792
paper_5d014d9e38e283a8350b,T1a_ACRONYM,11044,13,8.005617619432929,7.2488388441080485,3,1519,379,True,0.4841441946473859
paper_edc48722c1ed531a4bfd,T1a_ACRONYM,348,0,0.17652824377989615,5.072650683330349,2,1518,380,True,0.4580177005163218
paper_3bd3c3fc9e9fb1b509ee,T1a_ACRONYM,8219,3,6.479350964114133,7.883381146263698,4,1519,379,True,0.4491919566382406
paper_6df5777bf79bc1e2baf2,T1a_ACRONYM,7942,5,5.854859687995923,7.372021767811537,3,1519,379,True,0.4841441946473859
paper_155f03396b28757938db,T1a_ACRONYM,6592,9,5.196097399917208,7.882429308126833,0,1518,380,True,0.4376979058691792
paper_f29582b34f36217f5245,T1a_ACRONYM,10237,13,7.660479429496539,7.483129265894831,2,1518,380,True,0.4580177005163218
paper_b4060e490d5e7ece7232,T1a_ACRONYM,17205,19,12.58256798931629,7.313320540143151,4,1519,379,True,0.4491919566382406
paper_018b516e093119dd238f,T1a_ACRONYM,8840,2,6.081372923602667,6.879381135297135,0,1518,380,True,0.4376979058691792
paper_4dc2eadc3749a7660e20,T1a_ACRONYM,19096,4,12.15266552927658,6.363984881271775,1,1518,380,True,0.4589931424143901
paper_e4a601f09f52c66b0c2d,T1a_ACRONYM,15408,0,9.460155620154032,6.139768704669024,1,1518,380,True,0.4589931424143901
paper_e5334460cd55c6892d27,T1a_ACRONYM,9134,11,5.848009783826816,6.402463087176282,3,1519,379,True,0.4841441946473859
paper_b1137dddd2d1c3041dd4,T1a_ACRONYM,11932,7,10.122784342979116,8.4837280782594,3,1519,379,True,0.4841441946473859
paper_470a19bc15b33b925872,T1a_ACRONYM,3814,5,3.0011585133956453,7.868795263229274,1,1518,380,True,0.4589931424143901
paper_0d0e2940e0e755570725,T1a_ACRONYM,6335,5,5.670710111554809,8.951397176882098,0,1518,380,True,0.4376979058691792
paper_e61f93a45b9dbd4173bb,T1a_ACRONYM,10061,10,7.785252285574488,7.738050179479663,2,1518,380,True,0.4580177005163218
paper_f428a6fb981d833aa062,T1a_ACRONYM,12878,4,8.638337430627612,6.707825307211998,0,1518,380,True,0.4376979058691792
paper_2ce6080bc78f6dc4bbee,T1a_ACRONYM,10162,4,7.2223135857618,7.107177313286558,3,1519,379,True,0.4841441946473859
paper_4a1a84ef181c583b0c16,T1a_ACRONYM,10243,7,5.759379952009194,5.622747195166645,3,1519,379,True,0.4841441946473859
paper_d0916bb0e72843b26dae,T1a_ACRONYM,7349,1,5.66236811777973,7.704950493645026,0,1518,380,True,0.4376979058691792
paper_be916dbf47bd1190bfac,T1a_ACRONYM,4342,1,2.7203002434676646,6.265085774914014,1,1518,380,True,0.4589931424143901
paper_d83e0c5ca69ddb960c2d,T1a_ACRONYM,12618,7,10.18214487016995,8.069539443786613,2,1518,380,True,0.4580177005163218
paper_77bb6698199bf1624c46,T1a_ACRONYM,7739,4,6.806643830306128,8.795249813032857,3,1519,379,True,0.4841441946473859
paper_a91b6cdc70f66ae90058,T1a_ACRONYM,15729,2,9.03069582035705,5.741430364522252,4,1519,379,True,0.4491919566382406
paper_e66ace61c008f0ebbeae,T1a_ACRONYM,20481,29,11.220037996159995,5.478266684322053,3,1519,379,True,0.4841441946473859
paper_31f1cb4fdb10b6110e78,T1a_ACRONYM,7995,8,5.434927819077235,6.7979084666381935,1,1518,380,True,0.4589931424143901
paper_c384165a13e05f8ab24b,T1a_ACRONYM,8534,13,6.328720807850666,7.415890330267946,2,1518,380,True,0.4580177005163218
paper_1a0a3e23f9a87b4f601d,T1a_ACRONYM,5201,13,3.6607473787382756,7.038545238873823,2,1518,380,True,0.4580177005163218
paper_3d161fef9d71e18b98ab,T1a_ACRONYM,18404,7,12.088622946034398,6.568475845487067,2,1518,380,True,0.4580177005163218
paper_e15473cb8033ba3e230e,T1a_ACRONYM,14727,8,9.449571643049266,6.41649463098341,3,1519,379,True,0.4841441946473859
paper_047f3d56832a59d32f3a,T1a_ACRONYM,17555,3,11.546816815736678,6.577508866839463,4,1519,379,True,0.4491919566382406
paper_92a9eb1be5953f61da8b,T1a_ACRONYM,13974,7,10.096512778501827,7.225213094677134,0,1518,380,True,0.4376979058691792
paper_c6717e49ec3e5a60cde8,T1a_ACRONYM,5654,4,4.008248363754979,7.089225970560628,2,1518,380,True,0.4580177005163218
paper_ba893a0b287fc0db68c1,T1a_ACRONYM,11906,18,8.10907267595895,6.810912712883377,2,1518,380,True,0.4580177005163218
paper_733dead659ca641cecf9,T1a_ACRONYM,7921,17,5.813667029301341,7.339561960991467,4,1519,379,True,0.4491919566382406
paper_85c49445cc84be9508d8,T1a_ACRONYM,14993,1,10.61117139239868,7.077417056225358,4,1519,379,True,0.4491919566382406
paper_cb1e8b9fb74ebf9aab67,T1a_ACRONYM,6083,5,4.404751679753167,7.241084464496412,4,1519,379,True,0.4491919566382406
paper_083453b34b1f4bf3a511,T1a_ACRONYM,14796,12,7.74587246845761,5.235112509095438,4,1519,379,True,0.4491919566382406
paper_448268c4f609c1ce1787,T1a_ACRONYM,9015,18,6.039444973387438,6.699328866763659,0,1518,380,True,0.4376979058691792
paper_899264c07796c6d9aab5,T1a_ACRONYM,5830,2,4.166463824858498,7.1465931815754695,0,1518,380,True,0.4376979058691792
paper_3cb5fc46313617ae9cf3,T1a_ACRONYM,5204,4,3.726629827382539,7.16108729320242,4,1519,379,True,0.4491919566382406
paper_8af876bb4b710a9e6b04,T1a_ACRONYM,14405,1,11.024698765888019,7.653383384858049,3,1519,379,True,0.4841441946473859
paper_c750381016e9d48f54f5,T1a_ACRONYM,12449,14,8.698055346289127,6.986951037263337,0,1518,380,True,0.4376979058691792
paper_1099000f012657a4a58c,T1a_ACRONYM,14868,1,10.754883858730503,7.233578059409809,4,1519,379,True,0.4491919566382406
paper_5c211132f97e75987828,T1a_ACRONYM,5993,4,3.4238340272664285,5.71305527660008,0,1518,380,True,0.4376979058691792
paper_3bdb77b817ab0e39e5e3,T1a_ACRONYM,11473,9,7.392839663892962,6.44368488093172,4,1519,379,True,0.4491919566382406
paper_98b22e436f52b6233975,T1a_ACRONYM,5064,1,4.024898379192097,7.948061570284552,2,1518,380,True,0.4580177005163218
paper_344ec40420eed950c8fb,T1a_ACRONYM,15738,14,11.223317108653324,7.131349033329091,0,1518,380,True,0.4376979058691792
paper_af9e15e32ede3af8ebf7,T1a_ACRONYM,8590,5,6.014924695660645,7.0022406235863155,1,1518,380,True,0.4589931424143901
paper_e50e8b978761f11e5df6,T1a_ACRONYM,17333,11,11.51167427957682,6.6414782666456,0,1518,380,True,0.4376979058691792
paper_d50b8aede0d39091b0ee,T1a_ACRONYM,5748,11,4.828761709308032,8.400768457390452,1,1518,380,True,0.4589931424143901
paper_49853d61ac9e78b09d27,T1a_ACRONYM,11494,11,9.433066751348564,8.206948626543035,1,1518,380,True,0.4589931424143901
paper_a3dcf98fe3d5b5b73d1c,T1a_ACRONYM,13612,6,9.442738378041492,6.937069040582936,3,1519,379,True,0.4841441946473859
paper_5fefae153331fd9cc0e9,T1a_ACRONYM,7102,1,3.6515995124571745,5.141649552882532,0,1518,380,True,0.4376979058691792
paper_303091be2da1043584f5,T1a_ACRONYM,10737,6,7.191917786049,6.698256296962838,0,1518,380,True,0.4376979058691792
paper_4a02daf09222671bb343,T1a_ACRONYM,8653,9,7.8059941136893665,9.021141931918834,2,1518,380,True,0.4580177005163218
paper_701c52df0bb116df7334,T1a_ACRONYM,12573,7,9.043798936572733,7.193031843293352,0,1518,380,True,0.4376979058691792
paper_e2007791cc10c41715b8,T1a_ACRONYM,5648,0,3.982098912196661,7.05045841394593,4,1519,379,True,0.4491919566382406
paper_4635a9cc7bbcd74bc882,T1a_ACRONYM,10792,16,8.004149894600381,7.416743786694202,1,1518,380,True,0.4589931424143901
paper_7cc40044e8e7c820958f,T1a_ACRONYM,2341,1,1.5363450785270476,6.562772654963894,1,1518,380,True,0.4589931424143901
paper_c332c59b62a7c6bc99db,T1a_ACRONYM,10971,2,5.719764156846508,5.213530358988705,0,1518,380,True,0.4376979058691792
paper_663c9861204cefb16aa6,T1a_ACRONYM,14066,5,8.651800279777095,6.150860429245767,3,1519,379,True,0.4841441946473859
paper_860747b92870ed8134b5,T1a_ACRONYM,11430,25,7.480963030751466,6.545024523842053,1,1518,380,True,0.4589931424143901
paper_58ff33777204f4c8bb8c,T1a_ACRONYM,4692,2,3.7038918595072485,7.8940576715840765,2,1518,380,True,0.4580177005163218
paper_60859c18d1b677dfeea1,T1a_ACRONYM,6633,5,4.949007094210916,7.461189649044047,0,1518,380,True,0.4376979058691792
paper_b9d4d7e56d125a28c869,T1a_ACRONYM,12315,5,9.391302519043691,7.625905415382616,1,1518,380,True,0.4589931424143901
paper_1effe763b7ff437e1fc9,T1a_ACRONYM,13431,4,8.363819248779754,6.227249831568575,0,1518,380,True,0.4376979058691792
paper_e9ac0d341bdc0d314ea1,T1a_ACRONYM,6364,2,4.651499550666107,7.309081632096333,1,1518,380,True,0.4589931424143901
paper_711883789f83c2f2a3b5,T1a_ACRONYM,5916,7,5.051299255394397,8.538369261991882,1,1518,380,True,0.4589931424143901
paper_60f2e60b844747fe802d,T1a_ACRONYM,12060,9,8.313665806441827,6.893586904180619,3,1519,379,True,0.4841441946473859
paper_fb3ca2b9915274b899b1,T1b_EXPLICIT_DEFINITION,7038,0,0.15426462089275136,0.21918815131109884,1,1518,380,True,1.314500650801371
paper_c2234e1a403516780d78,T1b_EXPLICIT_DEFINITION,9710,3,0.6039572531676742,0.6219951113982227,0,1518,380,True,1.384005472288059
paper_8257025951ba6b28b75b,T1b_EXPLICIT_DEFINITION,21876,2,0.9818195042567248,0.448811256288501,2,1518,380,True,1.3963477696009834
paper_1b171a1a4aec0890360c,T1b_EXPLICIT_DEFINITION,6363,0,0.20345393785489796,0.3197453054453842,1,1518,380,True,1.314500650801371
paper_bd883eabafd2e7b17297,T1b_EXPLICIT_DEFINITION,12645,1,0.5140256186889152,0.40650503652741415,0,1518,380,True,1.384005472288059
paper_985fcd185ed02e5bf0c9,T1b_EXPLICIT_DEFINITION,3306,0,0.08712155178359209,0.2635255649836421,3,1519,379,True,1.2376448289616322
paper_89fda2b1fae52af29ea2,T1b_EXPLICIT_DEFINITION,6469,0,0.10201948366581544,0.15770518421056645,3,1519,379,True,1.2376448289616322
paper_b73e8d1371d2c75baf5e,T1b_EXPLICIT_DEFINITION,11966,1,0.3308872741785711,0.2765228766326016,3,1519,379,True,1.2376448289616322
paper_ad00811f68d163562037,T1b_EXPLICIT_DEFINITION,9089,0,0.3541774428872666,0.3896770193500568,3,1519,379,True,1.2376448289616322
paper_e7cb9db0da80a095bfbf,T1b_EXPLICIT_DEFINITION,7870,1,1644.8862317568894,2090.0714507711427,0,1518,380,True,1.384005472288059
paper_c59024ff0db6a1d90594,T1b_EXPLICIT_DEFINITION,10100,0,0.42140957362241876,0.4172372016063552,2,1518,380,True,1.3963477696009834
paper_5f4d155a7e87fdbcfd57,T1b_EXPLICIT_DEFINITION,12702,0,0.35086704917792405,0.27622976631863017,0,1518,380,True,1.384005472288059
paper_e2fe8c3fb17de72a30f6,T1b_EXPLICIT_DEFINITION,2435,0,0.19140993611517543,0.7860777663867574,3,1519,379,True,1.2376448289616322
paper_9b4349e4d6009d73ce9d,T1b_EXPLICIT_DEFINITION,4516,0,0.18558882160229728,0.41095841807417466,0,1518,380,True,1.384005472288059
paper_821c30710a08627d5ec1,T1b_EXPLICIT_DEFINITION,6884,1,0.49798699265065416,0.7233977231996719,0,1518,380,True,1.384005472288059
paper_69fa8302ed65d234bceb,T1b_EXPLICIT_DEFINITION,9028,0,0.6025297142566972,0.6674011013033864,2,1518,380,True,1.3963477696009834
paper_1e65e9d0a8786fa0982f,T1b_EXPLICIT_DEFINITION,8517,0,0.18110957491585306,0.21264479853921928,0,1518,380,True,1.384005472288059
paper_ac7d4e80f6136ba80773,T1b_EXPLICIT_DEFINITION,12136,0,0.4081722290948571,0.3363317642508711,0,1518,380,True,1.384005472288059
paper_f127962446e96a02507f,T1b_EXPLICIT_DEFINITION,9073,1,0.26081560535331766,0.28746346892242663,3,1519,379,True,1.2376448289616322
paper_4ee58c087d3e3326bfd7,T1b_EXPLICIT_DEFINITION,14188,0,0.38401654428734655,0.2706629153420824,1,1518,380,True,1.314500650801371
paper_df86d7f2b086c51bfe19,T1b_EXPLICIT_DEFINITION,8970,1,0.3263355105359356,0.36380770405343993,2,1518,380,True,1.3963477696009834
paper_b3d33d8ef68936f98277,T1b_EXPLICIT_DEFINITION,3349,0,0.2566466836383638,0.766338261087978,2,1518,380,True,1.3963477696009834
paper_b1be9d9c2235573dcd95,T1b_EXPLICIT_DEFINITION,14428,0,0.456426886946895,0.31634799483427706,0,1518,380,True,1.384005472288059
paper_f958223ca2563b6c2ee0,T1b_EXPLICIT_DEFINITION,12794,1,0.6377497053869644,0.4984756177794,4,1519,379,True,1.189442289030028
paper_7a234a0942160567de4e,T1b_EXPLICIT_DEFINITION,5198,1,0.25165966209487384,0.4841470990667061,4,1519,379,True,1.189442289030028
paper_32841268fd79635f1a52,T1b_EXPLICIT_DEFINITION,10253,0,0.3329906524620391,0.3247738734634147,3,1519,379,True,1.2376448289616322
paper_493838792c068344ab2f,T1b_EXPLICIT_DEFINITION,12873,0,0.5306246065312591,0.4121996477365486,3,1519,379,True,1.2376448289616322
paper_ca5062f04a73b5342113,T1b_EXPLICIT_DEFINITION,6863,0,0.4419689616524227,0.6439879959965361,4,1519,379,True,1.189442289030028
paper_51d90b89ffab3e573b94,T1b_EXPLICIT_DEFINITION,8673,0,0.4765757952809773,0.5494935953891126,0,1518,380,True,1.384005472288059
paper_bfbee9103060405ddf4a,T1b_EXPLICIT_DEFINITION,10044,0,0.5484490031654524,0.5460463990098093,4,1519,379,True,1.189442289030028
paper_1d196ac13fa57b930414,T1b_EXPLICIT_DEFINITION,12234,0,0.7884797675825586,0.6444987474109519,3,1519,379,True,1.2376448289616322
paper_a6c7c43c9bb00b33965a,T1b_EXPLICIT_DEFINITION,8768,2,0.3301730082900691,0.3765659309877613,2,1518,380,True,1.3963477696009834
paper_dd072c7a9a4eb901d770,T1b_EXPLICIT_DEFINITION,5212,0,0.1784415770395696,0.34236680168758554,4,1519,379,True,1.189442289030028
paper_a9b7cccd95ca07156fb7,T1b_EXPLICIT_DEFINITION,7594,0,0.47080268973056305,0.6199666707012945,1,1518,380,True,1.314500650801371
paper_e038c6543f5175116b1c,T1b_EXPLICIT_DEFINITION,8025,0,0.21441323288936967,0.26718159861603696,3,1519,379,True,1.2376448289616322
paper_145373617da645708424,T1b_EXPLICIT_DEFINITION,6755,0,0.20822517738446383,0.30825340841519444,3,1519,379,True,1.2376448289616322
paper_6549ab238decd77f0d36,T1b_EXPLICIT_DEFINITION,9656,0,0.41314487103750336,0.4278633709998999,3,1519,379,True,1.2376448289616322
paper_c146dad478613317f96c,T1b_EXPLICIT_DEFINITION,6981,0,0.3018549682275233,0.4323950268264192,2,1518,380,True,1.3963477696009834
paper_ca18a68f81210c3e50e9,T1b_EXPLICIT_DEFINITION,3715,0,0.2874749310695142,0.7738221563109401,1,1518,380,True,1.314500650801371
paper_02d87c8cf3c68e9b7624,T1b_EXPLICIT_DEFINITION,378,0,0.03713450906289079,0.9823944196531956,3,1519,379,True,1.2376448289616322
paper_04ee90d11a9e2e5995fa,T1b_EXPLICIT_DEFINITION,7852,0,0.24201464057581445,0.3082203777073541,1,1518,380,True,1.314500650801371
paper_c35f6124b433c452f4bd,T1b_EXPLICIT_DEFINITION,5749,0,0.14594634675523774,0.2538638837280183,3,1519,379,True,1.2376448289616322
paper_27f10dec8047a843a6ec,T1b_EXPLICIT_DEFINITION,10997,0,0.3554675403022038,0.32324046585632793,2,1518,380,True,1.3963477696009834
paper_f3afec6e13796b766325,T1b_EXPLICIT_DEFINITION,11069,0,0.431095990884099,0.3894624544982374,0,1518,380,True,1.384005472288059
paper_00c54464ef9a21d1e80e,T1b_EXPLICIT_DEFINITION,8214,0,0.4615224430043795,0.5618729522819327,4,1519,379,True,1.189442289030028
paper_34930f421e5c0fbf49d0,T1b_EXPLICIT_DEFINITION,26092,0,1.6849313937083648,0.6457655195877529,0,1518,380,True,1.384005472288059
paper_89ea92aa5842a2c088a5,T1b_EXPLICIT_DEFINITION,7633,0,0.3705375512315837,0.4854415711143505,2,1518,380,True,1.3963477696009834
paper_86c706cc7c1b31c5b704,T1b_EXPLICIT_DEFINITION,8724,0,0.4890757273229532,0.5606094994531788,0,1518,380,True,1.384005472288059
paper_5f9e475046ee441302b8,T1b_EXPLICIT_DEFINITION,9207,0,0.5645611803770538,0.6131869016803018,3,1519,379,True,1.2376448289616322
paper_32588ab02863572afb45,T1b_EXPLICIT_DEFINITION,5368,0,0.1381542329310063,0.2573663057582084,4,1519,379,True,1.189442289030028
paper_ea0d0996e01f5ba956c4,T1b_EXPLICIT_DEFINITION,9449,1,0.5150343013471815,0.545067521798266,4,1519,379,True,1.189442289030028
paper_fd846be4054cb8da1c75,T1b_EXPLICIT_DEFINITION,11267,0,0.23941969396656276,0.21249640007682857,1,1518,380,True,1.314500650801371
paper_23dce9b08be913b037dd,T1b_EXPLICIT_DEFINITION,6241,0,0.1928390065655938,0.30898735229225094,3,1519,379,True,1.2376448289616322
paper_76ea1bc753a6f3bd627c,T1b_EXPLICIT_DEFINITION,5745,0,0.1470569103930319,0.2559737343655908,3,1519,379,True,1.2376448289616322
paper_0f9cb975cd0b7c104b86,T1b_EXPLICIT_DEFINITION,9100,0,0.3517919948840169,0.38658460976265596,2,1518,380,True,1.3963477696009834
paper_55cc9922955ed3e6ec1b,T1b_EXPLICIT_DEFINITION,9068,1,0.17451569517499677,0.19245224434825403,3,1519,379,True,1.2376448289616322
paper_5675b30f5cad570acb65,T1b_EXPLICIT_DEFINITION,7323,0,0.17592162853921225,0.24023163804344158,2,1518,380,True,1.3963477696009834
paper_d6098e7c24a35a215597,T1b_EXPLICIT_DEFINITION,11021,0,0.5473668215879492,0.49665803610194104,2,1518,380,True,1.3963477696009834
paper_abbde51c7d33404cc803,T1b_EXPLICIT_DEFINITION,14895,0,0.4708049701787392,0.3160825580253368,4,1519,379,True,1.189442289030028
paper_654a44c8e94205f86a24,T1b_EXPLICIT_DEFINITION,18258,0,0.6921067442840682,0.3790704043619609,2,1518,380,True,1.3963477696009834
paper_dd00a6ebc17bdfcae203,T1b_EXPLICIT_DEFINITION,14015,0,0.4534986937956332,0.32358094455628483,2,1518,380,True,1.3963477696009834
paper_35b3eab66de11aeab930,T1b_EXPLICIT_DEFINITION,9620,0,0.297310158713979,0.3090542190374002,3,1519,379,True,1.2376448289616322
paper_25f8891779281d552aed,T1b_EXPLICIT_DEFINITION,10819,2,0.27543583277782746,0.2545852969570454,1,1518,380,True,1.314500650801371
paper_43acf95a4cff34bcd303,T1b_EXPLICIT_DEFINITION,6315,0,0.24850111735198055,0.39350929113536115,2,1518,380,True,1.3963477696009834
paper_2dd21d283cb3890b0651,T1b_EXPLICIT_DEFINITION,17232,0,0.3691239373145576,0.21420841301912583,3,1519,379,True,1.2376448289616322
paper_485b3fecc88210a2fb80,T1b_EXPLICIT_DEFINITION,9656,1,0.23809544356503184,0.24657771703089462,3,1519,379,True,1.2376448289616322
paper_6445b8c71cfc27098a19,T1b_EXPLICIT_DEFINITION,6396,0,0.41316289402415335,0.6459707536337608,2,1518,380,True,1.3963477696009834
paper_c8f09dfd076f3e2b5a53,T1b_EXPLICIT_DEFINITION,16597,0,0.3564141168650821,0.21474610885405926,1,1518,380,True,1.314500650801371
paper_ddc1627042a99d4c0665,T1b_EXPLICIT_DEFINITION,5518,0,0.3740444837917172,0.6778624207896289,1,1518,380,True,1.314500650801371
paper_e072120be00c97a29167,T1b_EXPLICIT_DEFINITION,9002,0,0.2822654107624109,0.3135585545016784,3,1519,379,True,1.2376448289616322
paper_bfafb1f783cf1c10b709,T1b_EXPLICIT_DEFINITION,8443,0,0.32488964775398,0.3848035624232855,0,1518,380,True,1.384005472288059
paper_4611789ef7e3c08c3ac9,T1b_EXPLICIT_DEFINITION,7476,1,0.18186070868178833,0.24325937490875912,0,1518,380,True,1.384005472288059
paper_19623e79243d0cf49b1e,T1b_EXPLICIT_DEFINITION,6701,1,0.6368182649148532,0.9503331814876185,2,1518,380,True,1.3963477696009834
paper_0f61c61330c55093b22d,T1b_EXPLICIT_DEFINITION,8809,0,0.3903127197090451,0.44308402736865143,4,1519,379,True,1.189442289030028
paper_c2a30d1e4f252f81df97,T1b_EXPLICIT_DEFINITION,9455,0,0.5123191463818337,0.5418499697322409,2,1518,380,True,1.3963477696009834
paper_47eb55cbd779efa686da,T1b_EXPLICIT_DEFINITION,16975,0,0.585063948701629,0.3446621200009597,4,1519,379,True,1.189442289030028
paper_b77b159f8f12131d26af,T1b_EXPLICIT_DEFINITION,4785,0,0.3797029186056406,0.7935275205969501,3,1519,379,True,1.2376448289616322
paper_7ee211be810b2ec4f105,T1b_EXPLICIT_DEFINITION,15092,0,0.3128138074742788,0.20727127449925706,1,1518,380,True,1.314500650801371
paper_0ca1a64ca43828e8bc89,T1b_EXPLICIT_DEFINITION,14004,0,0.5710909492113772,0.40780559069649897,1,1518,380,True,1.314500650801371
paper_78d9139681b32b96ff05,T1b_EXPLICIT_DEFINITION,10839,0,0.25785910150399455,0.2378993463455988,4,1519,379,True,1.189442289030028
paper_68b682c64bdfa515c2d5,T1b_EXPLICIT_DEFINITION,25609,1,0.707358889463245,0.2762149593749248,1,1518,380,True,1.314500650801371
paper_cad4056b1e168f18b713,T1b_EXPLICIT_DEFINITION,3999,0,0.12901328573861182,0.32261386781348295,4,1519,379,True,1.189442289030028
paper_3d90170a02ec76d9ceea,T1b_EXPLICIT_DEFINITION,26092,2,0.8289614393003147,0.31770712835363896,0,1518,380,True,1.384005472288059
paper_b818e1ab3266976a8db9,T1b_EXPLICIT_DEFINITION,9065,0,0.6108462716953162,0.6738513752844084,3,1519,379,True,1.2376448289616322
paper_9744040006c757b714ce,T1b_EXPLICIT_DEFINITION,17678,0,0.5032414051499334,0.2846710064203719,1,1518,380,True,1.314500650801371
paper_97acf7f1735788135ab2,T1b_EXPLICIT_DEFINITION,11324,1,0.1692000821180006,0.1494172395955498,0,1518,380,True,1.384005472288059
paper_af86becd1d44297317eb,T1b_EXPLICIT_DEFINITION,10932,0,0.8116127972528292,0.7424193169162361,4,1519,379,True,1.189442289030028
paper_cdd128adfb5f643d39be,T1b_EXPLICIT_DEFINITION,6847,0,0.31108380658016566,0.45433592314906623,3,1519,379,True,1.2376448289616322
paper_9ce44f3c347715a57bfd,T1b_EXPLICIT_DEFINITION,11194,0,0.3475854199055826,0.31051046981024,2,1518,380,True,1.3963477696009834
paper_14885a60d70b18d57ffa,T1b_EXPLICIT_DEFINITION,11369,0,0.5283026703367002,0.4646870176239777,2,1518,380,True,1.3963477696009834
paper_e0741239e6b4af7e9060,T1b_EXPLICIT_DEFINITION,9743,0,0.21657898763392416,0.22229188918600445,0,1518,380,True,1.384005472288059
paper_fdb671853a669cdb0e87,T1b_EXPLICIT_DEFINITION,9277,1,0.6561246281816533,0.7072594892547734,0,1518,380,True,1.384005472288059
paper_59c8c60a6758aa8e98da,T1b_EXPLICIT_DEFINITION,11779,0,0.39584816736021844,0.33606262616539473,4,1519,379,True,1.189442289030028
paper_71f603e6d51c12630385,T1b_EXPLICIT_DEFINITION,9602,0,0.3064135351289889,0.3191142836169432,4,1519,379,True,1.189442289030028
paper_70f52b65fe6b6074b908,T1b_EXPLICIT_DEFINITION,10182,1,1.4106995697822051,1.385483765254572,0,1518,380,True,1.384005472288059
paper_a29e23e2440fa2936e13,T1b_EXPLICIT_DEFINITION,10779,0,0.37204899507120603,0.3451609565555302,1,1518,380,True,1.314500650801371
paper_d8da4b545589c42be5f2,T1b_EXPLICIT_DEFINITION,10265,0,0.661931316131407,0.6448429772346878,3,1519,379,True,1.2376448289616322
paper_17bf0cae07002c40490e,T1b_EXPLICIT_DEFINITION,7067,0,0.23032456354787506,0.32591561277469233,3,1519,379,True,1.2376448289616322
paper_56c871a48eef1bc45564,T1b_EXPLICIT_DEFINITION,8774,2,0.1917204701656602,0.2185097676836793,1,1518,380,True,1.314500650801371
paper_40ad1ca31f69049b9c34,T1b_EXPLICIT_DEFINITION,22166,0,0.9991653321027333,0.4507648344774579,3,1519,379,True,1.2376448289616322
paper_5011fcd87c855c7b431d,T1b_EXPLICIT_DEFINITION,12363,0,0.5750746306257517,0.4651578343652445,0,1518,380,True,1.384005472288059
paper_7240b6122ecd6cc368da,T1b_EXPLICIT_DEFINITION,14064,0,0.7008279274424084,0.49831337275484094,2,1518,380,True,1.3963477696009834
paper_d744c0f7280272110b1c,T1b_EXPLICIT_DEFINITION,20397,1,6.61683165676968,3.2440219918466835,0,1518,380,True,1.384005472288059
paper_20405fbee74bdd933063,T1b_EXPLICIT_DEFINITION,9596,0,0.18665989661292806,0.19451844165582333,3,1519,379,True,1.2376448289616322
paper_dce85d264393d934c1c2,T1b_EXPLICIT_DEFINITION,11787,0,0.275486879781893,0.2337209466207627,3,1519,379,True,1.2376448289616322
paper_c84f83ae2a94c240da67,T1b_EXPLICIT_DEFINITION,8843,0,0.33856702073575207,0.38286443597845987,0,1518,380,True,1.384005472288059
paper_8640f23aabb16c409f47,T1b_EXPLICIT_DEFINITION,6127,2,0.25145132182185403,0.4103987625621904,1,1518,380,True,1.314500650801371
paper_7d5aebf7dad543650e12,T1b_EXPLICIT_DEFINITION,7875,0,0.4672804478613414,0.5933719972842431,0,1518,380,True,1.384005472288059
paper_2fb2efaeb9b40547dbba,T1b_EXPLICIT_DEFINITION,16852,1,0.5054097239235036,0.2999108259693233,2,1518,380,True,1.3963477696009834
paper_df4f5b6d769e24884e34,T1b_EXPLICIT_DEFINITION,13347,0,0.30068322212410253,0.22528150305244812,3,1519,379,True,1.2376448289616322
paper_23067971f4b570077210,T1b_EXPLICIT_DEFINITION,4907,0,0.5477766539391948,1.116316800365182,3,1519,379,True,1.2376448289616322
paper_e5d8711fb39496d60afc,T1b_EXPLICIT_DEFINITION,14654,0,0.20761632346980388,0.14167894327132788,2,1518,380,True,1.3963477696009834
paper_30665dd11d87f523f8c5,T1b_EXPLICIT_DEFINITION,25520,0,0.6503162588570842,0.2548261202418042,1,1518,380,True,1.314500650801371
paper_4caad60a26ac6522fd27,T1b_EXPLICIT_DEFINITION,8088,0,0.3005499886045204,0.37159988699866525,4,1519,379,True,1.189442289030028
paper_98717761258ee145c9d8,T1b_EXPLICIT_DEFINITION,13896,0,0.44017543319879565,0.31676412866925424,2,1518,380,True,1.3963477696009834
paper_053b92fbb32e346bfd2b,T1b_EXPLICIT_DEFINITION,13624,0,0.3377343120376382,0.24789658840108497,4,1519,379,True,1.189442289030028
paper_3fc5ad888280021a152a,T1b_EXPLICIT_DEFINITION,48529,1,2.7894326733973505,0.5747970643115149,3,1519,379,True,1.2376448289616322
paper_64aa55b50d42d19509ef,T1b_EXPLICIT_DEFINITION,6630,0,0.2822009765117955,0.4256424985094954,2,1518,380,True,1.3963477696009834
paper_d1323c3c9ab5baa345f5,T1b_EXPLICIT_DEFINITION,6793,0,0.22282575236381993,0.328022600270602,2,1518,380,True,1.3963477696009834
paper_569fb5fe6cc2efe4d817,T1b_EXPLICIT_DEFINITION,12347,1,0.6567194569243716,0.5318858483229705,4,1519,379,True,1.189442289030028
paper_5adcc8e2ca04bcfc87d9,T1b_EXPLICIT_DEFINITION,8425,0,0.31177268943566555,0.3700566046714131,4,1519,379,True,1.189442289030028
paper_e57478bf8eb05ac918ba,T1b_EXPLICIT_DEFINITION,19117,3,0.3454207187517046,0.1806877223161085,1,1518,380,True,1.314500650801371
paper_5ce355c8f4c399651bf5,T1b_EXPLICIT_DEFINITION,15246,0,0.9563819847508158,0.6273002654800052,1,1518,380,True,1.314500650801371
paper_b78f0ad273c0f3734d07,T1b_EXPLICIT_DEFINITION,8352,2,0.7002103315145977,0.8383744390739913,3,1519,379,True,1.2376448289616322
paper_b0e9eb2848ba1c224022,T1b_EXPLICIT_DEFINITION,5409,1,0.1801626268205502,0.3330793618423927,4,1519,379,True,1.189442289030028
paper_527a780511b23ba51453,T1b_EXPLICIT_DEFINITION,9293,0,0.2785517554933703,0.29974363014459304,2,1518,380,True,1.3963477696009834
paper_2f0372a1092eda59e322,T1b_EXPLICIT_DEFINITION,9963,0,0.582938284356104,0.5851031660705651,0,1518,380,True,1.384005472288059
paper_a5f1e11de5f0448369f5,T1b_EXPLICIT_DEFINITION,6075,3,0.48021081858629117,0.790470483269615,4,1519,379,True,1.189442289030028
paper_8a13100af2dfd41eb756,T1b_EXPLICIT_DEFINITION,8229,0,0.49741811551254794,0.6044696992496633,1,1518,380,True,1.314500650801371
paper_131f8159c96f54d575a2,T1b_EXPLICIT_DEFINITION,13731,0,0.6980460499231912,0.5083723326219439,3,1519,379,True,1.2376448289616322
paper_80a68f160df4694a78e4,T1b_EXPLICIT_DEFINITION,12598,0,0.741533885275113,0.5886123871051857,3,1519,379,True,1.2376448289616322
paper_f07c5b93cfd2ea6a70f0,T1b_EXPLICIT_DEFINITION,5470,0,0.3354761202357903,0.613301865147697,1,1518,380,True,1.314500650801371
paper_e0541593a359d8a87a28,T1b_EXPLICIT_DEFINITION,14587,0,1.5577398305039927,1.0678959556481749,4,1519,379,True,1.189442289030028
paper_8fecf48988292b0785aa,T1b_EXPLICIT_DEFINITION,6536,1,0.4001636430265085,0.612245475866751,2,1518,380,True,1.3963477696009834
paper_50c23e22863d3b23264b,T1b_EXPLICIT_DEFINITION,7997,0,0.5167300317854189,0.6461548477996985,0,1518,380,True,1.384005472288059
paper_e32ff121a88635b9567c,T1b_EXPLICIT_DEFINITION,9121,0,0.7479951711331688,0.8200802227093178,3,1519,379,True,1.2376448289616322
paper_09c4f2f626f879ade963,T1b_EXPLICIT_DEFINITION,6308,0,0.35358786409369397,0.5605387826469467,1,1518,380,True,1.314500650801371
paper_ed68ec856c007b57b392,T1b_EXPLICIT_DEFINITION,8322,1,0.5325173158201406,0.6398910307860377,1,1518,380,True,1.314500650801371
paper_61b3e2b332fc7c0c5fac,T1b_EXPLICIT_DEFINITION,4481,0,0.20968570633756484,0.46794399986066687,1,1518,380,True,1.314500650801371
paper_e0bc38afddebf5979ec5,T1b_EXPLICIT_DEFINITION,11171,0,0.6742542417282076,0.6035755453658648,4,1519,379,True,1.189442289030028
paper_a462119ad795fec5ed0b,T1b_EXPLICIT_DEFINITION,13572,1,0.8313240029415833,0.6125287377995751,2,1518,380,True,1.3963477696009834
paper_c3bb7c56866fff2e4754,T1b_EXPLICIT_DEFINITION,6013,0,0.4559333864469388,0.7582461108380822,0,1518,380,True,1.384005472288059
paper_07f0e3315516c7475a67,T1b_EXPLICIT_DEFINITION,7837,2,0.7164353387070379,0.9141703951857062,1,1518,380,True,1.314500650801371
paper_23bc6223ed3b36fa514e,T1b_EXPLICIT_DEFINITION,7906,1,0.46582294563599447,0.5892018032329807,3,1519,379,True,1.2376448289616322
paper_717c27ed0f4ae381c164,T1b_EXPLICIT_DEFINITION,4810,0,0.21220670953283916,0.4411781902969629,2,1518,380,True,1.3963477696009834
paper_c7495d7c09eec5e52ed8,T1b_EXPLICIT_DEFINITION,10442,3,0.539986258948818,0.5171291504968569,0,1518,380,True,1.384005472288059
paper_ccfcdd53b9fac7e46b8c,T1b_EXPLICIT_DEFINITION,19436,0,1.2360376768682715,0.6359527047068695,4,1519,379,True,1.189442289030028
paper_580b582e98cb2745d84d,T1b_EXPLICIT_DEFINITION,11927,0,0.3691075970609042,0.3094722872984859,1,1518,380,True,1.314500650801371
paper_02db3bc9247286cb9f0e,T1b_EXPLICIT_DEFINITION,6016,0,0.42176312932852017,0.7010690314636305,3,1519,379,True,1.2376448289616322
paper_4504bb0b1f6752d2176c,T1b_EXPLICIT_DEFINITION,15227,1,0.9845591565530638,0.6465877431884572,1,1518,380,True,1.314500650801371
paper_4f56eb43f6a9f68765d6,T1b_EXPLICIT_DEFINITION,10257,1,0.3527245954658379,0.343886707093534,1,1518,380,True,1.314500650801371
paper_cb595590bb73994a1c54,T1b_EXPLICIT_DEFINITION,6506,0,0.57799846347846,0.8884083361181371,3,1519,379,True,1.2376448289616322
paper_d553a2b751f8e5ef2e5f,T1b_EXPLICIT_DEFINITION,5915,0,0.502703517691192,0.8498791507881522,1,1518,380,True,1.314500650801371
paper_3d0a6d6a13c05010a8e5,T1b_EXPLICIT_DEFINITION,6099,0,0.2993002227412994,0.4907365514695842,1,1518,380,True,1.314500650801371
paper_228ae7746c6384c3588b,T1b_EXPLICIT_DEFINITION,8605,1,0.567430362856049,0.6594193641557803,4,1519,379,True,1.189442289030028
paper_b0bb506c29582306cc25,T1b_EXPLICIT_DEFINITION,8437,0,0.463497820787237,0.549363305425195,4,1519,379,True,1.189442289030028
paper_18d798cf5baa417ae2fb,T1b_EXPLICIT_DEFINITION,4350,1,0.09582766443985476,0.22029348147093047,0,1518,380,True,1.384005472288059
paper_2f4030b1e5c2b75fa04a,T1b_EXPLICIT_DEFINITION,5940,0,0.1732954029880694,0.2917431026735175,1,1518,380,True,1.314500650801371
paper_b0a953422591639eafd8,T1b_EXPLICIT_DEFINITION,7225,0,0.4589281292890763,0.6351946426146384,4,1519,379,True,1.189442289030028
paper_cccf0a5d801b597f89a2,T1b_EXPLICIT_DEFINITION,9227,0,0.3859391236296063,0.4182715114659221,0,1518,380,True,1.384005472288059
paper_03a86f795be234fe177f,T1b_EXPLICIT_DEFINITION,4625,0,0.12087563954602543,0.26135273415356847,0,1518,380,True,1.384005472288059
paper_c6856c356739df0e15f4,T1b_EXPLICIT_DEFINITION,12935,0,0.28559740319961885,0.22079428156135975,1,1518,380,True,1.314500650801371
paper_2a0c54eb288d2bd6107c,T1b_EXPLICIT_DEFINITION,5473,1,0.2411401792762012,0.4405996332472158,2,1518,380,True,1.3963477696009834
paper_5b0673e9ff09192b1dee,T1b_EXPLICIT_DEFINITION,5487,0,0.16290633806565508,0.296895093977866,3,1519,379,True,1.2376448289616322
paper_acef42607abe11ef888b,T1b_EXPLICIT_DEFINITION,11075,2,0.405108982425331,0.3657868915804343,4,1519,379,True,1.189442289030028
paper_bf590173ea587621d8ad,T1b_EXPLICIT_DEFINITION,12204,0,0.3474747846866699,0.2847220457937315,3,1519,379,True,1.2376448289616322
paper_64526ba0276feb8256a1,T1b_EXPLICIT_DEFINITION,7934,0,0.5615221846303293,0.7077415989794925,2,1518,380,True,1.3963477696009834
paper_a8c55eceae6ca55a4392,T1b_EXPLICIT_DEFINITION,9552,0,0.3944335318719166,0.4129329270015877,0,1518,380,True,1.384005472288059
paper_752b87d11b844759f3ca,T1b_EXPLICIT_DEFINITION,5668,0,0.1906368704500367,0.3363388681193308,4,1519,379,True,1.189442289030028
paper_bb9727873709888ef910,T1b_EXPLICIT_DEFINITION,10949,0,0.693776236602118,0.6336434711865174,1,1518,380,True,1.314500650801371
paper_fe1498e316cb156a921e,T1b_EXPLICIT_DEFINITION,7051,3,0.3672856504411367,0.5208986674814022,3,1519,379,True,1.2376448289616322
paper_4c38206e083c0aacbc47,T1b_EXPLICIT_DEFINITION,7820,0,0.5627607652247619,0.7196429222823042,4,1519,379,True,1.189442289030028
paper_fbf62e94cabeb88067b4,T1b_EXPLICIT_DEFINITION,3578,0,0.08637152974590395,0.24139611443796521,3,1519,379,True,1.2376448289616322
paper_32d318d230fb473bc762,T1b_EXPLICIT_DEFINITION,10407,2,0.22445066135444755,0.2156727792394038,3,1519,379,True,1.2376448289616322
paper_f33916084b79795dface,T1b_EXPLICIT_DEFINITION,10791,0,0.321453429245433,0.2978903060378399,0,1518,380,True,1.384005472288059
paper_bebe86220846e53f26f1,T1b_EXPLICIT_DEFINITION,7115,0,0.483192339681049,0.6791178351103991,2,1518,380,True,1.3963477696009834
paper_2876b2a92e9b125fae45,T1b_EXPLICIT_DEFINITION,12440,2,0.5314028096272828,0.4271726765492627,2,1518,380,True,1.3963477696009834
paper_6a6a4f61a4cef808023f,T1b_EXPLICIT_DEFINITION,10033,0,0.49569984137000384,0.49406941230938284,3,1519,379,True,1.2376448289616322
paper_f485731d46aefa4dd60b,T1b_EXPLICIT_DEFINITION,4426,1,0.2438206124920767,0.5508825406508737,1,1518,380,True,1.314500650801371
paper_b1cf5c1ae7bd5bb2f927,T1b_EXPLICIT_DEFINITION,9885,0,0.30354062785409364,0.30707195534050946,4,1519,379,True,1.189442289030028
paper_4cbcd513356a1d2d7b3e,T1b_EXPLICIT_DEFINITION,9098,1,0.3224864891812719,0.35445866034433043,0,1518,380,True,1.384005472288059
paper_2cead7bf3791c2b24bcd,T1b_EXPLICIT_DEFINITION,13593,0,0.5290622050029811,0.38921665931213206,2,1518,380,True,1.3963477696009834
paper_9bbcc0e547522dc52513,T1b_EXPLICIT_DEFINITION,27289,0,1.1051229738720054,0.4049701249118713,4,1519,379,True,1.189442289030028
paper_8ce711fbf07f21b62872,T1b_EXPLICIT_DEFINITION,8823,0,0.6726294593728919,0.7623591288370077,3,1519,379,True,1.2376448289616322
paper_b00e1ebe06b61db493f4,T1b_EXPLICIT_DEFINITION,6372,0,0.20637324614058047,0.32387515087975594,3,1519,379,True,1.2376448289616322
paper_c489eb829275ad437013,T1b_EXPLICIT_DEFINITION,11735,0,0.3342277187334949,0.2848127130238559,2,1518,380,True,1.3963477696009834
paper_925df95ce06fa731d89c,T1b_EXPLICIT_DEFINITION,9647,0,0.43425441287349903,0.450144514225665,3,1519,379,True,1.2376448289616322
paper_5a950095cd27f4047930,T1b_EXPLICIT_DEFINITION,17538,0,0.47178380973347445,0.26900661975907997,4,1519,379,True,1.189442289030028
paper_5fc6abfc5851266a7bb2,T1b_EXPLICIT_DEFINITION,10061,0,0.3297245673128708,0.32772544211596344,4,1519,379,True,1.189442289030028
paper_56e00d79ae7f35d0b916,T1b_EXPLICIT_DEFINITION,13905,0,0.43378845688512163,0.3119658086192892,0,1518,380,True,1.384005472288059
paper_b3552b6fdbe0b7700b37,T1b_EXPLICIT_DEFINITION,4575,0,0.1481626314598185,0.323852746360259,4,1519,379,True,1.189442289030028
paper_ab640ac2150e06496e16,T1b_EXPLICIT_DEFINITION,12365,0,0.3360325870467969,0.2717610894029898,1,1518,380,True,1.314500650801371
paper_95388a63f2873845bd78,T1b_EXPLICIT_DEFINITION,17130,0,0.6877057670666884,0.4014627945514818,4,1519,379,True,1.189442289030028
paper_f0e786cb7abc6bd38852,T1b_EXPLICIT_DEFINITION,7506,0,0.2643130535237632,0.3521356961414378,1,1518,380,True,1.314500650801371
paper_494fced5d2e7467e1403,T1b_EXPLICIT_DEFINITION,7038,0,0.3752506101419502,0.5331779058567068,2,1518,380,True,1.3963477696009834
paper_97bda071e782a12cc886,T1b_EXPLICIT_DEFINITION,15035,0,0.4595826209208624,0.3056751718795227,0,1518,380,True,1.384005472288059
paper_c27799e3691b92bbf1b3,T1b_EXPLICIT_DEFINITION,11867,0,0.3520332093979865,0.29664886609757013,2,1518,380,True,1.3963477696009834
paper_6d3b9ccf7151543b4009,T1b_EXPLICIT_DEFINITION,10525,0,0.9337716599426941,0.8871939761925834,4,1519,379,True,1.189442289030028
paper_3e1966df700d2fb4aa28,T1b_EXPLICIT_DEFINITION,3100,0,0.18623035450200212,0.6007430790387165,1,1518,380,True,1.314500650801371
paper_179f807a6800cc1dc318,T1b_EXPLICIT_DEFINITION,9040,0,0.30173639473533975,0.3337791977160838,3,1519,379,True,1.2376448289616322
paper_ff0974689a099cd63cd5,T1b_EXPLICIT_DEFINITION,5062,0,0.22096570369381535,0.4365185770324286,2,1518,380,True,1.3963477696009834
paper_d390a5f36458d70517fc,T1b_EXPLICIT_DEFINITION,8458,0,0.48091987576800116,0.5685976303712476,3,1519,379,True,1.2376448289616322
paper_1af66e18c3f897d2957f,T1b_EXPLICIT_DEFINITION,10225,3,0.7172238841527059,0.7014414514940889,0,1518,380,True,1.384005472288059
paper_4dae860c365e3997cd5c,T1b_EXPLICIT_DEFINITION,8342,0,0.24966023288095504,0.2992810271888696,2,1518,380,True,1.3963477696009834
paper_47baea05186d61b02ef1,T1b_EXPLICIT_DEFINITION,9982,0,0.23545968942194417,0.23588428112797452,0,1518,380,True,1.384005472288059
paper_cf194d0e98cb100aa430,T1b_EXPLICIT_DEFINITION,8843,0,0.3609624305329868,0.4081900153036151,4,1519,379,True,1.189442289030028
paper_3992d40727ba7f0c80ba,T1b_EXPLICIT_DEFINITION,7217,0,0.2437922538881467,0.3378027627658954,2,1518,380,True,1.3963477696009834
paper_08f90e5bb27c91f1db24,T1b_EXPLICIT_DEFINITION,7927,0,0.3024862930139713,0.3815898738664959,1,1518,380,True,1.314500650801371
paper_1dba34972cfb5f4469cb,T1b_EXPLICIT_DEFINITION,6854,0,0.36127650532853944,0.5271031592187619,3,1519,379,True,1.2376448289616322
paper_783174359f20ba253383,T1b_EXPLICIT_DEFINITION,16562,1,1.4114845980584894,0.8522428438947527,4,1519,379,True,1.189442289030028
paper_64367c996cd8880aad96,T1b_EXPLICIT_DEFINITION,12040,0,0.4540008223914282,0.3770770950094919,4,1519,379,True,1.189442289030028
paper_8b6b74b78f127ceb59c4,T1b_EXPLICIT_DEFINITION,11542,1,0.5221101057310935,0.45235670224492597,4,1519,379,True,1.189442289030028
paper_4fdf48b1c1f6829863fa,T1b_EXPLICIT_DEFINITION,10670,2,0.33888664507022787,0.3176069775728471,1,1518,380,True,1.314500650801371
paper_a0adf00e90a5c04d75d5,T1b_EXPLICIT_DEFINITION,19718,1,0.4430033365626325,0.2246695083490377,0,1518,380,True,1.384005472288059
paper_62c06fe656b0bf41bbe1,T1b_EXPLICIT_DEFINITION,4180,0,0.0802786493331266,0.19205418500747992,2,1518,380,True,1.3963477696009834
paper_720b22498f414f802bbf,T1b_EXPLICIT_DEFINITION,14117,0,0.5579641894338881,0.3952427494750217,3,1519,379,True,1.2376448289616322
paper_c9971f3e963a7ce40c60,T1b_EXPLICIT_DEFINITION,15038,0,0.22754017326557632,0.15131012984810235,3,1519,379,True,1.2376448289616322
paper_e3d8928cee28521c5c57,T1b_EXPLICIT_DEFINITION,7492,0,0.5635479967548157,0.7521996753267696,3,1519,379,True,1.2376448289616322
paper_fbed811a281c252f5a17,T1b_EXPLICIT_DEFINITION,9073,1,0.21240233633015973,0.23410375435926345,2,1518,380,True,1.3963477696009834
paper_cc53b0e72fd307d78825,T1b_EXPLICIT_DEFINITION,6760,2,0.21869189318715346,0.3235087177324755,3,1519,379,True,1.2376448289616322
paper_a6c227d2b604e87d36a3,T1b_EXPLICIT_DEFINITION,10416,0,0.19313281295428908,0.18541936727562314,1,1518,380,True,1.314500650801371
paper_64dfa37a81a06fd96980,T1b_EXPLICIT_DEFINITION,6322,1,0.3487840380339131,0.5516988896455444,1,1518,380,True,1.314500650801371
paper_fc464ca90bc204fb4fb9,T1b_EXPLICIT_DEFINITION,5036,1,0.4957556001496627,0.9844233521637463,0,1518,380,True,1.384005472288059
paper_99ba3a6af0f7bb227375,T1b_EXPLICIT_DEFINITION,10489,1,0.48740757146877384,0.46468449944587076,0,1518,380,True,1.384005472288059
paper_d6ef2be473f4d7bd68eb,T1b_EXPLICIT_DEFINITION,14155,2,0.6205964411867709,0.43842913541983114,4,1519,379,True,1.189442289030028
paper_3c8fc2365c64f7a1a9f8,T1b_EXPLICIT_DEFINITION,7115,0,0.24976656474470318,0.35104225543879575,4,1519,379,True,1.189442289030028
paper_ce5f00d82605fcb001c4,T1b_EXPLICIT_DEFINITION,9717,1,0.32566780918038213,0.33515262856888145,1,1518,380,True,1.314500650801371
paper_369353ad961a699d2837,T1b_EXPLICIT_DEFINITION,12426,0,0.6177072732312567,0.497108702101446,2,1518,380,True,1.3963477696009834
paper_dc0c386d86694de2da69,T1b_EXPLICIT_DEFINITION,6487,0,0.18026789326870465,0.27789100241822823,0,1518,380,True,1.384005472288059
paper_6c5c6b112e0865b22bb2,T1b_EXPLICIT_DEFINITION,4193,0,0.5238441759856806,1.249330255153066,4,1519,379,True,1.189442289030028
paper_53222b88fcc150ad235b,T1b_EXPLICIT_DEFINITION,8940,0,0.9374513585157236,1.0486033093017042,0,1518,380,True,1.384005472288059
paper_427c674a5ba07d6d0b9f,T1b_EXPLICIT_DEFINITION,17413,5,1.1790337112555624,0.6770997020935866,3,1519,379,True,1.2376448289616322
paper_8626ff7c68d7bb9ec6b6,T1b_EXPLICIT_DEFINITION,5312,0,0.17622739118340075,0.33175337195670324,2,1518,380,True,1.3963477696009834
paper_d43cca4456936538a369,T1b_EXPLICIT_DEFINITION,9455,1,0.2382473722018952,0.25198029846842435,2,1518,380,True,1.3963477696009834
paper_672820ba66c7092900cd,T1b_EXPLICIT_DEFINITION,9912,0,0.2732821970256175,0.27570843122035665,3,1519,379,True,1.2376448289616322
paper_32c0694947af1a320e1a,T1b_EXPLICIT_DEFINITION,16856,0,0.2204691254264101,0.1307956368215532,2,1518,380,True,1.3963477696009834
paper_42ede648fd3ee44ee32c,T1b_EXPLICIT_DEFINITION,11630,0,0.6828284450747809,0.5871267799439217,2,1518,380,True,1.3963477696009834
paper_ce9dec4ed831452472f3,T1b_EXPLICIT_DEFINITION,12024,0,0.5546169987490158,0.4612583156595275,4,1519,379,True,1.189442289030028
paper_cee2d0d3e1876eb73b39,T1b_EXPLICIT_DEFINITION,9345,0,0.26934228702911855,0.28822074588455704,0,1518,380,True,1.384005472288059
paper_6cb01085fce48cd8b2e3,T1b_EXPLICIT_DEFINITION,9041,0,0.363075025793197,0.4015872423329245,2,1518,380,True,1.3963477696009834
paper_ac628f6b17e07900461e,T1b_EXPLICIT_DEFINITION,10973,1,0.34920854936020285,0.31824346063993697,2,1518,380,True,1.3963477696009834
paper_8d3a72036128204cc3b9,T1b_EXPLICIT_DEFINITION,7172,0,0.20433075169134138,0.2849006576845251,4,1519,379,True,1.189442289030028
paper_89e5d5d70972f39a5320,T1b_EXPLICIT_DEFINITION,9527,1,0.25397482550126416,0.266584261048876,0,1518,380,True,1.384005472288059
paper_72aa787d4e6e06cdcaeb,T1b_EXPLICIT_DEFINITION,14050,0,0.4474615872611582,0.3184779980506464,2,1518,380,True,1.3963477696009834
paper_48f90822105bf111ea1a,T1b_EXPLICIT_DEFINITION,13202,0,0.19228952875381047,0.14565181696243787,3,1519,379,True,1.2376448289616322
paper_dffdbee00caf5a312878,T1b_EXPLICIT_DEFINITION,9410,0,0.342271140700076,0.3637312866100702,2,1518,380,True,1.3963477696009834
paper_11c59a51794961d299fb,T1b_EXPLICIT_DEFINITION,8812,1,0.223213107273044,0.25330584120862915,1,1518,380,True,1.314500650801371
paper_66e9b50a59bd823abcd9,T1b_EXPLICIT_DEFINITION,6974,0,0.11731793144427304,0.16822186900526676,3,1519,379,True,1.2376448289616322
paper_61251b5fda9ffb5dfd3e,T1b_EXPLICIT_DEFINITION,12527,0,0.3140819634625623,0.2507240069151132,1,1518,380,True,1.314500650801371
paper_dec8e545ef1e3441ee9b,T1b_EXPLICIT_DEFINITION,14292,0,0.32128067634595187,0.22479756251465985,1,1518,380,True,1.314500650801371
paper_4c95075e25b3c259ef44,T1b_EXPLICIT_DEFINITION,7036,0,0.2613082057699952,0.37138744424388176,4,1519,379,True,1.189442289030028
paper_660368a4127cdf5bd6ee,T1b_EXPLICIT_DEFINITION,11465,1,0.3131801388547759,0.27316191788467153,4,1519,379,True,1.189442289030028
paper_7a7b24c72218d3d9477a,T1b_EXPLICIT_DEFINITION,6315,1,0.2409071149639343,0.38148395085341935,0,1518,380,True,1.384005472288059
paper_3385b1bb39a8e7617d18,T1b_EXPLICIT_DEFINITION,8162,0,0.26064941937530994,0.31934503721552304,2,1518,380,True,1.3963477696009834
paper_ff9bcddc9e61e49488cd,T1b_EXPLICIT_DEFINITION,17302,0,0.6550303091963298,0.3785864693077851,1,1518,380,True,1.314500650801371
paper_e2e0c362cc5cf9a852af,T1b_EXPLICIT_DEFINITION,8443,0,0.25330855591470225,0.3000219778688881,2,1518,380,True,1.3963477696009834
paper_098454894ffb6b617c9d,T1b_EXPLICIT_DEFINITION,17013,0,0.5721858101231125,0.33632270036037887,4,1519,379,True,1.189442289030028
paper_67f4876ffc226b423149,T1b_EXPLICIT_DEFINITION,10782,1,0.3323712979696037,0.30826497678501547,0,1518,380,True,1.384005472288059
paper_e8cec3b5129bb5312ae8,T1b_EXPLICIT_DEFINITION,19562,0,0.5425853463151382,0.2773670106917177,1,1518,380,True,1.314500650801371
paper_153e633ded416ec29714,T1b_EXPLICIT_DEFINITION,10799,0,0.2105768650250838,0.19499663397081562,1,1518,380,True,1.314500650801371
paper_8378092c91046db513a1,T1b_EXPLICIT_DEFINITION,4168,0,0.12215566827279797,0.293079818312855,1,1518,380,True,1.314500650801371
paper_7cd1f80ae0395836d825,T1b_EXPLICIT_DEFINITION,14592,0,0.4422409105091226,0.30307079941688775,3,1519,379,True,1.2376448289616322
paper_9ae2096a609b399df31b,T1b_EXPLICIT_DEFINITION,8556,0,0.33841000897211015,0.3955236196494976,3,1519,379,True,1.2376448289616322
paper_ef639adba85088c21271,T1b_EXPLICIT_DEFINITION,6871,0,0.29156041647873093,0.4243347641955042,0,1518,380,True,1.384005472288059
paper_45a7ffb703352c94e6d4,T1b_EXPLICIT_DEFINITION,9502,1,0.23209538878805636,0.2442595125111096,0,1518,380,True,1.384005472288059
paper_4ee0417d8a41135a36cf,T1b_EXPLICIT_DEFINITION,7073,0,0.19913896825283744,0.2815480959321892,0,1518,380,True,1.384005472288059
paper_83c1908f50bfa8e73253,T1b_EXPLICIT_DEFINITION,8217,0,0.22292758346306377,0.27130045450050355,3,1519,379,True,1.2376448289616322
paper_3f3d0e48546e4ff42f4c,T1b_EXPLICIT_DEFINITION,9290,0,0.4825561557939033,0.5194361203378938,1,1518,380,True,1.314500650801371
paper_c3f5f52f4c2a9202c210,T1b_EXPLICIT_DEFINITION,7276,0,0.2734072824213422,0.3757659186659459,0,1518,380,True,1.384005472288059
paper_2b02b2762947d7c9679c,T1b_EXPLICIT_DEFINITION,8346,2,0.222785778660426,0.26693718986391807,0,1518,380,True,1.384005472288059
paper_8dfa0b3f4e18b1fd10c2,T1b_EXPLICIT_DEFINITION,8860,0,0.5834244141217584,0.6584925667288469,2,1518,380,True,1.3963477696009834
paper_76bcf697f1259c6004f1,T1b_EXPLICIT_DEFINITION,12318,0,0.3592321231045542,0.2916318583410896,1,1518,380,True,1.314500650801371
paper_b2dfc0b6e405dcfbbd41,T1b_EXPLICIT_DEFINITION,12266,1,0.3442040677027014,0.28061639303986746,2,1518,380,True,1.3963477696009834
paper_41ca79d98776e33910af,T1b_EXPLICIT_DEFINITION,9852,0,0.2951604403492234,0.29959443803209845,2,1518,380,True,1.3963477696009834
paper_cc76a19258ed00e477ce,T1b_EXPLICIT_DEFINITION,10571,0,0.5796956741587749,0.5483830045963247,4,1519,379,True,1.189442289030028
paper_d54c96ae609515612b17,T1b_EXPLICIT_DEFINITION,9360,0,0.2767781661982238,0.2957031690151964,2,1518,380,True,1.3963477696009834
paper_204dc0c975ccb06e9f3a,T1b_EXPLICIT_DEFINITION,8357,2,0.338530569433815,0.40508623840351204,1,1518,380,True,1.314500650801371
paper_0962973634343215e4d9,T1b_EXPLICIT_DEFINITION,15489,0,0.32711617929104375,0.21119257491835738,2,1518,380,True,1.3963477696009834
paper_c74f3cfca89318a59f19,T1b_EXPLICIT_DEFINITION,8329,0,0.2087552030951093,0.25063657473299233,2,1518,380,True,1.3963477696009834
paper_b507d1f123708a4b9cc5,T1b_EXPLICIT_DEFINITION,11917,0,0.2528323535041336,0.2121610753580042,1,1518,380,True,1.314500650801371
paper_944a0c9e0739329934f7,T1b_EXPLICIT_DEFINITION,8713,1,0.2796041965325212,0.32090462129292,0,1518,380,True,1.384005472288059
paper_6aeec59adf7bbd4cde2c,T1b_EXPLICIT_DEFINITION,7915,0,0.4145444762535847,0.5237453900866516,3,1519,379,True,1.2376448289616322
paper_83a884f9748a00171ac0,T1b_EXPLICIT_DEFINITION,12759,0,0.4318305455081477,0.3384517168337234,1,1518,380,True,1.314500650801371
paper_54c0115fc01170ba67ec,T1b_EXPLICIT_DEFINITION,28239,1,0.7628623852199855,0.27014497157122613,2,1518,380,True,1.3963477696009834
paper_f3873c7fd97e5b549f07,T1b_EXPLICIT_DEFINITION,6700,1,0.3370298252461446,0.5030295899196188,2,1518,380,True,1.3963477696009834
paper_a9dd875727810e20e480,T1b_EXPLICIT_DEFINITION,8318,1,0.31046976441785096,0.37325049821814255,3,1519,379,True,1.2376448289616322
paper_05bd32fb5fa7a226277f,T1b_EXPLICIT_DEFINITION,17001,0,0.39793693016686793,0.23406677852295038,1,1518,380,True,1.314500650801371
paper_5d18114bbf040e836670,T1b_EXPLICIT_DEFINITION,10221,5,0.7338184310264374,0.7179516984898126,3,1519,379,True,1.2376448289616322
paper_f9d3d9d540aa15aa3b2e,T1b_EXPLICIT_DEFINITION,7156,1,0.26231194168107264,0.3665622438248639,3,1519,379,True,1.2376448289616322
paper_dd4d168749c4d1909dae,T1b_EXPLICIT_DEFINITION,10315,3,0.48930819745497983,0.4743656785797187,4,1519,379,True,1.189442289030028
paper_caf83ac6d968d7b42c21,T1b_EXPLICIT_DEFINITION,6327,0,0.264046280671794,0.4173325125206163,4,1519,379,True,1.189442289030028
paper_2d7ca05313fc6630b325,T1b_EXPLICIT_DEFINITION,6739,1,0.3625488748111482,0.5379861623551687,4,1519,379,True,1.189442289030028
paper_1220f0e0209b9579f4d9,T1b_EXPLICIT_DEFINITION,14141,0,0.6025429812975434,0.42609644388483375,3,1519,379,True,1.2376448289616322
paper_9ac7431d3a5f8865b816,T1b_EXPLICIT_DEFINITION,8067,0,0.2930241607969454,0.3632380820589381,1,1518,380,True,1.314500650801371
paper_d17dc01908906bfae39f,T1b_EXPLICIT_DEFINITION,8959,0,0.2780503962156639,0.31035874117163065,4,1519,379,True,1.189442289030028
paper_b85cbfed3a7df0f91bff,T1b_EXPLICIT_DEFINITION,21944,0,1.2319744722493657,0.5614174591001485,0,1518,380,True,1.384005472288059
paper_c12924d3071f576e0c31,T1b_EXPLICIT_DEFINITION,8620,0,0.36913425908775904,0.4282299989417158,0,1518,380,True,1.384005472288059
paper_cc53d0299e648e6916ee,T1b_EXPLICIT_DEFINITION,9038,0,0.5588095925352432,0.6182889937322894,3,1519,379,True,1.2376448289616322
paper_cf903f949f015c0adc07,T1b_EXPLICIT_DEFINITION,9688,0,0.42921235157638127,0.44303504497974944,3,1519,379,True,1.2376448289616322
paper_2132468aaf51509ba44a,T1b_EXPLICIT_DEFINITION,14809,0,0.45402151770352256,0.30658485900703797,0,1518,380,True,1.384005472288059
paper_a71aa202905fdc2beb69,T1b_EXPLICIT_DEFINITION,15953,0,0.3370937758228642,0.21130431631847565,2,1518,380,True,1.3963477696009834
paper_26adb28c631c5b0f11a0,T1b_EXPLICIT_DEFINITION,9556,3,0.17335194412367616,0.18140638773930112,0,1518,380,True,1.384005472288059
paper_7aaade949bb14c05bfe7,T1b_EXPLICIT_DEFINITION,9883,1,0.45067805512094045,0.4560134120418299,4,1519,379,True,1.189442289030028
paper_7389c18aa7fbdb9182cf,T1b_EXPLICIT_DEFINITION,14655,1,0.654034684136533,0.4462877407959966,1,1518,380,True,1.314500650801371
paper_b5c7efcb39d41bc8d413,T1b_EXPLICIT_DEFINITION,6970,2,0.2449749518767184,0.3514705191918485,3,1519,379,True,1.2376448289616322
paper_8e9ee6e8215d279de163,T1b_EXPLICIT_DEFINITION,9624,0,0.34786875123686967,0.36145963345476895,4,1519,379,True,1.189442289030028
paper_681211614a0b1ba376f9,T1b_EXPLICIT_DEFINITION,10743,0,0.35015851697285755,0.32594109371019037,3,1519,379,True,1.2376448289616322
paper_817baf95fed9d0fdcad7,T1b_EXPLICIT_DEFINITION,10227,2,0.5122130618775467,0.5008439052288518,2,1518,380,True,1.3963477696009834
paper_0d660ed882f95ed7cfef,T1b_EXPLICIT_DEFINITION,10433,1,0.2811884204785094,0.2695182789979003,1,1518,380,True,1.314500650801371
paper_bc82aaaf60e66f5468da,T1b_EXPLICIT_DEFINITION,11356,1,0.4420281451425066,0.3892463412667371,3,1519,379,True,1.2376448289616322
paper_5bca1bd05633e9cb1ac3,T1b_EXPLICIT_DEFINITION,6343,0,0.17927488673945624,0.2826342215662246,1,1518,380,True,1.314500650801371
paper_a02c329f41437939a2c4,T1b_EXPLICIT_DEFINITION,8325,0,0.2978898221486697,0.3578256121905942,1,1518,380,True,1.314500650801371
paper_92492c1b36f84428b0a0,T1b_EXPLICIT_DEFINITION,10427,2,0.4093865449642329,0.3926216025359479,3,1519,379,True,1.2376448289616322
paper_1428ea286bd49ce8c134,T1b_EXPLICIT_DEFINITION,16014,2,0.2997019083234402,0.18714993650770587,3,1519,379,True,1.2376448289616322
paper_73576f4bbe0b9bcc0958,T1b_EXPLICIT_DEFINITION,5410,0,0.21978028551602916,0.4062482172200169,0,1518,380,True,1.384005472288059
paper_70948c75f5e713066544,T1b_EXPLICIT_DEFINITION,5534,0,0.22654170720236483,0.40936340296777163,0,1518,380,True,1.384005472288059
paper_c2ee0b95bd9142affe99,T1b_EXPLICIT_DEFINITION,11784,1,0.37906750325875227,0.32167982286044833,0,1518,380,True,1.384005472288059
paper_6904690653aa3ce5dd9c,T1b_EXPLICIT_DEFINITION,442,0,0.0897952599027706,2.0315669661260314,2,1518,380,True,1.3963477696009834
paper_847d39d827c9790807e8,T1b_EXPLICIT_DEFINITION,5421,0,0.20523601677858336,0.3785943862360881,2,1518,380,True,1.3963477696009834
paper_a8f5bd84ab7ed289a528,T1b_EXPLICIT_DEFINITION,10693,0,0.37400981970480845,0.34977070953409567,4,1519,379,True,1.189442289030028
paper_a9d83cb5165427ddab13,T1b_EXPLICIT_DEFINITION,10947,0,0.7200959588699753,0.6578020999999775,4,1519,379,True,1.189442289030028
paper_c4de74fafbe248f42d88,T1b_EXPLICIT_DEFINITION,13612,0,0.2898384162196938,0.2129286043341859,4,1519,379,True,1.189442289030028
paper_fe3a5ab86b7888190097,T1b_EXPLICIT_DEFINITION,13992,0,0.3910898505789111,0.27950961304953625,2,1518,380,True,1.3963477696009834
paper_5072f1c6202eda6da90d,T1b_EXPLICIT_DEFINITION,14142,0,0.36099995247590716,0.2552679624352335,1,1518,380,True,1.314500650801371
paper_49a4120af96a476d4829,T1b_EXPLICIT_DEFINITION,9852,0,0.15482664594849066,0.15715250299278385,0,1518,380,True,1.384005472288059
paper_62ba056f9b96eb71a5ef,T1b_EXPLICIT_DEFINITION,13963,0,0.433097155871382,0.3101748591788168,4,1519,379,True,1.189442289030028
paper_aeb9dd9e22ab872af402,T1b_EXPLICIT_DEFINITION,8618,0,0.2577249923109685,0.299054296021082,2,1518,380,True,1.3963477696009834
paper_a35d36b9493ebcd5fa84,T1b_EXPLICIT_DEFINITION,10927,0,0.28613040665826395,0.26185632530270336,1,1518,380,True,1.314500650801371
paper_0a6c690dca5ed2adc9b5,T1b_EXPLICIT_DEFINITION,13840,0,0.6962126438870144,0.5030438178374382,0,1518,380,True,1.384005472288059
paper_9fabef626ef961aa28c9,T1b_EXPLICIT_DEFINITION,9168,0,0.43595308047176284,0.47551601273098043,3,1519,379,True,1.2376448289616322
paper_73dc6842ac0f62ccc904,T1b_EXPLICIT_DEFINITION,9956,0,0.32002850337435534,0.32144285192281574,0,1518,380,True,1.384005472288059
paper_406e37f76481edf543ab,T1b_EXPLICIT_DEFINITION,9874,1,0.3028776191724963,0.306742575625376,2,1518,380,True,1.3963477696009834
paper_52464a9d6f2e93910661,T1b_EXPLICIT_DEFINITION,6898,4,0.23492393970140762,0.3405681932464593,1,1518,380,True,1.314500650801371
paper_a568110ddfe8b61d62ce,T1b_EXPLICIT_DEFINITION,15164,1,0.4077776152898984,0.26891164289758535,2,1518,380,True,1.3963477696009834
paper_aba6a50b0e33123b60f3,T1b_EXPLICIT_DEFINITION,18770,0,0.9687306590867201,0.5161058386183911,4,1519,379,True,1.189442289030028
paper_3e604a6bd4dc89ecf1cc,T1b_EXPLICIT_DEFINITION,7098,1,0.2030631271090442,0.2860849917005413,0,1518,380,True,1.384005472288059
paper_2990213101a302c6829d,T1b_EXPLICIT_DEFINITION,5948,1,0.3994169769487044,0.6715147561343383,1,1518,380,True,1.314500650801371
paper_065b61f3c3a2aa5dce46,T1b_EXPLICIT_DEFINITION,24076,0,0.5384676796272787,0.22365329773520465,1,1518,380,True,1.314500650801371
paper_a029fe615c3acdd6ae56,T1b_EXPLICIT_DEFINITION,12829,1,0.866627070976375,0.6755219198506315,1,1518,380,True,1.314500650801371
paper_7d74f52644d513698ed3,T1b_EXPLICIT_DEFINITION,12245,0,0.3535870704396588,0.28876036785598924,1,1518,380,True,1.314500650801371
paper_1a5a5643c69613aa0d3c,T1b_EXPLICIT_DEFINITION,14781,0,0.4793242031311572,0.32428401537863283,4,1519,379,True,1.189442289030028
paper_c70f3e6133978235b579,T1b_EXPLICIT_DEFINITION,9196,2,0.33514353032211375,0.3644449003067788,2,1518,380,True,1.3963477696009834
paper_8887b871f470f66c3361,T1b_EXPLICIT_DEFINITION,21905,2,0.9444720855926569,0.4311673524732513,4,1519,379,True,1.189442289030028
paper_b9e7a7fc983610a94d2a,T1b_EXPLICIT_DEFINITION,8150,0,0.4277303714031926,0.5248225415990093,0,1518,380,True,1.384005472288059
paper_f1d7cd92d2e39bad89e7,T1b_EXPLICIT_DEFINITION,12798,8,0.39051128330295737,0.3051346173643986,0,1518,380,True,1.384005472288059
paper_29fec20ca5aa045aa277,T1b_EXPLICIT_DEFINITION,6300,0,0.22068644191244205,0.3502959395435588,4,1519,379,True,1.189442289030028
paper_ff210780ebf46f6c43d7,T1b_EXPLICIT_DEFINITION,14428,0,0.40071282655106444,0.2777327602932246,4,1519,379,True,1.189442289030028
paper_f913304731279218e7c3,T1b_EXPLICIT_DEFINITION,13314,0,0.7541755958940046,0.5664530538485839,2,1518,380,True,1.3963477696009834
paper_a79382eb4ad67c8ce4d3,T1b_EXPLICIT_DEFINITION,9312,0,0.4218572052642219,0.45302534929577093,2,1518,380,True,1.3963477696009834
paper_e134753847abd81208e2,T1b_EXPLICIT_DEFINITION,9621,1,0.6731089852670304,0.6996247638156433,0,1518,380,True,1.384005472288059
paper_20f430853797efd028b9,T1b_EXPLICIT_DEFINITION,12788,0,0.919655626534216,0.719155166198167,4,1519,379,True,1.189442289030028
paper_c71358102c046237a754,T1b_EXPLICIT_DEFINITION,6808,1,0.44020698604575903,0.6466025059426543,3,1519,379,True,1.2376448289616322
paper_5349ecd090956229107a,T1b_EXPLICIT_DEFINITION,11197,0,0.45073836733345407,0.4025527974756221,0,1518,380,True,1.384005472288059
paper_998e42a7a479e088704e,T1b_EXPLICIT_DEFINITION,9434,2,0.32536796790643346,0.34488866642615373,0,1518,380,True,1.384005472288059
paper_7d2722982c6d5e49f32f,T1b_EXPLICIT_DEFINITION,6782,0,0.30119373203308286,0.44410753764830857,3,1519,379,True,1.2376448289616322
paper_f601e8a12be51a3dd8e1,T1b_EXPLICIT_DEFINITION,18258,0,0.5474221842899194,0.29982593070978164,4,1519,379,True,1.189442289030028
paper_824b40fcf4f4c73b8a38,T1b_EXPLICIT_DEFINITION,12185,0,0.7549553126483678,0.6195776057844627,3,1519,379,True,1.2376448289616322
paper_aa9d7fc4331799659cfe,T1b_EXPLICIT_DEFINITION,12961,6,1.1806249072025068,0.9109057227085153,2,1518,380,True,1.3963477696009834
paper_5ca5aa1d06192397111a,T1b_EXPLICIT_DEFINITION,13361,1,0.6537730364506465,0.4893144498545367,0,1518,380,True,1.384005472288059
paper_1d605aeb5a4c8743f371,T1b_EXPLICIT_DEFINITION,8250,2,0.5487787657447192,0.6651863827208718,2,1518,380,True,1.3963477696009834
paper_5be19bce69768241e503,T1b_EXPLICIT_DEFINITION,8871,0,0.23486833717674896,0.2647597082366689,2,1518,380,True,1.3963477696009834
paper_fb5352011719292bb656,T1b_EXPLICIT_DEFINITION,25602,1,0.5593057979716121,0.21846176000766035,1,1518,380,True,1.314500650801371
paper_03f8a57de5c3aa081357,T1b_EXPLICIT_DEFINITION,11473,0,0.4090292465640831,0.35651464008026074,4,1519,379,True,1.189442289030028
paper_f89e2cb34289778d35d9,T1b_EXPLICIT_DEFINITION,7112,0,0.20392039075580182,0.28672720859927137,2,1518,380,True,1.3963477696009834
paper_547d4afb8af58742f7f5,T1b_EXPLICIT_DEFINITION,17140,1,0.35290863766326125,0.205897688251611,3,1519,379,True,1.2376448289616322
paper_10ae33abd68731a0e97d,T1b_EXPLICIT_DEFINITION,10216,0,0.28029702661838407,0.27437062120045425,1,1518,380,True,1.314500650801371
paper_ec8a474fffee4912602b,T1b_EXPLICIT_DEFINITION,12138,0,0.527599379157289,0.43466747335416794,3,1519,379,True,1.2376448289616322
paper_d664bf3efe04a2cc2688,T1b_EXPLICIT_DEFINITION,18454,1,0.40559656330485827,0.21978788517657868,1,1518,380,True,1.314500650801371
paper_d1e6094c69cf04df5d74,T1b_EXPLICIT_DEFINITION,9087,0,0.49459937651716734,0.544293360313819,4,1519,379,True,1.189442289030028
paper_7dae2f2b5c43ce9aef0e,T1b_EXPLICIT_DEFINITION,15279,0,0.5671936824141621,0.3712243487231901,3,1519,379,True,1.2376448289616322
paper_d984a3a327dd39839056,T1b_EXPLICIT_DEFINITION,15660,1,0.5533875102996781,0.3533764433586706,3,1519,379,True,1.2376448289616322
paper_b23e7df70840f64e1fa6,T1b_EXPLICIT_DEFINITION,7014,8,0.37445307495224905,0.5338652337499986,1,1518,380,True,1.314500650801371
paper_166727dca4c31311fb06,T1b_EXPLICIT_DEFINITION,9182,1,0.40496919155772004,0.44104682156144637,3,1519,379,True,1.2376448289616322
paper_b364eda28e0dfc18ba5a,T1b_EXPLICIT_DEFINITION,7866,2,0.27559887288245066,0.35036724241348927,0,1518,380,True,1.384005472288059
paper_223ed0fcc39202a44573,T1b_EXPLICIT_DEFINITION,7605,0,0.5117216852224602,0.6728753257363054,0,1518,380,True,1.384005472288059
paper_a2e39740e5180daa125f,T1b_EXPLICIT_DEFINITION,11359,0,0.3574132024581229,0.31465199617758866,1,1518,380,True,1.314500650801371
paper_6eb1ce358f2c588ab75b,T1b_EXPLICIT_DEFINITION,10130,0,0.3180174303007734,0.31393625893462335,4,1519,379,True,1.189442289030028
paper_94655eefd46272d6c61d,T1b_EXPLICIT_DEFINITION,5833,0,0.16332298996776848,0.2799982684172269,1,1518,380,True,1.314500650801371
paper_c2c1d5f2b1e1dce72557,T1b_EXPLICIT_DEFINITION,9743,0,0.3093913424433391,0.3175524401553311,2,1518,380,True,1.3963477696009834
paper_0ac30fd051865b2ea76e,T1b_EXPLICIT_DEFINITION,7532,0,0.31902130361991077,0.42355457198607377,0,1518,380,True,1.384005472288059
paper_71efa30c4894c1d655f8,T1b_EXPLICIT_DEFINITION,7165,0,0.2709849836510623,0.37820653684726063,4,1519,379,True,1.189442289030028
paper_b4d04768d1ae77de921b,T1b_EXPLICIT_DEFINITION,10023,0,0.4943053283639477,0.4931710349834857,0,1518,380,True,1.384005472288059
paper_87f744f573ecdefa9ac9,T1b_EXPLICIT_DEFINITION,5601,0,0.18282941829171862,0.32642281430408604,0,1518,380,True,1.384005472288059
paper_76a1c8f58debef0e3cb6,T1b_EXPLICIT_DEFINITION,13887,1,0.3918860488707396,0.2821963338883413,0,1518,380,True,1.384005472288059
paper_ced030a0b27c5b68fa5f,T1b_EXPLICIT_DEFINITION,8778,0,0.20927212384681046,0.23840524475599278,0,1518,380,True,1.384005472288059
paper_869e1908a0428f3ad7c4,T1b_EXPLICIT_DEFINITION,7758,0,0.37045534707224287,0.47751398178943394,2,1518,380,True,1.3963477696009834
paper_a426e3e98e6061d7b10b,T1b_EXPLICIT_DEFINITION,10858,0,0.616956380818774,0.5682044398773015,3,1519,379,True,1.2376448289616322
paper_b7d9162c8f850ea6bd88,T1b_EXPLICIT_DEFINITION,5085,0,0.27409380291565716,0.5390241945243995,4,1519,379,True,1.189442289030028
paper_2328c7cb347dcf1fa33f,T1b_EXPLICIT_DEFINITION,4821,0,0.209561102014018,0.4346838871894172,4,1519,379,True,1.189442289030028
paper_cfc832cf29893a5c93be,T1b_EXPLICIT_DEFINITION,9024,0,0.5069723315375589,0.561804445409529,1,1518,380,True,1.314500650801371
paper_e9c48eb3301ebda88216,T1b_EXPLICIT_DEFINITION,13777,0,0.628647197585204,0.45630195077680485,0,1518,380,True,1.384005472288059
paper_cb918152eb88ac781e99,T1b_EXPLICIT_DEFINITION,14206,0,1.021945422348133,0.7193759132395698,3,1519,379,True,1.2376448289616322
paper_a6a71ab05e2677c8001d,T1b_EXPLICIT_DEFINITION,14884,0,0.44356738787163663,0.2980162509215511,2,1518,380,True,1.3963477696009834
paper_4ae8c8128bb1559d140b,T1b_EXPLICIT_DEFINITION,11035,0,0.8779425076270311,0.7955981038758778,3,1519,379,True,1.2376448289616322
paper_829ea89148ab3b7af271,T1b_EXPLICIT_DEFINITION,23741,0,0.34568691580488203,0.14560756320495433,1,1518,380,True,1.314500650801371
paper_a635cb575ec42dcf8579,T1b_EXPLICIT_DEFINITION,8222,0,0.7721266578476,0.939098343283386,0,1518,380,True,1.384005472288059
paper_a389b43553e79e0d8400,T1b_EXPLICIT_DEFINITION,4060,0,0.23819306145642594,0.5866824173803594,0,1518,380,True,1.384005472288059
paper_9eb4667de60036b508b2,T1b_EXPLICIT_DEFINITION,17502,0,0.5256763361505987,0.3003521518401318,4,1519,379,True,1.189442289030028
paper_b2d1155ad3ce1f678145,T1b_EXPLICIT_DEFINITION,26302,4,1.0493178192812769,0.39894982103310656,1,1518,380,True,1.314500650801371
paper_bc02158091a56f9c12e2,T1b_EXPLICIT_DEFINITION,7991,0,0.3405364173522445,0.42614994037322546,1,1518,380,True,1.314500650801371
paper_fde0dbf7d82a9cdda7c7,T1b_EXPLICIT_DEFINITION,11499,0,0.3621884507359291,0.3149738679328021,2,1518,380,True,1.3963477696009834
paper_a99200a23f30fc79e362,T1b_EXPLICIT_DEFINITION,8036,0,0.5249356049190201,0.6532299712780241,4,1519,379,True,1.189442289030028
paper_afb44da29312ac4a4364,T1b_EXPLICIT_DEFINITION,19939,0,1.3134670653961602,0.6587426979267567,4,1519,379,True,1.189442289030028
paper_a2855be0e32bc908e060,T1b_EXPLICIT_DEFINITION,9678,1,0.41806655974608664,0.4319761931660329,4,1519,379,True,1.189442289030028
paper_31cf168c71255530e973,T1b_EXPLICIT_DEFINITION,7862,0,0.351685943141914,0.4473237638538718,4,1519,379,True,1.189442289030028
paper_7df3bcd94f55b9f25d15,T1b_EXPLICIT_DEFINITION,7644,0,0.2858625072242793,0.3739697896706951,4,1519,379,True,1.189442289030028
paper_6cf5f6f38da91c39d03f,T1b_EXPLICIT_DEFINITION,6435,0,0.6318429323127545,0.9818848986989192,3,1519,379,True,1.2376448289616322
paper_2e5c90bb6a9fbde934cc,T1b_EXPLICIT_DEFINITION,15218,2,0.28959685583427264,0.19029889330678976,4,1519,379,True,1.189442289030028
paper_e794729eb1562a4b7f3a,T1b_EXPLICIT_DEFINITION,16185,0,0.49689885115837656,0.3070119562300751,4,1519,379,True,1.189442289030028
paper_e1ce1ccfedff941b4beb,T1b_EXPLICIT_DEFINITION,18551,1,1.6121506961905931,0.8690370848960127,1,1518,380,True,1.314500650801371
paper_12212fa165cdc8f748f1,T1b_EXPLICIT_DEFINITION,17575,0,0.33417177200449677,0.1901404108133694,2,1518,380,True,1.3963477696009834
paper_25f51e7920ce27e2c888,T1b_EXPLICIT_DEFINITION,4486,0,0.2656660763208153,0.5922114942505914,0,1518,380,True,1.384005472288059
paper_823529345376120b546f,T1b_EXPLICIT_DEFINITION,15888,1,0.4717661437696825,0.2969323664209986,3,1519,379,True,1.2376448289616322
paper_a26ecb38a15492aa8b60,T1b_EXPLICIT_DEFINITION,5032,0,0.4126562011625818,0.8200639927714265,3,1519,379,True,1.2376448289616322
paper_d2f66cb7f0e060f71b02,T1b_EXPLICIT_DEFINITION,21034,4,1.8618093025086395,0.8851427700430918,1,1518,380,True,1.314500650801371
paper_a9f339fccd3c96381e78,T1b_EXPLICIT_DEFINITION,11012,0,0.19323297350002863,0.17547491236835147,0,1518,380,True,1.384005472288059
paper_1c6f05ec20958b581f16,T1b_EXPLICIT_DEFINITION,11064,1,0.5646607779098919,0.5103586206705458,3,1519,379,True,1.2376448289616322
paper_8019780b5a3c269977e9,T1b_EXPLICIT_DEFINITION,14848,0,0.4939345274365858,0.33266064617226954,0,1518,380,True,1.384005472288059
paper_d021fc7583d8a91e613d,T1b_EXPLICIT_DEFINITION,6620,0,0.41849606212049323,0.6321692781276332,4,1519,379,True,1.189442289030028
paper_ae239eecc5d7ced94f2b,T1b_EXPLICIT_DEFINITION,10523,0,0.9492530750825949,0.9020745748195333,4,1519,379,True,1.189442289030028
paper_1cd03f121d79a0c57f50,T1b_EXPLICIT_DEFINITION,19298,3,0.681523842626993,0.3531577586418245,4,1519,379,True,1.189442289030028
paper_639f89983dc30d163de4,T1b_EXPLICIT_DEFINITION,10708,0,0.5783806225957783,0.5401387958496249,3,1519,379,True,1.2376448289616322
paper_438ecfc25f6ba0bbbd17,T1b_EXPLICIT_DEFINITION,5586,0,0.26877604777399866,0.4811601284890774,0,1518,380,True,1.384005472288059
paper_b96aff0cedb43dce7e26,T1b_EXPLICIT_DEFINITION,4259,0,0.541810164707102,1.2721534743064145,3,1519,379,True,1.2376448289616322
paper_122ce5784931a01456a5,T1b_EXPLICIT_DEFINITION,12276,2,0.5406749714779339,0.4404325280856418,2,1518,380,True,1.3963477696009834
paper_a10b7a021d06c267c421,T1b_EXPLICIT_DEFINITION,5713,0,0.200722084066449,0.35134269922361105,3,1519,379,True,1.2376448289616322
paper_54c941327d5770443b5b,T1b_EXPLICIT_DEFINITION,14891,2,0.609576965857049,0.40935932164196426,1,1518,380,True,1.314500650801371
paper_713279ab4825df51d201,T1b_EXPLICIT_DEFINITION,22400,0,0.9587097312403785,0.4279954157323118,1,1518,380,True,1.314500650801371
paper_65b7b19882eb5c68826f,T1b_EXPLICIT_DEFINITION,9549,0,0.2530097244008499,0.26495939302633775,1,1518,380,True,1.314500650801371
paper_def2975261f05a8728a3,T1b_EXPLICIT_DEFINITION,13548,1,0.6746722570646008,0.49798660840315967,0,1518,380,True,1.384005472288059
paper_fa6d8b29b5bd32048979,T1b_EXPLICIT_DEFINITION,18422,2,0.6180599343451575,0.33550099573616193,4,1519,379,True,1.189442289030028
paper_afd6b34a42df17d9726e,T1b_EXPLICIT_DEFINITION,8537,0,0.2625887655361001,0.3075890424459413,4,1519,379,True,1.189442289030028
paper_214d06fafbe5b2033c31,T1b_EXPLICIT_DEFINITION,9668,0,0.5901475181637695,0.6104132376538783,3,1519,379,True,1.2376448289616322
paper_aea223f0ad33690bdefb,T1b_EXPLICIT_DEFINITION,16086,0,0.6510145197066549,0.4047087652036895,4,1519,379,True,1.189442289030028
paper_71d95dc9a2f9d34f71ae,T1b_EXPLICIT_DEFINITION,6331,1,0.33371608111157414,0.5271143280865174,0,1518,380,True,1.384005472288059
paper_fe9da01c92833fdf2b4f,T1b_EXPLICIT_DEFINITION,8087,0,0.16858331159817241,0.20846211400787984,2,1518,380,True,1.3963477696009834
paper_8d40d89731d42e529964,T1b_EXPLICIT_DEFINITION,10612,0,0.26735493226393214,0.251936423166163,3,1519,379,True,1.2376448289616322
paper_64f6bb931de628c36b22,T1b_EXPLICIT_DEFINITION,7016,0,0.16868327632867697,0.24042656261213935,3,1519,379,True,1.2376448289616322
paper_2a4574fae96e087c2a6b,T1b_EXPLICIT_DEFINITION,10070,0,0.5041992091096315,0.5006943486689489,2,1518,380,True,1.3963477696009834
paper_4c2d2f3557f22a5addf1,T1b_EXPLICIT_DEFINITION,12571,0,1.0588587708426591,0.8423027371272445,2,1518,380,True,1.3963477696009834
paper_f41784f6ad24d1bbcf21,T1b_EXPLICIT_DEFINITION,10474,1,0.5039520313769631,0.48114572405667655,4,1519,379,True,1.189442289030028
paper_a9d9472f54152874bcd1,T1b_EXPLICIT_DEFINITION,9526,0,0.25930677649593875,0.27220950713409486,1,1518,380,True,1.314500650801371
paper_53745b1a37f0f605a819,T1b_EXPLICIT_DEFINITION,9158,0,0.4425464348680651,0.48323480549035286,3,1519,379,True,1.2376448289616322
paper_3d69b6ca8bac023a2e37,T1b_EXPLICIT_DEFINITION,21487,1,0.7982905992132652,0.3715225946913321,3,1519,379,True,1.2376448289616322
paper_eee38bfe14fc10464a64,T1b_EXPLICIT_DEFINITION,17570,0,0.49119746131329595,0.27956599960916106,0,1518,380,True,1.384005472288059
paper_daf019871d0aa3d39b39,T1b_EXPLICIT_DEFINITION,10266,2,0.4865895843176231,0.4739816718465061,3,1519,379,True,1.2376448289616322
paper_d43ac4fe0b9163476dc6,T1b_EXPLICIT_DEFINITION,15415,0,0.4398686172398874,0.28535103291591785,3,1519,379,True,1.2376448289616322
paper_e1119708fab69f9652a3,T1b_EXPLICIT_DEFINITION,22202,1,0.6204939671192264,0.27947660891776704,3,1519,379,True,1.2376448289616322
paper_dd66853710e061bf1743,T1b_EXPLICIT_DEFINITION,9330,0,0.7549020909292942,0.8091126376519765,0,1518,380,True,1.384005472288059
paper_ad960a099664c9384385,T1b_EXPLICIT_DEFINITION,11769,1,0.29271414562468684,0.24871624235252512,1,1518,380,True,1.314500650801371
paper_c69af6ceb73b04c2959b,T1b_EXPLICIT_DEFINITION,10119,0,0.2539774456033782,0.2509906567876057,4,1519,379,True,1.189442289030028
paper_b2309671ad25bdaac8dd,T1b_EXPLICIT_DEFINITION,10057,0,0.2161763516999496,0.21495113025748194,2,1518,380,True,1.3963477696009834
paper_87c65faf0be682cf13b8,T1b_EXPLICIT_DEFINITION,11397,0,0.5363959391472366,0.4706466080084554,2,1518,380,True,1.3963477696009834
paper_5cb8db5c0d334bb45ec9,T1b_EXPLICIT_DEFINITION,7780,1,0.42240661154746273,0.5429390893926256,2,1518,380,True,1.3963477696009834
paper_0dfc713c6ddcc04e21ab,T1b_EXPLICIT_DEFINITION,16227,1,0.6445876002233751,0.3972315278384021,2,1518,380,True,1.3963477696009834
paper_e92614718c7b5ee969ba,T1b_EXPLICIT_DEFINITION,16837,0,0.4490152915180226,0.2666836678256356,4,1519,379,True,1.189442289030028
paper_d7a0aeadcd3541bb384e,T1b_EXPLICIT_DEFINITION,10919,0,0.22477777885016004,0.20585930840750985,2,1518,380,True,1.3963477696009834
paper_73ec927fd13e6964a898,T1b_EXPLICIT_DEFINITION,11652,0,0.32209324392271366,0.2764274321341518,4,1519,379,True,1.189442289030028
paper_db02ad53b325ae25d0b4,T1b_EXPLICIT_DEFINITION,7840,1,0.3720601902257973,0.47456656916555773,3,1519,379,True,1.2376448289616322
paper_bd359ec88ae2f7b2171b,T1b_EXPLICIT_DEFINITION,30469,0,2.2497466436582383,0.7383723271713014,3,1519,379,True,1.2376448289616322
paper_1d07631f1981f7bc5e0c,T1b_EXPLICIT_DEFINITION,10793,3,0.6103293317938174,0.5654862705399958,2,1518,380,True,1.3963477696009834
paper_b12e54a4828575cf2d3c,T1b_EXPLICIT_DEFINITION,12222,1,0.5289109993062191,0.432753231309294,3,1519,379,True,1.2376448289616322
paper_eb11ccf29d2707b726dd,T1b_EXPLICIT_DEFINITION,14969,3,0.597147525660826,0.39892279087502575,1,1518,380,True,1.314500650801371
paper_df45d253c3a9b25b03cb,T1b_EXPLICIT_DEFINITION,14108,0,0.35382097587019345,0.25079456752919865,3,1519,379,True,1.2376448289616322
paper_6011087f571c12a9572f,T1b_EXPLICIT_DEFINITION,9585,2,0.390354654578433,0.4072557689915837,4,1519,379,True,1.189442289030028
paper_8dc5c333e1321b1487f5,T1b_EXPLICIT_DEFINITION,26232,6,0.43149582577952506,0.16449215682354568,0,1518,380,True,1.384005472288059
paper_afa792c3a1740a0f180f,T1b_EXPLICIT_DEFINITION,8295,0,0.3656013072265751,0.4407490141369199,4,1519,379,True,1.189442289030028
paper_4124800c87092d811277,T1b_EXPLICIT_DEFINITION,8279,0,0.39807250631275654,0.48082196679883626,2,1518,380,True,1.3963477696009834
paper_df08dd2519074eefbb90,T1b_EXPLICIT_DEFINITION,8093,0,0.3810281259927938,0.47081196835882094,0,1518,380,True,1.384005472288059
paper_e1df70dc712a9c2410ee,T1b_EXPLICIT_DEFINITION,7884,0,0.3551398263716874,0.4504564007758592,4,1519,379,True,1.189442289030028
paper_cbb0e6062da18c72ae61,T1b_EXPLICIT_DEFINITION,14506,0,0.3959965328630567,0.27298809655525763,0,1518,380,True,1.384005472288059
paper_39e9d11387f6c55d1652,T1b_EXPLICIT_DEFINITION,8617,1,1.2218554531419916,1.4179592121875266,0,1518,380,True,1.384005472288059
paper_ce1474406b969edbb7d7,T1b_EXPLICIT_DEFINITION,5289,0,0.20087964789807553,0.37980648118373134,3,1519,379,True,1.2376448289616322
paper_eace9548ec3b45812532,T1b_EXPLICIT_DEFINITION,4676,0,0.11501710876321097,0.24597328649104142,3,1519,379,True,1.2376448289616322
paper_9f3e0d42d065858dc506,T1b_EXPLICIT_DEFINITION,12615,2,0.7459003654599593,0.5912805116606891,0,1518,380,True,1.384005472288059
paper_bc8cf1c27837920034b1,T1b_EXPLICIT_DEFINITION,13924,3,1.6484964275396468,1.1839244667765345,2,1518,380,True,1.3963477696009834
paper_aa28a1c986e09ef13f95,T1b_EXPLICIT_DEFINITION,10382,0,0.22683313658561124,0.21848693564401006,0,1518,380,True,1.384005472288059
paper_90f76598ff64ace34b11,T1b_EXPLICIT_DEFINITION,10797,0,0.2084877826282083,0.19309788147467655,2,1518,380,True,1.3963477696009834
paper_d87f93dd56fb1098ebcb,T1b_EXPLICIT_DEFINITION,9922,1,0.24727741695285316,0.2492213434316198,2,1518,380,True,1.3963477696009834
paper_aa75d5684593ddbd3cc7,T1b_EXPLICIT_DEFINITION,11890,2,0.6379793863254305,0.5365680288691593,2,1518,380,True,1.3963477696009834
paper_964e9a4598bfe6895f73,T1b_EXPLICIT_DEFINITION,8530,0,0.4225792291237117,0.4954035511415143,0,1518,380,True,1.384005472288059
paper_b41fd51f6b8a657f5139,T1b_EXPLICIT_DEFINITION,9299,3,0.5334224665683285,0.5736342257966754,1,1518,380,True,1.314500650801371
paper_ad6c3aa9145b1a08c543,T1b_EXPLICIT_DEFINITION,8652,0,0.20000235678933206,0.23116314931730475,2,1518,380,True,1.3963477696009834
paper_5402d0c9bc6929b9ebbf,T1b_EXPLICIT_DEFINITION,5630,0,0.3473936607736823,0.6170402500420645,3,1519,379,True,1.2376448289616322
paper_78521781d2e91d1e798b,T1b_EXPLICIT_DEFINITION,3045,0,0.1189371464275798,0.3905981820281767,3,1519,379,True,1.2376448289616322
paper_f0583650cca2040db9aa,T1b_EXPLICIT_DEFINITION,11202,0,0.37822322865296526,0.3376390186153948,4,1519,379,True,1.189442289030028
paper_a687762c5556fb915b19,T1b_EXPLICIT_DEFINITION,23425,0,0.3486266450689395,0.14882674282558783,1,1518,380,True,1.314500650801371
paper_87a2bed7ebe05c31f7bc,T1b_EXPLICIT_DEFINITION,10431,0,0.38008784414530145,0.3643829394547996,4,1519,379,True,1.189442289030028
paper_95dcaf89d1fe9835f278,T1b_EXPLICIT_DEFINITION,10710,0,0.974424628552336,0.9098269174158133,3,1519,379,True,1.2376448289616322
paper_891c12b4f4ffcd43c124,T1b_EXPLICIT_DEFINITION,7261,0,0.35070161613096595,0.48299354927828947,3,1519,379,True,1.2376448289616322
paper_562f4943c6e8b3a8d804,T1b_EXPLICIT_DEFINITION,10435,0,0.4840429812804478,0.46386485987584836,4,1519,379,True,1.189442289030028
paper_94c7e4b56b7cb18769b0,T1b_EXPLICIT_DEFINITION,7465,0,0.12760147107752065,0.17093298201945165,1,1518,380,True,1.314500650801371
paper_624527ca377befda900c,T1b_EXPLICIT_DEFINITION,9665,0,0.48258631431096327,0.49931331020275554,0,1518,380,True,1.384005472288059
paper_d26912d416d0efef20b2,T1b_EXPLICIT_DEFINITION,9059,0,0.30479278456051834,0.3364530130925249,1,1518,380,True,1.314500650801371
paper_abe7697bd530fa52a28f,T1b_EXPLICIT_DEFINITION,16956,0,0.5489872737928269,0.32377168777590637,0,1518,380,True,1.384005472288059
paper_ed51e9d5b91c7ad9308f,T1b_EXPLICIT_DEFINITION,9524,1,0.16795362313084797,0.17634777733184373,1,1518,380,True,1.314500650801371
paper_bfc002e4e2173fc7324d,T1b_EXPLICIT_DEFINITION,11971,1,0.4512814545059384,0.3769789111234971,3,1519,379,True,1.2376448289616322
paper_139729294f4d451a3966,T1b_EXPLICIT_DEFINITION,10923,0,0.712492131215188,0.6522861221415251,0,1518,380,True,1.384005472288059
paper_c82a7cedff84b7d517ee,T1b_EXPLICIT_DEFINITION,9478,0,0.2996293111922412,0.31613136863498753,2,1518,380,True,1.3963477696009834
paper_6b75ffeb53b95e1996b1,T1b_EXPLICIT_DEFINITION,13341,0,2.023321789309783,1.5166192858929488,0,1518,380,True,1.384005472288059
paper_8754a14fda22035d6860,T1b_EXPLICIT_DEFINITION,16085,0,0.47550443028538775,0.2956197888003654,2,1518,380,True,1.3963477696009834
paper_2915459eda4b88d763e4,T1b_EXPLICIT_DEFINITION,8172,0,0.39307867519675754,0.4810066999470846,4,1519,379,True,1.189442289030028
paper_5d67a811c441e45c0ef1,T1b_EXPLICIT_DEFINITION,9886,0,0.333665636642208,0.3375132881268541,2,1518,380,True,1.3963477696009834
paper_a9b8593ef4f77277f3a8,T1b_EXPLICIT_DEFINITION,8907,0,0.30128303288615516,0.3382542190256598,2,1518,380,True,1.3963477696009834
paper_b84013989dd59baa5ae4,T1b_EXPLICIT_DEFINITION,7549,1,0.4402386048713399,0.5831747315821167,0,1518,380,True,1.384005472288059
paper_e9edc6839b5f1533f91e,T1b_EXPLICIT_DEFINITION,23439,1,1.279730566717552,0.5459834321931618,4,1519,379,True,1.189442289030028
paper_c79b045a95db7baea121,T1b_EXPLICIT_DEFINITION,9411,4,0.42868193704797414,0.4555115684284073,0,1518,380,True,1.384005472288059
paper_3686f849a50a10a5cbc3,T1b_EXPLICIT_DEFINITION,2290,0,0.06607711608722787,0.2885463584595103,3,1519,379,True,1.2376448289616322
paper_b153a4108133aedb208f,T1b_EXPLICIT_DEFINITION,5179,0,0.13996466098723193,0.2702542208674105,1,1518,380,True,1.314500650801371
paper_257eb54fddd85f451139,T1b_EXPLICIT_DEFINITION,6970,0,0.2929685141201004,0.42032785383084703,2,1518,380,True,1.3963477696009834
paper_5c945fc472875092c680,T1b_EXPLICIT_DEFINITION,11795,0,0.37181020176933266,0.31522696207658557,4,1519,379,True,1.189442289030028
paper_2e79e217cb83ee32a37b,T1b_EXPLICIT_DEFINITION,7151,0,0.33648186817034437,0.47053820188832945,4,1519,379,True,1.189442289030028
paper_13fc56a51dfe60a5074e,T1b_EXPLICIT_DEFINITION,12935,0,0.3044722781785073,0.2353863766358773,2,1518,380,True,1.3963477696009834
paper_549df131670f74b155e6,T1b_EXPLICIT_DEFINITION,9706,0,1.1768472593159787,1.2124946005728194,3,1519,379,True,1.2376448289616322
paper_a18c3e1dd508021eeb67,T1b_EXPLICIT_DEFINITION,11606,1,0.6526934339489084,0.5623758693338863,2,1518,380,True,1.3963477696009834
paper_75d794e93419af346c95,T1b_EXPLICIT_DEFINITION,10297,0,0.25917502156193084,0.25169954507325515,2,1518,380,True,1.3963477696009834
paper_41421cea964b6e798387,T1b_EXPLICIT_DEFINITION,15968,0,0.33228707601005164,0.20809561373374977,1,1518,380,True,1.314500650801371
paper_df72b530993943ce67bd,T1b_EXPLICIT_DEFINITION,3171,0,0.10893093812445725,0.343522352962653,2,1518,380,True,1.3963477696009834
paper_37dd9d9c13d5c83a27e8,T1b_EXPLICIT_DEFINITION,9660,1,0.5259615488769271,0.5444736530817051,4,1519,379,True,1.189442289030028
paper_d9a7caa927432b9a5d58,T1b_EXPLICIT_DEFINITION,6563,0,0.3651668423414424,0.5564023195816584,4,1519,379,True,1.189442289030028
paper_88c706177de14c2ef0f4,T1b_EXPLICIT_DEFINITION,10058,2,0.29894888417240123,0.2972249792925047,1,1518,380,True,1.314500650801371
paper_aa476f4b57cf73cdac62,T1b_EXPLICIT_DEFINITION,5953,2,0.3656419014144127,0.6142145160665424,0,1518,380,True,1.384005472288059
paper_d416d61532bdecbfaccb,T1b_EXPLICIT_DEFINITION,8030,0,0.4329529970356938,0.5391693611901541,4,1519,379,True,1.189442289030028
paper_cf4960f6d973ee4f6601,T1b_EXPLICIT_DEFINITION,7279,0,0.3368014726159083,0.4627029435580551,3,1519,379,True,1.2376448289616322
paper_97054b57472bb028ae26,T1b_EXPLICIT_DEFINITION,11931,0,0.40750062467939546,0.3415477534820178,1,1518,380,True,1.314500650801371
paper_63c2a04ed7616ffa2724,T1b_EXPLICIT_DEFINITION,10407,0,0.25216965229143434,0.2423077277711486,0,1518,380,True,1.384005472288059
paper_2f0ed310f194dc58ba32,T1b_EXPLICIT_DEFINITION,20957,1,0.4278622718608532,0.2041619849505431,0,1518,380,True,1.384005472288059
paper_48ac381c2e24a4af0f14,T1b_EXPLICIT_DEFINITION,6897,0,0.3051103394332172,0.44238123739773405,3,1519,379,True,1.2376448289616322
paper_242e560e97cb6505f70f,T1b_EXPLICIT_DEFINITION,6150,0,0.23117756575795026,0.3758984809072362,2,1518,380,True,1.3963477696009834
paper_e8b66608c3d839cf37e7,T1b_EXPLICIT_DEFINITION,10428,0,0.5195891296566779,0.49826345383264087,3,1519,379,True,1.2376448289616322
paper_fc1bbdf085b09de0eda2,T1b_EXPLICIT_DEFINITION,10968,0,0.49119200989538686,0.4478410009987116,1,1518,380,True,1.314500650801371
paper_99b91e4391be449bdb00,T1b_EXPLICIT_DEFINITION,6675,1,0.3886396713210463,0.5822317173349009,2,1518,380,True,1.3963477696009834
paper_fb949e10b7dc40498014,T1b_EXPLICIT_DEFINITION,11506,0,0.4623203318191993,0.4018080408649394,2,1518,380,True,1.3963477696009834
paper_35daa3771be2bd2112a0,T1b_EXPLICIT_DEFINITION,5286,1,0.5225391331647469,0.9885341149541182,4,1519,379,True,1.189442289030028
paper_1b1cf979f0bda259ce7d,T1b_EXPLICIT_DEFINITION,17736,1,0.7169162233910774,0.4042152815691686,1,1518,380,True,1.314500650801371
paper_6942ae89b7ad7f833112,T1b_EXPLICIT_DEFINITION,4157,0,0.14798262286613909,0.35598417817209305,0,1518,380,True,1.384005472288059
paper_6574f22a700aa2fb8db4,T1b_EXPLICIT_DEFINITION,5799,0,0.28429106968734374,0.4902415411059558,3,1519,379,True,1.2376448289616322
paper_1e45d661065122156bca,T1b_EXPLICIT_DEFINITION,11793,2,0.7192391176825407,0.6098864730624444,3,1519,379,True,1.2376448289616322
paper_4a55b8938eb9b87e2323,T1b_EXPLICIT_DEFINITION,16335,0,0.4332214852918205,0.2652105817519562,4,1519,379,True,1.189442289030028
paper_d7752a4e96bba3ae0aa8,T1b_EXPLICIT_DEFINITION,10203,0,0.3605903951245671,0.353416049323304,0,1518,380,True,1.384005472288059
paper_2a007f0eb896c97e483a,T1b_EXPLICIT_DEFINITION,11852,0,0.27423786809064243,0.23138530888511846,4,1519,379,True,1.189442289030028
paper_0f39b53174dcbddc4a1d,T1b_EXPLICIT_DEFINITION,8040,0,0.23771659332194164,0.29566740462928065,2,1518,380,True,1.3963477696009834
paper_7661703c927d0e9f12dc,T1b_EXPLICIT_DEFINITION,10383,0,0.2446501223354441,0.23562565957376874,3,1519,379,True,1.2376448289616322
paper_eb85f70cd612e1e282fa,T1b_EXPLICIT_DEFINITION,5910,1,0.5033251289932476,0.8516499644555797,4,1519,379,True,1.189442289030028
paper_b3bdc644128eaefe47e3,T1b_EXPLICIT_DEFINITION,17247,0,0.5792872300513634,0.3358770974960071,2,1518,380,True,1.3963477696009834
paper_040aee36b3fa8790d5c8,T1b_EXPLICIT_DEFINITION,13135,0,0.5028354883653868,0.38282107983660973,3,1519,379,True,1.2376448289616322
paper_2a77513d8432605df47a,T1b_EXPLICIT_DEFINITION,8946,0,0.16476848671390346,0.1841811834494785,4,1519,379,True,1.189442289030028
paper_1a8139b3d1a58181a74a,T1b_EXPLICIT_DEFINITION,11778,0,0.32339871632719236,0.2745786350205403,4,1519,379,True,1.189442289030028
paper_66cf6798a853095c2776,T1b_EXPLICIT_DEFINITION,7873,0,0.1743669233318526,0.22147456285006048,1,1518,380,True,1.314500650801371
paper_049d5e8e998588e39ab7,T1b_EXPLICIT_DEFINITION,18711,2,0.7805689454324065,0.41717115356336193,0,1518,380,True,1.384005472288059
paper_8aebf0689c9d8494cada,T1b_EXPLICIT_DEFINITION,4559,1,0.166005576370447,0.36412716905121073,0,1518,380,True,1.384005472288059
paper_62eb7922d1e559ef503c,T1b_EXPLICIT_DEFINITION,7761,0,0.17299572502484953,0.22290391061055215,4,1519,379,True,1.189442289030028
paper_341d7710302a2b329e63,T1b_EXPLICIT_DEFINITION,8012,0,0.7584822417400416,0.9466827780080399,4,1519,379,True,1.189442289030028
paper_4dfb5aa291d5fa66dd3c,T1b_EXPLICIT_DEFINITION,20442,0,0.8444947935428131,0.41311750002094366,2,1518,380,True,1.3963477696009834
paper_f3b42bb14867c07e4aef,T1b_EXPLICIT_DEFINITION,10878,2,0.745287246909891,0.6851326042561968,3,1519,379,True,1.2376448289616322
paper_a33d69153b85c02028d9,T1b_EXPLICIT_DEFINITION,10938,0,0.465478976763472,0.42556132452319617,3,1519,379,True,1.2376448289616322
paper_70053fcb3f6c88094e0f,T1b_EXPLICIT_DEFINITION,5728,0,0.3384834031928968,0.5909277290378786,2,1518,380,True,1.3963477696009834
paper_867248425c354151c78a,T1b_EXPLICIT_DEFINITION,16011,0,0.355983034011524,0.22233653988603086,4,1519,379,True,1.189442289030028
paper_6b3c42d8e8880d6d8dff,T1b_EXPLICIT_DEFINITION,10777,0,0.34653693375808886,0.321552318602662,1,1518,380,True,1.314500650801371
paper_59d14f7f5c168de48683,T1b_EXPLICIT_DEFINITION,18699,0,0.9768072774460146,0.5223847678731561,3,1519,379,True,1.2376448289616322
paper_2cb6f57951a81f95a6d3,T1b_EXPLICIT_DEFINITION,11175,2,0.21743587277431478,0.19457348794122128,0,1518,380,True,1.384005472288059
paper_6905a614350b111170f7,T1b_EXPLICIT_DEFINITION,8291,0,0.2539476954821322,0.30629320405515886,2,1518,380,True,1.3963477696009834
paper_def2a9b250174b9b5d77,T1b_EXPLICIT_DEFINITION,7,0,4171110391.441571,5958729130630.816,2,1518,380,True,1.3963477696009834
paper_74360882a4fd3ef23b19,T1b_EXPLICIT_DEFINITION,12816,0,0.3056201528990749,0.23846765987755533,1,1518,380,True,1.314500650801371
paper_b35bae27d796b009e0df,T1b_EXPLICIT_DEFINITION,7380,0,0.3881504176776423,0.5259490754439597,1,1518,380,True,1.314500650801371
paper_bf59dfbde51b13c41d72,T1b_EXPLICIT_DEFINITION,8708,0,0.4107265925436286,0.4716658159665004,0,1518,380,True,1.384005472288059
paper_e9451b99f1bd10a70827,T1b_EXPLICIT_DEFINITION,5700,1,0.262473915259363,0.46048055308660174,1,1518,380,True,1.314500650801371
paper_585a1342fa701de95a25,T1b_EXPLICIT_DEFINITION,7324,0,0.4095009773638084,0.5591220335387881,4,1519,379,True,1.189442289030028
paper_454aff797060891be3c6,T1b_EXPLICIT_DEFINITION,19045,0,0.5089591695574875,0.26724030956024547,2,1518,380,True,1.3963477696009834
paper_48b0d359973255508766,T1b_EXPLICIT_DEFINITION,12083,0,0.5238220017713662,0.43351982270244654,0,1518,380,True,1.384005472288059
paper_102cf81837ebd8524603,T1b_EXPLICIT_DEFINITION,17989,1,0.9690316657986281,0.538680118849646,4,1519,379,True,1.189442289030028
paper_e93d0eb808f7955cb1f3,T1b_EXPLICIT_DEFINITION,12804,0,0.33907018606140116,0.26481582791424646,2,1518,380,True,1.3963477696009834
paper_9698880edb2f1fbb0716,T1b_EXPLICIT_DEFINITION,15997,2,0.8098442581649482,0.5062475827748629,2,1518,380,True,1.3963477696009834
paper_d4cafb54afe17e7fa6d9,T1b_EXPLICIT_DEFINITION,14169,0,0.7199663751954152,0.5081278673127356,2,1518,380,True,1.3963477696009834
paper_11d4bce0bb41d66468ff,T1b_EXPLICIT_DEFINITION,5357,0,0.15743335169854633,0.29388342672866596,1,1518,380,True,1.314500650801371
paper_1734f2d4e8637ff96940,T1b_EXPLICIT_DEFINITION,18200,1,0.5883739799190417,0.32328240654892404,2,1518,380,True,1.3963477696009834
paper_e7b3a35a726f590f0614,T1b_EXPLICIT_DEFINITION,7048,0,0.6490169435207047,0.9208526440418625,2,1518,380,True,1.3963477696009834
paper_8fffa7755c947f926f25,T1b_EXPLICIT_DEFINITION,9146,0,0.40137481269189523,0.43885284571604555,4,1519,379,True,1.189442289030028
paper_f458cadda44351f46cb6,T1b_EXPLICIT_DEFINITION,9312,0,0.267297835687362,0.28704664485326675,3,1519,379,True,1.2376448289616322
paper_0a7d6170833642992e54,T1b_EXPLICIT_DEFINITION,7682,1,0.5665017881686986,0.7374404948824506,0,1518,380,True,1.384005472288059
paper_4b8d22d722a1fe73e52d,T1b_EXPLICIT_DEFINITION,32398,0,0.7530156855367001,0.23242659594317552,4,1519,379,True,1.189442289030028
paper_5565b4dc086c1ca4d22d,T1b_EXPLICIT_DEFINITION,8216,0,0.27172948709367434,0.33073209237302137,3,1519,379,True,1.2376448289616322
paper_3ad4c97acce29985ea25,T1b_EXPLICIT_DEFINITION,18837,0,0.659184525012276,0.3499413521326517,3,1519,379,True,1.2376448289616322
paper_059fc5b9c39e4fc7ea23,T1b_EXPLICIT_DEFINITION,17975,1,1.2699556216327572,0.706512167806819,4,1519,379,True,1.189442289030028
paper_178d19045333bd4d2565,T1b_EXPLICIT_DEFINITION,9737,0,0.3655628613744928,0.37543685054379455,4,1519,379,True,1.189442289030028
paper_d7aa357dfb15c6a1e39d,T1b_EXPLICIT_DEFINITION,12978,1,0.4935403714575664,0.38029000728738355,1,1518,380,True,1.314500650801371
paper_56c1618d40a6eb8185c1,T1b_EXPLICIT_DEFINITION,13963,1,0.5455327574718705,0.39069881649492977,2,1518,380,True,1.3963477696009834
paper_bffd20500ce5fa053c9c,T1b_EXPLICIT_DEFINITION,10746,0,0.7088516894479191,0.659642368739921,4,1519,379,True,1.189442289030028
paper_a4b2d7fa3ccbbb4c6471,T1b_EXPLICIT_DEFINITION,12850,0,0.38739879161899693,0.30147765884746847,0,1518,380,True,1.384005472288059
paper_c25fa50b56e70da9b6d0,T1b_EXPLICIT_DEFINITION,9188,0,0.1690067627577938,0.18394292855658884,1,1518,380,True,1.314500650801371
paper_6b4a43bf69d27125304c,T1b_EXPLICIT_DEFINITION,7893,0,0.3815399572115175,0.4833902916654219,2,1518,380,True,1.3963477696009834
paper_8a046c008c29850c937b,T1b_EXPLICIT_DEFINITION,10759,0,0.2339818400925903,0.21747545319508343,0,1518,380,True,1.384005472288059
paper_643a6372616ac7c0afc3,T1b_EXPLICIT_DEFINITION,2793,0,0.13342129913069012,0.47769888696988944,4,1519,379,True,1.189442289030028
paper_3a9f6563580de478d046,T1b_EXPLICIT_DEFINITION,6142,0,0.1337757228460066,0.21780482391078904,1,1518,380,True,1.314500650801371
paper_57070c9df2bbb7169952,T1b_EXPLICIT_DEFINITION,9031,2,0.46361541703914166,0.5133600011506385,1,1518,380,True,1.314500650801371
paper_cebee2fe81ebbe1a3c48,T1b_EXPLICIT_DEFINITION,5703,0,0.38482538999845256,0.6747771173039673,2,1518,380,True,1.3963477696009834
paper_ebdbb0b43465d85a148a,T1b_EXPLICIT_DEFINITION,9145,1,0.4198953977983158,0.4591529773628385,2,1518,380,True,1.3963477696009834
paper_4d3590e393f62f830ccc,T1b_EXPLICIT_DEFINITION,13706,3,0.5676012261706016,0.41412609526528643,2,1518,380,True,1.3963477696009834
paper_2c9947398b4a04e8b1e2,T1b_EXPLICIT_DEFINITION,21732,1,0.6968997238704202,0.3206790557106664,4,1519,379,True,1.189442289030028
paper_d1b552e814f2835253c4,T1b_EXPLICIT_DEFINITION,12175,0,0.6391282273371379,0.5249513160879983,2,1518,380,True,1.3963477696009834
paper_d70ed00ebaa890cfda32,T1b_EXPLICIT_DEFINITION,11760,2,0.43823148883652857,0.37264582384058553,4,1519,379,True,1.189442289030028
paper_69f7388134bb5baddc3c,T1b_EXPLICIT_DEFINITION,18944,0,0.6014631666714204,0.31749533713651834,0,1518,380,True,1.384005472288059
paper_366543203c025501ed60,T1b_EXPLICIT_DEFINITION,12481,0,0.300253768087612,0.2405686788619598,2,1518,380,True,1.3963477696009834
paper_41243b2e71035d29da90,T1b_EXPLICIT_DEFINITION,12646,1,0.6976656433718919,0.5516887896345816,2,1518,380,True,1.3963477696009834
paper_861b33b54fdd426c017c,T1b_EXPLICIT_DEFINITION,16996,1,0.5211430932263532,0.30662690822920285,2,1518,380,True,1.3963477696009834
paper_420a7c4a1beacd06e82f,T1b_EXPLICIT_DEFINITION,4524,0,0.1199182040094086,0.26507118481301634,0,1518,380,True,1.384005472288059
paper_2d26b54a49fc7f24b94d,T1b_EXPLICIT_DEFINITION,5599,0,0.11700759413060649,0.20897945013503572,2,1518,380,True,1.3963477696009834
paper_b5583ba490a81a7110ec,T1b_EXPLICIT_DEFINITION,21582,0,0.8365829011211985,0.38762992360355786,0,1518,380,True,1.384005472288059
paper_6a3930f614a5b0685194,T1b_EXPLICIT_DEFINITION,6815,0,0.742482671472838,1.0894830102316038,2,1518,380,True,1.3963477696009834
paper_57ace56e0ada3222f3f0,T1b_EXPLICIT_DEFINITION,12975,6,0.568018876540774,0.4377794809562805,3,1519,379,True,1.2376448289616322
paper_f268a30c446bf23e6318,T1b_EXPLICIT_DEFINITION,11575,0,0.3926302986549843,0.3392054416025782,1,1518,380,True,1.314500650801371
paper_8af94154beb2a5df2697,T1b_EXPLICIT_DEFINITION,11109,0,0.5655271769958741,0.5090711828210227,1,1518,380,True,1.314500650801371
paper_19d6d130654a2931c231,T1b_EXPLICIT_DEFINITION,9793,1,0.5643884308681817,0.5763182179803755,3,1519,379,True,1.2376448289616322
paper_72149d18c080d4a16b73,T1b_EXPLICIT_DEFINITION,11353,1,0.6079832265259493,0.5355264921394779,4,1519,379,True,1.189442289030028
paper_5e71c72f7a5dc52b2892,T1b_EXPLICIT_DEFINITION,7539,1,0.37103418671466964,0.492153053076893,3,1519,379,True,1.2376448289616322
paper_d3d6bf6212f62c9c3292,T1b_EXPLICIT_DEFINITION,18343,0,0.4670653830249192,0.25462867743821577,2,1518,380,True,1.3963477696009834
paper_d09b7dbf486c61e8b7e7,T1b_EXPLICIT_DEFINITION,11222,0,0.18919848377296397,0.1685960468481233,2,1518,380,True,1.3963477696009834
paper_a0000904b31bd58b0171,T1b_EXPLICIT_DEFINITION,21763,1,1.0295663908887125,0.4730810967645603,4,1519,379,True,1.189442289030028
paper_506cd366d7f23427e5d4,T1b_EXPLICIT_DEFINITION,7824,0,0.8728984036352972,1.1156676938078953,2,1518,380,True,1.3963477696009834
paper_12d49cdf683274a5da01,T1b_EXPLICIT_DEFINITION,10920,0,0.6007178572832566,0.55010792791507,3,1519,379,True,1.2376448289616322
paper_a26f7bca44a5957af749,T1b_EXPLICIT_DEFINITION,9830,0,0.15198847246599487,0.15461696079958787,3,1519,379,True,1.2376448289616322
paper_5f88f9a9b70c1c9af0c9,T1b_EXPLICIT_DEFINITION,9575,0,0.5143275178945808,0.5371566766523036,4,1519,379,True,1.189442289030028
paper_c4b96dc9e1370394f656,T1b_EXPLICIT_DEFINITION,5548,0,0.7985945475857338,1.4394278074724836,2,1518,380,True,1.3963477696009834
paper_6482013036e9e86dec50,T1b_EXPLICIT_DEFINITION,9124,0,0.32679624390593953,0.35817212177327873,0,1518,380,True,1.384005472288059
paper_43fcd55dc92a638d1039,T1b_EXPLICIT_DEFINITION,6446,0,0.28461299013479274,0.4415342695234141,0,1518,380,True,1.384005472288059
paper_890343a4524e020964d0,T1b_EXPLICIT_DEFINITION,10609,1,1.0329380575673683,0.973643187451568,4,1519,379,True,1.189442289030028
paper_b8ddd96d66bc3769a35d,T1b_EXPLICIT_DEFINITION,5616,0,0.2575612111841235,0.4586203902851202,2,1518,380,True,1.3963477696009834
paper_52e45ae625e87cb51855,T1b_EXPLICIT_DEFINITION,6106,0,0.329824023877005,0.5401638124418686,4,1519,379,True,1.189442289030028
paper_d707afd32f2376608ebf,T1b_EXPLICIT_DEFINITION,11098,1,0.3507965754243679,0.3160899039686141,1,1518,380,True,1.314500650801371
paper_6ac9728a355621c40664,T1b_EXPLICIT_DEFINITION,9805,0,0.2187860404743223,0.22313721619002783,2,1518,380,True,1.3963477696009834
paper_ed17d9f0c57607cb2fc3,T1b_EXPLICIT_DEFINITION,4270,0,0.09773500781412872,0.2288876061220813,4,1519,379,True,1.189442289030028
paper_5a677972ee4e2affa5cb,T1b_EXPLICIT_DEFINITION,10316,1,0.5440351725723647,0.5273702719778641,0,1518,380,True,1.384005472288059
paper_51d00647e76d4c20e940,T1b_EXPLICIT_DEFINITION,16551,1,0.5395884598226062,0.32601562432638886,2,1518,380,True,1.3963477696009834
paper_2c1e62bd0da8f6cff4af,T1b_EXPLICIT_DEFINITION,17745,3,0.7798302903205128,0.4394648015331151,1,1518,380,True,1.314500650801371
paper_a09a8082d3f2f6bb58f3,T1b_EXPLICIT_DEFINITION,6365,2,0.4494632123369792,0.7061480162403445,4,1519,379,True,1.189442289030028
paper_3860f222312c54cfa035,T1b_EXPLICIT_DEFINITION,6890,1,0.8226201602788811,1.1939334692001178,4,1519,379,True,1.189442289030028
paper_ce646a57e074e1cdd0d7,T1b_EXPLICIT_DEFINITION,6625,0,0.21178271632842927,0.3196720246466857,3,1519,379,True,1.2376448289616322
paper_fd71f52565c39ca8148c,T1b_EXPLICIT_DEFINITION,9233,0,0.5736642741152745,0.6213194780843437,2,1518,380,True,1.3963477696009834
paper_91ed1010504fb8dd77bd,T1b_EXPLICIT_DEFINITION,6142,2,0.23461572767397273,0.3819858802897635,2,1518,380,True,1.3963477696009834
paper_c6d38c3088f9d3f12a73,T1b_EXPLICIT_DEFINITION,13088,1,0.8325767216474141,0.6361374706963739,1,1518,380,True,1.314500650801371
paper_9487d06009d34990bb93,T1b_EXPLICIT_DEFINITION,8246,0,0.4098553468455109,0.4970353466474786,2,1518,380,True,1.3963477696009834
paper_d4eec71007c44517072f,T1b_EXPLICIT_DEFINITION,7113,0,0.12210361262598061,0.1716626073752012,2,1518,380,True,1.3963477696009834
paper_4f1ab823cfd9f70682e6,T1b_EXPLICIT_DEFINITION,8120,0,0.45034163374609315,0.554607923332627,0,1518,380,True,1.384005472288059
paper_f6bb7179b2d6e6455912,T1b_EXPLICIT_DEFINITION,8132,0,0.4332389476499644,0.5327581746802317,3,1519,379,True,1.2376448289616322
paper_2e4ef5c895a34d506fc5,T1b_EXPLICIT_DEFINITION,11906,0,0.4081336921148992,0.3427966505248607,4,1519,379,True,1.189442289030028
paper_f8ac84f71b01d5decc8e,T1b_EXPLICIT_DEFINITION,6158,0,0.21882552023727259,0.3553516080501341,4,1519,379,True,1.189442289030028
paper_5b0445c6fb0209c2645a,T1b_EXPLICIT_DEFINITION,11871,0,0.35671149378337597,0.30048984397555045,0,1518,380,True,1.384005472288059
paper_c6ceea1dfa571f4e39a7,T1b_EXPLICIT_DEFINITION,11403,1,0.6266526772607242,0.549550712321954,3,1519,379,True,1.2376448289616322
paper_21170a94b042f9799071,T1b_EXPLICIT_DEFINITION,13009,3,0.47580703568523786,0.36575219900471817,2,1518,380,True,1.3963477696009834
paper_54fdeae96cb2f5a52da7,T1b_EXPLICIT_DEFINITION,6626,2,0.3771185869714018,0.5691496935879895,2,1518,380,True,1.3963477696009834
paper_36d7325ec81a4ba108e6,T1b_EXPLICIT_DEFINITION,12741,0,0.5153596571582347,0.40448917444332055,0,1518,380,True,1.384005472288059
paper_4bb04ced1198e17099d2,T1b_EXPLICIT_DEFINITION,7206,0,0.2562533143663495,0.3556110385322641,2,1518,380,True,1.3963477696009834
paper_fd4f44b26db058b07e2e,T1b_EXPLICIT_DEFINITION,11772,0,0.6089270804605571,0.5172673126576258,3,1519,379,True,1.2376448289616322
paper_356f10d0ab2550ac5a9f,T1b_EXPLICIT_DEFINITION,9528,0,0.5265111914947161,0.5525936098811043,2,1518,380,True,1.3963477696009834
paper_7dc23c11a92281e380a2,T1b_EXPLICIT_DEFINITION,19214,0,1.1208724538297892,0.5833623679763658,4,1519,379,True,1.189442289030028
paper_05c1d1848050b0570ab8,T1b_EXPLICIT_DEFINITION,10660,0,0.3324821094349623,0.31189691316600593,4,1519,379,True,1.189442289030028
paper_47024cbbcdb16ac50eb1,T1b_EXPLICIT_DEFINITION,7199,0,0.26342701812361113,0.36592168096070443,0,1518,380,True,1.384005472288059
paper_0e810425168608981150,T1b_EXPLICIT_DEFINITION,6568,0,0.3429052205695205,0.5220846841801469,1,1518,380,True,1.314500650801371
paper_41969b2a5efedb22cfed,T1b_EXPLICIT_DEFINITION,9679,0,0.522746609392142,0.5400832827690278,4,1519,379,True,1.189442289030028
paper_6b75a0758f7f8e49a5f0,T1b_EXPLICIT_DEFINITION,13471,2,0.5593897317781877,0.4152547930949356,4,1519,379,True,1.189442289030028
paper_32a0ff3bf7f0d3570472,T1b_EXPLICIT_DEFINITION,10803,0,0.5046209611493427,0.46711187739455956,1,1518,380,True,1.314500650801371
paper_d82adf03b07ce22c3b54,T1b_EXPLICIT_DEFINITION,3308,0,0.10603696148423142,0.32054704197167905,4,1519,379,True,1.189442289030028
paper_2cdf2c4c1a28280b7e7e,T1b_EXPLICIT_DEFINITION,17620,1,0.8480219363686524,0.4812837323318118,3,1519,379,True,1.2376448289616322
paper_bd7cac58ba01f4f27463,T1b_EXPLICIT_DEFINITION,15073,1,0.19976471180354616,0.13253148796095413,3,1519,379,True,1.2376448289616322
paper_93ab30d33d5d512908f9,T1b_EXPLICIT_DEFINITION,12076,1,0.6759279100940063,0.5597283124329301,3,1519,379,True,1.2376448289616322
paper_d071b57a8554a6c74e84,T1b_EXPLICIT_DEFINITION,4164,0,0.11777255285756684,0.28283514134862353,4,1519,379,True,1.189442289030028
paper_98e549572ba02d9bdf70,T1b_EXPLICIT_DEFINITION,12632,2,0.40241017081505387,0.31856409975859235,1,1518,380,True,1.314500650801371
paper_0b034a0d6b0a5bf01d4d,T1b_EXPLICIT_DEFINITION,10870,0,0.4660458292403266,0.4287450131005765,3,1519,379,True,1.2376448289616322
paper_9a57f744c4d7e9d630eb,T1b_EXPLICIT_DEFINITION,11248,0,0.3867078808280138,0.34380145877312746,4,1519,379,True,1.189442289030028
paper_a39e2e13b6afca086191,T1b_EXPLICIT_DEFINITION,11349,0,0.5985468486599393,0.5274005186888178,4,1519,379,True,1.189442289030028
paper_b3c0cc25aae9f4eea731,T1b_EXPLICIT_DEFINITION,4520,0,0.19666810287493444,0.43510642228967794,1,1518,380,True,1.314500650801371
paper_3d61da838c57a1fe15ef,T1b_EXPLICIT_DEFINITION,9645,0,0.3626954797282044,0.37604508007071474,4,1519,379,True,1.189442289030028
paper_75082bc1f43a14cdaa8f,T1b_EXPLICIT_DEFINITION,12354,0,0.3775120808056989,0.3055788253243475,4,1519,379,True,1.189442289030028
paper_b7f93bc4a0f6ac17062e,T1b_EXPLICIT_DEFINITION,13581,0,0.5220016152788134,0.3843616930114228,1,1518,380,True,1.314500650801371
paper_e2971df144864354ab50,T1b_EXPLICIT_DEFINITION,6805,0,0.29648331723864746,0.43568452202593305,4,1519,379,True,1.189442289030028
paper_77fff62649cc89e70006,T1b_EXPLICIT_DEFINITION,10128,0,0.2832673082618579,0.2796873106850888,2,1518,380,True,1.3963477696009834
paper_48fe6515d531f9067495,T1b_EXPLICIT_DEFINITION,8495,0,0.2680004971358165,0.3154802791475179,4,1519,379,True,1.189442289030028
paper_31574d46962b0f0e1fa9,T1b_EXPLICIT_DEFINITION,10306,0,0.27523096599933927,0.2670589617692017,3,1519,379,True,1.2376448289616322
paper_908b6ec651f9c3279ecd,T1b_EXPLICIT_DEFINITION,13947,0,0.47878405697227877,0.3432882031779442,1,1518,380,True,1.314500650801371
paper_2731ed413ed15eaf8736,T1b_EXPLICIT_DEFINITION,13536,1,0.3564417111354795,0.26332868730458003,4,1519,379,True,1.189442289030028
paper_8576f7b959b92e605aad,T1b_EXPLICIT_DEFINITION,6427,3,0.3198661995305438,0.49769130158790065,4,1519,379,True,1.189442289030028
paper_90b73384b7f4312f3880,T1b_EXPLICIT_DEFINITION,10821,1,0.21564100308525122,0.1992801063536191,3,1519,379,True,1.2376448289616322
paper_fdf78c67293a210ce070,T1b_EXPLICIT_DEFINITION,13328,1,0.25983228680316034,0.19495219598076255,1,1518,380,True,1.314500650801371
paper_ecd6471e7031f96c6dd5,T1b_EXPLICIT_DEFINITION,13772,0,0.2988318732182624,0.21698509527901713,2,1518,380,True,1.3963477696009834
paper_9f6a916d2362364c4772,T1b_EXPLICIT_DEFINITION,6623,0,0.34280703710679317,0.5176008411698523,3,1519,379,True,1.2376448289616322
paper_2816bab6cf493c5dae75,T1b_EXPLICIT_DEFINITION,7372,0,0.5821517943222012,0.7896795907788948,3,1519,379,True,1.2376448289616322
paper_0c6ab339e1fc81e69363,T1b_EXPLICIT_DEFINITION,7315,0,0.17567667289084996,0.2401594981419685,4,1519,379,True,1.189442289030028
paper_0c493d1aba033d49a5c8,T1b_EXPLICIT_DEFINITION,9366,0,0.2431776024248337,0.2596386957343943,1,1518,380,True,1.314500650801371
paper_778169486c30445ecba2,T1b_EXPLICIT_DEFINITION,10451,0,0.36921868250871287,0.3532855061799951,4,1519,379,True,1.189442289030028
paper_53fb745495c413ce93d7,T1b_EXPLICIT_DEFINITION,12920,0,0.2404484359582705,0.18610560058689668,2,1518,380,True,1.3963477696009834
paper_1e8373c0fc60886c7495,T1b_EXPLICIT_DEFINITION,11129,0,0.47102792181817066,0.42324370726765265,2,1518,380,True,1.3963477696009834
paper_09318a44abac513252df,T1b_EXPLICIT_DEFINITION,7889,0,0.41844079141764584,0.5304104340444237,4,1519,379,True,1.189442289030028
paper_c84490476cf833bb6ee5,T1b_EXPLICIT_DEFINITION,10143,0,0.3233767371182917,0.3188176447976848,3,1519,379,True,1.2376448289616322
paper_d792d6f81b5dfd11ffa9,T1b_EXPLICIT_DEFINITION,34461,0,0.49338861210155793,0.14317303969750092,4,1519,379,True,1.189442289030028
paper_a717d2db5cddad911222,T1b_EXPLICIT_DEFINITION,11566,0,0.595582855037989,0.5149428108576768,3,1519,379,True,1.2376448289616322
paper_4ad3f9a094b434800a09,T1b_EXPLICIT_DEFINITION,10883,2,0.5460111971280364,0.5017101875659619,3,1519,379,True,1.2376448289616322
paper_16f8ba6c956f29329d5d,T1b_EXPLICIT_DEFINITION,7288,0,0.18099593605102043,0.24834788151896325,4,1519,379,True,1.189442289030028
paper_775561e5dc791ef2cb02,T1b_EXPLICIT_DEFINITION,13254,0,0.37779234438500325,0.28504024776294196,2,1518,380,True,1.3963477696009834
paper_c93f4d1eb777164982f5,T1b_EXPLICIT_DEFINITION,6645,0,0.4870133378815251,0.7329019381211815,0,1518,380,True,1.384005472288059
paper_970b5a6ef6657c8631b9,T1b_EXPLICIT_DEFINITION,8511,0,0.33635495803438287,0.39520027967851357,0,1518,380,True,1.384005472288059
paper_b4bcc0e4ecfb791477ab,T1b_EXPLICIT_DEFINITION,13724,0,0.2526345297609716,0.18408228633122384,0,1518,380,True,1.384005472288059
paper_3fa14c53e2d79e3ad20a,T1b_EXPLICIT_DEFINITION,14663,1,1.2855441595561428,0.876726563156341,1,1518,380,True,1.314500650801371
paper_1a1142f66516739f76d7,T1b_EXPLICIT_DEFINITION,11065,1,0.43495497259393795,0.39309080216352277,1,1518,380,True,1.314500650801371
paper_95b22bce0467e698efc2,T1b_EXPLICIT_DEFINITION,2637,0,0.07695109219944037,0.29181301554584893,0,1518,380,True,1.384005472288059
paper_b32b648f3c2ffeaead45,T1b_EXPLICIT_DEFINITION,8267,1,0.32856296265278107,0.39743917098437287,3,1519,379,True,1.2376448289616322
paper_890ef2be2fd45f1127d6,T1b_EXPLICIT_DEFINITION,7061,0,0.30818807084899136,0.4364651902690715,1,1518,380,True,1.314500650801371
paper_4b3e2d7da58e94877ec3,T1b_EXPLICIT_DEFINITION,12851,0,0.5622834422971962,0.4375406134131167,4,1519,379,True,1.189442289030028
paper_8960d35e4e7e918f25b3,T1b_EXPLICIT_DEFINITION,6904,1,0.25584460323394437,0.3705744542785985,1,1518,380,True,1.314500650801371
paper_21834382df5f88983fdc,T1b_EXPLICIT_DEFINITION,20506,0,0.8004895909281936,0.3903684730947984,1,1518,380,True,1.314500650801371
paper_c7f4c59a783a734322b2,T1b_EXPLICIT_DEFINITION,10962,0,0.35233586097878244,0.3214156732154556,0,1518,380,True,1.384005472288059
paper_04e03066f4102df0b9bd,T1b_EXPLICIT_DEFINITION,6983,0,0.2557943619784649,0.366310127421545,1,1518,380,True,1.314500650801371
paper_57e0d2b061547e81fe80,T1b_EXPLICIT_DEFINITION,11646,0,0.41674253032996705,0.3578417742829873,2,1518,380,True,1.3963477696009834
paper_53d17039ee6ced32c298,T1b_EXPLICIT_DEFINITION,14492,3,0.5242033417208255,0.361719115181359,4,1519,379,True,1.189442289030028
paper_5d3f229a06477354b1d3,T1b_EXPLICIT_DEFINITION,6096,0,0.1538793881627228,0.2524268178522356,1,1518,380,True,1.314500650801371
paper_e5dc74b751031ccb7720,T1b_EXPLICIT_DEFINITION,5566,0,0.20838184682002997,0.37438348332739846,2,1518,380,True,1.3963477696009834
paper_4c0eb8dcf14576cf473f,T1b_EXPLICIT_DEFINITION,15356,0,0.7799292713201063,0.5078987179734997,2,1518,380,True,1.3963477696009834
paper_d27746fdbaa397643691,T1b_EXPLICIT_DEFINITION,4598,0,0.10172980486524927,0.2212479444655269,1,1518,380,True,1.314500650801371
paper_80d36bad09e524926b91,T1b_EXPLICIT_DEFINITION,11530,0,0.3747370171552962,0.3250104225110982,0,1518,380,True,1.384005472288059
paper_8a7dd54331fb7be1436f,T1b_EXPLICIT_DEFINITION,3859,0,0.22219759375583456,0.5757906031506467,3,1519,379,True,1.2376448289616322
paper_54617090ee3a4ee67d68,T1b_EXPLICIT_DEFINITION,20040,2,0.7525626081067408,0.37553024356623793,4,1519,379,True,1.189442289030028
paper_5ed85dc4f61a99174a36,T1b_EXPLICIT_DEFINITION,7576,0,0.4621139278564605,0.6099708657028253,2,1518,380,True,1.3963477696009834
paper_fa75a4f2748abb5e22fe,T1b_EXPLICIT_DEFINITION,10399,0,0.7183911490956721,0.6908271459714127,4,1519,379,True,1.189442289030028
paper_84bfef96fdaac2859085,T1b_EXPLICIT_DEFINITION,11354,0,0.2438671739602214,0.21478525097782403,3,1519,379,True,1.2376448289616322
paper_aa644bb19b81f26fb841,T1b_EXPLICIT_DEFINITION,8489,0,0.379558648700335,0.4471182102725115,1,1518,380,True,1.314500650801371
paper_855a30d7906bf1696f18,T1b_EXPLICIT_DEFINITION,13236,0,0.3533050639656523,0.26692736775887904,1,1518,380,True,1.314500650801371
paper_5d9ec214dc67ffded139,T1b_EXPLICIT_DEFINITION,7863,0,0.22046872838582032,0.28038754722856457,4,1519,379,True,1.189442289030028
paper_ec8873bb62d0b10bc6b8,T1b_EXPLICIT_DEFINITION,16319,1,0.6999497974996566,0.42891708897582975,3,1519,379,True,1.2376448289616322
paper_5117e27e180792a8db1b,T1b_EXPLICIT_DEFINITION,6113,0,0.28395184619148534,0.46450490134383343,2,1518,380,True,1.3963477696009834
paper_81299702e47fe70c2f7d,T1b_EXPLICIT_DEFINITION,14529,1,0.6039352357337622,0.4156757077113099,0,1518,380,True,1.384005472288059
paper_0b1461dccc4a77e918bf,T1b_EXPLICIT_DEFINITION,9192,0,0.4359142328261461,0.4742321941102547,4,1519,379,True,1.189442289030028
paper_51c9758340f260242d9e,T1b_EXPLICIT_DEFINITION,16732,0,0.4359211825556285,0.260531426342116,3,1519,379,True,1.2376448289616322
paper_8c839b9120e4ee048bb7,T1b_EXPLICIT_DEFINITION,6885,0,0.426093096945346,0.6188716005015918,0,1518,380,True,1.384005472288059
paper_bc441e9581da32646cbe,T1b_EXPLICIT_DEFINITION,9783,0,0.41888823762223876,0.4281797379354378,4,1519,379,True,1.189442289030028
paper_f2732436a0eceaabb00c,T1b_EXPLICIT_DEFINITION,13095,0,0.22758764676859042,0.17379736293897702,3,1519,379,True,1.2376448289616322
paper_3c99e282d4bc4d094822,T1b_EXPLICIT_DEFINITION,11670,0,0.30783685079218975,0.26378479073880867,4,1519,379,True,1.189442289030028
paper_5aa1212f7b54253ae0bd,T1b_EXPLICIT_DEFINITION,8183,0,0.4960181222649197,0.606156815672638,4,1519,379,True,1.189442289030028
paper_cda09ee73200c86e8531,T1b_EXPLICIT_DEFINITION,8960,0,0.28659865807503887,0.31986457374446303,3,1519,379,True,1.2376448289616322
paper_03cdba0d9cb94685678b,T1b_EXPLICIT_DEFINITION,6679,0,0.15516230055431293,0.2323136705409686,4,1519,379,True,1.189442289030028
paper_edf2526887b73f01404b,T1b_EXPLICIT_DEFINITION,12316,1,0.6057589311395939,0.49184713473497393,0,1518,380,True,1.384005472288059
paper_3a30f676a58dc9a464f9,T1b_EXPLICIT_DEFINITION,6551,0,0.5255706163955356,0.8022754028324462,2,1518,380,True,1.3963477696009834
paper_edc47b2e1d89bd1d57c6,T1b_EXPLICIT_DEFINITION,10138,0,0.591915813567842,0.583858565365794,2,1518,380,True,1.3963477696009834
paper_9599a41bff7c970bb27a,T1b_EXPLICIT_DEFINITION,6700,0,0.32254015169753564,0.4814032114888592,4,1519,379,True,1.189442289030028
paper_a49fcbc0b13ed1d5644a,T1b_EXPLICIT_DEFINITION,17721,0,0.4754198796884818,0.2682805031818079,4,1519,379,True,1.189442289030028
paper_0e42ce275b00cae15eee,T1b_EXPLICIT_DEFINITION,9909,0,0.33204178726341976,0.3350911164228679,4,1519,379,True,1.189442289030028
paper_67485c94fa39ecb204eb,T1b_EXPLICIT_DEFINITION,9856,1,0.33153293438391834,0.3363767597239431,3,1519,379,True,1.2376448289616322
paper_9a0a6ddc3ec36d638255,T1b_EXPLICIT_DEFINITION,10627,3,0.645856469874616,0.6077505127266547,1,1518,380,True,1.314500650801371
paper_a4394a188c62cb17c7b1,T1b_EXPLICIT_DEFINITION,15103,0,0.7447771566175059,0.4931319318132198,3,1519,379,True,1.2376448289616322
paper_a15d6db1e341ca841faa,T1b_EXPLICIT_DEFINITION,11181,0,0.3897174984240032,0.34855334802254107,0,1518,380,True,1.384005472288059
paper_0a926d479528ed19bc99,T1b_EXPLICIT_DEFINITION,14314,2,0.6817091949683054,0.47625345463763125,4,1519,379,True,1.189442289030028
paper_493fb857dd45cdb882e0,T1b_EXPLICIT_DEFINITION,10840,0,0.5131404574312923,0.4733768057484246,4,1519,379,True,1.189442289030028
paper_1d252e6c327bda31dd7e,T1b_EXPLICIT_DEFINITION,10190,0,0.5909051339660747,0.5798872757272568,0,1518,380,True,1.384005472288059
paper_8b46e4cd6754ee0428f9,T1b_EXPLICIT_DEFINITION,21899,0,0.9991655172815376,0.45626079605531644,1,1518,380,True,1.314500650801371
paper_ff188907dc0778979d1c,T1b_EXPLICIT_DEFINITION,11998,0,0.3863384616371573,0.32200238509514695,4,1519,379,True,1.189442289030028
paper_d678f6fc8a4d5743f615,T1b_EXPLICIT_DEFINITION,18246,0,0.5170187445323866,0.2833600485215316,0,1518,380,True,1.384005472288059
paper_175cea1b3d393b2e4039,T1b_EXPLICIT_DEFINITION,7609,0,0.15117344645144942,0.1986771539643178,3,1519,379,True,1.2376448289616322
paper_a7a15a187cddf7b367fc,T1b_EXPLICIT_DEFINITION,13074,1,0.4345699502643268,0.33239249676023164,0,1518,380,True,1.384005472288059
paper_ecddf5eff1d2c66dff43,T1b_EXPLICIT_DEFINITION,7799,1,0.5778327502747943,0.740906206276182,2,1518,380,True,1.3963477696009834
paper_055c30f255961e07a80e,T1b_EXPLICIT_DEFINITION,12978,1,0.3390366181321843,0.26123949617212533,3,1519,379,True,1.2376448289616322
paper_dfa4c04d49179c51031d,T1b_EXPLICIT_DEFINITION,15131,3,0.6227099420317762,0.4115457947470598,2,1518,380,True,1.3963477696009834
paper_782ce051c047673034e3,T1b_EXPLICIT_DEFINITION,8661,0,0.5349546615588544,0.6176592328355321,1,1518,380,True,1.314500650801371
paper_1feb6909cbbda0d14bb7,T1b_EXPLICIT_DEFINITION,11938,0,0.4323798680870868,0.36218786068611725,2,1518,380,True,1.3963477696009834
paper_8f19b4cda93b876f475f,T1b_EXPLICIT_DEFINITION,16155,1,0.42085272352900716,0.2605092686654331,3,1519,379,True,1.2376448289616322
paper_f70c8739c330b884890d,T1b_EXPLICIT_DEFINITION,12966,0,0.4279061699881443,0.3300217260436097,1,1518,380,True,1.314500650801371
paper_a594296131ac7ea8953d,T1b_EXPLICIT_DEFINITION,9429,0,0.5474029187861524,0.5805524645096537,3,1519,379,True,1.2376448289616322
paper_1b844234ac51fc5e241d,T1b_EXPLICIT_DEFINITION,6055,1,0.4173810730711794,0.6893163882265555,2,1518,380,True,1.3963477696009834
paper_d21f5d7ebe96b45203db,T1b_EXPLICIT_DEFINITION,14075,1,0.2395519555499514,0.17019677126106672,3,1519,379,True,1.2376448289616322
paper_18933680bc8a2e259970,T1b_EXPLICIT_DEFINITION,12134,1,0.2925990850026495,0.24113984259324994,0,1518,380,True,1.384005472288059
paper_b1fe02bb3a07180ef22e,T1b_EXPLICIT_DEFINITION,8773,0,0.21328346450822014,0.24311348969362834,3,1519,379,True,1.2376448289616322
paper_399904f8f248fb660bce,T1b_EXPLICIT_DEFINITION,14346,0,0.5507187158384816,0.38388311434440375,1,1518,380,True,1.314500650801371
paper_5a3d978656bfefcfcaa1,T1b_EXPLICIT_DEFINITION,11689,2,0.6268850874541704,0.5363034369528363,0,1518,380,True,1.384005472288059
paper_de9b6276a7e3d55ce897,T1b_EXPLICIT_DEFINITION,7361,0,0.33896586797880235,0.46048888463361276,3,1519,379,True,1.2376448289616322
paper_66f9d0a1b30b85daca1d,T1b_EXPLICIT_DEFINITION,16295,0,0.39491401150923794,0.24235287604126293,0,1518,380,True,1.384005472288059
paper_922e19bc2468753745b5,T1b_EXPLICIT_DEFINITION,12425,0,0.4960253968797019,0.39921561117078624,0,1518,380,True,1.384005472288059
paper_062d61e43a982ff71818,T1b_EXPLICIT_DEFINITION,8290,0,0.42570695729517444,0.5135186457119113,2,1518,380,True,1.3963477696009834
paper_baf7e482899e4dc7153e,T1b_EXPLICIT_DEFINITION,8386,1,0.35933272798539756,0.4284912091407078,0,1518,380,True,1.384005472288059
paper_6a13a27f7b0b3686ceab,T1b_EXPLICIT_DEFINITION,6308,0,0.2507879305092242,0.3975712278205837,0,1518,380,True,1.384005472288059
paper_955110ae6783fdfb11b5,T1b_EXPLICIT_DEFINITION,5465,0,0.31392636250700995,0.5744306724739432,3,1519,379,True,1.2376448289616322
paper_16c13df8cf3bc9f0e47f,T1b_EXPLICIT_DEFINITION,11918,4,0.793809568667583,0.6660593796505982,2,1518,380,True,1.3963477696009834
paper_80824adaef46809e108f,T1b_EXPLICIT_DEFINITION,9920,0,0.31154408767410774,0.31405653999406025,3,1519,379,True,1.2376448289616322
paper_ff0c331a8a77ddf76be8,T1b_EXPLICIT_DEFINITION,18941,0,0.4910197303838942,0.2592364343930596,2,1518,380,True,1.3963477696009834
paper_e9cc144b1569d2cdff5b,T1b_EXPLICIT_DEFINITION,13998,4,0.7193972591588191,0.5139286034853687,1,1518,380,True,1.314500650801371
paper_ad5bedf728d7e17bb2b9,T1b_EXPLICIT_DEFINITION,8816,0,0.4699403811003033,0.5330539713025219,3,1519,379,True,1.2376448289616322
paper_a090533a9bc941a8e914,T1b_EXPLICIT_DEFINITION,7151,0,0.28934045574901407,0.4046153765193876,0,1518,380,True,1.384005472288059
paper_6937cc47e2b2f2fc2447,T1b_EXPLICIT_DEFINITION,14810,0,0.7278723271951727,0.4914735497604137,0,1518,380,True,1.384005472288059
paper_5177e78aa7edb3917eb8,T1b_EXPLICIT_DEFINITION,17009,0,0.4870206802689339,0.28633116601148445,2,1518,380,True,1.3963477696009834
paper_5e64be4ff3964f930a88,T1b_EXPLICIT_DEFINITION,5341,0,0.3652269097845469,0.683817468235437,1,1518,380,True,1.314500650801371
paper_7c9969be007d847e2a5b,T1b_EXPLICIT_DEFINITION,8662,2,0.4718816756437136,0.5447721953864161,2,1518,380,True,1.3963477696009834
paper_a1dae4a529f70040f50b,T1b_EXPLICIT_DEFINITION,16311,1,0.35102160298391816,0.21520544600816513,2,1518,380,True,1.3963477696009834
paper_eebf3854a3fb0b3a28f8,T1b_EXPLICIT_DEFINITION,14571,0,0.3167761017827998,0.21740175813794507,0,1518,380,True,1.384005472288059
paper_0b6cd25028499f328ff1,T1b_EXPLICIT_DEFINITION,18354,0,0.9176063138229388,0.49994895598939676,4,1519,379,True,1.189442289030028
paper_3ca537be4562a4063d11,T1b_EXPLICIT_DEFINITION,15501,0,0.5960701419929456,0.38453657311976364,0,1518,380,True,1.384005472288059
paper_0199bd2da3a1c6ae84f4,T1b_EXPLICIT_DEFINITION,10885,0,0.43903899414755193,0.40334312737487543,4,1519,379,True,1.189442289030028
paper_08cf395c399c4d933099,T1b_EXPLICIT_DEFINITION,11727,0,0.40929404280967047,0.3490185408115208,4,1519,379,True,1.189442289030028
paper_65a1f093c8c0135bc3bf,T1b_EXPLICIT_DEFINITION,19703,0,0.5382336630407418,0.2731734573621996,2,1518,380,True,1.3963477696009834
paper_6df4b9381be6592f7484,T1b_EXPLICIT_DEFINITION,12067,0,0.28007581454886493,0.23210061701240153,4,1519,379,True,1.189442289030028
paper_5d5120a2cf840faee937,T1b_EXPLICIT_DEFINITION,30995,0,0.6719075802998851,0.21677934515240688,3,1519,379,True,1.2376448289616322
paper_9fa83136d84c37a01604,T1b_EXPLICIT_DEFINITION,13933,1,0.5696137753980055,0.4088234948668668,1,1518,380,True,1.314500650801371
paper_4b5de98008af881ee21a,T1b_EXPLICIT_DEFINITION,11621,0,0.32588456048684544,0.28042729583241155,4,1519,379,True,1.189442289030028
paper_62e38605fad8c2e0939c,T1b_EXPLICIT_DEFINITION,4500,0,0.11654763454428257,0.25899474343173906,2,1518,380,True,1.3963477696009834
paper_01b1a99273fd65abd9d2,T1b_EXPLICIT_DEFINITION,9778,2,0.3999942592433304,0.40907574068657226,0,1518,380,True,1.384005472288059
paper_1b2d682df72364320fe4,T1b_EXPLICIT_DEFINITION,14969,0,0.4160779051630151,0.2779597201970841,4,1519,379,True,1.189442289030028
paper_ce55e30ff5f95d5e96ef,T1b_EXPLICIT_DEFINITION,13078,1,0.5388919649448027,0.41205992119957385,4,1519,379,True,1.189442289030028
paper_93dd7c8966c620ee897b,T1b_EXPLICIT_DEFINITION,10080,0,0.20247820614682854,0.20087123625677436,3,1519,379,True,1.2376448289616322
paper_19eb043baf2285e21e04,T1b_EXPLICIT_DEFINITION,15037,1,0.5793819535503164,0.38530421862759623,2,1518,380,True,1.3963477696009834
paper_b9c2648598a28dbc45e5,T1b_EXPLICIT_DEFINITION,15968,2,0.45646031339882165,0.2858594147036709,1,1518,380,True,1.314500650801371
paper_f8503ebcd0d534154ebf,T1b_EXPLICIT_DEFINITION,16162,0,0.6466029983902175,0.4000761034464902,2,1518,380,True,1.3963477696009834
paper_1b11e7b26c9ebc36aa86,T1b_EXPLICIT_DEFINITION,6982,0,0.26723910919223653,0.3827543815414445,0,1518,380,True,1.384005472288059
paper_431ab1e76408d8b002e7,T1b_EXPLICIT_DEFINITION,8290,0,0.11442849866626002,0.1380319646155127,0,1518,380,True,1.384005472288059
paper_d06e930f808cbd4ab74f,T1b_EXPLICIT_DEFINITION,11730,0,0.4670484046039933,0.3981657328252287,1,1518,380,True,1.314500650801371
paper_58dc7bf59571d08cde21,T1b_EXPLICIT_DEFINITION,13266,0,0.32993013846354374,0.24870355680954603,2,1518,380,True,1.3963477696009834
paper_b02b1015a4d81c005688,T1b_EXPLICIT_DEFINITION,11893,0,0.3930842922077864,0.3305173566028642,4,1519,379,True,1.189442289030028
paper_3fc8a85d099cd7bdb806,T1b_EXPLICIT_DEFINITION,11669,0,0.37643293843676856,0.3225922859171896,4,1519,379,True,1.189442289030028
paper_e979bea55b68466950a5,T1b_EXPLICIT_DEFINITION,8502,0,0.3134567562854308,0.36868590482878244,2,1518,380,True,1.3963477696009834
paper_22e2b4a6a3827317eea9,T1b_EXPLICIT_DEFINITION,12926,1,0.3825216665035669,0.29593197161037205,4,1519,379,True,1.189442289030028
paper_cd99825e674af93f54a0,T1b_EXPLICIT_DEFINITION,14692,0,0.2842942968687669,0.19350278850310842,1,1518,380,True,1.314500650801371
paper_ef33c31cea19815c1c79,T1b_EXPLICIT_DEFINITION,8397,0,0.3551495553471122,0.422948142607017,3,1519,379,True,1.2376448289616322
paper_8a987e6947819af780cc,T1b_EXPLICIT_DEFINITION,5842,0,0.4103838426285453,0.7024714868684445,2,1518,380,True,1.3963477696009834
paper_32ea73c0ca7c36f3722d,T1b_EXPLICIT_DEFINITION,19885,0,0.30892384456600663,0.15535521476791886,1,1518,380,True,1.314500650801371
paper_5bb169e3d0a7bddf67d2,T1b_EXPLICIT_DEFINITION,4076,0,0.3585832803731169,0.8797430823678039,3,1519,379,True,1.2376448289616322
paper_bc125e70842da3448cfd,T1b_EXPLICIT_DEFINITION,8853,0,0.18948562491502355,0.21403549634589805,0,1518,380,True,1.384005472288059
paper_8fdd0bc61f21dd1b43b1,T1b_EXPLICIT_DEFINITION,10514,0,0.4398380804544892,0.4183356291178326,2,1518,380,True,1.3963477696009834
paper_b4dd9247e6ebd7246d8d,T1b_EXPLICIT_DEFINITION,11093,0,0.479487630968365,0.43224342465371407,2,1518,380,True,1.3963477696009834
paper_42334e1af55a71821a6f,T1b_EXPLICIT_DEFINITION,19073,0,0.22995544132245557,0.12056595256249965,3,1519,379,True,1.2376448289616322
paper_1bcacd02dc9d094de149,T1b_EXPLICIT_DEFINITION,19266,0,0.5246812403656553,0.27233532667167826,2,1518,380,True,1.3963477696009834
paper_aefd1f6c29e982b9aba9,T1b_EXPLICIT_DEFINITION,10945,0,0.34394255055477896,0.31424627734561805,0,1518,380,True,1.384005472288059
paper_915e8135f2cd2d3c8c56,T1b_EXPLICIT_DEFINITION,12275,1,0.3863006092056559,0.3147051806156056,1,1518,380,True,1.314500650801371
paper_d9833886b4d05e7f2e35,T1b_EXPLICIT_DEFINITION,8450,0,0.3543976710862474,0.41940552791271885,4,1519,379,True,1.189442289030028
paper_52abb83deeb3327b3c1c,T1b_EXPLICIT_DEFINITION,8759,0,0.1111676154225806,0.1269181589480313,0,1518,380,True,1.384005472288059
paper_83ca826490ae45e8980a,T1b_EXPLICIT_DEFINITION,15822,0,0.32047101543694556,0.2025477281234645,0,1518,380,True,1.384005472288059
paper_70c25393cf57bb9d618f,T1b_EXPLICIT_DEFINITION,17907,0,0.4817151369445516,0.26900940243734384,1,1518,380,True,1.314500650801371
paper_2485cc3b0b3e093b7107,T1b_EXPLICIT_DEFINITION,10186,1,0.16283382758098883,0.15986042370016576,1,1518,380,True,1.314500650801371
paper_27cb55815739afd98af7,T1b_EXPLICIT_DEFINITION,11259,1,0.44719792679823567,0.39719151505305594,0,1518,380,True,1.384005472288059
paper_9da2bc17ec9305bccac4,T1b_EXPLICIT_DEFINITION,11998,1,0.4337686080987433,0.3615340957649136,1,1518,380,True,1.314500650801371
paper_6ab82d7f74d54ba2b45b,T1b_EXPLICIT_DEFINITION,12686,0,0.4058065342193089,0.31988533361131083,2,1518,380,True,1.3963477696009834
paper_308f18501b581689186e,T1b_EXPLICIT_DEFINITION,22104,0,0.6309055412191299,0.28542595965396755,0,1518,380,True,1.384005472288059
paper_4e3de9e4ca79ed351723,T1b_EXPLICIT_DEFINITION,10192,0,0.2927930175133998,0.2872772934786105,0,1518,380,True,1.384005472288059
paper_ee7c71ddf35bb891ca6e,T1b_EXPLICIT_DEFINITION,13240,1,0.34650411632004063,0.2617100576435352,1,1518,380,True,1.314500650801371
paper_4859ded345b5dbd2b97c,T1b_EXPLICIT_DEFINITION,13490,0,0.348596592281615,0.2584111136261045,2,1518,380,True,1.3963477696009834
paper_2e7c7ada2c0738c9576e,T1b_EXPLICIT_DEFINITION,10594,1,0.33389011121529644,0.31516906854379506,3,1519,379,True,1.2376448289616322
paper_f58eacffb09f17790ad5,T1b_EXPLICIT_DEFINITION,14749,0,0.8464834326144901,0.5739259831951251,4,1519,379,True,1.189442289030028
paper_bcb1bb37ecd7b206ef6c,T1b_EXPLICIT_DEFINITION,6416,0,0.29298015880108225,0.4566398983807392,0,1518,380,True,1.384005472288059
paper_8bb002fe8cccfd64ca1e,T1b_EXPLICIT_DEFINITION,9219,0,0.3135613481100081,0.34012511998048384,4,1519,379,True,1.189442289030028
paper_67304a9245b9d6c41626,T1b_EXPLICIT_DEFINITION,15925,2,0.798662853064125,0.5015151353620879,2,1518,380,True,1.3963477696009834
paper_c5b615402973f803a7b8,T1b_EXPLICIT_DEFINITION,11004,0,0.5004252905409683,0.4547667125962998,4,1519,379,True,1.189442289030028
paper_23bd7483f03e3dc47e65,T1b_EXPLICIT_DEFINITION,10461,0,0.5611291595819482,0.536401070243713,3,1519,379,True,1.2376448289616322
paper_cc6a2028eec5a9992a53,T1b_EXPLICIT_DEFINITION,12447,0,0.9209980172159623,0.7399357413159495,3,1519,379,True,1.2376448289616322
paper_5c5468e8db87cf4687b4,T1b_EXPLICIT_DEFINITION,3377,0,0.20051888188041572,0.5937781518519861,2,1518,380,True,1.3963477696009834
paper_497c880f073700a9f3b6,T1b_EXPLICIT_DEFINITION,17276,1,0.3863108690214672,0.22361129255699655,0,1518,380,True,1.384005472288059
paper_6c857c7f5b054f3ce2d8,T1b_EXPLICIT_DEFINITION,7057,0,0.4204059042546332,0.5957289276670443,0,1518,380,True,1.384005472288059
paper_8f520ff7860cf53ac854,T1b_EXPLICIT_DEFINITION,13880,0,0.43198225884060426,0.3112264112684469,1,1518,380,True,1.314500650801371
paper_5e4f95cfed598276c079,T1b_EXPLICIT_DEFINITION,11993,0,0.21784793574384792,0.18164590656536972,3,1519,379,True,1.2376448289616322
paper_37194af53f35694697e8,T1b_EXPLICIT_DEFINITION,6391,0,0.33487517184658067,0.5239793019035842,1,1518,380,True,1.314500650801371
paper_b3ceb4a520b9f342d813,T1b_EXPLICIT_DEFINITION,11503,1,0.24121693869837538,0.20969915561016722,1,1518,380,True,1.314500650801371
paper_0ed9f754b3e6923e604c,T1b_EXPLICIT_DEFINITION,6918,0,0.5363767970025183,0.7753350636058374,2,1518,380,True,1.3963477696009834
paper_9b30186cd2607b9088db,T1b_EXPLICIT_DEFINITION,4789,0,0.13705676441114947,0.2861907797267686,2,1518,380,True,1.3963477696009834
paper_ac4bfb5f517ae06eb2b2,T1b_EXPLICIT_DEFINITION,6788,1,0.3241513920468879,0.4775359340702533,3,1519,379,True,1.2376448289616322
paper_60f5f94262dd41f89bd9,T1b_EXPLICIT_DEFINITION,10474,0,0.3708021845026245,0.3540215624428341,2,1518,380,True,1.3963477696009834
paper_c3ba08e6e7ad226f7d60,T1b_EXPLICIT_DEFINITION,14648,1,1.0662372473739112,0.727906367677438,2,1518,380,True,1.3963477696009834
paper_d3384a041b7bca380507,T1b_EXPLICIT_DEFINITION,6765,1,0.15303792661290855,0.22622014281287295,4,1519,379,True,1.189442289030028
paper_4cbcef64f6b0ab42d544,T1b_EXPLICIT_DEFINITION,9339,0,0.19487407430691903,0.20866696038860588,4,1519,379,True,1.189442289030028
paper_dac18f93f70a297cc71f,T1b_EXPLICIT_DEFINITION,7748,0,0.3272540119292879,0.4223722404869487,3,1519,379,True,1.2376448289616322
paper_71526057ddf6ed98608d,T1b_EXPLICIT_DEFINITION,9830,0,0.2772857705444268,0.28208115009605983,2,1518,380,True,1.3963477696009834
paper_19bccdea426791268379,T1b_EXPLICIT_DEFINITION,8184,0,0.2793849486159403,0.3413794582306211,1,1518,380,True,1.314500650801371
paper_879cd01f80e1e8f539ed,T1b_EXPLICIT_DEFINITION,20043,0,0.5755154925186198,0.2871403944113255,2,1518,380,True,1.3963477696009834
paper_3c84f02b8eaced276e0a,T1b_EXPLICIT_DEFINITION,8249,0,0.2838964117866355,0.34415857896306884,1,1518,380,True,1.314500650801371
paper_3b5376f517a21dde4409,T1b_EXPLICIT_DEFINITION,11881,0,0.34846187301286236,0.2932933869311189,0,1518,380,True,1.384005472288059
paper_f2df7ccb209401340a47,T1b_EXPLICIT_DEFINITION,14098,0,0.6887323851779739,0.48853197983967506,2,1518,380,True,1.3963477696009834
paper_76556fecca66ba0e9e6a,T1b_EXPLICIT_DEFINITION,6579,0,0.28480492641336297,0.4329000249481121,1,1518,380,True,1.314500650801371
paper_16e3b97c39963ad0d408,T1b_EXPLICIT_DEFINITION,6328,1,0.29191371468005245,0.4613048588496404,2,1518,380,True,1.3963477696009834
paper_21f15a45a92ab9eac758,T1b_EXPLICIT_DEFINITION,11671,0,0.3973226742021427,0.340435844573852,3,1519,379,True,1.2376448289616322
paper_79d78e8d8151207b6cdd,T1b_EXPLICIT_DEFINITION,10881,0,0.541955640607908,0.49807521423390133,1,1518,380,True,1.314500650801371
paper_1162d660a2adeef19f80,T1b_EXPLICIT_DEFINITION,7771,0,0.16751333339972588,0.2155621328010885,1,1518,380,True,1.314500650801371
paper_ef887352855c8b0457da,T1b_EXPLICIT_DEFINITION,9286,0,0.4294588229596792,0.462479886883135,3,1519,379,True,1.2376448289616322
paper_77c64d4a9868be28d5b9,T1b_EXPLICIT_DEFINITION,8177,0,0.2868830190500975,0.35084140766796806,3,1519,379,True,1.2376448289616322
paper_0f02388cc6596059d73d,T1b_EXPLICIT_DEFINITION,13983,0,0.47633343350235585,0.3406518154204075,3,1519,379,True,1.2376448289616322
paper_cbd6f37a37686d0e5adc,T1b_EXPLICIT_DEFINITION,9926,0,0.2953340030560212,0.297535767737277,0,1518,380,True,1.384005472288059
paper_6afa673dc4b47dad1ddc,T1b_EXPLICIT_DEFINITION,15805,0,0.8716835495516718,0.5515239161984636,3,1519,379,True,1.2376448289616322
paper_f1d1c455ef7cbe17c485,T1b_EXPLICIT_DEFINITION,9145,0,0.34939932785265115,0.38206596812755733,1,1518,380,True,1.314500650801371
paper_a7848c6c4a9124568eeb,T1b_EXPLICIT_DEFINITION,13439,2,0.6277837535168285,0.4671357642062865,3,1519,379,True,1.2376448289616322
paper_8bd9081f061e68e47e08,T1b_EXPLICIT_DEFINITION,13119,0,0.9001183710673808,0.6861181271951984,0,1518,380,True,1.384005472288059
paper_47d103fcb7d4e1006600,T1b_EXPLICIT_DEFINITION,8100,0,0.2201401032318018,0.27177790522444667,4,1519,379,True,1.189442289030028
paper_7734cbe4a04d563059d5,T1b_EXPLICIT_DEFINITION,9922,1,0.1863223979434412,0.18778713761685265,0,1518,380,True,1.384005472288059
paper_d29c71e3e69f4f648307,T1b_EXPLICIT_DEFINITION,10656,1,0.5152666529639217,0.48354603318686346,1,1518,380,True,1.314500650801371
paper_3be124ecfb9b58037f0f,T1b_EXPLICIT_DEFINITION,4633,0,0.22013966519925912,0.4751557634346193,3,1519,379,True,1.2376448289616322
paper_9fabce227dfc07a77111,T1b_EXPLICIT_DEFINITION,9665,0,0.2695841668527541,0.27892826368624324,4,1519,379,True,1.189442289030028
paper_32f9f4fea8cbf3bf5a54,T1b_EXPLICIT_DEFINITION,12023,0,0.5783010558313396,0.48099563821952895,4,1519,379,True,1.189442289030028
paper_ee3d57081101cfdd36c4,T1b_EXPLICIT_DEFINITION,10704,1,0.274783883827742,0.25671140118436286,1,1518,380,True,1.314500650801371
paper_6fe4ed2ca1bcadc2abc6,T1b_EXPLICIT_DEFINITION,18945,1,0.9690138584935156,0.5114879168611853,1,1518,380,True,1.314500650801371
paper_ed1226d165d2ad665a0d,T1b_EXPLICIT_DEFINITION,8775,0,0.24810111237742402,0.28273631040162284,0,1518,380,True,1.384005472288059
paper_e1e31b9c839d71af8b7b,T1b_EXPLICIT_DEFINITION,5733,0,0.2220314025362426,0.3872865908533797,4,1519,379,True,1.189442289030028
paper_81aa2b919d1c92a07a7d,T1b_EXPLICIT_DEFINITION,10207,0,0.2462220591149589,0.24122862654546773,4,1519,379,True,1.189442289030028
paper_d97c78f84fbbd25fd681,T1b_EXPLICIT_DEFINITION,10115,0,0.45557195405356404,0.45039244098226794,3,1519,379,True,1.2376448289616322
paper_feb0bfac9268de917c23,T1b_EXPLICIT_DEFINITION,7994,0,0.2836548886850281,0.35483473690896683,1,1518,380,True,1.314500650801371
paper_9fe3574541257f9f6861,T1b_EXPLICIT_DEFINITION,7943,0,0.3246326223702929,0.40870278530818693,1,1518,380,True,1.314500650801371
paper_6bd65aee24acf9ac5556,T1b_EXPLICIT_DEFINITION,8064,1,0.3504760503743099,0.43461811802369776,0,1518,380,True,1.384005472288059
paper_b06cab9034f967174a3b,T1b_EXPLICIT_DEFINITION,5793,2,0.22796113810093901,0.3935113725201778,4,1519,379,True,1.189442289030028
paper_0bdee45a81a51102cccb,T1b_EXPLICIT_DEFINITION,8432,0,0.6963183728840596,0.8258045219213231,0,1518,380,True,1.384005472288059
paper_e34faad0d80e3ef8c772,T1b_EXPLICIT_DEFINITION,7424,0,0.3147833795565795,0.42400778496306507,3,1519,379,True,1.2376448289616322
paper_2f00f47594081b2b7cf2,T1b_EXPLICIT_DEFINITION,8033,0,0.3985162009999279,0.49609884352038824,0,1518,380,True,1.384005472288059
paper_036120c861457dcce7d9,T1b_EXPLICIT_DEFINITION,8775,0,0.2335910425645367,0.26620061830716435,4,1519,379,True,1.189442289030028
paper_4195a2042ff23fd32be7,T1b_EXPLICIT_DEFINITION,11193,1,0.39988097497648356,0.3572598722205696,1,1518,380,True,1.314500650801371
paper_02b80fd6fb30dabc0c60,T1b_EXPLICIT_DEFINITION,14260,0,0.697385645201112,0.48905024207651615,2,1518,380,True,1.3963477696009834
paper_8700bcc123dc5d3b937a,T1b_EXPLICIT_DEFINITION,13445,0,0.16141310531743733,0.12005437360910177,3,1519,379,True,1.2376448289616322
paper_86eceedcfd0d5b078898,T1b_EXPLICIT_DEFINITION,8135,0,0.3799903561500821,0.4671055392133769,2,1518,380,True,1.3963477696009834
paper_731b7c2ef2e17c9e721c,T1b_EXPLICIT_DEFINITION,7623,1,0.4970216045508053,0.6520026296088224,0,1518,380,True,1.384005472288059
paper_63b2bcff2acd5cb805fc,T1b_EXPLICIT_DEFINITION,6247,2,0.40325030858206556,0.645510338693878,3,1519,379,True,1.2376448289616322
paper_9956e7467d861b09160c,T1b_EXPLICIT_DEFINITION,14646,0,0.7005838140675503,0.47834481364710524,1,1518,380,True,1.314500650801371
paper_2b7d8c45688607f3563c,T1b_EXPLICIT_DEFINITION,11609,0,0.42973891164651573,0.37017737242356424,4,1519,379,True,1.189442289030028
paper_f7fde946891c3a207f64,T1b_EXPLICIT_DEFINITION,11993,0,0.64393510178776,0.536925791534862,3,1519,379,True,1.2376448289616322
paper_eee7ac052c3ad5dbac4d,T1b_EXPLICIT_DEFINITION,4836,0,0.3414902369870838,0.7061419292536887,1,1518,380,True,1.314500650801371
paper_f6efd567918cb5b94869,T1b_EXPLICIT_DEFINITION,7254,0,0.24692763422203143,0.3404020322884359,4,1519,379,True,1.189442289030028
paper_7cab5ff6b0a1500077e4,T1b_EXPLICIT_DEFINITION,9532,0,0.23646991460722352,0.24808006148470785,2,1518,380,True,1.3963477696009834
paper_6f3d4a5d21e0ed96c7f4,T1b_EXPLICIT_DEFINITION,7559,0,0.3187707152470589,0.4217101670155562,2,1518,380,True,1.3963477696009834
paper_87d385a369082cfa04ea,T1b_EXPLICIT_DEFINITION,9745,0,0.4492189850172506,0.46097381735992876,1,1518,380,True,1.314500650801371
paper_b0b7e2f9a369dc5982ed,T1b_EXPLICIT_DEFINITION,6924,0,0.36871700005868374,0.5325202196110395,1,1518,380,True,1.314500650801371
paper_bc8589e15444a333d1d8,T1b_EXPLICIT_DEFINITION,9279,1,0.5443833564908812,0.5866832163928023,2,1518,380,True,1.3963477696009834
paper_df2d25df8f7320c47544,T1b_EXPLICIT_DEFINITION,8859,0,0.37679880437884455,0.4253288230938532,4,1519,379,True,1.189442289030028
paper_76b794811fee9ac07dd8,T1b_EXPLICIT_DEFINITION,7338,0,0.44511183637242296,0.6065846775312387,3,1519,379,True,1.2376448289616322
paper_220a124e6cb07f9f4a46,T1b_EXPLICIT_DEFINITION,9560,0,0.3106184284627735,0.3249146741242401,2,1518,380,True,1.3963477696009834
paper_171bbac0ef4b02866477,T1b_EXPLICIT_DEFINITION,11446,0,0.3918215675534115,0.34232183081723877,1,1518,380,True,1.314500650801371
paper_0c8fe79b1c0c17ae6ae2,T1b_EXPLICIT_DEFINITION,9343,0,0.21762060225408358,0.23292368859475926,1,1518,380,True,1.314500650801371
paper_8ccd91a72bef8f3d8945,T1b_EXPLICIT_DEFINITION,14390,0,0.9060683237169153,0.6296513715892392,0,1518,380,True,1.384005472288059
paper_948904efc93d1fe78090,T1b_EXPLICIT_DEFINITION,4685,0,0.09906621877508535,0.2114540422093604,4,1519,379,True,1.189442289030028
paper_271e6a432146914f930d,T1b_EXPLICIT_DEFINITION,8516,0,0.23288488815003508,0.27346745907707265,3,1519,379,True,1.2376448289616322
paper_a8b9d2de30458b3c694c,T1b_EXPLICIT_DEFINITION,3265,0,0.18570327705326112,0.568769608126374,3,1519,379,True,1.2376448289616322
paper_3f7b8d5f291072c7e8ae,T1b_EXPLICIT_DEFINITION,5884,0,0.4329592569561071,0.7358247059077279,0,1518,380,True,1.384005472288059
paper_b3ce66ab9cba7e56108e,T1b_EXPLICIT_DEFINITION,9426,0,0.46062032333528286,0.4886699801986875,0,1518,380,True,1.384005472288059
paper_d8ce8ef02100897f6cfe,T1b_EXPLICIT_DEFINITION,1882,0,0.12136049901870342,0.6448485601418885,4,1519,379,True,1.189442289030028
paper_31b1f115b8cc596da7d4,T1b_EXPLICIT_DEFINITION,7246,0,0.4079301597865662,0.5629728950960063,3,1519,379,True,1.2376448289616322
paper_a15261b81ed3632a5f9e,T1b_EXPLICIT_DEFINITION,4500,0,0.220067068513495,0.4890379300299889,2,1518,380,True,1.3963477696009834
paper_bb31a3dfe6fe9c189420,T1b_EXPLICIT_DEFINITION,5212,0,0.22212892660195374,0.4261875030735874,1,1518,380,True,1.314500650801371
paper_d873ca85f16991a1f582,T1b_EXPLICIT_DEFINITION,6958,0,0.2576211165043653,0.3702516764937702,0,1518,380,True,1.384005472288059
paper_5e71184447da7eeffdaf,T1b_EXPLICIT_DEFINITION,11219,0,0.4373003428780117,0.38978549146805574,3,1519,379,True,1.2376448289616322
paper_07be32614e4c5b81b70e,T1b_EXPLICIT_DEFINITION,11213,0,0.33287013542130833,0.29686090735869824,4,1519,379,True,1.189442289030028
paper_aadc9a2a8ea2dc22b12f,T1b_EXPLICIT_DEFINITION,7264,0,0.29787703544787447,0.41007301135445273,3,1519,379,True,1.2376448289616322
paper_a51cb7e71e8b1382154c,T1b_EXPLICIT_DEFINITION,15331,0,0.6805489122468836,0.443903797695443,3,1519,379,True,1.2376448289616322
paper_54ae55245e1f6a0c207d,T1b_EXPLICIT_DEFINITION,5669,0,0.3092889359225925,0.5455793542469439,0,1518,380,True,1.384005472288059
paper_49ff3e4d6de323f6d710,T1b_EXPLICIT_DEFINITION,21795,0,1.0096465206025582,0.46324685505967345,4,1519,379,True,1.189442289030028
paper_0c8802876de96d138888,T1b_EXPLICIT_DEFINITION,16949,0,0.407910495435636,0.24066935833125022,0,1518,380,True,1.384005472288059
paper_e64e81499208b440427e,T1b_EXPLICIT_DEFINITION,12357,0,0.5281928781595628,0.42744426491831583,3,1519,379,True,1.2376448289616322
paper_6989930cb7a4da8113ac,T1b_EXPLICIT_DEFINITION,114,0,0.00715981260095032,0.6280537369254666,1,1518,380,True,1.314500650801371
paper_b5bada64764fec60bada,T1b_EXPLICIT_DEFINITION,9207,0,0.3516664270621265,0.3819554980581367,2,1518,380,True,1.3963477696009834
paper_0f49cd856d017836aa53,T1b_EXPLICIT_DEFINITION,18355,0,0.7129724449837789,0.38843500135318926,4,1519,379,True,1.189442289030028
paper_e8f2202196b5a57d4e54,T1b_EXPLICIT_DEFINITION,15624,1,0.509439195406113,0.3260619530249059,4,1519,379,True,1.189442289030028
paper_83b203869902df0cf6a7,T1b_EXPLICIT_DEFINITION,15255,0,0.7673213422224276,0.5029966189593101,2,1518,380,True,1.3963477696009834
paper_aeda8fb50291efef0433,T1b_EXPLICIT_DEFINITION,7436,0,0.3104302313445578,0.41746938050639837,1,1518,380,True,1.314500650801371
paper_2fcc3dcbe371ec40710f,T1b_EXPLICIT_DEFINITION,10330,0,0.21329657122192613,0.2064826439708869,1,1518,380,True,1.314500650801371
paper_1f775b57bd412a071844,T1b_EXPLICIT_DEFINITION,12792,0,0.4073468604727806,0.3184387589687153,3,1519,379,True,1.2376448289616322
paper_f3571f86c75e5b1d0753,T1b_EXPLICIT_DEFINITION,8037,0,0.385896261914632,0.4801496353298893,1,1518,380,True,1.314500650801371
paper_1bf35d19faa763dc9570,T1b_EXPLICIT_DEFINITION,10824,0,0.43208311821686995,0.3991898727059035,1,1518,380,True,1.314500650801371
paper_97aa61ef09c6239ca708,T1b_EXPLICIT_DEFINITION,9270,0,0.37306197971775223,0.4024401075703907,1,1518,380,True,1.314500650801371
paper_0d68ecbef45f9fc8cf90,T1b_EXPLICIT_DEFINITION,9281,1,0.9276332693791265,0.9994971117111587,2,1518,380,True,1.3963477696009834
paper_ff168db638406d844444,T1b_EXPLICIT_DEFINITION,6244,1,0.5234016395196185,0.8382473406784409,0,1518,380,True,1.384005472288059
paper_084253dae7a7f19e544f,T1b_EXPLICIT_DEFINITION,11685,1,0.4722223720702736,0.4041269765256941,2,1518,380,True,1.3963477696009834
paper_cd2731529183196f2bcf,T1b_EXPLICIT_DEFINITION,18940,0,0.37494763627587235,0.1979660170411153,3,1519,379,True,1.2376448289616322
paper_6202a5d0ab54e3b90fed,T1b_EXPLICIT_DEFINITION,10776,2,0.5452631677453713,0.5059977428965956,1,1518,380,True,1.314500650801371
paper_3e108b41eee96bc84a73,T1b_EXPLICIT_DEFINITION,11714,0,0.47704276258493383,0.4072415593178537,1,1518,380,True,1.314500650801371
paper_7d92fa5aee2c2b1e19aa,T1b_EXPLICIT_DEFINITION,15770,0,0.47892985275344413,0.3036967994631859,4,1519,379,True,1.189442289030028
paper_0e0cbfc9d57327230fa0,T1b_EXPLICIT_DEFINITION,13393,0,0.28236351539814153,0.21082917598606848,2,1518,380,True,1.3963477696009834
paper_51baf8f76a84b0eddc34,T1b_EXPLICIT_DEFINITION,5950,0,0.4263921920158693,0.7166255327997804,0,1518,380,True,1.384005472288059
paper_032e8214e52833140c11,T1b_EXPLICIT_DEFINITION,6730,0,0.21990809924051238,0.32675794835142996,0,1518,380,True,1.384005472288059
paper_411c20623e599b3bc130,T1b_EXPLICIT_DEFINITION,11402,2,0.5133229669998645,0.4502043211716053,2,1518,380,True,1.3963477696009834
paper_370c6c87bd925031a235,T1b_EXPLICIT_DEFINITION,8490,0,0.48433605119114786,0.5704782699542378,0,1518,380,True,1.384005472288059
paper_671daf0e5afd51aed570,T1b_EXPLICIT_DEFINITION,10705,0,0.47107305784556824,0.44004956361099323,0,1518,380,True,1.384005472288059
paper_5093d6ac5a8e5e472584,T1b_EXPLICIT_DEFINITION,8283,0,0.33763037264648454,0.4076184626904316,1,1518,380,True,1.314500650801371
paper_dc139c5a1965f0979f7c,T1b_EXPLICIT_DEFINITION,6485,0,0.3357136992553558,0.5176772540560615,0,1518,380,True,1.384005472288059
paper_258756920680bd1f8b41,T1b_EXPLICIT_DEFINITION,14590,0,0.4039003007486671,0.2768336537002516,1,1518,380,True,1.314500650801371
paper_7ed3f77231ae842e5419,T1b_EXPLICIT_DEFINITION,9259,0,0.4539928363124769,0.49032599234526075,0,1518,380,True,1.384005472288059
paper_ccb8776b7ca226009209,T1b_EXPLICIT_DEFINITION,8739,0,0.18701036419073577,0.2139951529817322,3,1519,379,True,1.2376448289616322
paper_b4a526f4cf31b7731a13,T1b_EXPLICIT_DEFINITION,21208,3,0.638211454629858,0.3009295806440296,0,1518,380,True,1.384005472288059
paper_521a166cf33467abb4c9,T1b_EXPLICIT_DEFINITION,8722,0,0.4469942272979106,0.512490515131748,3,1519,379,True,1.2376448289616322
paper_c2594824199f77cecb79,T1b_EXPLICIT_DEFINITION,14248,3,0.3500461208844246,0.24568088214796785,1,1518,380,True,1.314500650801371
paper_32ebfbcf6213e6953708,T1b_EXPLICIT_DEFINITION,13727,0,0.5342532394137727,0.3891988339868673,1,1518,380,True,1.314500650801371
paper_3b2a3ac61ac3077a0fa9,T1b_EXPLICIT_DEFINITION,12241,0,0.34024958995998594,0.27795898207661623,4,1519,379,True,1.189442289030028
paper_cbcccf219bd7c6074e8f,T1b_EXPLICIT_DEFINITION,8003,2,0.3241528127562647,0.4050391262729785,3,1519,379,True,1.2376448289616322
paper_d552f1c82ca1263f1680,T1b_EXPLICIT_DEFINITION,10846,0,0.4351762995381671,0.40123206669571004,1,1518,380,True,1.314500650801371
paper_e52784c744c30f66d9a7,T1b_EXPLICIT_DEFINITION,5107,0,0.18654688820238916,0.36527685177675573,2,1518,380,True,1.3963477696009834
paper_4df470ebcfb07bebccac,T1b_EXPLICIT_DEFINITION,6649,0,0.3225578409459947,0.48512233560835416,0,1518,380,True,1.384005472288059
paper_ab042b6e501f115d6d6f,T1b_EXPLICIT_DEFINITION,6925,3,0.5905369975447162,0.8527610072847888,0,1518,380,True,1.384005472288059
paper_ca020b57ac7dedaa6980,T1b_EXPLICIT_DEFINITION,1517,0,0.10348739955179924,0.6821845718642007,0,1518,380,True,1.384005472288059
paper_f9250f94ee2f5138280a,T1b_EXPLICIT_DEFINITION,238,0,0.009467586376015899,0.39779774689142433,0,1518,380,True,1.384005472288059
paper_a6d918b77d863d08418c,T1b_EXPLICIT_DEFINITION,8178,0,0.262544523347296,0.3210375682896747,0,1518,380,True,1.384005472288059
paper_14fb686f8386f271498e,T1b_EXPLICIT_DEFINITION,6697,0,0.21735064105759386,0.32454926244227844,2,1518,380,True,1.3963477696009834
paper_2409eb94a07222c8a7f7,T1b_EXPLICIT_DEFINITION,7201,0,0.418430852742126,0.5810732575227413,4,1519,379,True,1.189442289030028
paper_52b24e4b78c3befdc508,T1b_EXPLICIT_DEFINITION,9461,0,0.19199644803661922,0.2029346242856138,3,1519,379,True,1.2376448289616322
paper_f3358996f1aa09154e84,T1b_EXPLICIT_DEFINITION,18297,0,0.5886773008481941,0.32173432849548783,3,1519,379,True,1.2376448289616322
paper_b21deff1690bf3cd4ac7,T1b_EXPLICIT_DEFINITION,11728,0,0.3928241759968022,0.3349455798062774,4,1519,379,True,1.189442289030028
paper_8c5d90b4ef3df0a6a79f,T1b_EXPLICIT_DEFINITION,10919,1,0.4144505495424419,0.37956822927231604,4,1519,379,True,1.189442289030028
paper_05fdb731d19762a40d46,T1b_EXPLICIT_DEFINITION,15582,0,0.7888665642908678,0.5062678502700987,2,1518,380,True,1.3963477696009834
paper_3221ea8e544091c11728,T1b_EXPLICIT_DEFINITION,11728,1,0.30977876146709854,0.2641360517284264,1,1518,380,True,1.314500650801371
paper_9fd0e80083842c681e91,T1b_EXPLICIT_DEFINITION,7268,0,0.2988891662040284,0.41123990947169564,1,1518,380,True,1.314500650801371
paper_fd4964ad03a73958b3ca,T1b_EXPLICIT_DEFINITION,16919,0,0.4888327940386391,0.28892534667453107,4,1519,379,True,1.189442289030028
paper_84ae166a6d4c6be26c91,T1b_EXPLICIT_DEFINITION,7746,0,0.4481039890453194,0.5784972747809443,3,1519,379,True,1.2376448289616322
paper_cd430a12c79af147592a,T1b_EXPLICIT_DEFINITION,9798,0,0.3411660740971749,0.34819970820287294,4,1519,379,True,1.189442289030028
paper_3ef9619ba41324120800,T1b_EXPLICIT_DEFINITION,5493,0,0.3130409990712876,0.5698907683802795,4,1519,379,True,1.189442289030028
paper_29631482265a23ae9c5c,T1b_EXPLICIT_DEFINITION,9080,0,0.2711765736754593,0.2986526141800212,3,1519,379,True,1.2376448289616322
paper_370b9de0cafa2df70ca1,T1b_EXPLICIT_DEFINITION,13238,0,0.4146127276239255,0.3131989179815119,3,1519,379,True,1.2376448289616322
paper_76d56f818459dd754d2d,T1b_EXPLICIT_DEFINITION,17175,0,0.8615166125566298,0.5016108370053157,3,1519,379,True,1.2376448289616322
paper_e6e9f5edbec363fa18b1,T1b_EXPLICIT_DEFINITION,10672,0,0.19643888068300766,0.18406941593235351,0,1518,380,True,1.384005472288059
paper_193327cc5732fd3d01e5,T1b_EXPLICIT_DEFINITION,10134,0,0.2800222679531859,0.2763195855073869,3,1519,379,True,1.2376448289616322
paper_4135aaa949a7342e60c0,T1b_EXPLICIT_DEFINITION,6174,0,0.1865451978439857,0.3021464169808645,1,1518,380,True,1.314500650801371
paper_c98ae0a78fde0cd2da77,T1b_EXPLICIT_DEFINITION,9682,0,0.2588666870087034,0.2673690219052917,2,1518,380,True,1.3963477696009834
paper_c9545a7faa3c0ccf935f,T1b_EXPLICIT_DEFINITION,7236,0,0.12947630412782038,0.17893353251495353,0,1518,380,True,1.384005472288059
paper_548eae53a7c4d329ddbe,T1b_EXPLICIT_DEFINITION,2464,0,0.15850908467297897,0.6432998566273497,3,1519,379,True,1.2376448289616322
paper_7d409e51f42cd8ac656c,T1b_EXPLICIT_DEFINITION,17499,0,0.433823111159286,0.24791308712457055,3,1519,379,True,1.2376448289616322
paper_fcaf441cb221e2b6404c,T1b_EXPLICIT_DEFINITION,8236,0,0.20170023731541728,0.2449007252494139,0,1518,380,True,1.384005472288059
paper_1c8a84b0f4b0a4180368,T1b_EXPLICIT_DEFINITION,3693,0,0.20308900270945035,0.5499296038707022,2,1518,380,True,1.3963477696009834
paper_7ae0d732d9684142659c,T1b_EXPLICIT_DEFINITION,9408,0,0.5124736504907103,0.544721142103221,3,1519,379,True,1.2376448289616322
paper_28bff144273ff621c448,T1b_EXPLICIT_DEFINITION,7299,1,0.3190486163504671,0.43711277757291017,2,1518,380,True,1.3963477696009834
paper_5ab28f5a2e15505dcc9f,T1b_EXPLICIT_DEFINITION,19479,1,0.5990205176759092,0.3075211857261201,0,1518,380,True,1.384005472288059
paper_3295a2bd0d56c34fbcbc,T1b_EXPLICIT_DEFINITION,7923,0,0.3406925851004964,0.43000452492805297,1,1518,380,True,1.314500650801371
paper_ce1163eb5c6947b3d79a,T1b_EXPLICIT_DEFINITION,7112,0,0.22698413709232987,0.3191565482175617,4,1519,379,True,1.189442289030028
paper_47cebef9e3b773142526,T1b_EXPLICIT_DEFINITION,11597,1,0.5215340778850499,0.44971464851690085,0,1518,380,True,1.384005472288059
paper_bb625ee9c2bceed76e9a,T1b_EXPLICIT_DEFINITION,69097,3,2.9084860232907874,0.4209279741943626,2,1518,380,True,1.3963477696009834
paper_da0c94aa9e114e114416,T1b_EXPLICIT_DEFINITION,8528,0,0.21262744818387463,0.24932862122874605,2,1518,380,True,1.3963477696009834
paper_aa20e44800f1e436506d,T1b_EXPLICIT_DEFINITION,11676,1,0.2964278958424347,0.2538779512182551,0,1518,380,True,1.384005472288059
paper_54666dff53c384cd7509,T1b_EXPLICIT_DEFINITION,8162,0,0.8082028580437457,0.9902019824108621,3,1519,379,True,1.2376448289616322
paper_2e9beb932d845574047d,T1b_EXPLICIT_DEFINITION,20825,1,0.5260941897906267,0.2526262616041425,0,1518,380,True,1.384005472288059
paper_80d6bc43930afa567587,T1b_EXPLICIT_DEFINITION,8062,0,0.302122830190866,0.37474923119680725,1,1518,380,True,1.314500650801371
paper_bf3e76e2793a39a4b709,T1b_EXPLICIT_DEFINITION,7976,0,0.24339189897842095,0.30515533974225295,4,1519,379,True,1.189442289030028
paper_1167812faa33b036641b,T1b_EXPLICIT_DEFINITION,15309,0,0.5752591477871193,0.37576533267170903,2,1518,380,True,1.3963477696009834
paper_33864a2cb500270f3094,T1b_EXPLICIT_DEFINITION,7098,0,0.2747386097482898,0.3870648207217382,1,1518,380,True,1.314500650801371
paper_ba433bd4c40e62df3c5d,T1b_EXPLICIT_DEFINITION,17346,0,0.2948928159988903,0.1700062354426901,2,1518,380,True,1.3963477696009834
paper_e6ae6ab9fb979351c1c2,T1b_EXPLICIT_DEFINITION,26173,2,0.9323915530155912,0.35624175792442253,0,1518,380,True,1.384005472288059
paper_c8d9f103a73fcd2c159c,T1b_EXPLICIT_DEFINITION,7315,0,0.641579505880958,0.8770738289555133,1,1518,380,True,1.314500650801371
paper_c25c9260ec4470115f16,T1b_EXPLICIT_DEFINITION,8562,0,0.3385577804227,0.3954190381017286,0,1518,380,True,1.384005472288059
paper_336f39b2c3d001757e43,T1b_EXPLICIT_DEFINITION,12013,0,0.6625855305271301,0.551557088593299,3,1519,379,True,1.2376448289616322
paper_5b949d20881bc4e7c88c,T1b_EXPLICIT_DEFINITION,8797,0,0.21108985994713106,0.23995664425046156,2,1518,380,True,1.3963477696009834
paper_edf34128fd562d5d7109,T1b_EXPLICIT_DEFINITION,22557,1,0.5698375885082394,0.2526211768002125,4,1519,379,True,1.189442289030028
paper_abdcf3b1f6f194333726,T1b_EXPLICIT_DEFINITION,11488,0,0.20044937436182356,0.17448587601133667,1,1518,380,True,1.314500650801371
paper_3b2abe7e7bc9f7b43e93,T1b_EXPLICIT_DEFINITION,8119,0,0.31593880829318344,0.3891351253765038,0,1518,380,True,1.384005472288059
paper_549aa7ce2cd5af73eae3,T1b_EXPLICIT_DEFINITION,7567,0,0.21285364091740677,0.2812919795393244,1,1518,380,True,1.314500650801371
paper_a448b4f3a849af9cad96,T1b_EXPLICIT_DEFINITION,7311,1,0.3779899906464996,0.5170154433682117,2,1518,380,True,1.3963477696009834
paper_4fed03efeda4fa16bd81,T1b_EXPLICIT_DEFINITION,5231,1,0.39980853302162866,0.7643061231535627,2,1518,380,True,1.3963477696009834
paper_bd619f98e12bc77de895,T1b_EXPLICIT_DEFINITION,8284,1,0.21656564660290595,0.2614264203318517,3,1519,379,True,1.2376448289616322
paper_946d4c2b5781949689cf,T1b_EXPLICIT_DEFINITION,26793,0,0.871374810026741,0.32522480126403946,0,1518,380,True,1.384005472288059
paper_c8ae2c8db4e9cbb06f0f,T1b_EXPLICIT_DEFINITION,7498,0,0.505480323231794,0.6741535385860149,0,1518,380,True,1.384005472288059
paper_251b4f88a127f33a6cb0,T1b_EXPLICIT_DEFINITION,5078,0,0.1705027909159204,0.3357676071601426,4,1519,379,True,1.189442289030028
paper_e54c44f6cdbaf1703df1,T1b_EXPLICIT_DEFINITION,15731,1,0.34177972482976593,0.21726509746981498,3,1519,379,True,1.2376448289616322
paper_d5790d4de02c6d16a74c,T1b_EXPLICIT_DEFINITION,15306,0,0.3772603866882438,0.24647875779971504,0,1518,380,True,1.384005472288059
paper_97d1708d31f33264aac8,T1b_EXPLICIT_DEFINITION,9638,0,0.25096967784120155,0.26039601353102465,0,1518,380,True,1.384005472288059
paper_871172d21a3f1d64dae1,T1b_EXPLICIT_DEFINITION,8694,0,0.37772547226425135,0.4344668418038318,0,1518,380,True,1.384005472288059
paper_767cf025ca3c15e068b9,T1b_EXPLICIT_DEFINITION,6528,0,0.3184156370683977,0.48776905188173664,4,1519,379,True,1.189442289030028
paper_fa3071671d8d8d7ea55e,T1b_EXPLICIT_DEFINITION,11801,0,0.6582655029125166,0.5578048495148857,3,1519,379,True,1.2376448289616322
paper_c03332839fcde61801f7,T1b_EXPLICIT_DEFINITION,9564,0,0.46687377300574134,0.48815743727074584,1,1518,380,True,1.314500650801371
paper_79a8dbc19ba88ba81a45,T1b_EXPLICIT_DEFINITION,6862,0,0.1978402753066481,0.28831284655588474,1,1518,380,True,1.314500650801371
paper_06d9e29054e6f8bf85d7,T1b_EXPLICIT_DEFINITION,14429,1,0.28578888349264764,0.19806562027351005,2,1518,380,True,1.3963477696009834
paper_4f264f36aaa27725d764,T1b_EXPLICIT_DEFINITION,11107,0,0.6122134320990157,0.5511960314207398,1,1518,380,True,1.314500650801371
paper_7bceba86105434cf9358,T1b_EXPLICIT_DEFINITION,13424,0,0.366211596537291,0.27280363270060415,3,1519,379,True,1.2376448289616322
paper_ad25c20e082aee8a3bb0,T1b_EXPLICIT_DEFINITION,7527,0,0.47644093200152626,0.6329758628956108,3,1519,379,True,1.2376448289616322
paper_039afc3ac2b428627bdc,T1b_EXPLICIT_DEFINITION,10588,0,0.32102482375968794,0.3031968490363505,1,1518,380,True,1.314500650801371
paper_18308881e9c3b18abbd2,T1b_EXPLICIT_DEFINITION,20290,7,0.7480081937126726,0.36865854791161784,1,1518,380,True,1.314500650801371
paper_48bccddb5fea3ee0728e,T1b_EXPLICIT_DEFINITION,10238,2,0.2395406620358649,0.2339721254501513,1,1518,380,True,1.314500650801371
paper_dc40c15f69551a6bf4e6,T1b_EXPLICIT_DEFINITION,6801,1,0.2391137187478223,0.3515861178471141,0,1518,380,True,1.384005472288059
paper_ea154a917286952192b9,T1b_EXPLICIT_DEFINITION,15254,0,0.7887047149285881,0.5170478005300826,4,1519,379,True,1.189442289030028
paper_f45797a88c262068bdbc,T1b_EXPLICIT_DEFINITION,9421,0,0.256733544873131,0.2725119890384577,1,1518,380,True,1.314500650801371
paper_6659f90299fc568992d1,T1b_EXPLICIT_DEFINITION,13925,0,0.4887532966810288,0.3509898001300027,3,1519,379,True,1.2376448289616322
paper_0ea2cd3fac325b024b62,T1b_EXPLICIT_DEFINITION,168,0,0.00865042721624106,0.5149063819191108,0,1518,380,True,1.384005472288059
paper_cfa2f8f1df2fc578c3b0,T1b_EXPLICIT_DEFINITION,12029,0,0.45141582155821075,0.37527294168942615,3,1519,379,True,1.2376448289616322
paper_b2c27d42e1e30d194acc,T1b_EXPLICIT_DEFINITION,6979,0,0.2174186720293559,0.31153270100208613,3,1519,379,True,1.2376448289616322
paper_7351e5743c7ecb5c6705,T1b_EXPLICIT_DEFINITION,7958,0,0.39632506563582526,0.49802094199023034,1,1518,380,True,1.314500650801371
paper_c81ade03bd3dfa0f3621,T1b_EXPLICIT_DEFINITION,9981,0,0.4687858174785629,0.4696782060700961,1,1518,380,True,1.314500650801371
paper_4a86ac22a2cab003d131,T1b_EXPLICIT_DEFINITION,5811,0,0.28062578945454647,0.48292168207631475,2,1518,380,True,1.3963477696009834
paper_221f0c916ee0712cd55f,T1b_EXPLICIT_DEFINITION,6996,0,0.3689017474828212,0.5273038128685266,1,1518,380,True,1.314500650801371
paper_d8dac68269c10d6d1dde,T1b_EXPLICIT_DEFINITION,14611,0,0.5265780289356555,0.36039834982934466,3,1519,379,True,1.2376448289616322
paper_09a5a6b8d7c4de7c9081,T1b_EXPLICIT_DEFINITION,16301,0,0.6379664662347515,0.39136645987040763,4,1519,379,True,1.189442289030028
paper_4da9480afde49d0b39b6,T1b_EXPLICIT_DEFINITION,11242,4,0.6721730518101012,0.5979123392724615,4,1519,379,True,1.189442289030028
paper_cff41dd1aa1859e689a1,T1b_EXPLICIT_DEFINITION,12181,2,1.002500949832396,0.8230038172829784,4,1519,379,True,1.189442289030028
paper_fabf56942b601869800a,T1b_EXPLICIT_DEFINITION,11456,0,0.5514178119664355,0.4813353805572936,0,1518,380,True,1.384005472288059
paper_29263f13859eec1bb821,T1b_EXPLICIT_DEFINITION,6365,0,0.3814771997408673,0.5993357419338057,3,1519,379,True,1.2376448289616322
paper_83a94f1c88011ed1464f,T1b_EXPLICIT_DEFINITION,7683,0,0.3447047521048395,0.4486590551930749,3,1519,379,True,1.2376448289616322
paper_e4a88ba35e52ed489087,T1b_EXPLICIT_DEFINITION,10473,0,0.22532372288352048,0.21514725759908385,0,1518,380,True,1.384005472288059
paper_bddeaedeae51b7fcb2c8,T1b_EXPLICIT_DEFINITION,9670,2,0.35235040377771065,0.3643747712282427,1,1518,380,True,1.314500650801371
paper_7a826c8f7c43e414f7b9,T1b_EXPLICIT_DEFINITION,11831,0,0.26792845216736616,0.2264630649711488,2,1518,380,True,1.3963477696009834
paper_0e88ed021065dcdb0f6f,T1b_EXPLICIT_DEFINITION,11341,1,0.39156261052170926,0.34526286087797303,4,1519,379,True,1.189442289030028
paper_2e5a03834a4cdece4a66,T1b_EXPLICIT_DEFINITION,23736,2,1.0798885326419587,0.45495809430483597,2,1518,380,True,1.3963477696009834
paper_2a476df55e90e42ef6ba,T1b_EXPLICIT_DEFINITION,7181,0,0.10816303805459182,0.15062392153542936,2,1518,380,True,1.3963477696009834
paper_96607ca46d3489528d72,T1b_EXPLICIT_DEFINITION,13748,0,0.333455637141678,0.24254847042600958,4,1519,379,True,1.189442289030028
paper_5a8b33e0cd9c5fbb9e44,T1b_EXPLICIT_DEFINITION,11868,0,0.6687011923685251,0.5634489318912412,4,1519,379,True,1.189442289030028
paper_39dc0e0683b33639f89f,T1b_EXPLICIT_DEFINITION,2465,0,0.1326517276072039,0.5381408827878454,3,1519,379,True,1.2376448289616322
paper_7aed1b3cc943a6faf148,T1b_EXPLICIT_DEFINITION,8259,0,0.3880301724543409,0.469827064359294,4,1519,379,True,1.189442289030028
paper_66cbcc9c22c0c4d645cb,T1b_EXPLICIT_DEFINITION,14398,0,0.21059364526958388,0.14626590170133622,1,1518,380,True,1.314500650801371
paper_eadbe456d02d8029883b,T1b_EXPLICIT_DEFINITION,11460,0,0.2754540714271855,0.24036131887188963,3,1519,379,True,1.2376448289616322
paper_97a174f50fd3871256b8,T1b_EXPLICIT_DEFINITION,12758,0,0.553074353321434,0.43351179912324345,4,1519,379,True,1.189442289030028
paper_67c313239cd572c2d80c,T1b_EXPLICIT_DEFINITION,6787,1,0.4466415367075762,0.6580838908318495,3,1519,379,True,1.2376448289616322
paper_035b8930770225ae28f0,T1b_EXPLICIT_DEFINITION,9204,0,0.4230221073914421,0.45960680942138427,3,1519,379,True,1.2376448289616322
paper_dae165a535b6dc4f98ae,T1b_EXPLICIT_DEFINITION,11384,1,0.2995612300019952,0.26314233134398735,1,1518,380,True,1.314500650801371
paper_04e78ff55c7a3c70cd95,T1b_EXPLICIT_DEFINITION,2106,0,0.09227119060121329,0.43813480817290257,0,1518,380,True,1.384005472288059
paper_107db4c949cb026c7265,T1b_EXPLICIT_DEFINITION,16828,0,0.6185211509559788,0.36755476049202446,3,1519,379,True,1.2376448289616322
paper_92f7aa793df6f3d49324,T1b_EXPLICIT_DEFINITION,13006,0,0.23002182021011855,0.1768582348224808,3,1519,379,True,1.2376448289616322
paper_c9076bad50255c56eada,T1b_EXPLICIT_DEFINITION,6561,0,0.2824884817497885,0.43055705189725424,1,1518,380,True,1.314500650801371
paper_589682082d5f0b372030,T1b_EXPLICIT_DEFINITION,10102,2,0.28430676886788114,0.28143612043939925,0,1518,380,True,1.384005472288059
paper_760c24d74340c0ae9428,T1b_EXPLICIT_DEFINITION,13474,1,0.47212264326921943,0.3503953119112509,1,1518,380,True,1.314500650801371
paper_eaf2da6ea1a2e21f656c,T1b_EXPLICIT_DEFINITION,9934,1,0.46809144809780706,0.47120137718724286,3,1519,379,True,1.2376448289616322
paper_44cbabd5ff4912873f2a,T1b_EXPLICIT_DEFINITION,11760,0,0.44440231757352033,0.37789312718836765,1,1518,380,True,1.314500650801371
paper_61dde0d2a2a09708c269,T1b_EXPLICIT_DEFINITION,9204,0,0.604656370986335,0.656949555613141,4,1519,379,True,1.189442289030028
paper_86d4e5c48ece62a7cf9a,T1b_EXPLICIT_DEFINITION,5674,0,0.25272985999046454,0.44541744799165406,1,1518,380,True,1.314500650801371
paper_de85797838101f695e9c,T1b_EXPLICIT_DEFINITION,8704,0,0.3690855597099565,0.42404131400500517,1,1518,380,True,1.314500650801371
paper_9246623437acdfc8b5d0,T1b_EXPLICIT_DEFINITION,15005,0,0.26455328046600385,0.17631008361613051,2,1518,380,True,1.3963477696009834
paper_0ad5ab6898e68a978c7a,T1b_EXPLICIT_DEFINITION,14124,0,0.8936196943950979,0.6326959037065264,1,1518,380,True,1.314500650801371
paper_3172c8ea2d5c6256445f,T1b_EXPLICIT_DEFINITION,12222,0,0.46298130333991594,0.37880977200124033,0,1518,380,True,1.384005472288059
paper_cea263957c803c2be7ac,T1b_EXPLICIT_DEFINITION,8212,0,0.287144725245976,0.34966478963221626,4,1519,379,True,1.189442289030028
paper_dcbc3ad5375a88e1fe9c,T1b_EXPLICIT_DEFINITION,11031,0,0.38747245462454777,0.3512577777395955,3,1519,379,True,1.2376448289616322
paper_e39d02baf353eb3e35c5,T1b_EXPLICIT_DEFINITION,10102,0,0.20046358575766568,0.19843950282881181,1,1518,380,True,1.314500650801371
paper_c72db62816eabd2bd52f,T1b_EXPLICIT_DEFINITION,8332,0,0.21707893896670985,0.2605364125860656,3,1519,379,True,1.2376448289616322
paper_b8eb563c7db860e38e67,T1b_EXPLICIT_DEFINITION,11077,0,0.48057563567765305,0.4338499915840508,3,1519,379,True,1.2376448289616322
paper_fd1985c1b1a1d7237b89,T1b_EXPLICIT_DEFINITION,6964,0,0.2730110886104817,0.3920320054716853,3,1519,379,True,1.2376448289616322
paper_75028984950c883d55ee,T1b_EXPLICIT_DEFINITION,7962,1,0.5188370737584792,0.6516416399880423,2,1518,380,True,1.3963477696009834
paper_6df43c48214728454930,T1b_EXPLICIT_DEFINITION,8609,1,0.3679102915749711,0.42735543219302025,0,1518,380,True,1.384005472288059
paper_24573148cb822ffa73fc,T1b_EXPLICIT_DEFINITION,9145,0,0.4873295570036366,0.5328918064555895,1,1518,380,True,1.314500650801371
paper_36163f27241605cac35e,T1b_EXPLICIT_DEFINITION,7743,0,0.43010642054067083,0.5554777483413029,0,1518,380,True,1.384005472288059
paper_504184a15ef971f2ac16,T1b_EXPLICIT_DEFINITION,10878,0,0.31823048122814246,0.2925450277883273,2,1518,380,True,1.3963477696009834
paper_0b4dfb06065388f00cfd,T1b_EXPLICIT_DEFINITION,10182,0,0.6657947900620533,0.6538939207052183,0,1518,380,True,1.384005472288059
paper_eddc5d22611e6979656e,T1b_EXPLICIT_DEFINITION,7520,1,0.26901273899903466,0.35772970611573757,0,1518,380,True,1.384005472288059
paper_f381f9a0a52c01466fef,T1b_EXPLICIT_DEFINITION,10712,0,0.39235004686230285,0.3662715149946815,0,1518,380,True,1.384005472288059
paper_9229ac9cd28f9c9cac4e,T1b_EXPLICIT_DEFINITION,7646,1,0.2598955136273473,0.339910428495092,2,1518,380,True,1.3963477696009834
paper_c43d2e0914f15b4a70e7,T1b_EXPLICIT_DEFINITION,7975,0,0.20027209850574254,0.2511248884084546,0,1518,380,True,1.384005472288059
paper_d1664d57746a7f6eaf35,T1b_EXPLICIT_DEFINITION,7680,0,0.41897341686542444,0.545538303210188,1,1518,380,True,1.314500650801371
paper_f2b2b702187faab70aa4,T1b_EXPLICIT_DEFINITION,9040,0,0.47787104512058265,0.5286184127440073,2,1518,380,True,1.3963477696009834
paper_bbd92f365edb3dfd4219,T1b_EXPLICIT_DEFINITION,2507,1,0.15240091729707197,0.6079015448626724,2,1518,380,True,1.3963477696009834
paper_e1e0650c84865e3bd9e3,T1b_EXPLICIT_DEFINITION,10667,0,0.3486904816522201,0.3268871113267274,1,1518,380,True,1.314500650801371
paper_1457112dc99c723c0947,T1b_EXPLICIT_DEFINITION,10472,0,0.22678839135201626,0.21656645469061905,2,1518,380,True,1.3963477696009834
paper_0c25091578b33f73c773,T1b_EXPLICIT_DEFINITION,8695,1,0.3096884722124569,0.3561684556785013,4,1519,379,True,1.189442289030028
paper_70ffd4046841d28a47f7,T1b_EXPLICIT_DEFINITION,10740,0,0.26355005839277723,0.2453911158219527,1,1518,380,True,1.314500650801371
paper_5de9ab0019c634acc05d,T1b_EXPLICIT_DEFINITION,10779,0,0.4325048579031462,0.40124766481412577,4,1519,379,True,1.189442289030028
paper_3136da065ab0bd3a0bbd,T1b_EXPLICIT_DEFINITION,7761,1,0.4308527856959895,0.5551511218863413,1,1518,380,True,1.314500650801371
paper_67263ac32429edb026a5,T1b_EXPLICIT_DEFINITION,8122,0,0.3093294617250237,0.380853806605545,4,1519,379,True,1.189442289030028
paper_fb6e156c89bb2642278a,T1b_EXPLICIT_DEFINITION,9030,0,0.1750053484082622,0.19380437254514088,4,1519,379,True,1.189442289030028
paper_a60dc9019c65e5a1e08a,T1b_EXPLICIT_DEFINITION,15099,4,0.3902042931948895,0.258430553808126,4,1519,379,True,1.189442289030028
paper_e64d61732e6aa5e667ac,T1b_EXPLICIT_DEFINITION,10999,2,0.8950091748368502,0.8137186788224839,3,1519,379,True,1.2376448289616322
paper_c937bb1393cbcef323d9,T1b_EXPLICIT_DEFINITION,8208,0,0.3357471067881293,0.40904861938124915,0,1518,380,True,1.384005472288059
paper_b90f1d01f87532c03ee1,T1b_EXPLICIT_DEFINITION,15123,0,0.2996112874063064,0.1981163045733693,1,1518,380,True,1.314500650801371
paper_f046f3ee54ac53d2c6d6,T1b_EXPLICIT_DEFINITION,5941,0,0.376988820681564,0.6345544869240263,2,1518,380,True,1.3963477696009834
paper_ceadc9933a3d9d4c5c07,T1b_EXPLICIT_DEFINITION,9773,2,0.70482576370862,0.7211969341129848,1,1518,380,True,1.314500650801371
paper_62a7126dee11cf247e69,T1b_EXPLICIT_DEFINITION,9469,1,0.3136381118877752,0.3312262244036067,4,1519,379,True,1.189442289030028
paper_601bc12e30c57fc9e58d,T1b_EXPLICIT_DEFINITION,11070,1,0.2937492161499626,0.26535611214992105,1,1518,380,True,1.314500650801371
paper_62b3091e260a0767cfbd,T1b_EXPLICIT_DEFINITION,21248,0,0.930402238102258,0.43787755934782474,2,1518,380,True,1.3963477696009834
paper_a321253be2df8e289b95,T1b_EXPLICIT_DEFINITION,4896,0,0.2650237783401357,0.5413067368058327,1,1518,380,True,1.314500650801371
paper_fd9edcf09c6f7a17bc27,T1b_EXPLICIT_DEFINITION,13161,0,0.27160000068765117,0.20636729784032457,0,1518,380,True,1.384005472288059
paper_8fe005ac3249a086f07e,T1b_EXPLICIT_DEFINITION,11010,0,0.272707717842161,0.24769093355327976,3,1519,379,True,1.2376448289616322
paper_097b0c91630cda0fe909,T1b_EXPLICIT_DEFINITION,8557,0,0.5203114013240135,0.6080535249783962,2,1518,380,True,1.3963477696009834
paper_206a17fb35940b06d973,T1b_EXPLICIT_DEFINITION,8194,0,0.30758896229947524,0.37538316121488313,4,1519,379,True,1.189442289030028
paper_b7fa48b6695b5e9f2773,T1b_EXPLICIT_DEFINITION,9109,0,0.470777611118438,0.5168268867256977,0,1518,380,True,1.384005472288059
paper_21a73e1c5c35bd00e27a,T1b_EXPLICIT_DEFINITION,7081,0,0.2578601432901317,0.36415780721668084,1,1518,380,True,1.314500650801371
paper_1f58aa11b681339dc396,T1b_EXPLICIT_DEFINITION,5832,1,0.2376979314933665,0.4075753283493938,0,1518,380,True,1.384005472288059
paper_b7f475d19e86d7daf5fb,T1b_EXPLICIT_DEFINITION,10299,1,0.3312682578064913,0.3216508960156241,2,1518,380,True,1.3963477696009834
paper_93cdac17023edefbaae6,T1b_EXPLICIT_DEFINITION,11499,0,0.41460121159565033,0.36055414522623735,4,1519,379,True,1.189442289030028
paper_03ff7e9def87a030b1a4,T1b_EXPLICIT_DEFINITION,10752,0,0.21010462715152092,0.1954098094787211,2,1518,380,True,1.3963477696009834
paper_5cfd274b7e7db8058b35,T1b_EXPLICIT_DEFINITION,19913,0,0.6777052187308746,0.34033305816847015,2,1518,380,True,1.3963477696009834
paper_c0fbf7e54518e5b9cde9,T1b_EXPLICIT_DEFINITION,10969,1,0.45619105461451903,0.41589119756998727,2,1518,380,True,1.3963477696009834
paper_8395968a688a8ba84b76,T1b_EXPLICIT_DEFINITION,8001,0,0.22174638416706155,0.2771483366667436,3,1519,379,True,1.2376448289616322
paper_3f0e855d24d6dc79c1e3,T1b_EXPLICIT_DEFINITION,8613,1,0.36714918982247946,0.4262732959740851,2,1518,380,True,1.3963477696009834
paper_8276c05aeb5ae72750ba,T1b_EXPLICIT_DEFINITION,16105,0,0.5918069099256801,0.36746781119259864,1,1518,380,True,1.314500650801371
paper_ac38b317c822295aa2fe,T1b_EXPLICIT_DEFINITION,12105,0,0.5887775780434362,0.48639205125438767,0,1518,380,True,1.384005472288059
paper_ff9b82de434c6ec0f4b0,T1b_EXPLICIT_DEFINITION,13210,0,0.5570987192186729,0.42172499562352234,3,1519,379,True,1.2376448289616322
paper_4776df45999b42cf21fe,T1b_EXPLICIT_DEFINITION,11930,2,0.5288133329384105,0.4432634810883575,2,1518,380,True,1.3963477696009834
paper_eae7b7becf1729cff5bf,T1b_EXPLICIT_DEFINITION,11463,1,0.531180391959679,0.4633868899587185,2,1518,380,True,1.3963477696009834
paper_2235d89eca48310afdec,T1b_EXPLICIT_DEFINITION,32378,0,0.3235306358300812,0.09992298345484008,3,1519,379,True,1.2376448289616322
paper_4e398d15480549230157,T1b_EXPLICIT_DEFINITION,4201,0,0.0690056886161738,0.16426014905063988,3,1519,379,True,1.2376448289616322
paper_fea55ea95297375b89d0,T1b_EXPLICIT_DEFINITION,13022,1,0.4159060482747651,0.3193872279793927,2,1518,380,True,1.3963477696009834
paper_08e189125eb0ab93ebb4,T1b_EXPLICIT_DEFINITION,10437,0,0.4000861063074403,0.38333439331938324,3,1519,379,True,1.2376448289616322
paper_229253424b5d6f2ab1ff,T1b_EXPLICIT_DEFINITION,10323,0,0.23097106753930602,0.22374413207333724,1,1518,380,True,1.314500650801371
paper_080ae6d04b647d7d027e,T1b_EXPLICIT_DEFINITION,14470,0,0.3387341219266688,0.23409407182216224,2,1518,380,True,1.3963477696009834
paper_6730bf81b0e9dacc6f71,T1b_EXPLICIT_DEFINITION,7361,0,0.13228776981401166,0.17971439996469457,0,1518,380,True,1.384005472288059
paper_4c896a644026ba361bbd,T1b_EXPLICIT_DEFINITION,10613,0,0.5534662221465597,0.5214983719462544,0,1518,380,True,1.384005472288059
paper_45bffc535c6c75f3735f,T1b_EXPLICIT_DEFINITION,12725,0,0.4897671617984757,0.3848857853033208,0,1518,380,True,1.384005472288059
paper_51ff80a848f0b02bf775,T1b_EXPLICIT_DEFINITION,8915,1,0.27477809126041025,0.3082199565456088,0,1518,380,True,1.384005472288059
paper_c24dcbeeaf0e0de9dae1,T1b_EXPLICIT_DEFINITION,16782,0,0.4145951864247305,0.24704754285825914,0,1518,380,True,1.384005472288059
paper_e11e60ccee21dc72faf4,T1b_EXPLICIT_DEFINITION,6453,0,0.12505100176275416,0.19378738844375357,2,1518,380,True,1.3963477696009834
paper_6ffe7bc6827797347dff,T1b_EXPLICIT_DEFINITION,6925,0,0.48797888779334886,0.7046626538532114,0,1518,380,True,1.384005472288059
paper_f001ee95d934e85b0f40,T1b_EXPLICIT_DEFINITION,10576,2,0.26359611114291975,0.24923989328944757,0,1518,380,True,1.384005472288059
paper_1481b40c44e6e5e2973d,T1b_EXPLICIT_DEFINITION,5495,0,0.3688034972975354,0.671161960505069,2,1518,380,True,1.3963477696009834
paper_e5c1d63c115e58cfb9fd,T1b_EXPLICIT_DEFINITION,3779,1,0.21394800210289916,0.566149780637468,1,1518,380,True,1.314500650801371
paper_432eedb7b5721b207e27,T1b_EXPLICIT_DEFINITION,4852,0,0.30138266369810424,0.6211514091057383,3,1519,379,True,1.2376448289616322
paper_f34f3ae0a8d24052d913,T1b_EXPLICIT_DEFINITION,3514,0,0.4644438376220336,1.3216956107627593,4,1519,379,True,1.189442289030028
paper_ed031094b6d95c52f92a,T1b_EXPLICIT_DEFINITION,8792,0,0.3822254016197288,0.43474226753836304,4,1519,379,True,1.189442289030028
paper_011f61f82937545da1fe,T1b_EXPLICIT_DEFINITION,6109,0,0.16242129502005095,0.2658721476838287,1,1518,380,True,1.314500650801371
paper_dfbade9b3fbcc17ffa87,T1b_EXPLICIT_DEFINITION,17954,4,1.4041444218713965,0.7820788804006887,2,1518,380,True,1.3963477696009834
paper_b16f7ad11db940b6d3fe,T1b_EXPLICIT_DEFINITION,10454,0,0.4993065541689825,0.4776224929873565,4,1519,379,True,1.189442289030028
paper_2a5e403c4e09f892efd2,T1b_EXPLICIT_DEFINITION,9903,0,0.20502218830194885,0.20703038301721585,1,1518,380,True,1.314500650801371
paper_60df40936b7a7b4cec2d,T1b_EXPLICIT_DEFINITION,2134,0,0.12726229242786902,0.5963556346198173,1,1518,380,True,1.314500650801371
paper_a1d177668f0455f920ff,T1b_EXPLICIT_DEFINITION,11432,2,0.4642733450871002,0.4061173417486881,0,1518,380,True,1.384005472288059
paper_b84af768b1c42e4027b0,T1b_EXPLICIT_DEFINITION,20754,0,0.5088599502694706,0.24518644611615623,1,1518,380,True,1.314500650801371
paper_b40cd8a118e16e0b2c43,T1b_EXPLICIT_DEFINITION,9196,0,0.40795530010346476,0.44362255339654716,4,1519,379,True,1.189442289030028
paper_36276ee9d44792005ff8,T1b_EXPLICIT_DEFINITION,7149,0,0.21563917853150485,0.30163544346272886,2,1518,380,True,1.3963477696009834
paper_da2c1921900f7aaaf916,T1b_EXPLICIT_DEFINITION,14103,0,0.4137480734870399,0.29337592958025943,2,1518,380,True,1.3963477696009834
paper_c982d4182089a90e2a96,T1b_EXPLICIT_DEFINITION,13915,0,0.3436512281497058,0.24696459083701458,0,1518,380,True,1.384005472288059
paper_0e4e39049e51e304947f,T1b_EXPLICIT_DEFINITION,13560,1,0.31161763323792024,0.22980651418725678,2,1518,380,True,1.3963477696009834
paper_28b41abcd26dc4562ec3,T1b_EXPLICIT_DEFINITION,11655,0,0.29236360785770504,0.2508482263901373,0,1518,380,True,1.384005472288059
paper_4439274dcd1a1d9a2f30,T1b_EXPLICIT_DEFINITION,6223,0,0.31175847095777937,0.5009777775313826,0,1518,380,True,1.384005472288059
paper_85354c45900939f299a3,T1b_EXPLICIT_DEFINITION,4247,0,0.23141716696434436,0.5448956132901915,1,1518,380,True,1.314500650801371
paper_50eeb1ec2837eb632dc7,T1b_EXPLICIT_DEFINITION,2677,0,0.2384822918064106,0.8908565252387396,4,1519,379,True,1.189442289030028
paper_3c32c12bfdc4fe56f015,T1b_EXPLICIT_DEFINITION,8861,1,0.38781284978591957,0.43766262248721316,3,1519,379,True,1.2376448289616322
paper_e2410e75ea19291fc9b1,T1b_EXPLICIT_DEFINITION,13226,0,0.22916415682744365,0.17326792441210015,4,1519,379,True,1.189442289030028
paper_44c900579a80dc2c3e19,T1b_EXPLICIT_DEFINITION,6183,0,0.2982779549172773,0.4824162298516535,0,1518,380,True,1.384005472288059
paper_cd26909a42762f438b18,T1b_EXPLICIT_DEFINITION,5774,1,0.21350267681268653,0.3697656335515873,4,1519,379,True,1.189442289030028
paper_13f3075b5e9303f024e0,T1b_EXPLICIT_DEFINITION,6054,0,0.6097753905046366,1.0072272720591948,1,1518,380,True,1.314500650801371
paper_5a3e71193efaa78970bc,T1b_EXPLICIT_DEFINITION,10968,0,0.6109253448424558,0.5570070613078554,2,1518,380,True,1.3963477696009834
paper_2018ada7d8a5bf4f51a9,T1b_EXPLICIT_DEFINITION,8666,0,0.4381920448230084,0.505645101342036,0,1518,380,True,1.384005472288059
paper_d4cdccfc8cc1d77cc1ce,T1b_EXPLICIT_DEFINITION,9949,0,0.22827396092770783,0.22944412597015562,0,1518,380,True,1.384005472288059
paper_d8d9c60f1a5d37b5fa89,T1b_EXPLICIT_DEFINITION,5590,0,0.12861542043057236,0.23008125300639062,3,1519,379,True,1.2376448289616322
paper_8db0fa20c03e47048f72,T1b_EXPLICIT_DEFINITION,9302,0,0.3025937128925257,0.32529962684640473,0,1518,380,True,1.384005472288059
paper_2632347fc19d40ee9b79,T1b_EXPLICIT_DEFINITION,7047,0,0.20060392374852737,0.28466570703636634,0,1518,380,True,1.384005472288059
paper_4d0337b843a1c2be1c2d,T1b_EXPLICIT_DEFINITION,4466,1,0.30065912196903516,0.6732179175303071,4,1519,379,True,1.189442289030028
paper_da44c61204fbe98bc3c1,T1b_EXPLICIT_DEFINITION,7525,0,0.2913062854566411,0.3871179873177955,0,1518,380,True,1.384005472288059
paper_f378b66070e11c3c934c,T1b_EXPLICIT_DEFINITION,11269,0,0.41520339800334083,0.36844742035969547,0,1518,380,True,1.384005472288059
paper_856c1ecfc2baf6d7609d,T1b_EXPLICIT_DEFINITION,9424,3,0.3178182821985784,0.33724350827523175,3,1519,379,True,1.2376448289616322
paper_2a6a270bb59934ec3ff6,T1b_EXPLICIT_DEFINITION,7126,0,0.20295157623858626,0.2848043449881929,4,1519,379,True,1.189442289030028
paper_ffb77e56b0c059fd6ad0,T1b_EXPLICIT_DEFINITION,14040,9,0.6684727957677083,0.4761202249057752,2,1518,380,True,1.3963477696009834
paper_5082f5a8326bb484965e,T1b_EXPLICIT_DEFINITION,9651,0,0.626691801715933,0.6493542655848441,3,1519,379,True,1.2376448289616322
paper_a35c80746544bd19d98c,T1b_EXPLICIT_DEFINITION,8522,0,0.20977369394899065,0.24615547283383085,2,1518,380,True,1.3963477696009834
paper_541aff79398df3a738ca,T1b_EXPLICIT_DEFINITION,13396,0,0.5377571491325805,0.40143113551252657,2,1518,380,True,1.3963477696009834
paper_5fa986695e5c659dc0a1,T1b_EXPLICIT_DEFINITION,10068,0,0.9667726832350572,0.9602430306267951,2,1518,380,True,1.3963477696009834
paper_b7bdbb67a7229301f7e6,T1b_EXPLICIT_DEFINITION,1363,0,0.06058768856706451,0.44451715749863907,0,1518,380,True,1.384005472288059
paper_b84fb59cde3e732acbea,T1b_EXPLICIT_DEFINITION,9068,1,0.5489631319279745,0.6053850153594779,0,1518,380,True,1.384005472288059
paper_5b91ddb71dd9fe4897d8,T1b_EXPLICIT_DEFINITION,4723,0,0.20305748259285641,0.42993326824657296,0,1518,380,True,1.384005472288059
paper_d5d65745a63e07efd9af,T1b_EXPLICIT_DEFINITION,5922,0,0.22159700670632565,0.37419285158109705,2,1518,380,True,1.3963477696009834
paper_da0ac833f07a1de644ea,T1b_EXPLICIT_DEFINITION,15775,0,0.5356600913426739,0.33956265695256665,1,1518,380,True,1.314500650801371
paper_80494a124ca2656927e6,T1b_EXPLICIT_DEFINITION,21283,0,0.71138805993318,0.3342517783833012,1,1518,380,True,1.314500650801371
paper_0048220346024fc71775,T1b_EXPLICIT_DEFINITION,433,0,0.05033142323261406,1.162388527312103,1,1518,380,True,1.314500650801371
paper_8c08bcd6a22c0c9d7824,T1b_EXPLICIT_DEFINITION,12169,1,0.7044772425927287,0.5789113670743107,0,1518,380,True,1.384005472288059
paper_c182b34bda7dc629ef5a,T1b_EXPLICIT_DEFINITION,16682,1,0.7205080632319193,0.43190748305474125,0,1518,380,True,1.384005472288059
paper_188b3bda72749a082373,T1b_EXPLICIT_DEFINITION,8160,0,0.5943006401287396,0.7283096080009065,0,1518,380,True,1.384005472288059
paper_9a54738a99b16009b844,T1b_EXPLICIT_DEFINITION,4383,0,0.6541686146036931,1.4925133803415311,0,1518,380,True,1.384005472288059
paper_2b56bf1fad41ce819b04,T1b_EXPLICIT_DEFINITION,8181,0,0.30389276362415746,0.371461635037474,2,1518,380,True,1.3963477696009834
paper_abd13107c8ccce629ec5,T1b_EXPLICIT_DEFINITION,19289,0,0.5627569296788864,0.29175018387624363,1,1518,380,True,1.314500650801371
paper_d5bb0856ca7695b7aedb,T1b_EXPLICIT_DEFINITION,14482,0,0.6979084440149159,0.4819144068601823,3,1519,379,True,1.2376448289616322
paper_39426b4aef4770d93ed7,T1b_EXPLICIT_DEFINITION,9658,0,0.13182454544704897,0.1364925920967581,3,1519,379,True,1.2376448289616322
paper_508d47a432d1765617f0,T1b_EXPLICIT_DEFINITION,9452,0,0.2061900736178922,0.21814438596899302,2,1518,380,True,1.3963477696009834
paper_9e4aaa1c725080258723,T1b_EXPLICIT_DEFINITION,4218,0,0.2766142283279651,0.655794756585977,2,1518,380,True,1.3963477696009834
paper_523bf9cac06b97bc6deb,T1b_EXPLICIT_DEFINITION,6675,1,0.20753899025569392,0.31091983558905456,1,1518,380,True,1.314500650801371
paper_6dea042420858e16f3b7,T1b_EXPLICIT_DEFINITION,11619,1,0.3570191738173952,0.30727185972751114,0,1518,380,True,1.384005472288059
paper_33796061924f83a65de1,T1b_EXPLICIT_DEFINITION,9788,0,0.8431019464014456,0.8613628385793274,3,1519,379,True,1.2376448289616322
paper_d5d538c7fe0f37513dcb,T1b_EXPLICIT_DEFINITION,12206,1,0.5609555660718153,0.45957362450582934,0,1518,380,True,1.384005472288059
paper_972c7d842da6c54a1bdd,T1b_EXPLICIT_DEFINITION,5904,0,0.22230693937006968,0.3765361439194947,2,1518,380,True,1.3963477696009834
paper_3abdf6024514c9cd4dda,T1b_EXPLICIT_DEFINITION,8430,1,0.17961025499317004,0.2130608007036418,0,1518,380,True,1.384005472288059
paper_b98a5e3ea66600840019,T1b_EXPLICIT_DEFINITION,19503,4,0.732989839407693,0.3758344046596385,3,1519,379,True,1.2376448289616322
paper_8b6c41dd419735fe1e01,T1b_EXPLICIT_DEFINITION,17728,2,1.225609250323811,0.6913409579895143,0,1518,380,True,1.384005472288059
paper_4a9d2bbe23f05d0a76c1,T1b_EXPLICIT_DEFINITION,9936,1,0.20305775229027365,0.20436569272370536,1,1518,380,True,1.314500650801371
paper_4877825c00e174f1190a,T1b_EXPLICIT_DEFINITION,9428,0,0.2780349627577579,0.2949034394969855,3,1519,379,True,1.2376448289616322
paper_4b2d4a71a16ea1e9c2c7,T1b_EXPLICIT_DEFINITION,12863,0,0.5015893210930444,0.38994738481928354,2,1518,380,True,1.3963477696009834
paper_80f3958782a73e783fe7,T1b_EXPLICIT_DEFINITION,11815,0,1.0211622965412293,0.8642930990615567,4,1519,379,True,1.189442289030028
paper_a94d2ad962132cfd24cc,T1b_EXPLICIT_DEFINITION,18100,0,0.4845649417469646,0.2677154374292622,1,1518,380,True,1.314500650801371
paper_14190b16a758f798b6d1,T1b_EXPLICIT_DEFINITION,8923,3,0.7097439687055974,0.795409580528519,0,1518,380,True,1.384005472288059
paper_d3d3a3333226d651b3df,T1b_EXPLICIT_DEFINITION,7596,0,0.21088240686893606,0.2776229684951765,3,1519,379,True,1.2376448289616322
paper_3322361c95f35e53a49e,T1b_EXPLICIT_DEFINITION,10634,0,0.8608455177184785,0.8095218334760942,4,1519,379,True,1.189442289030028
paper_37a7e2db9bbcaed1144d,T1b_EXPLICIT_DEFINITION,9188,0,0.42602296373988446,0.4636732300172883,0,1518,380,True,1.384005472288059
paper_230af28c059ff9e246b4,T1b_EXPLICIT_DEFINITION,5207,0,0.22249237281609568,0.42729474326117856,1,1518,380,True,1.314500650801371
paper_66ca7dab0efb8628c218,T1b_EXPLICIT_DEFINITION,3621,0,0.19649869329195338,0.5426641626400259,3,1519,379,True,1.2376448289616322
paper_875f2d35bea8cececdda,T1b_EXPLICIT_DEFINITION,16175,0,0.5355511722248987,0.33109809720241035,1,1518,380,True,1.314500650801371
paper_7cf0443fbef6f4ce3e58,T1b_EXPLICIT_DEFINITION,7756,1,0.2636579647294326,0.33994064560267223,2,1518,380,True,1.3963477696009834
paper_1818ec3ee88fcf4ec16b,T1b_EXPLICIT_DEFINITION,7849,1,0.40617680700353404,0.517488606196374,1,1518,380,True,1.314500650801371
paper_950a799313e78c49d6cf,T1b_EXPLICIT_DEFINITION,13351,0,0.8696138310861883,0.6513473380916698,3,1519,379,True,1.2376448289616322
paper_de0186321a16af47ce1d,T1b_EXPLICIT_DEFINITION,12083,0,0.34450582563295173,0.28511613476202247,0,1518,380,True,1.384005472288059
paper_e6eb31e0c696987f6709,T1b_EXPLICIT_DEFINITION,11257,1,0.25589639532582825,0.2273220177008335,0,1518,380,True,1.384005472288059
paper_a3c202485c7e887d701d,T1b_EXPLICIT_DEFINITION,11332,0,0.2948064400018379,0.26015393575876977,0,1518,380,True,1.384005472288059
paper_11881c3333b09bc1adce,T1b_EXPLICIT_DEFINITION,11901,0,0.2960075982108575,0.24872497959067097,4,1519,379,True,1.189442289030028
paper_991dda64ba793fd6aeef,T1b_EXPLICIT_DEFINITION,19414,0,0.6209494578091551,0.31984622324567585,4,1519,379,True,1.189442289030028
paper_344dbfc5c5b168e02b55,T1b_EXPLICIT_DEFINITION,16312,0,0.38659972411112825,0.23700326392295748,4,1519,379,True,1.189442289030028
paper_5089be4b16f8df84fd34,T1b_EXPLICIT_DEFINITION,7723,1,0.5205210000603014,0.6739880876088327,2,1518,380,True,1.3963477696009834
paper_2cf89ece81e90cd3f910,T1b_EXPLICIT_DEFINITION,19237,0,0.42921396167282344,0.2231189695237425,2,1518,380,True,1.3963477696009834
paper_974fb714ec6870c7868d,T1b_EXPLICIT_DEFINITION,11849,0,0.2676716304162687,0.2259022959036785,3,1519,379,True,1.2376448289616322
paper_afdaabfe491a5a37749e,T1b_EXPLICIT_DEFINITION,5327,0,0.4602740470450915,0.8640398855736654,0,1518,380,True,1.384005472288059
paper_f72cb7936d3d0c3c3932,T1b_EXPLICIT_DEFINITION,8949,5,0.6204539922576093,0.6933221502487533,3,1519,379,True,1.2376448289616322
paper_3ab5e2fd8b16c05e6645,T1b_EXPLICIT_DEFINITION,8945,0,0.27686156827160335,0.3095154480398025,0,1518,380,True,1.384005472288059
paper_b25069bc6310cf49e623,T1b_EXPLICIT_DEFINITION,6157,0,0.221065198813788,0.3590469365174403,2,1518,380,True,1.3963477696009834
paper_cfd4f1c04166827fa544,T1b_EXPLICIT_DEFINITION,6753,0,0.17742581407963556,0.26273628621299505,3,1519,379,True,1.2376448289616322
paper_c574d39da9fc52993a06,T1b_EXPLICIT_DEFINITION,11810,0,0.7685700721364876,0.6507790619275933,1,1518,380,True,1.314500650801371
paper_dec9806686f61d51f992,T1b_EXPLICIT_DEFINITION,12347,0,0.31108350552583824,0.2519506807530884,0,1518,380,True,1.384005472288059
paper_2e5b0db9629fafc6d581,T1b_EXPLICIT_DEFINITION,14971,0,0.4667329315050556,0.31175801984173107,1,1518,380,True,1.314500650801371
paper_aa2f168ca67d747b5fe8,T1b_EXPLICIT_DEFINITION,10335,0,0.2124752702695088,0.20558806992695577,1,1518,380,True,1.314500650801371
paper_cf6b5a4b3b503636aee2,T1b_EXPLICIT_DEFINITION,5355,0,0.42357348289256985,0.7909868961579269,2,1518,380,True,1.3963477696009834
paper_54e19b6fae0955d86c32,T1b_EXPLICIT_DEFINITION,7052,0,0.29982986743316364,0.42516997650760585,4,1519,379,True,1.189442289030028
paper_316995de6816ef27d70d,T1b_EXPLICIT_DEFINITION,14818,0,0.5870647411676231,0.39618352083116687,4,1519,379,True,1.189442289030028
paper_229a70bda75d65e03878,T1b_EXPLICIT_DEFINITION,11357,0,0.39672515489504795,0.3493221404376578,4,1519,379,True,1.189442289030028
paper_0b8596b48a890a9f2feb,T1b_EXPLICIT_DEFINITION,12918,1,0.4232244258828401,0.3276238008072767,1,1518,380,True,1.314500650801371
paper_b33dff89ce500841ced0,T1b_EXPLICIT_DEFINITION,9998,0,0.6130557091838874,0.6131783448528579,3,1519,379,True,1.2376448289616322
paper_df87e85f2ad904ecb786,T1b_EXPLICIT_DEFINITION,14486,0,1.0839018046424154,0.7482409254745377,0,1518,380,True,1.384005472288059
paper_797d18788d80435e77c5,T1b_EXPLICIT_DEFINITION,23694,0,0.4110062527435529,0.17346427481368823,0,1518,380,True,1.384005472288059
paper_78c0ed038711160919ae,T1b_EXPLICIT_DEFINITION,8789,1,0.3179452385252029,0.36175359941427115,0,1518,380,True,1.384005472288059
paper_c15832fcb3eb74f0db4f,T1b_EXPLICIT_DEFINITION,9161,0,0.2606201995962574,0.2844888108244268,0,1518,380,True,1.384005472288059
paper_814885c7706c9991ec46,T1b_EXPLICIT_DEFINITION,8135,0,0.3552718677297797,0.4367201815977624,0,1518,380,True,1.384005472288059
paper_d29d84f63443160ab720,T1b_EXPLICIT_DEFINITION,22106,0,0.8209334234632754,0.3713622652054987,4,1519,379,True,1.189442289030028
paper_0e732bca591d02f4edb1,T1b_EXPLICIT_DEFINITION,6678,0,0.509471993191717,0.7629110410178451,3,1519,379,True,1.2376448289616322
paper_4f31c328a7c95c22c4de,T1b_EXPLICIT_DEFINITION,12075,1,0.30921054138740334,0.2560749825154479,0,1518,380,True,1.384005472288059
paper_0cf5a0ec78df6032a89d,T1b_EXPLICIT_DEFINITION,9035,0,0.3451039948632106,0.38196346968811357,1,1518,380,True,1.314500650801371
paper_6cf74d8cb1c2c6922288,T1b_EXPLICIT_DEFINITION,11351,0,0.39314062836751545,0.3463488929323544,1,1518,380,True,1.314500650801371
paper_a0f697f2769682f05941,T1b_EXPLICIT_DEFINITION,14053,0,0.40697379362892727,0.2895992269472193,1,1518,380,True,1.314500650801371
paper_105b9b987c104bf5cb6f,T1b_EXPLICIT_DEFINITION,13657,0,0.45023406410738537,0.32967274226212595,3,1519,379,True,1.2376448289616322
paper_5c16c4d08150462f8c15,T1b_EXPLICIT_DEFINITION,8376,0,0.32048157256220267,0.38261887841714737,3,1519,379,True,1.2376448289616322
paper_0abb3c6faa410f767265,T1b_EXPLICIT_DEFINITION,8037,1,0.20713598353408483,0.2577279874755317,0,1518,380,True,1.384005472288059
paper_545b45f788f24062a345,T1b_EXPLICIT_DEFINITION,9053,0,0.38633397399037267,0.4267469059873773,3,1519,379,True,1.2376448289616322
paper_6aabe31ff814c94de9be,T1b_EXPLICIT_DEFINITION,6879,0,0.23225612098377102,0.3376306454190595,1,1518,380,True,1.314500650801371
paper_1c6055e2b849d2598268,T1b_EXPLICIT_DEFINITION,17051,0,0.6393061341584196,0.37493761900089123,2,1518,380,True,1.3963477696009834
paper_91d141d39bddc018a22d,T1b_EXPLICIT_DEFINITION,12161,0,1.0307009860190448,0.8475462429233163,2,1518,380,True,1.3963477696009834
paper_caa94e78df759c34426a,T1b_EXPLICIT_DEFINITION,7377,0,0.21401555831590974,0.2901119131298763,2,1518,380,True,1.3963477696009834
paper_92169ac77d0b042008ac,T1b_EXPLICIT_DEFINITION,10939,0,0.40622669274929374,0.37135633307367555,1,1518,380,True,1.314500650801371
paper_3cbfe786e6e2858d0671,T1b_EXPLICIT_DEFINITION,9074,0,0.7064259533167812,0.7785165895049385,4,1519,379,True,1.189442289030028
paper_35233223488b5f7763d8,T1b_EXPLICIT_DEFINITION,21000,1,0.646216114737317,0.3077219593987224,1,1518,380,True,1.314500650801371
paper_8895ea6c90c08e015ed4,T1b_EXPLICIT_DEFINITION,6508,0,0.5395274221404168,0.8290218533196324,3,1519,379,True,1.2376448289616322
paper_c13a4be6447080a00a3f,T1b_EXPLICIT_DEFINITION,24042,0,0.5439800339599595,0.22626238830378484,4,1519,379,True,1.189442289030028
paper_92de99770ad153511885,T1b_EXPLICIT_DEFINITION,10261,9,0.6858226803384099,0.6683780141686092,4,1519,379,True,1.189442289030028
paper_3e0d5679b83f65deebe0,T1b_EXPLICIT_DEFINITION,8228,0,0.3430643852475151,0.4169474784243013,2,1518,380,True,1.3963477696009834
paper_42f1436106c9d860f1b4,T1b_EXPLICIT_DEFINITION,10988,0,0.2907497980974231,0.2646066600813825,1,1518,380,True,1.314500650801371
paper_3cec864523b3855c0a2f,T1b_EXPLICIT_DEFINITION,12385,0,0.5193635575587063,0.4193488555177282,2,1518,380,True,1.3963477696009834
paper_00c3ff30718e77e98d96,T1b_EXPLICIT_DEFINITION,4096,0,0.17648864270441303,0.43088047535257085,1,1518,380,True,1.314500650801371
paper_54e89ad05f8c4b91f7ea,T1b_EXPLICIT_DEFINITION,11579,1,0.489817995328746,0.42302270949887383,2,1518,380,True,1.3963477696009834
paper_9617adc250ddacd73f38,T1b_EXPLICIT_DEFINITION,14,0,21.673836537700588,15481.311812643278,2,1518,380,True,1.3963477696009834
paper_e3892e7e8caa66ec339f,T1b_EXPLICIT_DEFINITION,8945,0,0.3564351332883336,0.39847415683435844,0,1518,380,True,1.384005472288059
paper_e5e8bbddbeb6098efad0,T1b_EXPLICIT_DEFINITION,9239,3,0.28762307624352457,0.3113140775446743,0,1518,380,True,1.384005472288059
paper_70a33f00de4d371b40b6,T1b_EXPLICIT_DEFINITION,7339,0,0.3307545659629533,0.4506807003174183,2,1518,380,True,1.3963477696009834
paper_a3eefdee2e6756587843,T1b_EXPLICIT_DEFINITION,6476,1,0.26295753030223645,0.40604930559332375,1,1518,380,True,1.314500650801371
paper_89a26ce07bb7ef39c1e4,T1b_EXPLICIT_DEFINITION,10369,1,0.29269687926943727,0.28228072067647536,2,1518,380,True,1.3963477696009834
paper_7d9f28a4e6c574da1959,T1b_EXPLICIT_DEFINITION,6697,0,0.32834112012815636,0.4902809020877354,1,1518,380,True,1.314500650801371
paper_4e8617b2de076d610f2d,T1b_EXPLICIT_DEFINITION,9455,2,0.258596224487646,0.2735020882999958,1,1518,380,True,1.314500650801371
paper_aadd6adaf7e7776d1f64,T1b_EXPLICIT_DEFINITION,12091,2,0.6258876916929293,0.5176475822454134,1,1518,380,True,1.314500650801371
paper_896904b4e70b64dfb974,T1b_EXPLICIT_DEFINITION,4441,1,0.20495657303374085,0.4615099595445639,1,1518,380,True,1.314500650801371
paper_155bd61110e883afcbf8,T1b_EXPLICIT_DEFINITION,6701,0,0.38786282884799766,0.5788133544963403,2,1518,380,True,1.3963477696009834
paper_f8f3f95c5b2836f0647f,T1b_EXPLICIT_DEFINITION,9985,0,0.2926251356667782,0.2930647327659271,0,1518,380,True,1.384005472288059
paper_06a2493d2817612638e9,T1b_EXPLICIT_DEFINITION,8445,1,0.4075719682837128,0.4826192638054621,2,1518,380,True,1.3963477696009834
paper_bf226db1e1daea13c7fa,T1b_EXPLICIT_DEFINITION,8772,0,0.27113561426980537,0.30909212753055787,0,1518,380,True,1.384005472288059
paper_7249aa5b34be37b5061a,T1b_EXPLICIT_DEFINITION,6559,0,0.26631850222336456,0.4060352221731431,1,1518,380,True,1.314500650801371
paper_b7b63cac23ca73509d10,T1b_EXPLICIT_DEFINITION,12521,0,0.3948666223200248,0.315363487197528,1,1518,380,True,1.314500650801371
paper_e67419316565cb79b105,T1b_EXPLICIT_DEFINITION,7555,0,0.34320318860915494,0.454272916755996,1,1518,380,True,1.314500650801371
paper_cd61ecaf42eae829f8ef,T1b_EXPLICIT_DEFINITION,7114,0,0.2762795001401822,0.388360275710124,4,1519,379,True,1.189442289030028
paper_89bf9cb6aa3257c2bc0c,T1b_EXPLICIT_DEFINITION,12797,0,0.3150567290073645,0.24619577167098888,0,1518,380,True,1.384005472288059
paper_a4bb65c2fe1a69894fbe,T1b_EXPLICIT_DEFINITION,13723,0,0.5645682233237861,0.41140291723659994,0,1518,380,True,1.384005472288059
paper_2de892b43090d26bac10,T1b_EXPLICIT_DEFINITION,51,0,0.054006545265228446,10.589518679456557,2,1518,380,True,1.3963477696009834
paper_4ffc5b48048d021e1815,T1b_EXPLICIT_DEFINITION,3103,0,0.20848138623349233,0.671870403588438,4,1519,379,True,1.189442289030028
paper_366f186e0b2f6a47de9c,T1b_EXPLICIT_DEFINITION,8235,0,0.2817879810697997,0.3421833407040676,1,1518,380,True,1.314500650801371
paper_ea4267fba8d94a8c033c,T1b_EXPLICIT_DEFINITION,6563,0,0.39277738872862067,0.5984723277900665,2,1518,380,True,1.3963477696009834
paper_0e8628887f1d22aeb17d,T1b_EXPLICIT_DEFINITION,9836,0,0.3249913959519414,0.3304101219519534,4,1519,379,True,1.189442289030028
paper_94dee75e64b89bf47143,T1b_EXPLICIT_DEFINITION,6596,1,0.3937276071232142,0.5969187494287662,3,1519,379,True,1.2376448289616322
paper_b4d40141243bb11115d6,T1b_EXPLICIT_DEFINITION,11359,1,0.35262270735854206,0.31043463980855895,4,1519,379,True,1.189442289030028
paper_55e8712d400de9b048dd,T1b_EXPLICIT_DEFINITION,8688,1,0.4571162257024678,0.526146668626229,0,1518,380,True,1.384005472288059
paper_5178edc200c7560cc5dd,T1b_EXPLICIT_DEFINITION,12777,3,0.3483323816367714,0.272624545383714,1,1518,380,True,1.314500650801371
paper_c181c5958148c1d9e857,T1b_EXPLICIT_DEFINITION,34826,3,1.306717042364173,0.3752130713731617,1,1518,380,True,1.314500650801371
paper_7cf2bb984eaacaed8b12,T1b_EXPLICIT_DEFINITION,5595,1,0.3720398046189161,0.6649504997657124,1,1518,380,True,1.314500650801371
paper_b45b8c314fefc9dc2f86,T1b_EXPLICIT_DEFINITION,6471,1,0.42977805239687206,0.6641601798746284,0,1518,380,True,1.384005472288059
paper_6e8a039886d61790712b,T1b_EXPLICIT_DEFINITION,15145,0,0.4107984834493752,0.27124363383913846,4,1519,379,True,1.189442289030028
paper_64b04c99ea635be83301,T1b_EXPLICIT_DEFINITION,12931,0,0.21721734821039554,0.16798186390100964,1,1518,380,True,1.314500650801371
paper_30af98fd045e6e063607,T1b_EXPLICIT_DEFINITION,12817,0,0.16826460698619136,0.13128236481718916,4,1519,379,True,1.189442289030028
paper_0232cc466c60248dfdc3,T1b_EXPLICIT_DEFINITION,7087,0,0.1773538554506811,0.25025237117353055,1,1518,380,True,1.314500650801371
paper_06216ba1fd679f581e9b,T1b_EXPLICIT_DEFINITION,8191,0,0.26412519144226976,0.32245780911032806,0,1518,380,True,1.384005472288059
paper_b579347024e3bc641231,T1b_EXPLICIT_DEFINITION,3022,0,0.13419880032372863,0.44407280054178894,3,1519,379,True,1.2376448289616322
paper_3824e02ea70998383a7e,T1b_EXPLICIT_DEFINITION,12925,0,0.3383623171592831,0.26178902681569294,0,1518,380,True,1.384005472288059
paper_8614d958b1fd56258652,T1b_EXPLICIT_DEFINITION,10602,1,0.5537499839201372,0.5223070966988654,0,1518,380,True,1.384005472288059
paper_0b96938446e7a8a961b5,T1b_EXPLICIT_DEFINITION,17474,3,0.7140659067059963,0.4086447903777019,4,1519,379,True,1.189442289030028
paper_8c89891cdaa55dcdff15,T1b_EXPLICIT_DEFINITION,8004,1,0.2685989992904296,0.3355809586337201,1,1518,380,True,1.314500650801371
paper_2fa76b57fa652824daf1,T1b_EXPLICIT_DEFINITION,7230,0,0.12413371517568755,0.17169255211021792,0,1518,380,True,1.384005472288059
paper_70a806d1cbfd69a7b45e,T1b_EXPLICIT_DEFINITION,8600,0,0.44788139735139015,0.5207923225016164,3,1519,379,True,1.2376448289616322
paper_fb924389ccb8e78b3f2e,T1b_EXPLICIT_DEFINITION,11068,0,0.45057413687596687,0.4070962566642274,4,1519,379,True,1.189442289030028
paper_251e893761028cd925f7,T1b_EXPLICIT_DEFINITION,6367,0,0.23866852120079965,0.3748523970485309,0,1518,380,True,1.384005472288059
paper_a1519868149566c09b85,T1b_EXPLICIT_DEFINITION,8473,0,0.2945190259628401,0.347597103697439,1,1518,380,True,1.314500650801371
paper_f2ac582ab2137c281989,T1b_EXPLICIT_DEFINITION,17429,0,0.28201701988487665,0.16180906528479927,0,1518,380,True,1.384005472288059
paper_1505cb58904a14e9acef,T1b_EXPLICIT_DEFINITION,7756,0,0.3749992751645034,0.48349571320848816,4,1519,379,True,1.189442289030028
paper_9eca70ac9c66a0ecc684,T1b_EXPLICIT_DEFINITION,7970,1,0.3990450535207892,0.5006838814564482,4,1519,379,True,1.189442289030028
paper_190df2258f3e7ef7321c,T1b_EXPLICIT_DEFINITION,14499,2,0.6742670041092144,0.465043798958007,0,1518,380,True,1.384005472288059
paper_072bfbd0f8798926c557,T1b_EXPLICIT_DEFINITION,11933,2,0.5073469743060729,0.42516297184787805,0,1518,380,True,1.384005472288059
paper_c88fa716da4fb68afa81,T1b_EXPLICIT_DEFINITION,10691,0,0.21620538821283947,0.2022312114983065,0,1518,380,True,1.384005472288059
paper_ecaeb019206ece9b12b5,T1b_EXPLICIT_DEFINITION,3213,0,0.1331925552223796,0.4145426555318382,3,1519,379,True,1.2376448289616322
paper_9638a9b9407457710066,T1b_EXPLICIT_DEFINITION,22545,0,0.6240359635290369,0.276795725672671,2,1518,380,True,1.3963477696009834
paper_f75a51877cad3bfac087,T1b_EXPLICIT_DEFINITION,7587,0,0.14085527273015833,0.18565345028358812,0,1518,380,True,1.384005472288059
paper_233f31909fd3f28cf0e8,T1b_EXPLICIT_DEFINITION,11500,0,0.22947187487880955,0.19954076076418223,0,1518,380,True,1.384005472288059
paper_3931b2764d33f08f9b60,T1b_EXPLICIT_DEFINITION,10472,0,0.4810976738927964,0.459413363152021,3,1519,379,True,1.2376448289616322
paper_276e2d9ca1173f526ae1,T1b_EXPLICIT_DEFINITION,14978,0,0.7380533777370522,0.49275829732744836,3,1519,379,True,1.2376448289616322
paper_b005f05d79307aca2e7f,T1b_EXPLICIT_DEFINITION,18253,0,0.319950156888696,0.17528634026663892,0,1518,380,True,1.384005472288059
paper_b00d47de8a46a6c79806,T1b_EXPLICIT_DEFINITION,6885,0,0.2594861103329258,0.376886144274402,3,1519,379,True,1.2376448289616322
paper_27881da4624b6a406df0,T1b_EXPLICIT_DEFINITION,6751,0,0.2216835574942911,0.32837143755634884,0,1518,380,True,1.384005472288059
paper_14587ed0f5bdfc1a50ee,T1b_EXPLICIT_DEFINITION,11093,0,0.5645242881168698,0.5089013685358964,1,1518,380,True,1.314500650801371
paper_c677e24671caa0fb90fb,T1b_EXPLICIT_DEFINITION,6152,1,0.2960201371684361,0.48117707602151516,0,1518,380,True,1.384005472288059
paper_40e3cd75e93f814f97a0,T1b_EXPLICIT_DEFINITION,10991,0,0.336463893662477,0.3061267342939469,4,1519,379,True,1.189442289030028
paper_5d1d17020e2f0bfca95b,T1b_EXPLICIT_DEFINITION,11616,0,0.3869514340143735,0.3331193474641645,4,1519,379,True,1.189442289030028
paper_9cfcfcd2ed71c0ca6a56,T1b_EXPLICIT_DEFINITION,8722,0,0.219145773441045,0.25125633276891196,3,1519,379,True,1.2376448289616322
paper_a3ba67ec77c49d653ebb,T1b_EXPLICIT_DEFINITION,8792,0,0.29725569859725404,0.3380979283408258,2,1518,380,True,1.3963477696009834
paper_96ac22b722cc9f3876ef,T1b_EXPLICIT_DEFINITION,13547,0,0.3264939940254737,0.24100833691996285,4,1519,379,True,1.189442289030028
paper_480ef6f63ad202e0de3b,T1b_EXPLICIT_DEFINITION,10312,0,0.22358647881449506,0.21682164353616667,1,1518,380,True,1.314500650801371
paper_e3e5e74da4d406668197,T1b_EXPLICIT_DEFINITION,5982,0,0.27668334097244346,0.46252648106393096,0,1518,380,True,1.384005472288059
paper_76b5dd38ce3ab801e549,T1b_EXPLICIT_DEFINITION,10528,0,0.15960165571698534,0.15159731736035842,1,1518,380,True,1.314500650801371
paper_fda3c6da82b26c4d290c,T1b_EXPLICIT_DEFINITION,8134,0,0.40385243699551776,0.4964991848973663,4,1519,379,True,1.189442289030028
paper_34d89b2cd8b1d6aef44e,T1b_EXPLICIT_DEFINITION,15646,0,0.36528348482137574,0.23346764976439713,1,1518,380,True,1.314500650801371
paper_254433e21b7170b6b83a,T1b_EXPLICIT_DEFINITION,6766,0,0.3278379924607847,0.4845373817037906,1,1518,380,True,1.314500650801371
paper_c3a2a06ddc49daaa4b54,T1b_EXPLICIT_DEFINITION,9583,4,0.6044684177368008,0.6307715931720764,0,1518,380,True,1.384005472288059
paper_6b87b17f9d1a3a845b3a,T1b_EXPLICIT_DEFINITION,8504,0,0.26974602992640223,0.317199000383822,3,1519,379,True,1.2376448289616322
paper_21d71a2192b6e4163d69,T1b_EXPLICIT_DEFINITION,4061,0,0.22347273795532205,0.550289923554105,4,1519,379,True,1.189442289030028
paper_6365016e63ccb2f0cb3f,T1b_EXPLICIT_DEFINITION,11231,0,0.25902389263191383,0.23063297358375373,1,1518,380,True,1.314500650801371
paper_68bc91488ec451c8fb7e,T1b_EXPLICIT_DEFINITION,15224,0,0.32582839851949796,0.21402285767176693,1,1518,380,True,1.314500650801371
paper_0711aea5c961dd8c374d,T1b_EXPLICIT_DEFINITION,5214,0,0.1493775290839307,0.28649315129254066,0,1518,380,True,1.384005472288059
paper_f240d9d1ee41e7af2920,T1b_EXPLICIT_DEFINITION,7505,0,0.2206547706464691,0.2940103539593193,3,1519,379,True,1.2376448289616322
paper_cdcf8c0ec6e244c9da7d,T1b_EXPLICIT_DEFINITION,16087,0,0.4136145081268511,0.2571110263733767,4,1519,379,True,1.189442289030028
paper_94955909662fc0f4ebf4,T1b_EXPLICIT_DEFINITION,21566,0,0.9232917714170725,0.4281237927372125,2,1518,380,True,1.3963477696009834
paper_75ba7a8d3c3e91ae2125,T1b_EXPLICIT_DEFINITION,3441,0,0.07686911837060223,0.22339179997268882,2,1518,380,True,1.3963477696009834
paper_84a70fcea3b65b7355ec,T1b_EXPLICIT_DEFINITION,7251,2,0.3583548793198694,0.4942144246584877,1,1518,380,True,1.314500650801371
paper_4095b334fa6e74b81f84,T1b_EXPLICIT_DEFINITION,17112,3,0.5324224413663915,0.3111398091201446,4,1519,379,True,1.189442289030028
paper_5cbb72428f2974a70216,T1b_EXPLICIT_DEFINITION,10923,0,0.6202125411270064,0.5678042123290363,2,1518,380,True,1.3963477696009834
paper_5a8f097e6159fed3e1dc,T1b_EXPLICIT_DEFINITION,11789,0,0.41580691923485336,0.3527075402789493,2,1518,380,True,1.3963477696009834
paper_a2eacde7fcf945fa8df6,T1b_EXPLICIT_DEFINITION,10378,0,0.4029608620104819,0.38828373676091915,3,1519,379,True,1.2376448289616322
paper_2a42f1ff9bd9c93161c2,T1b_EXPLICIT_DEFINITION,14531,1,0.5849141810147535,0.40252851215659863,0,1518,380,True,1.384005472288059
paper_6a2566344144df787916,T1b_EXPLICIT_DEFINITION,9247,1,0.41648710218323054,0.4504024031396459,1,1518,380,True,1.314500650801371
paper_bd33e8fd432779663ca7,T1b_EXPLICIT_DEFINITION,4344,0,0.3193840450761685,0.735230306344771,3,1519,379,True,1.2376448289616322
paper_43981dd764fb9b292128,T1b_EXPLICIT_DEFINITION,7976,0,0.2617649216492391,0.32819072423425166,4,1519,379,True,1.189442289030028
paper_2b927acd6b0595e0fbfb,T1b_EXPLICIT_DEFINITION,11411,0,0.6200627853161098,0.5433903998914291,4,1519,379,True,1.189442289030028
paper_46763484e876b1610d47,T1b_EXPLICIT_DEFINITION,9359,0,0.27605125503934186,0.2949580671432224,3,1519,379,True,1.2376448289616322
paper_e6973e2b099a57d76505,T1b_EXPLICIT_DEFINITION,10924,0,0.414945570907028,0.37984764821221895,3,1519,379,True,1.2376448289616322
paper_0bffd162d203a1f7b8c6,T1b_EXPLICIT_DEFINITION,8412,0,0.2699028477173608,0.32085455030594484,2,1518,380,True,1.3963477696009834
paper_c2ac44375b1d92f4f814,T1b_EXPLICIT_DEFINITION,449,0,0.0440181364665776,0.9803593867834655,4,1519,379,True,1.189442289030028
paper_bd4546a641a1bdd72a78,T1b_EXPLICIT_DEFINITION,7044,0,0.1913016559090033,0.27158099930295754,3,1519,379,True,1.2376448289616322
paper_24fe4b2effdf7c3aa1db,T1b_EXPLICIT_DEFINITION,12345,0,0.40902409892173675,0.33132774315248015,2,1518,380,True,1.3963477696009834
paper_885e837f21bcf28ca60b,T1b_EXPLICIT_DEFINITION,15938,1,0.5798779234800474,0.3638335572092153,0,1518,380,True,1.384005472288059
paper_782f0a0f6237b3871019,T1b_EXPLICIT_DEFINITION,20218,2,0.8421247309319442,0.41652227269361175,4,1519,379,True,1.189442289030028
paper_cce946fd7f9a51375e1e,T1b_EXPLICIT_DEFINITION,22297,0,0.5244470341969344,0.23520968479927096,2,1518,380,True,1.3963477696009834
paper_a7dac2e3bae1747435ba,T1b_EXPLICIT_DEFINITION,13370,1,0.5233616384807899,0.39144475578219134,1,1518,380,True,1.314500650801371
paper_6dc8fab0b2f8787538a0,T1b_EXPLICIT_DEFINITION,2247,0,0.07990281569475029,0.3555977556508691,1,1518,380,True,1.314500650801371
paper_dfc8976198fdb56f04dd,T1b_EXPLICIT_DEFINITION,4386,0,0.2923187971809054,0.6664815257202586,3,1519,379,True,1.2376448289616322
paper_97a8687cac5aafc42602,T1b_EXPLICIT_DEFINITION,6255,0,0.7136237791302718,1.1408853383377646,2,1518,380,True,1.3963477696009834
paper_d0cda66392b22526445e,T1b_EXPLICIT_DEFINITION,12029,0,0.30057202466911626,0.24987282789019555,2,1518,380,True,1.3963477696009834
paper_8b873330b79ed7eaa513,T1b_EXPLICIT_DEFINITION,6703,0,0.1476692760297032,0.22030326127062985,3,1519,379,True,1.2376448289616322
paper_664bbbd2927cf5a8c793,T1b_EXPLICIT_DEFINITION,17906,0,0.5757402535550453,0.32153482271587475,1,1518,380,True,1.314500650801371
paper_c04deb4c3f4bb3dad1f0,T1b_EXPLICIT_DEFINITION,8932,0,0.3128517686535845,0.3502594812512142,2,1518,380,True,1.3963477696009834
paper_927858d424e2b9cea9ba,T1b_EXPLICIT_DEFINITION,11141,0,0.6821487063204057,0.6122867842387628,2,1518,380,True,1.3963477696009834
paper_471d115d1a36a551996f,T1b_EXPLICIT_DEFINITION,15726,0,0.5068098936730596,0.3222751454108226,3,1519,379,True,1.2376448289616322
paper_70eda2eb1a05bdfa7e19,T1b_EXPLICIT_DEFINITION,5892,0,0.47070299701749263,0.7988849236549435,2,1518,380,True,1.3963477696009834
paper_48b7ec807069e8d2c488,T1b_EXPLICIT_DEFINITION,1461,0,0.10341802749970604,0.7078578199842986,0,1518,380,True,1.384005472288059
paper_2639059271b0a3aa3c6f,T1b_EXPLICIT_DEFINITION,407,0,0.03472215726310103,0.8531242570786495,4,1519,379,True,1.189442289030028
paper_4b85962af18143d5abdf,T1b_EXPLICIT_DEFINITION,6716,0,0.19782198207146628,0.29455327884375565,2,1518,380,True,1.3963477696009834
paper_82ada25e588ffde0797b,T1b_EXPLICIT_DEFINITION,49060,0,1.8052405125419926,0.3679658606893585,4,1519,379,True,1.189442289030028
paper_cc9b4421cec4c4f430f6,T1b_EXPLICIT_DEFINITION,10034,0,0.23823188063474288,0.23742463686938695,4,1519,379,True,1.189442289030028
paper_1645a5d395c467c28675,T1b_EXPLICIT_DEFINITION,10360,1,1.1011920680109957,1.0629267065743202,2,1518,380,True,1.3963477696009834
paper_60435861dc4b28fce705,T1b_EXPLICIT_DEFINITION,6845,1,0.13490438597459248,0.197084566799989,3,1519,379,True,1.2376448289616322
paper_0ce613e2f32acae68fe5,T1b_EXPLICIT_DEFINITION,9782,0,0.3221322330398347,0.3293112175831473,4,1519,379,True,1.189442289030028
paper_d3701df2622169ea49d6,T1b_EXPLICIT_DEFINITION,10999,0,0.3081681829423699,0.28017836434436755,0,1518,380,True,1.384005472288059
paper_583ba179ad1bd014f19f,T1b_EXPLICIT_DEFINITION,18986,0,0.7278739674288169,0.3833740479452317,4,1519,379,True,1.189442289030028
paper_0f7e85cba4ea1f161796,T1b_EXPLICIT_DEFINITION,8809,0,0.24157143665402625,0.27423253110912277,4,1519,379,True,1.189442289030028
paper_050e0efec10ad1f0a9fe,T1b_EXPLICIT_DEFINITION,20161,1,0.8540435334661395,0.4236116926075788,1,1518,380,True,1.314500650801371
paper_462564d91183c05007a4,T1b_EXPLICIT_DEFINITION,12762,0,0.24424923320339723,0.19138789625716754,0,1518,380,True,1.384005472288059
paper_2910bf55c20bb603f151,T1b_EXPLICIT_DEFINITION,9997,0,0.12363513403291901,0.12367223570363009,1,1518,380,True,1.314500650801371
paper_337e748ad8435a82418a,T1b_EXPLICIT_DEFINITION,11891,0,0.3178867512659456,0.2673339090622703,3,1519,379,True,1.2376448289616322
paper_1f4567b736135e989979,T1b_EXPLICIT_DEFINITION,6356,0,0.37306722976077916,0.5869528473265877,3,1519,379,True,1.2376448289616322
paper_e365b2946291c86625f8,T1b_EXPLICIT_DEFINITION,13741,0,0.2679584170031197,0.19500648934074644,0,1518,380,True,1.384005472288059
paper_10592854365645e9bbb6,T1b_EXPLICIT_DEFINITION,7164,1,0.257953316090053,0.36006883876333473,4,1519,379,True,1.189442289030028
paper_def9d9309b4003de0ded,T1b_EXPLICIT_DEFINITION,10476,0,0.36027811214985805,0.3439080871991772,3,1519,379,True,1.2376448289616322
paper_0ec8a1fff8943d1ae2df,T1b_EXPLICIT_DEFINITION,10819,0,0.22479786040547148,0.20778062705007067,0,1518,380,True,1.384005472288059
paper_dc7ff9902941aa396652,T1b_EXPLICIT_DEFINITION,12219,0,0.38455218761657284,0.31471657878433,3,1519,379,True,1.2376448289616322
paper_56467e511c7c5531b99a,T1b_EXPLICIT_DEFINITION,6024,0,0.18829774800526364,0.31257926295694494,1,1518,380,True,1.314500650801371
paper_838f47356ba40564b3ac,T1b_EXPLICIT_DEFINITION,10397,0,0.47966123198779925,0.46134580358545657,2,1518,380,True,1.3963477696009834
paper_6f5456855514128c0fd6,T1b_EXPLICIT_DEFINITION,8247,0,0.2360176775017132,0.28618610100850395,2,1518,380,True,1.3963477696009834
paper_d2eac0088861f06e06e3,T1b_EXPLICIT_DEFINITION,8729,1,0.8340190456111758,0.9554577220886422,4,1519,379,True,1.189442289030028
paper_6ba850a9ab17db2dae58,T1b_EXPLICIT_DEFINITION,15497,1,1.0218634779822109,0.659394384708144,4,1519,379,True,1.189442289030028
paper_f766d0e99ef832cea663,T1b_EXPLICIT_DEFINITION,3225,0,0.06707752770567361,0.20799233397108097,1,1518,380,True,1.314500650801371
paper_fb4e7a3a63bf54771fa1,T1b_EXPLICIT_DEFINITION,11218,0,0.2565647120672782,0.22870806923451437,2,1518,380,True,1.3963477696009834
paper_c71152dbc5850c074bbc,T1b_EXPLICIT_DEFINITION,15404,0,0.4186783210787393,0.2717984426634246,0,1518,380,True,1.384005472288059
paper_1c21e07003a6a2ace85f,T1b_EXPLICIT_DEFINITION,11614,0,0.48091352772840174,0.4140808745724141,4,1519,379,True,1.189442289030028
paper_44e0d5bcb4ae4c4e36b0,T1b_EXPLICIT_DEFINITION,11951,0,0.22688312533154203,0.189844469359503,3,1519,379,True,1.2376448289616322
paper_1abf736f1f1f6870a4c7,T1b_EXPLICIT_DEFINITION,11382,0,0.23280110524668615,0.20453444495403808,2,1518,380,True,1.3963477696009834
paper_fb930d159272344a0721,T1b_EXPLICIT_DEFINITION,8471,0,0.2768574358626497,0.3268296964498285,3,1519,379,True,1.2376448289616322
paper_83d6440ad70ea0a7d858,T1b_EXPLICIT_DEFINITION,19358,1,0.5575729715064125,0.2880323233321689,2,1518,380,True,1.3963477696009834
paper_48bdcdab69ea39f7f2f1,T1b_EXPLICIT_DEFINITION,8876,0,0.1739850147802622,0.19601736680966902,3,1519,379,True,1.2376448289616322
paper_d177441904486e4f45e7,T1b_EXPLICIT_DEFINITION,4837,1,0.23713591925427746,0.49025412291560355,2,1518,380,True,1.3963477696009834
paper_06f28f494ab4fc8cbfaf,T1b_EXPLICIT_DEFINITION,13928,0,0.25599682024481957,0.18380012941184634,2,1518,380,True,1.3963477696009834
paper_d8e4d2ebb449ff45541d,T1b_EXPLICIT_DEFINITION,12366,0,0.4084393632657731,0.33029222324581364,2,1518,380,True,1.3963477696009834
paper_16f52298d6daf40db176,T1b_EXPLICIT_DEFINITION,15042,0,0.4454208204202828,0.2961180829811746,1,1518,380,True,1.314500650801371
paper_55b4b2bdafbd819c7d8a,T1b_EXPLICIT_DEFINITION,9264,0,0.4213406202721201,0.45481500461152863,4,1519,379,True,1.189442289030028
paper_ebf04dca48b284656891,T1b_EXPLICIT_DEFINITION,8092,0,0.44772835163857855,0.553297518090186,3,1519,379,True,1.2376448289616322
paper_0fe592fa232c553c1e74,T1b_EXPLICIT_DEFINITION,887,0,0.0415057179210024,0.4679336856933754,0,1518,380,True,1.384005472288059
paper_4906a874f0698bc17bd3,T1b_EXPLICIT_DEFINITION,8872,2,0.25983635923281606,0.29287236162400365,3,1519,379,True,1.2376448289616322
paper_92969607871cfe57fe43,T1b_EXPLICIT_DEFINITION,6508,0,0.17647616225936164,0.2711680428078697,1,1518,380,True,1.314500650801371
paper_9d036f816105712cf14d,T1b_EXPLICIT_DEFINITION,9538,0,0.460592231503326,0.48290231862374294,2,1518,380,True,1.3963477696009834
paper_513c448af01021af98d8,T1b_EXPLICIT_DEFINITION,30609,0,1.0925878858840556,0.3569498794093422,3,1519,379,True,1.2376448289616322
paper_f06a8e9f5f8a4b8d1499,T1b_EXPLICIT_DEFINITION,11265,0,0.41693040122495256,0.3701113193297404,3,1519,379,True,1.2376448289616322
paper_eb379388589e5f345a04,T1b_EXPLICIT_DEFINITION,10269,0,0.40082414023234303,0.39032441350895225,2,1518,380,True,1.3963477696009834
paper_e1a9ba013944aad3196e,T1b_EXPLICIT_DEFINITION,7069,0,0.1927913233047988,0.2727278586855267,3,1519,379,True,1.2376448289616322
paper_cebd4830799f542e23ff,T1b_EXPLICIT_DEFINITION,1957,0,0.23300525021121007,1.1906246817128772,4,1519,379,True,1.189442289030028
paper_cf6e681f23fb0fba0c64,T1b_EXPLICIT_DEFINITION,4562,0,0.19150551721951992,0.4197841236727749,2,1518,380,True,1.3963477696009834
paper_ac4d2f9b1c56feb41b26,T1b_EXPLICIT_DEFINITION,7527,0,0.3730583577298228,0.4956268868471141,2,1518,380,True,1.3963477696009834
paper_be0e7d5b81995f9db5e7,T1b_EXPLICIT_DEFINITION,4776,0,0.09581891122965773,0.2006258610336217,3,1519,379,True,1.2376448289616322
paper_073064198401df831d2c,T1b_EXPLICIT_DEFINITION,5724,0,0.11358110017945651,0.19842959500254456,2,1518,380,True,1.3963477696009834
paper_bc7eb85ff159c4fcaf32,T1b_EXPLICIT_DEFINITION,10958,0,0.5354159186663803,0.48860733588828276,3,1519,379,True,1.2376448289616322
paper_772843d89b24948dd741,T1b_EXPLICIT_DEFINITION,18996,0,1.1464209351865136,0.6035064935704957,4,1519,379,True,1.189442289030028
paper_be855fb98ce8a2a0e487,T1b_EXPLICIT_DEFINITION,10337,0,0.2938086200324682,0.2842300667819176,3,1519,379,True,1.2376448289616322
paper_6a8becc5c88f09b869f3,T1b_EXPLICIT_DEFINITION,7097,0,0.16515694461493874,0.23271374470190045,2,1518,380,True,1.3963477696009834
paper_ce666477947bde040935,T1b_EXPLICIT_DEFINITION,11424,1,0.3618461872262996,0.31674211066727903,2,1518,380,True,1.3963477696009834
paper_46b8f27edf61a5ba6af1,T1b_EXPLICIT_DEFINITION,11065,0,0.46471482189547253,0.41998628277946004,4,1519,379,True,1.189442289030028
paper_900fb6d9761c5ddee474,T1b_EXPLICIT_DEFINITION,11798,0,0.5926257446140859,0.502310344646623,1,1518,380,True,1.314500650801371
paper_33d29fa4c709b83e9173,T1b_EXPLICIT_DEFINITION,11019,0,0.5890598243330706,0.5345855561603327,4,1519,379,True,1.189442289030028
paper_cf5ea2d3b25b1fc2454b,T1b_EXPLICIT_DEFINITION,7905,0,0.18202501299077745,0.23026567108257742,1,1518,380,True,1.314500650801371
paper_7d1b5e39456d84705bab,T1b_EXPLICIT_DEFINITION,15852,0,0.3729642699629587,0.23527899947196487,1,1518,380,True,1.314500650801371
paper_1bc583c06e4ee3d14b2b,T1b_EXPLICIT_DEFINITION,10566,0,0.667564713216954,0.631804574310954,3,1519,379,True,1.2376448289616322
paper_a867f98be92c696e99b7,T1b_EXPLICIT_DEFINITION,12229,0,0.5915295160078708,0.4837104554811275,0,1518,380,True,1.384005472288059
paper_437ee465e45b2bbe0b0a,T1b_EXPLICIT_DEFINITION,630,0,0.05692189054912061,0.9035220722082636,3,1519,379,True,1.2376448289616322
paper_318bc73c6253e1aee894,T1b_EXPLICIT_DEFINITION,11777,0,0.468381128332735,0.3977083538530483,0,1518,380,True,1.384005472288059
paper_0e735e600aaa99e681ce,T1b_EXPLICIT_DEFINITION,8317,0,0.5591519559790921,0.6723000552832656,4,1519,379,True,1.189442289030028
paper_9dda9fd662e16f63aea6,T1b_EXPLICIT_DEFINITION,5688,2,0.17170873800831893,0.3018789346137815,1,1518,380,True,1.314500650801371
paper_a26a228781934eb1c537,T1b_EXPLICIT_DEFINITION,2203,0,0.16847750180471924,0.7647639664308635,0,1518,380,True,1.384005472288059
paper_780ca30bca1371cb91c6,T1b_EXPLICIT_DEFINITION,4890,0,0.41369157566145437,0.8459950422524629,0,1518,380,True,1.384005472288059
paper_f33629526b9e8dec9b5e,T1b_EXPLICIT_DEFINITION,6599,0,0.33529421938998477,0.5080985291559096,0,1518,380,True,1.384005472288059
paper_769ae64af226fe449181,T1b_EXPLICIT_DEFINITION,11795,0,0.2869498451013291,0.24328091996721415,4,1519,379,True,1.189442289030028
paper_cc9ed1f379259d9c2e94,T1b_EXPLICIT_DEFINITION,7591,0,0.4051073455617243,0.5336679562135743,2,1518,380,True,1.3963477696009834
paper_07f217e000b1db2955b5,T1b_EXPLICIT_DEFINITION,534,0,0.042121333915280605,0.7887890246307229,3,1519,379,True,1.2376448289616322
paper_75d5824249e114a70cb6,T1b_EXPLICIT_DEFINITION,3868,0,0.16151116101760046,0.4175572932202701,1,1518,380,True,1.314500650801371
paper_8d1b156790f21393b4e1,T1b_EXPLICIT_DEFINITION,2008,0,0.1574674266976837,0.7842003321597794,1,1518,380,True,1.314500650801371
paper_fd19685206cd80b2e8af,T1b_EXPLICIT_DEFINITION,10185,0,0.5478145649397247,0.5378640794695383,4,1519,379,True,1.189442289030028
paper_8f5a80389272c2b14e09,T1b_EXPLICIT_DEFINITION,4241,0,0.0942648272439766,0.22227028352741476,1,1518,380,True,1.314500650801371
paper_f5290df23f6ebbf4d530,T1b_EXPLICIT_DEFINITION,11986,0,0.31782720907169515,0.2651653671547598,1,1518,380,True,1.314500650801371
paper_4562ada1fc1e34be0aa5,T1b_EXPLICIT_DEFINITION,3613,0,0.18884360385974353,0.5226781175193566,1,1518,380,True,1.314500650801371
paper_1326e03962da71949e0e,T1b_EXPLICIT_DEFINITION,12181,0,0.542418965301765,0.44529920803034645,1,1518,380,True,1.314500650801371
paper_7cbaf3a63f383f04f586,T1b_EXPLICIT_DEFINITION,7164,0,0.38676860087290427,0.5398780023351539,3,1519,379,True,1.2376448289616322
paper_009e1ffb00faff097f0a,T1b_EXPLICIT_DEFINITION,9195,0,0.2622218898548573,0.2851787817888606,4,1519,379,True,1.189442289030028
paper_3bafa4a79b7e89fc0a5e,T1b_EXPLICIT_DEFINITION,9251,0,0.2676341533035462,0.2893029437936938,2,1518,380,True,1.3963477696009834
paper_c493ee04650e24bc9262,T1b_EXPLICIT_DEFINITION,10752,0,0.22940897553984146,0.21336400254821566,0,1518,380,True,1.384005472288059
paper_e3a1a7befb994dcb7e6a,T1b_EXPLICIT_DEFINITION,9238,0,0.1923098254175156,0.2081725756846889,4,1519,379,True,1.189442289030028
paper_3c458e8426ff50cd83a8,T1b_EXPLICIT_DEFINITION,15164,0,0.4735678702662126,0.3122974612676158,3,1519,379,True,1.2376448289616322
paper_0fa0164a3e53bdfefc86,T1b_EXPLICIT_DEFINITION,15372,0,0.2827994225040372,0.1839704804215699,1,1518,380,True,1.314500650801371
paper_d233e8cdb8ca793ee1b6,T1b_EXPLICIT_DEFINITION,9833,0,0.24224545406661888,0.24635966039521906,2,1518,380,True,1.3963477696009834
paper_6d2c20d9a4b4a6edade7,T1b_EXPLICIT_DEFINITION,4157,0,0.11729107056860145,0.28215316470676316,2,1518,380,True,1.3963477696009834
paper_6b79e30c977d3f246ae8,T1b_EXPLICIT_DEFINITION,11067,0,0.33749396288058975,0.30495523889092774,4,1519,379,True,1.189442289030028
paper_8a5acc89d7b1cbb5da6a,T1b_EXPLICIT_DEFINITION,5655,0,0.35543174964329005,0.6285265245681522,0,1518,380,True,1.384005472288059
paper_07c9ea928687c1aed57c,T1b_EXPLICIT_DEFINITION,9352,0,0.33254627950949855,0.35558840837200445,3,1519,379,True,1.2376448289616322
paper_029eab9034ce84cdbecb,T1b_EXPLICIT_DEFINITION,10930,0,0.37351067852380315,0.3417298065176607,4,1519,379,True,1.189442289030028
paper_338315c4ce05cecd82c8,T1b_EXPLICIT_DEFINITION,5154,0,0.156679078563752,0.30399510780704697,1,1518,380,True,1.314500650801371
paper_11c16d5f80d944fde4f9,T1b_EXPLICIT_DEFINITION,13418,0,0.5281879785581551,0.3936413612745231,3,1519,379,True,1.2376448289616322
paper_e1a4e627071aff86f5e1,T1b_EXPLICIT_DEFINITION,11981,1,0.48033217390724137,0.4009115882707966,1,1518,380,True,1.314500650801371
paper_7214c2ea2b9041f9d360,T1b_EXPLICIT_DEFINITION,15413,2,0.3556549511138158,0.23074998450257303,4,1519,379,True,1.189442289030028
paper_4516ab29b73cc618f530,T1b_EXPLICIT_DEFINITION,8568,0,0.20972362248707258,0.2447754697561538,0,1518,380,True,1.384005472288059
paper_833a553eafe91386ba81,T1b_EXPLICIT_DEFINITION,4598,0,0.161195231665211,0.3505768413771444,3,1519,379,True,1.2376448289616322
paper_2c176014a0257fb9cc47,T1b_EXPLICIT_DEFINITION,9920,0,0.2260263248846192,0.2278491178272371,1,1518,380,True,1.314500650801371
paper_3b52b2355f8e01112a03,T1b_EXPLICIT_DEFINITION,8026,0,0.34898880739951993,0.4348228350355344,0,1518,380,True,1.384005472288059
paper_c9fdc8cedb5be40f0dc1,T1b_EXPLICIT_DEFINITION,17074,2,1.0514192012699302,0.615801336107491,3,1519,379,True,1.2376448289616322
paper_87f3d7eccc9ceb06ff2f,T1b_EXPLICIT_DEFINITION,4950,1,0.3191929555905207,0.6448342537182237,4,1519,379,True,1.189442289030028
paper_a07be0b922a6a4d5a1e9,T1b_EXPLICIT_DEFINITION,5926,1,0.5295753104683087,0.8936471658256983,4,1519,379,True,1.189442289030028
paper_dd96768b401139c7059f,T1b_EXPLICIT_DEFINITION,13424,1,0.3963342095356989,0.29524300471968035,3,1519,379,True,1.2376448289616322
paper_bea3698e1259b05a513f,T1b_EXPLICIT_DEFINITION,9726,0,0.8412306232691648,0.8649296969660341,3,1519,379,True,1.2376448289616322
paper_36d630f627cf67853127,T1b_EXPLICIT_DEFINITION,15180,0,0.6162614325161786,0.40596932313318745,4,1519,379,True,1.189442289030028
paper_584e5d6f39a54f268581,T1b_EXPLICIT_DEFINITION,10916,0,0.2527145650555733,0.23150839598348602,3,1519,379,True,1.2376448289616322
paper_8e32e74457d3a767dfc5,T1b_EXPLICIT_DEFINITION,20471,0,0.8474831848480291,0.4139920789644029,2,1518,380,True,1.3963477696009834
paper_25931cee38fa367141be,T1b_EXPLICIT_DEFINITION,9473,0,0.24787982009238915,0.26166981958449187,4,1519,379,True,1.189442289030028
paper_d2a860352e2abc4cf61a,T1b_EXPLICIT_DEFINITION,10418,0,0.45114174222457304,0.43304064333324344,2,1518,380,True,1.3963477696009834
paper_36079692e31980b48fef,T1b_EXPLICIT_DEFINITION,6903,0,0.18821244039573473,0.2726531079179121,1,1518,380,True,1.314500650801371
paper_b6b0623f2398930e5f5f,T1b_EXPLICIT_DEFINITION,3573,2,0.13735109938814302,0.3844139361548923,3,1519,379,True,1.2376448289616322
paper_260c6937e35e1e5ecb8a,T1b_EXPLICIT_DEFINITION,26445,2,0.7804933978991441,0.29513836184501574,2,1518,380,True,1.3963477696009834
paper_a1bff7fefde21c114512,T1b_EXPLICIT_DEFINITION,10213,1,0.27028850361628964,0.26465142819572074,1,1518,380,True,1.314500650801371
paper_1e6221d350bec18f02d2,T1b_EXPLICIT_DEFINITION,8661,0,0.37496853209118786,0.4329390741152152,0,1518,380,True,1.384005472288059
paper_62d201305fdcd3046947,T1b_EXPLICIT_DEFINITION,4672,0,0.2579343364023598,0.5520854803132701,4,1519,379,True,1.189442289030028
paper_7948b462948f5b111cc2,T1b_EXPLICIT_DEFINITION,12912,0,0.23493172332491466,0.18194836069153864,1,1518,380,True,1.314500650801371
paper_e924e456ceaca93fa45c,T1b_EXPLICIT_DEFINITION,3905,0,0.25497732521234623,0.6529508968305922,4,1519,379,True,1.189442289030028
paper_e74918395456cb11f56d,T1b_EXPLICIT_DEFINITION,8069,1,0.43303495307702455,0.5366649560999189,4,1519,379,True,1.189442289030028
paper_7399735fd99f002b3d09,T1b_EXPLICIT_DEFINITION,364,0,0.028626239363684497,0.7864351473539697,3,1519,379,True,1.2376448289616322
paper_826b9125b26490b92083,T1b_EXPLICIT_DEFINITION,11385,0,0.26988436820362693,0.23705258515909258,3,1519,379,True,1.2376448289616322
paper_1feff77d842c50d00d5a,T1b_EXPLICIT_DEFINITION,8403,0,0.2852780549253483,0.33949548366696214,0,1518,380,True,1.384005472288059
paper_5622e48049ec2935fe07,T1b_EXPLICIT_DEFINITION,21319,0,0.2812251065598598,0.13191289767806175,2,1518,380,True,1.3963477696009834
paper_09b9fe96046cdf192d6b,T1b_EXPLICIT_DEFINITION,12402,1,0.35792548730419393,0.28860303765859857,1,1518,380,True,1.314500650801371
paper_88185f5d588e4f96f362,T1b_EXPLICIT_DEFINITION,10563,0,0.41772884561680107,0.3954642105621519,3,1519,379,True,1.2376448289616322
paper_39e8f5594ef043593de9,T1b_EXPLICIT_DEFINITION,8825,0,0.4259723894607934,0.48268826001223053,4,1519,379,True,1.189442289030028
paper_169d152bd78e1f0e9b49,T1b_EXPLICIT_DEFINITION,7831,0,0.2191007894502137,0.2797864761208194,0,1518,380,True,1.384005472288059
paper_8ba295c2e16a973f8058,T1b_EXPLICIT_DEFINITION,11284,0,0.257186146784582,0.22792108009977136,0,1518,380,True,1.384005472288059
paper_cd7bd86e9372991efbcf,T1b_EXPLICIT_DEFINITION,8622,0,0.37768678845134673,0.4380500909897318,1,1518,380,True,1.314500650801371
paper_604ab3e72068761d0f8c,T1b_EXPLICIT_DEFINITION,5074,0,0.2144042549366959,0.4225547003088213,4,1519,379,True,1.189442289030028
paper_011ae5a30c23e38fafea,T1b_EXPLICIT_DEFINITION,7905,0,0.44631462295796764,0.5645978785047029,0,1518,380,True,1.384005472288059
paper_15b67ce3374963afc5d5,T1b_EXPLICIT_DEFINITION,10067,1,0.26036526778195984,0.25863243049762574,2,1518,380,True,1.3963477696009834
paper_8dafbce5fb34e25f3bf6,T1b_EXPLICIT_DEFINITION,6810,1,0.5544411099788809,0.8141572833757427,0,1518,380,True,1.384005472288059
paper_0053bcca6f8f67a57ad5,T1b_EXPLICIT_DEFINITION,8967,0,0.3204110239339038,0.35732243106267847,4,1519,379,True,1.189442289030028
paper_36e100af2733ee6a2ae6,T1b_EXPLICIT_DEFINITION,12550,0,0.6759560378678361,0.5386103887393117,0,1518,380,True,1.384005472288059
paper_46e8f97f2081552de5f7,T1b_EXPLICIT_DEFINITION,13234,0,0.5134838874690175,0.3880035419895856,2,1518,380,True,1.3963477696009834
paper_f30f6ee41d1bce340228,T1b_EXPLICIT_DEFINITION,11149,0,0.44861754899996226,0.40238366579958945,4,1519,379,True,1.189442289030028
paper_07a3b3056cc42097fbf2,T1b_EXPLICIT_DEFINITION,17090,0,0.6843999169411261,0.4004680614049889,2,1518,380,True,1.3963477696009834
paper_eb53a568018997d7a5a4,T1b_EXPLICIT_DEFINITION,10693,0,0.5303075626784896,0.4959389906279712,0,1518,380,True,1.384005472288059
paper_3fd6b65e358d7c3c8e29,T1b_EXPLICIT_DEFINITION,16434,0,0.5913643553107576,0.3598420076127282,3,1519,379,True,1.2376448289616322
paper_46fe22a95d6bd3b48195,T1b_EXPLICIT_DEFINITION,16760,1,0.8441357197661495,0.5036609306480606,3,1519,379,True,1.2376448289616322
paper_b77cf25cfcce558611e0,T1b_EXPLICIT_DEFINITION,9592,0,0.2466522022296177,0.25714366370894254,2,1518,380,True,1.3963477696009834
paper_201ccd1a0144f8ac3399,T1b_EXPLICIT_DEFINITION,6230,0,0.2159878617109041,0.3466899866948701,1,1518,380,True,1.314500650801371
paper_71207db0d83368572f67,T1b_EXPLICIT_DEFINITION,6855,1,0.42492477400458545,0.6198756732379073,0,1518,380,True,1.384005472288059
paper_c35f24f154d422c07108,T1b_EXPLICIT_DEFINITION,6284,0,0.26670943814503156,0.42442622238229083,2,1518,380,True,1.3963477696009834
paper_8dc8785106d0600e3d72,T1b_EXPLICIT_DEFINITION,13048,0,0.4839223236430718,0.370878543564586,3,1519,379,True,1.2376448289616322
paper_290f6096e9f482df0c66,T1b_EXPLICIT_DEFINITION,10260,0,0.4049132154888161,0.39465225681171157,4,1519,379,True,1.189442289030028
paper_d0635a46f2116c940eab,T1b_EXPLICIT_DEFINITION,11146,1,0.3237832984723627,0.2904928211666631,1,1518,380,True,1.314500650801371
paper_6195f36858a7f96beff7,T1b_EXPLICIT_DEFINITION,12193,0,0.19543471136710405,0.16028435279841224,1,1518,380,True,1.314500650801371
paper_2fa4ade2a3d21eee9f61,T1b_EXPLICIT_DEFINITION,8197,0,0.2966881653451036,0.36194725551433893,1,1518,380,True,1.314500650801371
paper_d4237e6fab9b882ccc6a,T1b_EXPLICIT_DEFINITION,14197,2,0.49544536742667783,0.34897891626870314,2,1518,380,True,1.3963477696009834
paper_4f0f5f1c1f7b7e7030ff,T1b_EXPLICIT_DEFINITION,10295,0,0.3151394998448149,0.30610927619700323,1,1518,380,True,1.314500650801371
paper_219e1e1c50a1bb0918fd,T1b_EXPLICIT_DEFINITION,9676,1,0.5527129413542983,0.5712204850705852,2,1518,380,True,1.3963477696009834
paper_8b945006f5be45871ad5,T1b_EXPLICIT_DEFINITION,7867,0,0.19520611292616238,0.24813284978538502,3,1519,379,True,1.2376448289616322
paper_471dc4b422d421f1b612,T1b_EXPLICIT_DEFINITION,10407,1,0.35537170311175914,0.3414737226018633,1,1518,380,True,1.314500650801371
paper_a77c646349b9ec2d4c07,T1b_EXPLICIT_DEFINITION,7950,1,0.4042090645155195,0.5084390748622887,3,1519,379,True,1.2376448289616322
paper_be27d188b6e017ce6b22,T1b_EXPLICIT_DEFINITION,6850,0,0.27690475391749114,0.40424051666787025,1,1518,380,True,1.314500650801371
paper_99b1113a442b4f68d2be,T1b_EXPLICIT_DEFINITION,7433,2,0.22611689253664233,0.3042067705322781,1,1518,380,True,1.314500650801371
paper_39af26e81b585e755cdf,T1b_EXPLICIT_DEFINITION,10878,1,0.45485742444603183,0.41814435047438114,3,1519,379,True,1.2376448289616322
paper_2d099084242b939a3af5,T1b_EXPLICIT_DEFINITION,2693,0,0.23202156027197962,0.8615728194280714,1,1518,380,True,1.314500650801371
paper_663f877088137c6164e3,T1b_EXPLICIT_DEFINITION,10090,0,0.501354849898572,0.49688290376468985,4,1519,379,True,1.189442289030028
paper_6d8df9b9c2f98d5dea5d,T1b_EXPLICIT_DEFINITION,18721,0,0.5062377812748418,0.27041172014039944,2,1518,380,True,1.3963477696009834
paper_bf54d15a31f43b340d68,T1b_EXPLICIT_DEFINITION,22908,0,0.9315614643538533,0.40665333698003026,4,1519,379,True,1.189442289030028
paper_10391aa2210ab4785e17,T1b_EXPLICIT_DEFINITION,7625,2,0.23230535689137669,0.30466276313623175,3,1519,379,True,1.2376448289616322
paper_80b3fa91e229a224aefe,T1b_EXPLICIT_DEFINITION,10798,0,0.18649782048990912,0.17271515140758392,4,1519,379,True,1.189442289030028
paper_f2be3d7faf13aa4b2b38,T1b_EXPLICIT_DEFINITION,9283,0,0.3395979716748633,0.3658278268607813,1,1518,380,True,1.314500650801371
paper_1374c6ab5377c209be7f,T1b_EXPLICIT_DEFINITION,5744,0,0.24520782942750444,0.42689385346014,2,1518,380,True,1.3963477696009834
paper_a904db9c76345abf48a4,T1b_EXPLICIT_DEFINITION,7279,0,0.30911976520027984,0.42467339634603635,2,1518,380,True,1.3963477696009834
paper_5ccb84180e28ca26531b,T1b_EXPLICIT_DEFINITION,10113,1,0.5292203834188923,0.5233070141588968,0,1518,380,True,1.384005472288059
paper_f65e1cf061dc75a3b817,T1b_EXPLICIT_DEFINITION,8408,0,0.3885950098508566,0.4621729422583927,3,1519,379,True,1.2376448289616322
paper_2574d61c65671b51421b,T1b_EXPLICIT_DEFINITION,8660,0,0.2538936992801988,0.29317979131662675,3,1519,379,True,1.2376448289616322
paper_e8f10ce67050b81e5490,T1b_EXPLICIT_DEFINITION,15601,0,0.23115863124342265,0.1481691117514407,1,1518,380,True,1.314500650801371
paper_55fe8663a92f8868b81c,T1b_EXPLICIT_DEFINITION,10134,0,0.5142648601854093,0.5074648314440589,2,1518,380,True,1.3963477696009834
paper_15fe252af04f747cd417,T1b_EXPLICIT_DEFINITION,7230,0,0.1887197376356098,0.26102315025672174,1,1518,380,True,1.314500650801371
paper_3ead46de96ae3c9d8a62,T1b_EXPLICIT_DEFINITION,30534,0,0.8062324712607045,0.26404417084584547,3,1519,379,True,1.2376448289616322
paper_86eeefc59d1e191de737,T1b_EXPLICIT_DEFINITION,10147,0,0.2768513839387925,0.27284062672592146,1,1518,380,True,1.314500650801371
paper_012cfffb2443a103e06e,T1b_EXPLICIT_DEFINITION,10348,1,1.7895172813282523,1.729336375462169,4,1519,379,True,1.189442289030028
paper_9ed7e5dd2d19fdae47dd,T1b_EXPLICIT_DEFINITION,5472,0,0.18596382110710497,0.3398461643039199,4,1519,379,True,1.189442289030028
paper_16dbf623d307897aaef7,T1b_EXPLICIT_DEFINITION,8742,0,0.408590346252085,0.46738772163359077,1,1518,380,True,1.314500650801371
paper_0126a2cadbceb87b4495,T1b_EXPLICIT_DEFINITION,5999,0,0.20066465227865707,0.3344968366038624,0,1518,380,True,1.384005472288059
paper_3b0eebee7baa82ff9356,T1b_EXPLICIT_DEFINITION,448,0,0.03588466205975756,0.8009969209767313,1,1518,380,True,1.314500650801371
paper_1fb34ecfd11bbe4cedc9,T1b_EXPLICIT_DEFINITION,9775,1,0.8396577490990341,0.8589849095642292,1,1518,380,True,1.314500650801371
paper_8968c63f74386825585f,T1b_EXPLICIT_DEFINITION,10053,0,0.18831808590077545,0.18732526201211125,1,1518,380,True,1.314500650801371
paper_7ba24873e76b8536a7d2,T1b_EXPLICIT_DEFINITION,2910,0,0.07042713856390924,0.24201765829522076,2,1518,380,True,1.3963477696009834
paper_d8a5a42f9d9bc9708adf,T1b_EXPLICIT_DEFINITION,12253,0,0.4380541747109987,0.3575076917579358,1,1518,380,True,1.314500650801371
paper_7344d9e42f81f8d6383d,T1b_EXPLICIT_DEFINITION,13490,1,0.3324588101195189,0.24644833959934684,2,1518,380,True,1.3963477696009834
paper_4414623e6a5fc13f5979,T1b_EXPLICIT_DEFINITION,7877,0,0.33772114167241185,0.4287433561919663,4,1519,379,True,1.189442289030028
paper_46199df1720394d98bd1,T1b_EXPLICIT_DEFINITION,5251,1,2.3849440234073946,4.541885399747466,0,1518,380,True,1.384005472288059
paper_1573d812af2dce87ef91,T1b_EXPLICIT_DEFINITION,4051,0,0.18968317178803001,0.4682378962923476,1,1518,380,True,1.314500650801371
paper_ad0f1144c26451143d2a,T1b_EXPLICIT_DEFINITION,15055,1,0.5453271030847143,0.3622232501392988,0,1518,380,True,1.384005472288059
paper_982942e5d384d2704107,T1b_EXPLICIT_DEFINITION,6847,0,0.4294736389610647,0.6272435211933178,0,1518,380,True,1.384005472288059
paper_56d1c041063dd1a9acf3,T1b_EXPLICIT_DEFINITION,13225,1,0.25457570473129737,0.19249580698018706,3,1519,379,True,1.2376448289616322
paper_624dd7d7645dc4e39220,T1b_EXPLICIT_DEFINITION,11117,1,0.35530019780881583,0.31960078960944127,0,1518,380,True,1.384005472288059
paper_12a764f13952eccb5204,T1b_EXPLICIT_DEFINITION,7077,0,0.19841756443212097,0.2803695978975851,2,1518,380,True,1.3963477696009834
paper_f86644b2d07eaaed1b0e,T1b_EXPLICIT_DEFINITION,7339,0,0.4704664499780904,0.6410498023955449,4,1519,379,True,1.189442289030028
paper_8d9189bbdbd2c7b8963b,T1b_EXPLICIT_DEFINITION,8390,0,0.2800576070899734,0.3337992933134367,2,1518,380,True,1.3963477696009834
paper_f9a74a91246f564dd5ed,T1b_EXPLICIT_DEFINITION,10853,0,0.32703221520645903,0.30132886317742474,3,1519,379,True,1.2376448289616322
paper_ab5c480d9ab0f3d8b434,T1b_EXPLICIT_DEFINITION,8484,0,0.2057973798869031,0.24257116912647703,0,1518,380,True,1.384005472288059
paper_02f7f943c282b24bea61,T1b_EXPLICIT_DEFINITION,4424,0,0.3585983079956126,0.810574837241439,4,1519,379,True,1.189442289030028
paper_e020c739ba85ea0ff35b,T1b_EXPLICIT_DEFINITION,16723,0,0.5572611423658292,0.3332303667797819,2,1518,380,True,1.3963477696009834
paper_f00cd50c0c8adb622672,T1b_EXPLICIT_DEFINITION,9477,0,0.4524623970842826,0.47743209568880723,0,1518,380,True,1.384005472288059
paper_1929f7cd87eef5deef5a,T1b_EXPLICIT_DEFINITION,8735,0,0.28117909436143895,0.3218993638940343,1,1518,380,True,1.314500650801371
paper_39478f8dbc9276d1b5ff,T1b_EXPLICIT_DEFINITION,7959,0,0.3780877310469109,0.47504426567019836,3,1519,379,True,1.2376448289616322
paper_1718c709beef596baf15,T1b_EXPLICIT_DEFINITION,2627,0,0.11599774354620955,0.4415597394221909,2,1518,380,True,1.3963477696009834
paper_7dba6cb3e3d5e86994a3,T1b_EXPLICIT_DEFINITION,29647,2,0.8261538029306756,0.2786635419876128,0,1518,380,True,1.384005472288059
paper_33df1a35a12b14084cbc,T1b_EXPLICIT_DEFINITION,9296,0,0.35557752587953834,0.3825059443626703,1,1518,380,True,1.314500650801371
paper_5dba6c69f7a50cc6e42d,T1b_EXPLICIT_DEFINITION,14152,1,0.1428193144347908,0.10091811364809977,0,1518,380,True,1.384005472288059
paper_6bcf74cbd6b92531a34f,T1b_EXPLICIT_DEFINITION,18987,0,0.8643284940555646,0.4552212008508793,1,1518,380,True,1.314500650801371
paper_24876507fe1792361408,T1b_EXPLICIT_DEFINITION,9021,3,0.3866689749423868,0.428632052923608,0,1518,380,True,1.384005472288059
paper_b01d11615f92368273dd,T1b_EXPLICIT_DEFINITION,9511,0,0.2997191824411432,0.31512899005482414,3,1519,379,True,1.2376448289616322
paper_aaafd1cf52290be1e187,T1b_EXPLICIT_DEFINITION,5696,0,0.22549208863842848,0.3958779646039826,3,1519,379,True,1.2376448289616322
paper_13a837f8c0110a1a3b3a,T1b_EXPLICIT_DEFINITION,14055,1,0.3251965234844556,0.2313742607502352,0,1518,380,True,1.384005472288059
paper_e445df367809794c4bfa,T1b_EXPLICIT_DEFINITION,8461,2,0.3040990661803869,0.35941267720173375,4,1519,379,True,1.189442289030028
paper_ac4c88906b25ce20bbb4,T1b_EXPLICIT_DEFINITION,10879,0,0.3013075835082164,0.2769625733139226,3,1519,379,True,1.2376448289616322
paper_d5e4267c18519a5c8d36,T1b_EXPLICIT_DEFINITION,15513,0,0.37933866586564696,0.24452953385267,3,1519,379,True,1.2376448289616322
paper_cdadb1e14bce744e6547,T1b_EXPLICIT_DEFINITION,20046,0,4.697351928176122,2.3432864053557427,2,1518,380,True,1.3963477696009834
paper_fb7b63214de684b2f11d,T1b_EXPLICIT_DEFINITION,6680,1,0.2069675673822073,0.30983168769791514,2,1518,380,True,1.3963477696009834
paper_b810d6eb70c435ba6568,T1b_EXPLICIT_DEFINITION,13389,0,0.41436948031360227,0.3094850103171277,2,1518,380,True,1.3963477696009834
paper_44d79256d8a5312b7ada,T1b_EXPLICIT_DEFINITION,25925,1,1.4479222953848536,0.5585042605148905,3,1519,379,True,1.2376448289616322
paper_c233d31a3cec4f8f417c,T1b_EXPLICIT_DEFINITION,7042,0,2.1005311135364813,2.9828615642381155,0,1518,380,True,1.384005472288059
paper_e7fec3685220067305fc,T1b_EXPLICIT_DEFINITION,458,0,0.029307170448010584,0.6398945512666067,0,1518,380,True,1.384005472288059
paper_8f163e905671f80b30a9,T1b_EXPLICIT_DEFINITION,12173,0,0.552486338914673,0.45386210376626385,2,1518,380,True,1.3963477696009834
paper_ee0bed9cde4561b5ea66,T1b_EXPLICIT_DEFINITION,1983,2,0.18889228429592042,0.9525581658896642,1,1518,380,True,1.314500650801371
paper_01ae4cd09750e14709a0,T1b_EXPLICIT_DEFINITION,16221,0,0.4917699846725378,0.30316872244161136,4,1519,379,True,1.189442289030028
paper_2d881cb8d1a1376b394c,T1b_EXPLICIT_DEFINITION,19471,0,0.4018213032787187,0.20636911472380395,3,1519,379,True,1.2376448289616322
paper_d94c17d2124c8f2c2769,T1b_EXPLICIT_DEFINITION,7300,1,0.26131635512973855,0.35796760976676517,2,1518,380,True,1.3963477696009834
paper_347a5b1658801d734112,T1b_EXPLICIT_DEFINITION,5102,0,0.14594148610227511,0.28604760114126837,1,1518,380,True,1.314500650801371
paper_0c7faa8670b4eda51f88,T1b_EXPLICIT_DEFINITION,20839,0,0.5745744400455107,0.2757207351818757,0,1518,380,True,1.384005472288059
paper_6a29f51b9184bef69fce,T1b_EXPLICIT_DEFINITION,756,0,0.045827366851925025,0.6061821012159395,3,1519,379,True,1.2376448289616322
paper_2b220ef4a7efc38da340,T1b_EXPLICIT_DEFINITION,14164,4,0.8283860283205129,0.5848531688227286,4,1519,379,True,1.189442289030028
paper_09975f20216dae5ee14c,T1b_EXPLICIT_DEFINITION,5109,0,0.29205028298153773,0.5716388392670537,1,1518,380,True,1.314500650801371
paper_d597e7de0ce251217022,T1b_EXPLICIT_DEFINITION,19880,0,0.312944644567056,0.15741682322286518,4,1519,379,True,1.189442289030028
paper_7aff078d2e9781c2b640,T1b_EXPLICIT_DEFINITION,10127,0,0.5256126037463138,0.5190210365817259,2,1518,380,True,1.3963477696009834
paper_d5335a0a272e74fabf30,T1b_EXPLICIT_DEFINITION,10213,1,0.28898406755952133,0.28295708171890854,2,1518,380,True,1.3963477696009834
paper_dffe212f5182f4221a97,T1b_EXPLICIT_DEFINITION,42000,0,1.5933875984461063,0.3793779996300253,2,1518,380,True,1.3963477696009834
paper_d47409ae0eb33cfd34ba,T1b_EXPLICIT_DEFINITION,19365,0,0.49468032426639336,0.2554507225749514,3,1519,379,True,1.2376448289616322
paper_5a8aeef4f40fd0952056,T1b_EXPLICIT_DEFINITION,14979,0,0.5349378868242208,0.35712523320930695,2,1518,380,True,1.3963477696009834
paper_5e7d7cf0658e519b818f,T1b_EXPLICIT_DEFINITION,32406,0,0.2472333324145501,0.07629245584600076,1,1518,380,True,1.314500650801371
paper_22518db42557aa33c075,T1b_EXPLICIT_DEFINITION,15627,0,0.49401316123037425,0.31612795880871203,4,1519,379,True,1.189442289030028
paper_e86fbfbb33457828a031,T1b_EXPLICIT_DEFINITION,9473,0,0.15861026050619348,0.16743403410344504,0,1518,380,True,1.384005472288059
paper_3f6bfa204e1dff930477,T1b_EXPLICIT_DEFINITION,5993,0,0.1760344477707264,0.2937334352923851,3,1519,379,True,1.2376448289616322
paper_e5bdd19c749ef2708e2f,T1b_EXPLICIT_DEFINITION,4808,0,0.1598970009646682,0.3325644778799255,2,1518,380,True,1.3963477696009834
paper_083fa62561b4443889cc,T1b_EXPLICIT_DEFINITION,11776,0,0.6151460560241448,0.52237266985746,0,1518,380,True,1.384005472288059
paper_8313683e31ffdfb17404,T1b_EXPLICIT_DEFINITION,9230,0,0.11409051787431673,0.1236083617273204,3,1519,379,True,1.2376448289616322
paper_f656dadd65e5d8d9c09c,T1b_EXPLICIT_DEFINITION,23680,0,0.6324861856836244,0.2670972067920711,1,1518,380,True,1.314500650801371
paper_117c93c9f01087aa7a3e,T1b_EXPLICIT_DEFINITION,9772,0,0.9084852333278893,0.9296819825295635,0,1518,380,True,1.384005472288059
paper_ab4bbcc8857ba3557148,T1b_EXPLICIT_DEFINITION,14717,1,0.7585245420435512,0.5154070408667196,0,1518,380,True,1.384005472288059
paper_74793491c217d4981599,T1b_EXPLICIT_DEFINITION,9845,1,0.21886571116403086,0.22231154003456663,1,1518,380,True,1.314500650801371
paper_49141abea7fbb090c4e1,T1b_EXPLICIT_DEFINITION,1498,0,0.11206330205515597,0.748086128539092,4,1519,379,True,1.189442289030028
paper_6506f43e232d65d21441,T1b_EXPLICIT_DEFINITION,11469,1,0.36220468204454737,0.3158119121497492,2,1518,380,True,1.3963477696009834
paper_9e0a110ef6e1b0c6fddc,T1b_EXPLICIT_DEFINITION,11673,0,0.4057470138112621,0.34759446055963517,3,1519,379,True,1.2376448289616322
paper_7a141eb7ef1f59f479cb,T1b_EXPLICIT_DEFINITION,7434,0,0.40724579378421827,0.5478151651657497,0,1518,380,True,1.384005472288059
paper_edceda0c326e8eb1ac2d,T1b_EXPLICIT_DEFINITION,10332,0,0.37454461316888904,0.36250930426721745,4,1519,379,True,1.189442289030028
paper_3eaca8f4077da8e86595,T1b_EXPLICIT_DEFINITION,8925,0,0.25007570161237636,0.2801968645516822,0,1518,380,True,1.384005472288059
paper_b52a0c44b8cd5eb19780,T1b_EXPLICIT_DEFINITION,8225,0,0.3947609189396634,0.47995248503302546,2,1518,380,True,1.3963477696009834
paper_8b99df3455a9e4b7000a,T1b_EXPLICIT_DEFINITION,10595,0,0.2626750396932585,0.2479235863079363,0,1518,380,True,1.384005472288059
paper_789a6d1ad075245bcb69,T1b_EXPLICIT_DEFINITION,4830,1,0.30168244303197894,0.624601331329149,1,1518,380,True,1.314500650801371
paper_936af62bff602375aae5,T1b_EXPLICIT_DEFINITION,23858,0,0.5636635053535075,0.2362576516696737,0,1518,380,True,1.384005472288059
paper_6f4ca55294d5886cdb1c,T1b_EXPLICIT_DEFINITION,5925,0,0.23166696948198096,0.3909991046109383,1,1518,380,True,1.314500650801371
paper_19daba2982570ad40c44,T1b_EXPLICIT_DEFINITION,7130,1,0.28933191746219267,0.4057951156552492,2,1518,380,True,1.3963477696009834
paper_8e2073558413f59f9196,T1b_EXPLICIT_DEFINITION,11539,1,0.3343856413836203,0.28978736578873415,1,1518,380,True,1.314500650801371
paper_67a44243d7532f3741c3,T1b_EXPLICIT_DEFINITION,6460,0,0.3123524440548741,0.4835177152552231,3,1519,379,True,1.2376448289616322
paper_abbcd9d788df52d41902,T1b_EXPLICIT_DEFINITION,10185,1,0.3748862816579854,0.368076859752563,0,1518,380,True,1.384005472288059
paper_5a9b7e5a9f7c8c1ba166,T1b_EXPLICIT_DEFINITION,18749,0,0.7426671009555907,0.39611024638945586,4,1519,379,True,1.189442289030028
paper_9b42a9d51098cee184ff,T1b_EXPLICIT_DEFINITION,9272,0,0.2487611529824195,0.26829287422607795,4,1519,379,True,1.189442289030028
paper_f6075846ba4e417ca28c,T1b_EXPLICIT_DEFINITION,14222,0,0.799075978291551,0.5618590762843138,1,1518,380,True,1.314500650801371
paper_5bfff58e2d219b2f51ec,T1b_EXPLICIT_DEFINITION,5106,0,0.6618974609678542,1.2963130845433883,4,1519,379,True,1.189442289030028
paper_2ceb025b659b75bcaad2,T1b_EXPLICIT_DEFINITION,8831,0,0.6559017915505917,0.7427265219687371,0,1518,380,True,1.384005472288059
paper_261cbd2e00f3d72c594e,T1b_EXPLICIT_DEFINITION,7805,1,0.30022374387262996,0.38465566159209474,3,1519,379,True,1.2376448289616322
paper_d62c80d90844c772db99,T1b_EXPLICIT_DEFINITION,8465,1,0.3335856814156465,0.3940764104142309,3,1519,379,True,1.2376448289616322
paper_3c08cf90b3f2d280f2f3,T1b_EXPLICIT_DEFINITION,11659,1,0.49836015463030797,0.42744674039824,1,1518,380,True,1.314500650801371
paper_e5d9d6c267fc21d77d2b,T1b_EXPLICIT_DEFINITION,5490,0,0.3576838591254061,0.6515188690808854,4,1519,379,True,1.189442289030028
paper_7b8afc890a3e2f1390fe,T1b_EXPLICIT_DEFINITION,7661,0,0.5580234894752419,0.7283951043926927,1,1518,380,True,1.314500650801371
paper_a5e4bf5f1b3d5d2f15a6,T1b_EXPLICIT_DEFINITION,6939,1,0.203699674256597,0.29355768015073785,4,1519,379,True,1.189442289030028
paper_b36639ed4689d6f06a08,T1b_EXPLICIT_DEFINITION,7670,0,0.20212146087890864,0.26352211327106734,4,1519,379,True,1.189442289030028
paper_c27015976f546c132876,T1b_EXPLICIT_DEFINITION,17382,0,0.8183774426658856,0.47081891765382905,3,1519,379,True,1.2376448289616322
paper_1459964ba1bc517623b3,T1b_EXPLICIT_DEFINITION,7983,0,0.17686339214510766,0.22155003400364232,1,1518,380,True,1.314500650801371
paper_c883fb07780c18c56d51,T1b_EXPLICIT_DEFINITION,10585,2,0.4510069545925944,0.42608120414982936,0,1518,380,True,1.384005472288059
paper_77b848ae10d9e563dd5f,T1b_EXPLICIT_DEFINITION,3652,0,0.14821006186443708,0.4058325899902439,3,1519,379,True,1.2376448289616322
paper_8f30d3737dcb9bbdb72f,T1b_EXPLICIT_DEFINITION,6428,0,0.323647238865684,0.5034960156591225,4,1519,379,True,1.189442289030028
paper_3002a48c3ad4d8b7828e,T1b_EXPLICIT_DEFINITION,7672,1,0.36047735126853947,0.4698609896618085,2,1518,380,True,1.3963477696009834
paper_f0d2d28c36b069584342,T1b_EXPLICIT_DEFINITION,8645,0,0.44953752901342325,0.519997141715932,4,1519,379,True,1.189442289030028
paper_b7eb43a1714dfea51b3f,T1b_EXPLICIT_DEFINITION,9187,0,0.3297454804807044,0.3589261788186616,3,1519,379,True,1.2376448289616322
paper_1fd71bfc1f86f56c22a7,T1b_EXPLICIT_DEFINITION,6752,0,0.16237154813559634,0.24047918858944956,0,1518,380,True,1.384005472288059
paper_66116a16ae3b911d5b05,T1b_EXPLICIT_DEFINITION,13064,4,0.45519596760462466,0.34843537018112725,4,1519,379,True,1.189442289030028
paper_5cfc2c0c149f395496b4,T1b_EXPLICIT_DEFINITION,9489,0,0.31706968305785554,0.33414446523116825,3,1519,379,True,1.2376448289616322
paper_b93c83b03100d6633e9c,T1b_EXPLICIT_DEFINITION,14644,0,0.4308536304549642,0.294218540327072,2,1518,380,True,1.3963477696009834
paper_867ec3d26341457e02ba,T1b_EXPLICIT_DEFINITION,5396,0,0.2656240378176214,0.49226100410975054,4,1519,379,True,1.189442289030028
paper_72c3d3825d59c9aec77d,T1b_EXPLICIT_DEFINITION,10435,1,0.7796733253055732,0.7471713706809517,1,1518,380,True,1.314500650801371
paper_19b61bfed1e7420aa0cb,T1b_EXPLICIT_DEFINITION,9493,0,0.4269980555834804,0.44980307129830444,1,1518,380,True,1.314500650801371
paper_5429cedc04d3ff378b85,T1b_EXPLICIT_DEFINITION,7629,0,0.5541198886048435,0.7263335805542581,1,1518,380,True,1.314500650801371
paper_8e8402c0398073de8559,T1b_EXPLICIT_DEFINITION,23657,1,0.5704686217438789,0.24114157405583078,3,1519,379,True,1.2376448289616322
paper_02f319b9296b69b461b6,T1b_EXPLICIT_DEFINITION,10802,1,0.6456864249774991,0.5977471069963887,4,1519,379,True,1.189442289030028
paper_46020a24db82d64c0fdd,T1b_EXPLICIT_DEFINITION,15644,0,0.37148184844087895,0.23745963208954166,1,1518,380,True,1.314500650801371
paper_6a0f9316896bfa4a79ca,T1b_EXPLICIT_DEFINITION,12036,0,0.4297156210716764,0.3570252750678601,2,1518,380,True,1.3963477696009834
paper_44bc96df746b0dabdfc1,T1b_EXPLICIT_DEFINITION,11812,1,0.31885071665966896,0.26993795856727815,1,1518,380,True,1.314500650801371
paper_963a69cfb2dd14d59cfb,T1b_EXPLICIT_DEFINITION,7182,0,0.2251103542781917,0.3134368619857863,4,1519,379,True,1.189442289030028
paper_81b4e1ea1b99d3abd617,T1b_EXPLICIT_DEFINITION,12202,1,0.4773448663233541,0.39120215237121303,0,1518,380,True,1.384005472288059
paper_ee64aac8ef87d6f48b75,T1b_EXPLICIT_DEFINITION,6487,0,0.5397925666303497,0.8321143311705713,0,1518,380,True,1.384005472288059
paper_f6b2ad2555ee467dd60b,T1b_EXPLICIT_DEFINITION,12893,0,0.8220423687503601,0.6375881243700924,4,1519,379,True,1.189442289030028
paper_e66c066ad5b463fe5b2a,T1b_EXPLICIT_DEFINITION,4810,0,0.22523468117990922,0.4682633704364017,4,1519,379,True,1.189442289030028
paper_e301b3f95fcf8a4d6b67,T1b_EXPLICIT_DEFINITION,7779,0,0.2986796999558417,0.3839564210770558,2,1518,380,True,1.3963477696009834
paper_413ce039d3aebe925dcf,T1b_EXPLICIT_DEFINITION,6503,0,0.4907496312481312,0.7546511321668941,0,1518,380,True,1.384005472288059
paper_22199bce4c24d6d2a928,T1b_EXPLICIT_DEFINITION,14793,0,0.6033431609244271,0.4078572033559299,4,1519,379,True,1.189442289030028
paper_875db547425c669c712f,T1b_EXPLICIT_DEFINITION,4935,0,0.2446157457177671,0.4956752699448168,1,1518,380,True,1.314500650801371
paper_c49ccb174fbc496a5b58,T1b_EXPLICIT_DEFINITION,8631,1,0.2057312333558863,0.23836314836738073,2,1518,380,True,1.3963477696009834
paper_aa8deb9a1b3a3361460c,T1b_EXPLICIT_DEFINITION,10895,0,0.2773631228235766,0.25457835963614195,4,1519,379,True,1.189442289030028
paper_888d630bcdb565561a56,T1b_EXPLICIT_DEFINITION,6301,1,0.3178980912309043,0.5045200622613939,1,1518,380,True,1.314500650801371
paper_68cee94333b5ee318c5f,T1b_EXPLICIT_DEFINITION,8060,0,0.21208405984068027,0.26313158789166285,1,1518,380,True,1.314500650801371
paper_dcbc25ed169266411117,T1b_EXPLICIT_DEFINITION,12068,0,0.36741863815395154,0.30445694245438476,2,1518,380,True,1.3963477696009834
paper_236a6718ea5ce8ffeef7,T1b_EXPLICIT_DEFINITION,12472,1,0.42707807233986644,0.3424294999517851,1,1518,380,True,1.314500650801371
paper_a35f33cae0d6e49f66ae,T1b_EXPLICIT_DEFINITION,9920,1,0.2757677784609284,0.27799171215819396,2,1518,380,True,1.3963477696009834
paper_d4ec7d296adf27d47a89,T1b_EXPLICIT_DEFINITION,13056,0,0.40214685774250464,0.3080168947169919,2,1518,380,True,1.3963477696009834
paper_cdecdb9ab9b6752bd7af,T1b_EXPLICIT_DEFINITION,6676,0,0.3287203775629671,0.492391218638357,3,1519,379,True,1.2376448289616322
paper_b8fdab800af4bb90c853,T1b_EXPLICIT_DEFINITION,20709,1,0.7787497354672965,0.37604410423839707,4,1519,379,True,1.189442289030028
paper_063a8027d8086e50cb66,T1b_EXPLICIT_DEFINITION,8918,0,0.4670364619259891,0.5237008992217863,0,1518,380,True,1.384005472288059
paper_226c3f8c333a117c19f2,T1b_EXPLICIT_DEFINITION,11890,3,0.19963086196481625,0.167898117716414,3,1519,379,True,1.2376448289616322
paper_4fe3a499c98362690104,T1b_EXPLICIT_DEFINITION,9509,0,0.21128977397183257,0.22219978333350782,2,1518,380,True,1.3963477696009834
paper_1cbea91ab313b361da43,T1b_EXPLICIT_DEFINITION,11169,1,0.5203227983831828,0.46586337038515785,4,1519,379,True,1.189442289030028
paper_c4b7ebc0e7a6c69ed1b4,T1b_EXPLICIT_DEFINITION,5973,0,0.3972387318037522,0.6650573109053276,1,1518,380,True,1.314500650801371
paper_a0cd7ea49cb2b30a2c1a,T1b_EXPLICIT_DEFINITION,9212,0,0.26002075634534216,0.2822630876523471,4,1519,379,True,1.189442289030028
paper_4b66bda2db884ec62294,T1b_EXPLICIT_DEFINITION,7031,0,0.22423463147171602,0.3189228153487641,4,1519,379,True,1.189442289030028
paper_9ecf94b62655b1c23adb,T1b_EXPLICIT_DEFINITION,10268,0,0.7704646981880586,0.7503551793806571,0,1518,380,True,1.384005472288059
paper_306ff3802cbee6d1de80,T1b_EXPLICIT_DEFINITION,20451,0,0.7184975986596314,0.351326389252179,1,1518,380,True,1.314500650801371
paper_afa3ea7d91650d4e3122,T1b_EXPLICIT_DEFINITION,10927,0,0.3785812111613422,0.3464639985003589,4,1519,379,True,1.189442289030028
paper_b8edc7930b5c5f8e22f4,T1b_EXPLICIT_DEFINITION,6971,0,0.2272266235245423,0.32595986734262267,3,1519,379,True,1.2376448289616322
paper_d1d7ec8f7d9a53552398,T1b_EXPLICIT_DEFINITION,76,0,0.009973632435654203,1.3123200573229215,3,1519,379,True,1.2376448289616322
paper_2930896f3877aba4a97b,T1b_EXPLICIT_DEFINITION,8049,0,0.25964476606666775,0.3225801541392319,4,1519,379,True,1.189442289030028
paper_ffd162dab133003ee535,T1b_EXPLICIT_DEFINITION,10797,0,0.615652501793609,0.5702070036061951,2,1518,380,True,1.3963477696009834
paper_ad8585d91ba78e04de86,T1b_EXPLICIT_DEFINITION,8358,1,0.17068854419666823,0.20422175663635828,4,1519,379,True,1.189442289030028
paper_4fe65207e54c7d9487ce,T1b_EXPLICIT_DEFINITION,12739,0,0.747036563034682,0.5864169581872062,2,1518,380,True,1.3963477696009834
paper_290b6241221ab0ad2834,T1b_EXPLICIT_DEFINITION,9069,1,0.3940081196710092,0.43445597052708035,4,1519,379,True,1.189442289030028
paper_07fe87a51004b7c9efc0,T1b_EXPLICIT_DEFINITION,9936,2,0.614177840366274,0.6181338973090519,4,1519,379,True,1.189442289030028
paper_00ce7fde2c30dd5b48ab,T1b_EXPLICIT_DEFINITION,4396,0,0.13487321886791476,0.30680896011809544,3,1519,379,True,1.2376448289616322
paper_2c4e6e492f2def8cd020,T1b_EXPLICIT_DEFINITION,8582,1,0.43718014959505075,0.5094152290783626,3,1519,379,True,1.2376448289616322
paper_0c9b21dc345f17575dc6,T1b_EXPLICIT_DEFINITION,9468,1,0.4982415124455632,0.5262373388736409,4,1519,379,True,1.189442289030028
paper_8ff54d2a19ffa09c6e44,T1b_EXPLICIT_DEFINITION,10117,0,0.2566804744824974,0.25371204357269683,4,1519,379,True,1.189442289030028
paper_b97fd1a5935f47e10c77,T1b_EXPLICIT_DEFINITION,11913,1,0.299784193530462,0.251644584513105,1,1518,380,True,1.314500650801371
paper_297b7e0fb913db1e36c5,T1b_EXPLICIT_DEFINITION,7534,0,0.24988474532038957,0.33167606227819163,4,1519,379,True,1.189442289030028
paper_fcd41940e6c1c398ce6e,T1b_EXPLICIT_DEFINITION,7239,0,0.1772890751214919,0.24490824025623967,1,1518,380,True,1.314500650801371
paper_a7dd1f40e84491df9e74,T1b_EXPLICIT_DEFINITION,11424,2,0.9753145439410021,0.8537417226374318,1,1518,380,True,1.314500650801371
paper_76110c5258cb6ce6f2eb,T1b_EXPLICIT_DEFINITION,15400,0,0.5644072227425504,0.3664981965860717,4,1519,379,True,1.189442289030028
paper_c16d611f3d5d87df259d,T1b_EXPLICIT_DEFINITION,2620,0,0.14028537994666423,0.5354403814758176,1,1518,380,True,1.314500650801371
paper_bf328a6639cdd954adfc,T1b_EXPLICIT_DEFINITION,13676,0,0.27672975880062894,0.20234700117039262,4,1519,379,True,1.189442289030028
paper_87be139223c2bd606a81,T1b_EXPLICIT_DEFINITION,9951,1,0.48190415618330273,0.4842771140421091,3,1519,379,True,1.2376448289616322
paper_bd3299bd8d04dbc1f635,T1b_EXPLICIT_DEFINITION,11455,0,0.31772668548221533,0.27736943298316485,0,1518,380,True,1.384005472288059
paper_bd62057c7302a0ba18e9,T1b_EXPLICIT_DEFINITION,2030,0,0.11270716558168481,0.5552077122250483,1,1518,380,True,1.314500650801371
paper_e0e569e36087955e0b06,T1b_EXPLICIT_DEFINITION,12874,0,0.4735691415148059,0.3678492632552477,4,1519,379,True,1.189442289030028
paper_7f608eb4c9a32a33fe29,T1b_EXPLICIT_DEFINITION,3926,1,0.0698565222446486,0.17793306735773967,2,1518,380,True,1.3963477696009834
paper_3ab1dc47ecf0c400d8e4,T1b_EXPLICIT_DEFINITION,17873,0,0.5551034400637676,0.31058212950470965,4,1519,379,True,1.189442289030028
paper_67ab53de6e75a2a2f118,T1b_EXPLICIT_DEFINITION,9171,1,0.3426914570076503,0.3736685824966201,2,1518,380,True,1.3963477696009834
paper_bac4ffd70552c5c683a9,T1b_EXPLICIT_DEFINITION,9879,0,0.3346304111789859,0.33872903247189584,2,1518,380,True,1.3963477696009834
paper_74e1a086c8cbbca52bb4,T1b_EXPLICIT_DEFINITION,4039,0,0.26143715671583156,0.6472818933296152,0,1518,380,True,1.384005472288059
paper_b8acb1bbd791cd562ab9,T1b_EXPLICIT_DEFINITION,14944,0,0.41040276412725085,0.2746271173228392,1,1518,380,True,1.314500650801371
paper_1372d5c8a2a6b2f5439f,T1b_EXPLICIT_DEFINITION,19508,0,0.501421586273226,0.2570338252374543,4,1519,379,True,1.189442289030028
paper_0e2dd7108794ac9b6f39,T1b_EXPLICIT_DEFINITION,7592,1,0.363718119373225,0.47908076840519626,3,1519,379,True,1.2376448289616322
paper_8691c723d50c80ac5bef,T1b_EXPLICIT_DEFINITION,15117,0,0.8331928880179535,0.5511628550757118,4,1519,379,True,1.189442289030028
paper_3a1e1967948ef79e9bc4,T1b_EXPLICIT_DEFINITION,8831,1,0.22459631339665043,0.2543271581889372,1,1518,380,True,1.314500650801371
paper_3b63921dc7b40442b746,T1b_EXPLICIT_DEFINITION,7782,0,0.2678020908533387,0.34413016043862593,1,1518,380,True,1.314500650801371
paper_3215e9f1742562ad079b,T1b_EXPLICIT_DEFINITION,7426,1,0.37596766195794423,0.5062855668703801,4,1519,379,True,1.189442289030028
paper_e0fa65ab0b53e5bfe145,T1b_EXPLICIT_DEFINITION,7172,2,0.49632204085951964,0.6920273854706075,2,1518,380,True,1.3963477696009834
paper_7282fd8c3a5c3092dc85,T1b_EXPLICIT_DEFINITION,11575,0,0.19060746628725384,0.16467167713801628,0,1518,380,True,1.384005472288059
paper_734689d9ad881e3f05c6,T1b_EXPLICIT_DEFINITION,7925,1,0.4434224635806996,0.5595236133510405,0,1518,380,True,1.384005472288059
paper_624171c350cd49226760,T1b_EXPLICIT_DEFINITION,11158,0,0.3307119417259446,0.29638998183002746,1,1518,380,True,1.314500650801371
paper_f75c9e7cadf53309c341,T1b_EXPLICIT_DEFINITION,3859,0,0.17036359846275076,0.4414708433862419,2,1518,380,True,1.3963477696009834
paper_11a21ed88cf7ce283fcd,T1b_EXPLICIT_DEFINITION,3160,1,0.19232371591002492,0.6086193541456485,3,1519,379,True,1.2376448289616322
paper_3af5860f6f122a895eb2,T1b_EXPLICIT_DEFINITION,13383,0,0.6199961069486182,0.463271394267816,3,1519,379,True,1.2376448289616322
paper_d7ef6d1f8a7ff12329fb,T1b_EXPLICIT_DEFINITION,5432,0,0.19798405652375686,0.3644772763692137,2,1518,380,True,1.3963477696009834
paper_1d8f5052e7c1595ffac3,T1b_EXPLICIT_DEFINITION,5482,0,0.16990734492675114,0.30993678388681345,2,1518,380,True,1.3963477696009834
paper_bfc0c8414856513ea244,T1b_EXPLICIT_DEFINITION,8288,0,0.2514921559877712,0.3034413079003031,0,1518,380,True,1.384005472288059
paper_23bcd664444706dea015,T1b_EXPLICIT_DEFINITION,15017,0,0.5767288067211056,0.38405061378511396,0,1518,380,True,1.384005472288059
paper_a87575ab3689cf227d88,T1b_EXPLICIT_DEFINITION,14333,3,0.6144984954465363,0.4287298510057464,1,1518,380,True,1.314500650801371
paper_d0057ec9692b59e85878,T1b_EXPLICIT_DEFINITION,12490,0,0.35699727567597045,0.28582648172615727,4,1519,379,True,1.189442289030028
paper_5e52456da510f403e89f,T1b_EXPLICIT_DEFINITION,7518,0,0.14424525053583065,0.19186652106388755,0,1518,380,True,1.384005472288059
paper_ee17b77f49c39b4459ff,T1b_EXPLICIT_DEFINITION,6663,0,0.1821971528383554,0.2734461246260774,3,1519,379,True,1.2376448289616322
paper_576d45aef8ed66b05849,T1b_EXPLICIT_DEFINITION,8312,0,0.1831784200691052,0.2203782724604249,4,1519,379,True,1.189442289030028
paper_e18ce688c48046a0792a,T1b_EXPLICIT_DEFINITION,7004,0,0.3026691728637262,0.43213759689281295,4,1519,379,True,1.189442289030028
paper_3509bf41340e8ee49296,T1b_EXPLICIT_DEFINITION,5540,0,0.2448881321229297,0.4420363395720752,2,1518,380,True,1.3963477696009834
paper_3f61f4ceb06e5ae14844,T1b_EXPLICIT_DEFINITION,7948,0,0.21534324862429313,0.2709401718977015,1,1518,380,True,1.314500650801371
paper_5a2b4cc8b25bcc431e57,T1b_EXPLICIT_DEFINITION,8416,0,0.27310021877694485,0.3245012105239364,1,1518,380,True,1.314500650801371
paper_39aa6a85d87b01ff395b,T1b_EXPLICIT_DEFINITION,7488,0,0.3130743848013356,0.41810147542913406,0,1518,380,True,1.384005472288059
paper_1850d9d0595fc4db1d19,T1b_EXPLICIT_DEFINITION,10452,0,0.2859264495859451,0.27356147109256135,4,1519,379,True,1.189442289030028
paper_8d683bd872e36ab148f1,T1b_EXPLICIT_DEFINITION,19027,0,0.14980883857170185,0.07873487074772789,0,1518,380,True,1.384005472288059
paper_75dbd75e4b029ba2987f,T1b_EXPLICIT_DEFINITION,23156,2,0.436763315307635,0.18861777306427494,1,1518,380,True,1.314500650801371
paper_aba23cbfef580e6ad9ba,T1b_EXPLICIT_DEFINITION,10420,1,0.5813211780522968,0.5578898061922234,3,1519,379,True,1.2376448289616322
paper_af8ba896d46f910daa80,T1b_EXPLICIT_DEFINITION,15520,0,0.38546330382025973,0.248365530812023,3,1519,379,True,1.2376448289616322
paper_3ff19035e37c12ecf2bc,T1b_EXPLICIT_DEFINITION,2802,0,0.21257672277087603,0.7586606808382442,3,1519,379,True,1.2376448289616322
paper_0475da2955b53fdb6606,T1b_EXPLICIT_DEFINITION,12971,0,0.2449755427554037,0.18886403727962664,0,1518,380,True,1.384005472288059
paper_2175732ba55339f5c6f5,T1b_EXPLICIT_DEFINITION,7632,1,0.5112799389180998,0.6699160625237156,3,1519,379,True,1.2376448289616322
paper_5e7136f9fee556336842,T1b_EXPLICIT_DEFINITION,9127,0,0.2656564383104147,0.29106654794611014,3,1519,379,True,1.2376448289616322
paper_661b1867c0226471dae2,T1b_EXPLICIT_DEFINITION,8653,1,0.3886862035815378,0.4491924229533547,4,1519,379,True,1.189442289030028
paper_a179d968d5804bee3736,T1b_EXPLICIT_DEFINITION,13914,1,0.5141461335124621,0.3695171291594524,1,1518,380,True,1.314500650801371
paper_87938812c0715e3e4672,T1b_EXPLICIT_DEFINITION,14040,1,0.5959129443415512,0.42443941904668886,3,1519,379,True,1.2376448289616322
paper_0c794859356c0884a5e4,T1b_EXPLICIT_DEFINITION,6789,0,0.14852903053301225,0.21877895202977207,2,1518,380,True,1.3963477696009834
paper_2c919dff8cd869413822,T1b_EXPLICIT_DEFINITION,11534,1,0.3244485291860323,0.28129749365877604,0,1518,380,True,1.384005472288059
paper_50a3e9cfd92b2ecacf27,T1b_EXPLICIT_DEFINITION,11210,0,0.4835658017505359,0.431370028323404,2,1518,380,True,1.3963477696009834
paper_7485d66327d3f92e041b,T1b_EXPLICIT_DEFINITION,8365,0,0.24940723442573767,0.29815568969006295,2,1518,380,True,1.3963477696009834
paper_9515fae066681a1ef008,T1b_EXPLICIT_DEFINITION,8214,2,0.42694791542630195,0.5197807589801582,0,1518,380,True,1.384005472288059
paper_d79077e7e2e94142e92c,T1b_EXPLICIT_DEFINITION,14882,0,0.5322834424057061,0.35766929337838066,3,1519,379,True,1.2376448289616322
paper_9280239db1e4821bc6e9,T1b_EXPLICIT_DEFINITION,6296,0,0.11898793612613551,0.18898973336425587,4,1519,379,True,1.189442289030028
paper_a3c79491871022da9d5d,T1b_EXPLICIT_DEFINITION,11505,0,0.3411941311079366,0.29656160895952766,1,1518,380,True,1.314500650801371
paper_ee445c79be8a00b91f8d,T1b_EXPLICIT_DEFINITION,7481,2,0.32029257853560583,0.4281413962513111,4,1519,379,True,1.189442289030028
paper_25e647536008b73b1056,T1b_EXPLICIT_DEFINITION,6385,0,0.23263384242085286,0.36434431076092855,0,1518,380,True,1.384005472288059
paper_5d014d9e38e283a8350b,T1b_EXPLICIT_DEFINITION,11044,1,0.49770635278733166,0.4506576899559323,3,1519,379,True,1.2376448289616322
paper_edc48722c1ed531a4bfd,T1b_EXPLICIT_DEFINITION,348,0,0.02294721655584888,0.6594027745933587,2,1518,380,True,1.3963477696009834
paper_3bd3c3fc9e9fb1b509ee,T1b_EXPLICIT_DEFINITION,8219,0,0.4107410720502751,0.4997457988201425,4,1519,379,True,1.189442289030028
paper_6df5777bf79bc1e2baf2,T1b_EXPLICIT_DEFINITION,7942,1,0.30400983362252637,0.3827875014134052,3,1519,379,True,1.2376448289616322
paper_155f03396b28757938db,T1b_EXPLICIT_DEFINITION,6592,0,0.3174133564814053,0.48151298009921917,0,1518,380,True,1.384005472288059
paper_f29582b34f36217f5245,T1b_EXPLICIT_DEFINITION,10237,0,0.3870075118916758,0.37804777951712004,2,1518,380,True,1.3963477696009834
paper_b4060e490d5e7ece7232,T1b_EXPLICIT_DEFINITION,17205,0,0.4846565314525128,0.2816951650406933,4,1519,379,True,1.189442289030028
paper_018b516e093119dd238f,T1b_EXPLICIT_DEFINITION,8840,0,0.5014692937416955,0.567272956721375,0,1518,380,True,1.384005472288059
paper_4dc2eadc3749a7660e20,T1b_EXPLICIT_DEFINITION,19096,2,0.7307903573463479,0.38269289764680975,1,1518,380,True,1.314500650801371
paper_e4a601f09f52c66b0c2d,T1b_EXPLICIT_DEFINITION,15408,0,1.841580260523467,1.1952104494570788,1,1518,380,True,1.314500650801371
paper_e5334460cd55c6892d27,T1b_EXPLICIT_DEFINITION,9134,0,0.5198320744432016,0.5691176641594061,3,1519,379,True,1.2376448289616322
paper_b1137dddd2d1c3041dd4,T1b_EXPLICIT_DEFINITION,11932,0,0.9526861178787266,0.7984295322483461,3,1519,379,True,1.2376448289616322
paper_470a19bc15b33b925872,T1b_EXPLICIT_DEFINITION,3814,0,0.13822783414178805,0.36242221851543793,1,1518,380,True,1.314500650801371
paper_0d0e2940e0e755570725,T1b_EXPLICIT_DEFINITION,6335,0,0.2594592520676069,0.40956472307435976,0,1518,380,True,1.384005472288059
paper_e61f93a45b9dbd4173bb,T1b_EXPLICIT_DEFINITION,10061,0,0.3584684721805804,0.3562950722399169,2,1518,380,True,1.3963477696009834
paper_f428a6fb981d833aa062,T1b_EXPLICIT_DEFINITION,12878,0,0.3468063528367087,0.2693014077005037,0,1518,380,True,1.384005472288059
paper_2ce6080bc78f6dc4bbee,T1b_EXPLICIT_DEFINITION,10162,3,0.27080840783102145,0.2664912495877007,3,1519,379,True,1.2376448289616322
paper_4a1a84ef181c583b0c16,T1b_EXPLICIT_DEFINITION,10243,2,0.5962308995524004,0.5820862047763354,3,1519,379,True,1.2376448289616322
paper_d0916bb0e72843b26dae,T1b_EXPLICIT_DEFINITION,7349,0,0.22912360443761667,0.3117752135496213,0,1518,380,True,1.384005472288059
paper_be916dbf47bd1190bfac,T1b_EXPLICIT_DEFINITION,4342,0,0.3953881563061061,0.910612980898448,1,1518,380,True,1.314500650801371
paper_d83e0c5ca69ddb960c2d,T1b_EXPLICIT_DEFINITION,12618,0,0.4243266856619392,0.3362868011269133,2,1518,380,True,1.3963477696009834
paper_77bb6698199bf1624c46,T1b_EXPLICIT_DEFINITION,7739,0,0.5832892310967714,0.753701035142488,3,1519,379,True,1.2376448289616322
paper_a91b6cdc70f66ae90058,T1b_EXPLICIT_DEFINITION,15729,0,0.7297952775729599,0.46398072196131984,4,1519,379,True,1.189442289030028
paper_e66ace61c008f0ebbeae,T1b_EXPLICIT_DEFINITION,20481,2,1.369942920598961,0.6688847813089992,3,1519,379,True,1.2376448289616322
paper_31f1cb4fdb10b6110e78,T1b_EXPLICIT_DEFINITION,7995,0,0.23709520417967114,0.2965543516943979,1,1518,380,True,1.314500650801371
paper_c384165a13e05f8ab24b,T1b_EXPLICIT_DEFINITION,8534,0,0.29218212767697616,0.34237418288841825,2,1518,380,True,1.3963477696009834
paper_1a0a3e23f9a87b4f601d,T1b_EXPLICIT_DEFINITION,5201,0,0.14643738484624544,0.2815562100485396,2,1518,380,True,1.3963477696009834
paper_3d161fef9d71e18b98ab,T1b_EXPLICIT_DEFINITION,18404,0,0.6261590926777006,0.3402298916962077,2,1518,380,True,1.3963477696009834
paper_e15473cb8033ba3e230e,T1b_EXPLICIT_DEFINITION,14727,1,0.7799151175437223,0.5295818004642645,3,1519,379,True,1.2376448289616322
paper_047f3d56832a59d32f3a,T1b_EXPLICIT_DEFINITION,17555,0,0.640383922736088,0.364787196090053,4,1519,379,True,1.189442289030028
paper_92a9eb1be5953f61da8b,T1b_EXPLICIT_DEFINITION,13974,0,0.3736630359981283,0.2673987662788953,0,1518,380,True,1.384005472288059
paper_c6717e49ec3e5a60cde8,T1b_EXPLICIT_DEFINITION,5654,0,0.19125301493436492,0.3382614342666518,2,1518,380,True,1.3963477696009834
paper_ba893a0b287fc0db68c1,T1b_EXPLICIT_DEFINITION,11906,0,0.30439049727291007,0.2556614289206367,2,1518,380,True,1.3963477696009834
paper_733dead659ca641cecf9,T1b_EXPLICIT_DEFINITION,7921,1,0.2890897293506088,0.36496620294231635,4,1519,379,True,1.189442289030028
paper_85c49445cc84be9508d8,T1b_EXPLICIT_DEFINITION,14993,0,0.6229466748559169,0.41549167935431,4,1519,379,True,1.189442289030028
paper_cb1e8b9fb74ebf9aab67,T1b_EXPLICIT_DEFINITION,6083,0,0.1967556052748349,0.3234515950597319,4,1519,379,True,1.189442289030028
paper_083453b34b1f4bf3a511,T1b_EXPLICIT_DEFINITION,14796,1,0.9072783095190395,0.6131916122729383,4,1519,379,True,1.189442289030028
paper_448268c4f609c1ce1787,T1b_EXPLICIT_DEFINITION,9015,3,0.4315214575108677,0.4786705019532642,0,1518,380,True,1.384005472288059
paper_899264c07796c6d9aab5,T1b_EXPLICIT_DEFINITION,5830,0,0.12114161395580834,0.2077900753958977,0,1518,380,True,1.384005472288059
paper_3cb5fc46313617ae9cf3,T1b_EXPLICIT_DEFINITION,5204,1,0.14164358087907974,0.27218213082067594,4,1519,379,True,1.189442289030028
paper_8af876bb4b710a9e6b04,T1b_EXPLICIT_DEFINITION,14405,3,0.8469562018848411,0.5879598763518509,3,1519,379,True,1.2376448289616322
paper_c750381016e9d48f54f5,T1b_EXPLICIT_DEFINITION,12449,0,0.3250783740224705,0.2611281018736208,0,1518,380,True,1.384005472288059
paper_1099000f012657a4a58c,T1b_EXPLICIT_DEFINITION,14868,0,0.5103313449137865,0.34324142111500305,4,1519,379,True,1.189442289030028
paper_5c211132f97e75987828,T1b_EXPLICIT_DEFINITION,5993,1,0.17373723526677728,0.2899002757663562,0,1518,380,True,1.384005472288059
paper_3bdb77b817ab0e39e5e3,T1b_EXPLICIT_DEFINITION,11473,0,0.37911799174348565,0.3304436431129484,4,1519,379,True,1.189442289030028
paper_98b22e436f52b6233975,T1b_EXPLICIT_DEFINITION,5064,0,0.2235868855817064,0.4415222859038436,2,1518,380,True,1.3963477696009834
paper_344ec40420eed950c8fb,T1b_EXPLICIT_DEFINITION,15738,1,0.5267785908692799,0.3347176203261405,0,1518,380,True,1.384005472288059
paper_af9e15e32ede3af8ebf7,T1b_EXPLICIT_DEFINITION,8590,6,0.3591291884429437,0.4180782170465003,1,1518,380,True,1.314500650801371
paper_e50e8b978761f11e5df6,T1b_EXPLICIT_DEFINITION,17333,0,0.39015310629403377,0.225092659259236,0,1518,380,True,1.384005472288059
paper_d50b8aede0d39091b0ee,T1b_EXPLICIT_DEFINITION,5748,1,0.19056954545702637,0.3315406149217578,1,1518,380,True,1.314500650801371
paper_49853d61ac9e78b09d27,T1b_EXPLICIT_DEFINITION,11494,2,0.7609143075552561,0.6620100117933323,1,1518,380,True,1.314500650801371
paper_a3dcf98fe3d5b5b73d1c,T1b_EXPLICIT_DEFINITION,13612,0,0.2343121943583496,0.17213649306373024,3,1519,379,True,1.2376448289616322
paper_5fefae153331fd9cc0e9,T1b_EXPLICIT_DEFINITION,7102,0,0.2818184136806755,0.3968155641800556,0,1518,380,True,1.384005472288059
paper_303091be2da1043584f5,T1b_EXPLICIT_DEFINITION,10737,0,0.194561282164534,0.18120637251050944,0,1518,380,True,1.384005472288059
paper_4a02daf09222671bb343,T1b_EXPLICIT_DEFINITION,8653,0,0.46899424002461715,0.5420018953248783,2,1518,380,True,1.3963477696009834
paper_701c52df0bb116df7334,T1b_EXPLICIT_DEFINITION,12573,1,0.34594566866798443,0.275149660914646,0,1518,380,True,1.384005472288059
paper_e2007791cc10c41715b8,T1b_EXPLICIT_DEFINITION,5648,0,0.1348505208804422,0.23875800439171777,4,1519,379,True,1.189442289030028
paper_4635a9cc7bbcd74bc882,T1b_EXPLICIT_DEFINITION,10792,0,0.6029585159318759,0.5587087805150814,1,1518,380,True,1.314500650801371
paper_7cc40044e8e7c820958f,T1b_EXPLICIT_DEFINITION,2341,0,0.11669610670915836,0.4984882815427525,1,1518,380,True,1.314500650801371
paper_c332c59b62a7c6bc99db,T1b_EXPLICIT_DEFINITION,10971,0,0.20843813020879404,0.1899900922512023,0,1518,380,True,1.384005472288059
paper_663c9861204cefb16aa6,T1b_EXPLICIT_DEFINITION,14066,0,0.6220943930075286,0.44226815939679265,3,1519,379,True,1.2376448289616322
paper_860747b92870ed8134b5,T1b_EXPLICIT_DEFINITION,11430,2,0.521890213145915,0.4565968618949387,1,1518,380,True,1.314500650801371
paper_58ff33777204f4c8bb8c,T1b_EXPLICIT_DEFINITION,4692,0,0.3057129221893801,0.6515620677523021,2,1518,380,True,1.3963477696009834
paper_60859c18d1b677dfeea1,T1b_EXPLICIT_DEFINITION,6633,1,0.20764238309233923,0.31304444910649665,0,1518,380,True,1.384005472288059
paper_b9d4d7e56d125a28c869,T1b_EXPLICIT_DEFINITION,12315,0,0.3919185447370061,0.31824485971336264,1,1518,380,True,1.314500650801371
paper_1effe763b7ff437e1fc9,T1b_EXPLICIT_DEFINITION,13431,0,0.2510517748086956,0.18691964470902808,0,1518,380,True,1.384005472288059
paper_e9ac0d341bdc0d314ea1,T1b_EXPLICIT_DEFINITION,6364,0,0.6711639016273812,1.0546258667934965,1,1518,380,True,1.314500650801371
paper_711883789f83c2f2a3b5,T1b_EXPLICIT_DEFINITION,5916,0,0.32402024608956037,0.547701565398175,1,1518,380,True,1.314500650801371
paper_60f2e60b844747fe802d,T1b_EXPLICIT_DEFINITION,12060,1,0.44897178153795764,0.37228174256878743,3,1519,379,True,1.2376448289616322
paper_fb3ca2b9915274b899b1,T2_NUMERIC,7038,41,16.50278813007321,23.448121810277364,1,1518,380,True,0.46596178274885836
paper_c2234e1a403516780d78,T2_NUMERIC,9710,6,20.69147355659031,21.309447535108454,0,1518,380,True,0.4307206353288397
paper_8257025951ba6b28b75b,T2_NUMERIC,21876,36,44.60238665453464,20.38873041439689,2,1518,380,True,0.4451392235883856
paper_1b171a1a4aec0890360c,T2_NUMERIC,6363,17,11.44683712693087,17.989685882336744,1,1518,380,True,0.46596178274885836
paper_bd883eabafd2e7b17297,T2_NUMERIC,12645,24,28.280447638155284,22.364924980747556,0,1518,380,True,0.4307206353288397
paper_985fcd185ed02e5bf0c9,T2_NUMERIC,3306,13,7.0834490498129385,21.42604068303974,3,1519,379,True,0.42311072891719326
paper_89fda2b1fae52af29ea2,T2_NUMERIC,6469,28,14.18380300194144,21.925804609586397,3,1519,379,True,0.42311072891719326
paper_b73e8d1371d2c75baf5e,T2_NUMERIC,11966,17,27.247665848020528,22.77090577304072,3,1519,379,True,0.42311072891719326
paper_ad00811f68d163562037,T2_NUMERIC,9089,8,21.368385412144338,23.51016108718708,3,1519,379,True,0.42311072891719326
paper_e7cb9db0da80a095bfbf,T2_NUMERIC,7870,30,0.0011909759061793591,0.0015133111895544588,0,1518,380,True,0.4307206353288397
paper_c59024ff0db6a1d90594,T2_NUMERIC,10100,5,22.535892878918027,22.31276522665151,2,1518,380,True,0.4451392235883856
paper_5f4d155a7e87fdbcfd57,T2_NUMERIC,12702,95,29.21160692534385,22.997643619385805,0,1518,380,True,0.4307206353288397
paper_e2fe8c3fb17de72a30f6,T2_NUMERIC,2435,4,5.3832372556506725,22.10775053655307,3,1519,379,True,0.42311072891719326
paper_9b4349e4d6009d73ce9d,T2_NUMERIC,4516,6,8.943344360540992,19.80368547506863,0,1518,380,True,0.4307206353288397
paper_821c30710a08627d5ec1,T2_NUMERIC,6884,11,12.851803321853371,18.66909256515597,0,1518,380,True,0.4307206353288397
paper_69fa8302ed65d234bceb,T2_NUMERIC,9028,23,20.011916814232837,22.16650068036424,2,1518,380,True,0.4451392235883856
paper_1e65e9d0a8786fa0982f,T2_NUMERIC,8517,28,19.786068975448263,23.231265675059603,0,1518,380,True,0.4307206353288397
paper_ac7d4e80f6136ba80773,T2_NUMERIC,12136,10,27.884336708642458,22.97654639802444,0,1518,380,True,0.4307206353288397
paper_f127962446e96a02507f,T2_NUMERIC,9073,10,19.36781613376763,21.346650648922772,3,1519,379,True,0.42311072891719326
paper_4ee58c087d3e3326bfd7,T2_NUMERIC,14188,25,32.25183262750526,22.731768133285353,1,1518,380,True,0.46596178274885836
paper_df86d7f2b086c51bfe19,T2_NUMERIC,8970,22,18.357724960848927,20.465691149218422,2,1518,380,True,0.4451392235883856
paper_b3d33d8ef68936f98277,T2_NUMERIC,3349,22,6.007505659744614,17.938207404433008,2,1518,380,True,0.4451392235883856
paper_b1be9d9c2235573dcd95,T2_NUMERIC,14428,9,32.94174100558769,22.831813838084063,0,1518,380,True,0.4307206353288397
paper_f958223ca2563b6c2ee0,T2_NUMERIC,12794,40,28.864069144985113,22.560629314510795,4,1519,379,True,0.4562518493427238
paper_7a234a0942160567de4e,T2_NUMERIC,5198,9,9.235528762335086,17.767465875981312,4,1519,379,True,0.4562518493427238
paper_32841268fd79635f1a52,T2_NUMERIC,10253,19,22.647529336250514,22.08868559080319,3,1519,379,True,0.42311072891719326
paper_493838792c068344ab2f,T2_NUMERIC,12873,13,27.614088161529644,21.45116768548873,3,1519,379,True,0.42311072891719326
paper_ca5062f04a73b5342113,T2_NUMERIC,6863,16,15.969972366851907,23.269666861215075,4,1519,379,True,0.4562518493427238
paper_51d90b89ffab3e573b94,T2_NUMERIC,8673,7,20.030289957167334,23.094995915101272,0,1518,380,True,0.4307206353288397
paper_bfbee9103060405ddf4a,T2_NUMERIC,10044,39,17.42748182386024,17.351136821844126,4,1519,379,True,0.4562518493427238
paper_1d196ac13fa57b930414,T2_NUMERIC,12234,24,24.19509094874741,19.776925738717843,3,1519,379,True,0.42311072891719326
paper_a6c7c43c9bb00b33965a,T2_NUMERIC,8768,12,17.54491239684726,20.010164686185288,2,1518,380,True,0.4451392235883856
paper_dd072c7a9a4eb901d770,T2_NUMERIC,5212,31,11.966934987424066,22.960351088687773,4,1519,379,True,0.4562518493427238
paper_a9b7cccd95ca07156fb7,T2_NUMERIC,7594,14,15.126322130514072,19.918780788140733,1,1518,380,True,0.46596178274885836
paper_e038c6543f5175116b1c,T2_NUMERIC,8025,20,18.892756128670676,23.54237523821891,3,1519,379,True,0.42311072891719326
paper_145373617da645708424,T2_NUMERIC,6755,17,15.289064706166695,22.633700527263798,3,1519,379,True,0.42311072891719326
paper_6549ab238decd77f0d36,T2_NUMERIC,9656,35,21.894235073233816,22.674228534832036,3,1519,379,True,0.42311072891719326
paper_c146dad478613317f96c,T2_NUMERIC,6981,7,16.01623913513239,22.942614432219436,2,1518,380,True,0.4451392235883856
paper_ca18a68f81210c3e50e9,T2_NUMERIC,3715,0,6.627277691354694,17.839240084400252,1,1518,380,True,0.46596178274885836
paper_02d87c8cf3c68e9b7624,T2_NUMERIC,378,0,0.5852097183523944,15.481738580751177,3,1519,379,True,0.42311072891719326
paper_04ee90d11a9e2e5995fa,T2_NUMERIC,7852,23,15.981255959036922,20.353102342125474,1,1518,380,True,0.46596178274885836
paper_c35f6124b433c452f4bd,T2_NUMERIC,5749,5,11.091212616445636,19.29242062349215,3,1519,379,True,0.42311072891719326
paper_27f10dec8047a843a6ec,T2_NUMERIC,10997,3,21.087303535911445,19.175505625089976,2,1518,380,True,0.4451392235883856
paper_f3afec6e13796b766325,T2_NUMERIC,11069,8,23.98288810211212,21.666716146094608,0,1518,380,True,0.4307206353288397
paper_00c54464ef9a21d1e80e,T2_NUMERIC,8214,24,18.479673428000293,22.497776269783653,4,1519,379,True,0.4562518493427238
paper_34930f421e5c0fbf49d0,T2_NUMERIC,26092,37,53.805135458465294,20.621315138151655,0,1518,380,True,0.4307206353288397
paper_89ea92aa5842a2c088a5,T2_NUMERIC,7633,23,15.002885549926612,19.65529352800552,2,1518,380,True,0.4451392235883856
paper_86c706cc7c1b31c5b704,T2_NUMERIC,8724,11,18.075223860213708,20.718963617851568,0,1518,380,True,0.4307206353288397
paper_5f9e475046ee441302b8,T2_NUMERIC,9207,6,20.233815659644556,21.97655659785441,3,1519,379,True,0.42311072891719326
paper_32588ab02863572afb45,T2_NUMERIC,5368,17,11.555854199406982,21.52729917922314,4,1519,379,True,0.4562518493427238
paper_ea0d0996e01f5ba956c4,T2_NUMERIC,9449,27,21.92144157493115,23.19974767163843,4,1519,379,True,0.4562518493427238
paper_fd846be4054cb8da1c75,T2_NUMERIC,11267,9,22.00683636320898,19.532117123643363,1,1518,380,True,0.46596178274885836
paper_23dce9b08be913b037dd,T2_NUMERIC,6241,21,14.901673146727537,23.877060001165738,3,1519,379,True,0.42311072891719326
paper_76ea1bc753a6f3bd627c,T2_NUMERIC,5745,23,13.790204086010608,24.00383652917425,3,1519,379,True,0.42311072891719326
paper_0f9cb975cd0b7c104b86,T2_NUMERIC,9100,34,19.842995743759403,21.805489828307035,2,1518,380,True,0.4451392235883856
paper_55cc9922955ed3e6ec1b,T2_NUMERIC,9068,6,18.420169577736402,20.313376243644026,3,1519,379,True,0.42311072891719326
paper_5675b30f5cad570acb65,T2_NUMERIC,7323,6,14.647842794261535,20.00251644716856,2,1518,380,True,0.4451392235883856
paper_d6098e7c24a35a215597,T2_NUMERIC,11021,5,25.629998114418356,23.25560122894325,2,1518,380,True,0.4451392235883856
paper_abbde51c7d33404cc803,T2_NUMERIC,14895,15,24.94639904942113,16.74816988883594,4,1519,379,True,0.4562518493427238
paper_654a44c8e94205f86a24,T2_NUMERIC,18258,54,40.12351665333757,21.975855325521724,2,1518,380,True,0.4451392235883856
paper_dd00a6ebc17bdfcae203,T2_NUMERIC,14015,11,33.16130418177671,23.66129445720778,2,1518,380,True,0.4451392235883856
paper_35b3eab66de11aeab930,T2_NUMERIC,9620,15,18.842183523011347,19.586469358639654,3,1519,379,True,0.42311072891719326
paper_25f8891779281d552aed,T2_NUMERIC,10819,18,25.642910584726096,23.70173822416683,1,1518,380,True,0.46596178274885836
paper_43acf95a4cff34bcd303,T2_NUMERIC,6315,31,14.095060069976306,22.319968440184176,2,1518,380,True,0.4451392235883856
paper_2dd21d283cb3890b0651,T2_NUMERIC,17232,111,36.60076666932,21.239999227785514,3,1519,379,True,0.42311072891719326
paper_485b3fecc88210a2fb80,T2_NUMERIC,9656,24,22.84020145276447,23.653895456466934,3,1519,379,True,0.42311072891719326
paper_6445b8c71cfc27098a19,T2_NUMERIC,6396,16,12.006520559987466,18.771920825496352,2,1518,380,True,0.4451392235883856
paper_c8f09dfd076f3e2b5a53,T2_NUMERIC,16597,69,37.77565572927174,22.76053246325947,1,1518,380,True,0.46596178274885836
paper_ddc1627042a99d4c0665,T2_NUMERIC,5518,7,9.017436744719953,16.34185709445443,1,1518,380,True,0.46596178274885836
paper_e072120be00c97a29167,T2_NUMERIC,9002,22,22.789120592558938,25.315619409641123,3,1519,379,True,0.42311072891719326
paper_bfafb1f783cf1c10b709,T2_NUMERIC,8443,23,18.329390342546272,21.70957046375254,0,1518,380,True,0.4307206353288397
paper_4611789ef7e3c08c3ac9,T2_NUMERIC,7476,26,15.95900043647622,21.346977576880978,0,1518,380,True,0.4307206353288397
paper_19623e79243d0cf49b1e,T2_NUMERIC,6701,11,12.366936642812282,18.45535986093461,2,1518,380,True,0.4451392235883856
paper_0f61c61330c55093b22d,T2_NUMERIC,8809,2,17.90284340096765,20.323354978962026,4,1519,379,True,0.4562518493427238
paper_c2a30d1e4f252f81df97,T2_NUMERIC,9455,14,18.41463943784597,19.476086132042273,2,1518,380,True,0.4451392235883856
paper_47eb55cbd779efa686da,T2_NUMERIC,16975,39,37.89156017612442,22.32197948519848,4,1519,379,True,0.4562518493427238
paper_b77b159f8f12131d26af,T2_NUMERIC,4785,10,8.967324550249108,18.740490178159057,3,1519,379,True,0.42311072891719326
paper_7ee211be810b2ec4f105,T2_NUMERIC,15092,46,34.55252820530995,22.894598598800652,1,1518,380,True,0.46596178274885836
paper_0ca1a64ca43828e8bc89,T2_NUMERIC,14004,18,30.14791031987745,21.528070779689696,1,1518,380,True,0.46596178274885836
paper_78d9139681b32b96ff05,T2_NUMERIC,10839,25,25.300289375938366,23.34190365895227,4,1519,379,True,0.4562518493427238
paper_68b682c64bdfa515c2d5,T2_NUMERIC,25609,16,49.800658728038314,19.4465456394386,1,1518,380,True,0.46596178274885836
paper_cad4056b1e168f18b713,T2_NUMERIC,3999,16,9.0098005466422,22.53013390008052,4,1519,379,True,0.4562518493427238
paper_3d90170a02ec76d9ceea,T2_NUMERIC,26092,10,36.42897081456677,13.96173954260569,0,1518,380,True,0.4307206353288397
paper_b818e1ab3266976a8db9,T2_NUMERIC,9065,14,19.585042435140032,21.60512127428575,3,1519,379,True,0.42311072891719326
paper_9744040006c757b714ce,T2_NUMERIC,17678,100,41.35705149500223,23.394643904854753,1,1518,380,True,0.46596178274885836
paper_97acf7f1735788135ab2,T2_NUMERIC,11324,13,25.04656217175495,22.118122723202887,0,1518,380,True,0.4307206353288397
paper_af86becd1d44297317eb,T2_NUMERIC,10932,11,17.05030907372189,15.596696920711574,4,1519,379,True,0.4562518493427238
paper_cdd128adfb5f643d39be,T2_NUMERIC,6847,2,14.440884936731978,21.09082070502699,3,1519,379,True,0.42311072891719326
paper_9ce44f3c347715a57bfd,T2_NUMERIC,11194,37,25.949151949706113,23.181304225215396,2,1518,380,True,0.4451392235883856
paper_14885a60d70b18d57ffa,T2_NUMERIC,11369,28,24.244805084037697,21.325362902663116,2,1518,380,True,0.4451392235883856
paper_e0741239e6b4af7e9060,T2_NUMERIC,9743,12,23.276472538924832,23.890457291311538,0,1518,380,True,0.4307206353288397
paper_fdb671853a669cdb0e87,T2_NUMERIC,9277,29,19.019503980473978,20.501782882908245,0,1518,380,True,0.4307206353288397
paper_59c8c60a6758aa8e98da,T2_NUMERIC,11779,25,26.877595385449872,22.818231925842493,4,1519,379,True,0.4562518493427238
paper_71f603e6d51c12630385,T2_NUMERIC,9602,21,21.818607575553504,22.722982269895336,4,1519,379,True,0.4562518493427238
paper_70f52b65fe6b6074b908,T2_NUMERIC,10182,1,10.698869419692826,10.507630543795743,0,1518,380,True,0.4307206353288397
paper_a29e23e2440fa2936e13,T2_NUMERIC,10779,33,24.98647003435047,23.180693973792067,1,1518,380,True,0.46596178274885836
paper_d8da4b545589c42be5f2,T2_NUMERIC,10265,15,22.094404305663037,21.52401783308625,3,1519,379,True,0.42311072891719326
paper_17bf0cae07002c40490e,T2_NUMERIC,7067,5,15.977297089235162,22.6083162434345,3,1519,379,True,0.42311072891719326
paper_56c871a48eef1bc45564,T2_NUMERIC,8774,19,20.252563862359594,23.082475338909955,1,1518,380,True,0.46596178274885836
paper_40ad1ca31f69049b9c34,T2_NUMERIC,22166,117,44.64408658073256,20.14079517311764,3,1519,379,True,0.42311072891719326
paper_5011fcd87c855c7b431d,T2_NUMERIC,12363,43,30.814209359623256,24.924540451042027,0,1518,380,True,0.4307206353288397
paper_7240b6122ecd6cc368da,T2_NUMERIC,14064,32,25.46332291648056,18.105320617520306,2,1518,380,True,0.4451392235883856
paper_d744c0f7280272110b1c,T2_NUMERIC,20397,0,10.330044755692649,5.064492207526915,0,1518,380,True,0.4307206353288397
paper_20405fbee74bdd933063,T2_NUMERIC,9596,46,19.780101034317692,20.61286060266537,3,1519,379,True,0.42311072891719326
paper_dce85d264393d934c1c2,T2_NUMERIC,11787,87,28.235562157080917,23.954833424179956,3,1519,379,True,0.42311072891719326
paper_c84f83ae2a94c240da67,T2_NUMERIC,8843,30,17.198718029277046,19.4489630547066,0,1518,380,True,0.4307206353288397
paper_8640f23aabb16c409f47,T2_NUMERIC,6127,3,12.435164524559697,20.295682266296225,1,1518,380,True,0.46596178274885836
paper_7d5aebf7dad543650e12,T2_NUMERIC,7875,48,17.813633508972167,22.620486995520213,0,1518,380,True,0.4307206353288397
paper_2fb2efaeb9b40547dbba,T2_NUMERIC,16852,32,27.792309527965998,16.49199473532281,2,1518,380,True,0.4451392235883856
paper_df4f5b6d769e24884e34,T2_NUMERIC,13347,6,25.86792810516852,19.38108047139321,3,1519,379,True,0.42311072891719326
paper_23067971f4b570077210,T2_NUMERIC,4907,8,7.690310862481971,15.672123216796354,3,1519,379,True,0.42311072891719326
paper_e5d8711fb39496d60afc,T2_NUMERIC,14654,18,29.841799915369737,20.364269083778993,2,1518,380,True,0.4451392235883856
paper_30665dd11d87f523f8c5,T2_NUMERIC,25520,32,45.34504838692267,17.768435888292583,1,1518,380,True,0.46596178274885836
paper_4caad60a26ac6522fd27,T2_NUMERIC,8088,10,16.634807794653973,20.567269775783846,4,1519,379,True,0.4562518493427238
paper_98717761258ee145c9d8,T2_NUMERIC,13896,71,28.54665887012204,20.54307633140619,2,1518,380,True,0.4451392235883856
paper_053b92fbb32e346bfd2b,T2_NUMERIC,13624,9,31.44052740938811,23.07731019479456,4,1519,379,True,0.4562518493427238
paper_3fc5ad888280021a152a,T2_NUMERIC,48529,214,34.058373104767455,7.018148551333729,3,1519,379,True,0.42311072891719326
paper_64aa55b50d42d19509ef,T2_NUMERIC,6630,5,15.831291572335381,23.878267831576743,2,1518,380,True,0.4451392235883856
paper_d1323c3c9ab5baa345f5,T2_NUMERIC,6793,35,14.042077478748505,20.671393314807162,2,1518,380,True,0.4451392235883856
paper_569fb5fe6cc2efe4d817,T2_NUMERIC,12347,26,28.209649786052132,22.84737165793483,4,1519,379,True,0.4562518493427238
paper_5adcc8e2ca04bcfc87d9,T2_NUMERIC,8425,27,19.01523497273607,22.570011837075455,4,1519,379,True,0.4562518493427238
paper_e57478bf8eb05ac918ba,T2_NUMERIC,19117,74,33.68316251874064,17.619481361479647,1,1518,380,True,0.46596178274885836
paper_5ce355c8f4c399651bf5,T2_NUMERIC,15246,22,26.783527008866166,17.56757641930091,1,1518,380,True,0.46596178274885836
paper_b78f0ad273c0f3734d07,T2_NUMERIC,8352,27,15.740363177762898,18.846220279888527,3,1519,379,True,0.42311072891719326
paper_b0e9eb2848ba1c224022,T2_NUMERIC,5409,3,12.67964250106232,23.441749863306192,4,1519,379,True,0.4562518493427238
paper_527a780511b23ba51453,T2_NUMERIC,9293,34,19.006727853564716,20.452736310733577,2,1518,380,True,0.4451392235883856
paper_2f0372a1092eda59e322,T2_NUMERIC,9963,3,22.203371357346118,22.285828924366275,0,1518,380,True,0.4307206353288397
paper_a5f1e11de5f0448369f5,T2_NUMERIC,6075,28,10.177221553708872,16.75262807194876,4,1519,379,True,0.4562518493427238
paper_8a13100af2dfd41eb756,T2_NUMERIC,8229,21,16.366964413853648,19.889372237032017,1,1518,380,True,0.46596178274885836
paper_131f8159c96f54d575a2,T2_NUMERIC,13731,47,31.270462468562755,22.773623529650248,3,1519,379,True,0.42311072891719326
paper_80a68f160df4694a78e4,T2_NUMERIC,12598,22,28.066326296787718,22.27839839402105,3,1519,379,True,0.42311072891719326
paper_f07c5b93cfd2ea6a70f0,T2_NUMERIC,5470,16,9.430023399247924,17.239530894420334,1,1518,380,True,0.46596178274885836
paper_e0541593a359d8a87a28,T2_NUMERIC,14587,27,23.66562290621504,16.223776586148652,4,1519,379,True,0.4562518493427238
paper_8fecf48988292b0785aa,T2_NUMERIC,6536,14,15.01650721334731,22.9750722358435,2,1518,380,True,0.4451392235883856
paper_50c23e22863d3b23264b,T2_NUMERIC,7997,3,18.307949531003,22.893521984497937,0,1518,380,True,0.4307206353288397
paper_e32ff121a88635b9567c,T2_NUMERIC,9121,13,16.544379031191266,18.138777580518873,3,1519,379,True,0.42311072891719326
paper_09c4f2f626f879ade963,T2_NUMERIC,6308,28,14.52149304452848,23.020756253215726,1,1518,380,True,0.46596178274885836
paper_ed68ec856c007b57b392,T2_NUMERIC,8322,44,19.190250291667525,23.05966148962692,1,1518,380,True,0.46596178274885836
paper_61b3e2b332fc7c0c5fac,T2_NUMERIC,4481,16,9.624084160860995,21.477536623211325,1,1518,380,True,0.46596178274885836
paper_e0bc38afddebf5979ec5,T2_NUMERIC,11171,3,25.067909368332895,22.440165937098644,4,1519,379,True,0.4562518493427238
paper_a462119ad795fec5ed0b,T2_NUMERIC,13572,21,30.117609485861195,22.19098842164839,2,1518,380,True,0.4451392235883856
paper_c3bb7c56866fff2e4754,T2_NUMERIC,6013,11,11.228514323577343,18.673730789252193,0,1518,380,True,0.4307206353288397
paper_07f0e3315516c7475a67,T2_NUMERIC,7837,8,14.562324501046078,18.58150376553028,1,1518,380,True,0.46596178274885836
paper_23bc6223ed3b36fa514e,T2_NUMERIC,7906,13,18.029747844241378,22.80514526213177,3,1519,379,True,0.42311072891719326
paper_717c27ed0f4ae381c164,T2_NUMERIC,4810,6,11.287667504475689,23.467084208889165,2,1518,380,True,0.4451392235883856
paper_c7495d7c09eec5e52ed8,T2_NUMERIC,10442,22,25.10037909172109,24.03790374614163,0,1518,380,True,0.4307206353288397
paper_ccfcdd53b9fac7e46b8c,T2_NUMERIC,19436,69,30.38480054687897,15.63325815336436,4,1519,379,True,0.4562518493427238
paper_580b582e98cb2745d84d,T2_NUMERIC,11927,16,28.009792577292494,23.484356986075703,1,1518,380,True,0.46596178274885836
paper_02db3bc9247286cb9f0e,T2_NUMERIC,6016,0,8.166564070413104,13.574740808532418,3,1519,379,True,0.42311072891719326
paper_4504bb0b1f6752d2176c,T2_NUMERIC,15227,9,27.218369595667077,17.87507033274255,1,1518,380,True,0.46596178274885836
paper_4f56eb43f6a9f68765d6,T2_NUMERIC,10257,25,23.78657864035162,23.19058071595166,1,1518,380,True,0.46596178274885836
paper_cb595590bb73994a1c54,T2_NUMERIC,6506,4,8.540291995026328,13.126793721220917,3,1519,379,True,0.42311072891719326
paper_d553a2b751f8e5ef2e5f,T2_NUMERIC,5915,0,8.272664955980904,13.985908632258502,1,1518,380,True,0.46596178274885836
paper_3d0a6d6a13c05010a8e5,T2_NUMERIC,6099,5,14.18679778599644,23.260858806355863,1,1518,380,True,0.46596178274885836
paper_228ae7746c6384c3588b,T2_NUMERIC,8605,8,19.1061200723081,22.203509671479488,4,1519,379,True,0.4562518493427238
paper_b0bb506c29582306cc25,T2_NUMERIC,8437,38,15.466445805345616,18.33168875826196,4,1519,379,True,0.4562518493427238
paper_18d798cf5baa417ae2fb,T2_NUMERIC,4350,3,7.935860952224024,18.243358510859824,0,1518,380,True,0.4307206353288397
paper_2f4030b1e5c2b75fa04a,T2_NUMERIC,5940,9,14.012009723480677,23.58924195872168,1,1518,380,True,0.46596178274885836
paper_b0a953422591639eafd8,T2_NUMERIC,7225,1,10.608088456954684,14.682475372947659,4,1519,379,True,0.4562518493427238
paper_cccf0a5d801b597f89a2,T2_NUMERIC,9227,58,17.54732051922936,19.017362652248142,0,1518,380,True,0.4307206353288397
paper_03a86f795be234fe177f,T2_NUMERIC,4625,14,9.830049758781497,21.25416164060864,0,1518,380,True,0.4307206353288397
paper_c6856c356739df0e15f4,T2_NUMERIC,12935,9,29.425792792155168,22.748970075110293,1,1518,380,True,0.46596178274885836
paper_2a0c54eb288d2bd6107c,T2_NUMERIC,5473,8,10.708014227655509,19.56516394601774,2,1518,380,True,0.4451392235883856
paper_5b0673e9ff09192b1dee,T2_NUMERIC,5487,1,11.26527592101414,20.53084731367622,3,1519,379,True,0.42311072891719326
paper_acef42607abe11ef888b,T2_NUMERIC,11075,41,25.439642200679955,22.970331558176035,4,1519,379,True,0.4562518493427238
paper_bf590173ea587621d8ad,T2_NUMERIC,12204,11,21.859795721557177,17.91199256109241,3,1519,379,True,0.42311072891719326
paper_64526ba0276feb8256a1,T2_NUMERIC,7934,8,17.65763455576355,22.255652326397215,2,1518,380,True,0.4451392235883856
paper_a8c55eceae6ca55a4392,T2_NUMERIC,9552,16,19.82245912160627,20.75215569682398,0,1518,380,True,0.4307206353288397
paper_752b87d11b844759f3ca,T2_NUMERIC,5668,37,13.483308750530567,23.78847697694172,4,1519,379,True,0.4562518493427238
paper_bb9727873709888ef910,T2_NUMERIC,10949,9,15.440696316056714,14.102380414701539,1,1518,380,True,0.46596178274885836
paper_fe1498e316cb156a921e,T2_NUMERIC,7051,0,15.544062506824877,22.045188635406152,3,1519,379,True,0.42311072891719326
paper_4c38206e083c0aacbc47,T2_NUMERIC,7820,4,11.257827537585497,14.396198897168153,4,1519,379,True,0.4562518493427238
paper_fbf62e94cabeb88067b4,T2_NUMERIC,3578,1,8.848225894673643,24.729530169574183,3,1519,379,True,0.42311072891719326
paper_32d318d230fb473bc762,T2_NUMERIC,10407,6,18.96256899255058,18.220975297925033,3,1519,379,True,0.42311072891719326
paper_f33916084b79795dface,T2_NUMERIC,10791,2,18.523059019546604,17.165284977802433,0,1518,380,True,0.4307206353288397
paper_bebe86220846e53f26f1,T2_NUMERIC,7115,0,10.85173570961772,15.251912452027716,2,1518,380,True,0.4451392235883856
paper_2876b2a92e9b125fae45,T2_NUMERIC,12440,0,18.568495608370483,14.926443415088812,2,1518,380,True,0.4451392235883856
paper_6a6a4f61a4cef808023f,T2_NUMERIC,10033,5,14.353586683221963,14.306375643598088,3,1519,379,True,0.42311072891719326
paper_f485731d46aefa4dd60b,T2_NUMERIC,4426,6,10.30333656069343,23.279115591263963,1,1518,380,True,0.46596178274885836
paper_b1cf5c1ae7bd5bb2f927,T2_NUMERIC,9885,18,23.60298144348091,23.877573539181498,4,1519,379,True,0.4562518493427238
paper_4cbcd513356a1d2d7b3e,T2_NUMERIC,9098,11,18.93921194845274,20.816895964445745,0,1518,380,True,0.4307206353288397
paper_2cead7bf3791c2b24bcd,T2_NUMERIC,13593,3,20.997111083047947,15.447002930219927,2,1518,380,True,0.4451392235883856
paper_9bbcc0e547522dc52513,T2_NUMERIC,27289,7,47.72701787758777,17.48947117065036,4,1519,379,True,0.4562518493427238
paper_8ce711fbf07f21b62872,T2_NUMERIC,8823,3,12.000417903957908,13.601289701867742,3,1519,379,True,0.42311072891719326
paper_b00e1ebe06b61db493f4,T2_NUMERIC,6372,14,14.876435644760232,23.346571947206893,3,1519,379,True,0.42311072891719326
paper_c489eb829275ad437013,T2_NUMERIC,11735,8,26.311039940599006,22.420996966850453,2,1518,380,True,0.4451392235883856
paper_925df95ce06fa731d89c,T2_NUMERIC,9647,42,18.392794050708062,19.065817405108387,3,1519,379,True,0.42311072891719326
paper_5a950095cd27f4047930,T2_NUMERIC,17538,60,39.6148074510014,22.587984633938532,4,1519,379,True,0.4562518493427238
paper_5fc6abfc5851266a7bb2,T2_NUMERIC,10061,19,17.321654005617216,17.216632547080028,4,1519,379,True,0.4562518493427238
paper_56e00d79ae7f35d0b916,T2_NUMERIC,13905,33,28.277385664173178,20.336127769991496,0,1518,380,True,0.4307206353288397
paper_b3552b6fdbe0b7700b37,T2_NUMERIC,4575,30,10.740723430507964,23.47699110493544,4,1519,379,True,0.4562518493427238
paper_ab640ac2150e06496e16,T2_NUMERIC,12365,25,28.578546423531137,23.112451616280744,1,1518,380,True,0.46596178274885836
paper_95388a63f2873845bd78,T2_NUMERIC,17130,43,32.93774481322893,19.228105553548705,4,1519,379,True,0.4562518493427238
paper_f0e786cb7abc6bd38852,T2_NUMERIC,7506,3,17.16727334108665,22.871400667581465,1,1518,380,True,0.46596178274885836
paper_494fced5d2e7467e1403,T2_NUMERIC,7038,6,12.625491475805028,17.939033071618397,2,1518,380,True,0.4451392235883856
paper_97bda071e782a12cc886,T2_NUMERIC,15035,35,32.27546189216863,21.466885195988446,0,1518,380,True,0.4307206353288397
paper_c27799e3691b92bbf1b3,T2_NUMERIC,11867,27,24.69956304850055,20.813653870818698,2,1518,380,True,0.4451392235883856
paper_6d3b9ccf7151543b4009,T2_NUMERIC,10525,9,16.711124879998877,15.877553330165203,4,1519,379,True,0.4562518493427238
paper_3e1966df700d2fb4aa28,T2_NUMERIC,3100,1,5.499778753888092,17.741221786735778,1,1518,380,True,0.46596178274885836
paper_179f807a6800cc1dc318,T2_NUMERIC,9040,16,21.137975856583186,23.38271665551237,3,1519,379,True,0.42311072891719326
paper_ff0974689a099cd63cd5,T2_NUMERIC,5062,18,11.79890718445488,23.308785429582933,2,1518,380,True,0.4451392235883856
paper_d390a5f36458d70517fc,T2_NUMERIC,8458,5,17.78519414281129,21.027659189892752,3,1519,379,True,0.42311072891719326
paper_1af66e18c3f897d2957f,T2_NUMERIC,10225,12,20.745057398289674,20.28856469270384,0,1518,380,True,0.4307206353288397
paper_4dae860c365e3997cd5c,T2_NUMERIC,8342,49,17.07848219029744,20.472886826057827,2,1518,380,True,0.4451392235883856
paper_47baea05186d61b02ef1,T2_NUMERIC,9982,21,21.679760272964778,21.718854210543757,0,1518,380,True,0.4307206353288397
paper_cf194d0e98cb100aa430,T2_NUMERIC,8843,22,18.314714782327403,20.710974536161263,4,1519,379,True,0.4562518493427238
paper_3992d40727ba7f0c80ba,T2_NUMERIC,7217,15,14.736333453445969,20.41891846119713,2,1518,380,True,0.4451392235883856
paper_08f90e5bb27c91f1db24,T2_NUMERIC,7927,13,16.01650526722995,20.205002229380533,1,1518,380,True,0.46596178274885836
paper_1dba34972cfb5f4469cb,T2_NUMERIC,6854,32,16.468056361592293,24.026927869262174,3,1519,379,True,0.42311072891719326
paper_783174359f20ba253383,T2_NUMERIC,16562,29,26.012160026899426,15.70592925184122,4,1519,379,True,0.4562518493427238
paper_64367c996cd8880aad96,T2_NUMERIC,12040,30,27.12829470346146,22.53180623211085,4,1519,379,True,0.4562518493427238
paper_8b6b74b78f127ceb59c4,T2_NUMERIC,11542,24,19.1281635046197,16.57265942178106,4,1519,379,True,0.4562518493427238
paper_4fdf48b1c1f6829863fa,T2_NUMERIC,10670,11,24.40376916514029,22.871386284105238,1,1518,380,True,0.46596178274885836
paper_a0adf00e90a5c04d75d5,T2_NUMERIC,19718,83,45.90468667474096,23.280599794472543,0,1518,380,True,0.4307206353288397
paper_62c06fe656b0bf41bbe1,T2_NUMERIC,4180,7,7.674054857593493,18.358982912903095,2,1518,380,True,0.4451392235883856
paper_720b22498f414f802bbf,T2_NUMERIC,14117,42,30.36729429087256,21.511152717200936,3,1519,379,True,0.42311072891719326
paper_c9971f3e963a7ce40c60,T2_NUMERIC,15038,27,37.704206935561174,25.072620651390594,3,1519,379,True,0.42311072891719326
paper_e3d8928cee28521c5c57,T2_NUMERIC,7492,42,12.443061639557966,16.608464548262102,3,1519,379,True,0.42311072891719326
paper_fbed811a281c252f5a17,T2_NUMERIC,9073,52,20.930795348494275,23.06932144659349,2,1518,380,True,0.4451392235883856
paper_cc53b0e72fd307d78825,T2_NUMERIC,6760,4,13.918021971648356,20.5887898988881,3,1519,379,True,0.42311072891719326
paper_a6c227d2b604e87d36a3,T2_NUMERIC,10416,36,24.40824999429691,23.433419733387968,1,1518,380,True,0.46596178274885836
paper_64dfa37a81a06fd96980,T2_NUMERIC,6322,33,14.868846146094144,23.51921250568514,1,1518,380,True,0.46596178274885836
paper_fc464ca90bc204fb4fb9,T2_NUMERIC,5036,3,9.225825919588388,18.31974964175613,0,1518,380,True,0.4307206353288397
paper_99ba3a6af0f7bb227375,T2_NUMERIC,10489,7,25.906448188273284,24.69868260870749,0,1518,380,True,0.4307206353288397
paper_d6ef2be473f4d7bd68eb,T2_NUMERIC,14155,39,31.688711677986536,22.386938663360322,4,1519,379,True,0.4562518493427238
paper_3c8fc2365c64f7a1a9f8,T2_NUMERIC,7115,11,14.384807124181208,20.217578530121163,4,1519,379,True,0.4562518493427238
paper_ce5f00d82605fcb001c4,T2_NUMERIC,9717,23,17.36300994034653,17.868693979979962,1,1518,380,True,0.46596178274885836
paper_369353ad961a699d2837,T2_NUMERIC,12426,32,29.004565013308053,23.341835677859372,2,1518,380,True,0.4451392235883856
paper_dc0c386d86694de2da69,T2_NUMERIC,6487,5,13.586144153240888,20.943647530816843,0,1518,380,True,0.4307206353288397
paper_6c5c6b112e0865b22bb2,T2_NUMERIC,4193,4,7.011613751620415,16.72218877085718,4,1519,379,True,0.4562518493427238
paper_53222b88fcc150ad235b,T2_NUMERIC,8940,12,12.134363536392474,13.573113575383081,0,1518,380,True,0.4307206353288397
paper_427c674a5ba07d6d0b9f,T2_NUMERIC,17413,26,27.671137741341038,15.891080078872703,3,1519,379,True,0.42311072891719326
paper_8626ff7c68d7bb9ec6b6,T2_NUMERIC,5312,15,11.129069862087045,20.950809228326516,2,1518,380,True,0.4451392235883856
paper_d43cca4456936538a369,T2_NUMERIC,9455,13,21.681584694675596,22.931342881729876,2,1518,380,True,0.4451392235883856
paper_672820ba66c7092900cd,T2_NUMERIC,9912,20,22.56355481059949,22.763876927562038,3,1519,379,True,0.42311072891719326
paper_32c0694947af1a320e1a,T2_NUMERIC,16856,44,40.20343590853537,23.851112902548273,2,1518,380,True,0.4451392235883856
paper_42ede648fd3ee44ee32c,T2_NUMERIC,11630,29,25.101699163708435,21.58357623706658,2,1518,380,True,0.4451392235883856
paper_ce9dec4ed831452472f3,T2_NUMERIC,12024,38,22.746589158252508,18.91765565390262,4,1519,379,True,0.4562518493427238
paper_cee2d0d3e1876eb73b39,T2_NUMERIC,9345,31,20.551470851686002,21.99194312646977,0,1518,380,True,0.4307206353288397
paper_6cb01085fce48cd8b2e3,T2_NUMERIC,9041,18,20.251363193878472,22.3994726179388,2,1518,380,True,0.4451392235883856
paper_ac628f6b17e07900461e,T2_NUMERIC,10973,13,23.599121107598116,21.506535229744024,2,1518,380,True,0.4451392235883856
paper_8d3a72036128204cc3b9,T2_NUMERIC,7172,6,16.35449398382262,22.80325429980845,4,1519,379,True,0.4562518493427238
paper_89e5d5d70972f39a5320,T2_NUMERIC,9527,42,22.87704927992723,24.012857436682303,0,1518,380,True,0.4307206353288397
paper_72aa787d4e6e06cdcaeb,T2_NUMERIC,14050,41,30.533392391660218,21.731951880185207,2,1518,380,True,0.4451392235883856
paper_48f90822105bf111ea1a,T2_NUMERIC,13202,22,31.592716365217168,23.930250238764707,3,1519,379,True,0.42311072891719326
paper_dffdbee00caf5a312878,T2_NUMERIC,9410,15,19.045811313144164,20.239969514499645,2,1518,380,True,0.4451392235883856
paper_11c59a51794961d299fb,T2_NUMERIC,8812,20,20.49155913851435,23.254152449516965,1,1518,380,True,0.46596178274885836
paper_66e9b50a59bd823abcd9,T2_NUMERIC,6974,5,14.960154324619987,21.45132538660738,3,1519,379,True,0.42311072891719326
paper_61251b5fda9ffb5dfd3e,T2_NUMERIC,12527,19,28.562824209444347,22.801009187710026,1,1518,380,True,0.46596178274885836
paper_dec8e545ef1e3441ee9b,T2_NUMERIC,14292,33,31.20897375197262,21.836673490045214,1,1518,380,True,0.46596178274885836
paper_4c95075e25b3c259ef44,T2_NUMERIC,7036,14,11.500523590018068,16.34525808700692,4,1519,379,True,0.4562518493427238
paper_660368a4127cdf5bd6ee,T2_NUMERIC,11465,13,26.267805115249807,22.911299708024252,4,1519,379,True,0.4562518493427238
paper_7a7b24c72218d3d9477a,T2_NUMERIC,6315,8,12.619553739784442,19.983458020244566,0,1518,380,True,0.4307206353288397
paper_3385b1bb39a8e7617d18,T2_NUMERIC,8162,21,18.729345765703602,22.947005348815978,2,1518,380,True,0.4451392235883856
paper_ff9bcddc9e61e49488cd,T2_NUMERIC,17302,57,38.93408464089789,22.502649775111486,1,1518,380,True,0.46596178274885836
paper_e2e0c362cc5cf9a852af,T2_NUMERIC,8443,37,18.622358129076694,22.056565354822567,2,1518,380,True,0.4451392235883856
paper_098454894ffb6b617c9d,T2_NUMERIC,17013,62,35.098624503712806,20.630473463652972,4,1519,379,True,0.4562518493427238
paper_67f4876ffc226b423149,T2_NUMERIC,10782,3,22.71767632918358,21.07000216025188,0,1518,380,True,0.4307206353288397
paper_e8cec3b5129bb5312ae8,T2_NUMERIC,19562,15,33.46816200336739,17.108762909399545,1,1518,380,True,0.46596178274885836
paper_153e633ded416ec29714,T2_NUMERIC,10799,12,19.518854761209948,18.07468724993976,1,1518,380,True,0.46596178274885836
paper_8378092c91046db513a1,T2_NUMERIC,4168,17,8.384725246517272,20.116903182623012,1,1518,380,True,0.46596178274885836
paper_7cd1f80ae0395836d825,T2_NUMERIC,14592,32,31.684037475617455,21.713293226163277,3,1519,379,True,0.42311072891719326
paper_9ae2096a609b399df31b,T2_NUMERIC,8556,51,18.07856346058985,21.129690814153637,3,1519,379,True,0.42311072891719326
paper_ef639adba85088c21271,T2_NUMERIC,6871,17,14.269486778678145,20.767700158169326,0,1518,380,True,0.4307206353288397
paper_45a7ffb703352c94e6d4,T2_NUMERIC,9502,37,21.340242177883074,22.45868467468225,0,1518,380,True,0.4307206353288397
paper_4ee0417d8a41135a36cf,T2_NUMERIC,7073,22,14.609990462523388,20.656002350520836,0,1518,380,True,0.4307206353288397
paper_83c1908f50bfa8e73253,T2_NUMERIC,8217,44,17.63511901225653,21.461748828351627,3,1519,379,True,0.42311072891719326
paper_3f3d0e48546e4ff42f4c,T2_NUMERIC,9290,28,21.76260608412505,23.425840779467222,1,1518,380,True,0.46596178274885836
paper_c3f5f52f4c2a9202c210,T2_NUMERIC,7276,6,15.980406213296813,21.9631751144816,0,1518,380,True,0.4307206353288397
paper_2b02b2762947d7c9679c,T2_NUMERIC,8346,11,20.213237175335742,24.219071621538152,0,1518,380,True,0.4307206353288397
paper_8dfa0b3f4e18b1fd10c2,T2_NUMERIC,8860,22,20.297325554983278,22.908945321651554,2,1518,380,True,0.4451392235883856
paper_76bcf697f1259c6004f1,T2_NUMERIC,12318,20,28.303768159181015,22.97756791620475,1,1518,380,True,0.46596178274885836
paper_b2dfc0b6e405dcfbbd41,T2_NUMERIC,12266,43,25.040478857237403,20.41454333705968,2,1518,380,True,0.4451392235883856
paper_41ca79d98776e33910af,T2_NUMERIC,9852,58,23.71876659321025,24.07507774381877,2,1518,380,True,0.4451392235883856
paper_cc76a19258ed00e477ce,T2_NUMERIC,10571,21,24.336755586988982,23.022188616960538,4,1519,379,True,0.4562518493427238
paper_d54c96ae609515612b17,T2_NUMERIC,9360,31,19.347586535228913,20.670498435073625,2,1518,380,True,0.4451392235883856
paper_204dc0c975ccb06e9f3a,T2_NUMERIC,8357,22,19.237870856046843,23.02006803403954,1,1518,380,True,0.46596178274885836
paper_0962973634343215e4d9,T2_NUMERIC,15489,41,35.23810946283721,22.75040962156189,2,1518,380,True,0.4451392235883856
paper_c74f3cfca89318a59f19,T2_NUMERIC,8329,26,16.523479072048936,19.83849090172762,2,1518,380,True,0.4451392235883856
paper_b507d1f123708a4b9cc5,T2_NUMERIC,11917,6,23.29610678647989,19.548633705194167,1,1518,380,True,0.46596178274885836
paper_944a0c9e0739329934f7,T2_NUMERIC,8713,12,15.96747538790304,18.32603625376224,0,1518,380,True,0.4307206353288397
paper_6aeec59adf7bbd4cde2c,T2_NUMERIC,7915,19,17.473151641099722,22.075997019709064,3,1519,379,True,0.42311072891719326
paper_83a884f9748a00171ac0,T2_NUMERIC,12759,19,24.214840365868348,18.978634975992122,1,1518,380,True,0.46596178274885836
paper_54c0115fc01170ba67ec,T2_NUMERIC,28239,14,48.910828643416146,17.32031185361243,2,1518,380,True,0.4451392235883856
paper_f3873c7fd97e5b549f07,T2_NUMERIC,6700,35,15.526711427032053,23.174196159749332,2,1518,380,True,0.4451392235883856
paper_a9dd875727810e20e480,T2_NUMERIC,8318,29,18.608147818268566,22.37093991135918,3,1519,379,True,0.42311072891719326
paper_05bd32fb5fa7a226277f,T2_NUMERIC,17001,9,39.06974616708559,22.980851812884882,1,1518,380,True,0.46596178274885836
paper_5d18114bbf040e836670,T2_NUMERIC,10221,13,18.566013894017924,18.164576747889566,3,1519,379,True,0.42311072891719326
paper_f9d3d9d540aa15aa3b2e,T2_NUMERIC,7156,15,14.941127437072128,20.879160756109737,3,1519,379,True,0.42311072891719326
paper_dd4d168749c4d1909dae,T2_NUMERIC,10315,32,18.96062517336058,18.381604627591447,4,1519,379,True,0.4562518493427238
paper_caf83ac6d968d7b42c21,T2_NUMERIC,6327,25,13.237297563868795,20.921918071548593,4,1519,379,True,0.4562518493427238
paper_2d7ca05313fc6630b325,T2_NUMERIC,6739,2,15.06500284037514,22.354953020292534,4,1519,379,True,0.4562518493427238
paper_1220f0e0209b9579f4d9,T2_NUMERIC,14141,10,23.920878831974512,16.915973998991948,3,1519,379,True,0.42311072891719326
paper_9ac7431d3a5f8865b816,T2_NUMERIC,8067,7,18.922697637450124,23.456920338973752,1,1518,380,True,0.46596178274885836
paper_d17dc01908906bfae39f,T2_NUMERIC,8959,12,21.060675661428764,23.507842015212372,4,1519,379,True,0.4562518493427238
paper_b85cbfed3a7df0f91bff,T2_NUMERIC,21944,32,44.67197027191015,20.35725951144283,0,1518,380,True,0.4307206353288397
paper_c12924d3071f576e0c31,T2_NUMERIC,8620,29,20.796372711538456,24.125722403176862,0,1518,380,True,0.4307206353288397
paper_cc53d0299e648e6916ee,T2_NUMERIC,9038,10,18.9448217303772,20.96129866162558,3,1519,379,True,0.42311072891719326
paper_cf903f949f015c0adc07,T2_NUMERIC,9688,38,23.389136179973036,24.142378385603877,3,1519,379,True,0.42311072891719326
paper_2132468aaf51509ba44a,T2_NUMERIC,14809,40,33.37574382668576,22.537473041181553,0,1518,380,True,0.4307206353288397
paper_a71aa202905fdc2beb69,T2_NUMERIC,15953,59,36.98251468800708,23.18216930233002,2,1518,380,True,0.4451392235883856
paper_26adb28c631c5b0f11a0,T2_NUMERIC,9556,17,19.922529267713355,20.848188852776637,0,1518,380,True,0.4307206353288397
paper_7aaade949bb14c05bfe7,T2_NUMERIC,9883,14,22.466249622912475,22.732216556624987,4,1519,379,True,0.4562518493427238
paper_7389c18aa7fbdb9182cf,T2_NUMERIC,14655,10,33.67602558335774,22.979205447531722,1,1518,380,True,0.46596178274885836
paper_b5c7efcb39d41bc8d413,T2_NUMERIC,6970,4,11.73097331279956,16.83066472424614,3,1519,379,True,0.42311072891719326
paper_8e9ee6e8215d279de163,T2_NUMERIC,9624,11,21.803407380105117,22.655244576169075,4,1519,379,True,0.4562518493427238
paper_681211614a0b1ba376f9,T2_NUMERIC,10743,7,21.07172682296293,19.61437850038437,3,1519,379,True,0.42311072891719326
paper_817baf95fed9d0fdcad7,T2_NUMERIC,10227,24,23.55612653454548,23.0332712765674,2,1518,380,True,0.4451392235883856
paper_0d660ed882f95ed7cfef,T2_NUMERIC,10433,41,21.288405443042674,20.404874382289538,1,1518,380,True,0.46596178274885836
paper_bc82aaaf60e66f5468da,T2_NUMERIC,11356,25,23.624902506896895,20.803894423121605,3,1519,379,True,0.42311072891719326
paper_5bca1bd05633e9cb1ac3,T2_NUMERIC,6343,2,15.307393428285677,24.132734397423423,1,1518,380,True,0.46596178274885836
paper_a02c329f41437939a2c4,T2_NUMERIC,8325,24,19.251292915173554,23.124676174382646,1,1518,380,True,0.46596178274885836
paper_92492c1b36f84428b0a0,T2_NUMERIC,10427,27,17.352285675227428,16.64168569600789,3,1519,379,True,0.42311072891719326
paper_1428ea286bd49ce8c134,T2_NUMERIC,16014,29,40.29533565682152,25.1625675389169,3,1519,379,True,0.42311072891719326
paper_73576f4bbe0b9bcc0958,T2_NUMERIC,5410,3,13.204534699551145,24.407642697876422,0,1518,380,True,0.4307206353288397
paper_70948c75f5e713066544,T2_NUMERIC,5534,6,13.191317210404533,23.836857987720514,0,1518,380,True,0.4307206353288397
paper_c2ee0b95bd9142affe99,T2_NUMERIC,11784,35,24.305273787576105,20.625656642545916,0,1518,380,True,0.4307206353288397
paper_6904690653aa3ce5dd9c,T2_NUMERIC,442,0,0.8661677854088708,19.596556230969927,2,1518,380,True,0.4451392235883856
paper_847d39d827c9790807e8,T2_NUMERIC,5421,9,9.984942080994594,18.419004023232972,2,1518,380,True,0.4451392235883856
paper_a8f5bd84ab7ed289a528,T2_NUMERIC,10693,35,21.21679839005622,19.84176413546827,4,1519,379,True,0.4562518493427238
paper_a9d83cb5165427ddab13,T2_NUMERIC,10947,10,17.336077775764004,15.836373230806618,4,1519,379,True,0.4562518493427238
paper_c4de74fafbe248f42d88,T2_NUMERIC,13612,15,31.453012012584967,23.106826338954576,4,1519,379,True,0.4562518493427238
paper_fe3a5ab86b7888190097,T2_NUMERIC,13992,28,30.347456592028173,21.68914850773883,2,1518,380,True,0.4451392235883856
paper_5072f1c6202eda6da90d,T2_NUMERIC,14142,34,32.28118732128733,22.826465366487998,1,1518,380,True,0.46596178274885836
paper_49a4120af96a476d4829,T2_NUMERIC,9852,13,19.858053790070088,20.156368037017955,0,1518,380,True,0.4307206353288397
paper_62ba056f9b96eb71a5ef,T2_NUMERIC,13963,22,31.323094636059583,22.43292604458897,4,1519,379,True,0.4562518493427238
paper_aeb9dd9e22ab872af402,T2_NUMERIC,8618,29,17.859545401976824,20.723538410277122,2,1518,380,True,0.4451392235883856
paper_a35d36b9493ebcd5fa84,T2_NUMERIC,10927,20,25.278588581920886,23.134061116428008,1,1518,380,True,0.46596178274885836
paper_0a6c690dca5ed2adc9b5,T2_NUMERIC,13840,30,29.33639678098081,21.19681848336764,0,1518,380,True,0.4307206353288397
paper_9fabef626ef961aa28c9,T2_NUMERIC,9168,9,18.898346689461007,20.613379896881554,3,1519,379,True,0.42311072891719326
paper_73dc6842ac0f62ccc904,T2_NUMERIC,9956,33,21.656112209335074,21.751820218295574,0,1518,380,True,0.4307206353288397
paper_406e37f76481edf543ab,T2_NUMERIC,9874,15,23.04277565929961,23.33681958608427,2,1518,380,True,0.4451392235883856
paper_52464a9d6f2e93910661,T2_NUMERIC,6898,12,13.575313904727203,19.680072346661646,1,1518,380,True,0.46596178274885836
paper_a568110ddfe8b61d62ce,T2_NUMERIC,15164,38,35.05619071782389,23.118036611595812,2,1518,380,True,0.4451392235883856
paper_aba6a50b0e33123b60f3,T2_NUMERIC,18770,32,39.32697040202034,20.952035376675727,4,1519,379,True,0.4562518493427238
paper_3e604a6bd4dc89ecf1cc,T2_NUMERIC,7098,13,16.914036311154923,23.829298832283634,0,1518,380,True,0.4307206353288397
paper_2990213101a302c6829d,T2_NUMERIC,5948,9,13.658604274488924,22.96335621131292,1,1518,380,True,0.46596178274885836
paper_065b61f3c3a2aa5dce46,T2_NUMERIC,24076,86,52.28279859636465,21.715732927548036,1,1518,380,True,0.46596178274885836
paper_a029fe615c3acdd6ae56,T2_NUMERIC,12829,26,28.06533336011324,21.876477792589633,1,1518,380,True,0.46596178274885836
paper_7d74f52644d513698ed3,T2_NUMERIC,12245,24,28.464422518991256,23.245751342581674,1,1518,380,True,0.46596178274885836
paper_1a5a5643c69613aa0d3c,T2_NUMERIC,14781,27,34.25666409746548,23.176147823195645,4,1519,379,True,0.4562518493427238
paper_c70f3e6133978235b579,T2_NUMERIC,9196,27,19.164915553193843,20.840491032181212,2,1518,380,True,0.4451392235883856
paper_8887b871f470f66c3361,T2_NUMERIC,21905,36,48.01945492385581,21.921686794729883,4,1519,379,True,0.4562518493427238
paper_b9e7a7fc983610a94d2a,T2_NUMERIC,8150,15,17.740751777419096,21.767793591925273,0,1518,380,True,0.4307206353288397
paper_f1d7cd92d2e39bad89e7,T2_NUMERIC,12798,4,26.7323929021519,20.88794569632122,0,1518,380,True,0.4307206353288397
paper_29fec20ca5aa045aa277,T2_NUMERIC,6300,27,10.732220534585991,17.035270689819033,4,1519,379,True,0.4562518493427238
paper_ff210780ebf46f6c43d7,T2_NUMERIC,14428,65,29.54882628537769,20.48019565107963,4,1519,379,True,0.4562518493427238
paper_f913304731279218e7c3,T2_NUMERIC,13314,14,26.96214776027945,20.25097473357327,2,1518,380,True,0.4451392235883856
paper_a79382eb4ad67c8ce4d3,T2_NUMERIC,9312,39,21.02255226288948,22.575764887123583,2,1518,380,True,0.4451392235883856
paper_e134753847abd81208e2,T2_NUMERIC,9621,29,24.285595647397873,25.242277982951745,0,1518,380,True,0.4307206353288397
paper_20f430853797efd028b9,T2_NUMERIC,12788,15,27.45917088531686,21.472607823988785,4,1519,379,True,0.4562518493427238
paper_c71358102c046237a754,T2_NUMERIC,6808,24,14.231201666423441,20.903645220951002,3,1519,379,True,0.42311072891719326
paper_5349ecd090956229107a,T2_NUMERIC,11197,27,26.818294888112963,23.95132168269444,0,1518,380,True,0.4307206353288397
paper_998e42a7a479e088704e,T2_NUMERIC,9434,6,15.59825518952243,16.534084364556318,0,1518,380,True,0.4307206353288397
paper_7d2722982c6d5e49f32f,T2_NUMERIC,6782,9,16.1323174221321,23.786961695859773,3,1519,379,True,0.42311072891719326
paper_f601e8a12be51a3dd8e1,T2_NUMERIC,18258,62,36.622651866870726,20.058413773069738,4,1519,379,True,0.4562518493427238
paper_824b40fcf4f4c73b8a38,T2_NUMERIC,12185,38,26.442527813446503,21.700884541195325,3,1519,379,True,0.42311072891719326
paper_aa9d7fc4331799659cfe,T2_NUMERIC,12961,13,22.747012415448303,17.550352916787517,2,1518,380,True,0.4451392235883856
paper_5ca5aa1d06192397111a,T2_NUMERIC,13361,28,29.339576500226936,21.959117206965747,0,1518,380,True,0.4307206353288397
paper_1d605aeb5a4c8743f371,T2_NUMERIC,8250,2,18.08644618789006,21.92296507623038,2,1518,380,True,0.4451392235883856
paper_5be19bce69768241e503,T2_NUMERIC,8871,12,19.332098815671664,21.79246851050802,2,1518,380,True,0.4451392235883856
paper_fb5352011719292bb656,T2_NUMERIC,25602,53,57.6356564649675,22.512169543382353,1,1518,380,True,0.46596178274885836
paper_03f8a57de5c3aa081357,T2_NUMERIC,11473,47,22.296850792177093,19.43419401392582,4,1519,379,True,0.4562518493427238
paper_f89e2cb34289778d35d9,T2_NUMERIC,7112,3,14.115174147605652,19.846982772223917,2,1518,380,True,0.4451392235883856
paper_547d4afb8af58742f7f5,T2_NUMERIC,17140,28,40.50935603933844,23.63439675574005,3,1519,379,True,0.42311072891719326
paper_10ae33abd68731a0e97d,T2_NUMERIC,10216,41,20.73478592779374,20.296384032687687,1,1518,380,True,0.46596178274885836
paper_ec8a474fffee4912602b,T2_NUMERIC,12138,21,28.37806685548552,23.37952451432322,3,1519,379,True,0.42311072891719326
paper_d664bf3efe04a2cc2688,T2_NUMERIC,18454,15,27.67330320492667,14.99582919959178,1,1518,380,True,0.46596178274885836
paper_d1e6094c69cf04df5d74,T2_NUMERIC,9087,32,20.603347708760477,22.673432055420356,4,1519,379,True,0.4562518493427238
paper_7dae2f2b5c43ce9aef0e,T2_NUMERIC,15279,21,35.67578509828253,23.349555009020573,3,1519,379,True,0.42311072891719326
paper_d984a3a327dd39839056,T2_NUMERIC,15660,12,33.531311938582704,21.41207658913327,3,1519,379,True,0.42311072891719326
paper_b23e7df70840f64e1fa6,T2_NUMERIC,7014,7,16.6156157502995,23.68921549800328,1,1518,380,True,0.46596178274885836
paper_166727dca4c31311fb06,T2_NUMERIC,9182,22,20.185830628170383,21.984132681518606,3,1519,379,True,0.42311072891719326
paper_b364eda28e0dfc18ba5a,T2_NUMERIC,7866,9,18.774166303569114,23.867488308630964,0,1518,380,True,0.4307206353288397
paper_223ed0fcc39202a44573,T2_NUMERIC,7605,7,15.797572080837515,20.772612861061823,0,1518,380,True,0.4307206353288397
paper_a2e39740e5180daa125f,T2_NUMERIC,11359,4,18.787087138636497,16.539384750978517,1,1518,380,True,0.46596178274885836
paper_6eb1ce358f2c588ab75b,T2_NUMERIC,10130,38,23.38771145185173,23.087573002815134,4,1519,379,True,0.4562518493427238
paper_94655eefd46272d6c61d,T2_NUMERIC,5833,14,13.61539249396682,23.34200667575316,1,1518,380,True,0.46596178274885836
paper_c2c1d5f2b1e1dce72557,T2_NUMERIC,9743,23,19.94353529964434,20.469604125674163,2,1518,380,True,0.4451392235883856
paper_0ac30fd051865b2ea76e,T2_NUMERIC,7532,1,14.361086508121502,19.06676381853625,0,1518,380,True,0.4307206353288397
paper_71efa30c4894c1d655f8,T2_NUMERIC,7165,21,16.90847533589377,23.59870947089151,4,1519,379,True,0.4562518493427238
paper_b4d04768d1ae77de921b,T2_NUMERIC,10023,38,20.20482116711086,20.15845671666254,0,1518,380,True,0.4307206353288397
paper_87f744f573ecdefa9ac9,T2_NUMERIC,5601,25,14.267635660419886,25.473372005748768,0,1518,380,True,0.4307206353288397
paper_76a1c8f58debef0e3cb6,T2_NUMERIC,13887,17,26.20765034603929,18.87207485132807,0,1518,380,True,0.4307206353288397
paper_ced030a0b27c5b68fa5f,T2_NUMERIC,8778,10,20.799039597139284,23.69450854082853,0,1518,380,True,0.4307206353288397
paper_869e1908a0428f3ad7c4,T2_NUMERIC,7758,19,17.258190322970496,22.24566940315867,2,1518,380,True,0.4451392235883856
paper_a426e3e98e6061d7b10b,T2_NUMERIC,10858,7,17.967501844901683,16.54770845911004,3,1519,379,True,0.42311072891719326
paper_b7d9162c8f850ea6bd88,T2_NUMERIC,5085,0,7.450130523085672,14.651190802528363,4,1519,379,True,0.4562518493427238
paper_2328c7cb347dcf1fa33f,T2_NUMERIC,4821,8,8.352547655588323,17.325342575375075,4,1519,379,True,0.4562518493427238
paper_cfc832cf29893a5c93be,T2_NUMERIC,9024,4,20.215063865657214,22.401444886588227,1,1518,380,True,0.46596178274885836
paper_e9c48eb3301ebda88216,T2_NUMERIC,13777,18,28.20421224859905,20.471954887565545,0,1518,380,True,0.4307206353288397
paper_cb918152eb88ac781e99,T2_NUMERIC,14206,40,22.542798599764083,15.868505279293315,3,1519,379,True,0.42311072891719326
paper_a6a71ab05e2677c8001d,T2_NUMERIC,14884,31,34.44538232320092,23.142557325450767,2,1518,380,True,0.4451392235883856
paper_4ae8c8128bb1559d140b,T2_NUMERIC,11035,72,18.46686428560673,16.73481131455073,3,1519,379,True,0.42311072891719326
paper_829ea89148ab3b7af271,T2_NUMERIC,23741,22,33.740458939770576,14.211894587325967,1,1518,380,True,0.46596178274885836
paper_a635cb575ec42dcf8579,T2_NUMERIC,8222,8,15.937121193672382,19.3835091141722,0,1518,380,True,0.4307206353288397
paper_a389b43553e79e0d8400,T2_NUMERIC,4060,3,10.482820554940828,25.81975506143061,0,1518,380,True,0.4307206353288397
paper_9eb4667de60036b508b2,T2_NUMERIC,17502,46,39.89712285114918,22.795750686292525,4,1519,379,True,0.4562518493427238
paper_b2d1155ad3ce1f678145,T2_NUMERIC,26302,29,58.9265413107343,22.403825302537566,1,1518,380,True,0.46596178274885836
paper_bc02158091a56f9c12e2,T2_NUMERIC,7991,14,16.19536166713701,20.267002461690662,1,1518,380,True,0.46596178274885836
paper_fde0dbf7d82a9cdda7c7,T2_NUMERIC,11499,12,25.556842970581556,22.225274346101017,2,1518,380,True,0.4451392235883856
paper_a99200a23f30fc79e362,T2_NUMERIC,8036,5,12.930457133535265,16.090663431477434,4,1519,379,True,0.4562518493427238
paper_afb44da29312ac4a4364,T2_NUMERIC,19939,46,29.219697041751253,14.65454488276807,4,1519,379,True,0.4562518493427238
paper_a2855be0e32bc908e060,T2_NUMERIC,9678,23,22.002227040635137,22.734270552423162,4,1519,379,True,0.4562518493427238
paper_31cf168c71255530e973,T2_NUMERIC,7862,16,15.432792198425744,19.629600862917506,4,1519,379,True,0.4562518493427238
paper_7df3bcd94f55b9f25d15,T2_NUMERIC,7644,7,17.670799362408847,23.117215283109427,4,1519,379,True,0.4562518493427238
paper_6cf5f6f38da91c39d03f,T2_NUMERIC,6435,20,11.767950373120476,18.287413167242388,3,1519,379,True,0.42311072891719326
paper_2e5c90bb6a9fbde934cc,T2_NUMERIC,15218,34,32.11124701708905,21.10083257792683,4,1519,379,True,0.4562518493427238
paper_e794729eb1562a4b7f3a,T2_NUMERIC,16185,137,37.09054621086709,22.916617986325047,4,1519,379,True,0.4562518493427238
paper_e1ce1ccfedff941b4beb,T2_NUMERIC,18551,0,29.159512061033123,15.718566147934409,1,1518,380,True,0.46596178274885836
paper_12212fa165cdc8f748f1,T2_NUMERIC,17575,33,43.57902383703772,24.796030632738386,2,1518,380,True,0.4451392235883856
paper_25f51e7920ce27e2c888,T2_NUMERIC,4486,23,8.513991907765039,18.979027881776727,0,1518,380,True,0.4307206353288397
paper_823529345376120b546f,T2_NUMERIC,15888,11,39.25918117351541,24.70995793902027,3,1519,379,True,0.42311072891719326
paper_a26ecb38a15492aa8b60,T2_NUMERIC,5032,32,8.636746575177956,17.163645817126305,3,1519,379,True,0.42311072891719326
paper_d2f66cb7f0e060f71b02,T2_NUMERIC,21034,18,30.439245382406398,14.471448788821144,1,1518,380,True,0.46596178274885836
paper_a9f339fccd3c96381e78,T2_NUMERIC,11012,13,22.095311352581668,20.064757857411614,0,1518,380,True,0.4307206353288397
paper_1c6f05ec20958b581f16,T2_NUMERIC,11064,9,22.134401135050958,20.00578555228756,3,1519,379,True,0.42311072891719326
paper_8019780b5a3c269977e9,T2_NUMERIC,14848,12,32.64885257104448,21.988720750972846,0,1518,380,True,0.4307206353288397
paper_d021fc7583d8a91e613d,T2_NUMERIC,6620,11,14.871955931921027,22.465190229487956,4,1519,379,True,0.4562518493427238
paper_ae239eecc5d7ced94f2b,T2_NUMERIC,10523,46,20.210402733411687,19.205932465467725,4,1519,379,True,0.4562518493427238
paper_1cd03f121d79a0c57f50,T2_NUMERIC,19298,39,44.61770649237892,23.120378532686768,4,1519,379,True,0.4562518493427238
paper_639f89983dc30d163de4,T2_NUMERIC,10708,41,24.226523371860967,22.6246949681182,3,1519,379,True,0.42311072891719326
paper_438ecfc25f6ba0bbbd17,T2_NUMERIC,5586,12,13.139620164229116,23.522413469797918,0,1518,380,True,0.4307206353288397
paper_b96aff0cedb43dce7e26,T2_NUMERIC,4259,1,6.727727046649449,15.796494591804295,3,1519,379,True,0.42311072891719326
paper_122ce5784931a01456a5,T2_NUMERIC,12276,46,28.216082728460336,22.98475295573504,2,1518,380,True,0.4451392235883856
paper_a10b7a021d06c267c421,T2_NUMERIC,5713,16,14.303146235886253,25.03613904408586,3,1519,379,True,0.42311072891719326
paper_54c941327d5770443b5b,T2_NUMERIC,14891,8,32.22698087753424,21.64191852631404,1,1518,380,True,0.46596178274885836
paper_713279ab4825df51d201,T2_NUMERIC,22400,26,49.27336635200685,21.997038550003058,1,1518,380,True,0.46596178274885836
paper_65b7b19882eb5c68826f,T2_NUMERIC,9549,11,18.971130945456395,19.867138910311443,1,1518,380,True,0.46596178274885836
paper_def2975261f05a8728a3,T2_NUMERIC,13548,35,27.762402495819686,20.491882562606794,0,1518,380,True,0.4307206353288397
paper_fa6d8b29b5bd32048979,T2_NUMERIC,18422,22,34.05849282388754,18.487945295780882,4,1519,379,True,0.4562518493427238
paper_afd6b34a42df17d9726e,T2_NUMERIC,8537,6,20.12736074862427,23.576620298259655,4,1519,379,True,0.4562518493427238
paper_214d06fafbe5b2033c31,T2_NUMERIC,9668,62,21.635599927649906,22.378568398479423,3,1519,379,True,0.42311072891719326
paper_aea223f0ad33690bdefb,T2_NUMERIC,16086,63,37.30755436586843,23.19256146081588,4,1519,379,True,0.4562518493427238
paper_71d95dc9a2f9d34f71ae,T2_NUMERIC,6331,8,14.605236351306003,23.069398754234722,0,1518,380,True,0.4307206353288397
paper_fe9da01c92833fdf2b4f,T2_NUMERIC,8087,10,21.258435664080615,26.287171589069636,2,1518,380,True,0.4451392235883856
paper_8d40d89731d42e529964,T2_NUMERIC,10612,12,27.747559993572434,26.14734262492691,3,1519,379,True,0.42311072891719326
paper_64f6bb931de628c36b22,T2_NUMERIC,7016,9,17.807871245838108,25.38180052143402,3,1519,379,True,0.42311072891719326
paper_2a4574fae96e087c2a6b,T2_NUMERIC,10070,17,22.17983704783689,22.025657445716874,2,1518,380,True,0.4451392235883856
paper_4c2d2f3557f22a5addf1,T2_NUMERIC,12571,15,21.708894629768633,17.269027626894147,2,1518,380,True,0.4451392235883856
paper_f41784f6ad24d1bbcf21,T2_NUMERIC,10474,17,23.20546020823221,22.155299034019677,4,1519,379,True,0.4562518493427238
paper_a9d9472f54152874bcd1,T2_NUMERIC,9526,9,14.659809587907164,15.389260537378926,1,1518,380,True,0.46596178274885836
paper_53745b1a37f0f605a819,T2_NUMERIC,9158,7,14.374899010458101,15.696548384426842,3,1519,379,True,0.42311072891719326
paper_3d69b6ca8bac023a2e37,T2_NUMERIC,21487,38,39.73688396935936,18.493453701940414,3,1519,379,True,0.42311072891719326
paper_eee38bfe14fc10464a64,T2_NUMERIC,17570,10,38.92612942082134,22.154882994206798,0,1518,380,True,0.4307206353288397
paper_daf019871d0aa3d39b39,T2_NUMERIC,10266,13,22.070208193917217,21.49835202992131,3,1519,379,True,0.42311072891719326
paper_d43ac4fe0b9163476dc6,T2_NUMERIC,15415,29,30.364254955608224,19.697862442820774,3,1519,379,True,0.42311072891719326
paper_e1119708fab69f9652a3,T2_NUMERIC,22202,29,33.03548266043669,14.879507549066162,3,1519,379,True,0.42311072891719326
paper_dd66853710e061bf1743,T2_NUMERIC,9330,13,15.068760677431866,16.150868893281743,0,1518,380,True,0.4307206353288397
paper_ad960a099664c9384385,T2_NUMERIC,11769,25,23.599369113318414,20.052144713500223,1,1518,380,True,0.46596178274885836
paper_c69af6ceb73b04c2959b,T2_NUMERIC,10119,12,22.99044562013204,22.72007670731499,4,1519,379,True,0.4562518493427238
paper_b2309671ad25bdaac8dd,T2_NUMERIC,10057,25,20.108653001071577,19.994683306226086,2,1518,380,True,0.4451392235883856
paper_87c65faf0be682cf13b8,T2_NUMERIC,11397,5,25.373520189594817,22.26333262226447,2,1518,380,True,0.4451392235883856
paper_5cb8db5c0d334bb45ec9,T2_NUMERIC,7780,4,17.69452332801958,22.743603249382495,2,1518,380,True,0.4451392235883856
paper_0dfc713c6ddcc04e21ab,T2_NUMERIC,16227,3,34.15277362619999,21.046880893695686,2,1518,380,True,0.4451392235883856
paper_e92614718c7b5ee969ba,T2_NUMERIC,16837,32,38.10874144697619,22.63392614300421,4,1519,379,True,0.4562518493427238
paper_d7a0aeadcd3541bb384e,T2_NUMERIC,10919,21,23.370052053222725,21.40310656032853,2,1518,380,True,0.4451392235883856
paper_73ec927fd13e6964a898,T2_NUMERIC,11652,40,26.763243219521204,22.968797819705806,4,1519,379,True,0.4562518493427238
paper_db02ad53b325ae25d0b4,T2_NUMERIC,7840,8,11.02566227838619,14.063344742839526,3,1519,379,True,0.42311072891719326
paper_bd359ec88ae2f7b2171b,T2_NUMERIC,30469,8,21.25221285562381,6.975028013923597,3,1519,379,True,0.42311072891719326
paper_1d07631f1981f7bc5e0c,T2_NUMERIC,10793,3,23.883143375560604,22.12836410225202,2,1518,380,True,0.4451392235883856
paper_b12e54a4828575cf2d3c,T2_NUMERIC,12222,2,21.160581553786656,17.313517880696004,3,1519,379,True,0.42311072891719326
paper_eb11ccf29d2707b726dd,T2_NUMERIC,14969,38,33.79454673151751,22.57635562263178,1,1518,380,True,0.46596178274885836
paper_df45d253c3a9b25b03cb,T2_NUMERIC,14108,46,27.537941877523355,19.5193804065235,3,1519,379,True,0.42311072891719326
paper_6011087f571c12a9572f,T2_NUMERIC,9585,11,21.839415267658048,22.784992454520655,4,1519,379,True,0.4562518493427238
paper_8dc5c333e1321b1487f5,T2_NUMERIC,26232,63,56.511530600057405,21.542974458698307,0,1518,380,True,0.4307206353288397
paper_afa792c3a1740a0f180f,T2_NUMERIC,8295,17,18.712563608682107,22.55884702674154,4,1519,379,True,0.4562518493427238
paper_4124800c87092d811277,T2_NUMERIC,8279,14,18.24206586472031,22.034141641164766,2,1518,380,True,0.4451392235883856
paper_df08dd2519074eefbb90,T2_NUMERIC,8093,23,18.879283077893366,23.327916814399316,0,1518,380,True,0.4307206353288397
paper_e1df70dc712a9c2410ee,T2_NUMERIC,7884,12,18.131252266827428,22.997529511450313,4,1519,379,True,0.4562518493427238
paper_cbb0e6062da18c72ae61,T2_NUMERIC,14506,12,31.106114733099663,21.443619697435313,0,1518,380,True,0.4307206353288397
paper_39e9d11387f6c55d1652,T2_NUMERIC,8617,21,9.970121872281778,11.570293457446649,0,1518,380,True,0.4307206353288397
paper_ce1474406b969edbb7d7,T2_NUMERIC,5289,16,10.96861631547271,20.738544744701663,3,1519,379,True,0.42311072891719326
paper_eace9548ec3b45812532,T2_NUMERIC,4676,4,11.50881690329017,24.612525456138087,3,1519,379,True,0.42311072891719326
paper_9f3e0d42d065858dc506,T2_NUMERIC,12615,30,26.88757881951616,21.313974490302147,0,1518,380,True,0.4307206353288397
paper_bc8cf1c27837920034b1,T2_NUMERIC,13924,6,23.59242201470788,16.943710151327117,2,1518,380,True,0.4451392235883856
paper_aa28a1c986e09ef13f95,T2_NUMERIC,10382,14,23.916935179610693,23.03692465768705,0,1518,380,True,0.4307206353288397
paper_90f76598ff64ace34b11,T2_NUMERIC,10797,10,25.200547546965023,23.340323744526277,2,1518,380,True,0.4451392235883856
paper_d87f93dd56fb1098ebcb,T2_NUMERIC,9922,24,19.68878002299699,19.84355978935395,2,1518,380,True,0.4451392235883856
paper_aa75d5684593ddbd3cc7,T2_NUMERIC,11890,48,27.36267956022837,23.013187182698374,2,1518,380,True,0.4451392235883856
paper_964e9a4598bfe6895f73,T2_NUMERIC,8530,26,16.616401156690106,19.479954462708214,0,1518,380,True,0.4307206353288397
paper_b41fd51f6b8a657f5139,T2_NUMERIC,9299,13,21.14998931800857,22.744369629001582,1,1518,380,True,0.46596178274885836
paper_ad6c3aa9145b1a08c543,T2_NUMERIC,8652,6,17.480926506460804,20.20449203243274,2,1518,380,True,0.4451392235883856
paper_5402d0c9bc6929b9ebbf,T2_NUMERIC,5630,24,12.198577695021894,21.66710070163747,3,1519,379,True,0.42311072891719326
paper_78521781d2e91d1e798b,T2_NUMERIC,3045,29,4.644186151394854,15.25184286172366,3,1519,379,True,0.42311072891719326
paper_f0583650cca2040db9aa,T2_NUMERIC,11202,25,25.304300449613482,22.5890916350772,4,1519,379,True,0.4562518493427238
paper_a687762c5556fb915b19,T2_NUMERIC,23425,58,52.584935155821576,22.448211379219458,1,1518,380,True,0.46596178274885836
paper_87a2bed7ebe05c31f7bc,T2_NUMERIC,10431,6,23.281333834767747,22.31936902959232,4,1519,379,True,0.4562518493427238
paper_95dcaf89d1fe9835f278,T2_NUMERIC,10710,0,16.105718587001913,15.03801922222401,3,1519,379,True,0.42311072891719326
paper_891c12b4f4ffcd43c124,T2_NUMERIC,7261,33,16.752745264312473,23.072228707220045,3,1519,379,True,0.42311072891719326
paper_562f4943c6e8b3a8d804,T2_NUMERIC,10435,22,23.704434393171265,22.716276371031398,4,1519,379,True,0.4562518493427238
paper_94c7e4b56b7cb18769b0,T2_NUMERIC,7465,21,15.351507525507428,20.564645044216245,1,1518,380,True,0.46596178274885836
paper_624527ca377befda900c,T2_NUMERIC,9665,4,15.01559477451968,15.536052534422845,0,1518,380,True,0.4307206353288397
paper_d26912d416d0efef20b2,T2_NUMERIC,9059,4,15.691810259634947,17.32179077120537,1,1518,380,True,0.46596178274885836
paper_abe7697bd530fa52a28f,T2_NUMERIC,16956,8,39.73112063423926,23.431894688746908,0,1518,380,True,0.4307206353288397
paper_ed51e9d5b91c7ad9308f,T2_NUMERIC,9524,12,19.451386571480842,20.423547429106303,1,1518,380,True,0.46596178274885836
paper_bfc002e4e2173fc7324d,T2_NUMERIC,11971,23,25.3561647826371,21.18132552220959,3,1519,379,True,0.42311072891719326
paper_139729294f4d451a3966,T2_NUMERIC,10923,12,22.238495394086275,20.35932929972194,0,1518,380,True,0.4307206353288397
paper_c82a7cedff84b7d517ee,T2_NUMERIC,9478,27,21.44665369706829,22.627826226069097,2,1518,380,True,0.4451392235883856
paper_6b75ffeb53b95e1996b1,T2_NUMERIC,13341,3,12.37988986599268,9.27958164005148,0,1518,380,True,0.4307206353288397
paper_8754a14fda22035d6860,T2_NUMERIC,16085,54,29.66956191524502,18.445484560301534,2,1518,380,True,0.4451392235883856
paper_2915459eda4b88d763e4,T2_NUMERIC,8172,10,18.594961948625883,22.754481092297947,4,1519,379,True,0.4562518493427238
paper_5d67a811c441e45c0ef1,T2_NUMERIC,9886,27,22.165955926620384,22.421561730346333,2,1518,380,True,0.4451392235883856
paper_a9b8593ef4f77277f3a8,T2_NUMERIC,8907,27,19.15913084991948,21.51019518347309,2,1518,380,True,0.4451392235883856
paper_b84013989dd59baa5ae4,T2_NUMERIC,7549,9,14.877414021789631,19.707794438719873,0,1518,380,True,0.4307206353288397
paper_e9edc6839b5f1533f91e,T2_NUMERIC,23439,74,53.17818895590559,22.6879085950363,4,1519,379,True,0.4562518493427238
paper_c79b045a95db7baea121,T2_NUMERIC,9411,17,11.12083422501389,11.81684648285399,0,1518,380,True,0.4307206353288397
paper_3686f849a50a10a5cbc3,T2_NUMERIC,2290,4,3.576696035919867,15.618759982182825,3,1519,379,True,0.42311072891719326
paper_b153a4108133aedb208f,T2_NUMERIC,5179,10,12.416710068201024,23.975111156982088,1,1518,380,True,0.46596178274885836
paper_257eb54fddd85f451139,T2_NUMERIC,6970,25,14.830699107933464,21.277904028598947,2,1518,380,True,0.4451392235883856
paper_5c945fc472875092c680,T2_NUMERIC,11795,7,26.794667336123975,22.716971035289507,4,1519,379,True,0.4562518493427238
paper_2e79e217cb83ee32a37b,T2_NUMERIC,7151,8,16.522292231034537,23.104869572136117,4,1519,379,True,0.4562518493427238
paper_13fc56a51dfe60a5074e,T2_NUMERIC,12935,43,27.122698892880745,20.96845681707054,2,1518,380,True,0.4451392235883856
paper_549df131670f74b155e6,T2_NUMERIC,9706,16,12.890507650327164,13.280968112844802,3,1519,379,True,0.42311072891719326
paper_a18c3e1dd508021eeb67,T2_NUMERIC,11606,6,26.540104776537405,22.867572614628127,2,1518,380,True,0.4451392235883856
paper_75d794e93419af346c95,T2_NUMERIC,10297,3,26.037115145030203,25.28611745657007,2,1518,380,True,0.4451392235883856
paper_41421cea964b6e798387,T2_NUMERIC,15968,29,36.528029949191776,22.875770258762387,1,1518,380,True,0.46596178274885836
paper_df72b530993943ce67bd,T2_NUMERIC,3171,8,6.142432453200015,19.370647912961257,2,1518,380,True,0.4451392235883856
paper_37dd9d9c13d5c83a27e8,T2_NUMERIC,9660,16,18.61654305943744,19.271783705421782,4,1519,379,True,0.4562518493427238
paper_d9a7caa927432b9a5d58,T2_NUMERIC,6563,11,15.352005099976324,23.391749352394218,4,1519,379,True,0.4562518493427238
paper_88c706177de14c2ef0f4,T2_NUMERIC,10058,27,19.248583722745483,19.137585725537367,1,1518,380,True,0.46596178274885836
paper_aa476f4b57cf73cdac62,T2_NUMERIC,5953,14,10.822085258449642,18.179212596085403,0,1518,380,True,0.4307206353288397
paper_d416d61532bdecbfaccb,T2_NUMERIC,8030,29,18.5067379542848,23.046996207079452,4,1519,379,True,0.4562518493427238
paper_cf4960f6d973ee4f6601,T2_NUMERIC,7279,16,14.21830615550242,19.53332347232095,3,1519,379,True,0.42311072891719326
paper_97054b57472bb028ae26,T2_NUMERIC,11931,28,22.922609445984786,19.212647260066035,1,1518,380,True,0.46596178274885836
paper_63c2a04ed7616ffa2724,T2_NUMERIC,10407,16,18.6654468738477,17.935473117947247,0,1518,380,True,0.4307206353288397
paper_2f0ed310f194dc58ba32,T2_NUMERIC,20957,43,44.50235572986321,21.235079319493828,0,1518,380,True,0.4307206353288397
paper_48ac381c2e24a4af0f14,T2_NUMERIC,6897,17,15.61102912329868,22.634520984919067,3,1519,379,True,0.42311072891719326
paper_242e560e97cb6505f70f,T2_NUMERIC,6150,9,12.719025221196356,20.681341823083507,2,1518,380,True,0.4451392235883856
paper_e8b66608c3d839cf37e7,T2_NUMERIC,10428,32,22.721555751219455,21.788987103202395,3,1519,379,True,0.42311072891719326
paper_fc1bbdf085b09de0eda2,T2_NUMERIC,10968,16,24.603977822683117,22.432510779251565,1,1518,380,True,0.46596178274885836
paper_99b91e4391be449bdb00,T2_NUMERIC,6675,8,11.950581493255575,17.903492873791123,2,1518,380,True,0.4451392235883856
paper_fb949e10b7dc40498014,T2_NUMERIC,11506,76,25.183472437667753,21.887252248972494,2,1518,380,True,0.4451392235883856
paper_35daa3771be2bd2112a0,T2_NUMERIC,5286,4,8.69901076785429,16.45669838791958,4,1519,379,True,0.4562518493427238
paper_1b1cf979f0bda259ce7d,T2_NUMERIC,17736,18,39.650136008440334,22.35573748784412,1,1518,380,True,0.46596178274885836
paper_6942ae89b7ad7f833112,T2_NUMERIC,4157,4,10.383079889679955,24.977339162087937,0,1518,380,True,0.4307206353288397
paper_6574f22a700aa2fb8db4,T2_NUMERIC,5799,9,13.280159028624743,22.900774320787626,3,1519,379,True,0.42311072891719326
paper_1e45d661065122156bca,T2_NUMERIC,11793,24,23.43620003893522,19.872975526952615,3,1519,379,True,0.42311072891719326
paper_4a55b8938eb9b87e2323,T2_NUMERIC,16335,34,37.891227856265154,23.19634395853392,4,1519,379,True,0.4562518493427238
paper_d7752a4e96bba3ae0aa8,T2_NUMERIC,10203,1,17.662155657216644,17.31074748330554,0,1518,380,True,0.4307206353288397
paper_2a007f0eb896c97e483a,T2_NUMERIC,11852,10,25.098975125048742,21.17699554931551,4,1519,379,True,0.4562518493427238
paper_0f39b53174dcbddc4a1d,T2_NUMERIC,8040,10,16.287536943976075,20.258130527333424,2,1518,380,True,0.4451392235883856
paper_7661703c927d0e9f12dc,T2_NUMERIC,10383,10,21.651800978582852,20.853126243458394,3,1519,379,True,0.42311072891719326
paper_eb85f70cd612e1e282fa,T2_NUMERIC,5910,12,11.17409701156505,18.907101542411255,4,1519,379,True,0.4562518493427238
paper_b3bdc644128eaefe47e3,T2_NUMERIC,17247,7,36.84519989517717,21.3632515192075,2,1518,380,True,0.4451392235883856
paper_040aee36b3fa8790d5c8,T2_NUMERIC,13135,16,29.420255476129373,22.39836732099686,3,1519,379,True,0.42311072891719326
paper_2a77513d8432605df47a,T2_NUMERIC,8946,9,19.187106992891778,21.447693933480636,4,1519,379,True,0.4562518493427238
paper_1a8139b3d1a58181a74a,T2_NUMERIC,11778,27,26.357820861265427,22.37885962070422,4,1519,379,True,0.4562518493427238
paper_66cf6798a853095c2776,T2_NUMERIC,7873,11,16.05714706960847,20.39520776020382,1,1518,380,True,0.46596178274885836
paper_049d5e8e998588e39ab7,T2_NUMERIC,18711,23,40.84048552131356,21.826992422272227,0,1518,380,True,0.4307206353288397
paper_8aebf0689c9d8494cada,T2_NUMERIC,4559,11,9.732954353257924,21.348879915020667,0,1518,380,True,0.4307206353288397
paper_62eb7922d1e559ef503c,T2_NUMERIC,7761,19,18.636217746658343,24.012650105216263,4,1519,379,True,0.4562518493427238
paper_341d7710302a2b329e63,T2_NUMERIC,8012,16,15.33464557388782,19.139597571003268,4,1519,379,True,0.4562518493427238
paper_4dfb5aa291d5fa66dd3c,T2_NUMERIC,20442,9,33.548881201389484,16.411741121900736,2,1518,380,True,0.4451392235883856
paper_f3b42bb14867c07e4aef,T2_NUMERIC,10878,5,18.32221198962587,16.843364579542076,3,1519,379,True,0.42311072891719326
paper_a33d69153b85c02028d9,T2_NUMERIC,10938,34,25.801631006141214,23.588984280619137,3,1519,379,True,0.42311072891719326
paper_70053fcb3f6c88094e0f,T2_NUMERIC,5728,0,13.020411863182664,22.73116596226024,2,1518,380,True,0.4451392235883856
paper_867248425c354151c78a,T2_NUMERIC,16011,52,37.337941833401004,23.3201810214234,4,1519,379,True,0.4562518493427238
paper_6b3c42d8e8880d6d8dff,T2_NUMERIC,10777,18,20.298427112119292,18.834951389180002,1,1518,380,True,0.46596178274885836
paper_59d14f7f5c168de48683,T2_NUMERIC,18699,30,32.954956253292536,17.623913713724015,3,1519,379,True,0.42311072891719326
paper_2cb6f57951a81f95a6d3,T2_NUMERIC,11175,30,19.03724672086825,17.035567535452575,0,1518,380,True,0.4307206353288397
paper_6905a614350b111170f7,T2_NUMERIC,8291,17,16.647391508449296,20.078870472137616,2,1518,380,True,0.4451392235883856
paper_def2a9b250174b9b5d77,T2_NUMERIC,7,0,0.48323432044377373,690.3347434911053,2,1518,380,True,0.4451392235883856
paper_74360882a4fd3ef23b19,T2_NUMERIC,12816,38,24.84019573312765,19.38217519750909,1,1518,380,True,0.46596178274885836
paper_b35bae27d796b009e0df,T2_NUMERIC,7380,21,13.635019581238302,18.475636288940787,1,1518,380,True,0.46596178274885836
paper_bf59dfbde51b13c41d72,T2_NUMERIC,8708,7,19.318510635793366,22.184784836694266,0,1518,380,True,0.4307206353288397
paper_e9451b99f1bd10a70827,T2_NUMERIC,5700,12,13.46916382645556,23.630111976237828,1,1518,380,True,0.46596178274885836
paper_585a1342fa701de95a25,T2_NUMERIC,7324,19,17.372222334619753,23.71958265240272,4,1519,379,True,0.4562518493427238
paper_454aff797060891be3c6,T2_NUMERIC,19045,27,35.8001755157454,18.797676826329955,2,1518,380,True,0.4451392235883856
paper_48b0d359973255508766,T2_NUMERIC,12083,5,30.01625562696401,24.841724428506176,0,1518,380,True,0.4307206353288397
paper_102cf81837ebd8524603,T2_NUMERIC,17989,32,30.592922274286583,17.006460767294783,4,1519,379,True,0.4562518493427238
paper_e93d0eb808f7955cb1f3,T2_NUMERIC,12804,60,29.61268063895589,23.127679349387606,2,1518,380,True,0.4451392235883856
paper_9698880edb2f1fbb0716,T2_NUMERIC,15997,14,37.2415071165819,23.280307005427208,2,1518,380,True,0.4451392235883856
paper_d4cafb54afe17e7fa6d9,T2_NUMERIC,14169,29,31.12708721133782,21.96844322911837,2,1518,380,True,0.4451392235883856
paper_11d4bce0bb41d66468ff,T2_NUMERIC,5357,9,10.585416779882879,19.759971588357065,1,1518,380,True,0.46596178274885836
paper_1734f2d4e8637ff96940,T2_NUMERIC,18200,73,35.66404272271911,19.595627869625883,2,1518,380,True,0.4451392235883856
paper_e7b3a35a726f590f0614,T2_NUMERIC,7048,20,14.564603020299797,20.66487375184421,2,1518,380,True,0.4451392235883856
paper_8fffa7755c947f926f25,T2_NUMERIC,9146,10,21.556648172487915,23.56948192924548,4,1519,379,True,0.4562518493427238
paper_f458cadda44351f46cb6,T2_NUMERIC,9312,20,21.349087664797562,22.926425756870234,3,1519,379,True,0.42311072891719326
paper_0a7d6170833642992e54,T2_NUMERIC,7682,5,13.343484636854276,17.369805567370836,0,1518,380,True,0.4307206353288397
paper_4b8d22d722a1fe73e52d,T2_NUMERIC,32398,204,74.37996536944101,22.958196607642762,4,1519,379,True,0.4562518493427238
paper_5565b4dc086c1ca4d22d,T2_NUMERIC,8216,27,17.722420972087118,21.57061948890837,3,1519,379,True,0.42311072891719326
paper_3ad4c97acce29985ea25,T2_NUMERIC,18837,11,40.47077208750333,21.484722666827693,3,1519,379,True,0.42311072891719326
paper_059fc5b9c39e4fc7ea23,T2_NUMERIC,17975,46,27.99955111814816,15.57694081677227,4,1519,379,True,0.4562518493427238
paper_178d19045333bd4d2565,T2_NUMERIC,9737,1,22.701098421698337,23.314263553146077,4,1519,379,True,0.4562518493427238
paper_d7aa357dfb15c6a1e39d,T2_NUMERIC,12978,37,25.232125426306236,19.44222948551875,1,1518,380,True,0.46596178274885836
paper_56c1618d40a6eb8185c1,T2_NUMERIC,13963,20,29.09152013637319,20.834720429974354,2,1518,380,True,0.4451392235883856
paper_bffd20500ce5fa053c9c,T2_NUMERIC,10746,15,21.984097688428776,20.4579356862356,4,1519,379,True,0.4562518493427238
paper_a4b2d7fa3ccbbb4c6471,T2_NUMERIC,12850,35,29.250942862079416,22.76337965920577,0,1518,380,True,0.4307206353288397
paper_c25fa50b56e70da9b6d0,T2_NUMERIC,9188,18,18.514270619693768,20.150490443724173,1,1518,380,True,0.46596178274885836
paper_6b4a43bf69d27125304c,T2_NUMERIC,7893,27,17.191096782646625,21.780180897816578,2,1518,380,True,0.4451392235883856
paper_8a046c008c29850c937b,T2_NUMERIC,10759,37,21.89076629032074,20.34646927253531,0,1518,380,True,0.4307206353288397
paper_643a6372616ac7c0afc3,T2_NUMERIC,2793,2,6.034652212455792,21.606345193182214,4,1519,379,True,0.4562518493427238
paper_3a9f6563580de478d046,T2_NUMERIC,6142,11,9.40293530157356,15.30924015235031,1,1518,380,True,0.46596178274885836
paper_57070c9df2bbb7169952,T2_NUMERIC,9031,34,17.167466069141906,19.0094851834148,1,1518,380,True,0.46596178274885836
paper_cebee2fe81ebbe1a3c48,T2_NUMERIC,5703,5,9.699301675072487,17.007367482154105,2,1518,380,True,0.4451392235883856
paper_ebdbb0b43465d85a148a,T2_NUMERIC,9145,17,21.312907476223646,23.305530318451225,2,1518,380,True,0.4451392235883856
paper_4d3590e393f62f830ccc,T2_NUMERIC,13706,32,28.715866819074517,20.951310972621126,2,1518,380,True,0.4451392235883856
paper_2c9947398b4a04e8b1e2,T2_NUMERIC,21732,8,42.337818182478486,19.48178638987598,4,1519,379,True,0.4562518493427238
paper_d1b552e814f2835253c4,T2_NUMERIC,12175,28,27.558895348571014,22.635642996772905,2,1518,380,True,0.4451392235883856
paper_d70ed00ebaa890cfda32,T2_NUMERIC,11760,20,26.924297420810863,22.894810731982027,4,1519,379,True,0.4562518493427238
paper_69f7388134bb5baddc3c,T2_NUMERIC,18944,56,42.411947110933525,22.388063297578928,0,1518,380,True,0.4307206353288397
paper_366543203c025501ed60,T2_NUMERIC,12481,25,27.933401305162437,22.380739768578188,2,1518,380,True,0.4451392235883856
paper_41243b2e71035d29da90,T2_NUMERIC,12646,11,21.44660834752821,16.959203184823824,2,1518,380,True,0.4451392235883856
paper_861b33b54fdd426c017c,T2_NUMERIC,16996,33,36.976694823905085,21.756116041365665,2,1518,380,True,0.4451392235883856
paper_420a7c4a1beacd06e82f,T2_NUMERIC,4524,45,9.192356979489807,20.319091466599925,0,1518,380,True,0.4307206353288397
paper_2d26b54a49fc7f24b94d,T2_NUMERIC,5599,6,11.3612473049238,20.29156510970495,2,1518,380,True,0.4451392235883856
paper_b5583ba490a81a7110ec,T2_NUMERIC,21582,31,49.3248589593363,22.854628375190575,0,1518,380,True,0.4307206353288397
paper_6a3930f614a5b0685194,T2_NUMERIC,6815,4,12.557575130852852,18.42637583397337,2,1518,380,True,0.4451392235883856
paper_57ace56e0ada3222f3f0,T2_NUMERIC,12975,18,29.304701384159777,22.585511664092312,3,1519,379,True,0.42311072891719326
paper_f268a30c446bf23e6318,T2_NUMERIC,11575,12,26.924442605472606,23.26085754252493,1,1518,380,True,0.46596178274885836
paper_8af94154beb2a5df2697,T2_NUMERIC,11109,29,24.985045757322805,22.490814436333427,1,1518,380,True,0.46596178274885836
paper_19d6d130654a2931c231,T2_NUMERIC,9793,3,20.636213620722426,21.07241256072953,3,1519,379,True,0.42311072891719326
paper_72149d18c080d4a16b73,T2_NUMERIC,11353,10,25.536147152401565,22.492862813707006,4,1519,379,True,0.4562518493427238
paper_5e71c72f7a5dc52b2892,T2_NUMERIC,7539,10,15.333833076363796,20.33934616840933,3,1519,379,True,0.42311072891719326
paper_d3d6bf6212f62c9c3292,T2_NUMERIC,18343,10,42.65145164614661,23.252167936622477,2,1518,380,True,0.4451392235883856
paper_d09b7dbf486c61e8b7e7,T2_NUMERIC,11222,25,22.019913524490725,19.622093677143756,2,1518,380,True,0.4451392235883856
paper_a0000904b31bd58b0171,T2_NUMERIC,21763,24,46.66779008324342,21.443638323412866,4,1519,379,True,0.4562518493427238
paper_506cd366d7f23427e5d4,T2_NUMERIC,7824,3,14.976519961667782,19.1417688671623,2,1518,380,True,0.4451392235883856
paper_12d49cdf683274a5da01,T2_NUMERIC,10920,57,16.184569811259838,14.82103462569582,3,1519,379,True,0.42311072891719326
paper_a26f7bca44a5957af749,T2_NUMERIC,9830,35,22.10741985118664,22.489745525113573,3,1519,379,True,0.42311072891719326
paper_5f88f9a9b70c1c9af0c9,T2_NUMERIC,9575,21,22.187297014342334,23.172111764326196,4,1519,379,True,0.4562518493427238
paper_c4b96dc9e1370394f656,T2_NUMERIC,5548,1,10.28118846176365,18.531341856098866,2,1518,380,True,0.4451392235883856
paper_6482013036e9e86dec50,T2_NUMERIC,9124,11,21.630015483919042,23.706724554930997,0,1518,380,True,0.4307206353288397
paper_43fcd55dc92a638d1039,T2_NUMERIC,6446,6,14.0013759050598,21.721029948898234,0,1518,380,True,0.4307206353288397
paper_890343a4524e020964d0,T2_NUMERIC,10609,14,22.104639916192916,20.835743157878138,4,1519,379,True,0.4562518493427238
paper_b8ddd96d66bc3769a35d,T2_NUMERIC,5616,3,9.047355571417992,16.109963624319786,2,1518,380,True,0.4451392235883856
paper_52e45ae625e87cb51855,T2_NUMERIC,6106,3,10.130800992124202,16.591550920609567,4,1519,379,True,0.4562518493427238
paper_d707afd32f2376608ebf,T2_NUMERIC,11098,2,22.68061574580058,20.436669441161094,1,1518,380,True,0.46596178274885836
paper_6ac9728a355621c40664,T2_NUMERIC,9805,20,22.852137927730222,23.3066169584194,2,1518,380,True,0.4451392235883856
paper_ed17d9f0c57607cb2fc3,T2_NUMERIC,4270,10,9.285949580815156,21.746954521815354,4,1519,379,True,0.4562518493427238
paper_5a677972ee4e2affa5cb,T2_NUMERIC,10316,27,23.234990684383888,22.52325580107007,0,1518,380,True,0.4307206353288397
paper_51d00647e76d4c20e940,T2_NUMERIC,16551,10,35.19721336040599,21.265913455625636,2,1518,380,True,0.4451392235883856
paper_2c1e62bd0da8f6cff4af,T2_NUMERIC,17745,36,35.13428693703828,19.799541807291227,1,1518,380,True,0.46596178274885836
paper_a09a8082d3f2f6bb58f3,T2_NUMERIC,6365,8,12.988483732689145,20.406101701004157,4,1519,379,True,0.4562518493427238
paper_3860f222312c54cfa035,T2_NUMERIC,6890,0,12.424128672633797,18.03211708655123,4,1519,379,True,0.4562518493427238
paper_ce646a57e074e1cdd0d7,T2_NUMERIC,6625,4,13.70635852015483,20.68884304929031,3,1519,379,True,0.42311072891719326
paper_fd71f52565c39ca8148c,T2_NUMERIC,9233,45,18.866941381832415,20.43424822033187,2,1518,380,True,0.4451392235883856
paper_91ed1010504fb8dd77bd,T2_NUMERIC,6142,0,12.844337338991656,20.912304361757826,2,1518,380,True,0.4451392235883856
paper_c6d38c3088f9d3f12a73,T2_NUMERIC,13088,32,26.01613308205339,19.87785229374495,1,1518,380,True,0.46596178274885836
paper_9487d06009d34990bb93,T2_NUMERIC,8246,20,18.8954526114488,22.91468907524715,2,1518,380,True,0.4451392235883856
paper_d4eec71007c44517072f,T2_NUMERIC,7113,8,14.860872650293063,20.892552580195503,2,1518,380,True,0.4451392235883856
paper_4f1ab823cfd9f70682e6,T2_NUMERIC,8120,26,16.097177483337234,19.824110201154227,0,1518,380,True,0.4307206353288397
paper_f6bb7179b2d6e6455912,T2_NUMERIC,8132,5,19.440002798483338,23.905561729566326,3,1519,379,True,0.42311072891719326
paper_2e4ef5c895a34d506fc5,T2_NUMERIC,11906,25,26.955748074051574,22.640473772930935,4,1519,379,True,0.4562518493427238
paper_f8ac84f71b01d5decc8e,T2_NUMERIC,6158,2,14.50149620135237,23.549035728081147,4,1519,379,True,0.4562518493427238
paper_5b0445c6fb0209c2645a,T2_NUMERIC,11871,9,27.896627572534378,23.49981262954627,0,1518,380,True,0.4307206353288397
paper_c6ceea1dfa571f4e39a7,T2_NUMERIC,11403,3,17.775708010186438,15.588624055236725,3,1519,379,True,0.42311072891719326
paper_21170a94b042f9799071,T2_NUMERIC,13009,0,28.642606407787017,22.017531253583687,2,1518,380,True,0.4451392235883856
paper_54fdeae96cb2f5a52da7,T2_NUMERIC,6626,16,14.970968493843188,22.59427783556171,2,1518,380,True,0.4451392235883856
paper_36d7325ec81a4ba108e6,T2_NUMERIC,12741,19,28.740197648701155,22.557254256888122,0,1518,380,True,0.4307206353288397
paper_4bb04ced1198e17099d2,T2_NUMERIC,7206,38,16.731788406876735,23.219245638185864,2,1518,380,True,0.4451392235883856
paper_fd4f44b26db058b07e2e,T2_NUMERIC,11772,2,26.768395698262413,22.739038139876328,3,1519,379,True,0.42311072891719326
paper_356f10d0ab2550ac5a9f,T2_NUMERIC,9528,7,18.048294625533956,18.9423747119374,2,1518,380,True,0.4451392235883856
paper_7dc23c11a92281e380a2,T2_NUMERIC,19214,12,32.632228434616415,16.983568457695647,4,1519,379,True,0.4562518493427238
paper_05c1d1848050b0570ab8,T2_NUMERIC,10660,17,24.54382093238649,23.024222263026726,4,1519,379,True,0.4562518493427238
paper_47024cbbcdb16ac50eb1,T2_NUMERIC,7199,4,17.385699483682625,24.15015902720187,0,1518,380,True,0.4307206353288397
paper_0e810425168608981150,T2_NUMERIC,6568,15,15.075125200397347,22.9523830700325,1,1518,380,True,0.46596178274885836
paper_41969b2a5efedb22cfed,T2_NUMERIC,9679,35,22.06114605786902,22.79279476998556,4,1519,379,True,0.4562518493427238
paper_6b75a0758f7f8e49a5f0,T2_NUMERIC,13471,14,29.998237066592175,22.268752925983353,4,1519,379,True,0.4562518493427238
paper_32a0ff3bf7f0d3570472,T2_NUMERIC,10803,2,23.851680199626486,22.07875608592658,1,1518,380,True,0.46596178274885836
paper_d82adf03b07ce22c3b54,T2_NUMERIC,3308,20,7.084409513146849,21.41599006392639,4,1519,379,True,0.4562518493427238
paper_2cdf2c4c1a28280b7e7e,T2_NUMERIC,17620,29,32.15111852912953,18.246945816759098,3,1519,379,True,0.42311072891719326
paper_bd7cac58ba01f4f27463,T2_NUMERIC,15073,35,41.949838659356104,27.831114349735355,3,1519,379,True,0.42311072891719326
paper_93ab30d33d5d512908f9,T2_NUMERIC,12076,18,26.184093034858687,21.68275342403005,3,1519,379,True,0.42311072891719326
paper_d071b57a8554a6c74e84,T2_NUMERIC,4164,1,8.880912574493783,21.327839996382764,4,1519,379,True,0.4562518493427238
paper_98e549572ba02d9bdf70,T2_NUMERIC,12632,17,18.27343313063389,14.465985695561978,1,1518,380,True,0.46596178274885836
paper_0b034a0d6b0a5bf01d4d,T2_NUMERIC,10870,8,23.678784169740517,21.783610091757605,3,1519,379,True,0.42311072891719326
paper_9a57f744c4d7e9d630eb,T2_NUMERIC,11248,11,26.519380497897416,23.5769741268647,4,1519,379,True,0.4562518493427238
paper_a39e2e13b6afca086191,T2_NUMERIC,11349,9,24.972392599127158,22.0040466993807,4,1519,379,True,0.4562518493427238
paper_b3c0cc25aae9f4eea731,T2_NUMERIC,4520,6,10.580731084919247,23.408697090529305,1,1518,380,True,0.46596178274885836
paper_3d61da838c57a1fe15ef,T2_NUMERIC,9645,7,22.180479721810897,22.996868555532295,4,1519,379,True,0.4562518493427238
paper_75082bc1f43a14cdaa8f,T2_NUMERIC,12354,11,28.33718336268112,22.937658541914455,4,1519,379,True,0.4562518493427238
paper_b7f93bc4a0f6ac17062e,T2_NUMERIC,13581,10,32.070240718227694,23.614049567946168,1,1518,380,True,0.46596178274885836
paper_e2971df144864354ab50,T2_NUMERIC,6805,14,13.770577300896175,20.235969582507238,4,1519,379,True,0.4562518493427238
paper_77fff62649cc89e70006,T2_NUMERIC,10128,30,24.48802314904191,24.178537864377876,2,1518,380,True,0.4451392235883856
paper_48fe6515d531f9067495,T2_NUMERIC,8495,5,16.547667086426426,19.479302044057004,4,1519,379,True,0.4562518493427238
paper_31574d46962b0f0e1fa9,T2_NUMERIC,10306,43,24.51395686657478,23.786102141058393,3,1519,379,True,0.42311072891719326
paper_908b6ec651f9c3279ecd,T2_NUMERIC,13947,22,31.250290286834932,22.406460376306683,1,1518,380,True,0.46596178274885836
paper_2731ed413ed15eaf8736,T2_NUMERIC,13536,53,30.990230182507197,22.894673598187943,4,1519,379,True,0.4562518493427238
paper_8576f7b959b92e605aad,T2_NUMERIC,6427,3,15.063567187866779,23.437944900990786,4,1519,379,True,0.4562518493427238
paper_90b73384b7f4312f3880,T2_NUMERIC,10821,28,19.207063263154332,17.749804327838767,3,1519,379,True,0.42311072891719326
paper_fdf78c67293a210ce070,T2_NUMERIC,13328,6,26.119876728908068,19.597746645339186,1,1518,380,True,0.46596178274885836
paper_ecd6471e7031f96c6dd5,T2_NUMERIC,13772,13,26.755055412107048,19.427138695982464,2,1518,380,True,0.4451392235883856
paper_9f6a916d2362364c4772,T2_NUMERIC,6623,12,12.193943236979736,18.411510247591327,3,1519,379,True,0.42311072891719326
paper_2816bab6cf493c5dae75,T2_NUMERIC,7372,5,12.437214672385023,16.87088262667529,3,1519,379,True,0.42311072891719326
paper_0c6ab339e1fc81e69363,T2_NUMERIC,7315,13,15.380346224773987,21.025763806936414,4,1519,379,True,0.4562518493427238
paper_0c493d1aba033d49a5c8,T2_NUMERIC,9366,28,18.618142236280747,19.878435016315127,1,1518,380,True,0.46596178274885836
paper_778169486c30445ecba2,T2_NUMERIC,10451,0,23.90350115976545,22.87197508349962,4,1519,379,True,0.4562518493427238
paper_53fb745495c413ce93d7,T2_NUMERIC,12920,12,25.790910628244358,19.962005130220092,2,1518,380,True,0.4451392235883856
paper_1e8373c0fc60886c7495,T2_NUMERIC,11129,52,26.054750528329343,23.411582827144706,2,1518,380,True,0.4451392235883856
paper_09318a44abac513252df,T2_NUMERIC,7889,6,17.585657367515925,22.291364390310463,4,1519,379,True,0.4562518493427238
paper_c84490476cf833bb6ee5,T2_NUMERIC,10143,9,26.031371133172243,25.664370633118647,3,1519,379,True,0.42311072891719326
paper_d792d6f81b5dfd11ffa9,T2_NUMERIC,34461,45,61.306573153853165,17.790131787775504,4,1519,379,True,0.4562518493427238
paper_a717d2db5cddad911222,T2_NUMERIC,11566,23,26.158983371531782,22.61713934941361,3,1519,379,True,0.42311072891719326
paper_4ad3f9a094b434800a09,T2_NUMERIC,10883,27,22.83689767592656,20.984009625954755,3,1519,379,True,0.42311072891719326
paper_16f8ba6c956f29329d5d,T2_NUMERIC,7288,10,12.899194597584177,17.699224200856445,4,1519,379,True,0.4562518493427238
paper_775561e5dc791ef2cb02,T2_NUMERIC,13254,28,29.016706072142235,21.892791664510515,2,1518,380,True,0.4451392235883856
paper_c93f4d1eb777164982f5,T2_NUMERIC,6645,41,17.16163637765727,25.8263903350749,0,1518,380,True,0.4307206353288397
paper_970b5a6ef6657c8631b9,T2_NUMERIC,8511,9,21.61754244498225,25.399532892706205,0,1518,380,True,0.4307206353288397
paper_b4bcc0e4ecfb791477ab,T2_NUMERIC,13724,19,25.47414744706184,18.56175127299755,0,1518,380,True,0.4307206353288397
paper_3fa14c53e2d79e3ad20a,T2_NUMERIC,14663,16,30.5325656230973,20.822864095408377,1,1518,380,True,0.46596178274885836
paper_1a1142f66516739f76d7,T2_NUMERIC,11065,22,18.100268377318436,16.35812776983139,1,1518,380,True,0.46596178274885836
paper_95b22bce0467e698efc2,T2_NUMERIC,2637,1,4.478046415735834,16.981594295547342,0,1518,380,True,0.4307206353288397
paper_b32b648f3c2ffeaead45,T2_NUMERIC,8267,4,16.987880375672027,20.54902670336522,3,1519,379,True,0.42311072891719326
paper_890ef2be2fd45f1127d6,T2_NUMERIC,7061,53,17.027639158662723,24.115053333327747,1,1518,380,True,0.46596178274885836
paper_4b3e2d7da58e94877ec3,T2_NUMERIC,12851,23,28.576256616907166,22.236601522766453,4,1519,379,True,0.4562518493427238
paper_8960d35e4e7e918f25b3,T2_NUMERIC,6904,9,13.699987012549046,19.84355013405134,1,1518,380,True,0.46596178274885836
paper_21834382df5f88983fdc,T2_NUMERIC,20506,28,45.49555416069255,22.18645965117163,1,1518,380,True,0.46596178274885836
paper_c7f4c59a783a734322b2,T2_NUMERIC,10962,14,25.65180958128302,23.400665554901494,0,1518,380,True,0.4307206353288397
paper_04e03066f4102df0b9bd,T2_NUMERIC,6983,25,16.432099487268417,23.53157595198112,1,1518,380,True,0.46596178274885836
paper_57e0d2b061547e81fe80,T2_NUMERIC,11646,30,23.599311455434968,20.263877258659598,2,1518,380,True,0.4451392235883856
paper_53d17039ee6ced32c298,T2_NUMERIC,14492,61,32.20172264143986,22.220344080485685,4,1519,379,True,0.4562518493427238
paper_5d3f229a06477354b1d3,T2_NUMERIC,6096,16,14.44947764397465,23.70321135822613,1,1518,380,True,0.46596178274885836
paper_e5dc74b751031ccb7720,T2_NUMERIC,5566,11,11.070686918643297,19.88984354768828,2,1518,380,True,0.4451392235883856
paper_4c0eb8dcf14576cf473f,T2_NUMERIC,15356,10,27.419660937032496,17.855991753733065,2,1518,380,True,0.4451392235883856
paper_d27746fdbaa397643691,T2_NUMERIC,4598,22,9.52026990672399,20.70524120644626,1,1518,380,True,0.46596178274885836
paper_80d36bad09e524926b91,T2_NUMERIC,11530,11,27.85992431144988,24.162987260580987,0,1518,380,True,0.4307206353288397
paper_8a7dd54331fb7be1436f,T2_NUMERIC,3859,5,8.751056694522912,22.677006205034754,3,1519,379,True,0.42311072891719326
paper_54617090ee3a4ee67d68,T2_NUMERIC,20040,19,34.7083012249695,17.31951158930614,4,1519,379,True,0.4562518493427238
paper_5ed85dc4f61a99174a36,T2_NUMERIC,7576,18,16.84540982255532,22.235229438430995,2,1518,380,True,0.4451392235883856
paper_fa75a4f2748abb5e22fe,T2_NUMERIC,10399,44,21.439392744682717,20.616783099031366,4,1519,379,True,0.4562518493427238
paper_84bfef96fdaac2859085,T2_NUMERIC,11354,2,27.73959564953678,24.431562136283937,3,1519,379,True,0.42311072891719326
paper_aa644bb19b81f26fb841,T2_NUMERIC,8489,23,16.3902502258073,19.30763367393957,1,1518,380,True,0.46596178274885836
paper_855a30d7906bf1696f18,T2_NUMERIC,13236,54,30.879555189205163,23.32997521094376,1,1518,380,True,0.46596178274885836
paper_5d9ec214dc67ffded139,T2_NUMERIC,7863,25,18.47421670051616,23.49512488937576,4,1519,379,True,0.4562518493427238
paper_ec8873bb62d0b10bc6b8,T2_NUMERIC,16319,17,35.32022672280671,21.643621988361243,3,1519,379,True,0.42311072891719326
paper_5117e27e180792a8db1b,T2_NUMERIC,6113,22,14.237579773459364,23.290658880188722,2,1518,380,True,0.4451392235883856
paper_81299702e47fe70c2f7d,T2_NUMERIC,14529,24,31.241259946986517,21.50269113289732,0,1518,380,True,0.4307206353288397
paper_0b1461dccc4a77e918bf,T2_NUMERIC,9192,53,21.615823590369516,23.51590904087197,4,1519,379,True,0.4562518493427238
paper_51c9758340f260242d9e,T2_NUMERIC,16732,11,33.87478761423795,20.24551016868154,3,1519,379,True,0.42311072891719326
paper_8c839b9120e4ee048bb7,T2_NUMERIC,6885,25,16.920044912891143,24.575228631650173,0,1518,380,True,0.4307206353288397
paper_bc441e9581da32646cbe,T2_NUMERIC,9783,20,17.77768406409405,18.172016829289635,4,1519,379,True,0.4562518493427238
paper_f2732436a0eceaabb00c,T2_NUMERIC,13095,30,26.5900043938638,20.30546345464971,3,1519,379,True,0.42311072891719326
paper_3c99e282d4bc4d094822,T2_NUMERIC,11670,11,23.520315057328315,20.154511617247913,4,1519,379,True,0.4562518493427238
paper_5aa1212f7b54253ae0bd,T2_NUMERIC,8183,5,14.641073467384482,17.892060940223,4,1519,379,True,0.4562518493427238
paper_cda09ee73200c86e8531,T2_NUMERIC,8960,21,21.66115067095722,24.17539137383618,3,1519,379,True,0.42311072891719326
paper_03cdba0d9cb94685678b,T2_NUMERIC,6679,5,14.205861494716897,21.26944377109881,4,1519,379,True,0.4562518493427238
paper_edf2526887b73f01404b,T2_NUMERIC,12316,7,22.71514592214003,18.44360662726537,0,1518,380,True,0.4307206353288397
paper_3a30f676a58dc9a464f9,T2_NUMERIC,6551,1,13.845153890286992,21.134412899232167,2,1518,380,True,0.4451392235883856
paper_edc47b2e1d89bd1d57c6,T2_NUMERIC,10138,14,23.31809294392224,23.000683511464036,2,1518,380,True,0.4451392235883856
paper_9599a41bff7c970bb27a,T2_NUMERIC,6700,8,15.442789750966707,23.04893992681598,4,1519,379,True,0.4562518493427238
paper_a49fcbc0b13ed1d5644a,T2_NUMERIC,17721,9,40.8831197819185,23.07043608256786,4,1519,379,True,0.4562518493427238
paper_0e42ce275b00cae15eee,T2_NUMERIC,9909,15,22.594251641055745,22.801747543703446,4,1519,379,True,0.4562518493427238
paper_67485c94fa39ecb204eb,T2_NUMERIC,9856,11,16.311481822598875,16.549798927149833,3,1519,379,True,0.42311072891719326
paper_9a0a6ddc3ec36d638255,T2_NUMERIC,10627,13,23.881880125555124,22.472833467163944,1,1518,380,True,0.46596178274885836
paper_a4394a188c62cb17c7b1,T2_NUMERIC,15103,16,31.580114429013175,20.909828794950126,3,1519,379,True,0.42311072891719326
paper_a15d6db1e341ca841faa,T2_NUMERIC,11181,17,27.15507454270793,24.28680309695727,0,1518,380,True,0.4307206353288397
paper_0a926d479528ed19bc99,T2_NUMERIC,14314,11,31.73769370526123,22.172484075213937,4,1519,379,True,0.4562518493427238
paper_493fb857dd45cdb882e0,T2_NUMERIC,10840,17,25.386254557360022,23.419054019704816,4,1519,379,True,0.4562518493427238
paper_1d252e6c327bda31dd7e,T2_NUMERIC,10190,42,22.810215811877107,22.38490266131218,0,1518,380,True,0.4307206353288397
paper_8b46e4cd6754ee0428f9,T2_NUMERIC,21899,73,47.10764336927852,21.51132169015869,1,1518,380,True,0.46596178274885836
paper_ff188907dc0778979d1c,T2_NUMERIC,11998,27,27.12976131475184,22.611903079473112,4,1519,379,True,0.4562518493427238
paper_d678f6fc8a4d5743f615,T2_NUMERIC,18246,21,32.777469028534014,17.964194359604303,0,1518,380,True,0.4307206353288397
paper_175cea1b3d393b2e4039,T2_NUMERIC,7609,7,18.60830207677996,24.455647360730662,3,1519,379,True,0.42311072891719326
paper_a7a15a187cddf7b367fc,T2_NUMERIC,13074,11,27.823647735841046,21.281664169987035,0,1518,380,True,0.4307206353288397
paper_ecddf5eff1d2c66dff43,T2_NUMERIC,7799,0,15.944149131501955,20.443837840110213,2,1518,380,True,0.4451392235883856
paper_055c30f255961e07a80e,T2_NUMERIC,12978,26,29.9208649248303,23.05506620806773,3,1519,379,True,0.42311072891719326
paper_dfa4c04d49179c51031d,T2_NUMERIC,15131,29,32.69016017075982,21.604758555786013,2,1518,380,True,0.4451392235883856
paper_782ce051c047673034e3,T2_NUMERIC,8661,58,19.853126676615545,22.92244160791542,1,1518,380,True,0.46596178274885836
paper_1feb6909cbbda0d14bb7,T2_NUMERIC,11938,34,27.33741068670551,22.899489601864225,2,1518,380,True,0.4451392235883856
paper_8f19b4cda93b876f475f,T2_NUMERIC,16155,23,37.63040509549699,23.29334886753141,3,1519,379,True,0.42311072891719326
paper_f70c8739c330b884890d,T2_NUMERIC,12966,24,30.432661423903397,23.471125577590158,1,1518,380,True,0.46596178274885836
paper_a594296131ac7ea8953d,T2_NUMERIC,9429,28,16.046811154729415,17.018571592670927,3,1519,379,True,0.42311072891719326
paper_1b844234ac51fc5e241d,T2_NUMERIC,6055,5,11.853265227380309,19.57599542094188,2,1518,380,True,0.4451392235883856
paper_d21f5d7ebe96b45203db,T2_NUMERIC,14075,27,35.51545565682217,25.233005795255536,3,1519,379,True,0.42311072891719326
paper_18933680bc8a2e259970,T2_NUMERIC,12134,30,28.053189828516143,23.11949054599979,0,1518,380,True,0.4307206353288397
paper_b1fe02bb3a07180ef22e,T2_NUMERIC,8773,65,21.307154729738752,24.28719335431295,3,1519,379,True,0.42311072891719326
paper_399904f8f248fb660bce,T2_NUMERIC,14346,42,24.75921502667466,17.25861914587666,1,1518,380,True,0.46596178274885836
paper_5a3d978656bfefcfcaa1,T2_NUMERIC,11689,0,24.85180269153743,21.260845830727547,0,1518,380,True,0.4307206353288397
paper_de9b6276a7e3d55ce897,T2_NUMERIC,7361,3,11.28501532043309,15.330818258977162,3,1519,379,True,0.42311072891719326
paper_66f9d0a1b30b85daca1d,T2_NUMERIC,16295,84,39.33742904766399,24.14079720629886,0,1518,380,True,0.4307206353288397
paper_922e19bc2468753745b5,T2_NUMERIC,12425,10,27.270546474816133,21.9481259354657,0,1518,380,True,0.4307206353288397
paper_062d61e43a982ff71818,T2_NUMERIC,8290,51,12.087251799549074,14.580520867972346,2,1518,380,True,0.4451392235883856
paper_baf7e482899e4dc7153e,T2_NUMERIC,8386,13,20.02766625175912,23.882263596183066,0,1518,380,True,0.4307206353288397
paper_6a13a27f7b0b3686ceab,T2_NUMERIC,6308,4,15.153300186367218,24.022352863613218,0,1518,380,True,0.4307206353288397
paper_955110ae6783fdfb11b5,T2_NUMERIC,5465,38,8.79501133024322,16.09334186686774,3,1519,379,True,0.42311072891719326
paper_16c13df8cf3bc9f0e47f,T2_NUMERIC,11918,13,25.35260031511401,21.27252921221179,2,1518,380,True,0.4451392235883856
paper_80824adaef46809e108f,T2_NUMERIC,9920,22,19.392964909867832,19.549359788173216,3,1519,379,True,0.42311072891719326
paper_ff0c331a8a77ddf76be8,T2_NUMERIC,18941,6,43.34530461109225,22.884380239212426,2,1518,380,True,0.4451392235883856
paper_e9cc144b1569d2cdff5b,T2_NUMERIC,13998,13,29.24745111199847,20.894021368765873,1,1518,380,True,0.46596178274885836
paper_ad5bedf728d7e17bb2b9,T2_NUMERIC,8816,5,18.327446584930616,20.788845944794254,3,1519,379,True,0.42311072891719326
paper_a090533a9bc941a8e914,T2_NUMERIC,7151,19,17.943507376504673,25.092305099293352,0,1518,380,True,0.4307206353288397
paper_6937cc47e2b2f2fc2447,T2_NUMERIC,14810,7,29.056525391646076,19.619530986931853,0,1518,380,True,0.4307206353288397
paper_5177e78aa7edb3917eb8,T2_NUMERIC,17009,38,37.311515155420345,21.936336736680783,2,1518,380,True,0.4451392235883856
paper_5e64be4ff3964f930a88,T2_NUMERIC,5341,1,11.775966180568869,22.04824224034613,1,1518,380,True,0.46596178274885836
paper_7c9969be007d847e2a5b,T2_NUMERIC,8662,7,15.419850594014576,17.801720842778316,2,1518,380,True,0.4451392235883856
paper_a1dae4a529f70040f50b,T2_NUMERIC,16311,36,33.26837587585719,20.396282187393286,2,1518,380,True,0.4451392235883856
paper_eebf3854a3fb0b3a28f8,T2_NUMERIC,14571,14,29.423382971720695,20.19311164073893,0,1518,380,True,0.4307206353288397
paper_0b6cd25028499f328ff1,T2_NUMERIC,18354,46,30.404646301549434,16.565678490546713,4,1519,379,True,0.4562518493427238
paper_3ca537be4562a4063d11,T2_NUMERIC,15501,23,33.09428157527421,21.349771998757635,0,1518,380,True,0.4307206353288397
paper_0199bd2da3a1c6ae84f4,T2_NUMERIC,10885,9,22.32905761516071,20.513603688709885,4,1519,379,True,0.4562518493427238
paper_08cf395c399c4d933099,T2_NUMERIC,11727,26,26.60181592081573,22.684246542863246,4,1519,379,True,0.4562518493427238
paper_65a1f093c8c0135bc3bf,T2_NUMERIC,19703,17,44.46099149283675,22.565594829638506,2,1518,380,True,0.4451392235883856
paper_6df4b9381be6592f7484,T2_NUMERIC,12067,26,24.852589669468927,20.595499850392745,4,1519,379,True,0.4562518493427238
paper_5d5120a2cf840faee937,T2_NUMERIC,30995,32,71.6311240576097,23.11054171886101,3,1519,379,True,0.42311072891719326
paper_9fa83136d84c37a01604,T2_NUMERIC,13933,10,26.97482033294396,19.360382066277154,1,1518,380,True,0.46596178274885836
paper_4b5de98008af881ee21a,T2_NUMERIC,11621,55,27.22545276841263,23.42780549730026,4,1519,379,True,0.4562518493427238
paper_62e38605fad8c2e0939c,T2_NUMERIC,4500,13,9.110404141644684,20.245342536988186,2,1518,380,True,0.4451392235883856
paper_01b1a99273fd65abd9d2,T2_NUMERIC,9778,19,23.178669290457517,23.704918480729717,0,1518,380,True,0.4307206353288397
paper_1b2d682df72364320fe4,T2_NUMERIC,14969,9,30.321976079945628,20.25651418260781,4,1519,379,True,0.4562518493427238
paper_ce55e30ff5f95d5e96ef,T2_NUMERIC,13078,37,23.796039872088656,18.195473216155875,4,1519,379,True,0.4562518493427238
paper_93dd7c8966c620ee897b,T2_NUMERIC,10080,33,17.952409293395778,17.809929854559304,3,1519,379,True,0.42311072891719326
paper_19eb043baf2285e21e04,T2_NUMERIC,15037,12,34.187275279612145,22.735436110668445,2,1518,380,True,0.4451392235883856
paper_b9c2648598a28dbc45e5,T2_NUMERIC,15968,39,36.030251361623066,22.56403517135713,1,1518,380,True,0.46596178274885836
paper_f8503ebcd0d534154ebf,T2_NUMERIC,16162,28,28.418842586989374,17.5837412368453,2,1518,380,True,0.4451392235883856
paper_1b11e7b26c9ebc36aa86,T2_NUMERIC,6982,37,17.500360116768846,25.064967225392216,0,1518,380,True,0.4307206353288397
paper_431ab1e76408d8b002e7,T2_NUMERIC,8290,9,16.8303382406097,20.30197616478854,0,1518,380,True,0.4307206353288397
paper_d06e930f808cbd4ab74f,T2_NUMERIC,11730,40,22.861621123720422,19.489873080750574,1,1518,380,True,0.46596178274885836
paper_58dc7bf59571d08cde21,T2_NUMERIC,13266,30,28.76832881442943,21.685759697293406,2,1518,380,True,0.4451392235883856
paper_b02b1015a4d81c005688,T2_NUMERIC,11893,16,18.529808627333097,15.58043271448171,4,1519,379,True,0.4562518493427238
paper_3fc8a85d099cd7bdb806,T2_NUMERIC,11669,49,26.879020345312824,23.034553385305358,4,1519,379,True,0.4562518493427238
paper_e979bea55b68466950a5,T2_NUMERIC,8502,14,18.931843350959678,22.267517467607245,2,1518,380,True,0.4451392235883856
paper_22e2b4a6a3827317eea9,T2_NUMERIC,12926,28,29.671046095718506,22.95454595057907,4,1519,379,True,0.4562518493427238
paper_cd99825e674af93f54a0,T2_NUMERIC,14692,36,33.90414927086712,23.076605820083802,1,1518,380,True,0.46596178274885836
paper_ef33c31cea19815c1c79,T2_NUMERIC,8397,22,18.17226990046035,21.641383709015543,3,1519,379,True,0.42311072891719326
paper_8a987e6947819af780cc,T2_NUMERIC,5842,0,9.879573018600542,16.911285550497333,2,1518,380,True,0.4451392235883856
paper_32ea73c0ca7c36f3722d,T2_NUMERIC,19885,42,45.21161852111375,22.736544390804,1,1518,380,True,0.46596178274885836
paper_5bb169e3d0a7bddf67d2,T2_NUMERIC,4076,18,7.955954279057956,19.51902423713924,3,1519,379,True,0.42311072891719326
paper_bc125e70842da3448cfd,T2_NUMERIC,8853,5,18.72698924754682,21.153269227998212,0,1518,380,True,0.4307206353288397
paper_8fdd0bc61f21dd1b43b1,T2_NUMERIC,10514,28,23.797984031416714,22.63456727355594,2,1518,380,True,0.4451392235883856
paper_b4dd9247e6ebd7246d8d,T2_NUMERIC,11093,34,20.25200662586026,18.256564162859696,2,1518,380,True,0.4451392235883856
paper_42334e1af55a71821a6f,T2_NUMERIC,19073,30,48.24857877647731,25.296795877144294,3,1519,379,True,0.42311072891719326
paper_1bcacd02dc9d094de149,T2_NUMERIC,19266,83,40.75515400532382,21.15392609017119,2,1518,380,True,0.4451392235883856
paper_aefd1f6c29e982b9aba9,T2_NUMERIC,10945,27,24.85721098196317,22.711019627193394,0,1518,380,True,0.4307206353288397
paper_915e8135f2cd2d3c8c56,T2_NUMERIC,12275,18,27.348527400712324,22.27985938958234,1,1518,380,True,0.46596178274885836
paper_d9833886b4d05e7f2e35,T2_NUMERIC,8450,15,16.63873949855788,19.69081597462471,4,1519,379,True,0.4562518493427238
paper_52abb83deeb3327b3c1c,T2_NUMERIC,8759,15,18.227522142093576,20.810049254587938,0,1518,380,True,0.4307206353288397
paper_83ca826490ae45e8980a,T2_NUMERIC,15822,67,36.72440536775323,23.210975456802696,0,1518,380,True,0.4307206353288397
paper_70c25393cf57bb9d618f,T2_NUMERIC,17907,50,40.3920221938582,22.55655452831753,1,1518,380,True,0.46596178274885836
paper_2485cc3b0b3e093b7107,T2_NUMERIC,10186,17,20.18460627604972,19.816028152414805,1,1518,380,True,0.46596178274885836
paper_27cb55815739afd98af7,T2_NUMERIC,11259,36,26.864770234095946,23.860707197882537,0,1518,380,True,0.4307206353288397
paper_9da2bc17ec9305bccac4,T2_NUMERIC,11998,4,23.543844567386497,19.623140996321467,1,1518,380,True,0.46596178274885836
paper_6ab82d7f74d54ba2b45b,T2_NUMERIC,12686,41,29.116499167789364,22.951678360231252,2,1518,380,True,0.4451392235883856
paper_308f18501b581689186e,T2_NUMERIC,22104,42,42.9516699826759,19.431627751843966,0,1518,380,True,0.4307206353288397
paper_4e3de9e4ca79ed351723,T2_NUMERIC,10192,10,24.163471949404588,23.70827310577373,0,1518,380,True,0.4307206353288397
paper_ee7c71ddf35bb891ca6e,T2_NUMERIC,13240,17,30.907258368650307,23.343850731608992,1,1518,380,True,0.46596178274885836
paper_4859ded345b5dbd2b97c,T2_NUMERIC,13490,9,28.936805705573278,21.450560196866775,2,1518,380,True,0.4451392235883856
paper_2e7c7ada2c0738c9576e,T2_NUMERIC,10594,36,16.725753175603863,15.787949004723302,3,1519,379,True,0.42311072891719326
paper_f58eacffb09f17790ad5,T2_NUMERIC,14749,102,33.88145795033131,22.972037392590217,4,1519,379,True,0.4562518493427238
paper_bcb1bb37ecd7b206ef6c,T2_NUMERIC,6416,17,16.109971062180836,25.109057141803053,0,1518,380,True,0.4307206353288397
paper_8bb002fe8cccfd64ca1e,T2_NUMERIC,9219,18,21.181149712388525,22.9755393344056,4,1519,379,True,0.4562518493427238
paper_67304a9245b9d6c41626,T2_NUMERIC,15925,54,35.79351160044063,22.47630241785911,2,1518,380,True,0.4451392235883856
paper_c5b615402973f803a7b8,T2_NUMERIC,11004,4,25.50509594419838,23.178022486548873,4,1519,379,True,0.4562518493427238
paper_23bd7483f03e3dc47e65,T2_NUMERIC,10461,16,22.56733089099273,21.572823717610866,3,1519,379,True,0.42311072891719326
paper_cc6a2028eec5a9992a53,T2_NUMERIC,12447,40,19.151767147101936,15.386653126939773,3,1519,379,True,0.42311072891719326
paper_5c5468e8db87cf4687b4,T2_NUMERIC,3377,2,5.6607466211667745,16.762649159510733,2,1518,380,True,0.4451392235883856
paper_497c880f073700a9f3b6,T2_NUMERIC,17276,26,33.87793773929328,19.60982735546034,0,1518,380,True,0.4307206353288397
paper_6c857c7f5b054f3ce2d8,T2_NUMERIC,7057,20,15.894467021765363,22.52298005068069,0,1518,380,True,0.4307206353288397
paper_8f520ff7860cf53ac854,T2_NUMERIC,13880,37,30.938068456436117,22.28967468042948,1,1518,380,True,0.46596178274885836
paper_5e4f95cfed598276c079,T2_NUMERIC,11993,10,20.6092276943332,17.184380633980822,3,1519,379,True,0.42311072891719326
paper_37194af53f35694697e8,T2_NUMERIC,6391,30,14.947701659999115,23.388674166795674,1,1518,380,True,0.46596178274885836
paper_b3ceb4a520b9f342d813,T2_NUMERIC,11503,35,21.502544079332804,18.69298798516283,1,1518,380,True,0.46596178274885836
paper_0ed9f754b3e6923e604c,T2_NUMERIC,6918,23,12.204598122579098,17.641801275772043,2,1518,380,True,0.4451392235883856
paper_9b30186cd2607b9088db,T2_NUMERIC,4789,3,8.675353222336904,18.115166469694934,2,1518,380,True,0.4451392235883856
paper_ac4bfb5f517ae06eb2b2,T2_NUMERIC,6788,12,14.908496036995032,21.963017143481192,3,1519,379,True,0.42311072891719326
paper_60f5f94262dd41f89bd9,T2_NUMERIC,10474,23,23.293332915994576,22.23919506969121,2,1518,380,True,0.4451392235883856
paper_c3ba08e6e7ad226f7d60,T2_NUMERIC,14648,8,30.0497525460056,20.514577106776077,2,1518,380,True,0.4451392235883856
paper_d3384a041b7bca380507,T2_NUMERIC,6765,15,14.39338792289043,21.276257092225322,4,1519,379,True,0.4562518493427238
paper_4cbcef64f6b0ab42d544,T2_NUMERIC,9339,11,19.66885864244848,21.06099008721328,4,1519,379,True,0.4562518493427238
paper_dac18f93f70a297cc71f,T2_NUMERIC,7748,9,18.040365965176267,23.283900316438135,3,1519,379,True,0.42311072891719326
paper_71526057ddf6ed98608d,T2_NUMERIC,9830,36,20.041832541545208,20.38843595274182,2,1518,380,True,0.4451392235883856
paper_19bccdea426791268379,T2_NUMERIC,8184,3,12.516642040480601,15.294039638905915,1,1518,380,True,0.46596178274885836
paper_879cd01f80e1e8f539ed,T2_NUMERIC,20043,37,46.38444448127411,23.142465938868487,2,1518,380,True,0.4451392235883856
paper_3c84f02b8eaced276e0a,T2_NUMERIC,8249,37,19.882949281286006,24.10346621564554,1,1518,380,True,0.46596178274885836
paper_3b5376f517a21dde4409,T2_NUMERIC,11881,52,25.50824197653422,21.469776935051108,0,1518,380,True,0.4307206353288397
paper_f2df7ccb209401340a47,T2_NUMERIC,14098,10,25.3654800554787,17.99225425980898,2,1518,380,True,0.4451392235883856
paper_76556fecca66ba0e9e6a,T2_NUMERIC,6579,22,13.151969891445944,19.990834308323368,1,1518,380,True,0.46596178274885836
paper_16e3b97c39963ad0d408,T2_NUMERIC,6328,8,13.800138788635396,21.80805750416466,2,1518,380,True,0.4451392235883856
paper_21f15a45a92ab9eac758,T2_NUMERIC,11671,35,25.488508482399215,21.839181289006266,3,1519,379,True,0.42311072891719326
paper_79d78e8d8151207b6cdd,T2_NUMERIC,10881,9,19.255464098935736,17.69641034733548,1,1518,380,True,0.46596178274885836
paper_1162d660a2adeef19f80,T2_NUMERIC,7771,10,18.670103620234627,24.025355321367428,1,1518,380,True,0.46596178274885836
paper_ef887352855c8b0457da,T2_NUMERIC,9286,14,13.502120079071588,14.540297306775349,3,1519,379,True,0.42311072891719326
paper_77c64d4a9868be28d5b9,T2_NUMERIC,8177,9,15.643195809386874,19.13072741761878,3,1519,379,True,0.42311072891719326
paper_0f02388cc6596059d73d,T2_NUMERIC,13983,22,33.72991017289452,24.12208408273941,3,1519,379,True,0.42311072891719326
paper_cbd6f37a37686d0e5adc,T2_NUMERIC,9926,20,21.122405810346947,21.279876899402524,0,1518,380,True,0.4307206353288397
paper_6afa673dc4b47dad1ddc,T2_NUMERIC,15805,25,32.78608767689246,20.74412380695505,3,1519,379,True,0.42311072891719326
paper_f1d1c455ef7cbe17c485,T2_NUMERIC,9145,10,18.60471041530547,20.344133860366835,1,1518,380,True,0.46596178274885836
paper_a7848c6c4a9124568eeb,T2_NUMERIC,13439,17,27.33763091965747,20.342012738788206,3,1519,379,True,0.42311072891719326
paper_8bd9081f061e68e47e08,T2_NUMERIC,13119,1,24.355296129084767,18.564902911109662,0,1518,380,True,0.4307206353288397
paper_47d103fcb7d4e1006600,T2_NUMERIC,8100,11,19.27291554667312,23.793722897127306,4,1519,379,True,0.4562518493427238
paper_7734cbe4a04d563059d5,T2_NUMERIC,9922,5,19.963083620556183,20.120019774799623,0,1518,380,True,0.4307206353288397
paper_d29c71e3e69f4f648307,T2_NUMERIC,10656,11,18.32363038472643,17.195599084765792,1,1518,380,True,0.46596178274885836
paper_3be124ecfb9b58037f0f,T2_NUMERIC,4633,2,9.404961055986476,20.29993752641156,3,1519,379,True,0.42311072891719326
paper_9fabce227dfc07a77111,T2_NUMERIC,9665,16,22.40939119131552,23.18612642660685,4,1519,379,True,0.4562518493427238
paper_32f9f4fea8cbf3bf5a54,T2_NUMERIC,12023,43,18.42908756295774,15.328193930764153,4,1519,379,True,0.4562518493427238
paper_ee3d57081101cfdd36c4,T2_NUMERIC,10704,14,24.971693578888754,23.32931014470175,1,1518,380,True,0.46596178274885836
paper_6fe4ed2ca1bcadc2abc6,T2_NUMERIC,18945,6,38.13619186746972,20.1299508405752,1,1518,380,True,0.46596178274885836
paper_ed1226d165d2ad665a0d,T2_NUMERIC,8775,18,21.00716070556148,23.93978427984214,0,1518,380,True,0.4307206353288397
paper_e1e31b9c839d71af8b7b,T2_NUMERIC,5733,1,12.160468823819823,21.21135325975898,4,1519,379,True,0.4562518493427238
paper_81aa2b919d1c92a07a7d,T2_NUMERIC,10207,12,21.32649365867062,20.893988104899208,4,1519,379,True,0.4562518493427238
paper_d97c78f84fbbd25fd681,T2_NUMERIC,10115,5,22.4283159470334,22.173322735574295,3,1519,379,True,0.42311072891719326
paper_feb0bfac9268de917c23,T2_NUMERIC,7994,3,15.857629641867486,19.83691473838815,1,1518,380,True,0.46596178274885836
paper_9fe3574541257f9f6861,T2_NUMERIC,7943,14,16.529933880379886,20.81069354196133,1,1518,380,True,0.46596178274885836
paper_6bd65aee24acf9ac5556,T2_NUMERIC,8064,7,15.633989059794203,19.387387226927334,0,1518,380,True,0.4307206353288397
paper_b06cab9034f967174a3b,T2_NUMERIC,5793,21,12.006185286802031,20.725332792684327,4,1519,379,True,0.4562518493427238
paper_0bdee45a81a51102cccb,T2_NUMERIC,8432,23,12.931006727861993,15.33563416492172,0,1518,380,True,0.4307206353288397
paper_e34faad0d80e3ef8c772,T2_NUMERIC,7424,2,13.424400247805275,18.08243567861702,3,1519,379,True,0.42311072891719326
paper_2f00f47594081b2b7cf2,T2_NUMERIC,8033,4,18.848653057088345,23.4640272091228,0,1518,380,True,0.4307206353288397
paper_036120c861457dcce7d9,T2_NUMERIC,8775,21,18.007683227639628,20.52157632779445,4,1519,379,True,0.4562518493427238
paper_4195a2042ff23fd32be7,T2_NUMERIC,11193,21,26.88004198090953,24.015046887259476,1,1518,380,True,0.46596178274885836
paper_02b80fd6fb30dabc0c60,T2_NUMERIC,14260,27,33.11442279470955,23.22189536795901,2,1518,380,True,0.4451392235883856
paper_8700bcc123dc5d3b937a,T2_NUMERIC,13445,9,35.10937991991215,26.113335753002715,3,1519,379,True,0.42311072891719326
paper_86eceedcfd0d5b078898,T2_NUMERIC,8135,5,18.99628828873393,23.351307054374836,2,1518,380,True,0.4451392235883856
paper_731b7c2ef2e17c9e721c,T2_NUMERIC,7623,6,15.401876186116613,20.20448141954167,0,1518,380,True,0.4307206353288397
paper_63b2bcff2acd5cb805fc,T2_NUMERIC,6247,13,12.570234986568208,20.122034555095578,3,1519,379,True,0.42311072891719326
paper_9956e7467d861b09160c,T2_NUMERIC,14646,13,33.457655189713506,22.844227222254204,1,1518,380,True,0.46596178274885836
paper_2b7d8c45688607f3563c,T2_NUMERIC,11609,20,26.796614596393198,23.082620894472562,4,1519,379,True,0.4562518493427238
paper_f7fde946891c3a207f64,T2_NUMERIC,11993,11,18.449370823646145,15.383449365168135,3,1519,379,True,0.42311072891719326
paper_eee7ac052c3ad5dbac4d,T2_NUMERIC,4836,7,10.74107096575461,22.210651293950807,1,1518,380,True,0.46596178274885836
paper_f6efd567918cb5b94869,T2_NUMERIC,7254,29,16.04435203758378,22.117937741361704,4,1519,379,True,0.4562518493427238
paper_7cab5ff6b0a1500077e4,T2_NUMERIC,9532,6,16.814012973868206,17.63954361505267,2,1518,380,True,0.4451392235883856
paper_6f3d4a5d21e0ed96c7f4,T2_NUMERIC,7559,5,17.356159502939228,22.960920099139077,2,1518,380,True,0.4451392235883856
paper_87d385a369082cfa04ea,T2_NUMERIC,9745,15,18.53347651116621,19.018446907302422,1,1518,380,True,0.46596178274885836
paper_b0b7e2f9a369dc5982ed,T2_NUMERIC,6924,18,16.14585141351421,23.318676218246985,1,1518,380,True,0.46596178274885836
paper_bc8589e15444a333d1d8,T2_NUMERIC,9279,3,20.00322470215318,21.557522041333314,2,1518,380,True,0.4451392235883856
paper_df2d25df8f7320c47544,T2_NUMERIC,8859,11,20.47375267716641,23.110681428114244,4,1519,379,True,0.4562518493427238
paper_76b794811fee9ac07dd8,T2_NUMERIC,7338,3,12.2900469003493,16.748496729830062,3,1519,379,True,0.42311072891719326
paper_220a124e6cb07f9f4a46,T2_NUMERIC,9560,11,21.401792338429452,22.386812069486876,2,1518,380,True,0.4451392235883856
paper_171bbac0ef4b02866477,T2_NUMERIC,11446,26,26.724495743525644,23.34832757603149,1,1518,380,True,0.46596178274885836
paper_0c8fe79b1c0c17ae6ae2,T2_NUMERIC,9343,8,19.178122077668036,20.526728114811128,1,1518,380,True,0.46596178274885836
paper_8ccd91a72bef8f3d8945,T2_NUMERIC,14390,38,27.946055545307164,19.420469454695734,0,1518,380,True,0.4307206353288397
paper_948904efc93d1fe78090,T2_NUMERIC,4685,5,10.10305912797718,21.564693976472103,4,1519,379,True,0.4562518493427238
paper_271e6a432146914f930d,T2_NUMERIC,8516,3,14.678587765824894,17.236481641410162,3,1519,379,True,0.42311072891719326
paper_a8b9d2de30458b3c694c,T2_NUMERIC,3265,8,7.265903268684853,22.253915064884694,3,1519,379,True,0.42311072891719326
paper_3f7b8d5f291072c7e8ae,T2_NUMERIC,5884,12,12.443743112010186,21.14844172673383,0,1518,380,True,0.4307206353288397
paper_b3ce66ab9cba7e56108e,T2_NUMERIC,9426,34,23.30223222434086,24.721230876661213,0,1518,380,True,0.4307206353288397
paper_d8ce8ef02100897f6cfe,T2_NUMERIC,1882,1,2.729889036544756,14.505255242001892,4,1519,379,True,0.4562518493427238
paper_31b1f115b8cc596da7d4,T2_NUMERIC,7246,8,14.745886041127514,20.35038095656571,3,1519,379,True,0.42311072891719326
paper_a15261b81ed3632a5f9e,T2_NUMERIC,4500,7,10.335182062844146,22.967071250764768,2,1518,380,True,0.4451392235883856
paper_bb31a3dfe6fe9c189420,T2_NUMERIC,5212,6,12.091496537634898,23.19934101618361,1,1518,380,True,0.46596178274885836
paper_d873ca85f16991a1f582,T2_NUMERIC,6958,8,16.876871646758268,24.255348730609757,0,1518,380,True,0.4307206353288397
paper_5e71184447da7eeffdaf,T2_NUMERIC,11219,36,20.366044458377647,18.15317270556881,3,1519,379,True,0.42311072891719326
paper_07be32614e4c5b81b70e,T2_NUMERIC,11213,33,25.603931901515665,22.834149559899817,4,1519,379,True,0.4562518493427238
paper_aadc9a2a8ea2dc22b12f,T2_NUMERIC,7264,29,13.870035195099886,19.09421144699874,3,1519,379,True,0.42311072891719326
paper_a51cb7e71e8b1382154c,T2_NUMERIC,15331,2,32.79583152443219,21.391841056964445,3,1519,379,True,0.42311072891719326
paper_54ae55245e1f6a0c207d,T2_NUMERIC,5669,6,14.001777039504326,24.698848191046615,0,1518,380,True,0.4307206353288397
paper_49ff3e4d6de323f6d710,T2_NUMERIC,21795,34,48.50720874636674,22.256117800581208,4,1519,379,True,0.4562518493427238
paper_0c8802876de96d138888,T2_NUMERIC,16949,38,34.786181101541345,20.52403156619349,0,1518,380,True,0.4307206353288397
paper_e64e81499208b440427e,T2_NUMERIC,12357,28,27.114778038274938,21.94284861881924,3,1519,379,True,0.42311072891719326
paper_6989930cb7a4da8113ac,T2_NUMERIC,114,0,0.17633872977217244,15.468309629137933,1,1518,380,True,0.46596178274885836
paper_b5bada64764fec60bada,T2_NUMERIC,9207,26,20.220062734734952,21.96161913189416,2,1518,380,True,0.4451392235883856
paper_0f49cd856d017836aa53,T2_NUMERIC,18355,76,41.42766660036712,22.570235140488762,4,1519,379,True,0.4562518493427238
paper_e8f2202196b5a57d4e54,T2_NUMERIC,15624,49,32.39218790694805,20.732327129383034,4,1519,379,True,0.4562518493427238
paper_83b203869902df0cf6a7,T2_NUMERIC,15255,26,27.628946772164863,18.111403980442386,2,1518,380,True,0.4451392235883856
paper_aeda8fb50291efef0433,T2_NUMERIC,7436,18,17.116304761187962,23.018161324889675,1,1518,380,True,0.46596178274885836
paper_2fcc3dcbe371ec40710f,T2_NUMERIC,10330,18,23.89125913239874,23.128034010066546,1,1518,380,True,0.46596178274885836
paper_1f775b57bd412a071844,T2_NUMERIC,12792,18,27.171528232873122,21.24103207698024,3,1519,379,True,0.42311072891719326
paper_f3571f86c75e5b1d0753,T2_NUMERIC,8037,36,17.629126008856492,21.934958328799915,1,1518,380,True,0.46596178274885836
paper_1bf35d19faa763dc9570,T2_NUMERIC,10824,25,24.21375195569181,22.370428636078906,1,1518,380,True,0.46596178274885836
paper_97aa61ef09c6239ca708,T2_NUMERIC,9270,8,14.192803944509965,15.310468117054977,1,1518,380,True,0.46596178274885836
paper_0d68ecbef45f9fc8cf90,T2_NUMERIC,9281,15,19.047347962179245,20.522947917443428,2,1518,380,True,0.4451392235883856
paper_ff168db638406d844444,T2_NUMERIC,6244,13,14.23143938870569,22.792183518106487,0,1518,380,True,0.4307206353288397
paper_084253dae7a7f19e544f,T2_NUMERIC,11685,46,26.576296547573772,22.743942274346402,2,1518,380,True,0.4451392235883856
paper_cd2731529183196f2bcf,T2_NUMERIC,18940,67,37.00333072380373,19.537133433898486,3,1519,379,True,0.42311072891719326
paper_6202a5d0ab54e3b90fed,T2_NUMERIC,10776,11,23.98822387426899,22.260786817250363,1,1518,380,True,0.46596178274885836
paper_3e108b41eee96bc84a73,T2_NUMERIC,11714,4,26.380369075679617,22.52037653720302,1,1518,380,True,0.46596178274885836
paper_7d92fa5aee2c2b1e19aa,T2_NUMERIC,15770,52,31.70686753367964,20.105813274368828,4,1519,379,True,0.4562518493427238
paper_0e0cbfc9d57327230fa0,T2_NUMERIC,13393,15,28.78143746564278,21.48991074863196,2,1518,380,True,0.4451392235883856
paper_51baf8f76a84b0eddc34,T2_NUMERIC,5950,0,15.063452972205852,25.316727684379583,0,1518,380,True,0.4307206353288397
paper_032e8214e52833140c11,T2_NUMERIC,6730,15,14.347914480760213,21.31933801004489,0,1518,380,True,0.4307206353288397
paper_411c20623e599b3bc130,T2_NUMERIC,11402,19,24.6417075613462,21.611741414967724,2,1518,380,True,0.4451392235883856
paper_370c6c87bd925031a235,T2_NUMERIC,8490,20,13.875699687606646,16.343580315202175,0,1518,380,True,0.4307206353288397
paper_671daf0e5afd51aed570,T2_NUMERIC,10705,51,23.792829241371045,22.225903074610972,0,1518,380,True,0.4307206353288397
paper_5093d6ac5a8e5e472584,T2_NUMERIC,8283,15,19.661362335727798,23.73700632105251,1,1518,380,True,0.46596178274885836
paper_dc139c5a1965f0979f7c,T2_NUMERIC,6485,9,15.8011321517503,24.365662531611875,0,1518,380,True,0.4307206353288397
paper_258756920680bd1f8b41,T2_NUMERIC,14590,26,32.70976391656225,22.41930357543677,1,1518,380,True,0.46596178274885836
paper_7ed3f77231ae842e5419,T2_NUMERIC,9259,6,20.968248482181966,22.64634245834536,0,1518,380,True,0.4307206353288397
paper_ccb8776b7ca226009209,T2_NUMERIC,8739,2,17.02032479832122,19.47628424112738,3,1519,379,True,0.42311072891719326
paper_b4a526f4cf31b7731a13,T2_NUMERIC,21208,70,46.40803319180492,21.882324213412353,0,1518,380,True,0.4307206353288397
paper_521a166cf33467abb4c9,T2_NUMERIC,8722,9,18.087918517047346,20.73826933850877,3,1519,379,True,0.42311072891719326
paper_c2594824199f77cecb79,T2_NUMERIC,14248,8,25.11688719019006,17.628359903277694,1,1518,380,True,0.46596178274885836
paper_32ebfbcf6213e6953708,T2_NUMERIC,13727,34,32.615309507423234,23.759969044527743,1,1518,380,True,0.46596178274885836
paper_3b2a3ac61ac3077a0fa9,T2_NUMERIC,12241,24,28.46751315056653,23.255872192277206,4,1519,379,True,0.4562518493427238
paper_cbcccf219bd7c6074e8f,T2_NUMERIC,8003,59,16.408558399708422,20.503009371121358,3,1519,379,True,0.42311072891719326
paper_d552f1c82ca1263f1680,T2_NUMERIC,10846,47,21.386642841729145,19.718461037921028,1,1518,380,True,0.46596178274885836
paper_e52784c744c30f66d9a7,T2_NUMERIC,5107,14,9.940805024555152,19.465057811934894,2,1518,380,True,0.4451392235883856
paper_4df470ebcfb07bebccac,T2_NUMERIC,6649,17,15.653718324905975,23.542966348181643,0,1518,380,True,0.4307206353288397
paper_ab042b6e501f115d6d6f,T2_NUMERIC,6925,6,13.379371543229317,19.32039212018674,0,1518,380,True,0.4307206353288397
paper_ca020b57ac7dedaa6980,T2_NUMERIC,1517,2,3.2345455712927893,21.32198794523922,0,1518,380,True,0.4307206353288397
paper_f9250f94ee2f5138280a,T2_NUMERIC,238,0,0.42986614437987725,18.061602705036858,0,1518,380,True,0.4307206353288397
paper_a6d918b77d863d08418c,T2_NUMERIC,8178,9,13.85246185644041,16.938691436097347,0,1518,380,True,0.4307206353288397
paper_14fb686f8386f271498e,T2_NUMERIC,6697,5,11.500968711458764,17.173314486275594,2,1518,380,True,0.4451392235883856
paper_2409eb94a07222c8a7f7,T2_NUMERIC,7201,6,16.266487583058517,22.589206475570776,4,1519,379,True,0.4562518493427238
paper_52b24e4b78c3befdc508,T2_NUMERIC,9461,34,18.458187522653535,19.509763790987776,3,1519,379,True,0.42311072891719326
paper_f3358996f1aa09154e84,T2_NUMERIC,18297,32,42.60342144281142,23.28437527617173,3,1519,379,True,0.42311072891719326
paper_b21deff1690bf3cd4ac7,T2_NUMERIC,11728,34,26.14104901603102,22.289434699890023,4,1519,379,True,0.4562518493427238
paper_8c5d90b4ef3df0a6a79f,T2_NUMERIC,10919,6,17.66529832470312,16.17849466499049,4,1519,379,True,0.4562518493427238
paper_05fdb731d19762a40d46,T2_NUMERIC,15582,12,35.36391372398411,22.695362420731684,2,1518,380,True,0.4451392235883856
paper_3221ea8e544091c11728,T2_NUMERIC,11728,39,27.155280441008408,23.154229571119036,1,1518,380,True,0.46596178274885836
paper_9fd0e80083842c681e91,T2_NUMERIC,7268,7,16.88479260711719,23.231690433567955,1,1518,380,True,0.46596178274885836
paper_fd4964ad03a73958b3ca,T2_NUMERIC,16919,23,38.8992311740983,22.991448179028488,4,1519,379,True,0.4562518493427238
paper_84ae166a6d4c6be26c91,T2_NUMERIC,7746,12,14.974944384964935,19.332486941602035,3,1519,379,True,0.42311072891719326
paper_cd430a12c79af147592a,T2_NUMERIC,9798,7,20.577340703177,21.001572467010615,4,1519,379,True,0.4562518493427238
paper_3ef9619ba41324120800,T2_NUMERIC,5493,5,12.630646474789671,22.99407696120457,4,1519,379,True,0.4562518493427238
paper_29631482265a23ae9c5c,T2_NUMERIC,9080,16,19.987384916817785,22.01253845464514,3,1519,379,True,0.42311072891719326
paper_370b9de0cafa2df70ca1,T2_NUMERIC,13238,51,26.170498222509657,19.769223615734745,3,1519,379,True,0.42311072891719326
paper_76d56f818459dd754d2d,T2_NUMERIC,17175,17,30.922606917908706,18.004429064284544,3,1519,379,True,0.42311072891719326
paper_e6e9f5edbec363fa18b1,T2_NUMERIC,10672,13,24.29340286025915,22.763683339823043,0,1518,380,True,0.4307206353288397
paper_193327cc5732fd3d01e5,T2_NUMERIC,10134,12,22.780617100687802,22.479393231387213,3,1519,379,True,0.42311072891719326
paper_4135aaa949a7342e60c0,T2_NUMERIC,6174,11,14.344006594555374,23.232922893675696,1,1518,380,True,0.46596178274885836
paper_c98ae0a78fde0cd2da77,T2_NUMERIC,9682,4,18.559124183528358,19.168688477100144,2,1518,380,True,0.4451392235883856
paper_c9545a7faa3c0ccf935f,T2_NUMERIC,7236,10,14.224872467120719,19.658474940741733,0,1518,380,True,0.4307206353288397
paper_548eae53a7c4d329ddbe,T2_NUMERIC,2464,5,4.2763545896344715,17.355335185204837,3,1519,379,True,0.42311072891719326
paper_7d409e51f42cd8ac656c,T2_NUMERIC,17499,36,37.05386112570084,21.1748449201102,3,1519,379,True,0.42311072891719326
paper_fcaf441cb221e2b6404c,T2_NUMERIC,8236,8,14.416142556462148,17.50381563436395,0,1518,380,True,0.4307206353288397
paper_1c8a84b0f4b0a4180368,T2_NUMERIC,3693,7,8.164962941864447,22.10929580791889,2,1518,380,True,0.4451392235883856
paper_7ae0d732d9684142659c,T2_NUMERIC,9408,6,19.414775205129384,20.636453236744668,3,1519,379,True,0.42311072891719326
paper_28bff144273ff621c448,T2_NUMERIC,7299,35,14.198256318308408,19.452330892325534,2,1518,380,True,0.4451392235883856
paper_5ab28f5a2e15505dcc9f,T2_NUMERIC,19479,10,41.4240414441446,21.266000022662663,0,1518,380,True,0.4307206353288397
paper_3295a2bd0d56c34fbcbc,T2_NUMERIC,7923,19,18.16755080244828,22.930141111256187,1,1518,380,True,0.46596178274885836
paper_ce1163eb5c6947b3d79a,T2_NUMERIC,7112,11,14.875444670300086,20.915979570163223,4,1519,379,True,0.4562518493427238
paper_47cebef9e3b773142526,T2_NUMERIC,11597,8,27.89406937331982,24.052832088746936,0,1518,380,True,0.4307206353288397
paper_bb625ee9c2bceed76e9a,T2_NUMERIC,69097,143,123.16563813998853,17.825034102781384,2,1518,380,True,0.4451392235883856
paper_da0c94aa9e114e114416,T2_NUMERIC,8528,9,17.4809767685627,20.49833110760167,2,1518,380,True,0.4451392235883856
paper_aa20e44800f1e436506d,T2_NUMERIC,11676,36,22.703951538079107,19.44497391065357,0,1518,380,True,0.4307206353288397
paper_54666dff53c384cd7509,T2_NUMERIC,8162,4,13.888600734731549,17.01617340692422,3,1519,379,True,0.42311072891719326
paper_2e9beb932d845574047d,T2_NUMERIC,20825,21,39.9028248230933,19.161020323214068,0,1518,380,True,0.4307206353288397
paper_80d6bc43930afa567587,T2_NUMERIC,8062,16,18.814992080176793,23.337871595356976,1,1518,380,True,0.46596178274885836
paper_bf3e76e2793a39a4b709,T2_NUMERIC,7976,15,18.550667725960736,23.25810898440413,4,1519,379,True,0.4562518493427238
paper_1167812faa33b036641b,T2_NUMERIC,15309,48,35.55782247600107,23.22674405643809,2,1518,380,True,0.4451392235883856
paper_33864a2cb500270f3094,T2_NUMERIC,7098,44,14.676877037191298,20.677482441802336,1,1518,380,True,0.46596178274885836
paper_ba433bd4c40e62df3c5d,T2_NUMERIC,17346,22,43.33299704208653,24.981550237568623,2,1518,380,True,0.4451392235883856
paper_e6ae6ab9fb979351c1c2,T2_NUMERIC,26173,64,61.12962379351839,23.355986624964043,0,1518,380,True,0.4307206353288397
paper_c8d9f103a73fcd2c159c,T2_NUMERIC,7315,15,12.598534553125944,17.222877037766157,1,1518,380,True,0.46596178274885836
paper_c25c9260ec4470115f16,T2_NUMERIC,8562,5,19.78034392786656,23.10248064455333,0,1518,380,True,0.4307206353288397
paper_336f39b2c3d001757e43,T2_NUMERIC,12013,54,25.408690478296364,21.15099515383032,3,1519,379,True,0.42311072891719326
paper_5b949d20881bc4e7c88c,T2_NUMERIC,8797,27,17.274507642064904,19.636816689854385,2,1518,380,True,0.4451392235883856
paper_edf34128fd562d5d7109,T2_NUMERIC,22557,40,49.83314944089639,22.092099765437066,4,1519,379,True,0.4562518493427238
paper_abdcf3b1f6f194333726,T2_NUMERIC,11488,23,22.8710327278003,19.908628767235637,1,1518,380,True,0.46596178274885836
paper_3b2abe7e7bc9f7b43e93,T2_NUMERIC,8119,1,18.62234210160669,22.936743566457313,0,1518,380,True,0.4307206353288397
paper_549aa7ce2cd5af73eae3,T2_NUMERIC,7567,6,17.75357311216364,23.461838393238587,1,1518,380,True,0.46596178274885836
paper_a448b4f3a849af9cad96,T2_NUMERIC,7311,24,14.094829105970476,19.27893462723359,2,1518,380,True,0.4451392235883856
paper_4fed03efeda4fa16bd81,T2_NUMERIC,5231,10,12.655288965524832,24.19286745464506,2,1518,380,True,0.4451392235883856
paper_bd619f98e12bc77de895,T2_NUMERIC,8284,1,14.89240946642524,17.977317076804972,3,1519,379,True,0.42311072891719326
paper_946d4c2b5781949689cf,T2_NUMERIC,26793,59,49.82857675555069,18.59761010545691,0,1518,380,True,0.4307206353288397
paper_c8ae2c8db4e9cbb06f0f,T2_NUMERIC,7498,10,19.28911438518295,25.72567936140697,0,1518,380,True,0.4307206353288397
paper_251b4f88a127f33a6cb0,T2_NUMERIC,5078,16,10.551656671191264,20.779158470246678,4,1519,379,True,0.4562518493427238
paper_e54c44f6cdbaf1703df1,T2_NUMERIC,15731,7,28.442196317006236,18.080348558264724,3,1519,379,True,0.42311072891719326
paper_d5790d4de02c6d16a74c,T2_NUMERIC,15306,34,33.99264106452363,22.208703165114095,0,1518,380,True,0.4307206353288397
paper_97d1708d31f33264aac8,T2_NUMERIC,9638,24,22.464814517206403,23.308585305256695,0,1518,380,True,0.4307206353288397
paper_871172d21a3f1d64dae1,T2_NUMERIC,8694,6,21.82758220153228,25.10648976481744,0,1518,380,True,0.4307206353288397
paper_767cf025ca3c15e068b9,T2_NUMERIC,6528,5,13.499902552740444,20.679997782997003,4,1519,379,True,0.4562518493427238
paper_fa3071671d8d8d7ea55e,T2_NUMERIC,11801,11,22.46447189208073,19.036074817456768,3,1519,379,True,0.42311072891719326
paper_c03332839fcde61801f7,T2_NUMERIC,9564,31,21.656381289716503,22.643644175780533,1,1518,380,True,0.46596178274885836
paper_79a8dbc19ba88ba81a45,T2_NUMERIC,6862,9,15.871361352009604,23.129352014004084,1,1518,380,True,0.46596178274885836
paper_06d9e29054e6f8bf85d7,T2_NUMERIC,14429,46,29.427294365309084,20.39454873193505,2,1518,380,True,0.4451392235883856
paper_4f264f36aaa27725d764,T2_NUMERIC,11107,16,24.286414319319594,21.865863256792647,1,1518,380,True,0.46596178274885836
paper_7bceba86105434cf9358,T2_NUMERIC,13424,64,32.33122969003193,24.084646670166816,3,1519,379,True,0.42311072891719326
paper_ad25c20e082aee8a3bb0,T2_NUMERIC,7527,13,17.350686461002567,23.051264064039547,3,1519,379,True,0.42311072891719326
paper_039afc3ac2b428627bdc,T2_NUMERIC,10588,6,25.23670015269617,23.835190926233633,1,1518,380,True,0.46596178274885836
paper_18308881e9c3b18abbd2,T2_NUMERIC,20290,6,35.59829194598808,17.544747139471703,1,1518,380,True,0.46596178274885836
paper_48bccddb5fea3ee0728e,T2_NUMERIC,10238,21,20.586878203240268,20.1083006478221,1,1518,380,True,0.46596178274885836
paper_dc40c15f69551a6bf4e6,T2_NUMERIC,6801,11,14.56376578576037,21.414153485899675,0,1518,380,True,0.4307206353288397
paper_ea154a917286952192b9,T2_NUMERIC,15254,15,32.930326339348895,21.587994191260584,4,1519,379,True,0.4562518493427238
paper_f45797a88c262068bdbc,T2_NUMERIC,9421,5,19.07913589945218,20.25170990282579,1,1518,380,True,0.46596178274885836
paper_6659f90299fc568992d1,T2_NUMERIC,13925,33,29.756759855881906,21.369306898299392,3,1519,379,True,0.42311072891719326
paper_0ea2cd3fac325b024b62,T2_NUMERIC,168,0,0.3088895513020403,18.38628281559764,0,1518,380,True,0.4307206353288397
paper_cfa2f8f1df2fc578c3b0,T2_NUMERIC,12029,22,27.52157246763411,22.8793519558019,3,1519,379,True,0.42311072891719326
paper_b2c27d42e1e30d194acc,T2_NUMERIC,6979,0,14.901600949345447,21.352057528794166,3,1519,379,True,0.42311072891719326
paper_7351e5743c7ecb5c6705,T2_NUMERIC,7958,7,18.244579573704634,22.926086420840203,1,1518,380,True,0.46596178274885836
paper_c81ade03bd3dfa0f3621,T2_NUMERIC,9981,5,14.892472914684815,14.920822477391859,1,1518,380,True,0.46596178274885836
paper_4a86ac22a2cab003d131,T2_NUMERIC,5811,4,12.968229829524672,22.316692186413135,2,1518,380,True,0.4451392235883856
paper_221f0c916ee0712cd55f,T2_NUMERIC,6996,14,13.963741038814124,19.959606973719445,1,1518,380,True,0.46596178274885836
paper_d8dac68269c10d6d1dde,T2_NUMERIC,14611,37,32.48754688348343,22.234992049471924,3,1519,379,True,0.42311072891719326
paper_09a5a6b8d7c4de7c9081,T2_NUMERIC,16301,28,35.693737903678326,21.896655360823463,4,1519,379,True,0.4562518493427238
paper_4da9480afde49d0b39b6,T2_NUMERIC,11242,22,25.458267075197586,22.645674324139463,4,1519,379,True,0.4562518493427238
paper_cff41dd1aa1859e689a1,T2_NUMERIC,12181,11,26.067055883228704,21.399766754148843,4,1519,379,True,0.4562518493427238
paper_fabf56942b601869800a,T2_NUMERIC,11456,42,26.363826923956452,23.013117077475954,0,1518,380,True,0.4307206353288397
paper_29263f13859eec1bb821,T2_NUMERIC,6365,17,14.103618977826583,22.158081661942788,3,1519,379,True,0.42311072891719326
paper_83a94f1c88011ed1464f,T2_NUMERIC,7683,8,14.268257468136685,18.57120586767758,3,1519,379,True,0.42311072891719326
paper_e4a88ba35e52ed489087,T2_NUMERIC,10473,23,21.352440208755606,20.388083842982535,0,1518,380,True,0.4307206353288397
paper_bddeaedeae51b7fcb2c8,T2_NUMERIC,9670,15,22.155924937515024,22.912021652032085,1,1518,380,True,0.46596178274885836
paper_7a826c8f7c43e414f7b9,T2_NUMERIC,11831,23,26.695131175732385,22.5637149655417,2,1518,380,True,0.4451392235883856
paper_0e88ed021065dcdb0f6f,T2_NUMERIC,11341,8,26.42659559783018,23.301821354228178,4,1519,379,True,0.4562518493427238
paper_2e5a03834a4cdece4a66,T2_NUMERIC,23736,120,53.76756576829679,22.652328011584423,2,1518,380,True,0.4451392235883856
paper_2a476df55e90e42ef6ba,T2_NUMERIC,7181,2,15.06449087227239,20.97826329518506,2,1518,380,True,0.4451392235883856
paper_96607ca46d3489528d72,T2_NUMERIC,13748,33,28.184355976106662,20.50069535649306,4,1519,379,True,0.4562518493427238
paper_5a8b33e0cd9c5fbb9e44,T2_NUMERIC,11868,21,25.435329552896437,21.431858403182034,4,1519,379,True,0.4562518493427238
paper_39dc0e0683b33639f89f,T2_NUMERIC,2465,2,5.629840643296548,22.8391101147933,3,1519,379,True,0.42311072891719326
paper_7aed1b3cc943a6faf148,T2_NUMERIC,8259,12,19.082061286471436,23.104566274938172,4,1519,379,True,0.4562518493427238
paper_66cbcc9c22c0c4d645cb,T2_NUMERIC,14398,28,33.31491963573857,23.138574549061378,1,1518,380,True,0.46596178274885836
paper_eadbe456d02d8029883b,T2_NUMERIC,11460,28,25.78375925111452,22.49891732208946,3,1519,379,True,0.42311072891719326
paper_97a174f50fd3871256b8,T2_NUMERIC,12758,46,29.857928516740785,23.40329872765385,4,1519,379,True,0.4562518493427238
paper_67c313239cd572c2d80c,T2_NUMERIC,6787,46,12.819307826647188,18.88803274885397,3,1519,379,True,0.42311072891719326
paper_035b8930770225ae28f0,T2_NUMERIC,9204,87,21.205887424627086,23.039860304896877,3,1519,379,True,0.42311072891719326
paper_dae165a535b6dc4f98ae,T2_NUMERIC,11384,22,26.116434634355876,22.941351576208604,1,1518,380,True,0.46596178274885836
paper_04e78ff55c7a3c70cd95,T2_NUMERIC,2106,4,4.686716937346154,22.254116511615166,0,1518,380,True,0.4307206353288397
paper_107db4c949cb026c7265,T2_NUMERIC,16828,52,38.08597597533945,22.632502956583938,3,1519,379,True,0.42311072891719326
paper_92f7aa793df6f3d49324,T2_NUMERIC,13006,9,25.777438514075442,19.819651325600063,3,1519,379,True,0.42311072891719326
paper_c9076bad50255c56eada,T2_NUMERIC,6561,10,12.934133460592053,19.713661729297442,1,1518,380,True,0.46596178274885836
paper_589682082d5f0b372030,T2_NUMERIC,10102,20,24.287211489001482,24.041983259752012,0,1518,380,True,0.4307206353288397
paper_760c24d74340c0ae9428,T2_NUMERIC,13474,63,24.735580238795652,18.358008192664133,1,1518,380,True,0.46596178274885836
paper_eaf2da6ea1a2e21f656c,T2_NUMERIC,9934,10,15.774015451099606,15.878815634285894,3,1519,379,True,0.42311072891719326
paper_44cbabd5ff4912873f2a,T2_NUMERIC,11760,26,26.181024844203222,22.262776228063966,1,1518,380,True,0.46596178274885836
paper_61dde0d2a2a09708c269,T2_NUMERIC,9204,24,16.633478020844084,18.07201001830083,4,1519,379,True,0.4562518493427238
paper_86d4e5c48ece62a7cf9a,T2_NUMERIC,5674,17,13.564696015884744,23.906760690667507,1,1518,380,True,0.46596178274885836
paper_de85797838101f695e9c,T2_NUMERIC,8704,6,20.627742457814897,23.69915263995278,1,1518,380,True,0.46596178274885836
paper_9246623437acdfc8b5d0,T2_NUMERIC,15005,24,33.14679502002435,22.09049984673399,2,1518,380,True,0.4451392235883856
paper_0ad5ab6898e68a978c7a,T2_NUMERIC,14124,14,30.904178602489868,21.880613567325025,1,1518,380,True,0.46596178274885836
paper_3172c8ea2d5c6256445f,T2_NUMERIC,12222,20,28.21367382428585,23.084334662318646,0,1518,380,True,0.4307206353288397
paper_cea263957c803c2be7ac,T2_NUMERIC,8212,27,18.841864446358944,22.944306437358673,4,1519,379,True,0.4562518493427238
paper_dcbc3ad5375a88e1fe9c,T2_NUMERIC,11031,44,23.92336906238478,21.687398297873973,3,1519,379,True,0.42311072891719326
paper_e39d02baf353eb3e35c5,T2_NUMERIC,10102,13,23.628330696047627,23.38975519307823,1,1518,380,True,0.46596178274885836
paper_c72db62816eabd2bd52f,T2_NUMERIC,8332,4,15.975755129077031,19.173973990730953,3,1519,379,True,0.42311072891719326
paper_b8eb563c7db860e38e67,T2_NUMERIC,11077,15,22.40616001694801,20.22764287889141,3,1519,379,True,0.42311072891719326
paper_fd1985c1b1a1d7237b89,T2_NUMERIC,6964,20,14.574896706609433,20.928915431662023,3,1519,379,True,0.42311072891719326
paper_75028984950c883d55ee,T2_NUMERIC,7962,28,14.594607665051711,18.330328642365878,2,1518,380,True,0.4451392235883856
paper_6df43c48214728454930,T2_NUMERIC,8609,4,16.101442622072515,18.70303475673425,0,1518,380,True,0.4307206353288397
paper_24573148cb822ffa73fc,T2_NUMERIC,9145,22,21.407339994787538,23.408791683747992,1,1518,380,True,0.46596178274885836
paper_36163f27241605cac35e,T2_NUMERIC,7743,7,18.708465807031388,24.161779422744917,0,1518,380,True,0.4307206353288397
paper_504184a15ef971f2ac16,T2_NUMERIC,10878,16,23.005534822767416,21.148680660753275,2,1518,380,True,0.4451392235883856
paper_0b4dfb06065388f00cfd,T2_NUMERIC,10182,14,20.720210289156594,20.34984314393694,0,1518,380,True,0.4307206353288397
paper_eddc5d22611e6979656e,T2_NUMERIC,7520,24,15.909316508349217,21.156005995145236,0,1518,380,True,0.4307206353288397
paper_f381f9a0a52c01466fef,T2_NUMERIC,10712,20,26.036059070936304,24.305506974361748,0,1518,380,True,0.4307206353288397
paper_9229ac9cd28f9c9cac4e,T2_NUMERIC,7646,16,14.887287951938497,19.47068787854891,2,1518,380,True,0.4451392235883856
paper_c43d2e0914f15b4a70e7,T2_NUMERIC,7975,11,15.360773171566171,19.261157581901156,0,1518,380,True,0.4307206353288397
paper_d1664d57746a7f6eaf35,T2_NUMERIC,7680,15,17.024984937293116,22.16794913710041,1,1518,380,True,0.46596178274885836
paper_f2b2b702187faab70aa4,T2_NUMERIC,9040,17,19.786145124211448,21.887328677225053,2,1518,380,True,0.4451392235883856
paper_bbd92f365edb3dfd4219,T2_NUMERIC,2507,6,5.564677942451031,22.196561397890033,2,1518,380,True,0.4451392235883856
paper_e1e0650c84865e3bd9e3,T2_NUMERIC,10667,5,25.471179778034504,23.87848483925612,1,1518,380,True,0.46596178274885836
paper_1457112dc99c723c0947,T2_NUMERIC,10472,12,23.689866288641323,22.622103025822504,2,1518,380,True,0.4451392235883856
paper_0c25091578b33f73c773,T2_NUMERIC,8695,1,17.486882460651387,20.111423186488082,4,1519,379,True,0.4562518493427238
paper_70ffd4046841d28a47f7,T2_NUMERIC,10740,6,24.473278341761244,22.787037562161306,1,1518,380,True,0.46596178274885836
paper_5de9ab0019c634acc05d,T2_NUMERIC,10779,7,22.24480881082169,20.63717303165571,4,1519,379,True,0.4562518493427238
paper_3136da065ab0bd3a0bbd,T2_NUMERIC,7761,0,15.795803860378363,20.35279456304389,1,1518,380,True,0.46596178274885836
paper_67263ac32429edb026a5,T2_NUMERIC,8122,10,13.033508854608028,16.047166774942166,4,1519,379,True,0.4562518493427238
paper_fb6e156c89bb2642278a,T2_NUMERIC,9030,28,18.826867437261868,20.849244116569068,4,1519,379,True,0.4562518493427238
paper_a60dc9019c65e5a1e08a,T2_NUMERIC,15099,19,34.198971973365026,22.649825798639,4,1519,379,True,0.4562518493427238
paper_e64d61732e6aa5e667ac,T2_NUMERIC,10999,23,20.948594496478982,19.045908261186455,3,1519,379,True,0.42311072891719326
paper_c937bb1393cbcef323d9,T2_NUMERIC,8208,24,20.382930892656226,24.833005473509047,0,1518,380,True,0.4307206353288397
paper_b90f1d01f87532c03ee1,T2_NUMERIC,15123,33,34.63733268459215,22.903744418827053,1,1518,380,True,0.46596178274885836
paper_f046f3ee54ac53d2c6d6,T2_NUMERIC,5941,15,13.772155220927448,23.18154388306253,2,1518,380,True,0.4451392235883856
paper_ceadc9933a3d9d4c5c07,T2_NUMERIC,9773,10,18.358378782930107,18.784793597595527,1,1518,380,True,0.46596178274885836
paper_62a7126dee11cf247e69,T2_NUMERIC,9469,18,19.016408730244773,20.082805713639004,4,1519,379,True,0.4562518493427238
paper_601bc12e30c57fc9e58d,T2_NUMERIC,11070,14,25.491296945245374,23.027368514223465,1,1518,380,True,0.46596178274885836
paper_62b3091e260a0767cfbd,T2_NUMERIC,21248,33,38.1053698843085,17.933626639828926,2,1518,380,True,0.4451392235883856
paper_a321253be2df8e289b95,T2_NUMERIC,4896,15,8.195936341761726,16.740066057519865,1,1518,380,True,0.46596178274885836
paper_fd9edcf09c6f7a17bc27,T2_NUMERIC,13161,16,30.760562715455084,23.372511750972635,0,1518,380,True,0.4307206353288397
paper_8fe005ac3249a086f07e,T2_NUMERIC,11010,2,22.84626693461932,20.75046951373235,3,1519,379,True,0.42311072891719326
paper_097b0c91630cda0fe909,T2_NUMERIC,8557,4,14.110269694440202,16.489739037560128,2,1518,380,True,0.4451392235883856
paper_206a17fb35940b06d973,T2_NUMERIC,8194,14,18.94803246262504,23.1242768643215,4,1519,379,True,0.4562518493427238
paper_b7fa48b6695b5e9f2773,T2_NUMERIC,9109,17,22.294159487356026,24.47487044390825,0,1518,380,True,0.4307206353288397
paper_21a73e1c5c35bd00e27a,T2_NUMERIC,7081,21,14.06834016769011,19.867730783349966,1,1518,380,True,0.46596178274885836
paper_1f58aa11b681339dc396,T2_NUMERIC,5832,37,14.452383978932437,24.781179662092654,0,1518,380,True,0.4307206353288397
paper_b7f475d19e86d7daf5fb,T2_NUMERIC,10299,16,23.12445042461301,22.453102655221873,2,1518,380,True,0.4451392235883856
paper_93cdac17023edefbaae6,T2_NUMERIC,11499,42,26.419426535212885,22.975412240379935,4,1519,379,True,0.4562518493427238
paper_03ff7e9def87a030b1a4,T2_NUMERIC,10752,13,22.355704444677553,20.79213583024326,2,1518,380,True,0.4451392235883856
paper_5cfd274b7e7db8058b35,T2_NUMERIC,19913,69,43.593963417383975,21.89221283452216,2,1518,380,True,0.4451392235883856
paper_c0fbf7e54518e5b9cde9,T2_NUMERIC,10969,31,19.87794785593341,18.12193258814241,2,1518,380,True,0.4451392235883856
paper_8395968a688a8ba84b76,T2_NUMERIC,8001,7,18.756910977131117,23.44320832037385,3,1519,379,True,0.42311072891719326
paper_3f0e855d24d6dc79c1e3,T2_NUMERIC,8613,13,17.178068567060773,19.944349897899425,2,1518,380,True,0.4451392235883856
paper_8276c05aeb5ae72750ba,T2_NUMERIC,16105,59,32.73549228810941,20.32629139280311,1,1518,380,True,0.46596178274885836
paper_ac38b317c822295aa2fe,T2_NUMERIC,12105,21,26.51505985312604,21.904221274784007,0,1518,380,True,0.4307206353288397
paper_ff9b82de434c6ec0f4b0,T2_NUMERIC,13210,54,26.572328159565515,20.115312762729385,3,1519,379,True,0.42311072891719326
paper_4776df45999b42cf21fe,T2_NUMERIC,11930,56,26.25250383053951,22.005451660133705,2,1518,380,True,0.4451392235883856
paper_eae7b7becf1729cff5bf,T2_NUMERIC,11463,5,27.18362750587758,23.71423493490149,2,1518,380,True,0.4451392235883856
paper_2235d89eca48310afdec,T2_NUMERIC,32378,47,79.85348815531185,24.6628847227475,3,1519,379,True,0.42311072891719326
paper_4e398d15480549230157,T2_NUMERIC,4201,7,9.89944534203497,23.564497362615974,3,1519,379,True,0.42311072891719326
paper_fea55ea95297375b89d0,T2_NUMERIC,13022,12,24.70633378708034,18.972764388788466,2,1518,380,True,0.4451392235883856
paper_08e189125eb0ab93ebb4,T2_NUMERIC,10437,49,23.667807681193125,22.67683020139228,3,1519,379,True,0.42311072891719326
paper_229253424b5d6f2ab1ff,T2_NUMERIC,10323,27,19.590137129651115,18.977174396639654,1,1518,380,True,0.46596178274885836
paper_080ae6d04b647d7d027e,T2_NUMERIC,14470,40,32.38216576082901,22.37882913671666,2,1518,380,True,0.4451392235883856
paper_6730bf81b0e9dacc6f71,T2_NUMERIC,7361,11,15.502354016701796,21.0601195716639,0,1518,380,True,0.4307206353288397
paper_4c896a644026ba361bbd,T2_NUMERIC,10613,27,23.505930454695797,22.148243149623855,0,1518,380,True,0.4307206353288397
paper_45bffc535c6c75f3735f,T2_NUMERIC,12725,70,30.24966336374281,23.77183761394327,0,1518,380,True,0.4307206353288397
paper_51ff80a848f0b02bf775,T2_NUMERIC,8915,7,17.750698112635863,19.91104667710136,0,1518,380,True,0.4307206353288397
paper_c24dcbeeaf0e0de9dae1,T2_NUMERIC,16782,31,41.635755021449235,24.809769408562293,0,1518,380,True,0.4307206353288397
paper_e11e60ccee21dc72faf4,T2_NUMERIC,6453,17,13.240394568689524,20.51820016843255,2,1518,380,True,0.4451392235883856
paper_6ffe7bc6827797347dff,T2_NUMERIC,6925,27,12.939485308713119,18.685177341101976,0,1518,380,True,0.4307206353288397
paper_f001ee95d934e85b0f40,T2_NUMERIC,10576,24,23.577216233895744,22.293131839916548,0,1518,380,True,0.4307206353288397
paper_1481b40c44e6e5e2973d,T2_NUMERIC,5495,25,13.322073223997155,24.243991308457062,2,1518,380,True,0.4451392235883856
paper_e5c1d63c115e58cfb9fd,T2_NUMERIC,3779,14,6.745295479471859,17.84941910418592,1,1518,380,True,0.46596178274885836
paper_432eedb7b5721b207e27,T2_NUMERIC,4852,6,6.958873287329281,14.342278003564058,3,1519,379,True,0.42311072891719326
paper_f34f3ae0a8d24052d913,T2_NUMERIC,3514,9,5.381125517716601,15.313390773240185,4,1519,379,True,0.4562518493427238
paper_ed031094b6d95c52f92a,T2_NUMERIC,8792,2,20.21783963202851,22.99572296636546,4,1519,379,True,0.4562518493427238
paper_011f61f82937545da1fe,T2_NUMERIC,6109,8,14.761298796406733,24.163199863163747,1,1518,380,True,0.46596178274885836
paper_dfbade9b3fbcc17ffa87,T2_NUMERIC,17954,39,37.686216411111346,20.990429102768932,2,1518,380,True,0.4451392235883856
paper_b16f7ad11db940b6d3fe,T2_NUMERIC,10454,22,23.610706468684967,22.585332378692332,4,1519,379,True,0.4562518493427238
paper_2a5e403c4e09f892efd2,T2_NUMERIC,9903,10,21.16068706045159,21.36795623594021,1,1518,380,True,0.46596178274885836
paper_60df40936b7a7b4cec2d,T2_NUMERIC,2134,1,4.618215026621652,21.641120087261722,1,1518,380,True,0.46596178274885836
paper_a1d177668f0455f920ff,T2_NUMERIC,11432,65,24.481042981299755,21.41448826215864,0,1518,380,True,0.4307206353288397
paper_b84af768b1c42e4027b0,T2_NUMERIC,20754,50,46.2928784691529,22.305521089502218,1,1518,380,True,0.46596178274885836
paper_b40cd8a118e16e0b2c43,T2_NUMERIC,9196,14,14.925208100716118,16.23010885245337,4,1519,379,True,0.4562518493427238
paper_36276ee9d44792005ff8,T2_NUMERIC,7149,13,14.067911470188802,19.67815284681606,2,1518,380,True,0.4451392235883856
paper_da2c1921900f7aaaf916,T2_NUMERIC,14103,34,32.31904861675585,22.916435238428594,2,1518,380,True,0.4451392235883856
paper_c982d4182089a90e2a96,T2_NUMERIC,13915,48,32.05380318220458,23.035431679629596,0,1518,380,True,0.4307206353288397
paper_0e4e39049e51e304947f,T2_NUMERIC,13560,44,31.20978044649347,23.016062276175123,2,1518,380,True,0.4451392235883856
paper_28b41abcd26dc4562ec3,T2_NUMERIC,11655,25,25.538493860088888,21.91204964400591,0,1518,380,True,0.4307206353288397
paper_4439274dcd1a1d9a2f30,T2_NUMERIC,6223,4,15.618175216137328,25.09750155252664,0,1518,380,True,0.4307206353288397
paper_85354c45900939f299a3,T2_NUMERIC,4247,35,8.076860043444922,19.01780090286066,1,1518,380,True,0.46596178274885836
paper_50eeb1ec2837eb632dc7,T2_NUMERIC,2677,6,4.351103795039343,16.25365631318395,4,1519,379,True,0.4562518493427238
paper_3c32c12bfdc4fe56f015,T2_NUMERIC,8861,47,20.16056822391551,22.752023726346362,3,1519,379,True,0.42311072891719326
paper_e2410e75ea19291fc9b1,T2_NUMERIC,13226,38,27.94972737455484,21.13241144303254,4,1519,379,True,0.4562518493427238
paper_44c900579a80dc2c3e19,T2_NUMERIC,6183,32,14.431564751677746,23.34071607905183,0,1518,380,True,0.4307206353288397
paper_cd26909a42762f438b18,T2_NUMERIC,5774,11,13.39737218063617,23.20293069039863,4,1519,379,True,0.4562518493427238
paper_13f3075b5e9303f024e0,T2_NUMERIC,6054,6,9.827180137669858,16.232540696514466,1,1518,380,True,0.46596178274885836
paper_5a3e71193efaa78970bc,T2_NUMERIC,10968,23,19.16772144143258,17.476040701524962,2,1518,380,True,0.4451392235883856
paper_2018ada7d8a5bf4f51a9,T2_NUMERIC,8666,19,17.295625186298604,19.958025832331646,0,1518,380,True,0.4307206353288397
paper_d4cdccfc8cc1d77cc1ce,T2_NUMERIC,9949,10,20.910496751164906,21.017686954633536,0,1518,380,True,0.4307206353288397
paper_d8d9c60f1a5d37b5fa89,T2_NUMERIC,5590,11,13.413925038561155,23.996288083293656,3,1519,379,True,0.42311072891719326
paper_8db0fa20c03e47048f72,T2_NUMERIC,9302,14,20.93908026826509,22.510299148855182,0,1518,380,True,0.4307206353288397
paper_2632347fc19d40ee9b79,T2_NUMERIC,7047,26,17.079776626969394,24.236947107945785,0,1518,380,True,0.4307206353288397
paper_4d0337b843a1c2be1c2d,T2_NUMERIC,4466,14,10.309560130401428,23.08455022481287,4,1519,379,True,0.4562518493427238
paper_da44c61204fbe98bc3c1,T2_NUMERIC,7525,6,16.659980413049606,22.139508854550975,0,1518,380,True,0.4307206353288397
paper_f378b66070e11c3c934c,T2_NUMERIC,11269,56,26.733747769036412,23.72326539092769,0,1518,380,True,0.4307206353288397
paper_856c1ecfc2baf6d7609d,T2_NUMERIC,9424,48,16.03850981915944,17.018792252928097,3,1519,379,True,0.42311072891719326
paper_2a6a270bb59934ec3ff6,T2_NUMERIC,7126,41,17.445847070368085,24.48196333197879,4,1519,379,True,0.4562518493427238
paper_ffb77e56b0c059fd6ad0,T2_NUMERIC,14040,21,30.689681815021753,21.858747731496976,2,1518,380,True,0.4451392235883856
paper_5082f5a8326bb484965e,T2_NUMERIC,9651,24,20.569912183328686,21.31376249438264,3,1519,379,True,0.42311072891719326
paper_a35c80746544bd19d98c,T2_NUMERIC,8522,35,20.1429406666474,23.636400688391696,2,1518,380,True,0.4451392235883856
paper_541aff79398df3a738ca,T2_NUMERIC,13396,24,29.370915574715053,21.925138529945546,2,1518,380,True,0.4451392235883856
paper_5fa986695e5c659dc0a1,T2_NUMERIC,10068,0,21.130827524722523,20.988108387686257,2,1518,380,True,0.4451392235883856
paper_b7bdbb67a7229301f7e6,T2_NUMERIC,1363,4,2.638217397510842,19.355960363249025,0,1518,380,True,0.4307206353288397
paper_b84fb59cde3e732acbea,T2_NUMERIC,9068,5,18.148293679217996,20.013557211312303,0,1518,380,True,0.4307206353288397
paper_5b91ddb71dd9fe4897d8,T2_NUMERIC,4723,29,10.350800780838249,21.915733179839613,0,1518,380,True,0.4307206353288397
paper_d5d65745a63e07efd9af,T2_NUMERIC,5922,6,13.318414648957248,22.48972416237293,2,1518,380,True,0.4451392235883856
paper_da0ac833f07a1de644ea,T2_NUMERIC,15775,17,36.17841005263057,22.934015881223818,1,1518,380,True,0.46596178274885836
paper_80494a124ca2656927e6,T2_NUMERIC,21283,22,50.51953780399964,23.737037919466072,1,1518,380,True,0.46596178274885836
paper_0048220346024fc71775,T2_NUMERIC,433,1,0.5819849023820429,13.440759870255032,1,1518,380,True,0.46596178274885836
paper_8c08bcd6a22c0c9d7824,T2_NUMERIC,12169,6,30.490116670777667,25.055564689602814,0,1518,380,True,0.4307206353288397
paper_c182b34bda7dc629ef5a,T2_NUMERIC,16682,24,30.32602003836859,18.17888744657031,0,1518,380,True,0.4307206353288397
paper_188b3bda72749a082373,T2_NUMERIC,8160,2,17.437358763616793,21.369312210314696,0,1518,380,True,0.4307206353288397
paper_9a54738a99b16009b844,T2_NUMERIC,4383,2,5.287035541057523,12.062595348066445,0,1518,380,True,0.4307206353288397
paper_2b56bf1fad41ce819b04,T2_NUMERIC,8181,23,15.002445182871949,18.3381557057474,2,1518,380,True,0.4451392235883856
paper_abd13107c8ccce629ec5,T2_NUMERIC,19289,38,34.347372690787566,17.806715065989717,1,1518,380,True,0.46596178274885836
paper_d5bb0856ca7695b7aedb,T2_NUMERIC,14482,25,27.237684123842502,18.807957549953393,3,1519,379,True,0.42311072891719326
paper_39426b4aef4770d93ed7,T2_NUMERIC,9658,4,18.751117237246984,19.415114140864553,3,1519,379,True,0.42311072891719326
paper_508d47a432d1765617f0,T2_NUMERIC,9452,21,18.485491058744124,19.557227104045836,2,1518,380,True,0.4451392235883856
paper_9e4aaa1c725080258723,T2_NUMERIC,4218,11,10.460520944900757,24.799717745141674,2,1518,380,True,0.4451392235883856
paper_523bf9cac06b97bc6deb,T2_NUMERIC,6675,18,15.559991092800692,23.31084807910216,1,1518,380,True,0.46596178274885836
paper_6dea042420858e16f3b7,T2_NUMERIC,11619,59,27.527726152071082,23.691992557079857,0,1518,380,True,0.4307206353288397
paper_33796061924f83a65de1,T2_NUMERIC,9788,29,14.30695206285475,14.616828834138486,3,1519,379,True,0.42311072891719326
paper_d5d538c7fe0f37513dcb,T2_NUMERIC,12206,42,28.12838113474405,23.04471664324435,0,1518,380,True,0.4307206353288397
paper_972c7d842da6c54a1bdd,T2_NUMERIC,5904,1,12.174653448778908,20.621025489124165,2,1518,380,True,0.4451392235883856
paper_3abdf6024514c9cd4dda,T2_NUMERIC,8430,1,19.88534088536894,23.5887792234507,0,1518,380,True,0.4307206353288397
paper_b98a5e3ea66600840019,T2_NUMERIC,19503,57,35.88878228641773,18.4016727100537,3,1519,379,True,0.42311072891719326
paper_8b6c41dd419735fe1e01,T2_NUMERIC,17728,18,22.388077263492125,12.628653691049259,0,1518,380,True,0.4307206353288397
paper_4a9d2bbe23f05d0a76c1,T2_NUMERIC,9936,28,23.216439622119253,23.3659819063197,1,1518,380,True,0.46596178274885836
paper_4877825c00e174f1190a,T2_NUMERIC,9428,10,16.247150187156496,17.23287037246128,3,1519,379,True,0.42311072891719326
paper_4b2d4a71a16ea1e9c2c7,T2_NUMERIC,12863,53,27.966882426337023,21.742114923685783,2,1518,380,True,0.4451392235883856
paper_80f3958782a73e783fe7,T2_NUMERIC,11815,26,18.70197634332104,15.829010870352128,4,1519,379,True,0.4562518493427238
paper_a94d2ad962132cfd24cc,T2_NUMERIC,18100,32,42.012979818771086,23.211591060094523,1,1518,380,True,0.46596178274885836
paper_14190b16a758f798b6d1,T2_NUMERIC,8923,36,11.98826195142018,13.435236973462041,0,1518,380,True,0.4307206353288397
paper_d3d3a3333226d651b3df,T2_NUMERIC,7596,16,18.214749139339396,23.97939591803501,3,1519,379,True,0.42311072891719326
paper_3322361c95f35e53a49e,T2_NUMERIC,10634,27,17.867968999092305,16.802679141519942,4,1519,379,True,0.4562518493427238
paper_37a7e2db9bbcaed1144d,T2_NUMERIC,9188,11,23.340807225045864,25.403577737315917,0,1518,380,True,0.4307206353288397
paper_230af28c059ff9e246b4,T2_NUMERIC,5207,5,9.629279841844403,18.492951491923183,1,1518,380,True,0.46596178274885836
paper_66ca7dab0efb8628c218,T2_NUMERIC,3621,17,7.658155011340691,21.149281997626876,3,1519,379,True,0.42311072891719326
paper_875f2d35bea8cececdda,T2_NUMERIC,16175,24,32.97097532866746,20.38391055868158,1,1518,380,True,0.46596178274885836
paper_7cf0443fbef6f4ce3e58,T2_NUMERIC,7756,21,17.613727477316413,22.709808506080986,2,1518,380,True,0.4451392235883856
paper_1818ec3ee88fcf4ec16b,T2_NUMERIC,7849,19,17.942994658142446,22.860230167081724,1,1518,380,True,0.46596178274885836
paper_950a799313e78c49d6cf,T2_NUMERIC,13351,35,19.95378009012985,14.945532237382857,3,1519,379,True,0.42311072891719326
paper_de0186321a16af47ce1d,T2_NUMERIC,12083,24,22.85273996171129,18.913134123736896,0,1518,380,True,0.4307206353288397
paper_e6eb31e0c696987f6709,T2_NUMERIC,11257,6,23.509095651000127,20.88397943590666,0,1518,380,True,0.4307206353288397
paper_a3c202485c7e887d701d,T2_NUMERIC,11332,42,26.64639836038328,23.514294352614968,0,1518,380,True,0.4307206353288397
paper_11881c3333b09bc1adce,T2_NUMERIC,11901,27,27.818376005197123,23.37482228820866,4,1519,379,True,0.4562518493427238
paper_991dda64ba793fd6aeef,T2_NUMERIC,19414,47,43.78718159239399,22.554435764084676,4,1519,379,True,0.4562518493427238
paper_344dbfc5c5b168e02b55,T2_NUMERIC,16312,30,37.83169910943475,23.19255708033028,4,1519,379,True,0.4562518493427238
paper_5089be4b16f8df84fd34,T2_NUMERIC,7723,1,13.18791779515001,17.076159258254577,2,1518,380,True,0.4451392235883856
paper_2cf89ece81e90cd3f910,T2_NUMERIC,19237,65,40.44216886420474,21.023116319698882,2,1518,380,True,0.4451392235883856
paper_974fb714ec6870c7868d,T2_NUMERIC,11849,33,26.083714570159007,22.013431150442237,3,1519,379,True,0.42311072891719326
paper_afdaabfe491a5a37749e,T2_NUMERIC,5327,12,9.508998058233518,17.850568909768196,0,1518,380,True,0.4307206353288397
paper_f72cb7936d3d0c3c3932,T2_NUMERIC,8949,4,14.453370368769297,16.150821732896745,3,1519,379,True,0.42311072891719326
paper_3ab5e2fd8b16c05e6645,T2_NUMERIC,8945,13,19.321175428052662,21.59997252996385,0,1518,380,True,0.4307206353288397
paper_b25069bc6310cf49e623,T2_NUMERIC,6157,2,14.467112993132735,23.49701639293931,2,1518,380,True,0.4451392235883856
paper_cfd4f1c04166827fa544,T2_NUMERIC,6753,14,15.854615013759698,23.477883923826,3,1519,379,True,0.42311072891719326
paper_c574d39da9fc52993a06,T2_NUMERIC,11810,16,21.93807403168787,18.57584592014214,1,1518,380,True,0.46596178274885836
paper_dec9806686f61d51f992,T2_NUMERIC,12347,17,30.719765589447746,24.880347930224143,0,1518,380,True,0.4307206353288397
paper_2e5b0db9629fafc6d581,T2_NUMERIC,14971,55,22.862456742757352,15.27116207518359,1,1518,380,True,0.46596178274885836
paper_aa2f168ca67d747b5fe8,T2_NUMERIC,10335,23,20.67721493670181,20.006981070829035,1,1518,380,True,0.46596178274885836
paper_cf6b5a4b3b503636aee2,T2_NUMERIC,5355,24,12.135640008050261,22.662259585528034,2,1518,380,True,0.4451392235883856
paper_54e19b6fae0955d86c32,T2_NUMERIC,7052,8,10.129797698981967,14.364432358170683,4,1519,379,True,0.4562518493427238
paper_316995de6816ef27d70d,T2_NUMERIC,14818,48,33.708428612695734,22.748298429407296,4,1519,379,True,0.4562518493427238
paper_229a70bda75d65e03878,T2_NUMERIC,11357,84,18.665859987100397,16.43555515285762,4,1519,379,True,0.4562518493427238
paper_0b8596b48a890a9f2feb,T2_NUMERIC,12918,23,29.76951738811727,23.044989462855913,1,1518,380,True,0.46596178274885836
paper_b33dff89ce500841ced0,T2_NUMERIC,9998,30,16.873396225885838,16.87677158020188,3,1519,379,True,0.42311072891719326
paper_df87e85f2ad904ecb786,T2_NUMERIC,14486,27,28.425403703433233,19.622672720856848,0,1518,380,True,0.4307206353288397
paper_797d18788d80435e77c5,T2_NUMERIC,23694,98,38.05760318126705,16.062126775245652,0,1518,380,True,0.4307206353288397
paper_78c0ed038711160919ae,T2_NUMERIC,8789,30,20.943792006617144,23.829550582110755,0,1518,380,True,0.4307206353288397
paper_c15832fcb3eb74f0db4f,T2_NUMERIC,9161,6,17.228500298453383,18.806353344016355,0,1518,380,True,0.4307206353288397
paper_814885c7706c9991ec46,T2_NUMERIC,8135,36,20.58228442797526,25.30090280021544,0,1518,380,True,0.4307206353288397
paper_d29d84f63443160ab720,T2_NUMERIC,22106,107,48.545096554677215,21.96014500799657,4,1519,379,True,0.4562518493427238
paper_0e732bca591d02f4edb1,T2_NUMERIC,6678,29,9.88833111758793,14.807324225199057,3,1519,379,True,0.42311072891719326
paper_4f31c328a7c95c22c4de,T2_NUMERIC,12075,17,28.664049565048295,23.738343325091755,0,1518,380,True,0.4307206353288397
paper_0cf5a0ec78df6032a89d,T2_NUMERIC,9035,15,18.32553592983161,20.282828920676934,1,1518,380,True,0.46596178274885836
paper_6cf74d8cb1c2c6922288,T2_NUMERIC,11351,42,27.064233401517313,23.84303885253926,1,1518,380,True,0.46596178274885836
paper_a0f697f2769682f05941,T2_NUMERIC,14053,35,32.22123315991061,22.928366298947278,1,1518,380,True,0.46596178274885836
paper_105b9b987c104bf5cb6f,T2_NUMERIC,13657,50,30.037906096671183,21.994512774892865,3,1519,379,True,0.42311072891719326
paper_5c16c4d08150462f8c15,T2_NUMERIC,8376,5,20.018381733184878,23.899691658530177,3,1519,379,True,0.42311072891719326
paper_0abb3c6faa410f767265,T2_NUMERIC,8037,11,17.15387017401861,21.34362345902527,0,1518,380,True,0.4307206353288397
paper_545b45f788f24062a345,T2_NUMERIC,9053,45,20.66122221784648,22.822514324363723,3,1519,379,True,0.42311072891719326
paper_6aabe31ff814c94de9be,T2_NUMERIC,6879,46,15.755019879442184,22.903067131039663,1,1518,380,True,0.46596178274885836
paper_1c6055e2b849d2598268,T2_NUMERIC,17051,32,41.41436238473187,24.28852406587993,2,1518,380,True,0.4451392235883856
paper_91d141d39bddc018a22d,T2_NUMERIC,12161,5,23.771598298925994,19.54740424218896,2,1518,380,True,0.4451392235883856
paper_caa94e78df759c34426a,T2_NUMERIC,7377,27,15.4430484613491,20.934049696826758,2,1518,380,True,0.4451392235883856
paper_92169ac77d0b042008ac,T2_NUMERIC,10939,5,25.850707779217245,23.631691908965394,1,1518,380,True,0.46596178274885836
paper_3cbfe786e6e2858d0671,T2_NUMERIC,9074,8,12.78612914495658,14.09095122873769,4,1519,379,True,0.4562518493427238
paper_35233223488b5f7763d8,T2_NUMERIC,21000,54,45.04624724248757,21.450593924994077,1,1518,380,True,0.46596178274885836
paper_8895ea6c90c08e015ed4,T2_NUMERIC,6508,15,10.286495285607892,15.805923917651953,3,1519,379,True,0.42311072891719326
paper_c13a4be6447080a00a3f,T2_NUMERIC,24042,25,55.15772891932166,22.942238132984638,4,1519,379,True,0.4562518493427238
paper_92de99770ad153511885,T2_NUMERIC,10261,6,18.566219737400242,18.09396719364608,4,1519,379,True,0.4562518493427238
paper_3e0d5679b83f65deebe0,T2_NUMERIC,8228,10,15.846603284280963,19.259362280360918,2,1518,380,True,0.4451392235883856
paper_42f1436106c9d860f1b4,T2_NUMERIC,10988,32,25.25161321564222,22.981082285804714,1,1518,380,True,0.46596178274885836
paper_3cec864523b3855c0a2f,T2_NUMERIC,12385,35,24.87174617549411,20.082152745655318,2,1518,380,True,0.4451392235883856
paper_00c3ff30718e77e98d96,T2_NUMERIC,4096,16,9.88164970675328,24.125121354378123,1,1518,380,True,0.46596178274885836
paper_54e89ad05f8c4b91f7ea,T2_NUMERIC,11579,27,25.98846710740813,22.444483208746984,2,1518,380,True,0.4451392235883856
paper_9617adc250ddacd73f38,T2_NUMERIC,14,0,0.0752757025793339,53.7683589852385,2,1518,380,True,0.4451392235883856
paper_e3892e7e8caa66ec339f,T2_NUMERIC,8945,10,20.749460244835706,23.196713521336733,0,1518,380,True,0.4307206353288397
paper_e5e8bbddbeb6098efad0,T2_NUMERIC,9239,29,21.261130453632504,23.01237195977108,0,1518,380,True,0.4307206353288397
paper_70a33f00de4d371b40b6,T2_NUMERIC,7339,18,16.82073116916867,22.919650046557663,2,1518,380,True,0.4451392235883856
paper_a3eefdee2e6756587843,T2_NUMERIC,6476,8,13.151989366083098,20.308816192222203,1,1518,380,True,0.46596178274885836
paper_89a26ce07bb7ef39c1e4,T2_NUMERIC,10369,23,20.754638365711628,20.016046258763264,2,1518,380,True,0.4451392235883856
paper_7d9f28a4e6c574da1959,T2_NUMERIC,6697,7,15.932320357859796,23.79023496768672,1,1518,380,True,0.46596178274885836
paper_4e8617b2de076d610f2d,T2_NUMERIC,9455,28,18.54262226679613,19.611446078049845,1,1518,380,True,0.46596178274885836
paper_aadd6adaf7e7776d1f64,T2_NUMERIC,12091,25,27.70897962209269,22.91702888271664,1,1518,380,True,0.46596178274885836
paper_896904b4e70b64dfb974,T2_NUMERIC,4441,9,10.207266522221879,22.984162400859894,1,1518,380,True,0.46596178274885836
paper_155bd61110e883afcbf8,T2_NUMERIC,6701,42,15.346785776260662,22.902232168722072,2,1518,380,True,0.4451392235883856
paper_f8f3f95c5b2836f0647f,T2_NUMERIC,9985,42,23.65385631428965,23.689390399889483,0,1518,380,True,0.4307206353288397
paper_06a2493d2817612638e9,T2_NUMERIC,8445,27,18.798805387596094,22.26027873013155,2,1518,380,True,0.4451392235883856
paper_bf226db1e1daea13c7fa,T2_NUMERIC,8772,16,19.034752653614454,21.69944442956504,0,1518,380,True,0.4307206353288397
paper_7249aa5b34be37b5061a,T2_NUMERIC,6559,8,15.27291789039827,23.28543663728963,1,1518,380,True,0.46596178274885836
paper_b7b63cac23ca73509d10,T2_NUMERIC,12521,50,21.768114142953635,17.385284037180444,1,1518,380,True,0.46596178274885836
paper_e67419316565cb79b105,T2_NUMERIC,7555,16,17.59631326498324,23.290950714736258,1,1518,380,True,0.46596178274885836
paper_cd61ecaf42eae829f8ef,T2_NUMERIC,7114,15,17.00122486159115,23.898263791947077,4,1519,379,True,0.4562518493427238
paper_89bf9cb6aa3257c2bc0c,T2_NUMERIC,12797,40,30.232462424887498,23.62464829638782,0,1518,380,True,0.4307206353288397
paper_a4bb65c2fe1a69894fbe,T2_NUMERIC,13723,27,19.642245187117098,14.31337549159593,0,1518,380,True,0.4307206353288397
paper_2de892b43090d26bac10,T2_NUMERIC,51,0,0.10985822875945754,21.540829168521086,2,1518,380,True,0.4451392235883856
paper_4ffc5b48048d021e1815,T2_NUMERIC,3103,22,6.113721621345096,19.702615602143396,4,1519,379,True,0.4562518493427238
paper_366f186e0b2f6a47de9c,T2_NUMERIC,8235,29,15.892825733438071,19.299120502049874,1,1518,380,True,0.46596178274885836
paper_ea4267fba8d94a8c033c,T2_NUMERIC,6563,15,12.13029259406132,18.482847164499955,2,1518,380,True,0.4451392235883856
paper_0e8628887f1d22aeb17d,T2_NUMERIC,9836,15,20.07119644712707,20.4058524269287,4,1519,379,True,0.4562518493427238
paper_94dee75e64b89bf47143,T2_NUMERIC,6596,15,14.46317825881644,21.92719566224445,3,1519,379,True,0.42311072891719326
paper_b4d40141243bb11115d6,T2_NUMERIC,11359,31,26.2133212293493,23.077138154194298,4,1519,379,True,0.4562518493427238
paper_55e8712d400de9b048dd,T2_NUMERIC,8688,2,21.600393356928866,24.8623312119347,0,1518,380,True,0.4307206353288397
paper_5178edc200c7560cc5dd,T2_NUMERIC,12777,17,29.451457656822534,23.05036992785672,1,1518,380,True,0.46596178274885836
paper_c181c5958148c1d9e857,T2_NUMERIC,34826,52,66.48760849821157,19.091370957965765,1,1518,380,True,0.46596178274885836
paper_7cf2bb984eaacaed8b12,T2_NUMERIC,5595,6,13.258017941165972,23.69618934971577,1,1518,380,True,0.46596178274885836
paper_b45b8c314fefc9dc2f86,T2_NUMERIC,6471,6,11.960737675711558,18.483600178815575,0,1518,380,True,0.4307206353288397
paper_6e8a039886d61790712b,T2_NUMERIC,15145,56,33.80802856665217,22.322897700001434,4,1519,379,True,0.4562518493427238
paper_64b04c99ea635be83301,T2_NUMERIC,12931,13,25.32386346905258,19.583839972973923,1,1518,380,True,0.46596178274885836
paper_30af98fd045e6e063607,T2_NUMERIC,12817,26,30.009537800254922,23.413854880436077,4,1519,379,True,0.4562518493427238
paper_0232cc466c60248dfdc3,T2_NUMERIC,7087,27,16.889117948791746,23.83112452207104,1,1518,380,True,0.46596178274885836
paper_06216ba1fd679f581e9b,T2_NUMERIC,8191,17,17.062258725257852,20.830495330555305,0,1518,380,True,0.4307206353288397
paper_b579347024e3bc641231,T2_NUMERIC,3022,3,5.308162197799758,17.56506352680264,3,1519,379,True,0.42311072891719326
paper_3824e02ea70998383a7e,T2_NUMERIC,12925,45,27.037077072356993,20.91843487222978,0,1518,380,True,0.4307206353288397
paper_8614d958b1fd56258652,T2_NUMERIC,10602,5,21.550768314574167,20.32707820654043,0,1518,380,True,0.4307206353288397
paper_0b96938446e7a8a961b5,T2_NUMERIC,17474,17,39.357081266962545,22.52322379933761,4,1519,379,True,0.4562518493427238
paper_8c89891cdaa55dcdff15,T2_NUMERIC,8004,5,18.972883426010196,23.704252156434528,1,1518,380,True,0.46596178274885836
paper_2fa76b57fa652824daf1,T2_NUMERIC,7230,5,15.46837155346941,21.394704776582863,0,1518,380,True,0.4307206353288397
paper_70a806d1cbfd69a7b45e,T2_NUMERIC,8600,47,21.000442062954928,24.419118677854566,3,1519,379,True,0.42311072891719326
paper_fb924389ccb8e78b3f2e,T2_NUMERIC,11068,47,25.50603776366778,23.044847997531424,4,1519,379,True,0.4562518493427238
paper_251e893761028cd925f7,T2_NUMERIC,6367,37,14.669719369422491,23.04023774057247,0,1518,380,True,0.4307206353288397
paper_a1519868149566c09b85,T2_NUMERIC,8473,12,16.93496264884328,19.98697350270657,1,1518,380,True,0.46596178274885836
paper_f2ac582ab2137c281989,T2_NUMERIC,17429,19,39.80380559451305,22.837687529125628,0,1518,380,True,0.4307206353288397
paper_1505cb58904a14e9acef,T2_NUMERIC,7756,20,17.666848751654584,22.77829906092649,4,1519,379,True,0.4562518493427238
paper_9eca70ac9c66a0ecc684,T2_NUMERIC,7970,24,18.18237080517303,22.813514184658754,4,1519,379,True,0.4562518493427238
paper_190df2258f3e7ef7321c,T2_NUMERIC,14499,36,22.52975060322801,15.538830680204159,0,1518,380,True,0.4307206353288397
paper_072bfbd0f8798926c557,T2_NUMERIC,11933,13,28.993468858048132,24.296881637516243,0,1518,380,True,0.4307206353288397
paper_c88fa716da4fb68afa81,T2_NUMERIC,10691,22,22.548318761891995,21.090935143477687,0,1518,380,True,0.4307206353288397
paper_ecaeb019206ece9b12b5,T2_NUMERIC,3213,0,7.693925527755399,23.946235691737936,3,1519,379,True,0.42311072891719326
paper_9638a9b9407457710066,T2_NUMERIC,22545,23,38.75537769491455,17.19023184516059,2,1518,380,True,0.4451392235883856
paper_f75a51877cad3bfac087,T2_NUMERIC,7587,24,16.64141420364767,21.934116519899394,0,1518,380,True,0.4307206353288397
paper_233f31909fd3f28cf0e8,T2_NUMERIC,11500,57,27.105967184404342,23.570406247308124,0,1518,380,True,0.4307206353288397
paper_3931b2764d33f08f9b60,T2_NUMERIC,10472,19,23.221637717645486,22.17497872196857,3,1519,379,True,0.42311072891719326
paper_276e2d9ca1173f526ae1,T2_NUMERIC,14978,29,30.79022088914111,20.55696414016632,3,1519,379,True,0.42311072891719326
paper_b005f05d79307aca2e7f,T2_NUMERIC,18253,73,29.88404205298017,16.372126254851352,0,1518,380,True,0.4307206353288397
paper_b00d47de8a46a6c79806,T2_NUMERIC,6885,24,14.087351712873101,20.460932044841105,3,1519,379,True,0.42311072891719326
paper_27881da4624b6a406df0,T2_NUMERIC,6751,3,13.49671788472862,19.99217580318267,0,1518,380,True,0.4307206353288397
paper_14587ed0f5bdfc1a50ee,T2_NUMERIC,11093,15,26.509611725752833,23.89760364712236,1,1518,380,True,0.46596178274885836
paper_c677e24671caa0fb90fb,T2_NUMERIC,6152,4,12.27717042375471,19.95638885525798,0,1518,380,True,0.4307206353288397
paper_40e3cd75e93f814f97a0,T2_NUMERIC,10991,4,22.89574156990099,20.831354353471923,4,1519,379,True,0.4562518493427238
paper_5d1d17020e2f0bfca95b,T2_NUMERIC,11616,11,20.279073102573406,17.457879737063884,4,1519,379,True,0.4562518493427238
paper_9cfcfcd2ed71c0ca6a56,T2_NUMERIC,8722,6,22.401355397385068,25.683736983931517,3,1519,379,True,0.42311072891719326
paper_a3ba67ec77c49d653ebb,T2_NUMERIC,8792,4,20.78186958151824,23.63724929654031,2,1518,380,True,0.4451392235883856
paper_96ac22b722cc9f3876ef,T2_NUMERIC,13547,16,27.976919050496385,20.651745073076242,4,1519,379,True,0.4562518493427238
paper_480ef6f63ad202e0de3b,T2_NUMERIC,10312,21,20.484453817549245,19.864675928577626,1,1518,380,True,0.46596178274885836
paper_e3e5e74da4d406668197,T2_NUMERIC,5982,37,15.081389953567873,25.21128377393493,0,1518,380,True,0.4307206353288397
paper_76b5dd38ce3ab801e549,T2_NUMERIC,10528,12,24.64756394702019,23.411439919282095,1,1518,380,True,0.46596178274885836
paper_fda3c6da82b26c4d290c,T2_NUMERIC,8134,21,18.629499678502505,22.90324524035223,4,1519,379,True,0.4562518493427238
paper_34d89b2cd8b1d6aef44e,T2_NUMERIC,15646,59,35.616706273634335,22.764097068665688,1,1518,380,True,0.46596178274885836
paper_254433e21b7170b6b83a,T2_NUMERIC,6766,15,13.554456914929515,20.033190829041555,1,1518,380,True,0.46596178274885836
paper_c3a2a06ddc49daaa4b54,T2_NUMERIC,9583,35,22.84596587608008,23.840097961056117,0,1518,380,True,0.4307206353288397
paper_6b87b17f9d1a3a845b3a,T2_NUMERIC,8504,8,18.492317815892132,21.745434872874096,3,1519,379,True,0.42311072891719326
paper_21d71a2192b6e4163d69,T2_NUMERIC,4061,3,9.416586367810865,23.187851188896488,4,1519,379,True,0.4562518493427238
paper_6365016e63ccb2f0cb3f,T2_NUMERIC,11231,44,26.12697587511652,23.26326762987848,1,1518,380,True,0.46596178274885836
paper_68bc91488ec451c8fb7e,T2_NUMERIC,15224,52,34.88143939250376,22.91213832928518,1,1518,380,True,0.46596178274885836
paper_0711aea5c961dd8c374d,T2_NUMERIC,5214,4,13.308363121034484,25.52428676838221,0,1518,380,True,0.4307206353288397
paper_f240d9d1ee41e7af2920,T2_NUMERIC,7505,9,17.148174181739623,22.848999575935544,3,1519,379,True,0.42311072891719326
paper_cdcf8c0ec6e244c9da7d,T2_NUMERIC,16087,43,37.547234358733796,23.340109628105797,4,1519,379,True,0.4562518493427238
paper_94955909662fc0f4ebf4,T2_NUMERIC,21566,43,45.41744753404071,21.059745680256288,2,1518,380,True,0.4451392235883856
paper_75ba7a8d3c3e91ae2125,T2_NUMERIC,3441,14,7.023186346438031,20.410306150648157,2,1518,380,True,0.4451392235883856
paper_84a70fcea3b65b7355ec,T2_NUMERIC,7251,19,16.955595171424935,23.383802470590176,1,1518,380,True,0.46596178274885836
paper_4095b334fa6e74b81f84,T2_NUMERIC,17112,31,38.25335043400433,22.35469286699645,4,1519,379,True,0.4562518493427238
paper_5cbb72428f2974a70216,T2_NUMERIC,10923,33,22.012185245816227,20.152142493652132,2,1518,380,True,0.4451392235883856
paper_5a8f097e6159fed3e1dc,T2_NUMERIC,11789,21,26.325867981381094,22.330874528273046,2,1518,380,True,0.4451392235883856
paper_a2eacde7fcf945fa8df6,T2_NUMERIC,10378,30,20.9447213537343,20.181847517570148,3,1519,379,True,0.42311072891719326
paper_2a42f1ff9bd9c93161c2,T2_NUMERIC,14531,5,30.76562800714844,21.17240933669289,0,1518,380,True,0.4307206353288397
paper_6a2566344144df787916,T2_NUMERIC,9247,39,18.239730488640273,19.725024860646993,1,1518,380,True,0.46596178274885836
paper_bd33e8fd432779663ca7,T2_NUMERIC,4344,11,9.051870786631401,20.83763993239273,3,1519,379,True,0.42311072891719326
paper_43981dd764fb9b292128,T2_NUMERIC,7976,9,16.6120956017175,20.827602309074095,4,1519,379,True,0.4562518493427238
paper_2b927acd6b0595e0fbfb,T2_NUMERIC,11411,5,15.58647715764823,13.6591684844871,4,1519,379,True,0.4562518493427238
paper_46763484e876b1610d47,T2_NUMERIC,9359,4,20.365512097090676,21.760350568533685,3,1519,379,True,0.42311072891719326
paper_e6973e2b099a57d76505,T2_NUMERIC,10924,35,26.257006728835844,24.036073534269356,3,1519,379,True,0.42311072891719326
paper_0bffd162d203a1f7b8c6,T2_NUMERIC,8412,2,18.6317264664013,22.148985338089993,2,1518,380,True,0.4451392235883856
paper_c2ac44375b1d92f4f814,T2_NUMERIC,449,4,0.6765443139995251,15.067802093530625,4,1519,379,True,0.4562518493427238
paper_bd4546a641a1bdd72a78,T2_NUMERIC,7044,19,14.496335352756011,20.579692437189113,3,1519,379,True,0.42311072891719326
paper_24fe4b2effdf7c3aa1db,T2_NUMERIC,12345,15,23.514195864200495,19.04754626504698,2,1518,380,True,0.4451392235883856
paper_885e837f21bcf28ca60b,T2_NUMERIC,15938,19,35.98681182496651,22.57925199207335,0,1518,380,True,0.4307206353288397
paper_782f0a0f6237b3871019,T2_NUMERIC,20218,3,29.36781222321003,14.525577318829772,4,1519,379,True,0.4562518493427238
paper_cce946fd7f9a51375e1e,T2_NUMERIC,22297,44,41.624407850182976,18.66816515682961,2,1518,380,True,0.4451392235883856
paper_a7dac2e3bae1747435ba,T2_NUMERIC,13370,4,25.91095726597086,19.379923160785985,1,1518,380,True,0.46596178274885836
paper_6dc8fab0b2f8787538a0,T2_NUMERIC,2247,9,4.277230119920979,19.0352920334712,1,1518,380,True,0.46596178274885836
paper_dfc8976198fdb56f04dd,T2_NUMERIC,4386,31,8.847383519441921,20.171873049343187,3,1519,379,True,0.42311072891719326
paper_97a8687cac5aafc42602,T2_NUMERIC,6255,4,10.606255784224087,16.956444099478958,2,1518,380,True,0.4451392235883856
paper_d0cda66392b22526445e,T2_NUMERIC,12029,54,22.440245122851312,18.655121059814874,2,1518,380,True,0.4451392235883856
paper_8b873330b79ed7eaa513,T2_NUMERIC,6703,11,16.952201531598,25.29046924003879,3,1519,379,True,0.42311072891719326
paper_664bbbd2927cf5a8c793,T2_NUMERIC,17906,84,40.117245502081786,22.404359154519035,1,1518,380,True,0.46596178274885836
paper_c04deb4c3f4bb3dad1f0,T2_NUMERIC,8932,49,19.717925290098133,22.075599294780712,2,1518,380,True,0.4451392235883856
paper_927858d424e2b9cea9ba,T2_NUMERIC,11141,17,23.26258760938624,20.880161214779857,2,1518,380,True,0.4451392235883856
paper_471d115d1a36a551996f,T2_NUMERIC,15726,21,34.58739400619139,21.993764470425656,3,1519,379,True,0.42311072891719326
paper_70eda2eb1a05bdfa7e19,T2_NUMERIC,5892,12,8.618117836450477,14.626812349712285,2,1518,380,True,0.4451392235883856
paper_48b7ec807069e8d2c488,T2_NUMERIC,1461,1,3.5809031946512273,24.509946575299296,0,1518,380,True,0.4307206353288397
paper_2639059271b0a3aa3c6f,T2_NUMERIC,407,0,0.6186158278515984,15.199406089719862,4,1519,379,True,0.4562518493427238
paper_4b85962af18143d5abdf,T2_NUMERIC,6716,31,13.102661809054807,19.50962151437583,2,1518,380,True,0.4451392235883856
paper_82ada25e588ffde0797b,T2_NUMERIC,49060,21,73.25184956356782,14.93107410590457,4,1519,379,True,0.4562518493427238
paper_cc9b4421cec4c4f430f6,T2_NUMERIC,10034,59,23.875448799303953,23.79454733835355,4,1519,379,True,0.4562518493427238
paper_1645a5d395c467c28675,T2_NUMERIC,10360,10,15.031275328273003,14.508953019568535,2,1518,380,True,0.4451392235883856
paper_60435861dc4b28fce705,T2_NUMERIC,6845,12,14.859153945097217,21.70804082556204,3,1519,379,True,0.42311072891719326
paper_0ce613e2f32acae68fe5,T2_NUMERIC,9782,25,21.823158727602305,22.309505957475267,4,1519,379,True,0.4562518493427238
paper_d3701df2622169ea49d6,T2_NUMERIC,10999,26,21.49293163631809,19.540805197125273,0,1518,380,True,0.4307206353288397
paper_583ba179ad1bd014f19f,T2_NUMERIC,18986,57,44.069429622368126,23.21153988326563,4,1519,379,True,0.4562518493427238
paper_0f7e85cba4ea1f161796,T2_NUMERIC,8809,8,20.474525493628093,23.242735263512422,4,1519,379,True,0.4562518493427238
paper_050e0efec10ad1f0a9fe,T2_NUMERIC,20161,28,32.80229976236214,16.27017497265123,1,1518,380,True,0.46596178274885836
paper_462564d91183c05007a4,T2_NUMERIC,12762,21,26.526784347849837,20.785757990792852,0,1518,380,True,0.4307206353288397
paper_2910bf55c20bb603f151,T2_NUMERIC,9997,25,23.739450621653344,23.746574594031554,1,1518,380,True,0.46596178274885836
paper_337e748ad8435a82418a,T2_NUMERIC,11891,12,26.583406325378157,22.355904739196163,3,1519,379,True,0.42311072891719326
paper_1f4567b736135e989979,T2_NUMERIC,6356,18,14.29951222751654,22.49765926292722,3,1519,379,True,0.42311072891719326
paper_e365b2946291c86625f8,T2_NUMERIC,13741,27,29.88546220735878,21.749117391280677,0,1518,380,True,0.4307206353288397
paper_10592854365645e9bbb6,T2_NUMERIC,7164,19,16.64614851174374,23.23582986005547,4,1519,379,True,0.4562518493427238
paper_def9d9309b4003de0ded,T2_NUMERIC,10476,10,23.116452291632793,22.066105662116065,3,1519,379,True,0.42311072891719326
paper_0ec8a1fff8943d1ae2df,T2_NUMERIC,10819,33,25.632477118394412,23.692094572875877,0,1518,380,True,0.4307206353288397
paper_dc7ff9902941aa396652,T2_NUMERIC,12219,16,29.845406424897316,24.42540831892734,3,1519,379,True,0.42311072891719326
paper_56467e511c7c5531b99a,T2_NUMERIC,6024,20,11.051742981798826,18.34618688877627,1,1518,380,True,0.46596178274885836
paper_838f47356ba40564b3ac,T2_NUMERIC,10397,65,23.14724354026842,22.26338707345236,2,1518,380,True,0.4451392235883856
paper_6f5456855514128c0fd6,T2_NUMERIC,8247,32,18.413392106477943,22.32738220744264,2,1518,380,True,0.4451392235883856
paper_d2eac0088861f06e06e3,T2_NUMERIC,8729,11,17.06785898415489,19.553051877826658,4,1519,379,True,0.4562518493427238
paper_6ba850a9ab17db2dae58,T2_NUMERIC,15497,14,33.47870508647654,21.603345864668345,4,1519,379,True,0.4562518493427238
paper_f766d0e99ef832cea663,T2_NUMERIC,3225,21,7.708962360969698,23.90375925882077,1,1518,380,True,0.46596178274885836
paper_fb4e7a3a63bf54771fa1,T2_NUMERIC,11218,58,26.903242508476872,23.982209403170685,2,1518,380,True,0.4451392235883856
paper_c71152dbc5850c074bbc,T2_NUMERIC,15404,57,35.5273714541975,23.06373114398695,0,1518,380,True,0.4307206353288397
paper_1c21e07003a6a2ace85f,T2_NUMERIC,11614,36,26.634112018683346,22.932763921718053,4,1519,379,True,0.4562518493427238
paper_44e0d5bcb4ae4c4e36b0,T2_NUMERIC,11951,29,18.396918755409697,15.393622923110781,3,1519,379,True,0.42311072891719326
paper_1abf736f1f1f6870a4c7,T2_NUMERIC,11382,44,22.566560075999753,19.82653318924596,2,1518,380,True,0.4451392235883856
paper_fb930d159272344a0721,T2_NUMERIC,8471,16,18.605496029522385,21.963754019032447,3,1519,379,True,0.42311072891719326
paper_83d6440ad70ea0a7d858,T2_NUMERIC,19358,23,43.5073890126216,22.475146715890897,2,1518,380,True,0.4451392235883856
paper_48bdcdab69ea39f7f2f1,T2_NUMERIC,8876,13,22.870015017498112,25.76612777996633,3,1519,379,True,0.42311072891719326
paper_d177441904486e4f45e7,T2_NUMERIC,4837,8,9.701692268090955,20.057250916044975,2,1518,380,True,0.4451392235883856
paper_06f28f494ab4fc8cbfaf,T2_NUMERIC,13928,58,33.12730826405542,23.784684279189705,2,1518,380,True,0.4451392235883856
paper_d8e4d2ebb449ff45541d,T2_NUMERIC,12366,31,27.95440859786892,22.60586171588947,2,1518,380,True,0.4451392235883856
paper_16f52298d6daf40db176,T2_NUMERIC,15042,31,30.44150712610569,20.237672600788255,1,1518,380,True,0.46596178274885836
paper_55b4b2bdafbd819c7d8a,T2_NUMERIC,9264,21,15.319929559010948,16.53705695057313,4,1519,379,True,0.4562518493427238
paper_ebf04dca48b284656891,T2_NUMERIC,8092,42,18.466061975060306,22.82014579221491,3,1519,379,True,0.42311072891719326
paper_0fe592fa232c553c1e74,T2_NUMERIC,887,0,1.6316377936441022,18.395014584488187,0,1518,380,True,0.4307206353288397
paper_4906a874f0698bc17bd3,T2_NUMERIC,8872,16,20.29441412476565,22.874677778139823,3,1519,379,True,0.42311072891719326
paper_92969607871cfe57fe43,T2_NUMERIC,6508,16,15.586854826841428,23.950299365152777,1,1518,380,True,0.46596178274885836
paper_9d036f816105712cf14d,T2_NUMERIC,9538,5,18.952799626939935,19.87083206850486,2,1518,380,True,0.4451392235883856
paper_513c448af01021af98d8,T2_NUMERIC,30609,8,51.34503995474946,16.774491147946506,3,1519,379,True,0.42311072891719326
paper_f06a8e9f5f8a4b8d1499,T2_NUMERIC,11265,49,26.758930808291147,23.75404421508313,3,1519,379,True,0.42311072891719326
paper_eb379388589e5f345a04,T2_NUMERIC,10269,56,19.918110884760686,19.396349094128627,2,1518,380,True,0.4451392235883856
paper_e1a9ba013944aad3196e,T2_NUMERIC,7069,6,14.44501129066018,20.434306536511784,3,1519,379,True,0.42311072891719326
paper_cebd4830799f542e23ff,T2_NUMERIC,1957,3,3.1531005073698286,16.111908571128403,4,1519,379,True,0.4562518493427238
paper_cf6e681f23fb0fba0c64,T2_NUMERIC,4562,4,7.466397715609211,16.366500911024136,2,1518,380,True,0.4451392235883856
paper_ac4d2f9b1c56feb41b26,T2_NUMERIC,7527,37,16.8811669014611,22.427483594341837,2,1518,380,True,0.4451392235883856
paper_be0e7d5b81995f9db5e7,T2_NUMERIC,4776,11,12.308614025309621,25.771804910614783,3,1519,379,True,0.42311072891719326
paper_073064198401df831d2c,T2_NUMERIC,5724,7,12.091535255242972,21.12427542844684,2,1518,380,True,0.4451392235883856
paper_bc7eb85ff159c4fcaf32,T2_NUMERIC,10958,0,21.178703580273755,19.327161507824194,3,1519,379,True,0.42311072891719326
paper_772843d89b24948dd741,T2_NUMERIC,18996,94,29.4904255132248,15.524544911152242,4,1519,379,True,0.4562518493427238
paper_be855fb98ce8a2a0e487,T2_NUMERIC,10337,11,21.994553508742158,21.277501701404812,3,1519,379,True,0.42311072891719326
paper_6a8becc5c88f09b869f3,T2_NUMERIC,7097,15,16.595644565751456,23.384027850854526,2,1518,380,True,0.4451392235883856
paper_ce666477947bde040935,T2_NUMERIC,11424,24,26.004485144321226,22.763029713166336,2,1518,380,True,0.4451392235883856
paper_46b8f27edf61a5ba6af1,T2_NUMERIC,11065,51,24.652270629572822,22.27950350616613,4,1519,379,True,0.4562518493427238
paper_900fb6d9761c5ddee474,T2_NUMERIC,11798,16,26.36541809177309,22.347362342577632,1,1518,380,True,0.46596178274885836
paper_33d29fa4c709b83e9173,T2_NUMERIC,11019,19,24.56736954492229,22.29546197016271,4,1519,379,True,0.4562518493427238
paper_cf5ea2d3b25b1fc2454b,T2_NUMERIC,7905,57,18.584120751936965,23.509324164373137,1,1518,380,True,0.46596178274885836
paper_7d1b5e39456d84705bab,T2_NUMERIC,15852,26,37.37961643678272,23.58037877667343,1,1518,380,True,0.46596178274885836
paper_1bc583c06e4ee3d14b2b,T2_NUMERIC,10566,28,17.60385403430012,16.660849928355216,3,1519,379,True,0.42311072891719326
paper_a867f98be92c696e99b7,T2_NUMERIC,12229,5,29.613836767410444,24.216073895993492,0,1518,380,True,0.4307206353288397
paper_437ee465e45b2bbe0b0a,T2_NUMERIC,630,4,0.9678981029615414,15.3634619517705,3,1519,379,True,0.42311072891719326
paper_318bc73c6253e1aee894,T2_NUMERIC,11777,21,23.634942538450673,20.068729335527447,0,1518,380,True,0.4307206353288397
paper_0e735e600aaa99e681ce,T2_NUMERIC,8317,31,18.970728190329474,22.809580606383882,4,1519,379,True,0.4562518493427238
paper_9dda9fd662e16f63aea6,T2_NUMERIC,5688,13,13.620412545419542,23.945872970146876,1,1518,380,True,0.46596178274885836
paper_a26a228781934eb1c537,T2_NUMERIC,2203,5,4.686976927333924,21.27542863065785,0,1518,380,True,0.4307206353288397
paper_780ca30bca1371cb91c6,T2_NUMERIC,4890,12,11.490941067036825,23.498856987805368,0,1518,380,True,0.4307206353288397
paper_f33629526b9e8dec9b5e,T2_NUMERIC,6599,58,17.006021423005564,25.770603762699746,0,1518,380,True,0.4307206353288397
paper_769ae64af226fe449181,T2_NUMERIC,11795,13,26.912308509085765,22.816709206516123,4,1519,379,True,0.4562518493427238
paper_cc9ed1f379259d9c2e94,T2_NUMERIC,7591,17,17.999949278231732,23.712224052472312,2,1518,380,True,0.4451392235883856
paper_07f217e000b1db2955b5,T2_NUMERIC,534,0,0.7918035666361243,14.8277821467439,3,1519,379,True,0.42311072891719326
paper_75d5824249e114a70cb6,T2_NUMERIC,3868,7,9.093260465061118,23.508946393643015,1,1518,380,True,0.46596178274885836
paper_8d1b156790f21393b4e1,T2_NUMERIC,2008,0,3.1301047743742774,15.588171187122896,1,1518,380,True,0.46596178274885836
paper_fd19685206cd80b2e8af,T2_NUMERIC,10185,8,22.00879694837478,21.60902989531152,4,1519,379,True,0.4562518493427238
paper_8f5a80389272c2b14e09,T2_NUMERIC,4241,5,9.443604444043718,22.26740024532827,1,1518,380,True,0.46596178274885836
paper_f5290df23f6ebbf4d530,T2_NUMERIC,11986,23,27.800635903791793,23.194256552471042,1,1518,380,True,0.46596178274885836
paper_4562ada1fc1e34be0aa5,T2_NUMERIC,3613,13,8.510546874400353,23.55534700913466,1,1518,380,True,0.46596178274885836
paper_1326e03962da71949e0e,T2_NUMERIC,12181,19,27.360140072662332,22.461325074018827,1,1518,380,True,0.46596178274885836
paper_7cbaf3a63f383f04f586,T2_NUMERIC,7164,22,16.65990462315601,23.255031578944738,3,1519,379,True,0.42311072891719326
paper_009e1ffb00faff097f0a,T2_NUMERIC,9195,16,21.70747809303689,23.60791527247079,4,1519,379,True,0.4562518493427238
paper_3bafa4a79b7e89fc0a5e,T2_NUMERIC,9251,27,21.16111800638302,22.87441142188198,2,1518,380,True,0.4451392235883856
paper_c493ee04650e24bc9262,T2_NUMERIC,10752,16,24.5103247840262,22.796060997048176,0,1518,380,True,0.4307206353288397
paper_e3a1a7befb994dcb7e6a,T2_NUMERIC,9238,6,22.08592441662765,23.907690427178665,4,1519,379,True,0.4562518493427238
paper_3c458e8426ff50cd83a8,T2_NUMERIC,15164,25,29.976250736226564,19.76803662373158,3,1519,379,True,0.42311072891719326
paper_0fa0164a3e53bdfefc86,T2_NUMERIC,15372,4,37.206809928560055,24.204273958209768,1,1518,380,True,0.46596178274885836
paper_d233e8cdb8ca793ee1b6,T2_NUMERIC,9833,43,22.38662061806432,22.76682662266279,2,1518,380,True,0.4451392235883856
paper_6d2c20d9a4b4a6edade7,T2_NUMERIC,4157,8,8.35613676106477,20.10136338961936,2,1518,380,True,0.4451392235883856
paper_6b79e30c977d3f246ae8,T2_NUMERIC,11067,6,21.679869170472454,19.589653176536057,4,1519,379,True,0.4562518493427238
paper_8a5acc89d7b1cbb5da6a,T2_NUMERIC,5655,10,13.90657456240539,24.59164378851528,0,1518,380,True,0.4307206353288397
paper_07c9ea928687c1aed57c,T2_NUMERIC,9352,19,20.77230772725412,22.21162075198259,3,1519,379,True,0.42311072891719326
paper_029eab9034ce84cdbecb,T2_NUMERIC,10930,10,25.03254911455293,22.90260669218017,4,1519,379,True,0.4562518493427238
paper_338315c4ce05cecd82c8,T2_NUMERIC,5154,29,10.67034479950686,20.703036087518164,1,1518,380,True,0.46596178274885836
paper_11c16d5f80d944fde4f9,T2_NUMERIC,13418,11,28.94514173617758,21.57187489654015,3,1519,379,True,0.42311072891719326
paper_e1a4e627071aff86f5e1,T2_NUMERIC,11981,13,24.017127357586855,20.04601231749174,1,1518,380,True,0.46596178274885836
paper_7214c2ea2b9041f9d360,T2_NUMERIC,15413,45,30.524860468092744,19.804619780764774,4,1519,379,True,0.4562518493427238
paper_4516ab29b73cc618f530,T2_NUMERIC,8568,22,17.302602799837143,20.194447712228225,0,1518,380,True,0.4307206353288397
paper_833a553eafe91386ba81,T2_NUMERIC,4598,1,8.084701802509171,17.583083520028644,3,1519,379,True,0.42311072891719326
paper_2c176014a0257fb9cc47,T2_NUMERIC,9920,28,20.2007829612782,20.363692501288508,1,1518,380,True,0.46596178274885836
paper_3b52b2355f8e01112a03,T2_NUMERIC,8026,26,20.19641228421993,25.163733222302433,0,1518,380,True,0.4307206353288397
paper_c9fdc8cedb5be40f0dc1,T2_NUMERIC,17074,84,31.24279908733932,18.2984649685717,3,1519,379,True,0.42311072891719326
paper_87f3d7eccc9ceb06ff2f,T2_NUMERIC,4950,2,11.608705392668439,23.451930086198868,4,1519,379,True,0.4562518493427238
paper_a07be0b922a6a4d5a1e9,T2_NUMERIC,5926,26,9.401078952647081,15.86412243106156,4,1519,379,True,0.4562518493427238
paper_dd96768b401139c7059f,T2_NUMERIC,13424,64,30.68773715270325,22.860352467746758,3,1519,379,True,0.42311072891719326
paper_bea3698e1259b05a513f,T2_NUMERIC,9726,13,14.543463919729863,14.953181081359102,3,1519,379,True,0.42311072891719326
paper_36d630f627cf67853127,T2_NUMERIC,15180,20,35.137278398673395,23.147087219152432,4,1519,379,True,0.4562518493427238
paper_584e5d6f39a54f268581,T2_NUMERIC,10916,35,21.607527752903206,19.794364009621848,3,1519,379,True,0.42311072891719326
paper_8e32e74457d3a767dfc5,T2_NUMERIC,20471,13,33.890595127255146,16.555417481928167,2,1518,380,True,0.4451392235883856
paper_25931cee38fa367141be,T2_NUMERIC,9473,2,22.302018888438827,23.542720245369814,4,1519,379,True,0.4562518493427238
paper_d2a860352e2abc4cf61a,T2_NUMERIC,10418,23,23.311379367916896,22.376060057512856,2,1518,380,True,0.4451392235883856
paper_36079692e31980b48fef,T2_NUMERIC,6903,15,12.60108546926057,18.254505967348354,1,1518,380,True,0.46596178274885836
paper_b6b0623f2398930e5f5f,T2_NUMERIC,3573,11,7.578439750100622,21.21029876882346,3,1519,379,True,0.42311072891719326
paper_260c6937e35e1e5ecb8a,T2_NUMERIC,26445,28,58.466721107850866,22.108799813897097,2,1518,380,True,0.4451392235883856
paper_a1bff7fefde21c114512,T2_NUMERIC,10213,10,24.172987304456527,23.66884099134096,1,1518,380,True,0.46596178274885836
paper_1e6221d350bec18f02d2,T2_NUMERIC,8661,42,18.37483801520616,21.21560791502847,0,1518,380,True,0.4307206353288397
paper_62d201305fdcd3046947,T2_NUMERIC,4672,10,8.263884214791396,17.68810833645419,4,1519,379,True,0.4562518493427238
paper_7948b462948f5b111cc2,T2_NUMERIC,12912,5,30.182127486767087,23.375253629776246,1,1518,380,True,0.46596178274885836
paper_e924e456ceaca93fa45c,T2_NUMERIC,3905,24,9.018709628441037,23.095287140694076,4,1519,379,True,0.4562518493427238
paper_e74918395456cb11f56d,T2_NUMERIC,8069,30,18.71889707622458,23.19853398962025,4,1519,379,True,0.4562518493427238
paper_7399735fd99f002b3d09,T2_NUMERIC,364,0,0.5473538844652659,15.037194628166644,3,1519,379,True,0.42311072891719326
paper_826b9125b26490b92083,T2_NUMERIC,11385,13,28.503692964026232,25.036181786584304,3,1519,379,True,0.42311072891719326
paper_1feff77d842c50d00d5a,T2_NUMERIC,8403,18,20.02948557556747,23.83611278777516,0,1518,380,True,0.4307206353288397
paper_5622e48049ec2935fe07,T2_NUMERIC,21319,62,44.0359981866567,20.65575223352723,2,1518,380,True,0.4451392235883856
paper_09b9fe96046cdf192d6b,T2_NUMERIC,12402,56,28.74160171746193,23.17497316357195,1,1518,380,True,0.46596178274885836
paper_88185f5d588e4f96f362,T2_NUMERIC,10563,31,22.528153335733336,21.32741961160024,3,1519,379,True,0.42311072891719326
paper_39e8f5594ef043593de9,T2_NUMERIC,8825,28,17.04878328109339,19.31873459613982,4,1519,379,True,0.4562518493427238
paper_169d152bd78e1f0e9b49,T2_NUMERIC,7831,31,14.668273163969006,18.731034560042147,0,1518,380,True,0.4307206353288397
paper_8ba295c2e16a973f8058,T2_NUMERIC,11284,15,21.676109567262223,19.20959727690732,0,1518,380,True,0.4307206353288397
paper_cd7bd86e9372991efbcf,T2_NUMERIC,8622,17,20.130957197656684,23.348361398349205,1,1518,380,True,0.46596178274885836
paper_604ab3e72068761d0f8c,T2_NUMERIC,5074,15,10.766835886971927,21.219621377556027,4,1519,379,True,0.4562518493427238
paper_011ae5a30c23e38fafea,T2_NUMERIC,7905,22,15.348533481639345,19.416234638379944,0,1518,380,True,0.4307206353288397
paper_15b67ce3374963afc5d5,T2_NUMERIC,10067,38,22.694431724345975,22.543391004615057,2,1518,380,True,0.4451392235883856
paper_8dafbce5fb34e25f3bf6,T2_NUMERIC,6810,8,13.206702978737797,19.39310275879265,0,1518,380,True,0.4307206353288397
paper_0053bcca6f8f67a57ad5,T2_NUMERIC,8967,36,20.5133429820086,22.87648375377339,4,1519,379,True,0.4562518493427238
paper_36e100af2733ee6a2ae6,T2_NUMERIC,12550,32,25.42077501782473,20.25559762376473,0,1518,380,True,0.4307206353288397
paper_46e8f97f2081552de5f7,T2_NUMERIC,13234,20,26.055999678089997,19.688680427754267,2,1518,380,True,0.4451392235883856
paper_f30f6ee41d1bce340228,T2_NUMERIC,11149,31,25.127669279849762,22.538047609516337,4,1519,379,True,0.4562518493427238
paper_07a3b3056cc42097fbf2,T2_NUMERIC,17090,29,34.37607864420727,20.114732969108992,2,1518,380,True,0.4451392235883856
paper_eb53a568018997d7a5a4,T2_NUMERIC,10693,46,22.081008006938937,20.64996540441311,0,1518,380,True,0.4307206353288397
paper_3fd6b65e358d7c3c8e29,T2_NUMERIC,16434,20,38.37603059053911,23.351606785042662,3,1519,379,True,0.42311072891719326
paper_46fe22a95d6bd3b48195,T2_NUMERIC,16760,70,29.73575949531246,17.74209993753727,3,1519,379,True,0.42311072891719326
paper_b77cf25cfcce558611e0,T2_NUMERIC,9592,4,22.400460999597126,23.35327460341652,2,1518,380,True,0.4451392235883856
paper_201ccd1a0144f8ac3399,T2_NUMERIC,6230,15,12.656487526655068,20.315389288370895,1,1518,380,True,0.46596178274885836
paper_71207db0d83368572f67,T2_NUMERIC,6855,23,15.751635093282164,22.978315234547285,0,1518,380,True,0.4307206353288397
paper_c35f24f154d422c07108,T2_NUMERIC,6284,5,12.231594834909414,19.464663963891493,2,1518,380,True,0.4451392235883856
paper_8dc8785106d0600e3d72,T2_NUMERIC,13048,35,27.274220945740222,20.90298968864211,3,1519,379,True,0.42311072891719326
paper_290f6096e9f482df0c66,T2_NUMERIC,10260,21,20.59344261065975,20.0715814918711,4,1519,379,True,0.4562518493427238
paper_d0635a46f2116c940eab,T2_NUMERIC,11146,48,25.72521940631293,23.0802255574313,1,1518,380,True,0.46596178274885836
paper_6195f36858a7f96beff7,T2_NUMERIC,12193,50,18.520773023799975,15.189676883293673,1,1518,380,True,0.46596178274885836
paper_2fa4ade2a3d21eee9f61,T2_NUMERIC,8197,10,16.00153369671396,19.521207388939807,1,1518,380,True,0.46596178274885836
paper_d4237e6fab9b882ccc6a,T2_NUMERIC,14197,19,31.381518339424364,22.104330731439294,2,1518,380,True,0.4451392235883856
paper_4f0f5f1c1f7b7e7030ff,T2_NUMERIC,10295,17,20.689974515052775,20.09710977664184,1,1518,380,True,0.46596178274885836
paper_219e1e1c50a1bb0918fd,T2_NUMERIC,9676,0,19.413366453824825,20.06342130407692,2,1518,380,True,0.4451392235883856
paper_8b945006f5be45871ad5,T2_NUMERIC,7867,39,16.041323267443634,20.390648617571674,3,1519,379,True,0.42311072891719326
paper_471dc4b422d421f1b612,T2_NUMERIC,10407,13,23.351742365121535,22.438495594428304,1,1518,380,True,0.46596178274885836
paper_a77c646349b9ec2d4c07,T2_NUMERIC,7950,3,17.358596392639498,21.834712443571696,3,1519,379,True,0.42311072891719326
paper_be27d188b6e017ce6b22,T2_NUMERIC,6850,23,13.844487436953415,20.210930564895495,1,1518,380,True,0.46596178274885836
paper_99b1113a442b4f68d2be,T2_NUMERIC,7433,9,17.270232919697513,23.234539108970154,1,1518,380,True,0.46596178274885836
paper_39af26e81b585e755cdf,T2_NUMERIC,10878,26,24.579366052046108,22.595482673327915,3,1519,379,True,0.42311072891719326
paper_2d099084242b939a3af5,T2_NUMERIC,2693,6,3.772918213738451,14.010093626953031,1,1518,380,True,0.46596178274885836
paper_663f877088137c6164e3,T2_NUMERIC,10090,1,20.65524250729049,20.471003476006437,4,1519,379,True,0.4562518493427238
paper_6d8df9b9c2f98d5dea5d,T2_NUMERIC,18721,35,36.13698716461924,19.302914996324578,2,1518,380,True,0.4451392235883856
paper_bf54d15a31f43b340d68,T2_NUMERIC,22908,21,51.592106645701406,22.521436461367824,4,1519,379,True,0.4562518493427238
paper_10391aa2210ab4785e17,T2_NUMERIC,7625,19,17.038728925426653,22.345874000559547,3,1519,379,True,0.42311072891719326
paper_80b3fa91e229a224aefe,T2_NUMERIC,10798,24,25.184361612303576,23.323172450734926,4,1519,379,True,0.4562518493427238
paper_f2be3d7faf13aa4b2b38,T2_NUMERIC,9283,33,21.605465755571068,23.2742278956922,1,1518,380,True,0.46596178274885836
paper_1374c6ab5377c209be7f,T2_NUMERIC,5744,3,13.400837331553683,23.330148557718807,2,1518,380,True,0.4451392235883856
paper_a904db9c76345abf48a4,T2_NUMERIC,7279,23,16.555117033801004,22.743669506527,2,1518,380,True,0.4451392235883856
paper_5ccb84180e28ca26531b,T2_NUMERIC,10113,4,17.42620932975173,17.231493453724642,0,1518,380,True,0.4307206353288397
paper_f65e1cf061dc75a3b817,T2_NUMERIC,8408,7,14.42651404480896,17.158080452912653,3,1519,379,True,0.42311072891719326
paper_2574d61c65671b51421b,T2_NUMERIC,8660,14,19.184965509577765,22.153539849396957,3,1519,379,True,0.42311072891719326
paper_e8f10ce67050b81e5490,T2_NUMERIC,15601,36,35.84475356661791,22.975933316209158,1,1518,380,True,0.46596178274885836
paper_55fe8663a92f8868b81c,T2_NUMERIC,10134,9,22.376277680618387,22.080400316378906,2,1518,380,True,0.4451392235883856
paper_15fe252af04f747cd417,T2_NUMERIC,7230,17,17.199068784942316,23.78847688097139,1,1518,380,True,0.46596178274885836
paper_3ead46de96ae3c9d8a62,T2_NUMERIC,30534,41,50.3848691573607,16.50123441323138,3,1519,379,True,0.42311072891719326
paper_86eeefc59d1e191de737,T2_NUMERIC,10147,25,23.544892985773792,23.203797167412826,1,1518,380,True,0.46596178274885836
paper_012cfffb2443a103e06e,T2_NUMERIC,10348,7,14.45362532798982,13.96755443369716,4,1519,379,True,0.4562518493427238
paper_9ed7e5dd2d19fdae47dd,T2_NUMERIC,5472,17,11.803526350908317,21.57077184011023,4,1519,379,True,0.4562518493427238
paper_16dbf623d307897aaef7,T2_NUMERIC,8742,17,20.149816959795732,23.049436009832686,1,1518,380,True,0.46596178274885836
paper_0126a2cadbceb87b4495,T2_NUMERIC,5999,12,14.203557703265488,23.67654226248623,0,1518,380,True,0.4307206353288397
paper_3b0eebee7baa82ff9356,T2_NUMERIC,448,0,0.7008398192920509,15.643745966340422,1,1518,380,True,0.46596178274885836
paper_1fb34ecfd11bbe4cedc9,T2_NUMERIC,9775,10,20.487874958028314,20.959462872663238,1,1518,380,True,0.46596178274885836
paper_8968c63f74386825585f,T2_NUMERIC,10053,9,19.40191430993471,19.299626290594556,1,1518,380,True,0.46596178274885836
paper_7ba24873e76b8536a7d2,T2_NUMERIC,2910,7,5.798496692099972,19.926105471133926,2,1518,380,True,0.4451392235883856
paper_d8a5a42f9d9bc9708adf,T2_NUMERIC,12253,32,21.25894093280318,17.349988519385604,1,1518,380,True,0.46596178274885836
paper_7344d9e42f81f8d6383d,T2_NUMERIC,13490,47,28.445458084921604,21.086329195642406,2,1518,380,True,0.4451392235883856
paper_4414623e6a5fc13f5979,T2_NUMERIC,7877,19,16.03088884728784,20.351515611638746,4,1519,379,True,0.4562518493427238
paper_46199df1720394d98bd1,T2_NUMERIC,5251,3,1.9842759440758333,3.778853445202501,0,1518,380,True,0.4307206353288397
paper_1573d812af2dce87ef91,T2_NUMERIC,4051,6,7.190880155775243,17.750876711368164,1,1518,380,True,0.46596178274885836
paper_ad0f1144c26451143d2a,T2_NUMERIC,15055,10,37.184416349763666,24.699047724851322,0,1518,380,True,0.4307206353288397
paper_982942e5d384d2704107,T2_NUMERIC,6847,16,13.861717060667194,20.244949701573237,0,1518,380,True,0.4307206353288397
paper_56d1c041063dd1a9acf3,T2_NUMERIC,13225,14,32.51763424386493,24.588003208971593,3,1519,379,True,0.42311072891719326
paper_624dd7d7645dc4e39220,T2_NUMERIC,11117,23,21.731736704126476,19.54820248639604,0,1518,380,True,0.4307206353288397
paper_12a764f13952eccb5204,T2_NUMERIC,7077,21,13.881857395211545,19.61545484698537,2,1518,380,True,0.4451392235883856
paper_f86644b2d07eaaed1b0e,T2_NUMERIC,7339,25,16.550712498159875,22.55172707202599,4,1519,379,True,0.4562518493427238
paper_8d9189bbdbd2c7b8963b,T2_NUMERIC,8390,26,16.79578160870511,20.018810022294527,2,1518,380,True,0.4451392235883856
paper_f9a74a91246f564dd5ed,T2_NUMERIC,10853,17,22.48281612947796,20.715761659889395,3,1519,379,True,0.42311072891719326
paper_ab5c480d9ab0f3d8b434,T2_NUMERIC,8484,22,20.91516346092951,24.652479326885324,0,1518,380,True,0.4307206353288397
paper_02f7f943c282b24bea61,T2_NUMERIC,4424,3,6.482277913597817,14.652526929470653,4,1519,379,True,0.4562518493427238
paper_e020c739ba85ea0ff35b,T2_NUMERIC,16723,52,37.91691333386582,22.673511531343554,2,1518,380,True,0.4451392235883856
paper_f00cd50c0c8adb622672,T2_NUMERIC,9477,31,19.691264328296356,20.777951174734998,0,1518,380,True,0.4307206353288397
paper_1929f7cd87eef5deef5a,T2_NUMERIC,8735,24,20.139297814203466,23.055864698572943,1,1518,380,True,0.46596178274885836
paper_39478f8dbc9276d1b5ff,T2_NUMERIC,7959,42,17.336250993784653,21.781946216590843,3,1519,379,True,0.42311072891719326
paper_1718c709beef596baf15,T2_NUMERIC,2627,6,5.189711448116935,19.755277686018022,2,1518,380,True,0.4451392235883856
paper_7dba6cb3e3d5e86994a3,T2_NUMERIC,29647,98,57.73076136089992,19.472716079502113,0,1518,380,True,0.4307206353288397
paper_33df1a35a12b14084cbc,T2_NUMERIC,9296,11,18.097011131834204,19.467524883642646,1,1518,380,True,0.46596178274885836
paper_5dba6c69f7a50cc6e42d,T2_NUMERIC,14152,10,28.73381794953507,20.303715340259377,0,1518,380,True,0.4307206353288397
paper_6bcf74cbd6b92531a34f,T2_NUMERIC,18987,39,29.55315566038498,15.56494215009479,1,1518,380,True,0.46596178274885836
paper_24876507fe1792361408,T2_NUMERIC,9021,10,18.871031749583462,20.91900205030868,0,1518,380,True,0.4307206353288397
paper_b01d11615f92368273dd,T2_NUMERIC,9511,4,22.945792179632726,24.12553062730809,3,1519,379,True,0.42311072891719326
paper_aaafd1cf52290be1e187,T2_NUMERIC,5696,40,14.644193912526086,25.709610099238212,3,1519,379,True,0.42311072891719326
paper_13a837f8c0110a1a3b3a,T2_NUMERIC,14055,29,27.039837325165173,19.238589345546192,0,1518,380,True,0.4307206353288397
paper_e445df367809794c4bfa,T2_NUMERIC,8461,10,17.547793340035383,20.73962101410635,4,1519,379,True,0.4562518493427238
paper_ac4c88906b25ce20bbb4,T2_NUMERIC,10879,9,22.514201374505834,20.695101916082205,3,1519,379,True,0.42311072891719326
paper_d5e4267c18519a5c8d36,T2_NUMERIC,15513,26,35.15742694626131,22.663203085322834,3,1519,379,True,0.42311072891719326
paper_cdadb1e14bce744e6547,T2_NUMERIC,20046,21,52.19284209155188,26.036537010651443,2,1518,380,True,0.4451392235883856
paper_fb7b63214de684b2f11d,T2_NUMERIC,6680,7,11.508933021533906,17.228941649002852,2,1518,380,True,0.4451392235883856
paper_b810d6eb70c435ba6568,T2_NUMERIC,13389,11,28.87840134380857,21.568751470467227,2,1518,380,True,0.4451392235883856
paper_44d79256d8a5312b7ada,T2_NUMERIC,25925,6,48.64576060170793,18.764034947621187,3,1519,379,True,0.42311072891719326
paper_c233d31a3cec4f8f417c,T2_NUMERIC,7042,18,9.46191836015464,13.436407782099742,0,1518,380,True,0.4307206353288397
paper_e7fec3685220067305fc,T2_NUMERIC,458,0,0.8574223776409727,18.721012612248312,0,1518,380,True,0.4307206353288397
paper_8f163e905671f80b30a9,T2_NUMERIC,12173,10,27.08303804713105,22.248449886742012,2,1518,380,True,0.4451392235883856
paper_ee0bed9cde4561b5ea66,T2_NUMERIC,1983,4,3.5430138224634433,17.86693808604863,1,1518,380,True,0.46596178274885836
paper_01ae4cd09750e14709a0,T2_NUMERIC,16221,51,37.14816121422976,22.901276872097746,4,1519,379,True,0.4562518493427238
paper_2d881cb8d1a1376b394c,T2_NUMERIC,19471,16,45.45099621024391,23.342918293998206,3,1519,379,True,0.42311072891719326
paper_d94c17d2124c8f2c2769,T2_NUMERIC,7300,29,16.89385712003548,23.142270027445864,2,1518,380,True,0.4451392235883856
paper_347a5b1658801d734112,T2_NUMERIC,5102,4,8.903995489774667,17.451970775724554,1,1518,380,True,0.46596178274885836
paper_0c7faa8670b4eda51f88,T2_NUMERIC,20839,6,48.25264590355953,23.154971881356847,0,1518,380,True,0.4307206353288397
paper_6a29f51b9184bef69fce,T2_NUMERIC,756,0,1.1747721732595948,15.539314461105752,3,1519,379,True,0.42311072891719326
paper_2b220ef4a7efc38da340,T2_NUMERIC,14164,18,32.87611419883892,23.211037982800704,4,1519,379,True,0.4562518493427238
paper_09975f20216dae5ee14c,T2_NUMERIC,5109,3,11.925158532987492,23.34147295554412,1,1518,380,True,0.46596178274885836
paper_d597e7de0ce251217022,T2_NUMERIC,19880,75,46.687934066693394,23.484876291093258,4,1519,379,True,0.4562518493427238
paper_7aff078d2e9781c2b640,T2_NUMERIC,10127,23,22.817621601168753,22.53147190793794,2,1518,380,True,0.4451392235883856
paper_d5335a0a272e74fabf30,T2_NUMERIC,10213,49,21.03410153739524,20.595419110344892,2,1518,380,True,0.4451392235883856
paper_dffe212f5182f4221a97,T2_NUMERIC,42000,71,83.63347918918747,19.91273314028273,2,1518,380,True,0.4451392235883856
paper_d47409ae0eb33cfd34ba,T2_NUMERIC,19365,38,39.10769659538627,20.195040844506206,3,1519,379,True,0.42311072891719326
paper_5a8aeef4f40fd0952056,T2_NUMERIC,14979,8,32.56615734369813,21.741209255423012,2,1518,380,True,0.4451392235883856
paper_5e7d7cf0658e519b818f,T2_NUMERIC,32406,68,48.58938997447913,14.99394864360894,1,1518,380,True,0.46596178274885836
paper_22518db42557aa33c075,T2_NUMERIC,15627,34,24.91412368007199,15.942998451444291,4,1519,379,True,0.4562518493427238
paper_e86fbfbb33457828a031,T2_NUMERIC,9473,13,21.649833477593333,22.854252589035504,0,1518,380,True,0.4307206353288397
paper_3f6bfa204e1dff930477,T2_NUMERIC,5993,10,12.355609703855801,20.616735698074088,3,1519,379,True,0.42311072891719326
paper_e5bdd19c749ef2708e2f,T2_NUMERIC,4808,0,7.707691013508825,16.030971325933496,2,1518,380,True,0.4451392235883856
paper_083fa62561b4443889cc,T2_NUMERIC,11776,16,26.73688286907713,22.704554066811422,0,1518,380,True,0.4307206353288397
paper_8313683e31ffdfb17404,T2_NUMERIC,9230,9,23.57472399029249,25.541412773881355,3,1519,379,True,0.42311072891719326
paper_f656dadd65e5d8d9c09c,T2_NUMERIC,23680,37,52.55395455545336,22.19339297105294,1,1518,380,True,0.46596178274885836
paper_117c93c9f01087aa7a3e,T2_NUMERIC,9772,15,14.161009591491352,14.491413826741049,0,1518,380,True,0.4307206353288397
paper_ab4bbcc8857ba3557148,T2_NUMERIC,14717,17,29.045366387122833,19.735928781085025,0,1518,380,True,0.4307206353288397
paper_74793491c217d4981599,T2_NUMERIC,9845,12,20.172604616490013,20.49020275925852,1,1518,380,True,0.46596178274885836
paper_49141abea7fbb090c4e1,T2_NUMERIC,1498,7,2.227709167179547,14.871222744856789,4,1519,379,True,0.4562518493427238
paper_6506f43e232d65d21441,T2_NUMERIC,11469,44,26.05397734761804,22.716869254179127,2,1518,380,True,0.4451392235883856
paper_9e0a110ef6e1b0c6fddc,T2_NUMERIC,11673,23,28.06338429995929,24.041278420251253,3,1519,379,True,0.42311072891719326
paper_7a141eb7ef1f59f479cb,T2_NUMERIC,7434,31,14.714595665508803,19.793644963019645,0,1518,380,True,0.4307206353288397
paper_edceda0c326e8eb1ac2d,T2_NUMERIC,10332,12,22.84810753919987,22.11392522183495,4,1519,379,True,0.4562518493427238
paper_3eaca8f4077da8e86595,T2_NUMERIC,8925,60,21.35427190006219,23.926355070097696,0,1518,380,True,0.4307206353288397
paper_b52a0c44b8cd5eb19780,T2_NUMERIC,8225,43,18.368014865911586,22.331932967673662,2,1518,380,True,0.4451392235883856
paper_8b99df3455a9e4b7000a,T2_NUMERIC,10595,13,25.830981607507727,24.380350738563212,0,1518,380,True,0.4307206353288397
paper_789a6d1ad075245bcb69,T2_NUMERIC,4830,14,11.056873835457196,22.89207833427991,1,1518,380,True,0.46596178274885836
paper_936af62bff602375aae5,T2_NUMERIC,23858,32,39.05908897816356,16.371485027313085,0,1518,380,True,0.4307206353288397
paper_6f4ca55294d5886cdb1c,T2_NUMERIC,5925,4,13.903174833040056,23.46527397981444,1,1518,380,True,0.46596178274885836
paper_19daba2982570ad40c44,T2_NUMERIC,7130,22,13.796801366137398,19.350352547177277,2,1518,380,True,0.4451392235883856
paper_8e2073558413f59f9196,T2_NUMERIC,11539,22,26.083847864023703,22.604946584646594,1,1518,380,True,0.46596178274885836
paper_67a44243d7532f3741c3,T2_NUMERIC,6460,11,15.705401293740971,24.311766708577355,3,1519,379,True,0.42311072891719326
paper_abbcd9d788df52d41902,T2_NUMERIC,10185,42,25.664979038360435,25.198801215866897,0,1518,380,True,0.4307206353288397
paper_5a9b7e5a9f7c8c1ba166,T2_NUMERIC,18749,73,43.95787033795072,23.44544793746372,4,1519,379,True,0.4562518493427238
paper_9b42a9d51098cee184ff,T2_NUMERIC,9272,41,21.206329618146526,22.87136498937287,4,1519,379,True,0.4562518493427238
paper_f6075846ba4e417ca28c,T2_NUMERIC,14222,29,27.525398257173226,19.35409805735707,1,1518,380,True,0.46596178274885836
paper_5bfff58e2d219b2f51ec,T2_NUMERIC,5106,11,7.852024592112337,15.378034845500071,4,1519,379,True,0.4562518493427238
paper_2ceb025b659b75bcaad2,T2_NUMERIC,8831,15,12.994992245601987,14.715199009853908,0,1518,380,True,0.4307206353288397
paper_261cbd2e00f3d72c594e,T2_NUMERIC,7805,25,18.525951683204003,23.736004719031396,3,1519,379,True,0.42311072891719326
paper_d62c80d90844c772db99,T2_NUMERIC,8465,15,19.52421926877709,23.064641782371048,3,1519,379,True,0.42311072891719326
paper_3c08cf90b3f2d280f2f3,T2_NUMERIC,11659,50,26.659984575350396,22.866441869242987,1,1518,380,True,0.46596178274885836
paper_e5d9d6c267fc21d77d2b,T2_NUMERIC,5490,25,12.715586282996597,23.161359349720577,4,1519,379,True,0.4562518493427238
paper_7b8afc890a3e2f1390fe,T2_NUMERIC,7661,2,13.439324005426858,17.542519260444926,1,1518,380,True,0.46596178274885836
paper_a5e4bf5f1b3d5d2f15a6,T2_NUMERIC,6939,4,14.959802166964481,21.559017390062664,4,1519,379,True,0.4562518493427238
paper_b36639ed4689d6f06a08,T2_NUMERIC,7670,24,18.334610827672513,23.904316594097146,4,1519,379,True,0.4562518493427238
paper_c27015976f546c132876,T2_NUMERIC,17382,69,33.77532949653693,19.431210157943237,3,1519,379,True,0.42311072891719326
paper_1459964ba1bc517623b3,T2_NUMERIC,7983,16,15.591339921999015,19.53067759238258,1,1518,380,True,0.46596178274885836
paper_c883fb07780c18c56d51,T2_NUMERIC,10585,26,25.450393030756914,24.04382903236364,0,1518,380,True,0.4307206353288397
paper_77b848ae10d9e563dd5f,T2_NUMERIC,3652,18,8.763628094828368,23.99679105922335,3,1519,379,True,0.42311072891719326
paper_8f30d3737dcb9bbdb72f,T2_NUMERIC,6428,9,10.596366566292636,16.48470218776079,4,1519,379,True,0.4562518493427238
paper_3002a48c3ad4d8b7828e,T2_NUMERIC,7672,8,14.45241276545456,18.837868568110743,2,1518,380,True,0.4451392235883856
paper_f0d2d28c36b069584342,T2_NUMERIC,8645,8,18.369187839191607,21.24833758148248,4,1519,379,True,0.4562518493427238
paper_b7eb43a1714dfea51b3f,T2_NUMERIC,9187,25,19.14282839893355,20.8368655697546,3,1519,379,True,0.42311072891719326
paper_1fd71bfc1f86f56c22a7,T2_NUMERIC,6752,9,14.69070967599872,21.75756764810237,0,1518,380,True,0.4307206353288397
paper_66116a16ae3b911d5b05,T2_NUMERIC,13064,3,24.82826820388289,19.00510425894281,4,1519,379,True,0.4562518493427238
paper_5cfc2c0c149f395496b4,T2_NUMERIC,9489,23,19.45903476599527,20.50693936768392,3,1519,379,True,0.42311072891719326
paper_b93c83b03100d6633e9c,T2_NUMERIC,14644,20,33.211853259369725,22.679495533576706,2,1518,380,True,0.4451392235883856
paper_867ec3d26341457e02ba,T2_NUMERIC,5396,17,12.368484766530814,22.921580367922193,4,1519,379,True,0.4562518493427238
paper_72c3d3825d59c9aec77d,T2_NUMERIC,10435,8,23.33826917998021,22.365375352161195,1,1518,380,True,0.46596178274885836
paper_19b61bfed1e7420aa0cb,T2_NUMERIC,9493,13,19.0420872428093,20.05908273760592,1,1518,380,True,0.46596178274885836
paper_5429cedc04d3ff378b85,T2_NUMERIC,7629,4,14.66599457815038,19.2240065252987,1,1518,380,True,0.46596178274885836
paper_8e8402c0398073de8559,T2_NUMERIC,23657,43,56.22074447193179,23.764950954022822,3,1519,379,True,0.42311072891719326
paper_02f319b9296b69b461b6,T2_NUMERIC,10802,11,24.181766073463617,22.386378516444747,4,1519,379,True,0.4562518493427238
paper_46020a24db82d64c0fdd,T2_NUMERIC,15644,69,36.09499174152472,23.07273826484577,1,1518,380,True,0.46596178274885836
paper_6a0f9316896bfa4a79ca,T2_NUMERIC,12036,45,26.550678081578763,22.05938690726052,2,1518,380,True,0.4451392235883856
paper_44bc96df746b0dabdfc1,T2_NUMERIC,11812,27,24.936130014320273,21.110844915611473,1,1518,380,True,0.46596178274885836
paper_963a69cfb2dd14d59cfb,T2_NUMERIC,7182,3,15.38467204031371,21.42115293833711,4,1519,379,True,0.4562518493427238
paper_81b4e1ea1b99d3abd617,T2_NUMERIC,12202,30,26.85936987820556,22.01226838076181,0,1518,380,True,0.4307206353288397
paper_ee64aac8ef87d6f48b75,T2_NUMERIC,6487,41,13.23236518902493,20.39828146913046,0,1518,380,True,0.4307206353288397
paper_f6b2ad2555ee467dd60b,T2_NUMERIC,12893,29,26.34153750694587,20.430883042694386,4,1519,379,True,0.4562518493427238
paper_e66c066ad5b463fe5b2a,T2_NUMERIC,4810,13,11.3232895413023,23.54114249750998,4,1519,379,True,0.4562518493427238
paper_e301b3f95fcf8a4d6b67,T2_NUMERIC,7779,8,18.062325740463965,23.2193414840776,2,1518,380,True,0.4451392235883856
paper_413ce039d3aebe925dcf,T2_NUMERIC,6503,39,16.187664459924353,24.892610272065745,0,1518,380,True,0.4307206353288397
paper_22199bce4c24d6d2a928,T2_NUMERIC,14793,43,33.78527893163433,22.838693254670673,4,1519,379,True,0.4562518493427238
paper_875db547425c669c712f,T2_NUMERIC,4935,21,9.756050793650214,19.769099885816036,1,1518,380,True,0.46596178274885836
paper_c49ccb174fbc496a5b58,T2_NUMERIC,8631,27,19.859653299329945,23.009678252033307,2,1518,380,True,0.4451392235883856
paper_aa8deb9a1b3a3361460c,T2_NUMERIC,10895,39,25.109207495864265,23.04654198794334,4,1519,379,True,0.4562518493427238
paper_888d630bcdb565561a56,T2_NUMERIC,6301,5,14.548883615573105,23.08980100868609,1,1518,380,True,0.46596178274885836
paper_68cee94333b5ee318c5f,T2_NUMERIC,8060,23,16.07915973797478,19.94932969972057,1,1518,380,True,0.46596178274885836
paper_dcbc25ed169266411117,T2_NUMERIC,12068,40,25.907624679580763,21.468035034455387,2,1518,380,True,0.4451392235883856
paper_236a6718ea5ce8ffeef7,T2_NUMERIC,12472,32,29.292345576694835,23.48648619042241,1,1518,380,True,0.46596178274885836
paper_a35f33cae0d6e49f66ae,T2_NUMERIC,9920,25,20.516108387943536,20.68156087494308,2,1518,380,True,0.4451392235883856
paper_d4ec7d296adf27d47a89,T2_NUMERIC,13056,7,30.33930661188367,23.237826755425605,2,1518,380,True,0.4451392235883856
paper_cdecdb9ab9b6752bd7af,T2_NUMERIC,6676,16,12.97073201050211,19.428897559170327,3,1519,379,True,0.42311072891719326
paper_b8fdab800af4bb90c853,T2_NUMERIC,20709,8,42.690880222914,20.61465074263074,4,1519,379,True,0.4562518493427238
paper_063a8027d8086e50cb66,T2_NUMERIC,8918,7,17.21596158869709,19.304733784141163,0,1518,380,True,0.4307206353288397
paper_226c3f8c333a117c19f2,T2_NUMERIC,11890,24,25.237523243152932,21.225839565309446,3,1519,379,True,0.42311072891719326
paper_4fe3a499c98362690104,T2_NUMERIC,9509,29,22.218484267829616,23.365742210358206,2,1518,380,True,0.4451392235883856
paper_1cbea91ab313b361da43,T2_NUMERIC,11169,15,25.266328630388895,22.62183600178073,4,1519,379,True,0.4562518493427238
paper_c4b7ebc0e7a6c69ed1b4,T2_NUMERIC,5973,25,13.722397880474675,22.974046342666455,1,1518,380,True,0.46596178274885836
paper_a0cd7ea49cb2b30a2c1a,T2_NUMERIC,9212,17,21.341079364314634,23.166608081105768,4,1519,379,True,0.4562518493427238
paper_4b66bda2db884ec62294,T2_NUMERIC,7031,25,11.83862269421547,16.837750951806957,4,1519,379,True,0.4562518493427238
paper_9ecf94b62655b1c23adb,T2_NUMERIC,10268,14,14.803910942159872,14.417521369458388,0,1518,380,True,0.4307206353288397
paper_306ff3802cbee6d1de80,T2_NUMERIC,20451,20,37.527841216134384,18.35012528293696,1,1518,380,True,0.46596178274885836
paper_afa3ea7d91650d4e3122,T2_NUMERIC,10927,27,25.72280027106392,23.540587783530633,4,1519,379,True,0.4562518493427238
paper_b8edc7930b5c5f8e22f4,T2_NUMERIC,6971,21,16.618811553739953,23.83992476508385,3,1519,379,True,0.42311072891719326
paper_d1d7ec8f7d9a53552398,T2_NUMERIC,76,0,0.1291452566350481,16.992796925664226,3,1519,379,True,0.42311072891719326
paper_2930896f3877aba4a97b,T2_NUMERIC,8049,8,18.176411440244827,22.58219833550109,4,1519,379,True,0.4562518493427238
paper_ffd162dab133003ee535,T2_NUMERIC,10797,45,20.150681975816866,18.663223095134633,2,1518,380,True,0.4451392235883856
paper_ad8585d91ba78e04de86,T2_NUMERIC,8358,17,17.757028124553567,21.245546930549853,4,1519,379,True,0.4562518493427238
paper_4fe65207e54c7d9487ce,T2_NUMERIC,12739,17,24.50451280650907,19.235821341164197,2,1518,380,True,0.4451392235883856
paper_290b6241221ab0ad2834,T2_NUMERIC,9069,7,21.186667652228387,23.361635960115102,4,1519,379,True,0.4562518493427238
paper_07fe87a51004b7c9efc0,T2_NUMERIC,9936,5,23.170154408901976,23.31939855968395,4,1519,379,True,0.4562518493427238
paper_00ce7fde2c30dd5b48ab,T2_NUMERIC,4396,28,10.105104859928018,22.987044722311232,3,1519,379,True,0.42311072891719326
paper_2c4e6e492f2def8cd020,T2_NUMERIC,8582,37,19.950214153044744,23.24657906437281,3,1519,379,True,0.42311072891719326
paper_0c9b21dc345f17575dc6,T2_NUMERIC,9468,14,21.38945053449638,22.59130812684451,4,1519,379,True,0.4562518493427238
paper_8ff54d2a19ffa09c6e44,T2_NUMERIC,10117,42,21.102372549105475,20.85833008708656,4,1519,379,True,0.4562518493427238
paper_b97fd1a5935f47e10c77,T2_NUMERIC,11913,13,26.85930512643385,22.546214325890915,1,1518,380,True,0.46596178274885836
paper_297b7e0fb913db1e36c5,T2_NUMERIC,7534,6,15.479378733063122,20.546029643035734,4,1519,379,True,0.4562518493427238
paper_fcd41940e6c1c398ce6e,T2_NUMERIC,7239,6,14.484535758176532,20.009028537334622,1,1518,380,True,0.46596178274885836
paper_a7dd1f40e84491df9e74,T2_NUMERIC,11424,13,23.696873302070944,20.743061363857617,1,1518,380,True,0.46596178274885836
paper_76110c5258cb6ce6f2eb,T2_NUMERIC,15400,43,34.516984811125596,22.413626500730906,4,1519,379,True,0.4562518493427238
paper_c16d611f3d5d87df259d,T2_NUMERIC,2620,2,6.351093593979548,24.240815244196746,1,1518,380,True,0.46596178274885836
paper_bf328a6639cdd954adfc,T2_NUMERIC,13676,44,28.22954428189635,20.64166736026349,4,1519,379,True,0.4562518493427238
paper_87be139223c2bd606a81,T2_NUMERIC,9951,35,20.854337275427866,20.95702670628868,3,1519,379,True,0.42311072891719326
paper_bd3299bd8d04dbc1f635,T2_NUMERIC,11455,13,23.61459761699968,20.61510049498008,0,1518,380,True,0.4307206353288397
paper_bd62057c7302a0ba18e9,T2_NUMERIC,2030,13,3.0850506789891607,15.197293985168278,1,1518,380,True,0.46596178274885836
paper_e0e569e36087955e0b06,T2_NUMERIC,12874,9,28.64809390921488,22.252675088717474,4,1519,379,True,0.4562518493427238
paper_7f608eb4c9a32a33fe29,T2_NUMERIC,3926,2,7.951849570960558,20.254329014163417,2,1518,380,True,0.4451392235883856
paper_3ab1dc47ecf0c400d8e4,T2_NUMERIC,17873,59,33.4975292870596,18.741973528260278,4,1519,379,True,0.4562518493427238
paper_67ab53de6e75a2a2f118,T2_NUMERIC,9171,49,22.0406181203202,24.032949645971215,2,1518,380,True,0.4451392235883856
paper_bac4ffd70552c5c683a9,T2_NUMERIC,9879,31,19.894726639132788,20.138401294799866,2,1518,380,True,0.4451392235883856
paper_74e1a086c8cbbca52bb4,T2_NUMERIC,4039,8,9.793450383907858,24.247215607595592,0,1518,380,True,0.4307206353288397
paper_b8acb1bbd791cd562ab9,T2_NUMERIC,14944,11,30.46819312367051,20.388244863269883,1,1518,380,True,0.46596178274885836
paper_1372d5c8a2a6b2f5439f,T2_NUMERIC,19508,38,36.52277333995706,18.72194655523737,4,1519,379,True,0.4562518493427238
paper_0e2dd7108794ac9b6f39,T2_NUMERIC,7592,32,17.36583787877227,22.873864434631546,3,1519,379,True,0.42311072891719326
paper_8691c723d50c80ac5bef,T2_NUMERIC,15117,45,25.205847138025344,16.673842123453955,4,1519,379,True,0.4562518493427238
paper_3a1e1967948ef79e9bc4,T2_NUMERIC,8831,7,13.480499439820958,15.264975019613813,1,1518,380,True,0.46596178274885836
paper_3b63921dc7b40442b746,T2_NUMERIC,7782,17,13.727517615496721,17.64008945707623,1,1518,380,True,0.46596178274885836
paper_3215e9f1742562ad079b,T2_NUMERIC,7426,14,16.974117411885533,22.857685714901066,4,1519,379,True,0.4562518493427238
paper_e0fa65ab0b53e5bfe145,T2_NUMERIC,7172,27,15.732562622551074,21.936088430773946,2,1518,380,True,0.4451392235883856
paper_7282fd8c3a5c3092dc85,T2_NUMERIC,11575,11,27.62529564677906,23.866346131126615,0,1518,380,True,0.4307206353288397
paper_734689d9ad881e3f05c6,T2_NUMERIC,7925,12,13.947011586639801,17.598752790712684,0,1518,380,True,0.4307206353288397
paper_624171c350cd49226760,T2_NUMERIC,11158,3,22.230166107061795,19.92307412355422,1,1518,380,True,0.46596178274885836
paper_f75c9e7cadf53309c341,T2_NUMERIC,3859,7,7.600874356965015,19.696487061324216,2,1518,380,True,0.4451392235883856
paper_11a21ed88cf7ce283fcd,T2_NUMERIC,3160,7,7.439451069237148,23.5425666748011,3,1519,379,True,0.42311072891719326
paper_3af5860f6f122a895eb2,T2_NUMERIC,13383,15,28.826973642209495,21.539993754920044,3,1519,379,True,0.42311072891719326
paper_d7ef6d1f8a7ff12329fb,T2_NUMERIC,5432,6,12.313658058289587,22.668737220709843,2,1518,380,True,0.4451392235883856
paper_1d8f5052e7c1595ffac3,T2_NUMERIC,5482,7,11.016769478930708,20.096259538363203,2,1518,380,True,0.4451392235883856
paper_bfc0c8414856513ea244,T2_NUMERIC,8288,33,19.683337227769304,23.749200323080725,0,1518,380,True,0.4307206353288397
paper_23bcd664444706dea015,T2_NUMERIC,15017,24,33.70447709681712,22.444214621307264,0,1518,380,True,0.4307206353288397
paper_a87575ab3689cf227d88,T2_NUMERIC,14333,17,28.265439658299904,19.720532797251032,1,1518,380,True,0.46596178274885836
paper_d0057ec9692b59e85878,T2_NUMERIC,12490,54,28.53877378960468,22.84929847046011,4,1519,379,True,0.4562518493427238
paper_5e52456da510f403e89f,T2_NUMERIC,7518,9,16.15258188862842,21.485211344278287,0,1518,380,True,0.4307206353288397
paper_ee17b77f49c39b4459ff,T2_NUMERIC,6663,17,16.084768448164922,24.140429908697165,3,1519,379,True,0.42311072891719326
paper_576d45aef8ed66b05849,T2_NUMERIC,8312,9,17.49872768362116,21.052367280583685,4,1519,379,True,0.4562518493427238
paper_e18ce688c48046a0792a,T2_NUMERIC,7004,15,16.51633421292132,23.581288139522155,4,1519,379,True,0.4562518493427238
paper_3509bf41340e8ee49296,T2_NUMERIC,5540,5,11.589421873604449,20.919534067878065,2,1518,380,True,0.4451392235883856
paper_3f61f4ceb06e5ae14844,T2_NUMERIC,7948,43,15.870626833331205,19.96807603589734,1,1518,380,True,0.46596178274885836
paper_5a2b4cc8b25bcc431e57,T2_NUMERIC,8416,20,16.82329881575196,19.989661140389686,1,1518,380,True,0.46596178274885836
paper_39aa6a85d87b01ff395b,T2_NUMERIC,7488,12,16.70194939891773,22.304953791289705,0,1518,380,True,0.4307206353288397
paper_1850d9d0595fc4db1d19,T2_NUMERIC,10452,8,19.335703830910425,18.499525287897463,4,1519,379,True,0.4562518493427238
paper_8d683bd872e36ab148f1,T2_NUMERIC,19027,35,42.15585756426677,22.15580888435737,0,1518,380,True,0.4307206353288397
paper_75dbd75e4b029ba2987f,T2_NUMERIC,23156,112,40.99240855684211,17.70271573537835,1,1518,380,True,0.46596178274885836
paper_aba23cbfef580e6ad9ba,T2_NUMERIC,10420,16,22.326299715496067,21.42639128166609,3,1519,379,True,0.42311072891719326
paper_af8ba896d46f910daa80,T2_NUMERIC,15520,68,39.468521847446006,25.430748613045107,3,1519,379,True,0.42311072891719326
paper_3ff19035e37c12ecf2bc,T2_NUMERIC,2802,1,6.249112575333705,22.302328962647056,3,1519,379,True,0.42311072891719326
paper_0475da2955b53fdb6606,T2_NUMERIC,12971,23,28.681350400807847,22.11190378599017,0,1518,380,True,0.4307206353288397
paper_2175732ba55339f5c6f5,T2_NUMERIC,7632,11,16.590986213030703,21.738713591497252,3,1519,379,True,0.42311072891719326
paper_5e7136f9fee556336842,T2_NUMERIC,9127,4,18.05749139452872,19.78469529366574,3,1519,379,True,0.42311072891719326
paper_661b1867c0226471dae2,T2_NUMERIC,8653,3,19.82216772713672,22.907855919492338,4,1519,379,True,0.4562518493427238
paper_a179d968d5804bee3736,T2_NUMERIC,13914,12,22.723410854835908,16.33132877306016,1,1518,380,True,0.46596178274885836
paper_87938812c0715e3e4672,T2_NUMERIC,14040,32,29.093845551308615,20.72211221603178,3,1519,379,True,0.42311072891719326
paper_0c794859356c0884a5e4,T2_NUMERIC,6789,5,13.593449163576572,20.02275616965175,2,1518,380,True,0.4451392235883856
paper_2c919dff8cd869413822,T2_NUMERIC,11534,7,26.748457988256547,23.19096409593944,0,1518,380,True,0.4307206353288397
paper_50a3e9cfd92b2ecacf27,T2_NUMERIC,11210,41,25.168252498387346,22.45160793790129,2,1518,380,True,0.4451392235883856
paper_7485d66327d3f92e041b,T2_NUMERIC,8365,19,17.269047049204833,20.64440770974875,2,1518,380,True,0.4451392235883856
paper_9515fae066681a1ef008,T2_NUMERIC,8214,13,16.838618972139304,20.499901353955813,0,1518,380,True,0.4307206353288397
paper_d79077e7e2e94142e92c,T2_NUMERIC,14882,33,27.34548695852293,18.3748736450228,3,1519,379,True,0.42311072891719326
paper_9280239db1e4821bc6e9,T2_NUMERIC,6296,10,13.385287737305998,21.259986876280173,4,1519,379,True,0.4562518493427238
paper_a3c79491871022da9d5d,T2_NUMERIC,11505,47,23.42759244573694,20.36296605453015,1,1518,380,True,0.46596178274885836
paper_ee445c79be8a00b91f8d,T2_NUMERIC,7481,3,16.758207824325314,22.40102636589402,4,1519,379,True,0.4562518493427238
paper_25e647536008b73b1056,T2_NUMERIC,6385,8,15.950760444778359,24.981613852432826,0,1518,380,True,0.4307206353288397
paper_5d014d9e38e283a8350b,T2_NUMERIC,11044,32,25.387424148916285,22.98752639344104,3,1519,379,True,0.42311072891719326
paper_edc48722c1ed531a4bfd,T2_NUMERIC,348,0,0.5295457383048053,15.216831560482914,2,1518,380,True,0.4451392235883856
paper_3bd3c3fc9e9fb1b509ee,T2_NUMERIC,8219,21,18.609224199692658,22.64171334674858,4,1519,379,True,0.4562518493427238
paper_6df5777bf79bc1e2baf2,T2_NUMERIC,7942,15,18.5529764444484,23.36058479532662,3,1519,379,True,0.42311072891719326
paper_155f03396b28757938db,T2_NUMERIC,6592,34,15.932921988644825,24.170087968211202,0,1518,380,True,0.4307206353288397
paper_f29582b34f36217f5245,T2_NUMERIC,10237,26,23.578800336409902,23.032920129344436,2,1518,380,True,0.4451392235883856
paper_b4060e490d5e7ece7232,T2_NUMERIC,17205,35,34.92485695783194,20.299248449771547,4,1519,379,True,0.4562518493427238
paper_018b516e093119dd238f,T2_NUMERIC,8840,37,17.13427080810575,19.3826592851875,0,1518,380,True,0.4307206353288397
paper_4dc2eadc3749a7660e20,T2_NUMERIC,19096,35,37.112833938885316,19.434873239885484,1,1518,380,True,0.46596178274885836
paper_e4a601f09f52c66b0c2d,T2_NUMERIC,15408,7,23.93850788459306,15.536414774528208,1,1518,380,True,0.46596178274885836
paper_e5334460cd55c6892d27,T2_NUMERIC,9134,35,18.627715304855247,20.39382012793436,3,1519,379,True,0.42311072891719326
paper_b1137dddd2d1c3041dd4,T2_NUMERIC,11932,45,20.45503949076903,17.143009965445046,3,1519,379,True,0.42311072891719326
paper_470a19bc15b33b925872,T2_NUMERIC,3814,18,9.14716887915838,23.98313812049916,1,1518,380,True,0.46596178274885836
paper_0d0e2940e0e755570725,T2_NUMERIC,6335,31,13.507112169550792,21.32140831815437,0,1518,380,True,0.4307206353288397
paper_e61f93a45b9dbd4173bb,T2_NUMERIC,10061,57,20.125458220953245,20.00343725370564,2,1518,380,True,0.4451392235883856
paper_f428a6fb981d833aa062,T2_NUMERIC,12878,20,28.47355145928901,22.110227876447436,0,1518,380,True,0.4307206353288397
paper_2ce6080bc78f6dc4bbee,T2_NUMERIC,10162,74,24.49421830884384,24.103737757177566,3,1519,379,True,0.42311072891719326
paper_4a1a84ef181c583b0c16,T2_NUMERIC,10243,3,18.404188588360658,17.967576479899108,3,1519,379,True,0.42311072891719326
paper_d0916bb0e72843b26dae,T2_NUMERIC,7349,3,18.29914591497752,24.90018494349914,0,1518,380,True,0.4307206353288397
paper_be916dbf47bd1190bfac,T2_NUMERIC,4342,6,7.775188473021401,17.90692877250438,1,1518,380,True,0.46596178274885836
paper_d83e0c5ca69ddb960c2d,T2_NUMERIC,12618,20,29.686845562155877,23.527378001391565,2,1518,380,True,0.4451392235883856
paper_77bb6698199bf1624c46,T2_NUMERIC,7739,11,15.338953172565422,19.82032972291694,3,1519,379,True,0.42311072891719326
paper_a91b6cdc70f66ae90058,T2_NUMERIC,15729,27,30.557164558102205,19.42727735908335,4,1519,379,True,0.4562518493427238
paper_e66ace61c008f0ebbeae,T2_NUMERIC,20481,55,33.844677719994564,16.524914662367348,3,1519,379,True,0.42311072891719326
paper_31f1cb4fdb10b6110e78,T2_NUMERIC,7995,24,18.434897625228793,23.05803330234996,1,1518,380,True,0.46596178274885836
paper_c384165a13e05f8ab24b,T2_NUMERIC,8534,13,16.56381666636568,19.40920631165418,2,1518,380,True,0.4451392235883856
paper_1a0a3e23f9a87b4f601d,T2_NUMERIC,5201,18,10.508406111733246,20.204587794141982,2,1518,380,True,0.4451392235883856
paper_3d161fef9d71e18b98ab,T2_NUMERIC,18404,25,40.78110174446739,22.15882511653303,2,1518,380,True,0.4451392235883856
paper_e15473cb8033ba3e230e,T2_NUMERIC,14727,57,25.01657861710444,16.98688029952091,3,1519,379,True,0.42311072891719326
paper_047f3d56832a59d32f3a,T2_NUMERIC,17555,17,35.451474933477265,20.194517193664062,4,1519,379,True,0.4562518493427238
paper_92a9eb1be5953f61da8b,T2_NUMERIC,13974,17,34.347028831000976,24.57923918062185,0,1518,380,True,0.4307206353288397
paper_c6717e49ec3e5a60cde8,T2_NUMERIC,5654,24,12.991293461235713,22.97717272945828,2,1518,380,True,0.4451392235883856
paper_ba893a0b287fc0db68c1,T2_NUMERIC,11906,41,27.13578705867733,22.79169079344644,2,1518,380,True,0.4451392235883856
paper_733dead659ca641cecf9,T2_NUMERIC,7921,11,18.372216534140946,23.1943145235967,4,1519,379,True,0.4562518493427238
paper_85c49445cc84be9508d8,T2_NUMERIC,14993,28,32.153729731173456,21.445827873790073,4,1519,379,True,0.4562518493427238
paper_cb1e8b9fb74ebf9aab67,T2_NUMERIC,6083,10,14.738981614857929,24.229790588291845,4,1519,379,True,0.4562518493427238
paper_083453b34b1f4bf3a511,T2_NUMERIC,14796,14,23.20319729192131,15.682074406543194,4,1519,379,True,0.4562518493427238
paper_448268c4f609c1ce1787,T2_NUMERIC,9015,16,16.58214632379192,18.39395044236486,0,1518,380,True,0.4307206353288397
paper_899264c07796c6d9aab5,T2_NUMERIC,5830,12,12.86156424859878,22.06100214167887,0,1518,380,True,0.4307206353288397
paper_3cb5fc46313617ae9cf3,T2_NUMERIC,5204,3,11.22909553228314,21.577816165032935,4,1519,379,True,0.4562518493427238
paper_8af876bb4b710a9e6b04,T2_NUMERIC,14405,5,24.497054681877223,17.00593868925875,3,1519,379,True,0.42311072891719326
paper_c750381016e9d48f54f5,T2_NUMERIC,12449,22,29.46947054391629,23.672158843213346,0,1518,380,True,0.4307206353288397
paper_1099000f012657a4a58c,T2_NUMERIC,14868,12,31.06974974169552,20.897060627989994,4,1519,379,True,0.4562518493427238
paper_5c211132f97e75987828,T2_NUMERIC,5993,19,11.016014967538679,18.381469994224393,0,1518,380,True,0.4307206353288397
paper_3bdb77b817ab0e39e5e3,T2_NUMERIC,11473,19,19.801628675769077,17.259329448068577,4,1519,379,True,0.4562518493427238
paper_98b22e436f52b6233975,T2_NUMERIC,5064,9,10.083038483080154,19.911213434202516,2,1518,380,True,0.4451392235883856
paper_344ec40420eed950c8fb,T2_NUMERIC,15738,52,35.39676222427429,22.491270952010602,0,1518,380,True,0.4307206353288397
paper_af9e15e32ede3af8ebf7,T2_NUMERIC,8590,11,18.400416959075283,21.420741512311157,1,1518,380,True,0.46596178274885836
paper_e50e8b978761f11e5df6,T2_NUMERIC,17333,54,35.911963352462124,20.718838834859586,0,1518,380,True,0.4307206353288397
paper_d50b8aede0d39091b0ee,T2_NUMERIC,5748,9,11.716205582001747,20.383099481561842,1,1518,380,True,0.46596178274885836
paper_49853d61ac9e78b09d27,T2_NUMERIC,11494,14,25.897819383378547,22.53159855870763,1,1518,380,True,0.46596178274885836
paper_a3dcf98fe3d5b5b73d1c,T2_NUMERIC,13612,5,28.436202452149,20.890539562260507,3,1519,379,True,0.42311072891719326
paper_5fefae153331fd9cc0e9,T2_NUMERIC,7102,16,13.003168599677904,18.309164460261762,0,1518,380,True,0.4307206353288397
paper_303091be2da1043584f5,T2_NUMERIC,10737,18,21.663724358141042,20.17670146050204,0,1518,380,True,0.4307206353288397
paper_4a02daf09222671bb343,T2_NUMERIC,8653,15,20.197955363625315,23.342141874061383,2,1518,380,True,0.4451392235883856
paper_701c52df0bb116df7334,T2_NUMERIC,12573,27,29.741687026947947,23.655203234667894,0,1518,380,True,0.4307206353288397
paper_e2007791cc10c41715b8,T2_NUMERIC,5648,8,12.175139912639294,21.556550836825945,4,1519,379,True,0.4562518493427238
paper_4635a9cc7bbcd74bc882,T2_NUMERIC,10792,17,23.71190990819038,21.971747505736083,1,1518,380,True,0.46596178274885836
paper_7cc40044e8e7c820958f,T2_NUMERIC,2341,6,4.928071583949082,21.051138760995652,1,1518,380,True,0.46596178274885836
paper_c332c59b62a7c6bc99db,T2_NUMERIC,10971,24,24.549032991609476,22.37629476949182,0,1518,380,True,0.4307206353288397
paper_663c9861204cefb16aa6,T2_NUMERIC,14066,56,24.796860746716643,17.628935551483465,3,1519,379,True,0.42311072891719326
paper_860747b92870ed8134b5,T2_NUMERIC,11430,14,25.415172094915675,22.23549614603296,1,1518,380,True,0.46596178274885836
paper_58ff33777204f4c8bb8c,T2_NUMERIC,4692,6,10.10330300886686,21.533041365871398,2,1518,380,True,0.4451392235883856
paper_60859c18d1b677dfeea1,T2_NUMERIC,6633,10,14.97310151052062,22.573649194211697,0,1518,380,True,0.4307206353288397
paper_b9d4d7e56d125a28c869,T2_NUMERIC,12315,39,29.17629998345243,23.69167680345305,1,1518,380,True,0.46596178274885836
paper_1effe763b7ff437e1fc9,T2_NUMERIC,13431,31,29.791956669830483,22.181488102025526,0,1518,380,True,0.4307206353288397
paper_e9ac0d341bdc0d314ea1,T2_NUMERIC,6364,4,11.486168220286538,18.048661565503675,1,1518,380,True,0.46596178274885836
paper_711883789f83c2f2a3b5,T2_NUMERIC,5916,28,13.665312164148775,23.098904942780212,1,1518,380,True,0.46596178274885836
paper_60f2e60b844747fe802d,T2_NUMERIC,12060,43,29.387654543141807,24.367872755507303,3,1519,379,True,0.42311072891719326
paper_fb3ca2b9915274b899b1,T3_CLAIM,7038,1,3.7501609046657833,5.328446866532798,1,1518,380,True,0.9050359849756732
paper_c2234e1a403516780d78,T3_CLAIM,9710,2,1.4394905050556523,1.4824824974826492,0,1518,380,True,0.9134376116368013
paper_8257025951ba6b28b75b,T3_CLAIM,21876,1,4.158560681574371,1.900969410118107,2,1518,380,True,0.883571677390088
paper_1b171a1a4aec0890360c,T3_CLAIM,6363,1,2.527663258475734,3.972439507269738,1,1518,380,True,0.9050359849756732
paper_bd883eabafd2e7b17297,T3_CLAIM,12645,6,4.7662617589322265,3.7692856931057546,0,1518,380,True,0.9134376116368013
paper_985fcd185ed02e5bf0c9,T3_CLAIM,3306,3,5.556202248469251,16.8064193843595,3,1519,379,True,0.867002467604485
paper_89fda2b1fae52af29ea2,T3_CLAIM,6469,4,4.823908397802371,7.456961505336792,3,1519,379,True,0.867002467604485
paper_b73e8d1371d2c75baf5e,T3_CLAIM,11966,6,5.107238624632148,4.268125208617874,3,1519,379,True,0.867002467604485
paper_ad00811f68d163562037,T3_CLAIM,9089,22,6.940317149913207,7.635952414911658,3,1519,379,True,0.867002467604485
paper_e7cb9db0da80a095bfbf,T3_CLAIM,7870,22,0.3534515133655975,0.449112469333669,0,1518,380,True,0.9134376116368013
paper_c59024ff0db6a1d90594,T3_CLAIM,10100,0,6.882326637974349,6.814184790073613,2,1518,380,True,0.883571677390088
paper_5f4d155a7e87fdbcfd57,T3_CLAIM,12702,3,6.846054816104236,5.389745564560098,0,1518,380,True,0.9134376116368013
paper_e2fe8c3fb17de72a30f6,T3_CLAIM,2435,7,4.435350760684893,18.21499285702215,3,1519,379,True,0.867002467604485
paper_9b4349e4d6009d73ce9d,T3_CLAIM,4516,0,1.6810999214711309,3.722541898740325,0,1518,380,True,0.9134376116368013
paper_821c30710a08627d5ec1,T3_CLAIM,6884,1,5.964530167730004,8.6643378380738,0,1518,380,True,0.9134376116368013
paper_69fa8302ed65d234bceb,T3_CLAIM,9028,6,7.234202551899275,8.013073274146295,2,1518,380,True,0.883571677390088
paper_1e65e9d0a8786fa0982f,T3_CLAIM,8517,2,3.3786459806694267,3.966943736843286,0,1518,380,True,0.9134376116368013
paper_ac7d4e80f6136ba80773,T3_CLAIM,12136,2,6.412757563501893,5.284078414223709,0,1518,380,True,0.9134376116368013
paper_f127962446e96a02507f,T3_CLAIM,9073,5,3.230323950456274,3.56037027494354,3,1519,379,True,0.867002467604485
paper_4ee58c087d3e3326bfd7,T3_CLAIM,14188,3,5.9428140193878916,4.188619974195018,1,1518,380,True,0.9050359849756732
paper_df86d7f2b086c51bfe19,T3_CLAIM,8970,11,10.199617978071457,11.370811569756361,2,1518,380,True,0.883571677390088
paper_b3d33d8ef68936f98277,T3_CLAIM,3349,1,1.205768951890302,3.6003850459549187,2,1518,380,True,0.883571677390088
paper_b1be9d9c2235573dcd95,T3_CLAIM,14428,7,6.991071614628752,4.845489059210391,0,1518,380,True,0.9134376116368013
paper_f958223ca2563b6c2ee0,T3_CLAIM,12794,2,7.124089021857,5.568304691149757,4,1519,379,True,0.904813262942491
paper_7a234a0942160567de4e,T3_CLAIM,5198,2,2.3742759031254757,4.567671995239468,4,1519,379,True,0.904813262942491
paper_32841268fd79635f1a52,T3_CLAIM,10253,4,3.8728116569745192,3.777247300277498,3,1519,379,True,0.867002467604485
paper_493838792c068344ab2f,T3_CLAIM,12873,21,6.202332444507436,4.818094029757971,3,1519,379,True,0.867002467604485
paper_ca5062f04a73b5342113,T3_CLAIM,6863,4,10.216397681355865,14.886197991193157,4,1519,379,True,0.904813262942491
paper_51d90b89ffab3e573b94,T3_CLAIM,8673,14,11.662383866495167,13.446770283056805,0,1518,380,True,0.9134376116368013
paper_bfbee9103060405ddf4a,T3_CLAIM,10044,3,3.4885867379876347,3.473304199509792,4,1519,379,True,0.904813262942491
paper_1d196ac13fa57b930414,T3_CLAIM,12234,1,4.910883612784129,4.014127523936676,3,1519,379,True,0.867002467604485
paper_a6c7c43c9bb00b33965a,T3_CLAIM,8768,19,9.927459644389259,11.322376419239575,2,1518,380,True,0.883571677390088
paper_dd072c7a9a4eb901d770,T3_CLAIM,5212,8,5.670046815546828,10.87883118869307,4,1519,379,True,0.904813262942491
paper_a9b7cccd95ca07156fb7,T3_CLAIM,7594,1,4.13754392876805,5.448438146916052,1,1518,380,True,0.9050359849756732
paper_e038c6543f5175116b1c,T3_CLAIM,8025,5,4.804501111993058,5.986917273511598,3,1519,379,True,0.867002467604485
paper_145373617da645708424,T3_CLAIM,6755,19,4.661480310468912,6.900785063610528,3,1519,379,True,0.867002467604485
paper_6549ab238decd77f0d36,T3_CLAIM,9656,1,5.8025117280638145,6.009229212990695,3,1519,379,True,0.867002467604485
paper_c146dad478613317f96c,T3_CLAIM,6981,0,6.045197437901283,8.659500698898844,2,1518,380,True,0.883571677390088
paper_ca18a68f81210c3e50e9,T3_CLAIM,3715,0,1.6130801384072782,4.342073050894423,1,1518,380,True,0.9050359849756732
paper_02d87c8cf3c68e9b7624,T3_CLAIM,378,0,0.26044674608341845,6.890125557762392,3,1519,379,True,0.867002467604485
paper_04ee90d11a9e2e5995fa,T3_CLAIM,7852,14,9.357116469100696,11.916857449185807,1,1518,380,True,0.9050359849756732
paper_c35f6124b433c452f4bd,T3_CLAIM,5749,4,1.4802759858463346,2.5748408172661934,3,1519,379,True,0.867002467604485
paper_27f10dec8047a843a6ec,T3_CLAIM,10997,0,1.9042909179920373,1.7316458288551764,2,1518,380,True,0.883571677390088
paper_f3afec6e13796b766325,T3_CLAIM,11069,5,8.233061883985945,7.437945509066714,0,1518,380,True,0.9134376116368013
paper_00c54464ef9a21d1e80e,T3_CLAIM,8214,9,7.793270964185132,9.487790314323268,4,1519,379,True,0.904813262942491
paper_34930f421e5c0fbf49d0,T3_CLAIM,26092,9,11.362567070567236,4.354808780686508,0,1518,380,True,0.9134376116368013
paper_89ea92aa5842a2c088a5,T3_CLAIM,7633,2,2.7249567191821638,3.5699681896792397,2,1518,380,True,0.883571677390088
paper_86c706cc7c1b31c5b704,T3_CLAIM,8724,6,3.2587495406146605,3.73538461785266,0,1518,380,True,0.9134376116368013
paper_5f9e475046ee441302b8,T3_CLAIM,9207,7,8.315158278485464,9.031343845427896,3,1519,379,True,0.867002467604485
paper_32588ab02863572afb45,T3_CLAIM,5368,8,5.8146343599965356,10.832031222050176,4,1519,379,True,0.904813262942491
paper_ea0d0996e01f5ba956c4,T3_CLAIM,9449,3,10.746913271517547,11.373598551717164,4,1519,379,True,0.904813262942491
paper_fd846be4054cb8da1c75,T3_CLAIM,11267,2,4.828464685094375,4.2854927532567455,1,1518,380,True,0.9050359849756732
paper_23dce9b08be913b037dd,T3_CLAIM,6241,1,4.208130533733084,6.742718368423464,3,1519,379,True,0.867002467604485
paper_76ea1bc753a6f3bd627c,T3_CLAIM,5745,7,3.263288336627887,5.680223388386226,3,1519,379,True,0.867002467604485
paper_0f9cb975cd0b7c104b86,T3_CLAIM,9100,7,5.2401433806142075,5.758399319356272,2,1518,380,True,0.883571677390088
paper_55cc9922955ed3e6ec1b,T3_CLAIM,9068,6,5.316290081272586,5.862693075951242,3,1519,379,True,0.867002467604485
paper_5675b30f5cad570acb65,T3_CLAIM,7323,6,5.699711653114097,7.783301451746684,2,1518,380,True,0.883571677390088
paper_d6098e7c24a35a215597,T3_CLAIM,11021,15,14.543897408929842,13.19653153881666,2,1518,380,True,0.883571677390088
paper_abbde51c7d33404cc803,T3_CLAIM,14895,2,3.082540973010673,2.0695139127295556,4,1519,379,True,0.904813262942491
paper_654a44c8e94205f86a24,T3_CLAIM,18258,3,10.102937677188937,5.533430648038633,2,1518,380,True,0.883571677390088
paper_dd00a6ebc17bdfcae203,T3_CLAIM,14015,3,10.847251783723065,7.739744405082458,2,1518,380,True,0.883571677390088
paper_35b3eab66de11aeab930,T3_CLAIM,9620,4,4.264087943769721,4.432523850072475,3,1519,379,True,0.867002467604485
paper_25f8891779281d552aed,T3_CLAIM,10819,4,8.867666389893094,8.196382650793135,1,1518,380,True,0.9050359849756732
paper_43acf95a4cff34bcd303,T3_CLAIM,6315,3,4.6947015236134755,7.434206688224032,2,1518,380,True,0.883571677390088
paper_2dd21d283cb3890b0651,T3_CLAIM,17232,3,3.412927897424683,1.9805756136401362,3,1519,379,True,0.867002467604485
paper_485b3fecc88210a2fb80,T3_CLAIM,9656,10,6.110332563923909,6.328016325521861,3,1519,379,True,0.867002467604485
paper_6445b8c71cfc27098a19,T3_CLAIM,6396,4,3.0025474381010397,4.694414381021013,2,1518,380,True,0.883571677390088
paper_c8f09dfd076f3e2b5a53,T3_CLAIM,16597,0,5.290210523874366,3.187449854717338,1,1518,380,True,0.9050359849756732
paper_ddc1627042a99d4c0665,T3_CLAIM,5518,6,4.44867711038848,8.062118721254947,1,1518,380,True,0.9050359849756732
paper_e072120be00c97a29167,T3_CLAIM,9002,9,6.645456249836192,7.382199788753823,3,1519,379,True,0.867002467604485
paper_bfafb1f783cf1c10b709,T3_CLAIM,8443,2,5.647618055669717,6.689112940506593,0,1518,380,True,0.9134376116368013
paper_4611789ef7e3c08c3ac9,T3_CLAIM,7476,0,6.789157181487135,9.081269638158286,0,1518,380,True,0.9134376116368013
paper_19623e79243d0cf49b1e,T3_CLAIM,6701,6,3.099078295146645,4.624799724140643,2,1518,380,True,0.883571677390088
paper_0f61c61330c55093b22d,T3_CLAIM,8809,5,10.84702180288707,12.31356771811451,4,1519,379,True,0.904813262942491
paper_c2a30d1e4f252f81df97,T3_CLAIM,9455,4,2.7822130639408607,2.942583885712174,2,1518,380,True,0.883571677390088
paper_47eb55cbd779efa686da,T3_CLAIM,16975,6,7.913642514571426,4.661939625667998,4,1519,379,True,0.904813262942491
paper_b77b159f8f12131d26af,T3_CLAIM,4785,8,3.2177679160485257,6.724697839181872,3,1519,379,True,0.867002467604485
paper_7ee211be810b2ec4f105,T3_CLAIM,15092,2,6.846633496675201,4.536597864216274,1,1518,380,True,0.9050359849756732
paper_0ca1a64ca43828e8bc89,T3_CLAIM,14004,3,4.364898890914838,3.1168943808303613,1,1518,380,True,0.9050359849756732
paper_78d9139681b32b96ff05,T3_CLAIM,10839,1,5.48203868207878,5.057697833821183,4,1519,379,True,0.904813262942491
paper_68b682c64bdfa515c2d5,T3_CLAIM,25609,13,2.532519722888586,0.9889178503216002,1,1518,380,True,0.9050359849756732
paper_cad4056b1e168f18b713,T3_CLAIM,3999,2,2.5166937851751605,6.293307789885373,4,1519,379,True,0.904813262942491
paper_3d90170a02ec76d9ceea,T3_CLAIM,26092,3,12.144878052860243,4.6546366905029295,0,1518,380,True,0.9134376116368013
paper_b818e1ab3266976a8db9,T3_CLAIM,9065,4,8.695008557297859,9.591846174625328,3,1519,379,True,0.867002467604485
paper_9744040006c757b714ce,T3_CLAIM,17678,4,12.972948465400302,7.3384706784705855,1,1518,380,True,0.9050359849756732
paper_97acf7f1735788135ab2,T3_CLAIM,11324,2,5.566153704908211,4.91536003612523,0,1518,380,True,0.9134376116368013
paper_af86becd1d44297317eb,T3_CLAIM,10932,0,2.247942134882381,2.0562954032952625,4,1519,379,True,0.904813262942491
paper_cdd128adfb5f643d39be,T3_CLAIM,6847,9,2.8299114310436764,4.1330676661949415,3,1519,379,True,0.867002467604485
paper_9ce44f3c347715a57bfd,T3_CLAIM,11194,6,8.320048379153738,7.432596372300998,2,1518,380,True,0.883571677390088
paper_14885a60d70b18d57ffa,T3_CLAIM,11369,18,4.784334578888116,4.208228145736754,2,1518,380,True,0.883571677390088
paper_e0741239e6b4af7e9060,T3_CLAIM,9743,0,5.867813113307495,6.0225937732808115,0,1518,380,True,0.9134376116368013
paper_fdb671853a669cdb0e87,T3_CLAIM,9277,2,3.07259270045751,3.312054220607427,0,1518,380,True,0.9134376116368013
paper_59c8c60a6758aa8e98da,T3_CLAIM,11779,2,7.620667811692961,6.4697069459996275,4,1519,379,True,0.904813262942491
paper_71f603e6d51c12630385,T3_CLAIM,9602,1,3.8586126730788015,4.018551002998127,4,1519,379,True,0.904813262942491
paper_70f52b65fe6b6074b908,T3_CLAIM,10182,2,4.316771573202879,4.239610659205342,0,1518,380,True,0.9134376116368013
paper_a29e23e2440fa2936e13,T3_CLAIM,10779,24,7.577144903123528,7.029543467041031,1,1518,380,True,0.9050359849756732
paper_d8da4b545589c42be5f2,T3_CLAIM,10265,2,13.405931424661665,13.059845518423444,3,1519,379,True,0.867002467604485
paper_17bf0cae07002c40490e,T3_CLAIM,7067,0,6.210171566753348,8.787564124456415,3,1519,379,True,0.867002467604485
paper_56c871a48eef1bc45564,T3_CLAIM,8774,7,3.451223121278234,3.933466060266964,1,1518,380,True,0.9050359849756732
paper_40ad1ca31f69049b9c34,T3_CLAIM,22166,4,8.138950234368622,3.6718173032430843,3,1519,379,True,0.867002467604485
paper_5011fcd87c855c7b431d,T3_CLAIM,12363,16,13.995934172479629,11.32082356424786,0,1518,380,True,0.9134376116368013
paper_7240b6122ecd6cc368da,T3_CLAIM,14064,3,1.0129641860434566,0.7202532608386352,2,1518,380,True,0.883571677390088
paper_d744c0f7280272110b1c,T3_CLAIM,20397,0,9.625848120504832,4.719247007160285,0,1518,380,True,0.9134376116368013
paper_20405fbee74bdd933063,T3_CLAIM,9596,1,5.21319677339057,5.432676920998927,3,1519,379,True,0.867002467604485
paper_dce85d264393d934c1c2,T3_CLAIM,11787,3,4.936303551720705,4.187921906948931,3,1519,379,True,0.867002467604485
paper_c84f83ae2a94c240da67,T3_CLAIM,8843,21,4.958195425005445,5.606915554682173,0,1518,380,True,0.9134376116368013
paper_8640f23aabb16c409f47,T3_CLAIM,6127,17,12.156794935358217,19.841349657839427,1,1518,380,True,0.9050359849756732
paper_7d5aebf7dad543650e12,T3_CLAIM,7875,3,3.3144004903850677,4.208762527473102,0,1518,380,True,0.9134376116368013
paper_2fb2efaeb9b40547dbba,T3_CLAIM,16852,10,0.9884554267611378,0.5865508110379408,2,1518,380,True,0.883571677390088
paper_df4f5b6d769e24884e34,T3_CLAIM,13347,0,6.908411996048996,5.17600359335356,3,1519,379,True,0.867002467604485
paper_23067971f4b570077210,T3_CLAIM,4907,3,2.0010690626567293,4.077988715420275,3,1519,379,True,0.867002467604485
paper_e5d8711fb39496d60afc,T3_CLAIM,14654,0,6.1309799005567545,4.183826873588614,2,1518,380,True,0.883571677390088
paper_30665dd11d87f523f8c5,T3_CLAIM,25520,1,2.7514216858316325,1.0781432938211726,1,1518,380,True,0.9050359849756732
paper_4caad60a26ac6522fd27,T3_CLAIM,8088,5,8.357401219974822,10.333087561788851,4,1519,379,True,0.904813262942491
paper_98717761258ee145c9d8,T3_CLAIM,13896,25,16.177002232833228,11.641481169281253,2,1518,380,True,0.883571677390088
paper_053b92fbb32e346bfd2b,T3_CLAIM,13624,1,5.784121797223841,4.245538606300529,4,1519,379,True,0.904813262942491
paper_3fc5ad888280021a152a,T3_CLAIM,48529,0,0.016287530859460345,0.0033562469573781336,3,1519,379,True,0.867002467604485
paper_64aa55b50d42d19509ef,T3_CLAIM,6630,8,7.685070286802322,11.591357898646036,2,1518,380,True,0.883571677390088
paper_d1323c3c9ab5baa345f5,T3_CLAIM,6793,0,3.5438169375190873,5.216865799380373,2,1518,380,True,0.883571677390088
paper_569fb5fe6cc2efe4d817,T3_CLAIM,12347,3,10.123595678882216,8.19923518173015,4,1519,379,True,0.904813262942491
paper_5adcc8e2ca04bcfc87d9,T3_CLAIM,8425,22,4.91805283652315,5.837451438009674,4,1519,379,True,0.904813262942491
paper_e57478bf8eb05ac918ba,T3_CLAIM,19117,2,1.4874169318064823,0.7780598063537596,1,1518,380,True,0.9050359849756732
paper_5ce355c8f4c399651bf5,T3_CLAIM,15246,4,4.5570334033235875,2.989002625818961,1,1518,380,True,0.9050359849756732
paper_b78f0ad273c0f3734d07,T3_CLAIM,8352,5,5.924676153226645,7.0937214478288375,3,1519,379,True,0.867002467604485
paper_b0e9eb2848ba1c224022,T3_CLAIM,5409,22,5.734591593665346,10.601944155417536,4,1519,379,True,0.904813262942491
paper_527a780511b23ba51453,T3_CLAIM,9293,22,10.339676431165197,11.126306285553854,2,1518,380,True,0.883571677390088
paper_2f0372a1092eda59e322,T3_CLAIM,9963,6,5.67047544290509,5.69153411914593,0,1518,380,True,0.9134376116368013
paper_a5f1e11de5f0448369f5,T3_CLAIM,6075,3,2.837447853021091,4.670696054355705,4,1519,379,True,0.904813262942491
paper_8a13100af2dfd41eb756,T3_CLAIM,8229,12,3.8871009908164593,4.723661430084408,1,1518,380,True,0.9050359849756732
paper_131f8159c96f54d575a2,T3_CLAIM,13731,7,11.47312756968925,8.355638751503351,3,1519,379,True,0.867002467604485
paper_80a68f160df4694a78e4,T3_CLAIM,12598,16,12.385003352372141,9.830928204772299,3,1519,379,True,0.867002467604485
paper_f07c5b93cfd2ea6a70f0,T3_CLAIM,5470,0,1.21029443950421,2.2126040941576046,1,1518,380,True,0.9050359849756732
paper_e0541593a359d8a87a28,T3_CLAIM,14587,2,3.0774752679450468,2.1097383066737825,4,1519,379,True,0.904813262942491
paper_8fecf48988292b0785aa,T3_CLAIM,6536,7,8.667321590472929,13.260895946256012,2,1518,380,True,0.883571677390088
paper_50c23e22863d3b23264b,T3_CLAIM,7997,12,9.977184702131199,12.476159437453044,0,1518,380,True,0.9134376116368013
paper_e32ff121a88635b9567c,T3_CLAIM,9121,3,3.963951518640111,4.345961537813958,3,1519,379,True,0.867002467604485
paper_09c4f2f626f879ade963,T3_CLAIM,6308,13,6.514742707188548,10.327746840818877,1,1518,380,True,0.9050359849756732
paper_ed68ec856c007b57b392,T3_CLAIM,8322,4,9.988745594252684,12.002818546326225,1,1518,380,True,0.9050359849756732
paper_61b3e2b332fc7c0c5fac,T3_CLAIM,4481,6,3.6485819064263154,8.142338554845605,1,1518,380,True,0.9050359849756732
paper_e0bc38afddebf5979ec5,T3_CLAIM,11171,25,8.09511643928018,7.24654591288173,4,1519,379,True,0.904813262942491
paper_a462119ad795fec5ed0b,T3_CLAIM,13572,14,10.805839943610065,7.9618626168656546,2,1518,380,True,0.883571677390088
paper_c3bb7c56866fff2e4754,T3_CLAIM,6013,2,4.859454458753879,8.081580673131347,0,1518,380,True,0.9134376116368013
paper_07f0e3315516c7475a67,T3_CLAIM,7837,2,2.765015160141909,3.5281551105549434,1,1518,380,True,0.9050359849756732
paper_23bc6223ed3b36fa514e,T3_CLAIM,7906,3,7.808778045866647,9.877027632009419,3,1519,379,True,0.867002467604485
paper_717c27ed0f4ae381c164,T3_CLAIM,4810,6,6.223942416104049,12.939589222669541,2,1518,380,True,0.883571677390088
paper_c7495d7c09eec5e52ed8,T3_CLAIM,10442,6,6.213486430187993,5.9504754167668965,0,1518,380,True,0.9134376116368013
paper_ccfcdd53b9fac7e46b8c,T3_CLAIM,19436,2,3.4398133452794197,1.7698154688616072,4,1519,379,True,0.904813262942491
paper_580b582e98cb2745d84d,T3_CLAIM,11927,1,11.047700362284631,9.262765458442718,1,1518,380,True,0.9050359849756732
paper_02db3bc9247286cb9f0e,T3_CLAIM,6016,0,1.2282201543769393,2.0415893523552846,3,1519,379,True,0.867002467604485
paper_4504bb0b1f6752d2176c,T3_CLAIM,15227,4,2.686008219817396,1.7639772902196074,1,1518,380,True,0.9050359849756732
paper_4f56eb43f6a9f68765d6,T3_CLAIM,10257,1,7.987885281085573,7.787740353988079,1,1518,380,True,0.9050359849756732
paper_cb595590bb73994a1c54,T3_CLAIM,6506,0,2.218094988633323,3.4093067762577975,3,1519,379,True,0.867002467604485
paper_d553a2b751f8e5ef2e5f,T3_CLAIM,5915,0,2.093573820324277,3.5394316488998765,1,1518,380,True,0.9050359849756732
paper_3d0a6d6a13c05010a8e5,T3_CLAIM,6099,7,6.8639085292670545,11.254154007652163,1,1518,380,True,0.9050359849756732
paper_228ae7746c6384c3588b,T3_CLAIM,8605,3,7.265238105997957,8.443042540381123,4,1519,379,True,0.904813262942491
paper_b0bb506c29582306cc25,T3_CLAIM,8437,3,3.2120657723474815,3.8071183742414147,4,1519,379,True,0.904813262942491
paper_18d798cf5baa417ae2fb,T3_CLAIM,4350,3,1.7652581190754688,4.058064641552802,0,1518,380,True,0.9134376116368013
paper_2f4030b1e5c2b75fa04a,T3_CLAIM,5940,2,4.317798000825626,7.269020203410145,1,1518,380,True,0.9050359849756732
paper_b0a953422591639eafd8,T3_CLAIM,7225,0,2.1350504903866434,2.95508718392615,4,1519,379,True,0.904813262942491
paper_cccf0a5d801b597f89a2,T3_CLAIM,9227,12,5.055896601743605,5.479458764217628,0,1518,380,True,0.9134376116368013
paper_03a86f795be234fe177f,T3_CLAIM,4625,2,4.032877264330473,8.7197346255794,0,1518,380,True,0.9134376116368013
paper_c6856c356739df0e15f4,T3_CLAIM,12935,2,4.306367932038766,3.329236901460198,1,1518,380,True,0.9050359849756732
paper_2a0c54eb288d2bd6107c,T3_CLAIM,5473,3,5.567471748767092,10.17261419471422,2,1518,380,True,0.883571677390088
paper_5b0673e9ff09192b1dee,T3_CLAIM,5487,6,5.746346373927058,10.472656048709784,3,1519,379,True,0.867002467604485
paper_acef42607abe11ef888b,T3_CLAIM,11075,5,5.954204305855684,5.376256709576238,4,1519,379,True,0.904813262942491
paper_bf590173ea587621d8ad,T3_CLAIM,12204,7,1.5493218413063667,1.269519699529963,3,1519,379,True,0.867002467604485
paper_64526ba0276feb8256a1,T3_CLAIM,7934,5,7.865543319566426,9.913717317325972,2,1518,380,True,0.883571677390088
paper_a8c55eceae6ca55a4392,T3_CLAIM,9552,3,6.688131321968894,7.00181252299926,0,1518,380,True,0.9134376116368013
paper_752b87d11b844759f3ca,T3_CLAIM,5668,4,5.61373697201913,9.904264241388727,4,1519,379,True,0.904813262942491
paper_bb9727873709888ef910,T3_CLAIM,10949,0,2.0242052510710487,1.8487581067412993,1,1518,380,True,0.9050359849756732
paper_fe1498e316cb156a921e,T3_CLAIM,7051,7,5.048927242653038,7.160583240183008,3,1519,379,True,0.867002467604485
paper_4c38206e083c0aacbc47,T3_CLAIM,7820,0,2.2995310318092597,2.9405767670195138,4,1519,379,True,0.904813262942491
paper_fbf62e94cabeb88067b4,T3_CLAIM,3578,2,1.8671633437082484,5.218455404438928,3,1519,379,True,0.867002467604485
paper_32d318d230fb473bc762,T3_CLAIM,10407,9,3.250542002971751,3.1234188555508324,3,1519,379,True,0.867002467604485
paper_f33916084b79795dface,T3_CLAIM,10791,0,1.937124220623557,1.795129478846777,0,1518,380,True,0.9134376116368013
paper_bebe86220846e53f26f1,T3_CLAIM,7115,0,1.8610332854395264,2.6156476253542182,2,1518,380,True,0.883571677390088
paper_2876b2a92e9b125fae45,T3_CLAIM,12440,0,1.7031443548645968,1.3690871019811872,2,1518,380,True,0.883571677390088
paper_6a6a4f61a4cef808023f,T3_CLAIM,10033,0,2.301048508799612,2.2934800247180425,3,1519,379,True,0.867002467604485
paper_f485731d46aefa4dd60b,T3_CLAIM,4426,8,5.808401751562393,13.123365909539974,1,1518,380,True,0.9050359849756732
paper_b1cf5c1ae7bd5bb2f927,T3_CLAIM,9885,6,11.218358824320816,11.348870838968958,4,1519,379,True,0.904813262942491
paper_4cbcd513356a1d2d7b3e,T3_CLAIM,9098,0,3.777072428242048,4.151541468720651,0,1518,380,True,0.9134376116368013
paper_2cead7bf3791c2b24bcd,T3_CLAIM,13593,0,1.828621183463913,1.3452668163495278,2,1518,380,True,0.883571677390088
paper_9bbcc0e547522dc52513,T3_CLAIM,27289,5,1.242385149935496,0.45526957746179636,4,1519,379,True,0.904813262942491
paper_8ce711fbf07f21b62872,T3_CLAIM,8823,0,2.5310903772678603,2.868741218710031,3,1519,379,True,0.867002467604485
paper_b00e1ebe06b61db493f4,T3_CLAIM,6372,3,4.995359887683522,7.83954784633321,3,1519,379,True,0.867002467604485
paper_c489eb829275ad437013,T3_CLAIM,11735,1,4.684410602035868,3.9918283783859123,2,1518,380,True,0.883571677390088
paper_925df95ce06fa731d89c,T3_CLAIM,9647,3,2.882521475999347,2.987997798278581,3,1519,379,True,0.867002467604485
paper_5a950095cd27f4047930,T3_CLAIM,17538,5,6.221924893500464,3.5476821151217153,4,1519,379,True,0.904813262942491
paper_5fc6abfc5851266a7bb2,T3_CLAIM,10061,4,3.4084385253347786,3.387773109367636,4,1519,379,True,0.904813262942491
paper_56e00d79ae7f35d0b916,T3_CLAIM,13905,1,6.184680850003648,4.4478107515308505,0,1518,380,True,0.9134376116368013
paper_b3552b6fdbe0b7700b37,T3_CLAIM,4575,3,2.9929403636424365,6.541946150038112,4,1519,379,True,0.904813262942491
paper_ab640ac2150e06496e16,T3_CLAIM,12365,3,6.09916807779229,4.932606613661375,1,1518,380,True,0.9050359849756732
paper_95388a63f2873845bd78,T3_CLAIM,17130,10,7.285855264445909,4.25327219173725,4,1519,379,True,0.904813262942491
paper_f0e786cb7abc6bd38852,T3_CLAIM,7506,13,3.869207915007233,5.154820030651789,1,1518,380,True,0.9050359849756732
paper_494fced5d2e7467e1403,T3_CLAIM,7038,5,1.8888790305149812,2.6838292562020194,2,1518,380,True,0.883571677390088
paper_97bda071e782a12cc886,T3_CLAIM,15035,3,5.636744776156327,3.7490819927877133,0,1518,380,True,0.9134376116368013
paper_c27799e3691b92bbf1b3,T3_CLAIM,11867,19,11.739292827006425,9.8923846186959,2,1518,380,True,0.883571677390088
paper_6d3b9ccf7151543b4009,T3_CLAIM,10525,2,3.0235492811683278,2.8727309084734705,4,1519,379,True,0.904813262942491
paper_3e1966df700d2fb4aa28,T3_CLAIM,3100,1,1.0562301379232917,3.407193993300941,1,1518,380,True,0.9050359849756732
paper_179f807a6800cc1dc318,T3_CLAIM,9040,1,6.461978569709005,7.148206382421465,3,1519,379,True,0.867002467604485
paper_ff0974689a099cd63cd5,T3_CLAIM,5062,26,6.268791459165983,12.384021057222409,2,1518,380,True,0.883571677390088
paper_d390a5f36458d70517fc,T3_CLAIM,8458,7,5.763558100735702,6.814327383229726,3,1519,379,True,0.867002467604485
paper_1af66e18c3f897d2957f,T3_CLAIM,10225,12,5.8878393209558695,5.758278064504518,0,1518,380,True,0.9134376116368013
paper_4dae860c365e3997cd5c,T3_CLAIM,8342,13,8.558017547345763,10.258951746998036,2,1518,380,True,0.883571677390088
paper_47baea05186d61b02ef1,T3_CLAIM,9982,26,8.997046632700227,9.013270519635572,0,1518,380,True,0.9134376116368013
paper_cf194d0e98cb100aa430,T3_CLAIM,8843,19,11.287291958668785,12.764098109995233,4,1519,379,True,0.904813262942491
paper_3992d40727ba7f0c80ba,T3_CLAIM,7217,24,8.361847191642187,11.586320066013839,2,1518,380,True,0.883571677390088
paper_08f90e5bb27c91f1db24,T3_CLAIM,7927,24,10.110672620436446,12.754727665493185,1,1518,380,True,0.9050359849756732
paper_1dba34972cfb5f4469cb,T3_CLAIM,6854,42,8.251038441746436,12.038281940102767,3,1519,379,True,0.867002467604485
paper_783174359f20ba253383,T3_CLAIM,16562,6,3.913244308066435,2.3627848738476245,4,1519,379,True,0.904813262942491
paper_64367c996cd8880aad96,T3_CLAIM,12040,1,5.371286819568729,4.4612016773826655,4,1519,379,True,0.904813262942491
paper_8b6b74b78f127ceb59c4,T3_CLAIM,11542,6,2.409084076237695,2.087232781353054,4,1519,379,True,0.904813262942491
paper_4fdf48b1c1f6829863fa,T3_CLAIM,10670,13,5.49036637666193,5.14561047484717,1,1518,380,True,0.9050359849756732
paper_a0adf00e90a5c04d75d5,T3_CLAIM,19718,4,8.71013336933018,4.417351338538483,0,1518,380,True,0.9134376116368013
paper_62c06fe656b0bf41bbe1,T3_CLAIM,4180,5,2.6081187836843442,6.239518621254412,2,1518,380,True,0.883571677390088
paper_720b22498f414f802bbf,T3_CLAIM,14117,6,6.387809107932175,4.524905509621148,3,1519,379,True,0.867002467604485
paper_c9971f3e963a7ce40c60,T3_CLAIM,15038,1,5.103983692059644,3.39405751566674,3,1519,379,True,0.867002467604485
paper_e3d8928cee28521c5c57,T3_CLAIM,7492,9,2.9696526245419266,3.963764848561034,3,1519,379,True,0.867002467604485
paper_fbed811a281c252f5a17,T3_CLAIM,9073,3,4.85158338701673,5.34727585916095,2,1518,380,True,0.883571677390088
paper_cc53b0e72fd307d78825,T3_CLAIM,6760,11,6.762819804251164,10.004171308063851,3,1519,379,True,0.867002467604485
paper_a6c227d2b604e87d36a3,T3_CLAIM,10416,4,4.6093107355197205,4.425221520276229,1,1518,380,True,0.9050359849756732
paper_64dfa37a81a06fd96980,T3_CLAIM,6322,4,9.496125779748184,15.0207620685672,1,1518,380,True,0.9050359849756732
paper_fc464ca90bc204fb4fb9,T3_CLAIM,5036,3,8.168160831109391,16.21954096725455,0,1518,380,True,0.9134376116368013
paper_99ba3a6af0f7bb227375,T3_CLAIM,10489,11,10.074312706188827,9.604645539316262,0,1518,380,True,0.9134376116368013
paper_d6ef2be473f4d7bd68eb,T3_CLAIM,14155,2,11.453993532371424,8.091835769955086,4,1519,379,True,0.904813262942491
paper_3c8fc2365c64f7a1a9f8,T3_CLAIM,7115,5,6.755876997183018,9.495259307354909,4,1519,379,True,0.904813262942491
paper_ce5f00d82605fcb001c4,T3_CLAIM,9717,5,2.014479770959383,2.073149913511766,1,1518,380,True,0.9050359849756732
paper_369353ad961a699d2837,T3_CLAIM,12426,12,16.778446771450234,13.502693361862415,2,1518,380,True,0.883571677390088
paper_dc0c386d86694de2da69,T3_CLAIM,6487,22,9.18488130344409,14.158904429542298,0,1518,380,True,0.9134376116368013
paper_6c5c6b112e0865b22bb2,T3_CLAIM,4193,3,3.2915135614066706,7.85002041833215,4,1519,379,True,0.904813262942491
paper_53222b88fcc150ad235b,T3_CLAIM,8940,5,6.979172320557365,7.806680448050743,0,1518,380,True,0.9134376116368013
paper_427c674a5ba07d6d0b9f,T3_CLAIM,17413,8,2.8488906183361125,1.636071106837485,3,1519,379,True,0.867002467604485
paper_8626ff7c68d7bb9ec6b6,T3_CLAIM,5312,9,7.28702033590605,13.718035270907473,2,1518,380,True,0.883571677390088
paper_d43cca4456936538a369,T3_CLAIM,9455,1,5.390706624871213,5.701434822708845,2,1518,380,True,0.883571677390088
paper_672820ba66c7092900cd,T3_CLAIM,9912,3,4.195514624611884,4.232762938470424,3,1519,379,True,0.867002467604485
paper_32c0694947af1a320e1a,T3_CLAIM,16856,1,5.346016038349368,3.1715804688831084,2,1518,380,True,0.883571677390088
paper_42ede648fd3ee44ee32c,T3_CLAIM,11630,10,5.943654154813755,5.110622661060838,2,1518,380,True,0.883571677390088
paper_ce9dec4ed831452472f3,T3_CLAIM,12024,0,6.841162460465811,5.689589537978885,4,1519,379,True,0.904813262942491
paper_cee2d0d3e1876eb73b39,T3_CLAIM,9345,17,6.583535983131368,7.044982325448227,0,1518,380,True,0.9134376116368013
paper_6cb01085fce48cd8b2e3,T3_CLAIM,9041,10,6.308893837996983,6.978092952103731,2,1518,380,True,0.883571677390088
paper_ac628f6b17e07900461e,T3_CLAIM,10973,0,4.333173123547325,3.948941149683154,2,1518,380,True,0.883571677390088
paper_8d3a72036128204cc3b9,T3_CLAIM,7172,1,4.4639315736548495,6.22410983499003,4,1519,379,True,0.904813262942491
paper_89e5d5d70972f39a5320,T3_CLAIM,9527,8,5.140366482907503,5.395577288661176,0,1518,380,True,0.9134376116368013
paper_72aa787d4e6e06cdcaeb,T3_CLAIM,14050,3,6.002751356777516,4.27242089450357,2,1518,380,True,0.883571677390088
paper_48f90822105bf111ea1a,T3_CLAIM,13202,4,3.9636343084256,3.002298370266323,3,1519,379,True,0.867002467604485
paper_dffdbee00caf5a312878,T3_CLAIM,9410,20,11.49421418987121,12.214892869151127,2,1518,380,True,0.883571677390088
paper_11c59a51794961d299fb,T3_CLAIM,8812,2,4.370494286377899,4.959707542417044,1,1518,380,True,0.9050359849756732
paper_66e9b50a59bd823abcd9,T3_CLAIM,6974,5,5.1545306389641805,7.391067735824749,3,1519,379,True,0.867002467604485
paper_61251b5fda9ffb5dfd3e,T3_CLAIM,12527,1,5.094361403332306,4.0667050397799205,1,1518,380,True,0.9050359849756732
paper_dec8e545ef1e3441ee9b,T3_CLAIM,14292,1,3.6376305481630093,2.545221486260152,1,1518,380,True,0.9050359849756732
paper_4c95075e25b3c259ef44,T3_CLAIM,7036,2,2.3798404400647666,3.3823769756463427,4,1519,379,True,0.904813262942491
paper_660368a4127cdf5bd6ee,T3_CLAIM,11465,2,5.168306132458693,4.507898938036365,4,1519,379,True,0.904813262942491
paper_7a7b24c72218d3d9477a,T3_CLAIM,6315,7,2.3655962707242164,3.7459956781064396,0,1518,380,True,0.9134376116368013
paper_3385b1bb39a8e7617d18,T3_CLAIM,8162,3,4.513662851807382,5.530094158058541,2,1518,380,True,0.883571677390088
paper_ff9bcddc9e61e49488cd,T3_CLAIM,17302,2,7.8643335815351385,4.545332089663125,1,1518,380,True,0.9050359849756732
paper_e2e0c362cc5cf9a852af,T3_CLAIM,8443,4,3.8037070593403963,4.505160558261751,2,1518,380,True,0.883571677390088
paper_098454894ffb6b617c9d,T3_CLAIM,17013,1,5.2684871631376105,3.0967419991404284,4,1519,379,True,0.904813262942491
paper_67f4876ffc226b423149,T3_CLAIM,10782,19,12.725273138915783,11.802330865252998,0,1518,380,True,0.9134376116368013
paper_e8cec3b5129bb5312ae8,T3_CLAIM,19562,1,2.111105623341917,1.0791870071270406,1,1518,380,True,0.9050359849756732
paper_153e633ded416ec29714,T3_CLAIM,10799,4,1.735208934508884,1.60682371933409,1,1518,380,True,0.9050359849756732
paper_8378092c91046db513a1,T3_CLAIM,4168,0,3.8969968874166865,9.349800593610093,1,1518,380,True,0.9050359849756732
paper_7cd1f80ae0395836d825,T3_CLAIM,14592,1,5.500896569353028,3.7698030217605725,3,1519,379,True,0.867002467604485
paper_9ae2096a609b399df31b,T3_CLAIM,8556,31,12.818919118216336,14.982373910958783,3,1519,379,True,0.867002467604485
paper_ef639adba85088c21271,T3_CLAIM,6871,15,10.626139620520503,15.465201019532095,0,1518,380,True,0.9134376116368013
paper_45a7ffb703352c94e6d4,T3_CLAIM,9502,1,5.470065610398101,5.7567518526605985,0,1518,380,True,0.9134376116368013
paper_4ee0417d8a41135a36cf,T3_CLAIM,7073,1,5.728710375233736,8.099406723078943,0,1518,380,True,0.9134376116368013
paper_83c1908f50bfa8e73253,T3_CLAIM,8217,2,4.455834134548185,5.422701879698413,3,1519,379,True,0.867002467604485
paper_3f3d0e48546e4ff42f4c,T3_CLAIM,9290,28,12.1164791010849,13.042496341318515,1,1518,380,True,0.9050359849756732
paper_c3f5f52f4c2a9202c210,T3_CLAIM,7276,7,10.81059384561359,14.857880491497513,0,1518,380,True,0.9134376116368013
paper_2b02b2762947d7c9679c,T3_CLAIM,8346,5,6.512167389131558,7.802740701092209,0,1518,380,True,0.9134376116368013
paper_8dfa0b3f4e18b1fd10c2,T3_CLAIM,8860,12,9.731975560042217,10.984171060995731,2,1518,380,True,0.883571677390088
paper_76bcf697f1259c6004f1,T3_CLAIM,12318,6,8.035114550871246,6.523067503548665,1,1518,380,True,0.9050359849756732
paper_b2dfc0b6e405dcfbbd41,T3_CLAIM,12266,12,11.601435361529145,9.458205903741355,2,1518,380,True,0.883571677390088
paper_41ca79d98776e33910af,T3_CLAIM,9852,5,7.988806359298485,8.108816848658632,2,1518,380,True,0.883571677390088
paper_cc76a19258ed00e477ce,T3_CLAIM,10571,2,9.99545221936252,9.455540837539042,4,1519,379,True,0.904813262942491
paper_d54c96ae609515612b17,T3_CLAIM,9360,10,10.977428716299762,11.728022132798891,2,1518,380,True,0.883571677390088
paper_204dc0c975ccb06e9f3a,T3_CLAIM,8357,2,7.20134247576903,8.617138298156073,1,1518,380,True,0.9050359849756732
paper_0962973634343215e4d9,T3_CLAIM,15489,0,4.528678919444285,2.9238032923005264,2,1518,380,True,0.883571677390088
paper_c74f3cfca89318a59f19,T3_CLAIM,8329,17,6.8983855235396465,8.282369460366967,2,1518,380,True,0.883571677390088
paper_b507d1f123708a4b9cc5,T3_CLAIM,11917,4,5.592973272947459,4.693272864770881,1,1518,380,True,0.9050359849756732
paper_944a0c9e0739329934f7,T3_CLAIM,8713,6,4.640765545917102,5.326254500077013,0,1518,380,True,0.9134376116368013
paper_6aeec59adf7bbd4cde2c,T3_CLAIM,7915,0,7.766876080976992,9.812856703698031,3,1519,379,True,0.867002467604485
paper_83a884f9748a00171ac0,T3_CLAIM,12759,0,5.088270214504058,3.9879851199185343,1,1518,380,True,0.9050359849756732
paper_54c0115fc01170ba67ec,T3_CLAIM,28239,10,10.410383623495834,3.686527009984714,2,1518,380,True,0.883571677390088
paper_f3873c7fd97e5b549f07,T3_CLAIM,6700,2,6.238723663978842,9.311527856684839,2,1518,380,True,0.883571677390088
paper_a9dd875727810e20e480,T3_CLAIM,8318,23,4.0912134720656885,4.9185062179197985,3,1519,379,True,0.867002467604485
paper_05bd32fb5fa7a226277f,T3_CLAIM,17001,0,6.52401305134181,3.8374290049654785,1,1518,380,True,0.9050359849756732
paper_5d18114bbf040e836670,T3_CLAIM,10221,1,4.342728928746816,4.24882979037943,3,1519,379,True,0.867002467604485
paper_f9d3d9d540aa15aa3b2e,T3_CLAIM,7156,0,9.09214094600932,12.705618985479763,3,1519,379,True,0.867002467604485
paper_dd4d168749c4d1909dae,T3_CLAIM,10315,9,3.2570969332570505,3.157631539754775,4,1519,379,True,0.904813262942491
paper_caf83ac6d968d7b42c21,T3_CLAIM,6327,3,9.626209051985377,15.214491942445672,4,1519,379,True,0.904813262942491
paper_2d7ca05313fc6630b325,T3_CLAIM,6739,6,4.152181303351205,6.16142054214454,4,1519,379,True,0.904813262942491
paper_1220f0e0209b9579f4d9,T3_CLAIM,14141,0,4.298545737344777,3.039774936245511,3,1519,379,True,0.867002467604485
paper_9ac7431d3a5f8865b816,T3_CLAIM,8067,12,7.225929491030441,8.957393691620728,1,1518,380,True,0.9050359849756732
paper_d17dc01908906bfae39f,T3_CLAIM,8959,5,6.884795679220816,7.6847814256287705,4,1519,379,True,0.904813262942491
paper_b85cbfed3a7df0f91bff,T3_CLAIM,21944,3,5.518796227685606,2.5149454191057266,0,1518,380,True,0.9134376116368013
paper_c12924d3071f576e0c31,T3_CLAIM,8620,3,10.529806465295033,12.215552743961757,0,1518,380,True,0.9134376116368013
paper_cc53d0299e648e6916ee,T3_CLAIM,9038,4,5.687421623362373,6.292787810757217,3,1519,379,True,0.867002467604485
paper_cf903f949f015c0adc07,T3_CLAIM,9688,28,10.942732600055413,11.295140999231434,3,1519,379,True,0.867002467604485
paper_2132468aaf51509ba44a,T3_CLAIM,14809,0,8.802552086252726,5.944055700082872,0,1518,380,True,0.9134376116368013
paper_a71aa202905fdc2beb69,T3_CLAIM,15953,9,7.926747498420393,4.968813074920324,2,1518,380,True,0.883571677390088
paper_26adb28c631c5b0f11a0,T3_CLAIM,9556,11,8.39014588669589,8.779976859246432,0,1518,380,True,0.9134376116368013
paper_7aaade949bb14c05bfe7,T3_CLAIM,9883,3,5.10517304049128,5.165610685511768,4,1519,379,True,0.904813262942491
paper_7389c18aa7fbdb9182cf,T3_CLAIM,14655,9,13.184419287656603,8.99653312020239,1,1518,380,True,0.9050359849756732
paper_b5c7efcb39d41bc8d413,T3_CLAIM,6970,6,2.5573803988031196,3.669125392830875,3,1519,379,True,0.867002467604485
paper_8e9ee6e8215d279de163,T3_CLAIM,9624,4,3.2694127658521603,3.397145434177224,4,1519,379,True,0.904813262942491
paper_681211614a0b1ba376f9,T3_CLAIM,10743,20,8.92244277194053,8.305354902671999,3,1519,379,True,0.867002467604485
paper_817baf95fed9d0fdcad7,T3_CLAIM,10227,17,13.907506760159244,13.598813689409646,2,1518,380,True,0.883571677390088
paper_0d660ed882f95ed7cfef,T3_CLAIM,10433,23,11.800264072634587,11.310518616538472,1,1518,380,True,0.9050359849756732
paper_bc82aaaf60e66f5468da,T3_CLAIM,11356,28,16.317262767659212,14.36884710079184,3,1519,379,True,0.867002467604485
paper_5bca1bd05633e9cb1ac3,T3_CLAIM,6343,20,7.058728068833867,11.128374694677388,1,1518,380,True,0.9050359849756732
paper_a02c329f41437939a2c4,T3_CLAIM,8325,1,6.167061162298679,7.407881276034449,1,1518,380,True,0.9050359849756732
paper_92492c1b36f84428b0a0,T3_CLAIM,10427,0,5.632497983861828,5.401839439783091,3,1519,379,True,0.867002467604485
paper_1428ea286bd49ce8c134,T3_CLAIM,16014,1,6.669148941081604,4.164574085850883,3,1519,379,True,0.867002467604485
paper_73576f4bbe0b9bcc0958,T3_CLAIM,5410,8,6.225353357677646,11.507122657444816,0,1518,380,True,0.9134376116368013
paper_70948c75f5e713066544,T3_CLAIM,5534,14,3.146581572856042,5.685908154781427,0,1518,380,True,0.9134376116368013
paper_c2ee0b95bd9142affe99,T3_CLAIM,11784,13,5.966621000378926,5.063323998963787,0,1518,380,True,0.9134376116368013
paper_6904690653aa3ce5dd9c,T3_CLAIM,442,0,0.822564976369871,18.610067338684864,2,1518,380,True,0.883571677390088
paper_847d39d827c9790807e8,T3_CLAIM,5421,19,5.18689029232031,9.568142948386479,2,1518,380,True,0.883571677390088
paper_a8f5bd84ab7ed289a528,T3_CLAIM,10693,28,9.768987095192115,9.13587121966905,4,1519,379,True,0.904813262942491
paper_a9d83cb5165427ddab13,T3_CLAIM,10947,0,2.244331737226066,2.0501797179373944,4,1519,379,True,0.904813262942491
paper_c4de74fafbe248f42d88,T3_CLAIM,13612,6,5.859804649749098,4.304881464699601,4,1519,379,True,0.904813262942491
paper_fe3a5ab86b7888190097,T3_CLAIM,13992,1,3.341461309991952,2.3881227201200343,2,1518,380,True,0.883571677390088
paper_5072f1c6202eda6da90d,T3_CLAIM,14142,3,5.120663626904953,3.6208906992681045,1,1518,380,True,0.9050359849756732
paper_49a4120af96a476d4829,T3_CLAIM,9852,0,5.082019771973526,5.158363552551285,0,1518,380,True,0.9134376116368013
paper_62ba056f9b96eb71a5ef,T3_CLAIM,13963,3,9.559224105829818,6.84611051051337,4,1519,379,True,0.904813262942491
paper_aeb9dd9e22ab872af402,T3_CLAIM,8618,18,10.079272799750132,11.695605476618859,2,1518,380,True,0.883571677390088
paper_a35d36b9493ebcd5fa84,T3_CLAIM,10927,11,5.785923907533114,5.295070840608688,1,1518,380,True,0.9050359849756732
paper_0a6c690dca5ed2adc9b5,T3_CLAIM,13840,3,6.679195458823127,4.826008279496479,0,1518,380,True,0.9134376116368013
paper_9fabef626ef961aa28c9,T3_CLAIM,9168,1,3.2211567678068933,3.513478149876629,3,1519,379,True,0.867002467604485
paper_73dc6842ac0f62ccc904,T3_CLAIM,9956,0,4.857056197900867,4.8785216933516145,0,1518,380,True,0.9134376116368013
paper_406e37f76481edf543ab,T3_CLAIM,9874,2,5.554358912362173,5.6252368972677464,2,1518,380,True,0.883571677390088
paper_52464a9d6f2e93910661,T3_CLAIM,6898,3,2.584658338488772,3.7469677275859263,1,1518,380,True,0.9050359849756732
paper_a568110ddfe8b61d62ce,T3_CLAIM,15164,4,7.016174427022562,4.626862587063151,2,1518,380,True,0.883571677390088
paper_aba6a50b0e33123b60f3,T3_CLAIM,18770,7,5.202037806853164,2.7714639354571995,4,1519,379,True,0.904813262942491
paper_3e604a6bd4dc89ecf1cc,T3_CLAIM,7098,1,5.911148428679945,8.327907056466533,0,1518,380,True,0.9134376116368013
paper_2990213101a302c6829d,T3_CLAIM,5948,2,8.82196601305697,14.831819120808627,1,1518,380,True,0.9050359849756732
paper_065b61f3c3a2aa5dce46,T3_CLAIM,24076,1,3.641433714339894,1.512474544916055,1,1518,380,True,0.9050359849756732
paper_a029fe615c3acdd6ae56,T3_CLAIM,12829,5,9.011759158603194,7.0245219102059355,1,1518,380,True,0.9050359849756732
paper_7d74f52644d513698ed3,T3_CLAIM,12245,7,6.914622505032856,5.646894654988041,1,1518,380,True,0.9050359849756732
paper_1a5a5643c69613aa0d3c,T3_CLAIM,14781,2,7.003657369845202,4.73828385755037,4,1519,379,True,0.904813262942491
paper_c70f3e6133978235b579,T3_CLAIM,9196,2,4.755252614563985,5.171001103266621,2,1518,380,True,0.883571677390088
paper_8887b871f470f66c3361,T3_CLAIM,21905,4,7.142614635304084,3.2607234126017275,4,1519,379,True,0.904813262942491
paper_b9e7a7fc983610a94d2a,T3_CLAIM,8150,4,5.1205416972693145,6.282873248183209,0,1518,380,True,0.9134376116368013
paper_f1d7cd92d2e39bad89e7,T3_CLAIM,12798,3,3.310622657746278,2.586828143261664,0,1518,380,True,0.9134376116368013
paper_29fec20ca5aa045aa277,T3_CLAIM,6300,2,1.720753711268614,2.731355097251768,4,1519,379,True,0.904813262942491
paper_ff210780ebf46f6c43d7,T3_CLAIM,14428,14,7.851398924222274,5.441779126852144,4,1519,379,True,0.904813262942491
paper_f913304731279218e7c3,T3_CLAIM,13314,7,3.252289395776841,2.4427590474514354,2,1518,380,True,0.883571677390088
paper_a79382eb4ad67c8ce4d3,T3_CLAIM,9312,6,7.869727905111361,8.451168282980413,2,1518,380,True,0.883571677390088
paper_e134753847abd81208e2,T3_CLAIM,9621,4,12.739062612376562,13.240892435689183,0,1518,380,True,0.9134376116368013
paper_20f430853797efd028b9,T3_CLAIM,12788,11,6.170617405791444,4.825318584447485,4,1519,379,True,0.904813262942491
paper_c71358102c046237a754,T3_CLAIM,6808,0,3.8304484802642174,5.626393184876935,3,1519,379,True,0.867002467604485
paper_5349ecd090956229107a,T3_CLAIM,11197,22,7.089958031636909,6.332015746750835,0,1518,380,True,0.9134376116368013
paper_998e42a7a479e088704e,T3_CLAIM,9434,8,3.081092066089747,3.2659445262770266,0,1518,380,True,0.9134376116368013
paper_7d2722982c6d5e49f32f,T3_CLAIM,6782,2,5.875513544423311,8.663393607229889,3,1519,379,True,0.867002467604485
paper_f601e8a12be51a3dd8e1,T3_CLAIM,18258,0,9.361788545679119,5.127499477313571,4,1519,379,True,0.904813262942491
paper_824b40fcf4f4c73b8a38,T3_CLAIM,12185,0,10.996416938643373,9.024552268070064,3,1519,379,True,0.867002467604485
paper_aa9d7fc4331799659cfe,T3_CLAIM,12961,7,1.5725382769971685,1.213284682506881,2,1518,380,True,0.883571677390088
paper_5ca5aa1d06192397111a,T3_CLAIM,13361,5,6.84854075016014,5.125769590719362,0,1518,380,True,0.9134376116368013
paper_1d605aeb5a4c8743f371,T3_CLAIM,8250,0,7.451321501220561,9.031904849964317,2,1518,380,True,0.883571677390088
paper_5be19bce69768241e503,T3_CLAIM,8871,1,2.9920878209470585,3.3728867331158363,2,1518,380,True,0.883571677390088
paper_fb5352011719292bb656,T3_CLAIM,25602,2,6.579588721421561,2.5699510668781973,1,1518,380,True,0.9050359849756732
paper_03f8a57de5c3aa081357,T3_CLAIM,11473,14,4.739767901670312,4.131236731169103,4,1519,379,True,0.904813262942491
paper_f89e2cb34289778d35d9,T3_CLAIM,7112,12,5.02473390062498,7.065148904140861,2,1518,380,True,0.883571677390088
paper_547d4afb8af58742f7f5,T3_CLAIM,17140,4,8.844385334527853,5.160084792606683,3,1519,379,True,0.867002467604485
paper_10ae33abd68731a0e97d,T3_CLAIM,10216,19,11.863571329707872,11.612736227200344,1,1518,380,True,0.9050359849756732
paper_ec8a474fffee4912602b,T3_CLAIM,12138,10,10.377527293813182,8.549618795364296,3,1519,379,True,0.867002467604485
paper_d664bf3efe04a2cc2688,T3_CLAIM,18454,1,1.9841127729461328,1.0751667784470211,1,1518,380,True,0.9050359849756732
paper_d1e6094c69cf04df5d74,T3_CLAIM,9087,15,8.533913921473498,9.391343591365136,4,1519,379,True,0.904813262942491
paper_7dae2f2b5c43ce9aef0e,T3_CLAIM,15279,3,7.661852039548865,5.014629255546086,3,1519,379,True,0.867002467604485
paper_d984a3a327dd39839056,T3_CLAIM,15660,22,8.038775496287254,5.133317686007186,3,1519,379,True,0.867002467604485
paper_b23e7df70840f64e1fa6,T3_CLAIM,7014,0,9.175428511931178,13.081591833377784,1,1518,380,True,0.9050359849756732
paper_166727dca4c31311fb06,T3_CLAIM,9182,0,5.502013797515214,5.992173597816612,3,1519,379,True,0.867002467604485
paper_b364eda28e0dfc18ba5a,T3_CLAIM,7866,4,4.744384265246814,6.0315080921012125,0,1518,380,True,0.9134376116368013
paper_223ed0fcc39202a44573,T3_CLAIM,7605,7,3.5875139284573834,4.717309570621149,0,1518,380,True,0.9134376116368013
paper_a2e39740e5180daa125f,T3_CLAIM,11359,11,4.035983454643631,3.5531151110517047,1,1518,380,True,0.9050359849756732
paper_6eb1ce358f2c588ab75b,T3_CLAIM,10130,5,7.052171440147975,6.961669733611033,4,1519,379,True,0.904813262942491
paper_94655eefd46272d6c61d,T3_CLAIM,5833,1,4.539255547772922,7.782025626217935,1,1518,380,True,0.9050359849756732
paper_c2c1d5f2b1e1dce72557,T3_CLAIM,9743,14,8.45336069273777,8.676342700131139,2,1518,380,True,0.883571677390088
paper_0ac30fd051865b2ea76e,T3_CLAIM,7532,16,3.2730784946456324,4.3455635882177805,0,1518,380,True,0.9134376116368013
paper_71efa30c4894c1d655f8,T3_CLAIM,7165,3,5.929607026828975,8.275794873452861,4,1519,379,True,0.904813262942491
paper_b4d04768d1ae77de921b,T3_CLAIM,10023,0,8.252520557119121,8.233583315493487,0,1518,380,True,0.9134376116368013
paper_87f744f573ecdefa9ac9,T3_CLAIM,5601,7,4.470935081675797,7.9823872195604295,0,1518,380,True,0.9134376116368013
paper_76a1c8f58debef0e3cb6,T3_CLAIM,13887,2,2.2709059169449324,1.6352746575537787,0,1518,380,True,0.9134376116368013
paper_ced030a0b27c5b68fa5f,T3_CLAIM,8778,5,6.602440267050218,7.521576973171813,0,1518,380,True,0.9134376116368013
paper_869e1908a0428f3ad7c4,T3_CLAIM,7758,13,6.265334862034589,8.075966566169875,2,1518,380,True,0.883571677390088
paper_a426e3e98e6061d7b10b,T3_CLAIM,10858,0,1.8926759770418091,1.7431165749141728,3,1519,379,True,0.867002467604485
paper_b7d9162c8f850ea6bd88,T3_CLAIM,5085,0,1.9866229930826882,3.906829878235375,4,1519,379,True,0.904813262942491
paper_2328c7cb347dcf1fa33f,T3_CLAIM,4821,0,2.3680630617391394,4.91197482210981,4,1519,379,True,0.904813262942491
paper_cfc832cf29893a5c93be,T3_CLAIM,9024,1,6.228426422351806,6.902068287180636,1,1518,380,True,0.9050359849756732
paper_e9c48eb3301ebda88216,T3_CLAIM,13777,20,5.208484198006758,3.7805648530208016,0,1518,380,True,0.9134376116368013
paper_cb918152eb88ac781e99,T3_CLAIM,14206,25,2.2424811805865867,1.5785451081138862,3,1519,379,True,0.867002467604485
paper_a6a71ab05e2677c8001d,T3_CLAIM,14884,4,12.63868813474403,8.491459375667851,2,1518,380,True,0.883571677390088
paper_4ae8c8128bb1559d140b,T3_CLAIM,11035,6,3.2427434025251585,2.9385984617355314,3,1519,379,True,0.867002467604485
paper_829ea89148ab3b7af271,T3_CLAIM,23741,0,1.125365846494208,0.47401787898328124,1,1518,380,True,0.9050359849756732
paper_a635cb575ec42dcf8579,T3_CLAIM,8222,1,6.976475242569255,8.48513164992612,0,1518,380,True,0.9134376116368013
paper_a389b43553e79e0d8400,T3_CLAIM,4060,7,5.323991481620571,13.113279511380718,0,1518,380,True,0.9134376116368013
paper_9eb4667de60036b508b2,T3_CLAIM,17502,3,6.5562686010726,3.746011085060336,4,1519,379,True,0.904813262942491
paper_b2d1155ad3ce1f678145,T3_CLAIM,26302,10,13.321595680720472,5.064860345494819,1,1518,380,True,0.9050359849756732
paper_bc02158091a56f9c12e2,T3_CLAIM,7991,13,13.42669769221248,16.80227467427416,1,1518,380,True,0.9050359849756732
paper_fde0dbf7d82a9cdda7c7,T3_CLAIM,11499,1,4.658584517369246,4.051295345133704,2,1518,380,True,0.883571677390088
paper_a99200a23f30fc79e362,T3_CLAIM,8036,1,2.2496639684357804,2.7994822902386516,4,1519,379,True,0.904813262942491
paper_afb44da29312ac4a4364,T3_CLAIM,19939,1,1.2503585252800546,0.6270918929134133,4,1519,379,True,0.904813262942491
paper_a2855be0e32bc908e060,T3_CLAIM,9678,0,6.179860684153913,6.385472911917661,4,1519,379,True,0.904813262942491
paper_31cf168c71255530e973,T3_CLAIM,7862,3,3.957153555602945,5.0332657791947915,4,1519,379,True,0.904813262942491
paper_7df3bcd94f55b9f25d15,T3_CLAIM,7644,1,4.740582352679612,6.201703758084265,4,1519,379,True,0.904813262942491
paper_6cf5f6f38da91c39d03f,T3_CLAIM,6435,2,4.2624419584268,6.623841427236675,3,1519,379,True,0.867002467604485
paper_2e5c90bb6a9fbde934cc,T3_CLAIM,15218,5,8.489307727178355,5.578464796411063,4,1519,379,True,0.904813262942491
paper_e794729eb1562a4b7f3a,T3_CLAIM,16185,3,6.17656367498762,3.81622717021169,4,1519,379,True,0.904813262942491
paper_e1ce1ccfedff941b4beb,T3_CLAIM,18551,2,10.679408042346644,5.756782945580639,1,1518,380,True,0.9050359849756732
paper_12212fa165cdc8f748f1,T3_CLAIM,17575,2,7.867682319794638,4.476632898887418,2,1518,380,True,0.883571677390088
paper_25f51e7920ce27e2c888,T3_CLAIM,4486,7,6.249592902625992,13.931326131578226,0,1518,380,True,0.9134376116368013
paper_823529345376120b546f,T3_CLAIM,15888,9,11.793056916396464,7.4226189050833735,3,1519,379,True,0.867002467604485
paper_a26ecb38a15492aa8b60,T3_CLAIM,5032,1,2.129204397497572,4.2313282939140935,3,1519,379,True,0.867002467604485
paper_d2f66cb7f0e060f71b02,T3_CLAIM,21034,1,5.5135902338932805,2.6212751896421413,1,1518,380,True,0.9050359849756732
paper_a9f339fccd3c96381e78,T3_CLAIM,11012,15,5.9548928421011125,5.407639704051138,0,1518,380,True,0.9134376116368013
paper_1c6f05ec20958b581f16,T3_CLAIM,11064,3,7.0161365695384115,6.341410493075209,3,1519,379,True,0.867002467604485
paper_8019780b5a3c269977e9,T3_CLAIM,14848,0,5.8835680691048555,3.9625323741277314,0,1518,380,True,0.9134376116368013
paper_d021fc7583d8a91e613d,T3_CLAIM,6620,0,5.72129948953394,8.642446358812597,4,1519,379,True,0.904813262942491
paper_ae239eecc5d7ced94f2b,T3_CLAIM,10523,3,4.649547379665858,4.418461826157805,4,1519,379,True,0.904813262942491
paper_1cd03f121d79a0c57f50,T3_CLAIM,19298,1,10.908811423525403,5.652819682622761,4,1519,379,True,0.904813262942491
paper_639f89983dc30d163de4,T3_CLAIM,10708,19,9.85824787038495,9.206432452731557,3,1519,379,True,0.867002467604485
paper_438ecfc25f6ba0bbbd17,T3_CLAIM,5586,0,3.3813090530940753,6.053184842631714,0,1518,380,True,0.9134376116368013
paper_b96aff0cedb43dce7e26,T3_CLAIM,4259,0,2.096835764937786,4.923305388442794,3,1519,379,True,0.867002467604485
paper_122ce5784931a01456a5,T3_CLAIM,12276,4,10.763202311764593,8.76767865083463,2,1518,380,True,0.883571677390088
paper_a10b7a021d06c267c421,T3_CLAIM,5713,15,6.1667316603105595,10.794209102591562,3,1519,379,True,0.867002467604485
paper_54c941327d5770443b5b,T3_CLAIM,14891,2,3.9844501627330144,2.675743847111016,1,1518,380,True,0.9050359849756732
paper_713279ab4825df51d201,T3_CLAIM,22400,2,7.5830844439729805,3.3853055553450804,1,1518,380,True,0.9050359849756732
paper_65b7b19882eb5c68826f,T3_CLAIM,9549,8,6.47799205699263,6.783948117072605,1,1518,380,True,0.9050359849756732
paper_def2975261f05a8728a3,T3_CLAIM,13548,8,8.820102937756063,6.510261985352866,0,1518,380,True,0.9134376116368013
paper_fa6d8b29b5bd32048979,T3_CLAIM,18422,0,2.3634503208383655,1.282949908174121,4,1519,379,True,0.904813262942491
paper_afd6b34a42df17d9726e,T3_CLAIM,8537,1,6.891725854460226,8.072772466276474,4,1519,379,True,0.904813262942491
paper_214d06fafbe5b2033c31,T3_CLAIM,9668,25,9.621430870607345,9.951831682465189,3,1519,379,True,0.867002467604485
paper_aea223f0ad33690bdefb,T3_CLAIM,16086,6,17.43644770712165,10.839517410867618,4,1519,379,True,0.904813262942491
paper_71d95dc9a2f9d34f71ae,T3_CLAIM,6331,9,5.676543983379996,8.966267546011682,0,1518,380,True,0.9134376116368013
paper_fe9da01c92833fdf2b4f,T3_CLAIM,8087,3,7.61392152411279,9.415013631894139,2,1518,380,True,0.883571677390088
paper_8d40d89731d42e529964,T3_CLAIM,10612,4,7.088785336079011,6.679971104484557,3,1519,379,True,0.867002467604485
paper_64f6bb931de628c36b22,T3_CLAIM,7016,3,4.942527442508102,7.044651428888401,3,1519,379,True,0.867002467604485
paper_2a4574fae96e087c2a6b,T3_CLAIM,10070,4,5.946825095696225,5.905486688874107,2,1518,380,True,0.883571677390088
paper_4c2d2f3557f22a5addf1,T3_CLAIM,12571,1,5.019918921803933,3.993253457802826,2,1518,380,True,0.883571677390088
paper_f41784f6ad24d1bbcf21,T3_CLAIM,10474,7,9.810330951074201,9.366365238757114,4,1519,379,True,0.904813262942491
paper_a9d9472f54152874bcd1,T3_CLAIM,9526,0,2.4518434277327383,2.573843615087905,1,1518,380,True,0.9050359849756732
paper_53745b1a37f0f605a819,T3_CLAIM,9158,0,3.0070883856896846,3.283564518114965,3,1519,379,True,0.867002467604485
paper_3d69b6ca8bac023a2e37,T3_CLAIM,21487,38,6.7938279814936555,3.1618317966648,3,1519,379,True,0.867002467604485
paper_eee38bfe14fc10464a64,T3_CLAIM,17570,5,8.340316763426033,4.746907662735364,0,1518,380,True,0.9134376116368013
paper_daf019871d0aa3d39b39,T3_CLAIM,10266,15,5.4144267868299,5.2741348011201055,3,1519,379,True,0.867002467604485
paper_d43ac4fe0b9163476dc6,T3_CLAIM,15415,4,4.543678103278281,2.9475693177283686,3,1519,379,True,0.867002467604485
paper_e1119708fab69f9652a3,T3_CLAIM,22202,0,0.8816861894682295,0.3971201646104988,3,1519,379,True,0.867002467604485
paper_dd66853710e061bf1743,T3_CLAIM,9330,5,6.284645099198712,6.735954018433774,0,1518,380,True,0.9134376116368013
paper_ad960a099664c9384385,T3_CLAIM,11769,50,10.270210212259167,8.726493510289036,1,1518,380,True,0.9050359849756732
paper_c69af6ceb73b04c2959b,T3_CLAIM,10119,4,6.139846602564539,6.067641666730447,4,1519,379,True,0.904813262942491
paper_b2309671ad25bdaac8dd,T3_CLAIM,10057,0,6.740729375753621,6.7025249833485345,2,1518,380,True,0.883571677390088
paper_87c65faf0be682cf13b8,T3_CLAIM,11397,0,6.311447434978226,5.5378147187665405,2,1518,380,True,0.883571677390088
paper_5cb8db5c0d334bb45ec9,T3_CLAIM,7780,20,9.718323755351687,12.49141870867826,2,1518,380,True,0.883571677390088
paper_0dfc713c6ddcc04e21ab,T3_CLAIM,16227,2,5.29757210878403,3.264665131437746,2,1518,380,True,0.883571677390088
paper_e92614718c7b5ee969ba,T3_CLAIM,16837,2,4.104490477180946,2.4377801729411095,4,1519,379,True,0.904813262942491
paper_d7a0aeadcd3541bb384e,T3_CLAIM,10919,2,9.024531156662947,8.26497953719475,2,1518,380,True,0.883571677390088
paper_73ec927fd13e6964a898,T3_CLAIM,11652,2,4.622826947446362,3.967410699833816,4,1519,379,True,0.904813262942491
paper_db02ad53b325ae25d0b4,T3_CLAIM,7840,0,2.2460558577125496,2.8648671654496805,3,1519,379,True,0.867002467604485
paper_bd359ec88ae2f7b2171b,T3_CLAIM,30469,0,0.027233070431585234,0.008937960035309736,3,1519,379,True,0.867002467604485
paper_1d07631f1981f7bc5e0c,T3_CLAIM,10793,8,7.663058354919087,7.100026271582589,2,1518,380,True,0.883571677390088
paper_b12e54a4828575cf2d3c,T3_CLAIM,12222,6,7.686264709590818,6.288876378326639,3,1519,379,True,0.867002467604485
paper_eb11ccf29d2707b726dd,T3_CLAIM,14969,5,8.01303997816283,5.353089704163826,1,1518,380,True,0.9050359849756732
paper_df45d253c3a9b25b03cb,T3_CLAIM,14108,0,9.043092753024602,6.409904134551036,3,1519,379,True,0.867002467604485
paper_6011087f571c12a9572f,T3_CLAIM,9585,5,5.181722317911755,5.406074405750396,4,1519,379,True,0.904813262942491
paper_8dc5c333e1321b1487f5,T3_CLAIM,26232,5,4.583722299003073,1.747378125572992,0,1518,380,True,0.9134376116368013
paper_afa792c3a1740a0f180f,T3_CLAIM,8295,3,6.125616222636265,7.384709129157643,4,1519,379,True,0.904813262942491
paper_4124800c87092d811277,T3_CLAIM,8279,3,4.626209165372617,5.5878840021411005,2,1518,380,True,0.883571677390088
paper_df08dd2519074eefbb90,T3_CLAIM,8093,4,5.563841969685174,6.874881959329264,0,1518,380,True,0.9134376116368013
paper_e1df70dc712a9c2410ee,T3_CLAIM,7884,17,7.0485636243508685,8.940339452499833,4,1519,379,True,0.904813262942491
paper_cbb0e6062da18c72ae61,T3_CLAIM,14506,4,9.512627206928881,6.557719017598843,0,1518,380,True,0.9134376116368013
paper_39e9d11387f6c55d1652,T3_CLAIM,8617,11,5.293600838474491,6.143206264911792,0,1518,380,True,0.9134376116368013
paper_ce1474406b969edbb7d7,T3_CLAIM,5289,4,5.716842908591672,10.80892968158758,3,1519,379,True,0.867002467604485
paper_eace9548ec3b45812532,T3_CLAIM,4676,3,4.567210225621955,9.767344366171846,3,1519,379,True,0.867002467604485
paper_9f3e0d42d065858dc506,T3_CLAIM,12615,16,7.90222399053804,6.264149021433246,0,1518,380,True,0.9134376116368013
paper_bc8cf1c27837920034b1,T3_CLAIM,13924,0,3.0424096260138724,2.1850112223598623,2,1518,380,True,0.883571677390088
paper_aa28a1c986e09ef13f95,T3_CLAIM,10382,2,4.301335506006135,4.143070223469596,0,1518,380,True,0.9134376116368013
paper_90f76598ff64ace34b11,T3_CLAIM,10797,1,5.404312964938684,5.005383870462798,2,1518,380,True,0.883571677390088
paper_d87f93dd56fb1098ebcb,T3_CLAIM,9922,4,7.198255266029912,7.254843041755606,2,1518,380,True,0.883571677390088
paper_aa75d5684593ddbd3cc7,T3_CLAIM,11890,0,10.377501821321877,8.727924155863647,2,1518,380,True,0.883571677390088
paper_964e9a4598bfe6895f73,T3_CLAIM,8530,2,5.511357102230988,6.461145489133632,0,1518,380,True,0.9134376116368013
paper_b41fd51f6b8a657f5139,T3_CLAIM,9299,10,9.800783401055158,10.539610066733152,1,1518,380,True,0.9050359849756732
paper_ad6c3aa9145b1a08c543,T3_CLAIM,8652,11,7.022633054851091,8.116774219661455,2,1518,380,True,0.883571677390088
paper_5402d0c9bc6929b9ebbf,T3_CLAIM,5630,30,5.937591181705114,10.546343129138748,3,1519,379,True,0.867002467604485
paper_78521781d2e91d1e798b,T3_CLAIM,3045,0,1.3475887406737066,4.425578787105769,3,1519,379,True,0.867002467604485
paper_f0583650cca2040db9aa,T3_CLAIM,11202,1,4.693298011051924,4.189696492636961,4,1519,379,True,0.904813262942491
paper_a687762c5556fb915b19,T3_CLAIM,23425,4,4.332060120768718,1.8493319619076705,1,1518,380,True,0.9050359849756732
paper_87a2bed7ebe05c31f7bc,T3_CLAIM,10431,13,3.6603129085552326,3.5090719092658738,4,1519,379,True,0.904813262942491
paper_95dcaf89d1fe9835f278,T3_CLAIM,10710,3,2.1802642542874398,2.0357275950396265,3,1519,379,True,0.867002467604485
paper_891c12b4f4ffcd43c124,T3_CLAIM,7261,16,5.864235721865498,8.076347227469354,3,1519,379,True,0.867002467604485
paper_562f4943c6e8b3a8d804,T3_CLAIM,10435,6,8.081425808683404,7.744538388771829,4,1519,379,True,0.904813262942491
paper_94c7e4b56b7cb18769b0,T3_CLAIM,7465,2,6.55284092950169,8.778085638984178,1,1518,380,True,0.9050359849756732
paper_624527ca377befda900c,T3_CLAIM,9665,2,14.012227350359344,14.497907242999839,0,1518,380,True,0.9134376116368013
paper_d26912d416d0efef20b2,T3_CLAIM,9059,2,6.003718141745059,6.6273519613037415,1,1518,380,True,0.9050359849756732
paper_abe7697bd530fa52a28f,T3_CLAIM,16956,9,13.317725437246564,7.854284876885211,0,1518,380,True,0.9134376116368013
paper_ed51e9d5b91c7ad9308f,T3_CLAIM,9524,2,8.233404185743812,8.644901497001062,1,1518,380,True,0.9050359849756732
paper_bfc002e4e2173fc7324d,T3_CLAIM,11971,1,5.931826507849527,4.955163735568897,3,1519,379,True,0.867002467604485
paper_139729294f4d451a3966,T3_CLAIM,10923,0,7.7062833542055005,7.055097824961549,0,1518,380,True,0.9134376116368013
paper_c82a7cedff84b7d517ee,T3_CLAIM,9478,2,5.711533977043381,6.026096198610868,2,1518,380,True,0.883571677390088
paper_6b75ffeb53b95e1996b1,T3_CLAIM,13341,5,5.341865673234804,4.004096899209058,0,1518,380,True,0.9134376116368013
paper_8754a14fda22035d6860,T3_CLAIM,16085,7,6.902824215296023,4.291466717622644,2,1518,380,True,0.883571677390088
paper_2915459eda4b88d763e4,T3_CLAIM,8172,5,5.014724593755903,6.136471602736054,4,1519,379,True,0.904813262942491
paper_5d67a811c441e45c0ef1,T3_CLAIM,9886,8,5.262121547136555,5.3228014840547795,2,1518,380,True,0.883571677390088
paper_a9b8593ef4f77277f3a8,T3_CLAIM,8907,0,2.9993522866725337,3.367410224174844,2,1518,380,True,0.883571677390088
paper_b84013989dd59baa5ae4,T3_CLAIM,7549,3,2.4465899808655256,3.2409457952914633,0,1518,380,True,0.9134376116368013
paper_e9edc6839b5f1533f91e,T3_CLAIM,23439,26,19.6133340308809,8.367820312675839,4,1519,379,True,0.904813262942491
paper_c79b045a95db7baea121,T3_CLAIM,9411,4,3.743712706957669,3.9780179651021874,0,1518,380,True,0.9134376116368013
paper_3686f849a50a10a5cbc3,T3_CLAIM,2290,0,0.6105790679600847,2.6662841395636883,3,1519,379,True,0.867002467604485
paper_b153a4108133aedb208f,T3_CLAIM,5179,16,4.447234630819614,8.587052772387747,1,1518,380,True,0.9050359849756732
paper_257eb54fddd85f451139,T3_CLAIM,6970,6,2.9644607284810265,4.253171776873783,2,1518,380,True,0.883571677390088
paper_5c945fc472875092c680,T3_CLAIM,11795,7,5.447501750508767,4.618483891910782,4,1519,379,True,0.904813262942491
paper_2e79e217cb83ee32a37b,T3_CLAIM,7151,3,6.049443572014237,8.459577082945374,4,1519,379,True,0.904813262942491
paper_13fc56a51dfe60a5074e,T3_CLAIM,12935,4,11.150925643481763,8.620738804392548,2,1518,380,True,0.883571677390088
paper_549df131670f74b155e6,T3_CLAIM,9706,4,0.9094540892922296,0.9370019465199151,3,1519,379,True,0.867002467604485
paper_a18c3e1dd508021eeb67,T3_CLAIM,11606,8,12.4851954786694,10.757535308176287,2,1518,380,True,0.883571677390088
paper_75d794e93419af346c95,T3_CLAIM,10297,10,10.803223239872294,10.49162206455501,2,1518,380,True,0.883571677390088
paper_41421cea964b6e798387,T3_CLAIM,15968,3,5.344862614642652,3.3472336013543664,1,1518,380,True,0.9050359849756732
paper_df72b530993943ce67bd,T3_CLAIM,3171,5,3.4265293946031603,10.805832212561212,2,1518,380,True,0.883571677390088
paper_37dd9d9c13d5c83a27e8,T3_CLAIM,9660,1,3.215432777327542,3.3286053595523213,4,1519,379,True,0.904813262942491
paper_d9a7caa927432b9a5d58,T3_CLAIM,6563,17,8.363078202209426,12.742767335379288,4,1519,379,True,0.904813262942491
paper_88c706177de14c2ef0f4,T3_CLAIM,10058,5,6.99105221572286,6.950737935695824,1,1518,380,True,0.9050359849756732
paper_aa476f4b57cf73cdac62,T3_CLAIM,5953,0,2.2121492851484796,3.7160243325188635,0,1518,380,True,0.9134376116368013
paper_d416d61532bdecbfaccb,T3_CLAIM,8030,4,10.440719928184105,13.00214187818693,4,1519,379,True,0.904813262942491
paper_cf4960f6d973ee4f6601,T3_CLAIM,7279,12,21.384238466224534,29.377989375222608,3,1519,379,True,0.867002467604485
paper_97054b57472bb028ae26,T3_CLAIM,11931,3,6.086822054223467,5.101686408702931,1,1518,380,True,0.9050359849756732
paper_63c2a04ed7616ffa2724,T3_CLAIM,10407,2,5.109644254143003,4.909814792104356,0,1518,380,True,0.9134376116368013
paper_2f0ed310f194dc58ba32,T3_CLAIM,20957,2,5.51051684666939,2.6294397321512575,0,1518,380,True,0.9134376116368013
paper_48ac381c2e24a4af0f14,T3_CLAIM,6897,6,3.800081112948587,5.50975947940929,3,1519,379,True,0.867002467604485
paper_242e560e97cb6505f70f,T3_CLAIM,6150,2,8.631985244927264,14.035748365735389,2,1518,380,True,0.883571677390088
paper_e8b66608c3d839cf37e7,T3_CLAIM,10428,10,7.876733183265513,7.553445707005671,3,1519,379,True,0.867002467604485
paper_fc1bbdf085b09de0eda2,T3_CLAIM,10968,5,4.940128731747982,4.504129040616322,1,1518,380,True,0.9050359849756732
paper_99b91e4391be449bdb00,T3_CLAIM,6675,0,3.7974988184750043,5.689136806704126,2,1518,380,True,0.883571677390088
paper_fb949e10b7dc40498014,T3_CLAIM,11506,0,4.08768962993032,3.552659160377472,2,1518,380,True,0.883571677390088
paper_35daa3771be2bd2112a0,T3_CLAIM,5286,0,1.6861693064011998,3.189877613320469,4,1519,379,True,0.904813262942491
paper_1b1cf979f0bda259ce7d,T3_CLAIM,17736,7,10.64737647959014,6.003256923539772,1,1518,380,True,0.9050359849756732
paper_6942ae89b7ad7f833112,T3_CLAIM,4157,14,5.183844630612429,12.47015787975085,0,1518,380,True,0.9134376116368013
paper_6574f22a700aa2fb8db4,T3_CLAIM,5799,10,4.549018407523514,7.844487683261793,3,1519,379,True,0.867002467604485
paper_1e45d661065122156bca,T3_CLAIM,11793,9,4.939212451977279,4.188257824113694,3,1519,379,True,0.867002467604485
paper_4a55b8938eb9b87e2323,T3_CLAIM,16335,4,7.62920654809712,4.670466206364934,4,1519,379,True,0.904813262942491
paper_d7752a4e96bba3ae0aa8,T3_CLAIM,10203,0,2.5346263652738945,2.4841971628676807,0,1518,380,True,0.9134376116368013
paper_2a007f0eb896c97e483a,T3_CLAIM,11852,4,9.926417374324599,8.375309968211777,4,1519,379,True,0.904813262942491
paper_0f39b53174dcbddc4a1d,T3_CLAIM,8040,5,5.964740887909191,7.41883195013581,2,1518,380,True,0.883571677390088
paper_7661703c927d0e9f12dc,T3_CLAIM,10383,12,8.72510127255326,8.403256546810422,3,1519,379,True,0.867002467604485
paper_eb85f70cd612e1e282fa,T3_CLAIM,5910,1,4.0127392697254,6.78974495723418,4,1519,379,True,0.904813262942491
paper_b3bdc644128eaefe47e3,T3_CLAIM,17247,2,4.19407167855204,2.4317688169258656,2,1518,380,True,0.883571677390088
paper_040aee36b3fa8790d5c8,T3_CLAIM,13135,11,13.06524138951636,9.946891046453263,3,1519,379,True,0.867002467604485
paper_2a77513d8432605df47a,T3_CLAIM,8946,25,6.7963740874439855,7.597109420348744,4,1519,379,True,0.904813262942491
paper_1a8139b3d1a58181a74a,T3_CLAIM,11778,2,5.602834950178117,4.757034258938799,4,1519,379,True,0.904813262942491
paper_66cf6798a853095c2776,T3_CLAIM,7873,8,6.911084499290913,8.778209703151166,1,1518,380,True,0.9050359849756732
paper_049d5e8e998588e39ab7,T3_CLAIM,18711,20,8.797375724497593,4.701713283361442,0,1518,380,True,0.9134376116368013
paper_8aebf0689c9d8494cada,T3_CLAIM,4559,2,4.958183228340872,10.875593832728388,0,1518,380,True,0.9134376116368013
paper_62eb7922d1e559ef503c,T3_CLAIM,7761,6,7.131655393205009,9.18909340704163,4,1519,379,True,0.904813262942491
paper_341d7710302a2b329e63,T3_CLAIM,8012,0,5.660820766010491,7.065427815789429,4,1519,379,True,0.904813262942491
paper_4dfb5aa291d5fa66dd3c,T3_CLAIM,20442,4,4.548557770634534,2.2251040850379287,2,1518,380,True,0.883571677390088
paper_f3b42bb14867c07e4aef,T3_CLAIM,10878,4,3.3012678259656796,3.034811386252693,3,1519,379,True,0.867002467604485
paper_a33d69153b85c02028d9,T3_CLAIM,10938,17,8.29522350377041,7.583857655668687,3,1519,379,True,0.867002467604485
paper_70053fcb3f6c88094e0f,T3_CLAIM,5728,5,5.933824346282273,10.359330213481622,2,1518,380,True,0.883571677390088
paper_867248425c354151c78a,T3_CLAIM,16011,4,6.967652140776277,4.3517907318570215,4,1519,379,True,0.904813262942491
paper_6b3c42d8e8880d6d8dff,T3_CLAIM,10777,2,1.9449573278508798,1.8047298207765423,1,1518,380,True,0.9050359849756732
paper_59d14f7f5c168de48683,T3_CLAIM,18699,1,2.5323206586693865,1.3542545904430112,3,1519,379,True,0.867002467604485
paper_2cb6f57951a81f95a6d3,T3_CLAIM,11175,5,2.7953659995501225,2.501446084608611,0,1518,380,True,0.9134376116368013
paper_6905a614350b111170f7,T3_CLAIM,8291,17,7.764464118558201,9.364930790686529,2,1518,380,True,0.883571677390088
paper_def2a9b250174b9b5d77,T3_CLAIM,7,0,26406870041.516537,37724100059309.336,2,1518,380,True,0.883571677390088
paper_74360882a4fd3ef23b19,T3_CLAIM,12816,0,5.16981682771685,4.0338770503408625,1,1518,380,True,0.9050359849756732
paper_b35bae27d796b009e0df,T3_CLAIM,7380,0,3.0424125702279237,4.122510257761414,1,1518,380,True,0.9050359849756732
paper_bf59dfbde51b13c41d72,T3_CLAIM,8708,27,8.285270303910602,9.514550188229906,0,1518,380,True,0.9134376116368013
paper_e9451b99f1bd10a70827,T3_CLAIM,5700,7,6.924072996047178,12.147496484293296,1,1518,380,True,0.9050359849756732
paper_585a1342fa701de95a25,T3_CLAIM,7324,13,11.17410534292449,15.256834165653316,4,1519,379,True,0.904813262942491
paper_454aff797060891be3c6,T3_CLAIM,19045,5,7.418730539577857,3.8953691465360234,2,1518,380,True,0.883571677390088
paper_48b0d359973255508766,T3_CLAIM,12083,3,12.274559606419842,10.158536461491222,0,1518,380,True,0.9134376116368013
paper_102cf81837ebd8524603,T3_CLAIM,17989,0,3.5102256674927106,1.9513178428443552,4,1519,379,True,0.904813262942491
paper_e93d0eb808f7955cb1f3,T3_CLAIM,12804,7,8.341685891865213,6.514906194833812,2,1518,380,True,0.883571677390088
paper_9698880edb2f1fbb0716,T3_CLAIM,15997,20,13.847292424107497,8.656180798966993,2,1518,380,True,0.883571677390088
paper_d4cafb54afe17e7fa6d9,T3_CLAIM,14169,11,8.21485169369758,5.797763916788468,2,1518,380,True,0.883571677390088
paper_11d4bce0bb41d66468ff,T3_CLAIM,5357,2,5.2870034066811185,9.869336208103638,1,1518,380,True,0.9050359849756732
paper_1734f2d4e8637ff96940,T3_CLAIM,18200,11,9.323966569972827,5.123058554930124,2,1518,380,True,0.883571677390088
paper_e7b3a35a726f590f0614,T3_CLAIM,7048,15,7.786567873341879,11.047911284537285,2,1518,380,True,0.883571677390088
paper_8fffa7755c947f926f25,T3_CLAIM,9146,4,10.21654244653447,11.170503440339461,4,1519,379,True,0.904813262942491
paper_f458cadda44351f46cb6,T3_CLAIM,9312,4,4.366497761014808,4.689108420333771,3,1519,379,True,0.867002467604485
paper_0a7d6170833642992e54,T3_CLAIM,7682,1,6.633906347249076,8.635650022453888,0,1518,380,True,0.9134376116368013
paper_4b8d22d722a1fe73e52d,T3_CLAIM,32398,5,10.280168092418993,3.173087256132784,4,1519,379,True,0.904813262942491
paper_5565b4dc086c1ca4d22d,T3_CLAIM,8216,11,11.550528137137578,14.058578550556936,3,1519,379,True,0.867002467604485
paper_3ad4c97acce29985ea25,T3_CLAIM,18837,7,7.493400260119264,3.978022116111517,3,1519,379,True,0.867002467604485
paper_059fc5b9c39e4fc7ea23,T3_CLAIM,17975,6,4.537197567986664,2.5241711087547505,4,1519,379,True,0.904813262942491
paper_178d19045333bd4d2565,T3_CLAIM,9737,1,8.550321703177342,8.781269079980838,4,1519,379,True,0.904813262942491
paper_d7aa357dfb15c6a1e39d,T3_CLAIM,12978,10,11.456925835615552,8.827959497315112,1,1518,380,True,0.9050359849756732
paper_56c1618d40a6eb8185c1,T3_CLAIM,13963,23,5.494324431394133,3.93491687416324,2,1518,380,True,0.883571677390088
paper_bffd20500ce5fa053c9c,T3_CLAIM,10746,2,7.489067151708239,6.969167273132551,4,1519,379,True,0.904813262942491
paper_a4b2d7fa3ccbbb4c6471,T3_CLAIM,12850,4,5.892769271411482,4.5858126625770295,0,1518,380,True,0.9134376116368013
paper_c25fa50b56e70da9b6d0,T3_CLAIM,9188,16,6.957364796132651,7.572229860832228,1,1518,380,True,0.9050359849756732
paper_6b4a43bf69d27125304c,T3_CLAIM,7893,11,3.687281102981815,4.671583812215653,2,1518,380,True,0.883571677390088
paper_8a046c008c29850c937b,T3_CLAIM,10759,46,10.544868389711286,9.800974430440826,0,1518,380,True,0.9134376116368013
paper_643a6372616ac7c0afc3,T3_CLAIM,2793,7,5.137108392934157,18.392797683258706,4,1519,379,True,0.904813262942491
paper_3a9f6563580de478d046,T3_CLAIM,6142,0,1.3363849304902289,2.1758139539078947,1,1518,380,True,0.9050359849756732
paper_57070c9df2bbb7169952,T3_CLAIM,9031,2,10.208618908112474,11.303973987501355,1,1518,380,True,0.9050359849756732
paper_cebee2fe81ebbe1a3c48,T3_CLAIM,5703,3,2.707851725602545,4.748118052959048,2,1518,380,True,0.883571677390088
paper_ebdbb0b43465d85a148a,T3_CLAIM,9145,8,10.286525040312906,11.248250454142052,2,1518,380,True,0.883571677390088
paper_4d3590e393f62f830ccc,T3_CLAIM,13706,3,7.123437832036768,5.197313462743884,2,1518,380,True,0.883571677390088
paper_2c9947398b4a04e8b1e2,T3_CLAIM,21732,17,6.736714997102858,3.099905667726329,4,1519,379,True,0.904813262942491
paper_d1b552e814f2835253c4,T3_CLAIM,12175,1,12.54088035235912,10.300517743210776,2,1518,380,True,0.883571677390088
paper_d70ed00ebaa890cfda32,T3_CLAIM,11760,12,9.221899600902436,7.841751361311596,4,1519,379,True,0.904813262942491
paper_69f7388134bb5baddc3c,T3_CLAIM,18944,4,13.55599286877562,7.155823938331725,0,1518,380,True,0.9134376116368013
paper_366543203c025501ed60,T3_CLAIM,12481,4,6.062096025544065,4.8570595509527,2,1518,380,True,0.883571677390088
paper_41243b2e71035d29da90,T3_CLAIM,12646,0,2.1214750646417375,1.6775858489971038,2,1518,380,True,0.883571677390088
paper_861b33b54fdd426c017c,T3_CLAIM,16996,9,5.171615530912203,3.0428427458885636,2,1518,380,True,0.883571677390088
paper_420a7c4a1beacd06e82f,T3_CLAIM,4524,0,2.6455680372953765,5.847851541324881,0,1518,380,True,0.9134376116368013
paper_2d26b54a49fc7f24b94d,T3_CLAIM,5599,14,4.937179081772076,8.817965854209817,2,1518,380,True,0.883571677390088
paper_b5583ba490a81a7110ec,T3_CLAIM,21582,2,9.78422159835242,4.533510146581605,0,1518,380,True,0.9134376116368013
paper_6a3930f614a5b0685194,T3_CLAIM,6815,2,3.4707042809014474,5.092742892005059,2,1518,380,True,0.883571677390088
paper_57ace56e0ada3222f3f0,T3_CLAIM,12975,1,10.492327609465242,8.086572338701535,3,1519,379,True,0.867002467604485
paper_f268a30c446bf23e6318,T3_CLAIM,11575,1,8.07099499431748,6.9727818525421,1,1518,380,True,0.9050359849756732
paper_8af94154beb2a5df2697,T3_CLAIM,11109,5,5.772046315381119,5.1958288913323605,1,1518,380,True,0.9050359849756732
paper_19d6d130654a2931c231,T3_CLAIM,9793,13,7.222205572193545,7.374865283563306,3,1519,379,True,0.867002467604485
paper_72149d18c080d4a16b73,T3_CLAIM,11353,2,11.36545719796033,10.010972604562962,4,1519,379,True,0.904813262942491
paper_5e71c72f7a5dc52b2892,T3_CLAIM,7539,11,12.989593997439354,17.229863373709183,3,1519,379,True,0.867002467604485
paper_d3d6bf6212f62c9c3292,T3_CLAIM,18343,2,9.574881610347871,5.219910380171112,2,1518,380,True,0.883571677390088
paper_d09b7dbf486c61e8b7e7,T3_CLAIM,11222,2,4.659587963204018,4.1521903076136315,2,1518,380,True,0.883571677390088
paper_a0000904b31bd58b0171,T3_CLAIM,21763,10,5.275137812989669,2.423901949634549,4,1519,379,True,0.904813262942491
paper_506cd366d7f23427e5d4,T3_CLAIM,7824,6,5.678101933449305,7.257287747251158,2,1518,380,True,0.883571677390088
paper_12d49cdf683274a5da01,T3_CLAIM,10920,2,1.0023247941130564,0.9178798480888795,3,1519,379,True,0.867002467604485
paper_a26f7bca44a5957af749,T3_CLAIM,9830,15,7.224179380981909,7.349114324498381,3,1519,379,True,0.867002467604485
paper_5f88f9a9b70c1c9af0c9,T3_CLAIM,9575,1,10.741776323856431,11.21856535128609,4,1519,379,True,0.904813262942491
paper_c4b96dc9e1370394f656,T3_CLAIM,5548,4,4.633499247896843,8.35165689959777,2,1518,380,True,0.883571677390088
paper_6482013036e9e86dec50,T3_CLAIM,9124,3,5.866712686415772,6.429978832108475,0,1518,380,True,0.9134376116368013
paper_43fcd55dc92a638d1039,T3_CLAIM,6446,4,9.379944989579123,14.551574603752906,0,1518,380,True,0.9134376116368013
paper_890343a4524e020964d0,T3_CLAIM,10609,15,11.618919239124148,10.951945743353896,4,1519,379,True,0.904813262942491
paper_b8ddd96d66bc3769a35d,T3_CLAIM,5616,0,1.8215749503605074,3.243545139530818,2,1518,380,True,0.883571677390088
paper_52e45ae625e87cb51855,T3_CLAIM,6106,1,2.17197410360339,3.557114483464445,4,1519,379,True,0.904813262942491
paper_d707afd32f2376608ebf,T3_CLAIM,11098,10,14.486076693104039,13.052871412059867,1,1518,380,True,0.9050359849756732
paper_6ac9728a355621c40664,T3_CLAIM,9805,0,4.950239849766522,5.048689290939849,2,1518,380,True,0.883571677390088
paper_ed17d9f0c57607cb2fc3,T3_CLAIM,4270,18,5.2652632255740475,12.33082722616873,4,1519,379,True,0.904813262942491
paper_5a677972ee4e2affa5cb,T3_CLAIM,10316,2,8.335815768936012,8.080472827584346,0,1518,380,True,0.9134376116368013
paper_51d00647e76d4c20e940,T3_CLAIM,16551,2,4.223917212207418,2.5520616350718495,2,1518,380,True,0.883571677390088
paper_2c1e62bd0da8f6cff4af,T3_CLAIM,17745,6,8.3960591133067,4.731506967205805,1,1518,380,True,0.9050359849756732
paper_a09a8082d3f2f6bb58f3,T3_CLAIM,6365,13,4.896114708679833,7.692246203738937,4,1519,379,True,0.904813262942491
paper_3860f222312c54cfa035,T3_CLAIM,6890,14,4.893556393534554,7.102404054476856,4,1519,379,True,0.904813262942491
paper_ce646a57e074e1cdd0d7,T3_CLAIM,6625,8,9.882321809379668,14.916712165101387,3,1519,379,True,0.867002467604485
paper_fd71f52565c39ca8148c,T3_CLAIM,9233,1,4.928980906535332,5.338439192608396,2,1518,380,True,0.883571677390088
paper_91ed1010504fb8dd77bd,T3_CLAIM,6142,24,9.644528449020132,15.702586208108324,2,1518,380,True,0.883571677390088
paper_c6d38c3088f9d3f12a73,T3_CLAIM,13088,8,9.357931062615691,7.15000845248754,1,1518,380,True,0.9050359849756732
paper_9487d06009d34990bb93,T3_CLAIM,8246,4,6.993167521906591,8.480678537359436,2,1518,380,True,0.883571677390088
paper_d4eec71007c44517072f,T3_CLAIM,7113,3,6.346424541842732,8.922289528810252,2,1518,380,True,0.883571677390088
paper_4f1ab823cfd9f70682e6,T3_CLAIM,8120,1,2.277725129004068,2.805080208133089,0,1518,380,True,0.9134376116368013
paper_f6bb7179b2d6e6455912,T3_CLAIM,8132,21,10.061709377214516,12.37298251010147,3,1519,379,True,0.867002467604485
paper_2e4ef5c895a34d506fc5,T3_CLAIM,11906,5,6.536068866959531,5.489726916646674,4,1519,379,True,0.904813262942491
paper_f8ac84f71b01d5decc8e,T3_CLAIM,6158,6,4.609387394777139,7.485202005159367,4,1519,379,True,0.904813262942491
paper_5b0445c6fb0209c2645a,T3_CLAIM,11871,3,7.6942442217791305,6.481546813056297,0,1518,380,True,0.9134376116368013
paper_c6ceea1dfa571f4e39a7,T3_CLAIM,11403,1,0.8744967621467331,0.7669006069865237,3,1519,379,True,0.867002467604485
paper_21170a94b042f9799071,T3_CLAIM,13009,1,5.925996260818684,4.555304989483192,2,1518,380,True,0.883571677390088
paper_54fdeae96cb2f5a52da7,T3_CLAIM,6626,8,6.682426261192782,10.085158860840298,2,1518,380,True,0.883571677390088
paper_36d7325ec81a4ba108e6,T3_CLAIM,12741,5,4.279581925119692,3.3589058355856625,0,1518,380,True,0.9134376116368013
paper_4bb04ced1198e17099d2,T3_CLAIM,7206,16,8.273582761425281,11.4815192359496,2,1518,380,True,0.883571677390088
paper_fd4f44b26db058b07e2e,T3_CLAIM,11772,11,12.689984019907959,10.779802939099524,3,1519,379,True,0.867002467604485
paper_356f10d0ab2550ac5a9f,T3_CLAIM,9528,2,9.355051975656973,9.818484441285657,2,1518,380,True,0.883571677390088
paper_7dc23c11a92281e380a2,T3_CLAIM,19214,1,3.4739447297856203,1.8080278597822528,4,1519,379,True,0.904813262942491
paper_05c1d1848050b0570ab8,T3_CLAIM,10660,2,3.827325711362706,3.5903618305466285,4,1519,379,True,0.904813262942491
paper_47024cbbcdb16ac50eb1,T3_CLAIM,7199,8,5.301554092892661,7.364292391849786,0,1518,380,True,0.9134376116368013
paper_0e810425168608981150,T3_CLAIM,6568,1,7.262964142416661,11.058106185165439,1,1518,380,True,0.9050359849756732
paper_41969b2a5efedb22cfed,T3_CLAIM,9679,7,8.080336717083187,8.348317715759052,4,1519,379,True,0.904813262942491
paper_6b75a0758f7f8e49a5f0,T3_CLAIM,13471,7,7.760650125037723,5.761005214934098,4,1519,379,True,0.904813262942491
paper_32a0ff3bf7f0d3570472,T3_CLAIM,10803,6,10.313411164845933,9.546802892572371,1,1518,380,True,0.9050359849756732
paper_d82adf03b07ce22c3b54,T3_CLAIM,3308,3,3.706454931700636,11.204519140570243,4,1519,379,True,0.904813262942491
paper_2cdf2c4c1a28280b7e7e,T3_CLAIM,17620,1,3.733977957202547,2.119170236777836,3,1519,379,True,0.867002467604485
paper_bd7cac58ba01f4f27463,T3_CLAIM,15073,5,5.6111254052407205,3.7226334540175947,3,1519,379,True,0.867002467604485
paper_93ab30d33d5d512908f9,T3_CLAIM,12076,20,8.679179095403846,7.187130751410936,3,1519,379,True,0.867002467604485
paper_d071b57a8554a6c74e84,T3_CLAIM,4164,10,4.146480305484213,9.957925805677746,4,1519,379,True,0.904813262942491
paper_98e549572ba02d9bdf70,T3_CLAIM,12632,0,1.4526624734105649,1.1499861252458556,1,1518,380,True,0.9050359849756732
paper_0b034a0d6b0a5bf01d4d,T3_CLAIM,10870,8,6.207246400997291,5.710438271386653,3,1519,379,True,0.867002467604485
paper_9a57f744c4d7e9d630eb,T3_CLAIM,11248,14,9.396900151230865,8.354285340710229,4,1519,379,True,0.904813262942491
paper_a39e2e13b6afca086191,T3_CLAIM,11349,3,8.053804888172348,7.096488578881265,4,1519,379,True,0.904813262942491
paper_b3c0cc25aae9f4eea731,T3_CLAIM,4520,0,4.49120239414458,9.936288482620752,1,1518,380,True,0.9050359849756732
paper_3d61da838c57a1fe15ef,T3_CLAIM,9645,1,5.5851454530340785,5.790715866287277,4,1519,379,True,0.904813262942491
paper_75082bc1f43a14cdaa8f,T3_CLAIM,12354,1,5.525691397081455,4.472795367558244,4,1519,379,True,0.904813262942491
paper_b7f93bc4a0f6ac17062e,T3_CLAIM,13581,13,13.117780254603117,9.658920738239537,1,1518,380,True,0.9050359849756732
paper_e2971df144864354ab50,T3_CLAIM,6805,19,4.250469642115263,6.2460979311025175,4,1519,379,True,0.904813262942491
paper_77fff62649cc89e70006,T3_CLAIM,10128,4,5.9641008817907295,5.888725199240453,2,1518,380,True,0.883571677390088
paper_48fe6515d531f9067495,T3_CLAIM,8495,15,3.1870747942895985,3.7517066442490856,4,1519,379,True,0.904813262942491
paper_31574d46962b0f0e1fa9,T3_CLAIM,10306,8,5.376076090711197,5.216452639929359,3,1519,379,True,0.867002467604485
paper_908b6ec651f9c3279ecd,T3_CLAIM,13947,6,6.098076221416907,4.3723210879880305,1,1518,380,True,0.9050359849756732
paper_2731ed413ed15eaf8736,T3_CLAIM,13536,3,6.379073484579723,4.712672491563034,4,1519,379,True,0.904813262942491
paper_8576f7b959b92e605aad,T3_CLAIM,6427,1,7.976154453585313,12.410385021915843,4,1519,379,True,0.904813262942491
paper_90b73384b7f4312f3880,T3_CLAIM,10821,6,6.0547522678362835,5.595372209441163,3,1519,379,True,0.867002467604485
paper_fdf78c67293a210ce070,T3_CLAIM,13328,5,5.456377124592957,4.0939204116093615,1,1518,380,True,0.9050359849756732
paper_ecd6471e7031f96c6dd5,T3_CLAIM,13772,3,5.318244922662949,3.861635871814514,2,1518,380,True,0.883571677390088
paper_9f6a916d2362364c4772,T3_CLAIM,6623,0,7.0361760885587135,10.623850352647914,3,1519,379,True,0.867002467604485
paper_2816bab6cf493c5dae75,T3_CLAIM,7372,1,2.3866925454016377,3.237510235216546,3,1519,379,True,0.867002467604485
paper_0c6ab339e1fc81e69363,T3_CLAIM,7315,6,5.1339367027429486,7.018368698213189,4,1519,379,True,0.904813262942491
paper_0c493d1aba033d49a5c8,T3_CLAIM,9366,0,6.339911346716994,6.769070410759122,1,1518,380,True,0.9050359849756732
paper_778169486c30445ecba2,T3_CLAIM,10451,7,4.956913049031215,4.7430035872464025,4,1519,379,True,0.904813262942491
paper_53fb745495c413ce93d7,T3_CLAIM,12920,37,7.33793216008797,5.679514055795642,2,1518,380,True,0.883571677390088
paper_1e8373c0fc60886c7495,T3_CLAIM,11129,21,11.442102592212438,10.281339376594875,2,1518,380,True,0.883571677390088
paper_09318a44abac513252df,T3_CLAIM,7889,38,4.118044477294757,5.219982858784075,4,1519,379,True,0.904813262942491
paper_c84490476cf833bb6ee5,T3_CLAIM,10143,8,8.733058875623398,8.609936779674058,3,1519,379,True,0.867002467604485
paper_d792d6f81b5dfd11ffa9,T3_CLAIM,34461,3,1.549431289884757,0.44961878351898005,4,1519,379,True,0.904813262942491
paper_a717d2db5cddad911222,T3_CLAIM,11566,33,9.307149222686672,8.046990508980349,3,1519,379,True,0.867002467604485
paper_4ad3f9a094b434800a09,T3_CLAIM,10883,4,5.3839623452516605,4.947130704081283,3,1519,379,True,0.867002467604485
paper_16f8ba6c956f29329d5d,T3_CLAIM,7288,4,3.1611568746752186,4.337481990498379,4,1519,379,True,0.904813262942491
paper_775561e5dc791ef2cb02,T3_CLAIM,13254,0,4.7440456712909365,3.579331274551786,2,1518,380,True,0.883571677390088
paper_c93f4d1eb777164982f5,T3_CLAIM,6645,2,13.461546954447178,20.258159449882886,0,1518,380,True,0.9134376116368013
paper_970b5a6ef6657c8631b9,T3_CLAIM,8511,1,9.480501372935791,11.139115700782272,0,1518,380,True,0.9134376116368013
paper_b4bcc0e4ecfb791477ab,T3_CLAIM,13724,0,3.9939582796303985,2.910199854000582,0,1518,380,True,0.9134376116368013
paper_3fa14c53e2d79e3ad20a,T3_CLAIM,14663,6,7.619677505748827,5.196533796459679,1,1518,380,True,0.9050359849756732
paper_1a1142f66516739f76d7,T3_CLAIM,11065,4,4.554478866975656,4.116112848599779,1,1518,380,True,0.9050359849756732
paper_95b22bce0467e698efc2,T3_CLAIM,2637,0,1.0113982847219627,3.835412532127276,0,1518,380,True,0.9134376116368013
paper_b32b648f3c2ffeaead45,T3_CLAIM,8267,13,13.844654504537289,16.746890655059016,3,1519,379,True,0.867002467604485
paper_890ef2be2fd45f1127d6,T3_CLAIM,7061,9,11.027737612369803,15.61781279191305,1,1518,380,True,0.9050359849756732
paper_4b3e2d7da58e94877ec3,T3_CLAIM,12851,1,5.755084651544967,4.4783165913508425,4,1519,379,True,0.904813262942491
paper_8960d35e4e7e918f25b3,T3_CLAIM,6904,16,8.331914229111765,12.068241930926659,1,1518,380,True,0.9050359849756732
paper_21834382df5f88983fdc,T3_CLAIM,20506,56,8.958415263704316,4.368680027164886,1,1518,380,True,0.9050359849756732
paper_c7f4c59a783a734322b2,T3_CLAIM,10962,8,8.282811095440968,7.55593057420267,0,1518,380,True,0.9134376116368013
paper_04e03066f4102df0b9bd,T3_CLAIM,6983,8,6.814400259324332,9.758556865708623,1,1518,380,True,0.9050359849756732
paper_57e0d2b061547e81fe80,T3_CLAIM,11646,16,12.428428204383515,10.671842868266799,2,1518,380,True,0.883571677390088
paper_53d17039ee6ced32c298,T3_CLAIM,14492,10,7.8068044552727995,5.386975196848468,4,1519,379,True,0.904813262942491
paper_5d3f229a06477354b1d3,T3_CLAIM,6096,6,4.268643792915018,7.002368426697863,1,1518,380,True,0.9050359849756732
paper_e5dc74b751031ccb7720,T3_CLAIM,5566,16,8.35337045366647,15.007852054736741,2,1518,380,True,0.883571677390088
paper_4c0eb8dcf14576cf473f,T3_CLAIM,15356,4,2.17113827286685,1.413869674958876,2,1518,380,True,0.883571677390088
paper_d27746fdbaa397643691,T3_CLAIM,4598,1,4.948290255618235,10.761831786903512,1,1518,380,True,0.9050359849756732
paper_80d36bad09e524926b91,T3_CLAIM,11530,1,7.220207039520797,6.262104977901818,0,1518,380,True,0.9134376116368013
paper_8a7dd54331fb7be1436f,T3_CLAIM,3859,26,5.957940939162225,15.439079914905998,3,1519,379,True,0.867002467604485
paper_54617090ee3a4ee67d68,T3_CLAIM,20040,3,3.2882818119380786,1.6408591875938516,4,1519,379,True,0.904813262942491
paper_5ed85dc4f61a99174a36,T3_CLAIM,7576,2,6.7808923203471005,8.950491447131864,2,1518,380,True,0.883571677390088
paper_fa75a4f2748abb5e22fe,T3_CLAIM,10399,3,9.71884924214084,9.34594599686589,4,1519,379,True,0.904813262942491
paper_84bfef96fdaac2859085,T3_CLAIM,11354,17,7.509248359409512,6.613747013748029,3,1519,379,True,0.867002467604485
paper_aa644bb19b81f26fb841,T3_CLAIM,8489,1,2.4534309018534515,2.8901294638396178,1,1518,380,True,0.9050359849756732
paper_855a30d7906bf1696f18,T3_CLAIM,13236,6,8.737529485617369,6.601336873388765,1,1518,380,True,0.9050359849756732
paper_5d9ec214dc67ffded139,T3_CLAIM,7863,0,5.108833180685435,6.497307873185089,4,1519,379,True,0.904813262942491
paper_ec8873bb62d0b10bc6b8,T3_CLAIM,16319,2,8.321271400939048,5.099130707113824,3,1519,379,True,0.867002467604485
paper_5117e27e180792a8db1b,T3_CLAIM,6113,25,7.023424731037875,11.489325586517054,2,1518,380,True,0.883571677390088
paper_81299702e47fe70c2f7d,T3_CLAIM,14529,19,10.77946339961145,7.419274141104997,0,1518,380,True,0.9134376116368013
paper_0b1461dccc4a77e918bf,T3_CLAIM,9192,13,9.67909173083896,10.529908323367016,4,1519,379,True,0.904813262942491
paper_51c9758340f260242d9e,T3_CLAIM,16732,19,10.954358012911367,6.546950760764623,3,1519,379,True,0.867002467604485
paper_8c839b9120e4ee048bb7,T3_CLAIM,6885,5,7.1174380720976025,10.337600685690054,0,1518,380,True,0.9134376116368013
paper_bc441e9581da32646cbe,T3_CLAIM,9783,5,5.58514762281686,5.709033653088889,4,1519,379,True,0.904813262942491
paper_f2732436a0eceaabb00c,T3_CLAIM,13095,0,5.26517566376551,4.02075270237916,3,1519,379,True,0.867002467604485
paper_3c99e282d4bc4d094822,T3_CLAIM,11670,0,5.145411645174731,4.409093097836101,4,1519,379,True,0.904813262942491
paper_5aa1212f7b54253ae0bd,T3_CLAIM,8183,2,4.011516757339226,4.902256821873673,4,1519,379,True,0.904813262942491
paper_cda09ee73200c86e8531,T3_CLAIM,8960,5,7.145561218562377,7.97495671714551,3,1519,379,True,0.867002467604485
paper_03cdba0d9cb94685678b,T3_CLAIM,6679,11,4.4248394783440395,6.625002962036291,4,1519,379,True,0.904813262942491
paper_edf2526887b73f01404b,T3_CLAIM,12316,3,12.197269528410008,9.903596564152329,0,1518,380,True,0.9134376116368013
paper_3a30f676a58dc9a464f9,T3_CLAIM,6551,11,4.958258783689941,7.568705210944803,2,1518,380,True,0.883571677390088
paper_edc47b2e1d89bd1d57c6,T3_CLAIM,10138,13,11.284384638771643,11.13077987647627,2,1518,380,True,0.883571677390088
paper_9599a41bff7c970bb27a,T3_CLAIM,6700,42,7.1975980664512775,10.742683681270563,4,1519,379,True,0.904813262942491
paper_a49fcbc0b13ed1d5644a,T3_CLAIM,17721,3,6.873713148030362,3.878851728474895,4,1519,379,True,0.904813262942491
paper_0e42ce275b00cae15eee,T3_CLAIM,9909,4,3.3393594123037325,3.370026654862986,4,1519,379,True,0.904813262942491
paper_67485c94fa39ecb204eb,T3_CLAIM,9856,0,2.751486807004116,2.791687101262293,3,1519,379,True,0.867002467604485
paper_9a0a6ddc3ec36d638255,T3_CLAIM,10627,1,6.5330476151602355,6.14759350255033,1,1518,380,True,0.9050359849756732
paper_a4394a188c62cb17c7b1,T3_CLAIM,15103,0,6.236472387553508,4.129293774451108,3,1519,379,True,0.867002467604485
paper_a15d6db1e341ca841faa,T3_CLAIM,11181,1,9.51627932163515,8.511116466894865,0,1518,380,True,0.9134376116368013
paper_0a926d479528ed19bc99,T3_CLAIM,14314,4,10.53691396235376,7.361264469997038,4,1519,379,True,0.904813262942491
paper_493fb857dd45cdb882e0,T3_CLAIM,10840,9,12.849608518409518,11.85388239705675,4,1519,379,True,0.904813262942491
paper_1d252e6c327bda31dd7e,T3_CLAIM,10190,9,12.090795229695766,11.865353512949723,0,1518,380,True,0.9134376116368013
paper_8b46e4cd6754ee0428f9,T3_CLAIM,21899,7,5.476061389783401,2.500598835464359,1,1518,380,True,0.9050359849756732
paper_ff188907dc0778979d1c,T3_CLAIM,11998,2,6.874793970353199,5.729949966955492,4,1519,379,True,0.904813262942491
paper_d678f6fc8a4d5743f615,T3_CLAIM,18246,1,4.152636963590293,2.2759163452758373,0,1518,380,True,0.9134376116368013
paper_175cea1b3d393b2e4039,T3_CLAIM,7609,1,4.0906339088692985,5.376046666932972,3,1519,379,True,0.867002467604485
paper_a7a15a187cddf7b367fc,T3_CLAIM,13074,5,7.386972565238594,5.6501243423884,0,1518,380,True,0.9134376116368013
paper_ecddf5eff1d2c66dff43,T3_CLAIM,7799,3,6.113855642489719,7.839281500820258,2,1518,380,True,0.883571677390088
paper_055c30f255961e07a80e,T3_CLAIM,12978,0,5.88816925442834,4.537039030997334,3,1519,379,True,0.867002467604485
paper_dfa4c04d49179c51031d,T3_CLAIM,15131,1,4.152819351522441,2.7445769291669038,2,1518,380,True,0.883571677390088
paper_782ce051c047673034e3,T3_CLAIM,8661,3,7.442474626902488,8.593089281725538,1,1518,380,True,0.9050359849756732
paper_1feb6909cbbda0d14bb7,T3_CLAIM,11938,5,7.292605739107014,6.108733237650372,2,1518,380,True,0.883571677390088
paper_8f19b4cda93b876f475f,T3_CLAIM,16155,4,10.638777098883512,6.585439244124737,3,1519,379,True,0.867002467604485
paper_f70c8739c330b884890d,T3_CLAIM,12966,18,11.749954101013648,9.062127179557033,1,1518,380,True,0.9050359849756732
paper_a594296131ac7ea8953d,T3_CLAIM,9429,5,1.9110859722411977,2.0268172364420383,3,1519,379,True,0.867002467604485
paper_1b844234ac51fc5e241d,T3_CLAIM,6055,5,2.3683218709450538,3.911349084962929,2,1518,380,True,0.883571677390088
paper_d21f5d7ebe96b45203db,T3_CLAIM,14075,2,7.790419745380132,5.5349340997372165,3,1519,379,True,0.867002467604485
paper_18933680bc8a2e259970,T3_CLAIM,12134,4,5.5807268057399915,4.599247408719294,0,1518,380,True,0.9134376116368013
paper_b1fe02bb3a07180ef22e,T3_CLAIM,8773,0,4.951927010268258,5.644508161710085,3,1519,379,True,0.867002467604485
paper_399904f8f248fb660bce,T3_CLAIM,14346,3,2.5271066875108024,1.761540978329013,1,1518,380,True,0.9050359849756732
paper_5a3d978656bfefcfcaa1,T3_CLAIM,11689,6,4.759079735086816,4.071417345441711,0,1518,380,True,0.9134376116368013
paper_de9b6276a7e3d55ce897,T3_CLAIM,7361,0,2.4454233033372894,3.3221346329809665,3,1519,379,True,0.867002467604485
paper_66f9d0a1b30b85daca1d,T3_CLAIM,16295,9,10.26672424128462,6.300536508919682,0,1518,380,True,0.9134376116368013
paper_922e19bc2468753745b5,T3_CLAIM,12425,1,3.5423469334515287,2.8509834474458984,0,1518,380,True,0.9134376116368013
paper_062d61e43a982ff71818,T3_CLAIM,8290,0,1.0739096101674181,1.2954277565348833,2,1518,380,True,0.883571677390088
paper_baf7e482899e4dc7153e,T3_CLAIM,8386,8,7.530504834677152,8.979853129832044,0,1518,380,True,0.9134376116368013
paper_6a13a27f7b0b3686ceab,T3_CLAIM,6308,10,6.079370605406837,9.637556444842797,0,1518,380,True,0.9134376116368013
paper_955110ae6783fdfb11b5,T3_CLAIM,5465,4,2.181627088112384,3.991998331404179,3,1519,379,True,0.867002467604485
paper_16c13df8cf3bc9f0e47f,T3_CLAIM,11918,1,8.021091388150289,6.730232747231321,2,1518,380,True,0.883571677390088
paper_80824adaef46809e108f,T3_CLAIM,9920,1,7.096548268317352,7.153778496287653,3,1519,379,True,0.867002467604485
paper_ff0c331a8a77ddf76be8,T3_CLAIM,18941,12,11.010627069155175,5.813118140095653,2,1518,380,True,0.883571677390088
paper_e9cc144b1569d2cdff5b,T3_CLAIM,13998,4,7.293040632179545,5.210059031418449,1,1518,380,True,0.9050359849756732
paper_ad5bedf728d7e17bb2b9,T3_CLAIM,8816,2,4.867742628152985,5.521486647178976,3,1519,379,True,0.867002467604485
paper_a090533a9bc941a8e914,T3_CLAIM,7151,3,7.74168312571302,10.82601471921832,0,1518,380,True,0.9134376116368013
paper_6937cc47e2b2f2fc2447,T3_CLAIM,14810,6,2.407500451865689,1.6255911221240302,0,1518,380,True,0.9134376116368013
paper_5177e78aa7edb3917eb8,T3_CLAIM,17009,1,6.628934475283911,3.8973099390228176,2,1518,380,True,0.883571677390088
paper_5e64be4ff3964f930a88,T3_CLAIM,5341,0,5.466412653630844,10.234811184480142,1,1518,380,True,0.9050359849756732
paper_7c9969be007d847e2a5b,T3_CLAIM,8662,2,4.842935264521468,5.591012773633651,2,1518,380,True,0.883571677390088
paper_a1dae4a529f70040f50b,T3_CLAIM,16311,4,9.916523118710272,6.079653680773878,2,1518,380,True,0.883571677390088
paper_eebf3854a3fb0b3a28f8,T3_CLAIM,14571,15,4.97366193441373,3.413397800023149,0,1518,380,True,0.9134376116368013
paper_0b6cd25028499f328ff1,T3_CLAIM,18354,1,5.0778258885526055,2.766604494144386,4,1519,379,True,0.904813262942491
paper_3ca537be4562a4063d11,T3_CLAIM,15501,7,7.605496415239849,4.9064553352944,0,1518,380,True,0.9134376116368013
paper_0199bd2da3a1c6ae84f4,T3_CLAIM,10885,10,10.521677153347062,9.666216953006028,4,1519,379,True,0.904813262942491
paper_08cf395c399c4d933099,T3_CLAIM,11727,30,8.499144088843698,7.247500715309711,4,1519,379,True,0.904813262942491
paper_65a1f093c8c0135bc3bf,T3_CLAIM,19703,5,8.979344561782282,4.557348912237874,2,1518,380,True,0.883571677390088
paper_6df4b9381be6592f7484,T3_CLAIM,12067,0,4.98257793603155,4.129094170905403,4,1519,379,True,0.904813262942491
paper_5d5120a2cf840faee937,T3_CLAIM,30995,4,9.544914749950143,3.079501451830987,3,1519,379,True,0.867002467604485
paper_9fa83136d84c37a01604,T3_CLAIM,13933,10,13.663784124855832,9.806778242198975,1,1518,380,True,0.9050359849756732
paper_4b5de98008af881ee21a,T3_CLAIM,11621,11,6.472659643348551,5.569795751956416,4,1519,379,True,0.904813262942491
paper_62e38605fad8c2e0939c,T3_CLAIM,4500,0,4.295958529700733,9.546574510446073,2,1518,380,True,0.883571677390088
paper_01b1a99273fd65abd9d2,T3_CLAIM,9778,20,7.262689191790957,7.427581501115727,0,1518,380,True,0.9134376116368013
paper_1b2d682df72364320fe4,T3_CLAIM,14969,10,6.620267272212237,4.422651661575414,4,1519,379,True,0.904813262942491
paper_ce55e30ff5f95d5e96ef,T3_CLAIM,13078,10,5.196639466171761,3.9735735327815878,4,1519,379,True,0.904813262942491
paper_93dd7c8966c620ee897b,T3_CLAIM,10080,8,2.836132203366329,2.8136232176253264,3,1519,379,True,0.867002467604485
paper_19eb043baf2285e21e04,T3_CLAIM,15037,7,9.698867649716334,6.450001762130967,2,1518,380,True,0.883571677390088
paper_b9c2648598a28dbc45e5,T3_CLAIM,15968,3,5.5908360736472655,3.5012750962219847,1,1518,380,True,0.9050359849756732
paper_f8503ebcd0d534154ebf,T3_CLAIM,16162,7,1.6630135009286677,1.0289651657769259,2,1518,380,True,0.883571677390088
paper_1b11e7b26c9ebc36aa86,T3_CLAIM,6982,1,7.273992265221631,10.418207197395633,0,1518,380,True,0.9134376116368013
paper_431ab1e76408d8b002e7,T3_CLAIM,8290,4,4.125884861224223,4.976941931512935,0,1518,380,True,0.9134376116368013
paper_d06e930f808cbd4ab74f,T3_CLAIM,11730,1,3.5129143438132577,2.99481188730883,1,1518,380,True,0.9050359849756732
paper_58dc7bf59571d08cde21,T3_CLAIM,13266,0,3.0299715467455433,2.2840129253320844,2,1518,380,True,0.883571677390088
paper_b02b1015a4d81c005688,T3_CLAIM,11893,2,3.322767228097699,2.7938848298139236,4,1519,379,True,0.904813262942491
paper_3fc8a85d099cd7bdb806,T3_CLAIM,11669,3,6.586647301987243,5.644568773662904,4,1519,379,True,0.904813262942491
paper_e979bea55b68466950a5,T3_CLAIM,8502,1,4.59772817827191,5.407819546308999,2,1518,380,True,0.883571677390088
paper_22e2b4a6a3827317eea9,T3_CLAIM,12926,3,6.974162537602499,5.395452992110862,4,1519,379,True,0.904813262942491
paper_cd99825e674af93f54a0,T3_CLAIM,14692,2,6.077688670697286,4.136733372377679,1,1518,380,True,0.9050359849756732
paper_ef33c31cea19815c1c79,T3_CLAIM,8397,1,5.266091598389009,6.271396449194961,3,1519,379,True,0.867002467604485
paper_8a987e6947819af780cc,T3_CLAIM,5842,0,1.571377376132507,2.6897935229929937,2,1518,380,True,0.883571677390088
paper_32ea73c0ca7c36f3722d,T3_CLAIM,19885,5,4.7059369026577595,2.3665762648517776,1,1518,380,True,0.9050359849756732
paper_5bb169e3d0a7bddf67d2,T3_CLAIM,4076,0,4.832391463715507,11.855719979674944,3,1519,379,True,0.867002467604485
paper_bc125e70842da3448cfd,T3_CLAIM,8853,13,7.188990041812166,8.120399911682103,0,1518,380,True,0.9134376116368013
paper_8fdd0bc61f21dd1b43b1,T3_CLAIM,10514,14,7.64318562664023,7.269531697394171,2,1518,380,True,0.883571677390088
paper_b4dd9247e6ebd7246d8d,T3_CLAIM,11093,4,5.543041958634662,4.996882681542109,2,1518,380,True,0.883571677390088
paper_42334e1af55a71821a6f,T3_CLAIM,19073,13,5.47992601103758,2.873132706463367,3,1519,379,True,0.867002467604485
paper_1bcacd02dc9d094de149,T3_CLAIM,19266,0,3.6274917078083253,1.8828463136137885,2,1518,380,True,0.883571677390088
paper_aefd1f6c29e982b9aba9,T3_CLAIM,10945,9,5.773267764643881,5.2747992367691925,0,1518,380,True,0.9134376116368013
paper_915e8135f2cd2d3c8c56,T3_CLAIM,12275,1,3.586303002114127,2.921631773616397,1,1518,380,True,0.9050359849756732
paper_d9833886b4d05e7f2e35,T3_CLAIM,8450,7,4.097249918728973,4.848816471868607,4,1519,379,True,0.904813262942491
paper_52abb83deeb3327b3c1c,T3_CLAIM,8759,20,6.031092622075975,6.88559495613195,0,1518,380,True,0.9134376116368013
paper_83ca826490ae45e8980a,T3_CLAIM,15822,19,9.592163622102033,6.062548111554817,0,1518,380,True,0.9134376116368013
paper_70c25393cf57bb9d618f,T3_CLAIM,17907,6,6.249667829719203,3.490069710012399,1,1518,380,True,0.9050359849756732
paper_2485cc3b0b3e093b7107,T3_CLAIM,10186,21,4.538577482903966,4.455701436190817,1,1518,380,True,0.9050359849756732
paper_27cb55815739afd98af7,T3_CLAIM,11259,14,9.93913224662913,8.82772204159262,0,1518,380,True,0.9134376116368013
paper_9da2bc17ec9305bccac4,T3_CLAIM,11998,16,3.733972981571556,3.1121628451171497,1,1518,380,True,0.9050359849756732
paper_6ab82d7f74d54ba2b45b,T3_CLAIM,12686,0,7.108870960318103,5.603713511207712,2,1518,380,True,0.883571677390088
paper_308f18501b581689186e,T3_CLAIM,22104,0,3.8342541266949337,1.7346426559423334,0,1518,380,True,0.9134376116368013
paper_4e3de9e4ca79ed351723,T3_CLAIM,10192,6,3.62256995158096,3.5543268755700157,0,1518,380,True,0.9134376116368013
paper_ee7c71ddf35bb891ca6e,T3_CLAIM,13240,5,8.419995180699178,6.359512976358896,1,1518,380,True,0.9050359849756732
paper_4859ded345b5dbd2b97c,T3_CLAIM,13490,55,18.085413677373268,13.406533489527996,2,1518,380,True,0.883571677390088
paper_2e7c7ada2c0738c9576e,T3_CLAIM,10594,1,3.2064770938549048,3.0266916120963803,3,1519,379,True,0.867002467604485
paper_f58eacffb09f17790ad5,T3_CLAIM,14749,8,13.524306687657944,9.169643153880225,4,1519,379,True,0.904813262942491
paper_bcb1bb37ecd7b206ef6c,T3_CLAIM,6416,9,9.659645046816781,15.055556494415184,0,1518,380,True,0.9134376116368013
paper_8bb002fe8cccfd64ca1e,T3_CLAIM,9219,0,4.719168624922816,5.118959350171186,4,1519,379,True,0.904813262942491
paper_67304a9245b9d6c41626,T3_CLAIM,15925,12,13.347871942768109,8.381709226228011,2,1518,380,True,0.883571677390088
paper_c5b615402973f803a7b8,T3_CLAIM,11004,3,11.340661114242335,10.30594430592724,4,1519,379,True,0.904813262942491
paper_23bd7483f03e3dc47e65,T3_CLAIM,10461,9,6.801879549602943,6.502131296819561,3,1519,379,True,0.867002467604485
paper_cc6a2028eec5a9992a53,T3_CLAIM,12447,10,2.2823644799166347,1.8336663291689843,3,1519,379,True,0.867002467604485
paper_5c5468e8db87cf4687b4,T3_CLAIM,3377,0,1.5835491293925097,4.689218624200502,2,1518,380,True,0.883571677390088
paper_497c880f073700a9f3b6,T3_CLAIM,17276,6,5.350408452996214,3.097018090412256,0,1518,380,True,0.9134376116368013
paper_6c857c7f5b054f3ce2d8,T3_CLAIM,7057,2,7.236790316082095,10.254768763046755,0,1518,380,True,0.9134376116368013
paper_8f520ff7860cf53ac854,T3_CLAIM,13880,16,5.3882401998924365,3.882017435081006,1,1518,380,True,0.9050359849756732
paper_5e4f95cfed598276c079,T3_CLAIM,11993,2,1.0631572452331013,0.8864814852273003,3,1519,379,True,0.867002467604485
paper_37194af53f35694697e8,T3_CLAIM,6391,4,8.709738723858422,13.628131315691476,1,1518,380,True,0.9050359849756732
paper_b3ceb4a520b9f342d813,T3_CLAIM,11503,3,2.9762562035630387,2.587373905557714,1,1518,380,True,0.9050359849756732
paper_0ed9f754b3e6923e604c,T3_CLAIM,6918,1,2.443471071944883,3.532048383846319,2,1518,380,True,0.883571677390088
paper_9b30186cd2607b9088db,T3_CLAIM,4789,9,2.9964915366096188,6.257029727729419,2,1518,380,True,0.883571677390088
paper_ac4bfb5f517ae06eb2b2,T3_CLAIM,6788,6,7.4507813410599875,10.9764015042133,3,1519,379,True,0.867002467604485
paper_60f5f94262dd41f89bd9,T3_CLAIM,10474,12,5.529652585670713,5.2794086172147345,2,1518,380,True,0.883571677390088
paper_c3ba08e6e7ad226f7d60,T3_CLAIM,14648,1,7.775933027629638,5.30852882825617,2,1518,380,True,0.883571677390088
paper_d3384a041b7bca380507,T3_CLAIM,6765,12,5.052122924089286,7.468030929917643,4,1519,379,True,0.904813262942491
paper_4cbcef64f6b0ab42d544,T3_CLAIM,9339,1,4.452315375866247,4.767443383516701,4,1519,379,True,0.904813262942491
paper_dac18f93f70a297cc71f,T3_CLAIM,7748,31,7.0431400098507595,9.090268469089777,3,1519,379,True,0.867002467604485
paper_71526057ddf6ed98608d,T3_CLAIM,9830,26,9.968359212770414,10.140751996714561,2,1518,380,True,0.883571677390088
paper_19bccdea426791268379,T3_CLAIM,8184,0,2.6261415134943995,3.2088728170752683,1,1518,380,True,0.9050359849756732
paper_879cd01f80e1e8f539ed,T3_CLAIM,20043,4,7.472821676973708,3.7283947896890224,2,1518,380,True,0.883571677390088
paper_3c84f02b8eaced276e0a,T3_CLAIM,8249,14,11.774907152644957,14.274344954109537,1,1518,380,True,0.9050359849756732
paper_3b5376f517a21dde4409,T3_CLAIM,11881,20,12.66799345701321,10.662396647599707,0,1518,380,True,0.9134376116368013
paper_f2df7ccb209401340a47,T3_CLAIM,14098,1,2.9927451019792577,2.1228153652853297,2,1518,380,True,0.883571677390088
paper_76556fecca66ba0e9e6a,T3_CLAIM,6579,3,7.574145899619982,11.512609666545039,1,1518,380,True,0.9050359849756732
paper_16e3b97c39963ad0d408,T3_CLAIM,6328,4,3.126151722064664,4.940189194160341,2,1518,380,True,0.883571677390088
paper_21f15a45a92ab9eac758,T3_CLAIM,11671,1,4.815430640391458,4.1259794708178035,3,1519,379,True,0.867002467604485
paper_79d78e8d8151207b6cdd,T3_CLAIM,10881,0,3.3585302513703468,3.086600727295604,1,1518,380,True,0.9050359849756732
paper_1162d660a2adeef19f80,T3_CLAIM,7771,9,6.109535528485847,7.8619682518155285,1,1518,380,True,0.9050359849756732
paper_ef887352855c8b0457da,T3_CLAIM,9286,0,2.932954248096725,3.15846892967556,3,1519,379,True,0.867002467604485
paper_77c64d4a9868be28d5b9,T3_CLAIM,8177,3,4.875583532414453,5.962557823669381,3,1519,379,True,0.867002467604485
paper_0f02388cc6596059d73d,T3_CLAIM,13983,2,8.475454825154284,6.061256400739672,3,1519,379,True,0.867002467604485
paper_cbd6f37a37686d0e5adc,T3_CLAIM,9926,0,8.61088612807832,8.675081732901793,0,1518,380,True,0.9134376116368013
paper_6afa673dc4b47dad1ddc,T3_CLAIM,15805,23,7.884739059976951,4.988762454904746,3,1519,379,True,0.867002467604485
paper_f1d1c455ef7cbe17c485,T3_CLAIM,9145,8,13.418479513524765,14.673022978157206,1,1518,380,True,0.9050359849756732
paper_a7848c6c4a9124568eeb,T3_CLAIM,13439,16,5.734379196061686,4.266968670333868,3,1519,379,True,0.867002467604485
paper_8bd9081f061e68e47e08,T3_CLAIM,13119,6,15.35312919715799,11.70297217559112,0,1518,380,True,0.9134376116368013
paper_47d103fcb7d4e1006600,T3_CLAIM,8100,17,5.113145150415941,6.312524877056717,4,1519,379,True,0.904813262942491
paper_7734cbe4a04d563059d5,T3_CLAIM,9922,0,5.388128688976512,5.430486483548188,0,1518,380,True,0.9134376116368013
paper_d29c71e3e69f4f648307,T3_CLAIM,10656,6,9.078747810896308,8.519845918633923,1,1518,380,True,0.9050359849756732
paper_3be124ecfb9b58037f0f,T3_CLAIM,4633,1,7.855768256070046,16.95611538111385,3,1519,379,True,0.867002467604485
paper_9fabce227dfc07a77111,T3_CLAIM,9665,1,4.313103745423707,4.462600874727063,4,1519,379,True,0.904813262942491
paper_32f9f4fea8cbf3bf5a54,T3_CLAIM,12023,9,4.711936804307615,3.91910239067422,4,1519,379,True,0.904813262942491
paper_ee3d57081101cfdd36c4,T3_CLAIM,10704,4,5.849950619591549,5.465200504102718,1,1518,380,True,0.9050359849756732
paper_6fe4ed2ca1bcadc2abc6,T3_CLAIM,18945,0,4.163958450008755,2.1979194774393003,1,1518,380,True,0.9050359849756732
paper_ed1226d165d2ad665a0d,T3_CLAIM,8775,4,7.430434806037653,8.467731972692482,0,1518,380,True,0.9134376116368013
paper_e1e31b9c839d71af8b7b,T3_CLAIM,5733,19,8.557474040458745,14.926694645837685,4,1519,379,True,0.904813262942491
paper_81aa2b919d1c92a07a7d,T3_CLAIM,10207,10,4.4484661015117215,4.358250319889999,4,1519,379,True,0.904813262942491
paper_d97c78f84fbbd25fd681,T3_CLAIM,10115,8,6.758539629682099,6.6817000787761724,3,1519,379,True,0.867002467604485
paper_feb0bfac9268de917c23,T3_CLAIM,7994,10,7.2798954155076325,9.106699293854932,1,1518,380,True,0.9050359849756732
paper_9fe3574541257f9f6861,T3_CLAIM,7943,19,3.2883853980281033,4.139979098612745,1,1518,380,True,0.9050359849756732
paper_6bd65aee24acf9ac5556,T3_CLAIM,8064,10,8.132273302867482,10.084664314071778,0,1518,380,True,0.9134376116368013
paper_b06cab9034f967174a3b,T3_CLAIM,5793,2,4.780517998434512,8.252232001440552,4,1519,379,True,0.904813262942491
paper_0bdee45a81a51102cccb,T3_CLAIM,8432,6,4.35199069868311,5.161279291607104,0,1518,380,True,0.9134376116368013
paper_e34faad0d80e3ef8c772,T3_CLAIM,7424,2,3.755134141400905,5.058100944774926,3,1519,379,True,0.867002467604485
paper_2f00f47594081b2b7cf2,T3_CLAIM,8033,4,3.9341872599218046,4.897531756407076,0,1518,380,True,0.9134376116368013
paper_036120c861457dcce7d9,T3_CLAIM,8775,0,3.4693236895247117,3.953645230227592,4,1519,379,True,0.904813262942491
paper_4195a2042ff23fd32be7,T3_CLAIM,11193,19,19.04474081884151,17.014867165944352,1,1518,380,True,0.9050359849756732
paper_02b80fd6fb30dabc0c60,T3_CLAIM,14260,2,14.369623268060675,10.076874662034134,2,1518,380,True,0.883571677390088
paper_8700bcc123dc5d3b937a,T3_CLAIM,13445,1,3.9560222417311106,2.9423742965646045,3,1519,379,True,0.867002467604485
paper_86eceedcfd0d5b078898,T3_CLAIM,8135,7,10.809759493449128,13.287964958142751,2,1518,380,True,0.883571677390088
paper_731b7c2ef2e17c9e721c,T3_CLAIM,7623,5,4.462621377335822,5.854153715513343,0,1518,380,True,0.9134376116368013
paper_63b2bcff2acd5cb805fc,T3_CLAIM,6247,6,3.3975892676087462,5.4387534298203075,3,1519,379,True,0.867002467604485
paper_9956e7467d861b09160c,T3_CLAIM,14646,1,9.937319819560258,6.785006021821834,1,1518,380,True,0.9050359849756732
paper_2b7d8c45688607f3563c,T3_CLAIM,11609,1,7.720517288049202,6.650458513264883,4,1519,379,True,0.904813262942491
paper_f7fde946891c3a207f64,T3_CLAIM,11993,0,1.9734874120307389,1.6455327374557982,3,1519,379,True,0.867002467604485
paper_eee7ac052c3ad5dbac4d,T3_CLAIM,4836,7,3.3713483582559536,6.971357233779888,1,1518,380,True,0.9050359849756732
paper_f6efd567918cb5b94869,T3_CLAIM,7254,3,4.897145736872456,6.750959107902474,4,1519,379,True,0.904813262942491
paper_7cab5ff6b0a1500077e4,T3_CLAIM,9532,1,0.9477961001612188,0.9943307806978796,2,1518,380,True,0.883571677390088
paper_6f3d4a5d21e0ed96c7f4,T3_CLAIM,7559,1,6.7123848325609865,8.879990518006332,2,1518,380,True,0.883571677390088
paper_87d385a369082cfa04ea,T3_CLAIM,9745,5,5.298311265161239,5.436953581489213,1,1518,380,True,0.9050359849756732
paper_b0b7e2f9a369dc5982ed,T3_CLAIM,6924,3,7.943991091170529,11.4731240484843,1,1518,380,True,0.9050359849756732
paper_bc8589e15444a333d1d8,T3_CLAIM,9279,22,10.107456407133865,10.892829407407982,2,1518,380,True,0.883571677390088
paper_df2d25df8f7320c47544,T3_CLAIM,8859,3,7.28907151436398,8.227871672157105,4,1519,379,True,0.904813262942491
paper_76b794811fee9ac07dd8,T3_CLAIM,7338,1,1.6488691691879147,2.247028031054667,3,1519,379,True,0.867002467604485
paper_220a124e6cb07f9f4a46,T3_CLAIM,9560,23,5.89993198077408,6.171476967336904,2,1518,380,True,0.883571677390088
paper_171bbac0ef4b02866477,T3_CLAIM,11446,1,8.097072069885623,7.074149982426719,1,1518,380,True,0.9050359849756732
paper_0c8fe79b1c0c17ae6ae2,T3_CLAIM,9343,9,13.331302786075272,14.268760340442332,1,1518,380,True,0.9050359849756732
paper_8ccd91a72bef8f3d8945,T3_CLAIM,14390,2,6.939170856227526,4.822217412249844,0,1518,380,True,0.9134376116368013
paper_948904efc93d1fe78090,T3_CLAIM,4685,10,4.652072442949324,9.929717060724277,4,1519,379,True,0.904813262942491
paper_271e6a432146914f930d,T3_CLAIM,8516,0,2.4807582744817536,2.9130557473952012,3,1519,379,True,0.867002467604485
paper_a8b9d2de30458b3c694c,T3_CLAIM,3265,7,3.158144833017453,9.672725369119304,3,1519,379,True,0.867002467604485
paper_3f7b8d5f291072c7e8ae,T3_CLAIM,5884,7,3.315083070282736,5.634063681649789,0,1518,380,True,0.9134376116368013
paper_b3ce66ab9cba7e56108e,T3_CLAIM,9426,14,7.964585692063482,8.449592289479611,0,1518,380,True,0.9134376116368013
paper_d8ce8ef02100897f6cfe,T3_CLAIM,1882,0,0.49674211929788675,2.639437403283139,4,1519,379,True,0.904813262942491
paper_31b1f115b8cc596da7d4,T3_CLAIM,7246,15,3.7206257605932227,5.134730555607539,3,1519,379,True,0.867002467604485
paper_a15261b81ed3632a5f9e,T3_CLAIM,4500,18,5.733353525974498,12.740785613276662,2,1518,380,True,0.883571677390088
paper_bb31a3dfe6fe9c189420,T3_CLAIM,5212,1,3.934200568397907,7.548351052183245,1,1518,380,True,0.9050359849756732
paper_d873ca85f16991a1f582,T3_CLAIM,6958,1,4.749985281857436,6.826653178869554,0,1518,380,True,0.9134376116368013
paper_5e71184447da7eeffdaf,T3_CLAIM,11219,10,4.57064838716821,4.07402476795455,3,1519,379,True,0.867002467604485
paper_07be32614e4c5b81b70e,T3_CLAIM,11213,4,3.6342037895253054,3.2410628641088963,4,1519,379,True,0.904813262942491
paper_aadc9a2a8ea2dc22b12f,T3_CLAIM,7264,9,6.17174139179376,8.49634002174251,3,1519,379,True,0.867002467604485
paper_a51cb7e71e8b1382154c,T3_CLAIM,15331,2,6.155127202435743,4.014824344423549,3,1519,379,True,0.867002467604485
paper_54ae55245e1f6a0c207d,T3_CLAIM,5669,12,5.159069197315637,9.100492498351803,0,1518,380,True,0.9134376116368013
paper_49ff3e4d6de323f6d710,T3_CLAIM,21795,5,16.263491171710942,7.462028525676047,4,1519,379,True,0.904813262942491
paper_0c8802876de96d138888,T3_CLAIM,16949,9,9.215781347735579,5.437359931403374,0,1518,380,True,0.9134376116368013
paper_e64e81499208b440427e,T3_CLAIM,12357,1,6.8835199785297165,5.570542994682946,3,1519,379,True,0.867002467604485
paper_6989930cb7a4da8113ac,T3_CLAIM,114,0,0.06528007823514413,5.726322652205625,1,1518,380,True,0.9050359849756732
paper_b5bada64764fec60bada,T3_CLAIM,9207,11,5.522945735279542,5.998637705310679,2,1518,380,True,0.883571677390088
paper_0f49cd856d017836aa53,T3_CLAIM,18355,4,15.199927860613743,8.281083007689318,4,1519,379,True,0.904813262942491
paper_e8f2202196b5a57d4e54,T3_CLAIM,15624,7,19.044620104123304,12.189336984205903,4,1519,379,True,0.904813262942491
paper_83b203869902df0cf6a7,T3_CLAIM,15255,3,3.1844871701980844,2.087503880824703,2,1518,380,True,0.883571677390088
paper_aeda8fb50291efef0433,T3_CLAIM,7436,17,5.3152118464523355,7.147944925298998,1,1518,380,True,0.9050359849756732
paper_2fcc3dcbe371ec40710f,T3_CLAIM,10330,0,4.588281070297375,4.441704811517305,1,1518,380,True,0.9050359849756732
paper_1f775b57bd412a071844,T3_CLAIM,12792,19,15.94721954240489,12.466556865544787,3,1519,379,True,0.867002467604485
paper_f3571f86c75e5b1d0753,T3_CLAIM,8037,9,2.7333678682861535,3.4009803014634237,1,1518,380,True,0.9050359849756732
paper_1bf35d19faa763dc9570,T3_CLAIM,10824,1,4.206240597158947,3.8860315938275565,1,1518,380,True,0.9050359849756732
paper_97aa61ef09c6239ca708,T3_CLAIM,9270,0,2.7423057719480854,2.95825865366568,1,1518,380,True,0.9050359849756732
paper_0d68ecbef45f9fc8cf90,T3_CLAIM,9281,4,5.624287622286031,6.060001747964693,2,1518,380,True,0.883571677390088
paper_ff168db638406d844444,T3_CLAIM,6244,6,7.221403576926827,11.565348457602221,0,1518,380,True,0.9134376116368013
paper_084253dae7a7f19e544f,T3_CLAIM,11685,8,7.072290882571019,6.052452616663259,2,1518,380,True,0.883571677390088
paper_cd2731529183196f2bcf,T3_CLAIM,18940,0,8.165186590553773,4.311080565234305,3,1519,379,True,0.867002467604485
paper_6202a5d0ab54e3b90fed,T3_CLAIM,10776,2,5.435669808946309,5.044237016468364,1,1518,380,True,0.9050359849756732
paper_3e108b41eee96bc84a73,T3_CLAIM,11714,8,5.157456693555487,4.40281431923808,1,1518,380,True,0.9050359849756732
paper_7d92fa5aee2c2b1e19aa,T3_CLAIM,15770,12,10.112341676668963,6.412391678293573,4,1519,379,True,0.904813262942491
paper_0e0cbfc9d57327230fa0,T3_CLAIM,13393,25,15.46223597569105,11.545013048376802,2,1518,380,True,0.883571677390088
paper_51baf8f76a84b0eddc34,T3_CLAIM,5950,6,7.258786676869269,12.199641473729864,0,1518,380,True,0.9134376116368013
paper_032e8214e52833140c11,T3_CLAIM,6730,4,7.564454894974426,11.2399032614776,0,1518,380,True,0.9134376116368013
paper_411c20623e599b3bc130,T3_CLAIM,11402,2,4.764136405950923,4.178333981714544,2,1518,380,True,0.883571677390088
paper_370c6c87bd925031a235,T3_CLAIM,8490,7,8.364408513468351,9.852071276170026,0,1518,380,True,0.9134376116368013
paper_671daf0e5afd51aed570,T3_CLAIM,10705,4,6.415087288451045,5.99260839649794,0,1518,380,True,0.9134376116368013
paper_5093d6ac5a8e5e472584,T3_CLAIM,8283,1,8.660516079082198,10.45577215873741,1,1518,380,True,0.9050359849756732
paper_dc139c5a1965f0979f7c,T3_CLAIM,6485,5,7.15635182087955,11.035237965889824,0,1518,380,True,0.9134376116368013
paper_258756920680bd1f8b41,T3_CLAIM,14590,3,4.787598283445657,3.2814244574678937,1,1518,380,True,0.9050359849756732
paper_7ed3f77231ae842e5419,T3_CLAIM,9259,0,3.862468944305233,4.171583264181049,0,1518,380,True,0.9134376116368013
paper_ccb8776b7ca226009209,T3_CLAIM,8739,3,5.843416815473432,6.686596653476864,3,1519,379,True,0.867002467604485
paper_b4a526f4cf31b7731a13,T3_CLAIM,21208,8,4.529415090668325,2.135710623664808,0,1518,380,True,0.9134376116368013
paper_521a166cf33467abb4c9,T3_CLAIM,8722,1,3.9262192034573813,4.501512501097663,3,1519,379,True,0.867002467604485
paper_c2594824199f77cecb79,T3_CLAIM,14248,1,2.0463019273132,1.4362029248408197,1,1518,380,True,0.9050359849756732
paper_32ebfbcf6213e6953708,T3_CLAIM,13727,34,16.52623410372771,12.03921767591441,1,1518,380,True,0.9050359849756732
paper_3b2a3ac61ac3077a0fa9,T3_CLAIM,12241,6,6.171961110153122,5.042039956011046,4,1519,379,True,0.904813262942491
paper_cbcccf219bd7c6074e8f,T3_CLAIM,8003,5,4.0305135223737185,5.036253307976657,3,1519,379,True,0.867002467604485
paper_d552f1c82ca1263f1680,T3_CLAIM,10846,21,10.037761507376754,9.254805004035362,1,1518,380,True,0.9050359849756732
paper_e52784c744c30f66d9a7,T3_CLAIM,5107,0,3.5612748887899315,6.973320714293972,2,1518,380,True,0.883571677390088
paper_4df470ebcfb07bebccac,T3_CLAIM,6649,8,3.984506732177268,5.9926405958448905,0,1518,380,True,0.9134376116368013
paper_ab042b6e501f115d6d6f,T3_CLAIM,6925,10,7.979997603884176,11.523462243876066,0,1518,380,True,0.9134376116368013
paper_ca020b57ac7dedaa6980,T3_CLAIM,1517,1,0.7900236652607461,5.2078026714617405,0,1518,380,True,0.9134376116368013
paper_f9250f94ee2f5138280a,T3_CLAIM,238,0,0.11657425775977578,4.898078057133436,0,1518,380,True,0.9134376116368013
paper_a6d918b77d863d08418c,T3_CLAIM,8178,0,2.423044304738842,2.962881272608024,0,1518,380,True,0.9134376116368013
paper_14fb686f8386f271498e,T3_CLAIM,6697,5,1.6445541424815715,2.4556579699590437,2,1518,380,True,0.883571677390088
paper_2409eb94a07222c8a7f7,T3_CLAIM,7201,0,5.929670596206483,8.234509923908462,4,1519,379,True,0.904813262942491
paper_52b24e4b78c3befdc508,T3_CLAIM,9461,0,4.419386341638835,4.671161971925626,3,1519,379,True,0.867002467604485
paper_f3358996f1aa09154e84,T3_CLAIM,18297,4,11.782791648217964,6.439739655800384,3,1519,379,True,0.867002467604485
paper_b21deff1690bf3cd4ac7,T3_CLAIM,11728,3,7.654288100212268,6.526507588857664,4,1519,379,True,0.904813262942491
paper_8c5d90b4ef3df0a6a79f,T3_CLAIM,10919,0,2.6233807094148553,2.4025833037960025,4,1519,379,True,0.904813262942491
paper_05fdb731d19762a40d46,T3_CLAIM,15582,15,16.15883789723744,10.370195030957156,2,1518,380,True,0.883571677390088
paper_3221ea8e544091c11728,T3_CLAIM,11728,0,6.389882110856126,5.448398798478961,1,1518,380,True,0.9050359849756732
paper_9fd0e80083842c681e91,T3_CLAIM,7268,4,6.600638977977426,9.08178175285832,1,1518,380,True,0.9050359849756732
paper_fd4964ad03a73958b3ca,T3_CLAIM,16919,1,11.478504950967267,6.784387346159505,4,1519,379,True,0.904813262942491
paper_84ae166a6d4c6be26c91,T3_CLAIM,7746,4,15.814575253570094,20.41644107096578,3,1519,379,True,0.867002467604485
paper_cd430a12c79af147592a,T3_CLAIM,9798,31,11.668789125023839,11.909358159852866,4,1519,379,True,0.904813262942491
paper_3ef9619ba41324120800,T3_CLAIM,5493,2,4.990011801810289,9.084310580393755,4,1519,379,True,0.904813262942491
paper_29631482265a23ae9c5c,T3_CLAIM,9080,18,16.44201166804495,18.10794236568827,3,1519,379,True,0.867002467604485
paper_370b9de0cafa2df70ca1,T3_CLAIM,13238,3,8.518297013475468,6.434731087381378,3,1519,379,True,0.867002467604485
paper_76d56f818459dd754d2d,T3_CLAIM,17175,0,12.712922108766175,7.4019924941870014,3,1519,379,True,0.867002467604485
paper_e6e9f5edbec363fa18b1,T3_CLAIM,10672,1,3.3319835914966927,3.122173530263018,0,1518,380,True,0.9134376116368013
paper_193327cc5732fd3d01e5,T3_CLAIM,10134,1,5.0691341605199245,5.002105940911707,3,1519,379,True,0.867002467604485
paper_4135aaa949a7342e60c0,T3_CLAIM,6174,1,3.4908572581723862,5.654125782592139,1,1518,380,True,0.9050359849756732
paper_c98ae0a78fde0cd2da77,T3_CLAIM,9682,22,5.936262956014154,6.1312362693804525,2,1518,380,True,0.883571677390088
paper_c9545a7faa3c0ccf935f,T3_CLAIM,7236,5,5.086276675298579,7.029127522524293,0,1518,380,True,0.9134376116368013
paper_548eae53a7c4d329ddbe,T3_CLAIM,2464,0,0.7779719288010595,3.157353607147157,3,1519,379,True,0.867002467604485
paper_7d409e51f42cd8ac656c,T3_CLAIM,17499,5,12.036257169250119,6.878254282673364,3,1519,379,True,0.867002467604485
paper_fcaf441cb221e2b6404c,T3_CLAIM,8236,3,3.446041786744643,4.184120673560761,0,1518,380,True,0.9134376116368013
paper_1c8a84b0f4b0a4180368,T3_CLAIM,3693,15,3.5171136239766607,9.52373036549326,2,1518,380,True,0.883571677390088
paper_7ae0d732d9684142659c,T3_CLAIM,9408,3,4.334166933186769,4.606895124560767,3,1519,379,True,0.867002467604485
paper_28bff144273ff621c448,T3_CLAIM,7299,0,6.594477840368023,9.034768927754518,2,1518,380,True,0.883571677390088
paper_5ab28f5a2e15505dcc9f,T3_CLAIM,19479,3,17.275635129442435,8.86885113683579,0,1518,380,True,0.9134376116368013
paper_3295a2bd0d56c34fbcbc,T3_CLAIM,7923,1,5.443059999247988,6.869948250975626,1,1518,380,True,0.9050359849756732
paper_ce1163eb5c6947b3d79a,T3_CLAIM,7112,8,5.995370290917372,8.42993572963635,4,1519,379,True,0.904813262942491
paper_47cebef9e3b773142526,T3_CLAIM,11597,12,7.0786543912742665,6.103866854595384,0,1518,380,True,0.9134376116368013
paper_bb625ee9c2bceed76e9a,T3_CLAIM,69097,2,1.6880439935615064,0.24430061993451327,2,1518,380,True,0.883571677390088
paper_da0c94aa9e114e114416,T3_CLAIM,8528,8,6.282785661031434,7.367243974004964,2,1518,380,True,0.883571677390088
paper_aa20e44800f1e436506d,T3_CLAIM,11676,0,6.03902029407831,5.1721653769084535,0,1518,380,True,0.9134376116368013
paper_54666dff53c384cd7509,T3_CLAIM,8162,3,2.9620093256360756,3.6290239226121974,3,1519,379,True,0.867002467604485
paper_2e9beb932d845574047d,T3_CLAIM,20825,3,14.632057228659434,7.026197948936103,0,1518,380,True,0.9134376116368013
paper_80d6bc43930afa567587,T3_CLAIM,8062,1,7.150710720875698,8.869648624256634,1,1518,380,True,0.9050359849756732
paper_bf3e76e2793a39a4b709,T3_CLAIM,7976,6,4.023814363240989,5.044902662037349,4,1519,379,True,0.904813262942491
paper_1167812faa33b036641b,T3_CLAIM,15309,13,12.531164000482459,8.185488275186138,2,1518,380,True,0.883571677390088
paper_33864a2cb500270f3094,T3_CLAIM,7098,8,13.343615488292256,18.799120158202673,1,1518,380,True,0.9050359849756732
paper_ba433bd4c40e62df3c5d,T3_CLAIM,17346,24,7.2559631582987905,4.1830757282940105,2,1518,380,True,0.883571677390088
paper_e6ae6ab9fb979351c1c2,T3_CLAIM,26173,14,13.89170314117187,5.307646483464589,0,1518,380,True,0.9134376116368013
paper_c8d9f103a73fcd2c159c,T3_CLAIM,7315,1,3.0771894825460286,4.206684186665794,1,1518,380,True,0.9050359849756732
paper_c25c9260ec4470115f16,T3_CLAIM,8562,1,3.458752000175373,4.039654286586514,0,1518,380,True,0.9134376116368013
paper_336f39b2c3d001757e43,T3_CLAIM,12013,6,8.068387331469799,6.716380031191042,3,1519,379,True,0.867002467604485
paper_5b949d20881bc4e7c88c,T3_CLAIM,8797,8,4.1755776195629775,4.746592724295756,2,1518,380,True,0.883571677390088
paper_edf34128fd562d5d7109,T3_CLAIM,22557,8,6.1750807090029864,2.737545200604241,4,1519,379,True,0.904813262942491
paper_abdcf3b1f6f194333726,T3_CLAIM,11488,0,6.31324930635201,5.495516457479117,1,1518,380,True,0.9050359849756732
paper_3b2abe7e7bc9f7b43e93,T3_CLAIM,8119,3,3.9107184964926307,4.816748979545056,0,1518,380,True,0.9134376116368013
paper_549aa7ce2cd5af73eae3,T3_CLAIM,7567,6,5.49276259539652,7.258837842469299,1,1518,380,True,0.9050359849756732
paper_a448b4f3a849af9cad96,T3_CLAIM,7311,12,2.080645262282409,2.8459106309429756,2,1518,380,True,0.883571677390088
paper_4fed03efeda4fa16bd81,T3_CLAIM,5231,5,9.896914937458034,18.919737980229467,2,1518,380,True,0.883571677390088
paper_bd619f98e12bc77de895,T3_CLAIM,8284,0,3.0916696027631274,3.7320975407570343,3,1519,379,True,0.867002467604485
paper_946d4c2b5781949689cf,T3_CLAIM,26793,6,1.988821792938103,0.7422915660575907,0,1518,380,True,0.9134376116368013
paper_c8ae2c8db4e9cbb06f0f,T3_CLAIM,7498,15,13.042322680257138,17.394402080897756,0,1518,380,True,0.9134376116368013
paper_251b4f88a127f33a6cb0,T3_CLAIM,5078,0,3.973359709874739,7.8246548047946805,4,1519,379,True,0.904813262942491
paper_e54c44f6cdbaf1703df1,T3_CLAIM,15731,2,1.8356365315661052,1.1668911903668586,3,1519,379,True,0.867002467604485
paper_d5790d4de02c6d16a74c,T3_CLAIM,15306,15,6.271597545438778,4.097476509498744,0,1518,380,True,0.9134376116368013
paper_97d1708d31f33264aac8,T3_CLAIM,9638,22,7.0386531330669415,7.30302254935354,0,1518,380,True,0.9134376116368013
paper_871172d21a3f1d64dae1,T3_CLAIM,8694,0,8.304531615681366,9.552026243019746,0,1518,380,True,0.9134376116368013
paper_767cf025ca3c15e068b9,T3_CLAIM,6528,10,7.042239116683418,10.787743744919451,4,1519,379,True,0.904813262942491
paper_fa3071671d8d8d7ea55e,T3_CLAIM,11801,2,3.3799790618302565,2.8641463111857104,3,1519,379,True,0.867002467604485
paper_c03332839fcde61801f7,T3_CLAIM,9564,2,5.890008269759935,6.158519729987385,1,1518,380,True,0.9050359849756732
paper_79a8dbc19ba88ba81a45,T3_CLAIM,6862,1,3.351029759820143,4.883459282745763,1,1518,380,True,0.9050359849756732
paper_06d9e29054e6f8bf85d7,T3_CLAIM,14429,0,6.8587374158622225,4.753439195967997,2,1518,380,True,0.883571677390088
paper_4f264f36aaa27725d764,T3_CLAIM,11107,6,5.711107230093205,5.14189900971748,1,1518,380,True,0.9050359849756732
paper_7bceba86105434cf9358,T3_CLAIM,13424,9,5.662214483244204,4.217978607899437,3,1519,379,True,0.867002467604485
paper_ad25c20e082aee8a3bb0,T3_CLAIM,7527,5,11.80694535761128,15.686123764595827,3,1519,379,True,0.867002467604485
paper_039afc3ac2b428627bdc,T3_CLAIM,10588,1,9.52904347479778,8.999852167357178,1,1518,380,True,0.9050359849756732
paper_18308881e9c3b18abbd2,T3_CLAIM,20290,4,3.403044393057142,1.677202756558473,1,1518,380,True,0.9050359849756732
paper_48bccddb5fea3ee0728e,T3_CLAIM,10238,12,8.615185667929497,8.414910791101287,1,1518,380,True,0.9050359849756732
paper_dc40c15f69551a6bf4e6,T3_CLAIM,6801,31,9.188196586076794,13.510067028491095,0,1518,380,True,0.9134376116368013
paper_ea154a917286952192b9,T3_CLAIM,15254,9,5.501944559088993,3.6068864291916825,4,1519,379,True,0.904813262942491
paper_f45797a88c262068bdbc,T3_CLAIM,9421,18,10.205449484737203,10.832660529388814,1,1518,380,True,0.9050359849756732
paper_6659f90299fc568992d1,T3_CLAIM,13925,9,7.155841434349231,5.138844836157436,3,1519,379,True,0.867002467604485
paper_0ea2cd3fac325b024b62,T3_CLAIM,168,0,0.09467020432337846,5.635131209724909,0,1518,380,True,0.9134376116368013
paper_cfa2f8f1df2fc578c3b0,T3_CLAIM,12029,0,6.3654015667363435,5.2917129991988885,3,1519,379,True,0.867002467604485
paper_b2c27d42e1e30d194acc,T3_CLAIM,6979,22,9.627721048674852,13.795273031487108,3,1519,379,True,0.867002467604485
paper_7351e5743c7ecb5c6705,T3_CLAIM,7958,9,6.023288143222381,7.5688466238029415,1,1518,380,True,0.9050359849756732
paper_c81ade03bd3dfa0f3621,T3_CLAIM,9981,0,1.7974121936638112,1.8008337778417105,1,1518,380,True,0.9050359849756732
paper_4a86ac22a2cab003d131,T3_CLAIM,5811,2,3.783045404950679,6.5101452503023225,2,1518,380,True,0.883571677390088
paper_221f0c916ee0712cd55f,T3_CLAIM,6996,8,9.968192969124937,14.24841762310597,1,1518,380,True,0.9050359849756732
paper_d8dac68269c10d6d1dde,T3_CLAIM,14611,2,5.754322444899837,3.938349493463717,3,1519,379,True,0.867002467604485
paper_09a5a6b8d7c4de7c9081,T3_CLAIM,16301,8,4.131625908088555,2.5345843249423683,4,1519,379,True,0.904813262942491
paper_4da9480afde49d0b39b6,T3_CLAIM,11242,2,8.724271592375317,7.760426607699089,4,1519,379,True,0.904813262942491
paper_cff41dd1aa1859e689a1,T3_CLAIM,12181,1,10.291775748769796,8.449040102429846,4,1519,379,True,0.904813262942491
paper_fabf56942b601869800a,T3_CLAIM,11456,1,8.901086613083285,7.769803258627169,0,1518,380,True,0.9134376116368013
paper_29263f13859eec1bb821,T3_CLAIM,6365,3,5.734847900336317,9.009973134856743,3,1519,379,True,0.867002467604485
paper_83a94f1c88011ed1464f,T3_CLAIM,7683,1,6.747466553817303,8.782333143065603,3,1519,379,True,0.867002467604485
paper_e4a88ba35e52ed489087,T3_CLAIM,10473,14,12.499286440443534,11.934771737270633,0,1518,380,True,0.9134376116368013
paper_bddeaedeae51b7fcb2c8,T3_CLAIM,9670,4,6.581326055335874,6.805921463635858,1,1518,380,True,0.9050359849756732
paper_7a826c8f7c43e414f7b9,T3_CLAIM,11831,0,3.492428689284238,2.951930258882798,2,1518,380,True,0.883571677390088
paper_0e88ed021065dcdb0f6f,T3_CLAIM,11341,28,8.399306014223486,7.406142328034111,4,1519,379,True,0.904813262942491
paper_2e5a03834a4cdece4a66,T3_CLAIM,23736,0,20.193033501166997,8.507344751081478,2,1518,380,True,0.883571677390088
paper_2a476df55e90e42ef6ba,T3_CLAIM,7181,1,5.4002489235601,7.520190674780811,2,1518,380,True,0.883571677390088
paper_96607ca46d3489528d72,T3_CLAIM,13748,0,5.0316920344657365,3.659944744301525,4,1519,379,True,0.904813262942491
paper_5a8b33e0cd9c5fbb9e44,T3_CLAIM,11868,0,3.3624189119925267,2.8331807482242386,4,1519,379,True,0.904813262942491
paper_39dc0e0683b33639f89f,T3_CLAIM,2465,4,3.305606692272671,13.410169137008806,3,1519,379,True,0.867002467604485
paper_7aed1b3cc943a6faf148,T3_CLAIM,8259,1,7.991037420184758,9.675550817513933,4,1519,379,True,0.904813262942491
paper_66cbcc9c22c0c4d645cb,T3_CLAIM,14398,0,4.5808754759150245,3.1816054145819037,1,1518,380,True,0.9050359849756732
paper_eadbe456d02d8029883b,T3_CLAIM,11460,8,4.013554895697715,3.502229402877588,3,1519,379,True,0.867002467604485
paper_97a174f50fd3871256b8,T3_CLAIM,12758,40,21.04228427029599,16.49340356662172,4,1519,379,True,0.904813262942491
paper_67c313239cd572c2d80c,T3_CLAIM,6787,1,2.5485797799918006,3.7550902902487118,3,1519,379,True,0.867002467604485
paper_035b8930770225ae28f0,T3_CLAIM,9204,16,7.10398688726071,7.718369064820415,3,1519,379,True,0.867002467604485
paper_dae165a535b6dc4f98ae,T3_CLAIM,11384,4,5.046914206796618,4.433339956778477,1,1518,380,True,0.9050359849756732
paper_04e78ff55c7a3c70cd95,T3_CLAIM,2106,7,4.9485309835904765,23.497298117713562,0,1518,380,True,0.9134376116368013
paper_107db4c949cb026c7265,T3_CLAIM,16828,11,8.634453032784577,5.1310037038177905,3,1519,379,True,0.867002467604485
paper_92f7aa793df6f3d49324,T3_CLAIM,13006,2,5.014350011527433,3.8554128952233064,3,1519,379,True,0.867002467604485
paper_c9076bad50255c56eada,T3_CLAIM,6561,21,6.044768767301842,9.213182087032223,1,1518,380,True,0.9050359849756732
paper_589682082d5f0b372030,T3_CLAIM,10102,6,6.501317019356217,6.435673153193642,0,1518,380,True,0.9134376116368013
paper_760c24d74340c0ae9428,T3_CLAIM,13474,7,4.045779508639899,3.0026566043045118,1,1518,380,True,0.9050359849756732
paper_eaf2da6ea1a2e21f656c,T3_CLAIM,9934,2,1.4794926070291776,1.4893221331076885,3,1519,379,True,0.867002467604485
paper_44cbabd5ff4912873f2a,T3_CLAIM,11760,2,4.166693929874186,3.543107083226349,1,1518,380,True,0.9050359849756732
paper_61dde0d2a2a09708c269,T3_CLAIM,9204,0,4.655863007654866,5.058521303405982,4,1519,379,True,0.904813262942491
paper_86d4e5c48ece62a7cf9a,T3_CLAIM,5674,6,8.206120984409687,14.462673571395289,1,1518,380,True,0.9050359849756732
paper_de85797838101f695e9c,T3_CLAIM,8704,40,10.633626804863447,12.216942560734658,1,1518,380,True,0.9050359849756732
paper_9246623437acdfc8b5d0,T3_CLAIM,15005,0,2.7877909125246485,1.8579079723589793,2,1518,380,True,0.883571677390088
paper_0ad5ab6898e68a978c7a,T3_CLAIM,14124,19,7.146366756712131,5.059732906196637,1,1518,380,True,0.9050359849756732
paper_3172c8ea2d5c6256445f,T3_CLAIM,12222,0,5.438342890071931,4.449634176134783,0,1518,380,True,0.9134376116368013
paper_cea263957c803c2be7ac,T3_CLAIM,8212,2,6.866174031954194,8.361147140713825,4,1519,379,True,0.904813262942491
paper_dcbc3ad5375a88e1fe9c,T3_CLAIM,11031,25,4.048984655890141,3.670550862016264,3,1519,379,True,0.867002467604485
paper_e39d02baf353eb3e35c5,T3_CLAIM,10102,13,6.4489977580161915,6.383882159984351,1,1518,380,True,0.9050359849756732
paper_c72db62816eabd2bd52f,T3_CLAIM,8332,4,4.686232088327255,5.624378406537752,3,1519,379,True,0.867002467604485
paper_b8eb563c7db860e38e67,T3_CLAIM,11077,2,3.871587040071123,3.4951584725748157,3,1519,379,True,0.867002467604485
paper_fd1985c1b1a1d7237b89,T3_CLAIM,6964,11,9.771514322888555,14.03146801104043,3,1519,379,True,0.867002467604485
paper_75028984950c883d55ee,T3_CLAIM,7962,4,3.1805553697813176,3.9946688894515416,2,1518,380,True,0.883571677390088
paper_6df43c48214728454930,T3_CLAIM,8609,2,2.5318545163229147,2.9409391524252695,0,1518,380,True,0.9134376116368013
paper_24573148cb822ffa73fc,T3_CLAIM,9145,9,10.19423213839125,11.147328746190542,1,1518,380,True,0.9050359849756732
paper_36163f27241605cac35e,T3_CLAIM,7743,12,7.008337415224208,9.051191289195671,0,1518,380,True,0.9134376116368013
paper_504184a15ef971f2ac16,T3_CLAIM,10878,0,10.876208535124508,9.998353130285444,2,1518,380,True,0.883571677390088
paper_0b4dfb06065388f00cfd,T3_CLAIM,10182,6,7.716315264089997,7.578388591720681,0,1518,380,True,0.9134376116368013
paper_eddc5d22611e6979656e,T3_CLAIM,7520,22,5.849370563963085,7.7784183031424,0,1518,380,True,0.9134376116368013
paper_f381f9a0a52c01466fef,T3_CLAIM,10712,0,9.749728401315423,9.101688201377355,0,1518,380,True,0.9134376116368013
paper_9229ac9cd28f9c9cac4e,T3_CLAIM,7646,0,6.2478633130214245,8.171414220535477,2,1518,380,True,0.883571677390088
paper_c43d2e0914f15b4a70e7,T3_CLAIM,7975,1,1.6950650857640437,2.1254734617730957,0,1518,380,True,0.9134376116368013
paper_d1664d57746a7f6eaf35,T3_CLAIM,7680,8,3.3232638857055683,4.327166517845792,1,1518,380,True,0.9050359849756732
paper_f2b2b702187faab70aa4,T3_CLAIM,9040,1,5.178074161702966,5.727958143476733,2,1518,380,True,0.883571677390088
paper_bbd92f365edb3dfd4219,T3_CLAIM,2507,3,3.2309232805733386,12.887607820396246,2,1518,380,True,0.883571677390088
paper_e1e0650c84865e3bd9e3,T3_CLAIM,10667,11,11.154952983082426,10.457441626588944,1,1518,380,True,0.9050359849756732
paper_1457112dc99c723c0947,T3_CLAIM,10472,1,3.2722237204249596,3.1247361730566845,2,1518,380,True,0.883571677390088
paper_0c25091578b33f73c773,T3_CLAIM,8695,14,4.393474641773802,5.0528748036501465,4,1519,379,True,0.904813262942491
paper_70ffd4046841d28a47f7,T3_CLAIM,10740,1,3.501780674239038,3.2605034210791786,1,1518,380,True,0.9050359849756732
paper_5de9ab0019c634acc05d,T3_CLAIM,10779,2,11.650560657430008,10.808572833685878,4,1519,379,True,0.904813262942491
paper_3136da065ab0bd3a0bbd,T3_CLAIM,7761,2,4.25101006770997,5.477399906854748,1,1518,380,True,0.9050359849756732
paper_67263ac32429edb026a5,T3_CLAIM,8122,0,2.031137204230787,2.5007845410376595,4,1519,379,True,0.904813262942491
paper_fb6e156c89bb2642278a,T3_CLAIM,9030,17,3.6922496773685394,4.088870074605248,4,1519,379,True,0.904813262942491
paper_a60dc9019c65e5a1e08a,T3_CLAIM,15099,11,4.353815126612571,2.8835122369776616,4,1519,379,True,0.904813262942491
paper_e64d61732e6aa5e667ac,T3_CLAIM,10999,3,5.312909430138651,4.830356787106692,3,1519,379,True,0.867002467604485
paper_c937bb1393cbcef323d9,T3_CLAIM,8208,11,8.714149659806731,10.616654068965316,0,1518,380,True,0.9134376116368013
paper_b90f1d01f87532c03ee1,T3_CLAIM,15123,12,5.098553202018883,3.371390069443155,1,1518,380,True,0.9050359849756732
paper_f046f3ee54ac53d2c6d6,T3_CLAIM,5941,0,7.383973190867664,12.428838900635691,2,1518,380,True,0.883571677390088
paper_ceadc9933a3d9d4c5c07,T3_CLAIM,9773,1,1.3839799922979694,1.4161260537173535,1,1518,380,True,0.9050359849756732
paper_62a7126dee11cf247e69,T3_CLAIM,9469,3,7.205848292746669,7.60993588842187,4,1519,379,True,0.904813262942491
paper_601bc12e30c57fc9e58d,T3_CLAIM,11070,24,4.987774049887951,4.505667615074933,1,1518,380,True,0.9050359849756732
paper_62b3091e260a0767cfbd,T3_CLAIM,21248,1,3.0508077259929083,1.4358093589951564,2,1518,380,True,0.883571677390088
paper_a321253be2df8e289b95,T3_CLAIM,4896,3,3.2086708933161576,6.5536578703352895,1,1518,380,True,0.9050359849756732
paper_fd9edcf09c6f7a17bc27,T3_CLAIM,13161,1,5.452858283823497,4.143194501803432,0,1518,380,True,0.9134376116368013
paper_8fe005ac3249a086f07e,T3_CLAIM,11010,0,7.953925070626999,7.224273451977293,3,1519,379,True,0.867002467604485
paper_097b0c91630cda0fe909,T3_CLAIM,8557,3,3.101704042714323,3.624756389756133,2,1518,380,True,0.883571677390088
paper_206a17fb35940b06d973,T3_CLAIM,8194,10,4.51920345577513,5.5152592821273245,4,1519,379,True,0.904813262942491
paper_b7fa48b6695b5e9f2773,T3_CLAIM,9109,23,14.230587900390653,15.622557800406907,0,1518,380,True,0.9134376116368013
paper_21a73e1c5c35bd00e27a,T3_CLAIM,7081,6,7.139974442277802,10.083285471370997,1,1518,380,True,0.9050359849756732
paper_1f58aa11b681339dc396,T3_CLAIM,5832,0,4.597710818848236,7.883591939040184,0,1518,380,True,0.9134376116368013
paper_b7f475d19e86d7daf5fb,T3_CLAIM,10299,3,6.936535525592719,6.735154408770481,2,1518,380,True,0.883571677390088
paper_93cdac17023edefbaae6,T3_CLAIM,11499,3,8.08968961295837,7.035124456873095,4,1519,379,True,0.904813262942491
paper_03ff7e9def87a030b1a4,T3_CLAIM,10752,10,7.877479520109754,7.326524851292554,2,1518,380,True,0.883571677390088
paper_5cfd274b7e7db8058b35,T3_CLAIM,19913,2,10.675312601585176,5.36097654877978,2,1518,380,True,0.883571677390088
paper_c0fbf7e54518e5b9cde9,T3_CLAIM,10969,5,6.146546571321357,5.603561465330802,2,1518,380,True,0.883571677390088
paper_8395968a688a8ba84b76,T3_CLAIM,8001,18,4.129027477505156,5.160639266973073,3,1519,379,True,0.867002467604485
paper_3f0e855d24d6dc79c1e3,T3_CLAIM,8613,4,8.314058762459709,9.652918567815755,2,1518,380,True,0.883571677390088
paper_8276c05aeb5ae72750ba,T3_CLAIM,16105,6,21.97102857287128,13.64236483878999,1,1518,380,True,0.9050359849756732
paper_ac38b317c822295aa2fe,T3_CLAIM,12105,22,11.92327101457395,9.849872791882653,0,1518,380,True,0.9134376116368013
paper_ff9b82de434c6ec0f4b0,T3_CLAIM,13210,8,15.264375759822416,11.555167115686917,3,1519,379,True,0.867002467604485
paper_4776df45999b42cf21fe,T3_CLAIM,11930,17,8.265854476874052,6.928629066952264,2,1518,380,True,0.883571677390088
paper_eae7b7becf1729cff5bf,T3_CLAIM,11463,2,13.357168566666871,11.652419581843208,2,1518,380,True,0.883571677390088
paper_2235d89eca48310afdec,T3_CLAIM,32378,3,5.766857200352237,1.78110358896542,3,1519,379,True,0.867002467604485
paper_4e398d15480549230157,T3_CLAIM,4201,10,4.598099872966628,10.945250828294759,3,1519,379,True,0.867002467604485
paper_fea55ea95297375b89d0,T3_CLAIM,13022,1,8.884884733232816,6.822980136102609,2,1518,380,True,0.883571677390088
paper_08e189125eb0ab93ebb4,T3_CLAIM,10437,1,6.620969382666339,6.34374761202102,3,1519,379,True,0.867002467604485
paper_229253424b5d6f2ab1ff,T3_CLAIM,10323,19,9.456155774639937,9.160278770357394,1,1518,380,True,0.9050359849756732
paper_080ae6d04b647d7d027e,T3_CLAIM,14470,2,5.125393986207575,3.542082920668676,2,1518,380,True,0.883571677390088
paper_6730bf81b0e9dacc6f71,T3_CLAIM,7361,1,5.995333410938317,8.144726818283273,0,1518,380,True,0.9134376116368013
paper_4c896a644026ba361bbd,T3_CLAIM,10613,1,6.764854354549186,6.374120752425504,0,1518,380,True,0.9134376116368013
paper_45bffc535c6c75f3735f,T3_CLAIM,12725,15,10.07516787966452,7.917617194235379,0,1518,380,True,0.9134376116368013
paper_51ff80a848f0b02bf775,T3_CLAIM,8915,1,5.399239252176935,6.056353619940477,0,1518,380,True,0.9134376116368013
paper_c24dcbeeaf0e0de9dae1,T3_CLAIM,16782,4,10.657359274181792,6.350470309964123,0,1518,380,True,0.9134376116368013
paper_e11e60ccee21dc72faf4,T3_CLAIM,6453,0,4.74262682375076,7.349491436154905,2,1518,380,True,0.883571677390088
paper_6ffe7bc6827797347dff,T3_CLAIM,6925,3,3.8864715221759334,5.612233245019398,0,1518,380,True,0.9134376116368013
paper_f001ee95d934e85b0f40,T3_CLAIM,10576,8,3.714154321660217,3.5118705764563316,0,1518,380,True,0.9134376116368013
paper_1481b40c44e6e5e2973d,T3_CLAIM,5495,11,7.609063510613716,13.847249336876644,2,1518,380,True,0.883571677390088
paper_e5c1d63c115e58cfb9fd,T3_CLAIM,3779,7,1.2529082033327406,3.3154490694171486,1,1518,380,True,0.9050359849756732
paper_432eedb7b5721b207e27,T3_CLAIM,4852,0,1.5103792570606287,3.1129003649229774,3,1519,379,True,0.867002467604485
paper_f34f3ae0a8d24052d913,T3_CLAIM,3514,0,1.9014459993122168,5.411058620694982,4,1519,379,True,0.904813262942491
paper_ed031094b6d95c52f92a,T3_CLAIM,8792,15,7.2719960587984405,8.27115111328303,4,1519,379,True,0.904813262942491
paper_011f61f82937545da1fe,T3_CLAIM,6109,5,5.996825422951822,9.816378168197451,1,1518,380,True,0.9050359849756732
paper_dfbade9b3fbcc17ffa87,T3_CLAIM,17954,13,11.358765463427185,6.326593217905304,2,1518,380,True,0.883571677390088
paper_b16f7ad11db940b6d3fe,T3_CLAIM,10454,14,6.371320645301773,6.094624684620023,4,1519,379,True,0.904813262942491
paper_2a5e403c4e09f892efd2,T3_CLAIM,9903,0,3.4161508807247527,3.449612118271991,1,1518,380,True,0.9050359849756732
paper_60df40936b7a7b4cec2d,T3_CLAIM,2134,7,1.8944583503641286,8.877499298800977,1,1518,380,True,0.9050359849756732
paper_a1d177668f0455f920ff,T3_CLAIM,11432,0,11.44652042332943,10.012701559945267,0,1518,380,True,0.9134376116368013
paper_b84af768b1c42e4027b0,T3_CLAIM,20754,0,5.280638532468932,2.5443955538541636,1,1518,380,True,0.9050359849756732
paper_b40cd8a118e16e0b2c43,T3_CLAIM,9196,0,2.022430101911568,2.1992497845928316,4,1519,379,True,0.904813262942491
paper_36276ee9d44792005ff8,T3_CLAIM,7149,1,6.029846990842213,8.434532089582058,2,1518,380,True,0.883571677390088
paper_da2c1921900f7aaaf916,T3_CLAIM,14103,3,7.524981297922984,5.335730906844631,2,1518,380,True,0.883571677390088
paper_c982d4182089a90e2a96,T3_CLAIM,13915,1,7.228745447180498,5.1949302530941415,0,1518,380,True,0.9134376116368013
paper_0e4e39049e51e304947f,T3_CLAIM,13560,2,5.385480514595742,3.9715932998493675,2,1518,380,True,0.883571677390088
paper_28b41abcd26dc4562ec3,T3_CLAIM,11655,8,12.381536740798664,10.623369146974401,0,1518,380,True,0.9134376116368013
paper_4439274dcd1a1d9a2f30,T3_CLAIM,6223,0,7.211391022403442,11.588287035840338,0,1518,380,True,0.9134376116368013
paper_85354c45900939f299a3,T3_CLAIM,4247,3,3.3565894322346335,7.9034363838818775,1,1518,380,True,0.9050359849756732
paper_50eeb1ec2837eb632dc7,T3_CLAIM,2677,0,0.9537376089427672,3.5627105302307327,4,1519,379,True,0.904813262942491
paper_3c32c12bfdc4fe56f015,T3_CLAIM,8861,1,7.132116396546192,8.04888432067057,3,1519,379,True,0.867002467604485
paper_e2410e75ea19291fc9b1,T3_CLAIM,13226,5,6.956446376232392,5.2596751672708235,4,1519,379,True,0.904813262942491
paper_44c900579a80dc2c3e19,T3_CLAIM,6183,1,5.7153711142477635,9.243686097764456,0,1518,380,True,0.9134376116368013
paper_cd26909a42762f438b18,T3_CLAIM,5774,1,4.247167396428676,7.3556761282103835,4,1519,379,True,0.904813262942491
paper_13f3075b5e9303f024e0,T3_CLAIM,6054,3,1.4186502197843205,2.3433270891713254,1,1518,380,True,0.9050359849756732
paper_5a3e71193efaa78970bc,T3_CLAIM,10968,2,2.3725385063944753,2.163145975924941,2,1518,380,True,0.883571677390088
paper_2018ada7d8a5bf4f51a9,T3_CLAIM,8666,7,4.22791526554372,4.878739055554719,0,1518,380,True,0.9134376116368013
paper_d4cdccfc8cc1d77cc1ce,T3_CLAIM,9949,9,7.448559057349816,7.48674143868712,0,1518,380,True,0.9134376116368013
paper_d8d9c60f1a5d37b5fa89,T3_CLAIM,5590,13,3.729667632049081,6.672035119944688,3,1519,379,True,0.867002467604485
paper_8db0fa20c03e47048f72,T3_CLAIM,9302,4,4.475628944806068,4.811469517099622,0,1518,380,True,0.9134376116368013
paper_2632347fc19d40ee9b79,T3_CLAIM,7047,4,4.729585417125342,6.711487749574773,0,1518,380,True,0.9134376116368013
paper_4d0337b843a1c2be1c2d,T3_CLAIM,4466,1,6.210053160591488,13.905179490800466,4,1519,379,True,0.904813262942491
paper_da44c61204fbe98bc3c1,T3_CLAIM,7525,11,12.022996726725822,15.977404288007737,0,1518,380,True,0.9134376116368013
paper_f378b66070e11c3c934c,T3_CLAIM,11269,1,7.206492422745286,6.394970647568805,0,1518,380,True,0.9134376116368013
paper_856c1ecfc2baf6d7609d,T3_CLAIM,9424,1,3.298131463768745,3.4997150506883963,3,1519,379,True,0.867002467604485
paper_2a6a270bb59934ec3ff6,T3_CLAIM,7126,9,8.241185091909973,11.56495241637661,4,1519,379,True,0.904813262942491
paper_ffb77e56b0c059fd6ad0,T3_CLAIM,14040,4,7.261547053014372,5.172042060551547,2,1518,380,True,0.883571677390088
paper_5082f5a8326bb484965e,T3_CLAIM,9651,3,6.939920561925152,7.19088235615496,3,1519,379,True,0.867002467604485
paper_a35c80746544bd19d98c,T3_CLAIM,8522,29,7.073557999484402,8.300349682567944,2,1518,380,True,0.883571677390088
paper_541aff79398df3a738ca,T3_CLAIM,13396,1,6.775354927978737,5.057744795445459,2,1518,380,True,0.883571677390088
paper_5fa986695e5c659dc0a1,T3_CLAIM,10068,2,11.41845495537835,11.341333884960617,2,1518,380,True,0.883571677390088
paper_b7bdbb67a7229301f7e6,T3_CLAIM,1363,5,0.9444211044221287,6.928988293632639,0,1518,380,True,0.9134376116368013
paper_b84fb59cde3e732acbea,T3_CLAIM,9068,4,4.78052956830675,5.271867631568978,0,1518,380,True,0.9134376116368013
paper_5b91ddb71dd9fe4897d8,T3_CLAIM,4723,2,8.459932573257232,17.912201086718678,0,1518,380,True,0.9134376116368013
paper_d5d65745a63e07efd9af,T3_CLAIM,5922,2,5.439776087125658,9.185707678361464,2,1518,380,True,0.883571677390088
paper_da0ac833f07a1de644ea,T3_CLAIM,15775,11,7.827091220593401,4.961706003545737,1,1518,380,True,0.9050359849756732
paper_80494a124ca2656927e6,T3_CLAIM,21283,4,17.73778703794671,8.334251298194198,1,1518,380,True,0.9050359849756732
paper_0048220346024fc71775,T3_CLAIM,433,0,0.39909200110822535,9.21690533737241,1,1518,380,True,0.9050359849756732
paper_8c08bcd6a22c0c9d7824,T3_CLAIM,12169,7,13.16086143819468,10.815072264109359,0,1518,380,True,0.9134376116368013
paper_c182b34bda7dc629ef5a,T3_CLAIM,16682,4,2.258816698749451,1.3540442984950554,0,1518,380,True,0.9134376116368013
paper_188b3bda72749a082373,T3_CLAIM,8160,13,6.584678715313985,8.06945920994361,0,1518,380,True,0.9134376116368013
paper_9a54738a99b16009b844,T3_CLAIM,4383,2,3.0603213806420233,6.982252750723302,0,1518,380,True,0.9134376116368013
paper_2b56bf1fad41ce819b04,T3_CLAIM,8181,1,1.9823635088740288,2.4231310461728746,2,1518,380,True,0.883571677390088
paper_abd13107c8ccce629ec5,T3_CLAIM,19289,0,2.4108318001980487,1.249847996369977,1,1518,380,True,0.9050359849756732
paper_d5bb0856ca7695b7aedb,T3_CLAIM,14482,4,4.70422297531113,3.2483241094538946,3,1519,379,True,0.867002467604485
paper_39426b4aef4770d93ed7,T3_CLAIM,9658,3,2.768737708111626,2.866781640206695,3,1519,379,True,0.867002467604485
paper_508d47a432d1765617f0,T3_CLAIM,9452,1,5.18416460443509,5.484727681374408,2,1518,380,True,0.883571677390088
paper_9e4aaa1c725080258723,T3_CLAIM,4218,21,9.318680644617492,22.09265207353602,2,1518,380,True,0.883571677390088
paper_523bf9cac06b97bc6deb,T3_CLAIM,6675,2,4.541383546247392,6.803570855801336,1,1518,380,True,0.9050359849756732
paper_6dea042420858e16f3b7,T3_CLAIM,11619,0,8.417535988456523,7.244630336910683,0,1518,380,True,0.9134376116368013
paper_33796061924f83a65de1,T3_CLAIM,9788,3,1.4026486527145685,1.4330288646450435,3,1519,379,True,0.867002467604485
paper_d5d538c7fe0f37513dcb,T3_CLAIM,12206,3,8.331961888477313,6.826119849645513,0,1518,380,True,0.9134376116368013
paper_972c7d842da6c54a1bdd,T3_CLAIM,5904,13,8.015053605810811,13.575632801170073,2,1518,380,True,0.883571677390088
paper_3abdf6024514c9cd4dda,T3_CLAIM,8430,1,4.201040729483504,4.9834409602414045,0,1518,380,True,0.9134376116368013
paper_b98a5e3ea66600840019,T3_CLAIM,19503,2,2.8346020297924306,1.4534184637196486,3,1519,379,True,0.867002467604485
paper_8b6c41dd419735fe1e01,T3_CLAIM,17728,7,1.9067687875824344,1.0755690363168064,0,1518,380,True,0.9134376116368013
paper_4a9d2bbe23f05d0a76c1,T3_CLAIM,9936,3,4.986819587144677,5.018940808317912,1,1518,380,True,0.9050359849756732
paper_4877825c00e174f1190a,T3_CLAIM,9428,1,3.149254699193478,3.340321064057571,3,1519,379,True,0.867002467604485
paper_4b2d4a71a16ea1e9c2c7,T3_CLAIM,12863,1,5.539150897718171,4.306266732269433,2,1518,380,True,0.883571677390088
paper_80f3958782a73e783fe7,T3_CLAIM,11815,0,4.465426473560147,3.77945533098616,4,1519,379,True,0.904813262942491
paper_a94d2ad962132cfd24cc,T3_CLAIM,18100,11,11.395238284009752,6.29571175912141,1,1518,380,True,0.9050359849756732
paper_14190b16a758f798b6d1,T3_CLAIM,8923,1,2.0258677314799205,2.270388581732512,0,1518,380,True,0.9134376116368013
paper_d3d3a3333226d651b3df,T3_CLAIM,7596,7,4.6007970308892325,6.056868129132743,3,1519,379,True,0.867002467604485
paper_3322361c95f35e53a49e,T3_CLAIM,10634,9,6.234940152727194,5.863212481406051,4,1519,379,True,0.904813262942491
paper_37a7e2db9bbcaed1144d,T3_CLAIM,9188,18,11.411009892589412,12.419470932291482,0,1518,380,True,0.9134376116368013
paper_230af28c059ff9e246b4,T3_CLAIM,5207,2,1.8499643593621438,3.5528410972962234,1,1518,380,True,0.9050359849756732
paper_66ca7dab0efb8628c218,T3_CLAIM,3621,1,2.3636127794064663,6.527513889551136,3,1519,379,True,0.867002467604485
paper_875f2d35bea8cececdda,T3_CLAIM,16175,9,4.741621324397504,2.9314505869536345,1,1518,380,True,0.9050359849756732
paper_7cf0443fbef6f4ce3e58,T3_CLAIM,7756,1,5.988127956181823,7.720639448403589,2,1518,380,True,0.883571677390088
paper_1818ec3ee88fcf4ec16b,T3_CLAIM,7849,0,6.5382280190281845,8.330014038766956,1,1518,380,True,0.9050359849756732
paper_950a799313e78c49d6cf,T3_CLAIM,13351,0,1.5382142464632795,1.1521341071554787,3,1519,379,True,0.867002467604485
paper_de0186321a16af47ce1d,T3_CLAIM,12083,4,5.521139497448986,4.569344945335584,0,1518,380,True,0.9134376116368013
paper_e6eb31e0c696987f6709,T3_CLAIM,11257,3,10.438587476233787,9.272974572473828,0,1518,380,True,0.9134376116368013
paper_a3c202485c7e887d701d,T3_CLAIM,11332,1,4.450328119614041,3.9272221316749394,0,1518,380,True,0.9134376116368013
paper_11881c3333b09bc1adce,T3_CLAIM,11901,2,5.9453233835513934,4.995650267667754,4,1519,379,True,0.904813262942491
paper_991dda64ba793fd6aeef,T3_CLAIM,19414,15,7.9961822724164815,4.118771130326817,4,1519,379,True,0.904813262942491
paper_344dbfc5c5b168e02b55,T3_CLAIM,16312,3,5.554820216978047,3.405358151654026,4,1519,379,True,0.904813262942491
paper_5089be4b16f8df84fd34,T3_CLAIM,7723,0,1.4585758174274737,1.8886129967984897,2,1518,380,True,0.883571677390088
paper_2cf89ece81e90cd3f910,T3_CLAIM,19237,5,16.63836822613813,8.649149153266169,2,1518,380,True,0.883571677390088
paper_974fb714ec6870c7868d,T3_CLAIM,11849,2,3.9362465190730407,3.322007358488514,3,1519,379,True,0.867002467604485
paper_afdaabfe491a5a37749e,T3_CLAIM,5327,1,7.927380993735042,14.881511157753037,0,1518,380,True,0.9134376116368013
paper_f72cb7936d3d0c3c3932,T3_CLAIM,8949,3,2.6609067759277174,2.973412421418837,3,1519,379,True,0.867002467604485
paper_3ab5e2fd8b16c05e6645,T3_CLAIM,8945,0,8.213796999893816,9.182556735487777,0,1518,380,True,0.9134376116368013
paper_b25069bc6310cf49e623,T3_CLAIM,6157,3,6.478274300419921,10.521803313983954,2,1518,380,True,0.883571677390088
paper_cfd4f1c04166827fa544,T3_CLAIM,6753,1,3.2765426755447153,4.851980861164987,3,1519,379,True,0.867002467604485
paper_c574d39da9fc52993a06,T3_CLAIM,11810,5,3.721044125111678,3.1507570915424874,1,1518,380,True,0.9050359849756732
paper_dec9806686f61d51f992,T3_CLAIM,12347,21,10.201370976459465,8.262226432703867,0,1518,380,True,0.9134376116368013
paper_2e5b0db9629fafc6d581,T3_CLAIM,14971,0,2.9795703927166874,1.9902280360140854,1,1518,380,True,0.9050359849756732
paper_aa2f168ca67d747b5fe8,T3_CLAIM,10335,9,6.787962398690254,6.567936525099423,1,1518,380,True,0.9050359849756732
paper_cf6b5a4b3b503636aee2,T3_CLAIM,5355,6,5.7851167641277845,10.80320590873536,2,1518,380,True,0.883571677390088
paper_54e19b6fae0955d86c32,T3_CLAIM,7052,0,2.1139112765503367,2.997605326929008,4,1519,379,True,0.904813262942491
paper_316995de6816ef27d70d,T3_CLAIM,14818,0,6.814097242063169,4.598526955097293,4,1519,379,True,0.904813262942491
paper_229a70bda75d65e03878,T3_CLAIM,11357,0,5.8225506191554715,5.126838618610083,4,1519,379,True,0.904813262942491
paper_0b8596b48a890a9f2feb,T3_CLAIM,12918,0,9.104407267377233,7.047845848720571,1,1518,380,True,0.9050359849756732
paper_b33dff89ce500841ced0,T3_CLAIM,9998,0,5.715732345920711,5.716875721064923,3,1519,379,True,0.867002467604485
paper_df87e85f2ad904ecb786,T3_CLAIM,14486,4,10.035122168812839,6.927462494003064,0,1518,380,True,0.9134376116368013
paper_797d18788d80435e77c5,T3_CLAIM,23694,0,2.2605872731266095,0.9540758306434579,0,1518,380,True,0.9134376116368013
paper_78c0ed038711160919ae,T3_CLAIM,8789,0,6.753755770663716,7.6843278765089496,0,1518,380,True,0.9134376116368013
paper_c15832fcb3eb74f0db4f,T3_CLAIM,9161,15,13.226510470954185,14.43784572749065,0,1518,380,True,0.9134376116368013
paper_814885c7706c9991ec46,T3_CLAIM,8135,6,8.488680227165982,10.434763647407477,0,1518,380,True,0.9134376116368013
paper_d29d84f63443160ab720,T3_CLAIM,22106,7,10.187082413554549,4.608288434612571,4,1519,379,True,0.904813262942491
paper_0e732bca591d02f4edb1,T3_CLAIM,6678,6,0.602109066425556,0.9016308272320395,3,1519,379,True,0.867002467604485
paper_4f31c328a7c95c22c4de,T3_CLAIM,12075,11,8.833641554330582,7.31564517956984,0,1518,380,True,0.9134376116368013
paper_0cf5a0ec78df6032a89d,T3_CLAIM,9035,5,13.565919484859103,15.01485277792928,1,1518,380,True,0.9050359849756732
paper_6cf74d8cb1c2c6922288,T3_CLAIM,11351,3,11.66474617564202,10.276403995808316,1,1518,380,True,0.9050359849756732
paper_a0f697f2769682f05941,T3_CLAIM,14053,1,8.026893975787877,5.711872180878017,1,1518,380,True,0.9050359849756732
paper_105b9b987c104bf5cb6f,T3_CLAIM,13657,4,6.3401771570364875,4.64243769278501,3,1519,379,True,0.867002467604485
paper_5c16c4d08150462f8c15,T3_CLAIM,8376,2,5.458691349672971,6.517062260832105,3,1519,379,True,0.867002467604485
paper_0abb3c6faa410f767265,T3_CLAIM,8037,6,7.074376850279587,8.802260607539614,0,1518,380,True,0.9134376116368013
paper_545b45f788f24062a345,T3_CLAIM,9053,3,7.183907368678162,7.935388676326259,3,1519,379,True,0.867002467604485
paper_6aabe31ff814c94de9be,T3_CLAIM,6879,4,3.8709232467506207,5.627159829554617,1,1518,380,True,0.9050359849756732
paper_1c6055e2b849d2598268,T3_CLAIM,17051,0,14.695481535806302,8.618545267612634,2,1518,380,True,0.883571677390088
paper_91d141d39bddc018a22d,T3_CLAIM,12161,7,7.608629926192877,6.256582457193386,2,1518,380,True,0.883571677390088
paper_caa94e78df759c34426a,T3_CLAIM,7377,23,8.751255441082627,11.86289201719212,2,1518,380,True,0.883571677390088
paper_92169ac77d0b042008ac,T3_CLAIM,10939,14,11.845714580925007,10.828882512958229,1,1518,380,True,0.9050359849756732
paper_3cbfe786e6e2858d0671,T3_CLAIM,9074,0,2.5961794837727306,2.8611191137014886,4,1519,379,True,0.904813262942491
paper_35233223488b5f7763d8,T3_CLAIM,21000,2,3.290036860913626,1.5666842194826789,1,1518,380,True,0.9050359849756732
paper_8895ea6c90c08e015ed4,T3_CLAIM,6508,0,1.6173373540496323,2.4851526644892936,3,1519,379,True,0.867002467604485
paper_c13a4be6447080a00a3f,T3_CLAIM,24042,6,8.89947776941875,3.7016378709835913,4,1519,379,True,0.904813262942491
paper_92de99770ad153511885,T3_CLAIM,10261,2,2.274993294974782,2.2171262985817974,4,1519,379,True,0.904813262942491
paper_3e0d5679b83f65deebe0,T3_CLAIM,8228,5,7.158416335910848,8.700068468535305,2,1518,380,True,0.883571677390088
paper_42f1436106c9d860f1b4,T3_CLAIM,10988,1,4.86386526999712,4.426524635963888,1,1518,380,True,0.9050359849756732
paper_3cec864523b3855c0a2f,T3_CLAIM,12385,54,17.503994183305686,14.133220979657398,2,1518,380,True,0.883571677390088
paper_00c3ff30718e77e98d96,T3_CLAIM,4096,2,5.897586301281342,14.39840405586265,1,1518,380,True,0.9050359849756732
paper_54e89ad05f8c4b91f7ea,T3_CLAIM,11579,2,9.047587140863842,7.813789740792679,2,1518,380,True,0.883571677390088
paper_9617adc250ddacd73f38,T3_CLAIM,14,0,147.37985219719124,105271.32299799375,2,1518,380,True,0.883571677390088
paper_e3892e7e8caa66ec339f,T3_CLAIM,8945,1,3.401823923049851,3.8030451906650096,0,1518,380,True,0.9134376116368013
paper_e5e8bbddbeb6098efad0,T3_CLAIM,9239,4,7.882566267686515,8.531839233343993,0,1518,380,True,0.9134376116368013
paper_70a33f00de4d371b40b6,T3_CLAIM,7339,9,7.751748824542707,10.562404720728583,2,1518,380,True,0.883571677390088
paper_a3eefdee2e6756587843,T3_CLAIM,6476,12,9.915885546928557,15.311744204645704,1,1518,380,True,0.9050359849756732
paper_89a26ce07bb7ef39c1e4,T3_CLAIM,10369,1,10.428379274293304,10.057266153238793,2,1518,380,True,0.883571677390088
paper_7d9f28a4e6c574da1959,T3_CLAIM,6697,2,8.76312634162125,13.085152070511052,1,1518,380,True,0.9050359849756732
paper_4e8617b2de076d610f2d,T3_CLAIM,9455,15,5.519718730103058,5.837883373985254,1,1518,380,True,0.9050359849756732
paper_aadd6adaf7e7776d1f64,T3_CLAIM,12091,2,10.077873414780058,8.335020606054137,1,1518,380,True,0.9050359849756732
paper_896904b4e70b64dfb974,T3_CLAIM,4441,0,4.604147920675879,10.36736753135753,1,1518,380,True,0.9050359849756732
paper_155bd61110e883afcbf8,T3_CLAIM,6701,8,8.861395679805801,13.223989971356216,2,1518,380,True,0.883571677390088
paper_f8f3f95c5b2836f0647f,T3_CLAIM,9985,0,6.9466605672228114,6.957096211540121,0,1518,380,True,0.9134376116368013
paper_06a2493d2817612638e9,T3_CLAIM,8445,3,6.184773967822411,7.323592620275206,2,1518,380,True,0.883571677390088
paper_bf226db1e1daea13c7fa,T3_CLAIM,8772,4,10.412708924284672,11.870393210538843,0,1518,380,True,0.9134376116368013
paper_7249aa5b34be37b5061a,T3_CLAIM,6559,19,5.579465185488258,8.506579029559777,1,1518,380,True,0.9050359849756732
paper_b7b63cac23ca73509d10,T3_CLAIM,12521,2,1.6485835027904332,1.3166548221311662,1,1518,380,True,0.9050359849756732
paper_e67419316565cb79b105,T3_CLAIM,7555,14,7.021299937073462,9.293580327033041,1,1518,380,True,0.9050359849756732
paper_cd61ecaf42eae829f8ef,T3_CLAIM,7114,8,8.927700236659936,12.549480231459004,4,1519,379,True,0.904813262942491
paper_89bf9cb6aa3257c2bc0c,T3_CLAIM,12797,3,7.983618159382296,6.238663873862855,0,1518,380,True,0.9134376116368013
paper_a4bb65c2fe1a69894fbe,T3_CLAIM,13723,13,6.077300768249471,4.428551168293719,0,1518,380,True,0.9134376116368013
paper_2de892b43090d26bac10,T3_CLAIM,51,0,0.3909283415406034,76.6526159883536,2,1518,380,True,0.883571677390088
paper_4ffc5b48048d021e1815,T3_CLAIM,3103,1,2.210538944121458,7.1238767132499445,4,1519,379,True,0.904813262942491
paper_366f186e0b2f6a47de9c,T3_CLAIM,8235,3,2.656727328020469,3.2261412604984443,1,1518,380,True,0.9050359849756732
paper_ea4267fba8d94a8c033c,T3_CLAIM,6563,0,2.0371836540725257,3.104043355283446,2,1518,380,True,0.883571677390088
paper_0e8628887f1d22aeb17d,T3_CLAIM,9836,4,5.01353002324926,5.097122837788999,4,1519,379,True,0.904813262942491
paper_94dee75e64b89bf47143,T3_CLAIM,6596,0,5.620123253099382,8.520502203000882,3,1519,379,True,0.867002467604485
paper_b4d40141243bb11115d6,T3_CLAIM,11359,8,7.23985027349782,6.373668697506664,4,1519,379,True,0.904813262942491
paper_55e8712d400de9b048dd,T3_CLAIM,8688,2,10.036601652181675,11.552257886949441,0,1518,380,True,0.9134376116368013
paper_5178edc200c7560cc5dd,T3_CLAIM,12777,4,7.577446115993018,5.9305362103725585,1,1518,380,True,0.9050359849756732
paper_c181c5958148c1d9e857,T3_CLAIM,34826,4,3.9824842817446733,1.1435376677610616,1,1518,380,True,0.9050359849756732
paper_7cf2bb984eaacaed8b12,T3_CLAIM,5595,7,10.471263156282372,18.715394381201737,1,1518,380,True,0.9050359849756732
paper_b45b8c314fefc9dc2f86,T3_CLAIM,6471,2,4.470231661962625,6.908100234836385,0,1518,380,True,0.9134376116368013
paper_6e8a039886d61790712b,T3_CLAIM,15145,1,5.939594028547267,3.921818440770728,4,1519,379,True,0.904813262942491
paper_64b04c99ea635be83301,T3_CLAIM,12931,5,5.180044313602522,4.0059116182836,1,1518,380,True,0.9050359849756732
paper_30af98fd045e6e063607,T3_CLAIM,12817,6,4.7094186778335025,3.67435334152571,4,1519,379,True,0.904813262942491
paper_0232cc466c60248dfdc3,T3_CLAIM,7087,21,6.668005013195675,9.40878370706318,1,1518,380,True,0.9050359849756732
paper_06216ba1fd679f581e9b,T3_CLAIM,8191,1,3.02964762983323,3.6987518371788917,0,1518,380,True,0.9134376116368013
paper_b579347024e3bc641231,T3_CLAIM,3022,1,1.0844097888264257,3.5883844765930695,3,1519,379,True,0.867002467604485
paper_3824e02ea70998383a7e,T3_CLAIM,12925,26,13.255789055766702,10.255929636956829,0,1518,380,True,0.9134376116368013
paper_8614d958b1fd56258652,T3_CLAIM,10602,2,2.648668133575502,2.49827215013724,0,1518,380,True,0.9134376116368013
paper_0b96938446e7a8a961b5,T3_CLAIM,17474,1,9.127994339051188,5.2237577767261,4,1519,379,True,0.904813262942491
paper_8c89891cdaa55dcdff15,T3_CLAIM,8004,5,7.06610344511996,8.82821519880055,1,1518,380,True,0.9050359849756732
paper_2fa76b57fa652824daf1,T3_CLAIM,7230,4,6.599941705909484,9.128550077329853,0,1518,380,True,0.9134376116368013
paper_70a806d1cbfd69a7b45e,T3_CLAIM,8600,36,11.949249235259986,13.894475854953471,3,1519,379,True,0.867002467604485
paper_fb924389ccb8e78b3f2e,T3_CLAIM,11068,6,8.680054532833289,7.842477893777818,4,1519,379,True,0.904813262942491
paper_251e893761028cd925f7,T3_CLAIM,6367,2,3.0495374189093614,4.789598584748486,0,1518,380,True,0.9134376116368013
paper_a1519868149566c09b85,T3_CLAIM,8473,12,8.360493175151513,9.867217249087114,1,1518,380,True,0.9050359849756732
paper_f2ac582ab2137c281989,T3_CLAIM,17429,2,5.141471660879099,2.9499521836474263,0,1518,380,True,0.9134376116368013
paper_1505cb58904a14e9acef,T3_CLAIM,7756,1,6.637089176422535,8.557360980431325,4,1519,379,True,0.904813262942491
paper_9eca70ac9c66a0ecc684,T3_CLAIM,7970,8,6.256775540908252,7.85040845785226,4,1519,379,True,0.904813262942491
paper_190df2258f3e7ef7321c,T3_CLAIM,14499,7,0.7837354603787717,0.5405444929848761,0,1518,380,True,0.9134376116368013
paper_072bfbd0f8798926c557,T3_CLAIM,11933,11,9.315096119877293,7.80616451845914,0,1518,380,True,0.9134376116368013
paper_c88fa716da4fb68afa81,T3_CLAIM,10691,1,5.407118637131575,5.0576359902081895,0,1518,380,True,0.9134376116368013
paper_ecaeb019206ece9b12b5,T3_CLAIM,3213,2,3.29689577574421,10.2611135255033,3,1519,379,True,0.867002467604485
paper_9638a9b9407457710066,T3_CLAIM,22545,0,1.1407279216230144,0.505978230926154,2,1518,380,True,0.883571677390088
paper_f75a51877cad3bfac087,T3_CLAIM,7587,0,3.5933276202037825,4.736163991305895,0,1518,380,True,0.9134376116368013
paper_233f31909fd3f28cf0e8,T3_CLAIM,11500,2,7.247169452913264,6.301886480794143,0,1518,380,True,0.9134376116368013
paper_3931b2764d33f08f9b60,T3_CLAIM,10472,7,7.565751442449702,7.224743547029892,3,1519,379,True,0.867002467604485
paper_276e2d9ca1173f526ae1,T3_CLAIM,14978,0,7.353441658475725,4.909495031696972,3,1519,379,True,0.867002467604485
paper_b005f05d79307aca2e7f,T3_CLAIM,18253,0,2.7827161111266943,1.5245253443963702,0,1518,380,True,0.9134376116368013
paper_b00d47de8a46a6c79806,T3_CLAIM,6885,22,12.821834141571559,18.622852783691442,3,1519,379,True,0.867002467604485
paper_27881da4624b6a406df0,T3_CLAIM,6751,3,1.5610875201516996,2.312379677309583,0,1518,380,True,0.9134376116368013
paper_14587ed0f5bdfc1a50ee,T3_CLAIM,11093,22,16.236273645698507,14.636503782293797,1,1518,380,True,0.9050359849756732
paper_c677e24671caa0fb90fb,T3_CLAIM,6152,1,2.3852758858900573,3.8772364855169985,0,1518,380,True,0.9134376116368013
paper_40e3cd75e93f814f97a0,T3_CLAIM,10991,11,6.494528892799713,5.908951772176975,4,1519,379,True,0.904813262942491
paper_5d1d17020e2f0bfca95b,T3_CLAIM,11616,5,5.957900459921476,5.129046539188599,4,1519,379,True,0.904813262942491
paper_9cfcfcd2ed71c0ca6a56,T3_CLAIM,8722,9,6.510179997746461,7.464090802277529,3,1519,379,True,0.867002467604485
paper_a3ba67ec77c49d653ebb,T3_CLAIM,8792,5,7.292450527867898,8.294415978011713,2,1518,380,True,0.883571677390088
paper_96ac22b722cc9f3876ef,T3_CLAIM,13547,25,11.154572025110442,8.233979497387201,4,1519,379,True,0.904813262942491
paper_480ef6f63ad202e0de3b,T3_CLAIM,10312,14,5.8675984816069695,5.690068349114595,1,1518,380,True,0.9050359849756732
paper_e3e5e74da4d406668197,T3_CLAIM,5982,10,6.15005641848322,10.280936841329355,0,1518,380,True,0.9134376116368013
paper_76b5dd38ce3ab801e549,T3_CLAIM,10528,1,4.186313667165797,3.976361765924959,1,1518,380,True,0.9050359849756732
paper_fda3c6da82b26c4d290c,T3_CLAIM,8134,6,9.535958186330861,11.723577804685101,4,1519,379,True,0.904813262942491
paper_34d89b2cd8b1d6aef44e,T3_CLAIM,15646,0,5.132550885132479,3.280423677062814,1,1518,380,True,0.9050359849756732
paper_254433e21b7170b6b83a,T3_CLAIM,6766,32,12.65674858952844,18.70639756063914,1,1518,380,True,0.9050359849756732
paper_c3a2a06ddc49daaa4b54,T3_CLAIM,9583,3,11.411274525340414,11.907831081436306,0,1518,380,True,0.9134376116368013
paper_6b87b17f9d1a3a845b3a,T3_CLAIM,8504,1,3.896909866231097,4.5824433986725035,3,1519,379,True,0.867002467604485
paper_21d71a2192b6e4163d69,T3_CLAIM,4061,0,3.8958860114437446,9.593415443102055,4,1519,379,True,0.904813262942491
paper_6365016e63ccb2f0cb3f,T3_CLAIM,11231,3,5.7636688759162205,5.1319284800251275,1,1518,380,True,0.9050359849756732
paper_68bc91488ec451c8fb7e,T3_CLAIM,15224,0,5.676739272551813,3.7288092962111223,1,1518,380,True,0.9050359849756732
paper_0711aea5c961dd8c374d,T3_CLAIM,5214,9,4.590259580846164,8.803719947921296,0,1518,380,True,0.9134376116368013
paper_f240d9d1ee41e7af2920,T3_CLAIM,7505,10,3.845044713884128,5.1233107446823825,3,1519,379,True,0.867002467604485
paper_cdcf8c0ec6e244c9da7d,T3_CLAIM,16087,1,10.137336643451064,6.301570611954413,4,1519,379,True,0.904813262942491
paper_94955909662fc0f4ebf4,T3_CLAIM,21566,5,7.648400369158382,3.5465085640166842,2,1518,380,True,0.883571677390088
paper_75ba7a8d3c3e91ae2125,T3_CLAIM,3441,28,4.1591711915091585,12.087100236876367,2,1518,380,True,0.883571677390088
paper_84a70fcea3b65b7355ec,T3_CLAIM,7251,12,8.711031135399775,12.013558316645671,1,1518,380,True,0.9050359849756732
paper_4095b334fa6e74b81f84,T3_CLAIM,17112,7,8.113460969524615,4.741386728333692,4,1519,379,True,0.904813262942491
paper_5cbb72428f2974a70216,T3_CLAIM,10923,3,3.912963816833033,3.582316045805212,2,1518,380,True,0.883571677390088
paper_5a8f097e6159fed3e1dc,T3_CLAIM,11789,4,6.46694450771419,5.485575118936457,2,1518,380,True,0.883571677390088
paper_a2eacde7fcf945fa8df6,T3_CLAIM,10378,6,11.087926234538733,10.684068447233313,3,1519,379,True,0.867002467604485
paper_2a42f1ff9bd9c93161c2,T3_CLAIM,14531,3,13.5570251779043,9.329726225245544,0,1518,380,True,0.9134376116368013
paper_6a2566344144df787916,T3_CLAIM,9247,5,9.424002555687629,10.191416195185065,1,1518,380,True,0.9050359849756732
paper_bd33e8fd432779663ca7,T3_CLAIM,4344,1,3.489014203650866,8.031800652971606,3,1519,379,True,0.867002467604485
paper_43981dd764fb9b292128,T3_CLAIM,7976,29,8.612103199520266,10.79752156409261,4,1519,379,True,0.904813262942491
paper_2b927acd6b0595e0fbfb,T3_CLAIM,11411,0,3.2220300168671767,2.8236175767830836,4,1519,379,True,0.904813262942491
paper_46763484e876b1610d47,T3_CLAIM,9359,6,3.2737662276902264,3.497987207704057,3,1519,379,True,0.867002467604485
paper_e6973e2b099a57d76505,T3_CLAIM,10924,8,7.868679417100461,7.203111879440187,3,1519,379,True,0.867002467604485
paper_0bffd162d203a1f7b8c6,T3_CLAIM,8412,4,4.791870055820332,5.696469395887223,2,1518,380,True,0.883571677390088
paper_c2ac44375b1d92f4f814,T3_CLAIM,449,0,0.36613839540574405,8.154529964493186,4,1519,379,True,0.904813262942491
paper_bd4546a641a1bdd72a78,T3_CLAIM,7044,9,5.974089201980081,8.481103353180126,3,1519,379,True,0.867002467604485
paper_24fe4b2effdf7c3aa1db,T3_CLAIM,12345,0,2.331252812980039,1.8884186415391162,2,1518,380,True,0.883571677390088
paper_885e837f21bcf28ca60b,T3_CLAIM,15938,4,9.395509438673054,5.895036666252386,0,1518,380,True,0.9134376116368013
paper_782f0a0f6237b3871019,T3_CLAIM,20218,0,6.037887184159293,2.9863919201500115,4,1519,379,True,0.904813262942491
paper_cce946fd7f9a51375e1e,T3_CLAIM,22297,0,5.516436028458653,2.474070964012492,2,1518,380,True,0.883571677390088
paper_a7dac2e3bae1747435ba,T3_CLAIM,13370,7,4.518750352448934,3.379768401233309,1,1518,380,True,0.9050359849756732
paper_6dc8fab0b2f8787538a0,T3_CLAIM,2247,4,2.971507318523906,13.224331635620407,1,1518,380,True,0.9050359849756732
paper_dfc8976198fdb56f04dd,T3_CLAIM,4386,1,5.051879793413098,11.518193783431597,3,1519,379,True,0.867002467604485
paper_97a8687cac5aafc42602,T3_CLAIM,6255,3,3.4505194107112924,5.516417922799828,2,1518,380,True,0.883571677390088
paper_d0cda66392b22526445e,T3_CLAIM,12029,4,1.8521651587449943,1.5397499033543887,2,1518,380,True,0.883571677390088
paper_8b873330b79ed7eaa513,T3_CLAIM,6703,12,5.738048322625812,8.560418204722978,3,1519,379,True,0.867002467604485
paper_664bbbd2927cf5a8c793,T3_CLAIM,17906,6,6.327003825921247,3.5334546107010207,1,1518,380,True,0.9050359849756732
paper_c04deb4c3f4bb3dad1f0,T3_CLAIM,8932,0,5.1322152430298384,5.74587465632539,2,1518,380,True,0.883571677390088
paper_927858d424e2b9cea9ba,T3_CLAIM,11141,26,4.28942825110893,3.850128580117521,2,1518,380,True,0.883571677390088
paper_471d115d1a36a551996f,T3_CLAIM,15726,1,6.968809205165093,4.4313933645969055,3,1519,379,True,0.867002467604485
paper_70eda2eb1a05bdfa7e19,T3_CLAIM,5892,0,1.5558743182021832,2.6406556656520426,2,1518,380,True,0.883571677390088
paper_48b7ec807069e8d2c488,T3_CLAIM,1461,0,1.0195960045310701,6.978754308905339,0,1518,380,True,0.9134376116368013
paper_2639059271b0a3aa3c6f,T3_CLAIM,407,0,0.3077256860750887,7.560827667692597,4,1519,379,True,0.904813262942491
paper_4b85962af18143d5abdf,T3_CLAIM,6716,5,5.127253233266975,7.634385397955591,2,1518,380,True,0.883571677390088
paper_82ada25e588ffde0797b,T3_CLAIM,49060,3,1.5050409319076428,0.3067755670419166,4,1519,379,True,0.904813262942491
paper_cc9b4421cec4c4f430f6,T3_CLAIM,10034,5,7.959003265012187,7.9320343482282105,4,1519,379,True,0.904813262942491
paper_1645a5d395c467c28675,T3_CLAIM,10360,9,2.7803021647388926,2.683689348203564,2,1518,380,True,0.883571677390088
paper_60435861dc4b28fce705,T3_CLAIM,6845,2,6.497975395460384,9.493024682922401,3,1519,379,True,0.867002467604485
paper_0ce613e2f32acae68fe5,T3_CLAIM,9782,1,8.096179938461841,8.276610037274423,4,1519,379,True,0.904813262942491
paper_d3701df2622169ea49d6,T3_CLAIM,10999,15,8.964991677014252,8.150733409413812,0,1518,380,True,0.9134376116368013
paper_583ba179ad1bd014f19f,T3_CLAIM,18986,41,15.703198230146624,8.270935547322566,4,1519,379,True,0.904813262942491
paper_0f7e85cba4ea1f161796,T3_CLAIM,8809,1,7.363353231643402,8.358897981204906,4,1519,379,True,0.904813262942491
paper_050e0efec10ad1f0a9fe,T3_CLAIM,20161,8,1.4277267586628386,0.7081626698392137,1,1518,380,True,0.9050359849756732
paper_462564d91183c05007a4,T3_CLAIM,12762,22,9.4162346926782,7.378337793980725,0,1518,380,True,0.9134376116368013
paper_2910bf55c20bb603f151,T3_CLAIM,9997,6,4.107645194112653,4.108877857469894,1,1518,380,True,0.9050359849756732
paper_337e748ad8435a82418a,T3_CLAIM,11891,14,13.479942068805181,11.33625604978991,3,1519,379,True,0.867002467604485
paper_1f4567b736135e989979,T3_CLAIM,6356,7,5.968905765049919,9.39097823324405,3,1519,379,True,0.867002467604485
paper_e365b2946291c86625f8,T3_CLAIM,13741,10,6.373715009077881,4.638465183813318,0,1518,380,True,0.9134376116368013
paper_10592854365645e9bbb6,T3_CLAIM,7164,8,6.092079456216176,8.50374016780594,4,1519,379,True,0.904813262942491
paper_def9d9309b4003de0ded,T3_CLAIM,10476,0,4.366018022360092,4.167638432951596,3,1519,379,True,0.867002467604485
paper_0ec8a1fff8943d1ae2df,T3_CLAIM,10819,4,4.633395487675662,4.282646721208671,0,1518,380,True,0.9134376116368013
paper_dc7ff9902941aa396652,T3_CLAIM,12219,11,8.280868341882975,6.777042590950957,3,1519,379,True,0.867002467604485
paper_56467e511c7c5531b99a,T3_CLAIM,6024,6,1.6286150403696114,2.703544223721134,1,1518,380,True,0.9050359849756732
paper_838f47356ba40564b3ac,T3_CLAIM,10397,4,7.003169981916794,6.735760298082902,2,1518,380,True,0.883571677390088
paper_6f5456855514128c0fd6,T3_CLAIM,8247,4,4.0573313877948065,4.919766445731547,2,1518,380,True,0.883571677390088
paper_d2eac0088861f06e06e3,T3_CLAIM,8729,5,6.123534497413652,7.015161527567479,4,1519,379,True,0.904813262942491
paper_6ba850a9ab17db2dae58,T3_CLAIM,15497,6,7.254230368138158,4.681054635179814,4,1519,379,True,0.904813262942491
paper_f766d0e99ef832cea663,T3_CLAIM,3225,1,2.149602122877172,6.66543293915402,1,1518,380,True,0.9050359849756732
paper_fb4e7a3a63bf54771fa1,T3_CLAIM,11218,2,7.044071789462502,6.279258147140759,2,1518,380,True,0.883571677390088
paper_c71152dbc5850c074bbc,T3_CLAIM,15404,1,7.929130471421982,5.147449020658259,0,1518,380,True,0.9134376116368013
paper_1c21e07003a6a2ace85f,T3_CLAIM,11614,1,9.970411461242197,8.584821302946613,4,1519,379,True,0.904813262942491
paper_44e0d5bcb4ae4c4e36b0,T3_CLAIM,11951,0,1.8498819216942608,1.5478888140693337,3,1519,379,True,0.867002467604485
paper_1abf736f1f1f6870a4c7,T3_CLAIM,11382,0,6.009186519490648,5.2795523805048745,2,1518,380,True,0.883571677390088
paper_fb930d159272344a0721,T3_CLAIM,8471,5,3.727937092835824,4.4008229168171695,3,1519,379,True,0.867002467604485
paper_83d6440ad70ea0a7d858,T3_CLAIM,19358,4,8.406463647358798,4.342630254860419,2,1518,380,True,0.883571677390088
paper_48bdcdab69ea39f7f2f1,T3_CLAIM,8876,5,5.4819090273829065,6.176103005163257,3,1519,379,True,0.867002467604485
paper_d177441904486e4f45e7,T3_CLAIM,4837,3,7.7044885598108745,15.92823766758502,2,1518,380,True,0.883571677390088
paper_06f28f494ab4fc8cbfaf,T3_CLAIM,13928,41,8.660178750771575,6.217819321346622,2,1518,380,True,0.883571677390088
paper_d8e4d2ebb449ff45541d,T3_CLAIM,12366,1,7.52462592767213,6.084931204651569,2,1518,380,True,0.883571677390088
paper_16f52298d6daf40db176,T3_CLAIM,15042,35,17.620810584130563,11.714406717278662,1,1518,380,True,0.9050359849756732
paper_55b4b2bdafbd819c7d8a,T3_CLAIM,9264,2,1.930218150661571,2.0835688154809704,4,1519,379,True,0.904813262942491
paper_ebf04dca48b284656891,T3_CLAIM,8092,1,7.351455897584869,9.084844164094005,3,1519,379,True,0.867002467604485
paper_0fe592fa232c553c1e74,T3_CLAIM,887,0,0.4459098537073502,5.027168587456034,0,1518,380,True,0.9134376116368013
paper_4906a874f0698bc17bd3,T3_CLAIM,8872,5,5.208471039127773,5.870684219034912,3,1519,379,True,0.867002467604485
paper_92969607871cfe57fe43,T3_CLAIM,6508,13,5.83510471601134,8.966049041197511,1,1518,380,True,0.9050359849756732
paper_9d036f816105712cf14d,T3_CLAIM,9538,1,6.293765102700344,6.598621411931583,2,1518,380,True,0.883571677390088
paper_513c448af01021af98d8,T3_CLAIM,30609,1,3.0415796575978185,0.993688019078643,3,1519,379,True,0.867002467604485
paper_f06a8e9f5f8a4b8d1499,T3_CLAIM,11265,2,7.381504789403963,6.552600789528595,3,1519,379,True,0.867002467604485
paper_eb379388589e5f345a04,T3_CLAIM,10269,6,2.3694062642419125,2.307338849198474,2,1518,380,True,0.883571677390088
paper_e1a9ba013944aad3196e,T3_CLAIM,7069,16,6.466068377776583,9.147076499896142,3,1519,379,True,0.867002467604485
paper_cebd4830799f542e23ff,T3_CLAIM,1957,0,1.086822250615727,5.553511755828957,4,1519,379,True,0.904813262942491
paper_cf6e681f23fb0fba0c64,T3_CLAIM,4562,0,1.8200262876215747,3.989535922011343,2,1518,380,True,0.883571677390088
paper_ac4d2f9b1c56feb41b26,T3_CLAIM,7527,6,7.602040886931771,10.099695611706883,2,1518,380,True,0.883571677390088
paper_be0e7d5b81995f9db5e7,T3_CLAIM,4776,8,3.3642629494427925,7.04410165293717,3,1519,379,True,0.867002467604485
paper_073064198401df831d2c,T3_CLAIM,5724,6,5.868725510880974,10.252839816353903,2,1518,380,True,0.883571677390088
paper_bc7eb85ff159c4fcaf32,T3_CLAIM,10958,0,4.155769676359499,3.7924527070263725,3,1519,379,True,0.867002467604485
paper_772843d89b24948dd741,T3_CLAIM,18996,10,1.750399927298368,0.9214571106013729,4,1519,379,True,0.904813262942491
paper_be855fb98ce8a2a0e487,T3_CLAIM,10337,0,3.413113809659559,3.301841742923052,3,1519,379,True,0.867002467604485
paper_6a8becc5c88f09b869f3,T3_CLAIM,7097,1,5.4698462178914555,7.70726534858596,2,1518,380,True,0.883571677390088
paper_ce666477947bde040935,T3_CLAIM,11424,9,7.148634811820868,6.257558483736753,2,1518,380,True,0.883571677390088
paper_46b8f27edf61a5ba6af1,T3_CLAIM,11065,7,6.599483197589288,5.964286667500486,4,1519,379,True,0.904813262942491
paper_900fb6d9761c5ddee474,T3_CLAIM,11798,4,6.164268676597514,5.2248420720440025,1,1518,380,True,0.9050359849756732
paper_33d29fa4c709b83e9173,T3_CLAIM,11019,7,5.191916001611248,4.71178509992853,4,1519,379,True,0.904813262942491
paper_cf5ea2d3b25b1fc2454b,T3_CLAIM,7905,0,4.4464044143538555,5.624800018157945,1,1518,380,True,0.9050359849756732
paper_7d1b5e39456d84705bab,T3_CLAIM,15852,1,9.968909989962357,6.288739584886676,1,1518,380,True,0.9050359849756732
paper_1bc583c06e4ee3d14b2b,T3_CLAIM,10566,2,1.8083277112925906,1.711459124827362,3,1519,379,True,0.867002467604485
paper_a867f98be92c696e99b7,T3_CLAIM,12229,0,8.545734292853025,6.988089208318771,0,1518,380,True,0.9134376116368013
paper_437ee465e45b2bbe0b0a,T3_CLAIM,630,0,0.45484427841225145,7.219750450988118,3,1519,379,True,0.867002467604485
paper_318bc73c6253e1aee894,T3_CLAIM,11777,5,3.615707418060284,3.0701430059100656,0,1518,380,True,0.9134376116368013
paper_0e735e600aaa99e681ce,T3_CLAIM,8317,6,7.084668482321684,8.518298042950203,4,1519,379,True,0.904813262942491
paper_9dda9fd662e16f63aea6,T3_CLAIM,5688,3,5.8876053219481195,10.35092356179346,1,1518,380,True,0.9050359849756732
paper_a26a228781934eb1c537,T3_CLAIM,2203,0,1.077490607004633,4.891015011369192,0,1518,380,True,0.9134376116368013
paper_780ca30bca1371cb91c6,T3_CLAIM,4890,8,6.154557639757216,12.58600744326629,0,1518,380,True,0.9134376116368013
paper_f33629526b9e8dec9b5e,T3_CLAIM,6599,18,10.517906014127611,15.938636178402199,0,1518,380,True,0.9134376116368013
paper_769ae64af226fe449181,T3_CLAIM,11795,3,4.039920582118344,3.425112829265234,4,1519,379,True,0.904813262942491
paper_cc9ed1f379259d9c2e94,T3_CLAIM,7591,10,8.375980400948157,11.034093533063045,2,1518,380,True,0.883571677390088
paper_07f217e000b1db2955b5,T3_CLAIM,534,0,0.33204281434681676,6.218030231213797,3,1519,379,True,0.867002467604485
paper_75d5824249e114a70cb6,T3_CLAIM,3868,0,3.988516791884918,10.311573919040637,1,1518,380,True,0.9050359849756732
paper_8d1b156790f21393b4e1,T3_CLAIM,2008,0,1.6176828669824004,8.056189576605579,1,1518,380,True,0.9050359849756732
paper_fd19685206cd80b2e8af,T3_CLAIM,10185,4,8.147109534830987,7.999125709210591,4,1519,379,True,0.904813262942491
paper_8f5a80389272c2b14e09,T3_CLAIM,4241,17,2.981284228192555,7.0296727851746175,1,1518,380,True,0.9050359849756732
paper_f5290df23f6ebbf4d530,T3_CLAIM,11986,1,5.836778369407925,4.869663248296283,1,1518,380,True,0.9050359849756732
paper_4562ada1fc1e34be0aa5,T3_CLAIM,3613,1,4.473153108217593,12.38071715532132,1,1518,380,True,0.9050359849756732
paper_1326e03962da71949e0e,T3_CLAIM,12181,0,6.529565699371651,5.3604512760624345,1,1518,380,True,0.9050359849756732
paper_7cbaf3a63f383f04f586,T3_CLAIM,7164,3,7.106275250731675,9.919423856409372,3,1519,379,True,0.867002467604485
paper_009e1ffb00faff097f0a,T3_CLAIM,9195,1,6.263829849754224,6.8122129959262905,4,1519,379,True,0.904813262942491
paper_3bafa4a79b7e89fc0a5e,T3_CLAIM,9251,23,7.02961965052555,7.598767323019728,2,1518,380,True,0.883571677390088
paper_c493ee04650e24bc9262,T3_CLAIM,10752,1,3.9169427964610373,3.642989952065697,0,1518,380,True,0.9134376116368013
paper_e3a1a7befb994dcb7e6a,T3_CLAIM,9238,2,6.465121109019402,6.998399122125354,4,1519,379,True,0.904813262942491
paper_3c458e8426ff50cd83a8,T3_CLAIM,15164,15,14.257290980087186,9.402064745507245,3,1519,379,True,0.867002467604485
paper_0fa0164a3e53bdfefc86,T3_CLAIM,15372,19,12.611442286623829,8.20416490152474,1,1518,380,True,0.9050359849756732
paper_d233e8cdb8ca793ee1b6,T3_CLAIM,9833,3,3.8976763254865903,3.9638730046644874,2,1518,380,True,0.883571677390088
paper_6d2c20d9a4b4a6edade7,T3_CLAIM,4157,2,4.750931874931494,11.428751202625676,2,1518,380,True,0.883571677390088
paper_6b79e30c977d3f246ae8,T3_CLAIM,11067,7,3.6391157670772976,3.2882585769199397,4,1519,379,True,0.904813262942491
paper_8a5acc89d7b1cbb5da6a,T3_CLAIM,5655,15,5.347652126035128,9.456502433307035,0,1518,380,True,0.9134376116368013
paper_07c9ea928687c1aed57c,T3_CLAIM,9352,3,5.001650750703066,5.348215088433561,3,1519,379,True,0.867002467604485
paper_029eab9034ce84cdbecb,T3_CLAIM,10930,6,6.498751936413882,5.945793171467413,4,1519,379,True,0.904813262942491
paper_338315c4ce05cecd82c8,T3_CLAIM,5154,4,7.9504649554755185,15.425814814659525,1,1518,380,True,0.9050359849756732
paper_11c16d5f80d944fde4f9,T3_CLAIM,13418,4,9.234164424589801,6.881923106714712,3,1519,379,True,0.867002467604485
paper_e1a4e627071aff86f5e1,T3_CLAIM,11981,26,16.69544334217023,13.934933095876996,1,1518,380,True,0.9050359849756732
paper_7214c2ea2b9041f9d360,T3_CLAIM,15413,11,4.354299439977494,2.825082359032955,4,1519,379,True,0.904813262942491
paper_4516ab29b73cc618f530,T3_CLAIM,8568,0,4.461562990649979,5.2072397183123,0,1518,380,True,0.9134376116368013
paper_833a553eafe91386ba81,T3_CLAIM,4598,0,2.032681825026333,4.420795617717124,3,1519,379,True,0.867002467604485
paper_2c176014a0257fb9cc47,T3_CLAIM,9920,17,9.038059321688662,9.11094689686357,1,1518,380,True,0.9050359849756732
paper_3b52b2355f8e01112a03,T3_CLAIM,8026,10,10.210643938112385,12.721958557329163,0,1518,380,True,0.9134376116368013
paper_c9fdc8cedb5be40f0dc1,T3_CLAIM,17074,16,6.2341670869462735,3.651263375276018,3,1519,379,True,0.867002467604485
paper_87f3d7eccc9ceb06ff2f,T3_CLAIM,4950,6,9.62148964697062,19.437352822162868,4,1519,379,True,0.904813262942491
paper_a07be0b922a6a4d5a1e9,T3_CLAIM,5926,1,1.5383149038322914,2.595873951792594,4,1519,379,True,0.904813262942491
paper_dd96768b401139c7059f,T3_CLAIM,13424,4,7.712327275149913,5.7451782443011865,3,1519,379,True,0.867002467604485
paper_bea3698e1259b05a513f,T3_CLAIM,9726,13,1.0718770683355698,1.102073893003876,3,1519,379,True,0.867002467604485
paper_36d630f627cf67853127,T3_CLAIM,15180,2,10.61146879525835,6.990427401355962,4,1519,379,True,0.904813262942491
paper_584e5d6f39a54f268581,T3_CLAIM,10916,0,5.542388573211085,5.077307230863948,3,1519,379,True,0.867002467604485
paper_8e32e74457d3a767dfc5,T3_CLAIM,20471,1,1.507256340305834,0.7362885742298052,2,1518,380,True,0.883571677390088
paper_25931cee38fa367141be,T3_CLAIM,9473,1,4.811721032283422,5.079405713378467,4,1519,379,True,0.904813262942491
paper_d2a860352e2abc4cf61a,T3_CLAIM,10418,0,7.184372501021264,6.896114898273434,2,1518,380,True,0.883571677390088
paper_36079692e31980b48fef,T3_CLAIM,6903,1,1.3150593013004817,1.9050547606844583,1,1518,380,True,0.9050359849756732
paper_b6b0623f2398930e5f5f,T3_CLAIM,3573,16,5.162570896779762,14.448841020934122,3,1519,379,True,0.867002467604485
paper_260c6937e35e1e5ecb8a,T3_CLAIM,26445,10,10.111208133494111,3.823485775569715,2,1518,380,True,0.883571677390088
paper_a1bff7fefde21c114512,T3_CLAIM,10213,8,7.643223923260758,7.483818587350198,1,1518,380,True,0.9050359849756732
paper_1e6221d350bec18f02d2,T3_CLAIM,8661,17,8.500816319792,9.815051748980487,0,1518,380,True,0.9134376116368013
paper_62d201305fdcd3046947,T3_CLAIM,4672,9,2.0884145859946304,4.470065466598096,4,1519,379,True,0.904813262942491
paper_7948b462948f5b111cc2,T3_CLAIM,12912,0,6.884386518812335,5.331773945796419,1,1518,380,True,0.9050359849756732
paper_e924e456ceaca93fa45c,T3_CLAIM,3905,6,3.457225818456526,8.853331161220297,4,1519,379,True,0.904813262942491
paper_e74918395456cb11f56d,T3_CLAIM,8069,5,7.379785879869454,9.145849398772405,4,1519,379,True,0.904813262942491
paper_7399735fd99f002b3d09,T3_CLAIM,364,0,0.2723684006329991,7.482648369038437,3,1519,379,True,0.867002467604485
paper_826b9125b26490b92083,T3_CLAIM,11385,11,7.139940521391917,6.271357506712268,3,1519,379,True,0.867002467604485
paper_1feff77d842c50d00d5a,T3_CLAIM,8403,10,5.726977720050482,6.815396548911677,0,1518,380,True,0.9134376116368013
paper_5622e48049ec2935fe07,T3_CLAIM,21319,2,9.880385326712956,4.634544456453378,2,1518,380,True,0.883571677390088
paper_09b9fe96046cdf192d6b,T3_CLAIM,12402,1,7.021285433631152,5.6614138313426485,1,1518,380,True,0.9050359849756732
paper_88185f5d588e4f96f362,T3_CLAIM,10563,1,5.3018953046800315,5.019308250194103,3,1519,379,True,0.867002467604485
paper_39e8f5594ef043593de9,T3_CLAIM,8825,9,5.960410129718976,6.754005812712721,4,1519,379,True,0.904813262942491
paper_169d152bd78e1f0e9b49,T3_CLAIM,7831,9,4.2381552037922114,5.4120229904127335,0,1518,380,True,0.9134376116368013
paper_8ba295c2e16a973f8058,T3_CLAIM,11284,4,1.9789256039825809,1.7537447748870798,0,1518,380,True,0.9134376116368013
paper_cd7bd86e9372991efbcf,T3_CLAIM,8622,8,7.5278773267261,8.731010585393296,1,1518,380,True,0.9050359849756732
paper_604ab3e72068761d0f8c,T3_CLAIM,5074,4,3.2372218379703885,6.3800193889838175,4,1519,379,True,0.904813262942491
paper_011ae5a30c23e38fafea,T3_CLAIM,7905,7,6.2766290044426105,7.940074641926136,0,1518,380,True,0.9134376116368013
paper_15b67ce3374963afc5d5,T3_CLAIM,10067,1,5.1857664512431585,5.151253055769503,2,1518,380,True,0.883571677390088
paper_8dafbce5fb34e25f3bf6,T3_CLAIM,6810,1,2.1688643980572864,3.18482290463625,0,1518,380,True,0.9134376116368013
paper_0053bcca6f8f67a57ad5,T3_CLAIM,8967,4,7.553195341967155,8.423324793093737,4,1519,379,True,0.904813262942491
paper_36e100af2733ee6a2ae6,T3_CLAIM,12550,4,5.255709621712498,4.187816431643425,0,1518,380,True,0.9134376116368013
paper_46e8f97f2081552de5f7,T3_CLAIM,13234,2,2.8161900023847095,2.1279960725288722,2,1518,380,True,0.883571677390088
paper_f30f6ee41d1bce340228,T3_CLAIM,11149,27,9.118223516874076,8.17851243777386,4,1519,379,True,0.904813262942491
paper_07a3b3056cc42097fbf2,T3_CLAIM,17090,4,3.0725503187291276,1.7978644345986703,2,1518,380,True,0.883571677390088
paper_eb53a568018997d7a5a4,T3_CLAIM,10693,2,4.614319110943448,4.315270841619236,0,1518,380,True,0.9134376116368013
paper_3fd6b65e358d7c3c8e29,T3_CLAIM,16434,2,13.38225171366705,8.143027694819915,3,1519,379,True,0.867002467604485
paper_46fe22a95d6bd3b48195,T3_CLAIM,16760,4,2.959116187320263,1.7655824506684148,3,1519,379,True,0.867002467604485
paper_b77cf25cfcce558611e0,T3_CLAIM,9592,2,5.648205322142369,5.888454255778115,2,1518,380,True,0.883571677390088
paper_201ccd1a0144f8ac3399,T3_CLAIM,6230,20,8.907787207074294,14.298213815528563,1,1518,380,True,0.9050359849756732
paper_71207db0d83368572f67,T3_CLAIM,6855,3,4.7223938281582845,6.888977138086483,0,1518,380,True,0.9134376116368013
paper_c35f24f154d422c07108,T3_CLAIM,6284,7,5.557953343408435,8.844610667422717,2,1518,380,True,0.883571677390088
paper_8dc8785106d0600e3d72,T3_CLAIM,13048,1,4.729792810981988,3.624917850231444,3,1519,379,True,0.867002467604485
paper_290f6096e9f482df0c66,T3_CLAIM,10260,0,5.956826616648894,5.8058738953692925,4,1519,379,True,0.904813262942491
paper_d0635a46f2116c940eab,T3_CLAIM,11146,1,6.0010333724311264,5.384024199202518,1,1518,380,True,0.9050359849756732
paper_6195f36858a7f96beff7,T3_CLAIM,12193,0,1.6742693334390413,1.3731397797416889,1,1518,380,True,0.9050359849756732
paper_2fa4ade2a3d21eee9f61,T3_CLAIM,8197,9,6.977349822764664,8.512077373142203,1,1518,380,True,0.9050359849756732
paper_d4237e6fab9b882ccc6a,T3_CLAIM,14197,14,6.130757066724214,4.318346880836947,2,1518,380,True,0.883571677390088
paper_4f0f5f1c1f7b7e7030ff,T3_CLAIM,10295,10,11.850309267620721,11.510742367771462,1,1518,380,True,0.9050359849756732
paper_219e1e1c50a1bb0918fd,T3_CLAIM,9676,0,4.3186652146192115,4.463275335489057,2,1518,380,True,0.883571677390088
paper_8b945006f5be45871ad5,T3_CLAIM,7867,1,5.7877102880606985,7.356947105708274,3,1519,379,True,0.867002467604485
paper_471dc4b422d421f1b612,T3_CLAIM,10407,8,5.273205600063157,5.066979533067317,1,1518,380,True,0.9050359849756732
paper_a77c646349b9ec2d4c07,T3_CLAIM,7950,10,6.322621977716188,7.952983619768789,3,1519,379,True,0.867002467604485
paper_be27d188b6e017ce6b22,T3_CLAIM,6850,1,9.765114155840479,14.255641103416757,1,1518,380,True,0.9050359849756732
paper_99b1113a442b4f68d2be,T3_CLAIM,7433,0,5.028733318167167,6.765415469080004,1,1518,380,True,0.9050359849756732
paper_39af26e81b585e755cdf,T3_CLAIM,10878,0,7.295940415601477,6.707060503402717,3,1519,379,True,0.867002467604485
paper_2d099084242b939a3af5,T3_CLAIM,2693,0,1.2536846926142653,4.655346055010269,1,1518,380,True,0.9050359849756732
paper_663f877088137c6164e3,T3_CLAIM,10090,2,11.092185811258217,10.99324659193084,4,1519,379,True,0.904813262942491
paper_6d8df9b9c2f98d5dea5d,T3_CLAIM,18721,6,8.13981106541736,4.347957409015202,2,1518,380,True,0.883571677390088
paper_bf54d15a31f43b340d68,T3_CLAIM,22908,15,9.240071360112456,4.0335565567105185,4,1519,379,True,0.904813262942491
paper_10391aa2210ab4785e17,T3_CLAIM,7625,12,6.653213360949914,8.725525719278576,3,1519,379,True,0.867002467604485
paper_80b3fa91e229a224aefe,T3_CLAIM,10798,3,3.7575088860514274,3.479819305474557,4,1519,379,True,0.904813262942491
paper_f2be3d7faf13aa4b2b38,T3_CLAIM,9283,1,6.438065484808914,6.935328541213955,1,1518,380,True,0.9050359849756732
paper_1374c6ab5377c209be7f,T3_CLAIM,5744,2,6.145178663092311,10.69843082014678,2,1518,380,True,0.883571677390088
paper_a904db9c76345abf48a4,T3_CLAIM,7279,0,6.406774303508398,8.801723181080366,2,1518,380,True,0.883571677390088
paper_5ccb84180e28ca26531b,T3_CLAIM,10113,0,4.674788407670739,4.622553552527182,0,1518,380,True,0.9134376116368013
paper_f65e1cf061dc75a3b817,T3_CLAIM,8408,0,5.00595783655661,5.953803326066377,3,1519,379,True,0.867002467604485
paper_2574d61c65671b51421b,T3_CLAIM,8660,2,3.5739972247545126,4.127017580547936,3,1519,379,True,0.867002467604485
paper_e8f10ce67050b81e5490,T3_CLAIM,15601,2,4.189567365254023,2.6854479618319487,1,1518,380,True,0.9050359849756732
paper_55fe8663a92f8868b81c,T3_CLAIM,10134,2,6.442311181612869,6.357125697269457,2,1518,380,True,0.883571677390088
paper_15fe252af04f747cd417,T3_CLAIM,7230,4,5.332571796668753,7.375617976028704,1,1518,380,True,0.9050359849756732
paper_3ead46de96ae3c9d8a62,T3_CLAIM,30534,0,1.5986390624189997,0.5235603138858321,3,1519,379,True,0.867002467604485
paper_86eeefc59d1e191de737,T3_CLAIM,10147,2,5.837034446964798,5.7524730925049745,1,1518,380,True,0.9050359849756732
paper_012cfffb2443a103e06e,T3_CLAIM,10348,0,5.555443292328837,5.368615473839232,4,1519,379,True,0.904813262942491
paper_9ed7e5dd2d19fdae47dd,T3_CLAIM,5472,7,8.7041851234575,15.906771058950108,4,1519,379,True,0.904813262942491
paper_16dbf623d307897aaef7,T3_CLAIM,8742,1,9.76416136177947,11.169253445183562,1,1518,380,True,0.9050359849756732
paper_0126a2cadbceb87b4495,T3_CLAIM,5999,0,3.1489402576575887,5.249108614198348,0,1518,380,True,0.9134376116368013
paper_3b0eebee7baa82ff9356,T3_CLAIM,448,0,0.45841318223420807,10.232437103442145,1,1518,380,True,0.9050359849756732
paper_1fb34ecfd11bbe4cedc9,T3_CLAIM,9775,0,5.287317186253218,5.409020139389481,1,1518,380,True,0.9050359849756732
paper_8968c63f74386825585f,T3_CLAIM,10053,0,3.0368767874280156,3.020866196586109,1,1518,380,True,0.9050359849756732
paper_7ba24873e76b8536a7d2,T3_CLAIM,2910,8,2.951321865910133,10.14199953921008,2,1518,380,True,0.883571677390088
paper_d8a5a42f9d9bc9708adf,T3_CLAIM,12253,5,2.034464167077697,1.6603804513814548,1,1518,380,True,0.9050359849756732
paper_7344d9e42f81f8d6383d,T3_CLAIM,13490,26,13.872430475420789,10.283491827591392,2,1518,380,True,0.883571677390088
paper_4414623e6a5fc13f5979,T3_CLAIM,7877,1,4.868929188597653,6.181197395706047,4,1519,379,True,0.904813262942491
paper_46199df1720394d98bd1,T3_CLAIM,5251,0,3.1459068156167382,5.991062303593103,0,1518,380,True,0.9134376116368013
paper_1573d812af2dce87ef91,T3_CLAIM,4051,0,1.1993434525819577,2.9606108432040426,1,1518,380,True,0.9050359849756732
paper_ad0f1144c26451143d2a,T3_CLAIM,15055,9,15.752705404301608,10.463437664763605,0,1518,380,True,0.9134376116368013
paper_982942e5d384d2704107,T3_CLAIM,6847,4,3.140748321943803,4.587042970562003,0,1518,380,True,0.9134376116368013
paper_56d1c041063dd1a9acf3,T3_CLAIM,13225,2,6.463303022824561,4.887185650528968,3,1519,379,True,0.867002467604485
paper_624dd7d7645dc4e39220,T3_CLAIM,11117,4,2.2747420906317735,2.046183404364283,0,1518,380,True,0.9134376116368013
paper_12a764f13952eccb5204,T3_CLAIM,7077,17,4.6603783824490925,6.585245700790014,2,1518,380,True,0.883571677390088
paper_f86644b2d07eaaed1b0e,T3_CLAIM,7339,2,6.967923234866336,9.494376938092842,4,1519,379,True,0.904813262942491
paper_8d9189bbdbd2c7b8963b,T3_CLAIM,8390,7,5.89855446527333,7.030458242280489,2,1518,380,True,0.883571677390088
paper_f9a74a91246f564dd5ed,T3_CLAIM,10853,1,3.1851661157040563,2.93482550051051,3,1519,379,True,0.867002467604485
paper_ab5c480d9ab0f3d8b434,T3_CLAIM,8484,1,6.466208469853839,7.621650718828193,0,1518,380,True,0.9134376116368013
paper_02f7f943c282b24bea61,T3_CLAIM,4424,0,2.667129412743241,6.028773536942226,4,1519,379,True,0.904813262942491
paper_e020c739ba85ea0ff35b,T3_CLAIM,16723,4,9.64294440279574,5.766276626679268,2,1518,380,True,0.883571677390088
paper_f00cd50c0c8adb622672,T3_CLAIM,9477,5,3.4228608190365266,3.611755638953811,0,1518,380,True,0.9134376116368013
paper_1929f7cd87eef5deef5a,T3_CLAIM,8735,26,5.1311625849971225,5.874255964507295,1,1518,380,True,0.9050359849756732
paper_39478f8dbc9276d1b5ff,T3_CLAIM,7959,35,6.40424558155259,8.046545522744804,3,1519,379,True,0.867002467604485
paper_1718c709beef596baf15,T3_CLAIM,2627,2,3.9102189994984,14.884731631132091,2,1518,380,True,0.883571677390088
paper_7dba6cb3e3d5e86994a3,T3_CLAIM,29647,2,1.3914016313698951,0.46932291003133375,0,1518,380,True,0.9134376116368013
paper_33df1a35a12b14084cbc,T3_CLAIM,9296,3,7.4584808681232255,8.023322792731525,1,1518,380,True,0.9050359849756732
paper_5dba6c69f7a50cc6e42d,T3_CLAIM,14152,12,5.966096985762098,4.215727095648741,0,1518,380,True,0.9134376116368013
paper_6bcf74cbd6b92531a34f,T3_CLAIM,18987,0,3.390701460546921,1.7858015803164906,1,1518,380,True,0.9050359849756732
paper_24876507fe1792361408,T3_CLAIM,9021,5,3.7569934159675635,4.164719450135864,0,1518,380,True,0.9134376116368013
paper_b01d11615f92368273dd,T3_CLAIM,9511,4,5.310608842365603,5.583649292782677,3,1519,379,True,0.867002467604485
paper_aaafd1cf52290be1e187,T3_CLAIM,5696,17,6.805293537959011,11.94749567759658,3,1519,379,True,0.867002467604485
paper_13a837f8c0110a1a3b3a,T3_CLAIM,14055,11,6.941228955501828,4.938618965138263,0,1518,380,True,0.9134376116368013
paper_e445df367809794c4bfa,T3_CLAIM,8461,13,10.199368143073064,12.054565823275103,4,1519,379,True,0.904813262942491
paper_ac4c88906b25ce20bbb4,T3_CLAIM,10879,4,11.69985518740231,10.754531838774069,3,1519,379,True,0.867002467604485
paper_d5e4267c18519a5c8d36,T3_CLAIM,15513,5,10.552323518076063,6.802245547654267,3,1519,379,True,0.867002467604485
paper_cdadb1e14bce744e6547,T3_CLAIM,20046,5,20.43242857259088,10.19277091319509,2,1518,380,True,0.883571677390088
paper_fb7b63214de684b2f11d,T3_CLAIM,6680,9,3.519001233921429,5.267965919044055,2,1518,380,True,0.883571677390088
paper_b810d6eb70c435ba6568,T3_CLAIM,13389,4,3.8359979435429206,2.8650369284807833,2,1518,380,True,0.883571677390088
paper_44d79256d8a5312b7ada,T3_CLAIM,25925,1,11.879162100047507,4.582126171667313,3,1519,379,True,0.867002467604485
paper_c233d31a3cec4f8f417c,T3_CLAIM,7042,0,21.846421588620228,31.023035485118186,0,1518,380,True,0.9134376116368013
paper_e7fec3685220067305fc,T3_CLAIM,458,0,0.345917882434172,7.5527921928858515,0,1518,380,True,0.9134376116368013
paper_8f163e905671f80b30a9,T3_CLAIM,12173,32,10.532669657757067,8.652484726654947,2,1518,380,True,0.883571677390088
paper_ee0bed9cde4561b5ea66,T3_CLAIM,1983,1,1.0620356478552755,5.3557017037583226,1,1518,380,True,0.9050359849756732
paper_01ae4cd09750e14709a0,T3_CLAIM,16221,1,6.908313633184399,4.25887037370347,4,1519,379,True,0.904813262942491
paper_2d881cb8d1a1376b394c,T3_CLAIM,19471,1,6.05746158306718,3.1110171963777824,3,1519,379,True,0.867002467604485
paper_d94c17d2124c8f2c2769,T3_CLAIM,7300,7,6.810965172529411,9.33008927743755,2,1518,380,True,0.883571677390088
paper_347a5b1658801d734112,T3_CLAIM,5102,1,3.4669814250947266,6.795337955889312,1,1518,380,True,0.9050359849756732
paper_0c7faa8670b4eda51f88,T3_CLAIM,20839,3,8.361581400650598,4.012467681103027,0,1518,380,True,0.9134376116368013
paper_6a29f51b9184bef69fce,T3_CLAIM,756,0,0.46153836620849475,6.105004844027708,3,1519,379,True,0.867002467604485
paper_2b220ef4a7efc38da340,T3_CLAIM,14164,11,14.93037389447452,10.541071656646794,4,1519,379,True,0.904813262942491
paper_09975f20216dae5ee14c,T3_CLAIM,5109,3,9.05229553495666,17.718331444424855,1,1518,380,True,0.9050359849756732
paper_d597e7de0ce251217022,T3_CLAIM,19880,2,7.5548699484552015,3.8002363925830993,4,1519,379,True,0.904813262942491
paper_7aff078d2e9781c2b640,T3_CLAIM,10127,6,10.164537371245356,10.037066625106503,2,1518,380,True,0.883571677390088
paper_d5335a0a272e74fabf30,T3_CLAIM,10213,2,4.458362227146956,4.365379640797959,2,1518,380,True,0.883571677390088
paper_dffe212f5182f4221a97,T3_CLAIM,42000,4,37.24910605209177,8.868834774307564,2,1518,380,True,0.883571677390088
paper_d47409ae0eb33cfd34ba,T3_CLAIM,19365,1,3.4939848981438484,1.8042782846082355,3,1519,379,True,0.867002467604485
paper_5a8aeef4f40fd0952056,T3_CLAIM,14979,0,4.724467661634913,3.154060792866622,2,1518,380,True,0.883571677390088
paper_5e7d7cf0658e519b818f,T3_CLAIM,32406,0,2.2332074755516533,0.6891339491303009,1,1518,380,True,0.9050359849756732
paper_22518db42557aa33c075,T3_CLAIM,15627,0,2.668360312115849,1.7075320356535797,4,1519,379,True,0.904813262942491
paper_e86fbfbb33457828a031,T3_CLAIM,9473,5,3.846748665932559,4.06075020155448,0,1518,380,True,0.9134376116368013
paper_3f6bfa204e1dff930477,T3_CLAIM,5993,1,6.760085835449946,11.279969690388695,3,1519,379,True,0.867002467604485
paper_e5bdd19c749ef2708e2f,T3_CLAIM,4808,0,1.2709099338924645,2.6433234897929796,2,1518,380,True,0.883571677390088
paper_083fa62561b4443889cc,T3_CLAIM,11776,2,4.765489241629337,4.046780945677086,0,1518,380,True,0.9134376116368013
paper_8313683e31ffdfb17404,T3_CLAIM,9230,1,4.420451881777775,4.789221973757069,3,1519,379,True,0.867002467604485
paper_f656dadd65e5d8d9c09c,T3_CLAIM,23680,7,6.0109089063210925,2.5383905854396507,1,1518,380,True,0.9050359849756732
paper_117c93c9f01087aa7a3e,T3_CLAIM,9772,2,2.3869708364337074,2.4426635657324063,0,1518,380,True,0.9134376116368013
paper_ab4bbcc8857ba3557148,T3_CLAIM,14717,6,5.9271717420671575,4.027432045978907,0,1518,380,True,0.9134376116368013
paper_74793491c217d4981599,T3_CLAIM,9845,14,9.675149837387613,9.827475710906665,1,1518,380,True,0.9050359849756732
paper_49141abea7fbb090c4e1,T3_CLAIM,1498,0,0.8805571660287742,5.8782187318342745,4,1519,379,True,0.904813262942491
paper_6506f43e232d65d21441,T3_CLAIM,11469,6,6.283382915037805,5.478579575410066,2,1518,380,True,0.883571677390088
paper_9e0a110ef6e1b0c6fddc,T3_CLAIM,11673,1,9.567110578058305,8.195931275643197,3,1519,379,True,0.867002467604485
paper_7a141eb7ef1f59f479cb,T3_CLAIM,7434,0,2.064207623536767,2.776711896067752,0,1518,380,True,0.9134376116368013
paper_edceda0c326e8eb1ac2d,T3_CLAIM,10332,2,8.780259885150935,8.498122227207642,4,1519,379,True,0.904813262942491
paper_3eaca8f4077da8e86595,T3_CLAIM,8925,0,4.824012016577993,5.405055480759656,0,1518,380,True,0.9134376116368013
paper_b52a0c44b8cd5eb19780,T3_CLAIM,8225,4,6.868405216467874,8.350644640082521,2,1518,380,True,0.883571677390088
paper_8b99df3455a9e4b7000a,T3_CLAIM,10595,9,6.2804483571131255,5.927747387553681,0,1518,380,True,0.9134376116368013
paper_789a6d1ad075245bcb69,T3_CLAIM,4830,2,5.333359742093871,11.04215267514259,1,1518,380,True,0.9050359849756732
paper_936af62bff602375aae5,T3_CLAIM,23858,0,1.2918448997868612,0.5414724200632329,0,1518,380,True,0.9134376116368013
paper_6f4ca55294d5886cdb1c,T3_CLAIM,5925,2,6.318812190210674,10.6646619244062,1,1518,380,True,0.9050359849756732
paper_19daba2982570ad40c44,T3_CLAIM,7130,11,6.645479842778858,9.320448587347627,2,1518,380,True,0.883571677390088
paper_8e2073558413f59f9196,T3_CLAIM,11539,1,4.280670274829608,3.7097411169335364,1,1518,380,True,0.9050359849756732
paper_67a44243d7532f3741c3,T3_CLAIM,6460,3,7.565569544111637,11.71140796302111,3,1519,379,True,0.867002467604485
paper_abbcd9d788df52d41902,T3_CLAIM,10185,24,9.277686683359754,9.10916709215489,0,1518,380,True,0.9134376116368013
paper_5a9b7e5a9f7c8c1ba166,T3_CLAIM,18749,15,16.89155052282211,9.009307441902028,4,1519,379,True,0.904813262942491
paper_9b42a9d51098cee184ff,T3_CLAIM,9272,2,3.0417979314523316,3.2806276223601505,4,1519,379,True,0.904813262942491
paper_f6075846ba4e417ca28c,T3_CLAIM,14222,1,5.351208686142929,3.7626273984973486,1,1518,380,True,0.9050359849756732
paper_5bfff58e2d219b2f51ec,T3_CLAIM,5106,1,2.4886525758265536,4.873976842590195,4,1519,379,True,0.904813262942491
paper_2ceb025b659b75bcaad2,T3_CLAIM,8831,1,2.5725190168475054,2.913055165720196,0,1518,380,True,0.9134376116368013
paper_261cbd2e00f3d72c594e,T3_CLAIM,7805,5,7.751730375055421,9.931749359456017,3,1519,379,True,0.867002467604485
paper_d62c80d90844c772db99,T3_CLAIM,8465,11,6.3302913761242,7.478194183253632,3,1519,379,True,0.867002467604485
paper_3c08cf90b3f2d280f2f3,T3_CLAIM,11659,17,8.806348728750304,7.553262482846132,1,1518,380,True,0.9050359849756732
paper_e5d9d6c267fc21d77d2b,T3_CLAIM,5490,4,8.886441293406124,16.186596162852684,4,1519,379,True,0.904813262942491
paper_7b8afc890a3e2f1390fe,T3_CLAIM,7661,1,1.579894017879717,2.062255603550081,1,1518,380,True,0.9050359849756732
paper_a5e4bf5f1b3d5d2f15a6,T3_CLAIM,6939,25,10.087794171006944,14.537821258116365,4,1519,379,True,0.904813262942491
paper_b36639ed4689d6f06a08,T3_CLAIM,7670,5,6.517063161999952,8.496822897001241,4,1519,379,True,0.904813262942491
paper_c27015976f546c132876,T3_CLAIM,17382,31,29.495037556095713,16.968724862556503,3,1519,379,True,0.867002467604485
paper_1459964ba1bc517623b3,T3_CLAIM,7983,0,3.3962580583440256,4.254363094505857,1,1518,380,True,0.9050359849756732
paper_c883fb07780c18c56d51,T3_CLAIM,10585,2,9.646584012623395,9.113447343054695,0,1518,380,True,0.9134376116368013
paper_77b848ae10d9e563dd5f,T3_CLAIM,3652,9,3.904642557905526,10.691792327233093,3,1519,379,True,0.867002467604485
paper_8f30d3737dcb9bbdb72f,T3_CLAIM,6428,1,1.425004161221717,2.2168701948066536,4,1519,379,True,0.904813262942491
paper_3002a48c3ad4d8b7828e,T3_CLAIM,7672,1,6.193330139749003,8.072640953791714,2,1518,380,True,0.883571677390088
paper_f0d2d28c36b069584342,T3_CLAIM,8645,4,13.68299676575618,15.82764229699963,4,1519,379,True,0.904813262942491
paper_b7eb43a1714dfea51b3f,T3_CLAIM,9187,19,13.896743458899403,15.126530378686626,3,1519,379,True,0.867002467604485
paper_1fd71bfc1f86f56c22a7,T3_CLAIM,6752,12,9.287968711350747,13.755877830791981,0,1518,380,True,0.9134376116368013
paper_66116a16ae3b911d5b05,T3_CLAIM,13064,6,4.359248121572912,3.3368402645230493,4,1519,379,True,0.904813262942491
paper_5cfc2c0c149f395496b4,T3_CLAIM,9489,6,2.685490745370291,2.8301093322481727,3,1519,379,True,0.867002467604485
paper_b93c83b03100d6633e9c,T3_CLAIM,14644,5,6.584726245466688,4.49653526732224,2,1518,380,True,0.883571677390088
paper_867ec3d26341457e02ba,T3_CLAIM,5396,3,5.8819514186209485,10.90057712865261,4,1519,379,True,0.904813262942491
paper_72c3d3825d59c9aec77d,T3_CLAIM,10435,5,14.73702635092849,14.122689363611393,1,1518,380,True,0.9050359849756732
paper_19b61bfed1e7420aa0cb,T3_CLAIM,9493,3,11.319976973424653,11.924551746997421,1,1518,380,True,0.9050359849756732
paper_5429cedc04d3ff378b85,T3_CLAIM,7629,0,3.993583780435135,5.234740831609824,1,1518,380,True,0.9050359849756732
paper_8e8402c0398073de8559,T3_CLAIM,23657,12,6.401181402647856,2.7058297343906057,3,1519,379,True,0.867002467604485
paper_02f319b9296b69b461b6,T3_CLAIM,10802,5,9.237535860759484,8.551690298796041,4,1519,379,True,0.904813262942491
paper_46020a24db82d64c0fdd,T3_CLAIM,15644,4,6.4803901752917294,4.142412538539842,1,1518,380,True,0.9050359849756732
paper_6a0f9316896bfa4a79ca,T3_CLAIM,12036,5,6.284109084616062,5.221094287650433,2,1518,380,True,0.883571677390088
paper_44bc96df746b0dabdfc1,T3_CLAIM,11812,9,3.753379424334867,3.1775985644555256,1,1518,380,True,0.9050359849756732
paper_963a69cfb2dd14d59cfb,T3_CLAIM,7182,26,10.257955460143789,14.282867530136159,4,1519,379,True,0.904813262942491
paper_81b4e1ea1b99d3abd617,T3_CLAIM,12202,2,7.402267591680512,6.066437954171867,0,1518,380,True,0.9134376116368013
paper_ee64aac8ef87d6f48b75,T3_CLAIM,6487,0,5.258547613539865,8.106285823246285,0,1518,380,True,0.9134376116368013
paper_f6b2ad2555ee467dd60b,T3_CLAIM,12893,3,9.622780989569712,7.463570146257436,4,1519,379,True,0.904813262942491
paper_e66c066ad5b463fe5b2a,T3_CLAIM,4810,7,5.497833139610813,11.430006527257406,4,1519,379,True,0.904813262942491
paper_e301b3f95fcf8a4d6b67,T3_CLAIM,7779,15,8.732998508544721,11.226376794632626,2,1518,380,True,0.883571677390088
paper_413ce039d3aebe925dcf,T3_CLAIM,6503,7,9.707034841644367,14.927010366975805,0,1518,380,True,0.9134376116368013
paper_22199bce4c24d6d2a928,T3_CLAIM,14793,18,7.6461011688329075,5.168729242772194,4,1519,379,True,0.904813262942491
paper_875db547425c669c712f,T3_CLAIM,4935,12,6.289097595697531,12.743865442142921,1,1518,380,True,0.9050359849756732
paper_c49ccb174fbc496a5b58,T3_CLAIM,8631,7,5.0779317659180885,5.883364344708711,2,1518,380,True,0.883571677390088
paper_aa8deb9a1b3a3361460c,T3_CLAIM,10895,3,8.06448610472556,7.40200652108817,4,1519,379,True,0.904813262942491
paper_888d630bcdb565561a56,T3_CLAIM,6301,3,6.8368906100720945,10.85048501836549,1,1518,380,True,0.9050359849756732
paper_68cee94333b5ee318c5f,T3_CLAIM,8060,6,6.720965861791194,8.33866732232158,1,1518,380,True,0.9050359849756732
paper_dcbc25ed169266411117,T3_CLAIM,12068,1,4.284061042889777,3.549934573160239,2,1518,380,True,0.883571677390088
paper_236a6718ea5ce8ffeef7,T3_CLAIM,12472,3,9.853877271730754,7.9007996085076595,1,1518,380,True,0.9050359849756732
paper_a35f33cae0d6e49f66ae,T3_CLAIM,9920,6,9.236103370746367,9.31058807534916,2,1518,380,True,0.883571677390088
paper_d4ec7d296adf27d47a89,T3_CLAIM,13056,2,8.494434727380801,6.506154049770833,2,1518,380,True,0.883571677390088
paper_cdecdb9ab9b6752bd7af,T3_CLAIM,6676,4,8.058080641944825,12.07022265120555,3,1519,379,True,0.867002467604485
paper_b8fdab800af4bb90c853,T3_CLAIM,20709,5,7.7464865732498325,3.7406376808391677,4,1519,379,True,0.904813262942491
paper_063a8027d8086e50cb66,T3_CLAIM,8918,6,6.908287211527549,7.746453477828603,0,1518,380,True,0.9134376116368013
paper_226c3f8c333a117c19f2,T3_CLAIM,11890,0,6.427515796309157,5.405816481336549,3,1519,379,True,0.867002467604485
paper_4fe3a499c98362690104,T3_CLAIM,9509,12,6.093151214725134,6.407772862262209,2,1518,380,True,0.883571677390088
paper_1cbea91ab313b361da43,T3_CLAIM,11169,10,6.706079267131408,6.004189513055249,4,1519,379,True,0.904813262942491
paper_c4b7ebc0e7a6c69ed1b4,T3_CLAIM,5973,2,5.189658177589741,8.688528675020493,1,1518,380,True,0.9050359849756732
paper_a0cd7ea49cb2b30a2c1a,T3_CLAIM,9212,4,4.825489052166777,5.2382642772110035,4,1519,379,True,0.904813262942491
paper_4b66bda2db884ec62294,T3_CLAIM,7031,0,1.516943335737927,2.1575072333066805,4,1519,379,True,0.904813262942491
paper_9ecf94b62655b1c23adb,T3_CLAIM,10268,5,3.8691852945440153,3.768197598893665,0,1518,380,True,0.9134376116368013
paper_306ff3802cbee6d1de80,T3_CLAIM,20451,2,5.107132373118593,2.497253128511365,1,1518,380,True,0.9050359849756732
paper_afa3ea7d91650d4e3122,T3_CLAIM,10927,28,9.694893869577333,8.87242049014124,4,1519,379,True,0.904813262942491
paper_b8edc7930b5c5f8e22f4,T3_CLAIM,6971,22,5.45453581134658,7.824610258709769,3,1519,379,True,0.867002467604485
paper_d1d7ec8f7d9a53552398,T3_CLAIM,76,0,0.08692351156878357,11.437304153787313,3,1519,379,True,0.867002467604485
paper_2930896f3877aba4a97b,T3_CLAIM,8049,0,2.972383856167703,3.692861046301035,4,1519,379,True,0.904813262942491
paper_ffd162dab133003ee535,T3_CLAIM,10797,2,4.187608875776668,3.8784929848816034,2,1518,380,True,0.883571677390088
paper_ad8585d91ba78e04de86,T3_CLAIM,8358,1,4.393247615446097,5.256338376939576,4,1519,379,True,0.904813262942491
paper_4fe65207e54c7d9487ce,T3_CLAIM,12739,3,2.1981661977504543,1.725540621516959,2,1518,380,True,0.883571677390088
paper_290b6241221ab0ad2834,T3_CLAIM,9069,14,9.237689852283674,10.186007114658368,4,1519,379,True,0.904813262942491
paper_07fe87a51004b7c9efc0,T3_CLAIM,9936,2,12.124146337731455,12.20224067807111,4,1519,379,True,0.904813262942491
paper_00ce7fde2c30dd5b48ab,T3_CLAIM,4396,1,3.340099115521203,7.598041664060972,3,1519,379,True,0.867002467604485
paper_2c4e6e492f2def8cd020,T3_CLAIM,8582,2,7.355333071358085,8.570651446467123,3,1519,379,True,0.867002467604485
paper_0c9b21dc345f17575dc6,T3_CLAIM,9468,0,5.410613940390264,5.714632383175184,4,1519,379,True,0.904813262942491
paper_8ff54d2a19ffa09c6e44,T3_CLAIM,10117,11,6.588821032109795,6.5126233390429915,4,1519,379,True,0.904813262942491
paper_b97fd1a5935f47e10c77,T3_CLAIM,11913,1,4.051652786387963,3.4010348244673567,1,1518,380,True,0.9050359849756732
paper_297b7e0fb913db1e36c5,T3_CLAIM,7534,11,7.582152286658341,10.063913308545715,4,1519,379,True,0.904813262942491
paper_fcd41940e6c1c398ce6e,T3_CLAIM,7239,10,5.402118178382767,7.462519931458443,1,1518,380,True,0.9050359849756732
paper_a7dd1f40e84491df9e74,T3_CLAIM,11424,6,4.739232019264132,4.1484874118208435,1,1518,380,True,0.9050359849756732
paper_76110c5258cb6ce6f2eb,T3_CLAIM,15400,1,5.847607361844977,3.7971476375616735,4,1519,379,True,0.904813262942491
paper_c16d611f3d5d87df259d,T3_CLAIM,2620,1,4.897811406475945,18.693936665938722,1,1518,380,True,0.9050359849756732
paper_bf328a6639cdd954adfc,T3_CLAIM,13676,2,6.23452021721907,4.558730781821491,4,1519,379,True,0.904813262942491
paper_87be139223c2bd606a81,T3_CLAIM,9951,12,7.478160136780192,7.5149835562056,3,1519,379,True,0.867002467604485
paper_bd3299bd8d04dbc1f635,T3_CLAIM,11455,2,7.979597851732965,6.966039154721052,0,1518,380,True,0.9134376116368013
paper_bd62057c7302a0ba18e9,T3_CLAIM,2030,0,0.8843292453856502,4.356301701407143,1,1518,380,True,0.9050359849756732
paper_e0e569e36087955e0b06,T3_CLAIM,12874,0,4.77076488640655,3.7057362796384568,4,1519,379,True,0.904813262942491
paper_7f608eb4c9a32a33fe29,T3_CLAIM,3926,0,2.859531189528013,7.28357409456957,2,1518,380,True,0.883571677390088
paper_3ab1dc47ecf0c400d8e4,T3_CLAIM,17873,0,2.7945187007561096,1.5635420470856094,4,1519,379,True,0.904813262942491
paper_67ab53de6e75a2a2f118,T3_CLAIM,9171,14,9.58936228096415,10.456179567074637,2,1518,380,True,0.883571677390088
paper_bac4ffd70552c5c683a9,T3_CLAIM,9879,9,8.726269548594965,8.83315067172281,2,1518,380,True,0.883571677390088
paper_74e1a086c8cbbca52bb4,T3_CLAIM,4039,6,3.5877048004145844,8.882656104022244,0,1518,380,True,0.9134376116368013
paper_b8acb1bbd791cd562ab9,T3_CLAIM,14944,0,15.927871579379213,10.658372309541765,1,1518,380,True,0.9050359849756732
paper_1372d5c8a2a6b2f5439f,T3_CLAIM,19508,4,5.557516157925204,2.848839531435926,4,1519,379,True,0.904813262942491
paper_0e2dd7108794ac9b6f39,T3_CLAIM,7592,14,6.232840524484703,8.209747793051505,3,1519,379,True,0.867002467604485
paper_8691c723d50c80ac5bef,T3_CLAIM,15117,2,2.975522632861097,1.9683287906734783,4,1519,379,True,0.904813262942491
paper_3a1e1967948ef79e9bc4,T3_CLAIM,8831,0,1.8728138224936595,2.1207267834827985,1,1518,380,True,0.9050359849756732
paper_3b63921dc7b40442b746,T3_CLAIM,7782,1,1.7358130606690625,2.2305487800938866,1,1518,380,True,0.9050359849756732
paper_3215e9f1742562ad079b,T3_CLAIM,7426,4,9.462468430862604,12.74234908546001,4,1519,379,True,0.904813262942491
paper_e0fa65ab0b53e5bfe145,T3_CLAIM,7172,0,5.45086566723551,7.60020310545944,2,1518,380,True,0.883571677390088
paper_7282fd8c3a5c3092dc85,T3_CLAIM,11575,4,5.026001795594843,4.34211818193939,0,1518,380,True,0.9134376116368013
paper_734689d9ad881e3f05c6,T3_CLAIM,7925,17,6.662132256618546,8.40647603358807,0,1518,380,True,0.9134376116368013
paper_624171c350cd49226760,T3_CLAIM,11158,6,8.776306779467287,7.865483760053134,1,1518,380,True,0.9050359849756732
paper_f75c9e7cadf53309c341,T3_CLAIM,3859,3,5.096306847213112,13.20628879816821,2,1518,380,True,0.883571677390088
paper_11a21ed88cf7ce283fcd,T3_CLAIM,3160,4,4.546930401791747,14.389020258834643,3,1519,379,True,0.867002467604485
paper_3af5860f6f122a895eb2,T3_CLAIM,13383,2,8.025568581867688,5.996838214053417,3,1519,379,True,0.867002467604485
paper_d7ef6d1f8a7ff12329fb,T3_CLAIM,5432,0,4.662320909492324,8.583065002747283,2,1518,380,True,0.883571677390088
paper_1d8f5052e7c1595ffac3,T3_CLAIM,5482,4,5.655798378586164,10.317034619821532,2,1518,380,True,0.883571677390088
paper_bfc0c8414856513ea244,T3_CLAIM,8288,0,6.342207353930027,7.652277212753411,0,1518,380,True,0.9134376116368013
paper_23bcd664444706dea015,T3_CLAIM,15017,1,10.135809714071168,6.749556978138888,0,1518,380,True,0.9134376116368013
paper_a87575ab3689cf227d88,T3_CLAIM,14333,5,4.776354119993815,3.332417581799913,1,1518,380,True,0.9050359849756732
paper_d0057ec9692b59e85878,T3_CLAIM,12490,2,7.494894355921955,6.000716057583631,4,1519,379,True,0.904813262942491
paper_5e52456da510f403e89f,T3_CLAIM,7518,18,6.816430991130194,9.066814300519013,0,1518,380,True,0.9134376116368013
paper_ee17b77f49c39b4459ff,T3_CLAIM,6663,0,4.062709471130894,6.097417786478905,3,1519,379,True,0.867002467604485
paper_576d45aef8ed66b05849,T3_CLAIM,8312,0,5.482269646718207,6.595608333395339,4,1519,379,True,0.904813262942491
paper_e18ce688c48046a0792a,T3_CLAIM,7004,1,6.563041942607363,9.370419678194407,4,1519,379,True,0.904813262942491
paper_3509bf41340e8ee49296,T3_CLAIM,5540,2,2.9803758835326697,5.379739861972327,2,1518,380,True,0.883571677390088
paper_3f61f4ceb06e5ae14844,T3_CLAIM,7948,6,6.817048008966536,8.577060907104348,1,1518,380,True,0.9050359849756732
paper_5a2b4cc8b25bcc431e57,T3_CLAIM,8416,0,9.124881276533701,10.842301897021983,1,1518,380,True,0.9050359849756732
paper_39aa6a85d87b01ff395b,T3_CLAIM,7488,17,4.301496468839193,5.744519856889947,0,1518,380,True,0.9134376116368013
paper_1850d9d0595fc4db1d19,T3_CLAIM,10452,4,2.3315158815276615,2.2306887500264656,4,1519,379,True,0.904813262942491
paper_8d683bd872e36ab148f1,T3_CLAIM,19027,7,3.3407993922082797,1.7558203564451986,0,1518,380,True,0.9134376116368013
paper_75dbd75e4b029ba2987f,T3_CLAIM,23156,3,2.8941787631155647,1.2498612727222167,1,1518,380,True,0.9050359849756732
paper_aba23cbfef580e6ad9ba,T3_CLAIM,10420,3,7.714675689519935,7.4037194717081904,3,1519,379,True,0.867002467604485
paper_af8ba896d46f910daa80,T3_CLAIM,15520,23,7.711112511573665,4.968500329622207,3,1519,379,True,0.867002467604485
paper_3ff19035e37c12ecf2bc,T3_CLAIM,2802,1,3.6049707148251433,12.865705620360968,3,1519,379,True,0.867002467604485
paper_0475da2955b53fdb6606,T3_CLAIM,12971,3,8.877716539870313,6.844280733844972,0,1518,380,True,0.9134376116368013
paper_2175732ba55339f5c6f5,T3_CLAIM,7632,4,7.76189062905522,10.170192124024135,3,1519,379,True,0.867002467604485
paper_5e7136f9fee556336842,T3_CLAIM,9127,6,6.642633671757871,7.278003365572336,3,1519,379,True,0.867002467604485
paper_661b1867c0226471dae2,T3_CLAIM,8653,14,9.5729180940382,11.06312041377349,4,1519,379,True,0.904813262942491
paper_a179d968d5804bee3736,T3_CLAIM,13914,4,4.140665065307733,2.9758984226733745,1,1518,380,True,0.9050359849756732
paper_87938812c0715e3e4672,T3_CLAIM,14040,16,6.712346664458754,4.78087369263444,3,1519,379,True,0.867002467604485
paper_0c794859356c0884a5e4,T3_CLAIM,6789,0,4.8808196575001555,7.189305726174924,2,1518,380,True,0.883571677390088
paper_2c919dff8cd869413822,T3_CLAIM,11534,3,6.547686046023618,5.676856290986318,0,1518,380,True,0.9134376116368013
paper_50a3e9cfd92b2ecacf27,T3_CLAIM,11210,4,8.200788618541328,7.31560090860065,2,1518,380,True,0.883571677390088
paper_7485d66327d3f92e041b,T3_CLAIM,8365,7,9.811996779856498,11.729822809153015,2,1518,380,True,0.883571677390088
paper_9515fae066681a1ef008,T3_CLAIM,8214,3,9.16780490876716,11.161194191340588,0,1518,380,True,0.9134376116368013
paper_d79077e7e2e94142e92c,T3_CLAIM,14882,11,2.405289205253634,1.6162405625948353,3,1519,379,True,0.867002467604485
paper_9280239db1e4821bc6e9,T3_CLAIM,6296,6,5.023824835610933,7.979391416154594,4,1519,379,True,0.904813262942491
paper_a3c79491871022da9d5d,T3_CLAIM,11505,11,14.59943191466848,12.68964095147195,1,1518,380,True,0.9050359849756732
paper_ee445c79be8a00b91f8d,T3_CLAIM,7481,1,2.927388119915196,3.913097339814458,4,1519,379,True,0.904813262942491
paper_25e647536008b73b1056,T3_CLAIM,6385,6,6.210499855613229,9.72670298451563,0,1518,380,True,0.9134376116368013
paper_5d014d9e38e283a8350b,T3_CLAIM,11044,19,7.480371840889694,6.77324505694467,3,1519,379,True,0.867002467604485
paper_edc48722c1ed531a4bfd,T3_CLAIM,348,0,0.1633078074424305,4.692753087426165,2,1518,380,True,0.883571677390088
paper_3bd3c3fc9e9fb1b509ee,T3_CLAIM,8219,3,5.718464657828812,6.957616082040166,4,1519,379,True,0.904813262942491
paper_6df5777bf79bc1e2baf2,T3_CLAIM,7942,11,5.7745973691831765,7.270961180034218,3,1519,379,True,0.867002467604485
paper_155f03396b28757938db,T3_CLAIM,6592,11,4.126205106750578,6.259413086696871,0,1518,380,True,0.9134376116368013
paper_f29582b34f36217f5245,T3_CLAIM,10237,3,6.165918809559817,6.023169687955277,2,1518,380,True,0.883571677390088
paper_b4060e490d5e7ece7232,T3_CLAIM,17205,0,9.292888003018366,5.401271725090593,4,1519,379,True,0.904813262942491
paper_018b516e093119dd238f,T3_CLAIM,8840,18,7.099620728529653,8.03124516801997,0,1518,380,True,0.9134376116368013
paper_4dc2eadc3749a7660e20,T3_CLAIM,19096,2,4.979357447166235,2.607539509408376,1,1518,380,True,0.9050359849756732
paper_e4a601f09f52c66b0c2d,T3_CLAIM,15408,1,3.3893837921554093,2.19975583603025,1,1518,380,True,0.9050359849756732
paper_e5334460cd55c6892d27,T3_CLAIM,9134,7,4.053744906835467,4.438082884645793,3,1519,379,True,0.867002467604485
paper_b1137dddd2d1c3041dd4,T3_CLAIM,11932,1,3.0207161330903998,2.531609229877975,3,1519,379,True,0.867002467604485
paper_470a19bc15b33b925872,T3_CLAIM,3814,2,4.553973418317768,11.940150546192365,1,1518,380,True,0.9050359849756732
paper_0d0e2940e0e755570725,T3_CLAIM,6335,18,10.559400387768825,16.668351046201778,0,1518,380,True,0.9134376116368013
paper_e61f93a45b9dbd4173bb,T3_CLAIM,10061,11,8.817296605791226,8.76383719887807,2,1518,380,True,0.883571677390088
paper_f428a6fb981d833aa062,T3_CLAIM,12878,1,6.7445971616813996,5.237301725175803,0,1518,380,True,0.9134376116368013
paper_2ce6080bc78f6dc4bbee,T3_CLAIM,10162,9,7.682911107217185,7.560432107082449,3,1519,379,True,0.867002467604485
paper_4a1a84ef181c583b0c16,T3_CLAIM,10243,3,2.8653312907300217,2.7973555508445003,3,1519,379,True,0.867002467604485
paper_d0916bb0e72843b26dae,T3_CLAIM,7349,8,7.024726659191673,9.558751747437302,0,1518,380,True,0.9134376116368013
paper_be916dbf47bd1190bfac,T3_CLAIM,4342,1,2.322057169149295,5.347897671923756,1,1518,380,True,0.9050359849756732
paper_d83e0c5ca69ddb960c2d,T3_CLAIM,12618,0,7.669425497523697,6.078162543607305,2,1518,380,True,0.883571677390088
paper_77bb6698199bf1624c46,T3_CLAIM,7739,4,5.878420351541324,7.595839709964238,3,1519,379,True,0.867002467604485
paper_a91b6cdc70f66ae90058,T3_CLAIM,15729,8,5.712551428408494,3.6318592589538397,4,1519,379,True,0.904813262942491
paper_e66ace61c008f0ebbeae,T3_CLAIM,20481,1,3.312143219182153,1.61717846744893,3,1519,379,True,0.867002467604485
paper_31f1cb4fdb10b6110e78,T3_CLAIM,7995,2,3.962479176594265,4.95619659361384,1,1518,380,True,0.9050359849756732
paper_c384165a13e05f8ab24b,T3_CLAIM,8534,11,7.02207191025159,8.22834768016357,2,1518,380,True,0.883571677390088
paper_1a0a3e23f9a87b4f601d,T3_CLAIM,5201,9,6.274800655981689,12.064604222229743,2,1518,380,True,0.883571677390088
paper_3d161fef9d71e18b98ab,T3_CLAIM,18404,6,14.962094868253917,8.129805948844771,2,1518,380,True,0.883571677390088
paper_e15473cb8033ba3e230e,T3_CLAIM,14727,3,2.458590910290009,1.669444496699945,3,1519,379,True,0.867002467604485
paper_047f3d56832a59d32f3a,T3_CLAIM,17555,7,8.708626297480311,4.960766902580638,4,1519,379,True,0.904813262942491
paper_92a9eb1be5953f61da8b,T3_CLAIM,13974,22,9.396451629016555,6.724239036078829,0,1518,380,True,0.9134376116368013
paper_c6717e49ec3e5a60cde8,T3_CLAIM,5654,8,5.154942866692352,9.117337931893088,2,1518,380,True,0.883571677390088
paper_ba893a0b287fc0db68c1,T3_CLAIM,11906,3,5.563222936047381,4.6726213136631785,2,1518,380,True,0.883571677390088
paper_733dead659ca641cecf9,T3_CLAIM,7921,1,5.358064861631719,6.76437932285282,4,1519,379,True,0.904813262942491
paper_85c49445cc84be9508d8,T3_CLAIM,14993,7,1.828063020637282,1.2192776766739692,4,1519,379,True,0.904813262942491
paper_cb1e8b9fb74ebf9aab67,T3_CLAIM,6083,4,6.294578475649187,10.347819292535242,4,1519,379,True,0.904813262942491
paper_083453b34b1f4bf3a511,T3_CLAIM,14796,3,1.8439706163618126,1.2462629199525632,4,1519,379,True,0.904813262942491
paper_448268c4f609c1ce1787,T3_CLAIM,9015,2,3.3565627040197583,3.7233086012421057,0,1518,380,True,0.9134376116368013
paper_899264c07796c6d9aab5,T3_CLAIM,5830,4,6.948029344451781,11.917717571958459,0,1518,380,True,0.9134376116368013
paper_3cb5fc46313617ae9cf3,T3_CLAIM,5204,1,5.510256681519297,10.588502462565906,4,1519,379,True,0.904813262942491
paper_8af876bb4b710a9e6b04,T3_CLAIM,14405,0,12.178872151315124,8.454614475053887,3,1519,379,True,0.867002467604485
paper_c750381016e9d48f54f5,T3_CLAIM,12449,5,6.403116459231007,5.143478559909235,0,1518,380,True,0.9134376116368013
paper_1099000f012657a4a58c,T3_CLAIM,14868,1,10.181132227736713,6.847681078649928,4,1519,379,True,0.904813262942491
paper_5c211132f97e75987828,T3_CLAIM,5993,1,1.0995384940933892,1.8347046455754867,0,1518,380,True,0.9134376116368013
paper_3bdb77b817ab0e39e5e3,T3_CLAIM,11473,0,3.7278583517945942,3.249244619362498,4,1519,379,True,0.904813262942491
paper_98b22e436f52b6233975,T3_CLAIM,5064,16,7.764953673202624,15.333636795423823,2,1518,380,True,0.883571677390088
paper_344ec40420eed950c8fb,T3_CLAIM,15738,0,9.167767213069123,5.825242860000713,0,1518,380,True,0.9134376116368013
paper_af9e15e32ede3af8ebf7,T3_CLAIM,8590,15,5.226549405136834,6.084457980368841,1,1518,380,True,0.9050359849756732
paper_e50e8b978761f11e5df6,T3_CLAIM,17333,0,8.965052326962521,5.1722450394983674,0,1518,380,True,0.9134376116368013
paper_d50b8aede0d39091b0ee,T3_CLAIM,5748,13,9.416396768727042,16.38204030745832,1,1518,380,True,0.9050359849756732
paper_49853d61ac9e78b09d27,T3_CLAIM,11494,3,10.826313960233774,9.419100365611428,1,1518,380,True,0.9050359849756732
paper_a3dcf98fe3d5b5b73d1c,T3_CLAIM,13612,14,8.290250431146694,6.090398494818317,3,1519,379,True,0.867002467604485
paper_5fefae153331fd9cc0e9,T3_CLAIM,7102,3,1.7642358999658452,2.484139538110173,0,1518,380,True,0.9134376116368013
paper_303091be2da1043584f5,T3_CLAIM,10737,18,6.5878965908502725,6.135695809677071,0,1518,380,True,0.9134376116368013
paper_4a02daf09222671bb343,T3_CLAIM,8653,3,8.14569322834077,9.413721516630961,2,1518,380,True,0.883571677390088
paper_701c52df0bb116df7334,T3_CLAIM,12573,5,7.0570969502143335,5.612898234482091,0,1518,380,True,0.9134376116368013
paper_e2007791cc10c41715b8,T3_CLAIM,5648,5,5.644141550202875,9.99316846707308,4,1519,379,True,0.904813262942491
paper_4635a9cc7bbcd74bc882,T3_CLAIM,10792,1,5.610306223240946,5.198578783581307,1,1518,380,True,0.9050359849756732
paper_7cc40044e8e7c820958f,T3_CLAIM,2341,2,1.7349132415539594,7.410992061315504,1,1518,380,True,0.9050359849756732
paper_c332c59b62a7c6bc99db,T3_CLAIM,10971,2,3.4084682385385,3.106798139220217,0,1518,380,True,0.9134376116368013
paper_663c9861204cefb16aa6,T3_CLAIM,14066,1,1.5868181602738676,1.128123247741979,3,1519,379,True,0.867002467604485
paper_860747b92870ed8134b5,T3_CLAIM,11430,6,6.129889721277951,5.362983133226553,1,1518,380,True,0.9050359849756732
paper_58ff33777204f4c8bb8c,T3_CLAIM,4692,11,3.9865231482304724,8.496426147123769,2,1518,380,True,0.883571677390088
paper_60859c18d1b677dfeea1,T3_CLAIM,6633,21,8.171827526044838,12.319957072282284,0,1518,380,True,0.9134376116368013
paper_b9d4d7e56d125a28c869,T3_CLAIM,12315,9,11.373950772532423,9.235851216023079,1,1518,380,True,0.9050359849756732
paper_1effe763b7ff437e1fc9,T3_CLAIM,13431,1,4.243447454895116,3.15944267358731,0,1518,380,True,0.9134376116368013
paper_e9ac0d341bdc0d314ea1,T3_CLAIM,6364,7,3.842155879482711,6.03732853469942,1,1518,380,True,0.9050359849756732
paper_711883789f83c2f2a3b5,T3_CLAIM,5916,2,7.544816150383324,12.753238928977897,1,1518,380,True,0.9050359849756732
paper_60f2e60b844747fe802d,T3_CLAIM,12060,8,8.966104225349271,7.434580618034222,3,1519,379,True,0.867002467604485
