paper_id,split_score_sha256,split_ordinal,split_seed,train_or_eval
paper_86eceedcfd0d5b078898,0018ffe724d1f80c5f06fc0678edb5be032d621693ca5d2ebb2dec062b137936,1,20260812_SFT_SCALING_V1,train
paper_624527ca377befda900c,0064b1c8456ef55ee10f918a76d0e1575bc515251c51dec71a9ec91352735acf,2,20260812_SFT_SCALING_V1,train
paper_7282fd8c3a5c3092dc85,006e10d0a590ae94a95f50fdea72bc063c74b4703423f495f85e85650f075425,3,20260812_SFT_SCALING_V1,train
paper_b4dd9247e6ebd7246d8d,007bfe35ed5cc5fa54d02e9884e7428fa9652097727194d096a92233d9f701cb,4,20260812_SFT_SCALING_V1,train
paper_03cdba0d9cb94685678b,007e47ca6545caef85abc701010db840a5d76c4f83b0b968eb10bb9b34c778de,5,20260812_SFT_SCALING_V1,train
paper_6202a5d0ab54e3b90fed,00bc1aeb81e9e2d67668002d5a48929bf750ba2e0e369c5307f1abde7e22467a,6,20260812_SFT_SCALING_V1,train
paper_f9d3d9d540aa15aa3b2e,00cfade8bff41c3c91e54cd4b4adac62da095e1053a169aa9ba1f5b2ab6093f0,7,20260812_SFT_SCALING_V1,train
paper_050e0efec10ad1f0a9fe,00ec3690fe7e0109f787b09a7c987beb57d70243e97d2e980dd0eb17e3812b1c,8,20260812_SFT_SCALING_V1,train
paper_bd3299bd8d04dbc1f635,00f1e47aea0f28db37aa5974aacd59812c6b37b2468ef8fe1419fe3a74bae70b,9,20260812_SFT_SCALING_V1,train
paper_221f0c916ee0712cd55f,014d4b4c8903a6f07e73f24a0a9348eaab84be18f095c757f4af20cce221be5d,10,20260812_SFT_SCALING_V1,train
paper_5e4f95cfed598276c079,0152ca946e950c73c21bc7c3c5255af01ef755f529b33d0170313bb4b763adfa,11,20260812_SFT_SCALING_V1,train
paper_8bb002fe8cccfd64ca1e,0153a618a8890ebfce26515eecd42db3911a93eb72393d1a9b80e25a696e874d,12,20260812_SFT_SCALING_V1,train
paper_8e32e74457d3a767dfc5,0155dfddeaf881d751f8c4f612493c847a310594afd59f95fce48c87ecedd0dd,13,20260812_SFT_SCALING_V1,train
paper_c332c59b62a7c6bc99db,015bded4d4d00c903ec6faa433f3e08ab74db571293db06ac82a093467685ecd,14,20260812_SFT_SCALING_V1,train
paper_7d5aebf7dad543650e12,019d302491200b3e4e9ae22a4f42eb9c91b9b65d4b8ea64aa55dd474a47c2d11,15,20260812_SFT_SCALING_V1,train
paper_80b3fa91e229a224aefe,01ab4240b6eb78004641d72527373bfa13e0ae13e4394bcd650c473a3d91373d,16,20260812_SFT_SCALING_V1,train
paper_f381f9a0a52c01466fef,01b12f40f37f425f7343147ea632ed2e2e5fdd19ac69652033fa769684f15ca9,17,20260812_SFT_SCALING_V1,train
paper_a09a8082d3f2f6bb58f3,01d2bb8e9b34bc2fe61b7e3b34d6ef0accbd84c095727b06e368fd94ccf5ed57,18,20260812_SFT_SCALING_V1,train
paper_5ce355c8f4c399651bf5,0201d48cd69b67b123b4acd4acb5cc158350d8b36424b7a678cdf8196a58ef92,19,20260812_SFT_SCALING_V1,train
paper_bf59dfbde51b13c41d72,022b87031063baec344b65f9988b0d5a3fbb63fc34fd42777de354fbc484817b,20,20260812_SFT_SCALING_V1,train
paper_5dba6c69f7a50cc6e42d,023f4a34d94d6f839b8e85584fd0389be528f617d2596a3937277bcdc7fecca2,21,20260812_SFT_SCALING_V1,train
paper_513c448af01021af98d8,0244a4b47e31af2f1b02235caf000a89a549bd858381d4d48d55c3431b99eef6,22,20260812_SFT_SCALING_V1,train
paper_1f4567b736135e989979,0264a5df4ceeaa2c602f7b9f0d93ba31ab3bba9530a5a19a214a31c9d4742759,23,20260812_SFT_SCALING_V1,train
paper_92de99770ad153511885,029a1c046c72f707ba18a00df7e0f0a3f2449717828717fea5a85b765f68dcd9,24,20260812_SFT_SCALING_V1,train
paper_d1664d57746a7f6eaf35,02b1cafb05478c871214b35d2c562d64887aef03b75a8e98ed47272fa0bea3e7,25,20260812_SFT_SCALING_V1,train
paper_64b04c99ea635be83301,02b7a0aa172dcb06cd3d73ef28c50e5c065afa46315e4a89129cdb4f1020a5c7,26,20260812_SFT_SCALING_V1,train
paper_b364eda28e0dfc18ba5a,02dd00bae9ccf1e31ef348579f2df8219508e6a36e20e4bdc3639041c48754ea,27,20260812_SFT_SCALING_V1,train
paper_93cdac17023edefbaae6,02fa99b79685665d5c3ef3baab374e69b628de09b0c80a232fd6355f41f9d200,28,20260812_SFT_SCALING_V1,train
paper_51baf8f76a84b0eddc34,031788935d9113055ab6c15240a4ceec863880ab7662fdca1411e3b69ce2181f,29,20260812_SFT_SCALING_V1,train
paper_f601e8a12be51a3dd8e1,031c73db88f5aa5e1947af4b7157e9b3deee67ad10c9d703381122593b9c48d2,30,20260812_SFT_SCALING_V1,train
paper_875f2d35bea8cececdda,031d6d7a6a80b7dd000cf8c5c3b738fe7758f15a4540548dd26e5545c3da70cd,31,20260812_SFT_SCALING_V1,train
paper_4859ded345b5dbd2b97c,032f4921c410591631d1f27bf64cedf8667042f9073383cfbd125624ee67a1b4,32,20260812_SFT_SCALING_V1,train
paper_57070c9df2bbb7169952,033fcdac7e2913541a2a530a13223f762eabd9f755f9a9de5452f0f85ebc55de,33,20260812_SFT_SCALING_V1,train
paper_fd19685206cd80b2e8af,0389d7706f8ef70c03b1c94c427d5fd5db6cf89851fb347d54e7cd423fcb453b,34,20260812_SFT_SCALING_V1,train
paper_eb11ccf29d2707b726dd,03e892f51696add9ffb5e51fca37e957770caf9570d3f1d17c7a68a254c34b75,35,20260812_SFT_SCALING_V1,train
paper_09975f20216dae5ee14c,03eb4a6e5e81bfb2b62a0e234c0944d775c0f1e7033df951b6d0b811d6e8744c,36,20260812_SFT_SCALING_V1,train
paper_e1a9ba013944aad3196e,03f1669868f4bda8a9393a25e205d83410e21ea54a1d9850385e349f6782c9c1,37,20260812_SFT_SCALING_V1,train
paper_5ab28f5a2e15505dcc9f,044f2ea7a3c43cb42a3cf6af714d578653ca86ddeeb5e068b19ec1e57508eb8d,38,20260812_SFT_SCALING_V1,train
paper_be0e7d5b81995f9db5e7,045672a56a81d7265d794b5f97eed17129ae6631a91f892abdcee0bab4f04d27,39,20260812_SFT_SCALING_V1,train
paper_0f02388cc6596059d73d,046926127cff1e891235c1fd9f65c91ccbf51415412b88dd057d69c821f94765,40,20260812_SFT_SCALING_V1,train
paper_3385b1bb39a8e7617d18,046b3259c74d17064a36b52ebac450942e495294836f767ab07d1459f4d6867a,41,20260812_SFT_SCALING_V1,train
paper_47baea05186d61b02ef1,0495246bf3911f5948bd7d43f4ea935d6d5d9d179cdcbd2fd62fa34c569e7878,42,20260812_SFT_SCALING_V1,train
paper_1e65e9d0a8786fa0982f,04f0670b9465eb239b8d334dfd3c5e4d313de23ed920f36e8c2d2d6f255dbde1,43,20260812_SFT_SCALING_V1,train
paper_0962973634343215e4d9,051e03141ef9197f39171e94d94708e83593eb31ae36b46b0ed964167ef62af2,44,20260812_SFT_SCALING_V1,train
paper_083453b34b1f4bf3a511,0522fa2f3868f720fda437258e8ae44e91a23fd88165d1d5395c80852ca3c56b,45,20260812_SFT_SCALING_V1,train
paper_1a1142f66516739f76d7,052654f4072a004035b4fb12f53aeeda7ce60641034846dd2cd7ee4fab95b009,46,20260812_SFT_SCALING_V1,train
paper_9da2bc17ec9305bccac4,05337106df5e06fb4b9b8b644c34b539aedc2a036153313976fd35cd359e9a1d,47,20260812_SFT_SCALING_V1,train
paper_28b41abcd26dc4562ec3,055dbfbbec89efa18a962294b3af4ab03f9da8f0c0c236296ca4b932e5ccbad4,48,20260812_SFT_SCALING_V1,train
paper_c82a7cedff84b7d517ee,058f16b63e9d16ab219b24dc18c102dfa848293de2c2ddb13782d6b60737ac8c,49,20260812_SFT_SCALING_V1,train
paper_5a8aeef4f40fd0952056,05b475e8b972b7e6f1ef2b298b92c79ac2941ee64656df29d83b23a115ee040a,50,20260812_SFT_SCALING_V1,train
paper_7d409e51f42cd8ac656c,05c0a110a61030d7374c3634064ecf1d266d8107b5fa887e8721212771141119,51,20260812_SFT_SCALING_V1,train
paper_71f603e6d51c12630385,061ea8017f5f52cc5af349bb8b2812d48f17f81722116d19ac67298475133475,52,20260812_SFT_SCALING_V1,train
paper_c182b34bda7dc629ef5a,0629eec255c4ac5c1071b85e8bdee88ec5d32e0f5efd84ae6eda1a47b18195d6,53,20260812_SFT_SCALING_V1,train
paper_8691c723d50c80ac5bef,062c3b7113a1004ba2756fc9d52c3bab874f5b1472674c0904bdd86c4e63938f,54,20260812_SFT_SCALING_V1,train
paper_1d196ac13fa57b930414,0661ed9319dc5268fa4c0216608b2ed66c492ed980631135fa92ff227b74a77c,55,20260812_SFT_SCALING_V1,train
paper_1f775b57bd412a071844,06abb897622484fb41a2343da8a48c5a0688c83b6f7cb29d16e4bb97ace98976,56,20260812_SFT_SCALING_V1,train
paper_782ce051c047673034e3,06c60af9f95cad2fb803d063eaba244e5b5922747ed55a88c8761b543f23fec3,57,20260812_SFT_SCALING_V1,train
paper_1457112dc99c723c0947,06d3b8343f44d62e48755b7d521faac6795044bc2684b61d269b783f10c532cf,58,20260812_SFT_SCALING_V1,train
paper_36d7325ec81a4ba108e6,06d92ca7bcd5474352ce962537b5fcc6ecc5ab25c99747e531fc845152e88e60,59,20260812_SFT_SCALING_V1,train
paper_f30f6ee41d1bce340228,07100f9d0912af63c6632b5f86b9db1259f1c90e35267345a64c149185e1b868,60,20260812_SFT_SCALING_V1,train
paper_d553a2b751f8e5ef2e5f,0755a0e6b064e991576902e0a94b93669a9ac35867151665188088218b1c5000,61,20260812_SFT_SCALING_V1,train
paper_31b1f115b8cc596da7d4,0756f36c1cf6f585823df0e5736f222ca840219fa02722e126f4c9f7a6b36344,62,20260812_SFT_SCALING_V1,train
paper_af86becd1d44297317eb,076b9bf424afc3a0fec39d5657196a6a9f8afca3003d9f397d43b73c4203b11d,63,20260812_SFT_SCALING_V1,train
paper_624171c350cd49226760,07714600570fb7459af0e4b6c93b9ae9697de08fab6c419360d4b23ca649da1d,64,20260812_SFT_SCALING_V1,train
paper_d390a5f36458d70517fc,078b5b9d7b3e87580cb9a3d91ce9eb7c7d0048cd0dd7990dd118c2ae4405843c,65,20260812_SFT_SCALING_V1,train
paper_102cf81837ebd8524603,07a4d9b283d12377bf23d634e994b8665c827db4bae2bab669e65a15e3d48a5e,66,20260812_SFT_SCALING_V1,train
paper_ce1163eb5c6947b3d79a,07bd60ee617f727e6834847c25c956a33f3c28dad606aa11c438944722abf1e2,67,20260812_SFT_SCALING_V1,train
paper_a568110ddfe8b61d62ce,07c184e36b83205abab5b61e404d2fe3e34bc9882698e247e9970e41ebf0ba1e,68,20260812_SFT_SCALING_V1,train
paper_75d794e93419af346c95,07df61acea887307971a9854929428c5540b169098afe11b1bf67937e9cb9b4e,69,20260812_SFT_SCALING_V1,train
paper_950a799313e78c49d6cf,08030ac8dd63cc4116c319ce793687cd004f9207f89a4250d1d4d58ea9f5524b,70,20260812_SFT_SCALING_V1,train
paper_2f0372a1092eda59e322,083e8b693aa4741b43f32156bb54668cee202f3dd3994eb65fc275c26c6770a8,71,20260812_SFT_SCALING_V1,train
paper_a029fe615c3acdd6ae56,086e36ded6ebdb2c5d1ee6402e3b20af6be11c781e1b35623a5890fb2436db68,72,20260812_SFT_SCALING_V1,train
paper_b818e1ab3266976a8db9,0873acd75b66f6d0bd9d0c18807758e36ed517e3064ddbe4df9bd820c57cb03d,73,20260812_SFT_SCALING_V1,train
paper_a79382eb4ad67c8ce4d3,087a10daaff60e621e3e753d84bcac36c2284ba1e7c01cd103bfb1ef5dc52dd0,74,20260812_SFT_SCALING_V1,train
paper_c181c5958148c1d9e857,088acbfd1dbd7de0436aee03ad12885177142bf36b111e960f1aae17e8679e3d,75,20260812_SFT_SCALING_V1,train
paper_bd359ec88ae2f7b2171b,08da97eed975af9a56476040136d178e892f609e8aed25a066e1016c0645b72e,76,20260812_SFT_SCALING_V1,train
paper_7ba24873e76b8536a7d2,09105ed1a46bbb0e2d06c634161d31b8ffe2525b04af58e92888147b55c1937c,77,20260812_SFT_SCALING_V1,train
paper_7b8afc890a3e2f1390fe,091ac02682c2a2831d739fd99912ba025d63c1e20e22f9f2ed9c9b789618ed3d,78,20260812_SFT_SCALING_V1,train
paper_5a950095cd27f4047930,09b78de4986a1290608fd40560bc74d193602202cf83bbd20549cc318912083f,79,20260812_SFT_SCALING_V1,train
paper_b4d40141243bb11115d6,09ba33d08a09adeb7d174bcdcaf89ef9cf87fdd669f5b328618d513ebcec91bd,80,20260812_SFT_SCALING_V1,train
paper_4f264f36aaa27725d764,0a36d9503ccfde8728163f76dffa010de73308066003ea30134f2255bc5b6a1d,81,20260812_SFT_SCALING_V1,train
paper_a99200a23f30fc79e362,0a55fcf4f5da83ed5efda8ae69cc243e59555e4befc41fb64207cf3334a2cade,82,20260812_SFT_SCALING_V1,train
paper_dd66853710e061bf1743,0a5a876e616fcbaab46d25680ff797c5ef2ed809604bba2f232452a34144577f,83,20260812_SFT_SCALING_V1,train
paper_37dd9d9c13d5c83a27e8,0a5f47795a199975cdcea7eb578f296c4f66370f39cf859c4fda3491a8849c27,84,20260812_SFT_SCALING_V1,train
paper_67c313239cd572c2d80c,0a680aa1366f19fb485a347cf593eff928aae6c577d1c716b97a32446eb00373,85,20260812_SFT_SCALING_V1,train
paper_8313683e31ffdfb17404,0ab7f23840cbb5d4194009f83347b4bb29291f494d97b0561f3c65314ca6e544,86,20260812_SFT_SCALING_V1,train
paper_c24dcbeeaf0e0de9dae1,0ac03796ed175a998115e9720be876f062cec041f37ca77edb304f3e3b9b2a80,87,20260812_SFT_SCALING_V1,train
paper_1c6055e2b849d2598268,0b2e0b9bddb84cd193d9aed849df24efcf2792288c8364658d72d64731851b20,88,20260812_SFT_SCALING_V1,train
paper_6b4a43bf69d27125304c,0b3b18c7c3a82d349c32beb1a50b13f737b579bdc428924f25a3c6bea4492b5c,89,20260812_SFT_SCALING_V1,train
paper_8968c63f74386825585f,0b46ade1fa193533fac1018a91de6db0c083edbc0bf1d42b33d0b5c40efab597,90,20260812_SFT_SCALING_V1,train
paper_57ace56e0ada3222f3f0,0b6d99cfc898e006b497d0d5c8cc713bedb779456c0b760a3ddc97c52d7a851b,91,20260812_SFT_SCALING_V1,train
paper_b77b159f8f12131d26af,0b76644d327680d235d3e0a2ff4522067525ef1ce42bf4dce8d9ffa2f53ab0ca,92,20260812_SFT_SCALING_V1,train
paper_b77cf25cfcce558611e0,0ba58eb3c533fff5e53abf7f282f15d2fc79203d1540576679ae215bb96d432a,93,20260812_SFT_SCALING_V1,train
paper_303091be2da1043584f5,0babe91c1d5abfad888a7137a0a327fc7ce22651412965a9a76f64d4d92dd059,94,20260812_SFT_SCALING_V1,train
paper_6195f36858a7f96beff7,0c024ebe03314578637b39d02eb84c05c16ed8a51cd91b14a1348e300d15f77c,95,20260812_SFT_SCALING_V1,train
paper_ed51e9d5b91c7ad9308f,0c08c771633b782c682e82d889ae90565d093d39c859f06972aeb08eff7a8873,96,20260812_SFT_SCALING_V1,train
paper_aa476f4b57cf73cdac62,0c0fdd75b7dfdc544eed1b7e1debaa3121a6349561b3051ddf1c51673f0cb9d2,97,20260812_SFT_SCALING_V1,train
paper_57e0d2b061547e81fe80,0c21230e04b5cf06143172b8681867485eaf8098a216ad490bb44119b42822c3,98,20260812_SFT_SCALING_V1,train
paper_37a7e2db9bbcaed1144d,0c2ef0d41ddcd20a206a618e7b8b1ee5333065db8b157878dae47fc94d1a3945,99,20260812_SFT_SCALING_V1,train
paper_b6b0623f2398930e5f5f,0c339e137ec48df4662baadfa853648c0337f84eff55019474a3b59b97b09c89,100,20260812_SFT_SCALING_V1,train
paper_62a7126dee11cf247e69,0c3c0d24479f66d326bea966e65705f62854b03686279c4702b9cc6e2965faba,101,20260812_SFT_SCALING_V1,train
paper_3bafa4a79b7e89fc0a5e,0cccbbff524dd6e076f4e2db520e40f96ed554a76052a5951d59cd07cd3c1945,102,20260812_SFT_SCALING_V1,train
paper_36d630f627cf67853127,0cebd3e2ceffdd84a385704b0fdde97bf8a47b2a30f3f6f1494a633771590f18,103,20260812_SFT_SCALING_V1,train
paper_009e1ffb00faff097f0a,0d181b967b384f3442633ed46e7d3fb969caddee71a0d63ac3480b40ec03f7d1,104,20260812_SFT_SCALING_V1,train
paper_3fa14c53e2d79e3ad20a,0d31772c1703fd5eb909d69999669c4c592131343ad14e0830959072c393f47b,105,20260812_SFT_SCALING_V1,train
paper_b25069bc6310cf49e623,0d5361226d2583190efe9e589a29604ff6952e3dd934ccd41406d83bfc5b275e,106,20260812_SFT_SCALING_V1,train
paper_6cb01085fce48cd8b2e3,0d678b9a412997320b59158ec7fc71cdbd740e769bd51df988fcc2f7071db672,107,20260812_SFT_SCALING_V1,train
paper_829ea89148ab3b7af271,0db763e73c1e6b9e01bea9043e6ef9fbfbe10deb3ac96987b95b9d61998d46a8,108,20260812_SFT_SCALING_V1,train
paper_c9076bad50255c56eada,0de7407c047392442dd64263943b6672045e3ff48b5df859b6569ff56e68598d,109,20260812_SFT_SCALING_V1,train
paper_131f8159c96f54d575a2,0dee1a3ce4423c37d0e6fa1f83a4a05e4404a4fd318649e6a446fd3383bc0cdd,110,20260812_SFT_SCALING_V1,train
paper_36e100af2733ee6a2ae6,0e2398bf8377b73c9223c9e165d5a98d96e76bf6361a9c69805bc91be6c875af,111,20260812_SFT_SCALING_V1,train
paper_3d0a6d6a13c05010a8e5,0e30a6f66f9e183840161a31e50a446bdcbc937593aea4fcac1845b0225ad92e,112,20260812_SFT_SCALING_V1,train
paper_5e7136f9fee556336842,0e56274857bb2553511e115fbeb17de39506726c2eb304ab20b3bb17923e96c0,113,20260812_SFT_SCALING_V1,train
paper_4b85962af18143d5abdf,0e62f48e4e6c48135d3a53856f40b0cb6e862a29ad0686dd3efab2a0f5d1b6bd,114,20260812_SFT_SCALING_V1,train
paper_7485d66327d3f92e041b,0e6af1f649c231b66b37d5cc10a931709072790e15107e8f37a043d1d22e6883,115,20260812_SFT_SCALING_V1,train
paper_e8f10ce67050b81e5490,0e84967ebb88d6b5340a89a3b432faa2aa58e366335dfd80d86d8971c8c79169,116,20260812_SFT_SCALING_V1,train
paper_79a8dbc19ba88ba81a45,0ec2f2d4626f7dd47f74dfea0ebb8a0ab81363e2b41f99f4159ae97ed1fba21b,117,20260812_SFT_SCALING_V1,train
paper_d29c71e3e69f4f648307,0f05f50ba611e278a15031af6c6d0992708dc2aa1a1312826e91e610e2218fd4,118,20260812_SFT_SCALING_V1,train
paper_462564d91183c05007a4,0f167c8187e9153340c3f74def9120a087a3139d01bddc68b9f4af38dd1ab0e5,119,20260812_SFT_SCALING_V1,train
paper_2632347fc19d40ee9b79,0f213f6148cf3f95d62057b764685c1468b649293076b435980728e265254cd8,120,20260812_SFT_SCALING_V1,train
paper_bebe86220846e53f26f1,0f66058e7d28009de922f84692f1fa4f9a3237c12ef8f89c6d268b799c722427,121,20260812_SFT_SCALING_V1,train
paper_117c93c9f01087aa7a3e,0f6c4e7e07a5ffc0736b45f2be417783167ff1bd66d83585975bb7f12376fef8,122,20260812_SFT_SCALING_V1,train
paper_70eda2eb1a05bdfa7e19,0f6d02b5d70a88983938388cd7d505134c6c8f351e86afd85c08ba461e851244,123,20260812_SFT_SCALING_V1,train
paper_62ba056f9b96eb71a5ef,0f71528450f3b0b8d5096ec83f109a171cb3fbf673eb4ebfc977e5b6143220a1,124,20260812_SFT_SCALING_V1,train
paper_da44c61204fbe98bc3c1,0f81a12d7a46509d279762c85f335d940bce88505b64c63fe1e1290a24449436,125,20260812_SFT_SCALING_V1,train
paper_31cf168c71255530e973,0f9747ad12ca5843aa9ceec1d1b7f504490335e9abc535bc368330150819b889,126,20260812_SFT_SCALING_V1,train
paper_b2d1155ad3ce1f678145,0fc7b8607394c08d1bc020b6177d0a4771db5ec9c7342256004cd21497aa58ba,127,20260812_SFT_SCALING_V1,train
paper_471d115d1a36a551996f,0fe539db3106c6d83c1c7188f8560bc2837fd61bb89231c9ba535fb9605a672a,128,20260812_SFT_SCALING_V1,train
paper_46763484e876b1610d47,0ffa07b9f1ab909f4e53f828cebdf17cd3e65683db0e5a3a5bf08afed7ceb178,129,20260812_SFT_SCALING_V1,train
paper_daf019871d0aa3d39b39,100b391731ce65053c5aec2bddbb5d973932a6edd18c62fb56d521a8bd6dc09e,130,20260812_SFT_SCALING_V1,train
paper_c43d2e0914f15b4a70e7,1035c270611d2c594cfb8b7a0fda10c0d1edd8c0f806f2a0273a1e8ca4a2ef5a,131,20260812_SFT_SCALING_V1,train
paper_6a2566344144df787916,1037ee0392c1f1b5c6c6a55b9db7c18bebaf37684fb283bfb7a7c668be7cdf96,132,20260812_SFT_SCALING_V1,train
paper_b90f1d01f87532c03ee1,108fd69c7da77573f517f600ba311fbdb8dc3375583318cca6b527a3cc9c9af3,133,20260812_SFT_SCALING_V1,train
paper_c81ade03bd3dfa0f3621,109958f644cc71a4fd2d0e8a9e85d03194d7ffb9970c041b160dfd10d52a87fa,134,20260812_SFT_SCALING_V1,train
paper_d97c78f84fbbd25fd681,109a975cc270fa9fa45d59e45771b040516d1c7372439d13131e78c91ef8f86e,135,20260812_SFT_SCALING_V1,train
paper_3a30f676a58dc9a464f9,1132a7ec5eb04c4556d6db22ed89d95186490a10fa8486b6586728ce59a3e66d,136,20260812_SFT_SCALING_V1,train
paper_ce666477947bde040935,113a25a279172792c60d00cd958b6f0a344f923e3e7845b0647941f11b7709d5,137,20260812_SFT_SCALING_V1,train
paper_06d9e29054e6f8bf85d7,1176d05a885680d4f5604489815757fdfdcbaef53c045d7ecb9940477ad504d7,138,20260812_SFT_SCALING_V1,train
paper_963a69cfb2dd14d59cfb,118003922961bb85552ffb8696906cffb5eb3b3370649b77e252ae42883daf30,139,20260812_SFT_SCALING_V1,train
paper_c384165a13e05f8ab24b,11b3dfca817b2fcd9ab9324a1548c862b5ec56f1bf34fea520e7ab9ade1ec6e8,140,20260812_SFT_SCALING_V1,train
paper_23bcd664444706dea015,11ba6610becb3dec069ef56d5c67577fdba4ff64ef3c7c64092535ee918579d1,141,20260812_SFT_SCALING_V1,train
paper_73576f4bbe0b9bcc0958,11c9d7e64e38a79e958397b997266913e1879c646a2cb3d1a26f1f9e7157c322,142,20260812_SFT_SCALING_V1,train
paper_e52784c744c30f66d9a7,11e30d12e8f2f4750f16f5b97e66e48ea907e8e8bf12b94e8faf668d24c914fb,143,20260812_SFT_SCALING_V1,train
paper_00c3ff30718e77e98d96,12091d1a362ab020dedbe7c09fdb6b86328d746c33c68162410c4d27f5f5722c,144,20260812_SFT_SCALING_V1,train
paper_3ab1dc47ecf0c400d8e4,121f4d93f4aaad1caf974362992a12731f9947d15a3b0b721e38fa85a7866be8,145,20260812_SFT_SCALING_V1,train
paper_9d036f816105712cf14d,12284c1f56e0f7cb73c447038b6cf7ef41ce903a702d8b02280425d6004692ab,146,20260812_SFT_SCALING_V1,train
paper_94655eefd46272d6c61d,1252b6f1cb5fda2639504f05e48df549e3669fb0876b96d43d180e8d62d08784,147,20260812_SFT_SCALING_V1,train
paper_edceda0c326e8eb1ac2d,12821b9b54fbc09975e1f0eb2e2eb00521327f256ef5fe688d7e423d1fa835cd,148,20260812_SFT_SCALING_V1,train
paper_b93c83b03100d6633e9c,128d448f6987d79af5f1197c07606539266ffc45a9f98de98ca0411dd5a722a8,149,20260812_SFT_SCALING_V1,train
paper_25e647536008b73b1056,12910da9fd4ea8c515c9961369aece30c8dedcd61bc0f29a796e8c7f86845869,150,20260812_SFT_SCALING_V1,train
paper_c8ae2c8db4e9cbb06f0f,12c82536d916f8e376dc189588c58a9ccc745a169d938b49b3e930f44574df8b,151,20260812_SFT_SCALING_V1,train
paper_e2e0c362cc5cf9a852af,12db6eb39a4cacc4975f420ea809fd7b027a158795573f33afb8e4ff32b5f533,152,20260812_SFT_SCALING_V1,train
paper_7cab5ff6b0a1500077e4,1335baeee4c96a54e8e8f170cfbdc608170db2e47e8e5b7d0c4cb2b22481ac25,153,20260812_SFT_SCALING_V1,train
paper_fe3a5ab86b7888190097,13551d630b59a94eeab1b664b997cb6de399393998f815849155339680190ce7,154,20260812_SFT_SCALING_V1,train
paper_a389b43553e79e0d8400,13aaf78a9dd5982471983d35879890d6ab5b23248f803dc7a53c104ec15b2e6e,155,20260812_SFT_SCALING_V1,train
paper_290f6096e9f482df0c66,13b368c7706272e12859c99e363f203fd69dfb34e8553fa6707525fa143df343,156,20260812_SFT_SCALING_V1,train
paper_64dfa37a81a06fd96980,13e716ed0af6be7f52101c556d5217ac9db1ea7a8ae858e3be0b0c790962401b,157,20260812_SFT_SCALING_V1,train
paper_d79077e7e2e94142e92c,1405f82d19775b0a3d3d96b4093068fc2d9af5fae9469b8acb35d30a327b9c46,158,20260812_SFT_SCALING_V1,train
paper_d9a7caa927432b9a5d58,140c4d64947fbd2bf99941edb706e34c9aefa88994ff6eaad58230c069670e28,159,20260812_SFT_SCALING_V1,train
paper_601bc12e30c57fc9e58d,152a58e7e5b7f8031883d7a187d9ee8df2b9f34845075d8dbda0613976763aa6,160,20260812_SFT_SCALING_V1,train
paper_242e560e97cb6505f70f,155e5583e31c0d1a37d88cf91f76cb438270039533869ac710d519b6aa92809c,161,20260812_SFT_SCALING_V1,train
paper_67263ac32429edb026a5,157ce9c8130fe77403842b24c33c059e52c67a9337be69ea104c524a8ee80d98,162,20260812_SFT_SCALING_V1,train
paper_0e8628887f1d22aeb17d,15c5468abe261a1677109d7e0ebec7d443e2f13774893fd10ab526240b6185d4,163,20260812_SFT_SCALING_V1,train
paper_86eeefc59d1e191de737,15cedb2f0703c5656ecd31ccb67dd43386de6af09ce0c966fc18feb64faf897d,164,20260812_SFT_SCALING_V1,train
paper_77c64d4a9868be28d5b9,15d49453dc47bb4457bf64749336c5719344739da330a7758000dd8f869ea9f3,165,20260812_SFT_SCALING_V1,train
paper_d9833886b4d05e7f2e35,15d7e0210b87438810aa527759c8d4d620be279b86dd0f5c0f64cd22644b8ee0,166,20260812_SFT_SCALING_V1,train
paper_e0541593a359d8a87a28,1639f0aeb9fae672aeb8371ecc7739552963ed24859d409495cc6826a9bb0188,167,20260812_SFT_SCALING_V1,train
paper_80d6bc43930afa567587,163d5080a1e8733c74d8e342f962d667e9d5347a213571782a1bcbc9b3af0a5c,168,20260812_SFT_SCALING_V1,train
paper_fd846be4054cb8da1c75,16427de45646d714d3c2db1f993cbdbe3a2c4afacb5b49b38005f0dcdc3501ab,169,20260812_SFT_SCALING_V1,train
paper_41ca79d98776e33910af,165a72736b16bd2344077cd60b14810e46d3b32a465ebbe2b9f2ca918871d314,170,20260812_SFT_SCALING_V1,train
paper_604ab3e72068761d0f8c,1669f513107d85a46a228a615d12884ed617a896bc41f495c90416249c445fb3,171,20260812_SFT_SCALING_V1,train
paper_61dde0d2a2a09708c269,168a3b9f2a24a88a7e7e93b55da0f2cf2da8baefb0200d182f940ad3b116480a,172,20260812_SFT_SCALING_V1,train
paper_ccfcdd53b9fac7e46b8c,16aea187439b87a412d353a825672d551d8d4c98115cb03d6cd1d10d313a1c4e,173,20260812_SFT_SCALING_V1,train
paper_731b7c2ef2e17c9e721c,16b5e6e03db5248ea893f725cfe619e013a7dcbd1ac6885ceca428c3614123ef,174,20260812_SFT_SCALING_V1,train
paper_2fb2efaeb9b40547dbba,16c2d288a4760c92fd5a008fe7a76c11f8326eff5de9525087d0eaeb326e56aa,175,20260812_SFT_SCALING_V1,train
paper_c04deb4c3f4bb3dad1f0,16c3e178b2896f98fe43e5a500519646fee23b62d8164f75b9a8e26ec555ccd7,176,20260812_SFT_SCALING_V1,train
paper_c88fa716da4fb68afa81,16fe4d3610addbb97271146d4d4fa011b4c4e5ed2318b9281e9eb627062ab7a0,177,20260812_SFT_SCALING_V1,train
paper_f3afec6e13796b766325,17173d6fb70f2de6b5f8859542f193d5ad6ce9e0882dc61ba32d6631bc4338ef,178,20260812_SFT_SCALING_V1,train
paper_2e5b0db9629fafc6d581,172e1d67e739405c85ddfacba9eda8ef3bf51ef04ca1171070ee4d8759e112b0,179,20260812_SFT_SCALING_V1,train
paper_fe9da01c92833fdf2b4f,174b0dee32c627a68843d4ce77a0007e8c103fb056aff58230e4ab66e17e43ce,180,20260812_SFT_SCALING_V1,train
paper_cd7bd86e9372991efbcf,17b07c6f0b60935fbc39ee35dba1227516518013da024ffab4ccaaa572850720,181,20260812_SFT_SCALING_V1,train
paper_b36639ed4689d6f06a08,17b0bac0bac4b0ca22a03f0a456249cbb22a933eacfccd33d94f149d285f49af,182,20260812_SFT_SCALING_V1,train
paper_48bdcdab69ea39f7f2f1,17d1857456c684bc4b932516277f8e32e28e6162b9fb16a5f23164b1e988635c,183,20260812_SFT_SCALING_V1,train
paper_040aee36b3fa8790d5c8,17e7aed5ebfb9b1e80bc6b388178e81900e16a39dce3437a373e45273c0acba6,184,20260812_SFT_SCALING_V1,train
paper_3002a48c3ad4d8b7828e,181e5e1f756d90d9c4c1d5fb8e48eaaf10529a61ed009cff725548553a2d6129,185,20260812_SFT_SCALING_V1,train
paper_0c7faa8670b4eda51f88,18ad06aeb244cb05b8bc3447cbcfb415596827221418f0d5f455505af0741333,186,20260812_SFT_SCALING_V1,train
paper_188b3bda72749a082373,195b57e269258c126b00e6b65214aa3641b0d7a4a741a644fed7a21a5afe7453,187,20260812_SFT_SCALING_V1,train
paper_b0bb506c29582306cc25,19a08adbd6d810a30938f20945e38baea4caa628f35986b5f71fad7e4a376c66,188,20260812_SFT_SCALING_V1,train
paper_47d103fcb7d4e1006600,19b4541f449fded59f465e5ac1e24169ef260db2b353d82632af9b1ba8b5f6cf,189,20260812_SFT_SCALING_V1,train
paper_2b220ef4a7efc38da340,19d364dd3409de6460c6d46084ea7e4de0c669a7ba11c9a274379cdecadcaea8,190,20260812_SFT_SCALING_V1,train
paper_da2c1921900f7aaaf916,19ee01b8f8484aca31e24077fd34b4ee44e2aa11b410aa7993acb2ae43d6278c,191,20260812_SFT_SCALING_V1,train
paper_ca5062f04a73b5342113,19fce2deba8135004bd7e108b5c8b549e31dd09f727c5e266dbffdd715f59120,192,20260812_SFT_SCALING_V1,train
paper_2e5c90bb6a9fbde934cc,1a8faefcf753db98b8e72a4703d71f3d7f8587375aef15b85c19aaeb05739daf,193,20260812_SFT_SCALING_V1,train
paper_5cb8db5c0d334bb45ec9,1a929033c77081e2cdd70ad22ba9e94a2461b78a40ec7e5645aaaa423d8fc57d,194,20260812_SFT_SCALING_V1,train
paper_5a3d978656bfefcfcaa1,1aa54b79b95a82f9d20d3acbf0608d30b80f0b551b4a1fe89a073af4b9574df5,195,20260812_SFT_SCALING_V1,train
paper_b7d9162c8f850ea6bd88,1aa8b8ab3faef43a35e9c4ca9f8566ebdc6db264440bd14d89bb651666fb79e4,196,20260812_SFT_SCALING_V1,train
paper_c6ceea1dfa571f4e39a7,1aafdf043b3f410a3be904a6d293cba3ad48d14bf3a500cd710609fc3100b9db,197,20260812_SFT_SCALING_V1,train
paper_2de892b43090d26bac10,1ab0d2089a1228970323a899f964bc8b9269712206738f5b7870049b2e45a065,198,20260812_SFT_SCALING_V1,train
paper_e365b2946291c86625f8,1ad0b8e0e3e08fbcb760927c52b97db85ca3579c2f74c6705d92afab137f8d94,199,20260812_SFT_SCALING_V1,train
paper_ffb77e56b0c059fd6ad0,1b08bf499306e10aba787e35c02d1d072cdc55c025210cdd1290fc599abc59dd,200,20260812_SFT_SCALING_V1,train
paper_a462119ad795fec5ed0b,1b2bbd2b0da0b3b5777a49c7f2008eb83fe5eae6138ce5751b8bf82ba54f0343,201,20260812_SFT_SCALING_V1,train
paper_e3e5e74da4d406668197,1b3e183e751502a7c1b97715a1cc781962134df55cb845c8cc5b52d22f2e623f,202,20260812_SFT_SCALING_V1,train
paper_ac38b317c822295aa2fe,1b65e666c5a13ce19f177a35717010439ad4c097279301499265a6686e20ce4f,203,20260812_SFT_SCALING_V1,train
paper_2f4030b1e5c2b75fa04a,1b70ec93af630ab170b483df82a751cff84e80c290709ef82f0fe758d111a86b,204,20260812_SFT_SCALING_V1,train
paper_344dbfc5c5b168e02b55,1b7a83a7fbcda89bc60fa91fc34ce1aa836292cf742588daf16ae387aaaf7e10,205,20260812_SFT_SCALING_V1,train
paper_b2c27d42e1e30d194acc,1b81b7e2c00b3b7435bda779613b6885dd7104013211fca13b4031a107d6e95c,206,20260812_SFT_SCALING_V1,train
paper_3221ea8e544091c11728,1bc87c287521acde741ff9cef6dda92b19fb246e29de4ca41a6c615ccca9c9dd,207,20260812_SFT_SCALING_V1,train
paper_8af876bb4b710a9e6b04,1bc8bf989cc35e5797df67f2b435e332731af79bf1f9d2a4ac61b82a4a7187b6,208,20260812_SFT_SCALING_V1,train
paper_660368a4127cdf5bd6ee,1bfaa4f117cd000874c4e15ea6ef6e0f8a2dff03c989957c75e5b84d916a8cc5,209,20260812_SFT_SCALING_V1,train
paper_6dea042420858e16f3b7,1c37128ca9a4da2aa049b69269b10c8d06f2ab07eaaf6d0aaa73dc8f2e20af80,210,20260812_SFT_SCALING_V1,train
paper_bc441e9581da32646cbe,1c529cce1cc0210555dbfcc360c21a73beaba2c03165503dbd94ec17c8431ce5,211,20260812_SFT_SCALING_V1,train
paper_5402d0c9bc6929b9ebbf,1c853a52fef30b5c1719eaab6cc1d850afe87e3221271a8cbc82a3e082ae8d4b,212,20260812_SFT_SCALING_V1,train
paper_5072f1c6202eda6da90d,1cb499e9e9f79d2571824b8af57321320ff53e1e0f6ebcad8845e57c7993fae3,213,20260812_SFT_SCALING_V1,train
paper_e5e8bbddbeb6098efad0,1cdcdc234e23b63f8230771dc107344456b8528229b73dab38e2728f92416fb3,214,20260812_SFT_SCALING_V1,train
paper_d7752a4e96bba3ae0aa8,1d43042893d40be4b034957a8a52b13cdf458881adb5d28872851fbd044dc87c,215,20260812_SFT_SCALING_V1,train
paper_54c0115fc01170ba67ec,1d468ef5cf7593f2172e6a38eda3d3977749eb840eff5cfa259fd8042378e206,216,20260812_SFT_SCALING_V1,train
paper_61b3e2b332fc7c0c5fac,1da930cd23a197ac6fcb400754516a60f06d3ce4798bb6d756f0703f421a43b7,217,20260812_SFT_SCALING_V1,train
paper_6cf5f6f38da91c39d03f,1db9b65c42cebd2f0adaca1772cc12a6621a8671df409e2ea81dfe154808d41f,218,20260812_SFT_SCALING_V1,train
paper_fa6d8b29b5bd32048979,1df528108af6080dc984c392de1f4692de6727e481e220bf35e2edf901bb6428,219,20260812_SFT_SCALING_V1,train
paper_7aaade949bb14c05bfe7,1e0d4910cb1d5228173cbb01dece271f85f52d05d4d41c1e99e7fa641a4079d2,220,20260812_SFT_SCALING_V1,train
paper_a6d918b77d863d08418c,1eacc2e1fb4cb29ec739f551e037a287ce842a165cad27a6bcba6d54f5cfcf63,221,20260812_SFT_SCALING_V1,train
paper_2b7d8c45688607f3563c,1ecdd35af66806f6c7e4eb8e444394e6ea96aa6f33c67ead2020d885d911c696,222,20260812_SFT_SCALING_V1,train
paper_75d5824249e114a70cb6,1ee200a14a209b90ae6b61fc4595dc443f0e017093be19b4538c5246a02b355b,223,20260812_SFT_SCALING_V1,train
paper_92f7aa793df6f3d49324,1ef120fda271a295e725fd8e002d46bfabe815c91c1e1c3c728a0d66a89ba31a,224,20260812_SFT_SCALING_V1,train
paper_a1d177668f0455f920ff,1f1e2c361906c1935f3507eb022ad734e8abb9c41002993c173bc74e3e12e7b6,225,20260812_SFT_SCALING_V1,train
paper_b52a0c44b8cd5eb19780,1f24c2dc4d9f66591cdb3018fb635dd8c33e331ee798df253d5905d6c7fcbc2f,226,20260812_SFT_SCALING_V1,train
paper_1099000f012657a4a58c,1f3a78928ae9b7913613c105325a2e169c0727012f642b4cd9e64288985ab73c,227,20260812_SFT_SCALING_V1,train
paper_861b33b54fdd426c017c,1f5e9bad058284cee1bff7f2fe1ec4c9b5b0dd9ad75e329beb0b8f00a0334ef1,228,20260812_SFT_SCALING_V1,train
paper_d664bf3efe04a2cc2688,1f786ae5e8ee45236b9a3cbdcca19ec6f29f8be2b24340cd3c5f304a7cd0ccf6,229,20260812_SFT_SCALING_V1,train
paper_c6717e49ec3e5a60cde8,1f802ed0239f9e8bcea695ef5b356d2a4a4335c3443bf0d0d0d4522e7f49df8b,230,20260812_SFT_SCALING_V1,train
paper_065b61f3c3a2aa5dce46,1f81311491e69829b90a0f7b40bf39c6051f02dc25e7194d46225f0969b782a7,231,20260812_SFT_SCALING_V1,train
paper_2cf89ece81e90cd3f910,1fa6deb89b99ec5c8e10ce8441f73e8adfd8f59d91b3802a8135afde8d90a5f5,232,20260812_SFT_SCALING_V1,train
paper_cea263957c803c2be7ac,1fb1314be0722e7768c013f853277d02ee459b24c58ff8f2897295007ee267f3,233,20260812_SFT_SCALING_V1,train
paper_998e42a7a479e088704e,2042730f3d645e891088d6e58ff42a4bc47006f8da713d17dd70d4f5792b9a5a,234,20260812_SFT_SCALING_V1,train
paper_f58eacffb09f17790ad5,204b072e23f59332a9b3d22be72e62fd9a5bf1108a97352deefd30846e5c5396,235,20260812_SFT_SCALING_V1,train
paper_8b945006f5be45871ad5,206e3f09e6ed0cd53fd0c9993a55843d1fea4d8294a551656a0ffa2bdadbfc42,236,20260812_SFT_SCALING_V1,train
paper_97d1708d31f33264aac8,208022dfdd58960d99087f62013ea964ac104e880138091aee3fa9f768893e1c,237,20260812_SFT_SCALING_V1,train
paper_7ae0d732d9684142659c,20839f87d5d9fff78137f9267100cec9cf97cc7b35123234cfc8c405ea6762b1,238,20260812_SFT_SCALING_V1,train
paper_c72db62816eabd2bd52f,2094becc9c197b9a2ad930093cde9369d902c5966c54cfd6563e188645745f93,239,20260812_SFT_SCALING_V1,train
paper_7399735fd99f002b3d09,20b8db01bfdcabc971eece9fe93a1ef3b6adaf4d69282156bb7f598876f1d212,240,20260812_SFT_SCALING_V1,train
paper_50a3e9cfd92b2ecacf27,20d35c778cb2e99ba1bcdcf977e8788c21311eae6f39fa67d520558ab2e2c45b,241,20260812_SFT_SCALING_V1,train
paper_eee38bfe14fc10464a64,20efd051500ff7fb8cf7fc3a24f24ae5baccdcb08e31386ad510d094cac5b24b,242,20260812_SFT_SCALING_V1,train
paper_9638a9b9407457710066,2114210e32a110eb66acd5fe59b61ec9526084a33d228c7ac1220edd3df9147f,243,20260812_SFT_SCALING_V1,train
paper_84ae166a6d4c6be26c91,212cc540c73f9e07657ce38b051227aad723cdef4364298f3730714d1f53a36b,244,20260812_SFT_SCALING_V1,train
paper_11a21ed88cf7ce283fcd,219aa1b1a3b4e2034c520d34a43f674cc0f2ae7183311a4c756584cbd0ea0802,245,20260812_SFT_SCALING_V1,train
paper_506cd366d7f23427e5d4,21a4f3ce70ba0c8054ac5965cba415bd929feb4b99e540251eef909270f9d4a3,246,20260812_SFT_SCALING_V1,train
paper_22518db42557aa33c075,21c4850784ffd63cac7233665ed93b6e39830860520e166a990e6ee16dd30a0f,247,20260812_SFT_SCALING_V1,train
paper_da0ac833f07a1de644ea,21f95f64e4d5897d70980ec80a47aa8b24137aa7725cd1b9a51144d820e1f4b9,248,20260812_SFT_SCALING_V1,train
paper_76a1c8f58debef0e3cb6,21fa7a037456b2ccaf125fb53f328a22e4701b1e5c8d63566b5e841f6b68e9f0,249,20260812_SFT_SCALING_V1,train
paper_8f19b4cda93b876f475f,2231060b3b5cbea9074e12ecf8af00c030ea06812521fcd73934d5dba34facd5,250,20260812_SFT_SCALING_V1,train
paper_4fe3a499c98362690104,223b28f50fca5af646b88ca4951a6dc99258b3b5237a54de5117bd9c476d423d,251,20260812_SFT_SCALING_V1,train
paper_b98a5e3ea66600840019,2270b61eab768fabb1bff717b78f3b658f5e4af1049eb4e420a1fad1c61abec7,252,20260812_SFT_SCALING_V1,train
paper_2816bab6cf493c5dae75,2275af8ae0308b81d0ac595b2aff85f7f9d3a74b4f8dfb3ec883716620932e62,253,20260812_SFT_SCALING_V1,train
paper_6a3930f614a5b0685194,22a82772b87e5ee54d61b2225ea0a6cee0fe9243961d4916948f84a8cae29159,254,20260812_SFT_SCALING_V1,train
paper_f41784f6ad24d1bbcf21,22b0d0c36435cb1a6baf0e43616758001453524efab45d9641729e940a3c6340,255,20260812_SFT_SCALING_V1,train
paper_2f00f47594081b2b7cf2,22e82f5dd09e7a163f77471baa81adbf7c87ed30356a3375547a2b9a837b574d,256,20260812_SFT_SCALING_V1,train
paper_bfbee9103060405ddf4a,2302f0410acd86fe57d3dd18aceec94e76d4190d230b3c0a873f51363b6eb837,257,20260812_SFT_SCALING_V1,train
paper_cda09ee73200c86e8531,233246b196451a37652d0d0b307d113a22d51141b43bbe378e4d257239b7e196,258,20260812_SFT_SCALING_V1,train
paper_2d881cb8d1a1376b394c,235e2209093eb2301f260658a61db2455b7925b83e1432c91bce660233b37209,259,20260812_SFT_SCALING_V1,train
paper_7661703c927d0e9f12dc,23cfd0ec01643f56986c14be25979f41380734536d900d8d09879a24f2dec9f5,260,20260812_SFT_SCALING_V1,train
paper_19623e79243d0cf49b1e,24129990d310b9fb87c91756fe2be4e14d786a1e3524cf24978daa9df8747e8f,261,20260812_SFT_SCALING_V1,train
paper_4135aaa949a7342e60c0,24571933f0e69e854bd7629486d06888e67a0d5e5e762df420bf2d028b1daaa1,262,20260812_SFT_SCALING_V1,train
paper_cd61ecaf42eae829f8ef,2460e0420af90aea19a3f4d8aa1f9a2e95cc50ee74301fede1926930b9edbf8a,263,20260812_SFT_SCALING_V1,train
paper_366543203c025501ed60,24a6b02299b412e5da2552050000967dbac460bb5d2e250771b5319b7bdf7ee1,264,20260812_SFT_SCALING_V1,train
paper_fa3071671d8d8d7ea55e,24a82f78101f73fb80ddc93283c3ec0b98d9439b542216e302a7bb75be436b4e,265,20260812_SFT_SCALING_V1,train
paper_6989930cb7a4da8113ac,24c9c146c2c06c860f9e7437f5b89f081b954896467099896f98288288ecc3a4,266,20260812_SFT_SCALING_V1,train
paper_e39d02baf353eb3e35c5,24cdd9cf814d09fceb7cfd86d21feccde13f7ceef78d8847889209b06498ab84,267,20260812_SFT_SCALING_V1,train
paper_cdadb1e14bce744e6547,24d624cc89d9f64a7144abf3f3a1ded2b1a5c0c38ac19feeaafc3da48f531235,268,20260812_SFT_SCALING_V1,train
paper_369353ad961a699d2837,24fcd76a9b060932626048cf56f0a0eb831d5c169627ecf8705a397e9957b972,269,20260812_SFT_SCALING_V1,train
paper_aea223f0ad33690bdefb,24fdc88cbea1c5a7c04cc90111f61d98cd5830498a8b8e72231952961d763d1e,270,20260812_SFT_SCALING_V1,train
paper_39e9d11387f6c55d1652,25191b3e7712a09066d1c0dc2d15fad68ccfa39e66d19729a47ab65457da4b77,271,20260812_SFT_SCALING_V1,train
paper_56467e511c7c5531b99a,251dca4646cf38b4d5eeae9f8753cb1c4365d53d5b5e2ac853ffd54a21bff36d,272,20260812_SFT_SCALING_V1,train
paper_51ff80a848f0b02bf775,2545064382c55495fe2eab09324e1e18ec97ca20e448a25bd13dbae9ea13a175,273,20260812_SFT_SCALING_V1,train
paper_ef33c31cea19815c1c79,2549f6f2c9c21c7fa36dc0cdf35b00eb26c2d62e70db045baff3a449c1a69cfb,274,20260812_SFT_SCALING_V1,train
paper_67304a9245b9d6c41626,2594c6cc47740d800b8cc866d990d292e6cfeb73fb62ca22723fbf6e553179d6,275,20260812_SFT_SCALING_V1,train
paper_059fc5b9c39e4fc7ea23,25a51828eb140335ea02053d444f3bc21e41a96192fa2fbe3f2f52f03f3443b5,276,20260812_SFT_SCALING_V1,train
paper_c49ccb174fbc496a5b58,25bcb1f5b9da7020192ec3ba75f33ed7347366c382aedf8a0b84f62a2364adbc,277,20260812_SFT_SCALING_V1,train
paper_c15832fcb3eb74f0db4f,25d5c720c1750fc8992c65b058cea8ab44211bd1fe49f3f7b10c903cf7966511,278,20260812_SFT_SCALING_V1,train
paper_25f8891779281d552aed,25dd6ee003c2bf0639e400d8e4a5896d50eeaa08d6ace756acc35de2bb937f2e,279,20260812_SFT_SCALING_V1,train
paper_1428ea286bd49ce8c134,2639a3c810de2eff80f734a146454e1cd07cc11eebd974645ac9b7dc99c64bf0,280,20260812_SFT_SCALING_V1,train
paper_fe1498e316cb156a921e,26709c5b73cefb30781166f56bd0275fa2c9a699377d5caca9180577f7a171cc,281,20260812_SFT_SCALING_V1,train
paper_a7a15a187cddf7b367fc,2691446228bb3b1fa02665f62c776f60467c1a80539356bc458cbbd58971d526,282,20260812_SFT_SCALING_V1,train
paper_80a68f160df4694a78e4,26bb45cc0c204b7901c5c8844de7fc5ac107fcfaec134085df55d5ab23f81b1c,283,20260812_SFT_SCALING_V1,train
paper_54c941327d5770443b5b,26de919af3d89e8379a0e16d731cf6e1b83bc31b7e314fdcd93ba24db2c66d56,284,20260812_SFT_SCALING_V1,train
paper_a3eefdee2e6756587843,26fa616a439c6f0e65ca7f47908b5c4e55ae96a7fe5de46b6bbcb015d790dde7,285,20260812_SFT_SCALING_V1,train
paper_1b844234ac51fc5e241d,2710a89fad8b98d11e2fc5c4577790ede654ed03ac31b6350b6d44543316380a,286,20260812_SFT_SCALING_V1,train
paper_09a5a6b8d7c4de7c9081,2721fa3e1b12bb185faf5f9e2dd7af9c33723dae9a36369b97c586a68732a3ab,287,20260812_SFT_SCALING_V1,train
paper_cf6e681f23fb0fba0c64,2733418c1c0eeba1e5fe0899b32c4b2cc0e86ce9adbf586fa08bd314a58d75d2,288,20260812_SFT_SCALING_V1,train
paper_c16d611f3d5d87df259d,27a0eba7a4130bbec53811bb7d00e081494b09f84160276653dc97f9b442dde6,289,20260812_SFT_SCALING_V1,train
paper_4c38206e083c0aacbc47,27b4e763b0e9284c659f28f1cbcc82a83abef98ac63e2fb8bba4fb0e55a7b32d,290,20260812_SFT_SCALING_V1,train
paper_ecd6471e7031f96c6dd5,284a51fb08627e01af164f333a25bfa3eff357cc1085dcd94a09cb756850a768,291,20260812_SFT_SCALING_V1,train
paper_a51cb7e71e8b1382154c,287fa328e43416a852160db9cc0ddc4087ad3e4289f37503de2f7daa942b545e,292,20260812_SFT_SCALING_V1,train
paper_37194af53f35694697e8,28ca208c5fd5a11a2201dc2ebbd612c549648b881167c48a51234f7fdcef89d7,293,20260812_SFT_SCALING_V1,train
paper_34d89b2cd8b1d6aef44e,28f3c7442e9d151a96c103941c4b37bdb9d6ac23549df6c74565c5d6cdc329d9,294,20260812_SFT_SCALING_V1,train
paper_e57478bf8eb05ac918ba,2945a1d3b3e189db803250a671aedb0a5147d23af5074c00b4886820c969158d,295,20260812_SFT_SCALING_V1,train
paper_545b45f788f24062a345,29509afc4dffe7621b0f9ac3593dad3c8642b7d9e98174a65a36f815340110c6,296,20260812_SFT_SCALING_V1,train
paper_8c839b9120e4ee048bb7,2967fe1d9fd717c4557ca301b0a8b82c49f83c35dd73118c9e47ff8b350f8c39,297,20260812_SFT_SCALING_V1,train
paper_d1323c3c9ab5baa345f5,296ba020cf2439e3f7da9bca16cd734c8651a1989617335304ebdb2f6114699c,298,20260812_SFT_SCALING_V1,train
paper_4414623e6a5fc13f5979,29b0731eade44d2a5d632ec9b0c16e20501162592e7cac4ea11b59864cbb9d5d,299,20260812_SFT_SCALING_V1,train
paper_2e79e217cb83ee32a37b,29b5149ecc135a09ebd4889437dc0a4a2a2305c996760bb7a1e4e119ee79899d,300,20260812_SFT_SCALING_V1,train
paper_44c900579a80dc2c3e19,29c1876018b79124563cc8d73cce9312db8da2269b6ae0c77dcff2e724c9ba2f,301,20260812_SFT_SCALING_V1,train
paper_ff0c331a8a77ddf76be8,2a11dba2247d2fae634aedfb38632cba3f5d5c4ec7be3ac9e05d2dd8daa71b69,302,20260812_SFT_SCALING_V1,train
paper_4fdf48b1c1f6829863fa,2a397cd3448ee56051a2b33cf6c99adb06f8405aae42e1728bdb28529be9cdd6,303,20260812_SFT_SCALING_V1,train
paper_d873ca85f16991a1f582,2a7cc1802d561087b07de8b487aa45d38a4a5ecbb0b71a7a35f1e23b62f24ea6,304,20260812_SFT_SCALING_V1,train
paper_f046f3ee54ac53d2c6d6,2a94343233d4355480ec7efd0e17709fb3ca9977de1bb0b7dc952c684e1bd9ac,305,20260812_SFT_SCALING_V1,train
paper_5cfd274b7e7db8058b35,2ade835cc244d98e59fffd5961d2bc4af3331cbf2e4bbb711ec482617a016b7a,306,20260812_SFT_SCALING_V1,train
paper_30665dd11d87f523f8c5,2af272171fcb987e6381b2e53f0307c04e95caf95e52a6afaabbd9e525c75397,307,20260812_SFT_SCALING_V1,train
paper_abe7697bd530fa52a28f,2af7e614f9c209c4f5e8b6f6a16f3e32d03032412ab35af65bff9d3dc9e01023,308,20260812_SFT_SCALING_V1,train
paper_df4f5b6d769e24884e34,2b09aa8187955ea66a6a4c4731294c9a026f734ddd73fd4b74cdb0187df8a24f,309,20260812_SFT_SCALING_V1,train
paper_0c9b21dc345f17575dc6,2b59d4eea9dc3014a6cf424c987ce20e1f23bc44a157e38c3715da1f56c491b3,310,20260812_SFT_SCALING_V1,train
paper_d744c0f7280272110b1c,2b5c4371c3e4481d6bd8c80828d8b5df80dd0f884c157fa2024a78073cecdb43,311,20260812_SFT_SCALING_V1,train
paper_3fd6b65e358d7c3c8e29,2b6612cdc73a890473698663cd99bba3870df7276ee6f7c8874773c05e6a49f2,312,20260812_SFT_SCALING_V1,train
paper_316995de6816ef27d70d,2ba26eea2f98f098cd6572b7828f642be619bcf8f9c1a4c72a91bb11f61b0f88,313,20260812_SFT_SCALING_V1,train
paper_6eb1ce358f2c588ab75b,2bc5cac0c6fd7501a9adf7833818002317e7fb2a89e6e25c26dcfb6e3046c72f,314,20260812_SFT_SCALING_V1,train
paper_e67419316565cb79b105,2be2101c31c09a7d34027de236312ee06b98a11110ecb2d2b17879b2718b9970,315,20260812_SFT_SCALING_V1,train
paper_71d95dc9a2f9d34f71ae,2c0ab208d7b3975855b666d189b1030c5b7291f123f5ea19842af37232119984,316,20260812_SFT_SCALING_V1,train
paper_a1bff7fefde21c114512,2c0cd1225fea3cce2ecf838397e1701c66525491423cd1367b735364546d6266,317,20260812_SFT_SCALING_V1,train
paper_acef42607abe11ef888b,2c4ab851f49d5579a82559d71dfbc12212f167d902863b4114f35176c371358c,318,20260812_SFT_SCALING_V1,train
paper_5bfff58e2d219b2f51ec,2c53baf486c164d801d91e97d26da1eb3890e7dba3d39202d6b9bc53f010b02e,319,20260812_SFT_SCALING_V1,train
paper_0b034a0d6b0a5bf01d4d,2cb053969ed49de7a8d61d24b1a1a55de6fd056c7ce855807f42068154528b80,320,20260812_SFT_SCALING_V1,train
paper_4dc2eadc3749a7660e20,2cc8c73b4af9f49541964cf494d8e6781b0c8c120b55b91b4cf9a460f46bad08,321,20260812_SFT_SCALING_V1,train
paper_fb949e10b7dc40498014,2cda7a916ec7af124eebbaf73ba80dfbe08971176d078a03e0ce33f5240b0fd2,322,20260812_SFT_SCALING_V1,train
paper_c2ac44375b1d92f4f814,2cdf79674e8743b2522093c301d93a6a75035154573efba233cdab151e435417,323,20260812_SFT_SCALING_V1,train
paper_ed1226d165d2ad665a0d,2cf7eb69160253101bec4943450d659764eda00fb08dc0e256d85a587d13e9a1,324,20260812_SFT_SCALING_V1,train
paper_a26f7bca44a5957af749,2cfed24819894a26114b070b7a38d9b594270db91c510c1d9433f2f5f1ad634e,325,20260812_SFT_SCALING_V1,train
paper_89ea92aa5842a2c088a5,2d2f025147c78762be37924817df66b064e8b7124012b269273ce2e465a20e61,326,20260812_SFT_SCALING_V1,train
paper_09b9fe96046cdf192d6b,2d3379821a4951092d09345c6976656fd2ed16f8800b20624685391849c47607,327,20260812_SFT_SCALING_V1,train
paper_8a5acc89d7b1cbb5da6a,2d383aeaddc14ebf1e3cbfcdf448ce893cac11faace96419159c7a2eabf7b881,328,20260812_SFT_SCALING_V1,train
paper_2cdf2c4c1a28280b7e7e,2d478abaf5cbd08ae42fdd3e9251452828e88dd7e8623215889aaa18e13a2a3f,329,20260812_SFT_SCALING_V1,train
paper_cbd6f37a37686d0e5adc,2d5624d0eb8a64975e483384f9ab126faf3b12b1e8350349589a8dd1f3ecb314,330,20260812_SFT_SCALING_V1,train
paper_229253424b5d6f2ab1ff,2d8bada3d063bbbfb88e6d36ea60158ddf56c58b85dfaf5da4b785840c57aad3,331,20260812_SFT_SCALING_V1,train
paper_7cf0443fbef6f4ce3e58,2df6c4277f04e67dfdfe8798f40b56a810a1926608660b8a785c188481af5254,332,20260812_SFT_SCALING_V1,train
paper_5d18114bbf040e836670,2e36dba75a79182001a3b783f5066a10e26f24ee2cfbd58632afd250c038b6cc,333,20260812_SFT_SCALING_V1,train
paper_d2f66cb7f0e060f71b02,2e66be1ad88421702c8ae03e6da4e434fcc3cc759a94b5edd3c10108cc34588e,334,20260812_SFT_SCALING_V1,train
paper_011f61f82937545da1fe,2e893021f4a0677a33b2611d7dc56689cad13a906bc2048ccd09d92d1bf44dc0,335,20260812_SFT_SCALING_V1,train
paper_1c21e07003a6a2ace85f,2e8b1825b790433eff0a26618a85d7a656f2dda4576597b47763bb2f578b3865,336,20260812_SFT_SCALING_V1,train
paper_896904b4e70b64dfb974,2eade73b38d813d275fdb7c3d74e03ff17543a819c4dd51ba9a73f00ae4271fb,337,20260812_SFT_SCALING_V1,train
paper_8895ea6c90c08e015ed4,2ed52f0243cd7acafb1bae557e89881cb7b25cd1247454cdc5b5c6e539cfde85,338,20260812_SFT_SCALING_V1,train
paper_e4a88ba35e52ed489087,2ee497b6f4de44828fcd146ef5cf385a280b3990b4743a61109caf72b2ad2568,339,20260812_SFT_SCALING_V1,train
paper_105b9b987c104bf5cb6f,2ef8f46143f69c54486d2f33627f854a93ae8e0c57a6848b94f1e7545d0ce9c1,340,20260812_SFT_SCALING_V1,train
paper_2d26b54a49fc7f24b94d,2fa081b3fa277330b5836677621043a75379e1bd1cf387b4e2e7b2a1033b4e3a,341,20260812_SFT_SCALING_V1,train
paper_88185f5d588e4f96f362,2fa55c770d091065e811970aebf572ccd604dcb17f2f948b39c3f0d120a0e8a9,342,20260812_SFT_SCALING_V1,train
paper_a8f5bd84ab7ed289a528,2fd9b76b8679fa0cdadfb50e7f98ff474bec98e360d30f9c57e3b5396c2f371a,343,20260812_SFT_SCALING_V1,train
paper_b9c2648598a28dbc45e5,2fffa068ac492feb6e279c7f53d025ba42d42f4984306af88ad15f697b6d40fa,344,20260812_SFT_SCALING_V1,train
paper_ddc1627042a99d4c0665,301659daf6b805912be8a475727a70e7de1ca40dc021ff1fd55845f5d4fd6a36,345,20260812_SFT_SCALING_V1,train
paper_b8ddd96d66bc3769a35d,3016a3614d384676b996c998bc0b0c98a63a347b90203b8980b611bfa5e74f92,346,20260812_SFT_SCALING_V1,train
paper_8d1b156790f21393b4e1,3048cc3dd6045ed974cbe9ee3e2d9026269c916c91a0ada1945aff6892631d70,347,20260812_SFT_SCALING_V1,train
paper_48bccddb5fea3ee0728e,305704c62bbd450a15d166c922f8d5037f7d57a96cae084df143bf23770c2603,348,20260812_SFT_SCALING_V1,train
paper_81aa2b919d1c92a07a7d,306f8f71807acf7f6e36312008a8bc276fc6e17799009c6d3ef3258a5be1abba,349,20260812_SFT_SCALING_V1,train
paper_6482013036e9e86dec50,307383e9505ec16ad2b5938262ffff4c28769330da54c063b57986f3d0fb9aea,350,20260812_SFT_SCALING_V1,train
paper_df08dd2519074eefbb90,307bfdc3a0ec53405f5cd78fe579ff3569075d1c41374225f4637b1e84c0fb35,351,20260812_SFT_SCALING_V1,train
paper_824b40fcf4f4c73b8a38,3086d99bfbb5594ad460bf1119286c5a98409cb3eecc723876a1bc2b4032df3b,352,20260812_SFT_SCALING_V1,train
paper_cdd128adfb5f643d39be,3099aff831da96e9077175564759cf1d7b4f3381104a1b6abc0f8e3bd404400e,353,20260812_SFT_SCALING_V1,train
paper_3b2abe7e7bc9f7b43e93,30ac6fc91adf65d99413412194be4cd5a86a00ad547edce1d176ef2c07b33273,354,20260812_SFT_SCALING_V1,train
paper_029eab9034ce84cdbecb,30b3cd2297ab3f053372e936de8a3517604dad9fd901d1275481847263323dbf,355,20260812_SFT_SCALING_V1,train
paper_fcaf441cb221e2b6404c,30be5f9b285b2abc8bdfdc91b125526579e1f5f012bb17c05533db2933ab327b,356,20260812_SFT_SCALING_V1,train
paper_dc0c386d86694de2da69,3101fcc62e23704f1369c0ee14880648cde546f0c938ad35b93399a8f9e58b60,357,20260812_SFT_SCALING_V1,train
paper_1372d5c8a2a6b2f5439f,3120669eb9a64d881f3962d10ab20cdc81194def52bc7688838c3b298ca5128a,358,20260812_SFT_SCALING_V1,train
paper_a6c7c43c9bb00b33965a,31574ad9555855947a6ab1c09cbc25f77d6e44e4dc1bb7dc05f9f6a9db86011a,359,20260812_SFT_SCALING_V1,train
paper_cebee2fe81ebbe1a3c48,3196e789807b3b29133ab1782c8221bad8d7b9bee82e23a7ec764a5ef535065c,360,20260812_SFT_SCALING_V1,train
paper_258756920680bd1f8b41,31ca4fb8e98f5a391fe10a8b2abc719a86858a013885f9fd3e737ad678d42211,361,20260812_SFT_SCALING_V1,train
paper_fd4f44b26db058b07e2e,31cfaccea14e4b3206c893d4c3b5e674f0407f82bc2db039ff9dcdcc4f6c02ce,362,20260812_SFT_SCALING_V1,train
paper_220a124e6cb07f9f4a46,31e344e3e46a87f5f6e70c4f3056c649962667d1a10269f0ee974f8aa381521e,363,20260812_SFT_SCALING_V1,train
paper_1b1cf979f0bda259ce7d,31f3a4fc0afc067a47ffdb22ac8e04598261bb0d50c817e3ed0d9569e329c4af,364,20260812_SFT_SCALING_V1,train
paper_c12924d3071f576e0c31,3210b11094055553671f5a06ce869e248560d6a81a141bcd9e182c4270c0a4b7,365,20260812_SFT_SCALING_V1,train
paper_3c8fc2365c64f7a1a9f8,32322c4aabdf78d423fde37372a7e3d5698201b2f503aada6510bfd2ca004e8f,366,20260812_SFT_SCALING_V1,train
paper_b5bada64764fec60bada,325f9ee2f2e7925eadceda27a254273927ae08de449918813144e6d2dd08ff3b,367,20260812_SFT_SCALING_V1,train
paper_6dc8fab0b2f8787538a0,3268976c2acee739be38cb9b8c680b91a1a54bee637388043887b3b71fcd0d90,368,20260812_SFT_SCALING_V1,train
paper_cd2731529183196f2bcf,326f5cf8bb2e007f088d5a5710e2303dd691d8435fe44cc9405c3ec8c5233b30,369,20260812_SFT_SCALING_V1,train
paper_ff9bcddc9e61e49488cd,329204cf0ca9b303bcd21813d139c5f13b695fce11874b016475032fe9dac197,370,20260812_SFT_SCALING_V1,train
paper_2a0c54eb288d2bd6107c,32c66d9d931bcf143bdd3216648decadbef083e070f417e4f2dc304b59657a55,371,20260812_SFT_SCALING_V1,train
paper_ac4d2f9b1c56feb41b26,32df6a0423be129f12edd3b5c33d061171e7125df0dc02a48579712c0b7d16ed,372,20260812_SFT_SCALING_V1,train
paper_9229ac9cd28f9c9cac4e,32e0578e1be4c663c58afd7ab333b910107c85999699e6b8a8ea99e1ca99a74b,373,20260812_SFT_SCALING_V1,train
paper_65a1f093c8c0135bc3bf,32e0fed4c72597751b5db27e542421b7189f41622425230d65247726f163db13,374,20260812_SFT_SCALING_V1,train
paper_40ad1ca31f69049b9c34,32e4d62b953619cbd362916220d957e2dd1720e8a3a50ddb6a0a7d35a96a735d,375,20260812_SFT_SCALING_V1,train
paper_2731ed413ed15eaf8736,330dc2e29e79d13330dea46aab881fdef1a471ac22fa1aa3646ecb09ab1d9b77,376,20260812_SFT_SCALING_V1,train
paper_59c8c60a6758aa8e98da,334341a4980bdf558c8fbc0d41e21ba67c4a9b3b3f0af42d9ab16ab8c32b8430,377,20260812_SFT_SCALING_V1,train
paper_e8b66608c3d839cf37e7,3347b798461bac1e34de72c3e8d7d4ae0332922e7d51e1043ad692c40b51ab76,378,20260812_SFT_SCALING_V1,train
paper_8b46e4cd6754ee0428f9,335053228f3bfea7a616d2ba6f1073eba4ef4eac2e2f9557187f25c90e57dc13,379,20260812_SFT_SCALING_V1,train
paper_3136da065ab0bd3a0bbd,335faec374135c2a9e0fb722fbf0a83b21ef2760f37b9e5e9a24d04daf1d1bf8,380,20260812_SFT_SCALING_V1,train
paper_cf6b5a4b3b503636aee2,3360c5d83b626720ec78b687aeca29c068ff8bc281dc1fe335c91d2e4c03ccd0,381,20260812_SFT_SCALING_V1,train
paper_a7dac2e3bae1747435ba,337f2bafed39d8028c270c2e7729b0e8998920cef871ecceae5cdccc9d7025da,382,20260812_SFT_SCALING_V1,train
paper_aaafd1cf52290be1e187,339f909a02eb759592873d4fd8b95d80cd56a02c5fd9ec097cd3a52db6f67dad,383,20260812_SFT_SCALING_V1,train
paper_c2c1d5f2b1e1dce72557,33c2ffc5951c7af16191541c865989222fda6dab3973dbf128b6a132f2f0c038,384,20260812_SFT_SCALING_V1,train
paper_885e837f21bcf28ca60b,33eaa8c1969b582a612076066857a5d9a997277c57e2f6bf2db4dd926988a581,385,20260812_SFT_SCALING_V1,train
paper_fdf78c67293a210ce070,33f11467c9e19f89ccbed5aa377bdb40f0a0c0082c75c0a1b9de70ac4b23f6ae,386,20260812_SFT_SCALING_V1,train
paper_18d798cf5baa417ae2fb,3424c0db152435771b6255e359399e0a6f06612ca88f740db328d8f2c3ea28d3,387,20260812_SFT_SCALING_V1,train
paper_95dcaf89d1fe9835f278,34490c287866b28e975a4a6918bae70405e4753194b7974f22ef9db5e5455dec,388,20260812_SFT_SCALING_V1,train
paper_1f58aa11b681339dc396,348b7825da230449af0fed0825628b9ddee12be7a9a579df4b496f36121f8a35,389,20260812_SFT_SCALING_V1,train
paper_87c65faf0be682cf13b8,3492b87a25516147010fa4660b429f0c28f84f3c0538d987a54aabf8a979627e,390,20260812_SFT_SCALING_V1,train
paper_8378092c91046db513a1,3496daf335732a5be4f69cb46e980a25787e76efd08b5c2192e4af5d0822e5ec,391,20260812_SFT_SCALING_V1,train
paper_4504bb0b1f6752d2176c,34ab05aa9741c755e76c5153f16ff3918bbf0e214426d014405c60d4d3308321,392,20260812_SFT_SCALING_V1,train
paper_80824adaef46809e108f,34b675f5eb24be98d09617db5544aeb0e04501c0d985dd101d4dbace8ab44860,393,20260812_SFT_SCALING_V1,train
paper_5bca1bd05633e9cb1ac3,34b7dabbb559f76fc8f3628158946bcf337fa9601586ebdf6132ebd18ac46ec6,394,20260812_SFT_SCALING_V1,train
paper_c74f3cfca89318a59f19,34bcd0b6aca6c8ddfded95d372bc1b30c63e39296d8e83ec105389f610e4a83c,395,20260812_SFT_SCALING_V1,train
paper_eadbe456d02d8029883b,34f7f4318473c4032be4500e9fd1aa36ee6636cfbe0f31d27d4e9e33cbe66a47,396,20260812_SFT_SCALING_V1,train
paper_3d69b6ca8bac023a2e37,3519fc1881be30c6ddb23c8fedecb5b4f26c26d074af13074d568b1cd9d90ff7,397,20260812_SFT_SCALING_V1,train
paper_347a5b1658801d734112,352918110cf3e481d3e10ebc0e98f475e1bae32ec590541b1a2a96550cb165ab,398,20260812_SFT_SCALING_V1,train
paper_1d8f5052e7c1595ffac3,354b766b793ce9e12dfe215897429c4779fe3b6b8aca5e33ec02f11628550831,399,20260812_SFT_SCALING_V1,train
paper_60f2e60b844747fe802d,355c5ff42f1d0e7551af7438810da04328b6096395f148578f3aa55c55de3976,400,20260812_SFT_SCALING_V1,train
paper_0126a2cadbceb87b4495,358c076d1df4cdaa25ac559632c0b3dcef042e21dcb63bdc3d10c1c5d0ebdabf,401,20260812_SFT_SCALING_V1,train
paper_2c4e6e492f2def8cd020,3593218094b4f9611ef761e399edece86f8d0cb59cf501bc11c12e00f250b17f,402,20260812_SFT_SCALING_V1,train
paper_d3701df2622169ea49d6,35ba8776ddcb41326515d3fecade66319022a5224b7227b153edeb8e69990820,403,20260812_SFT_SCALING_V1,train
paper_4a9d2bbe23f05d0a76c1,35cdf0377f8e44525682ef478e9a5256463feed1075fd0f7b3e52df76af1e5f6,404,20260812_SFT_SCALING_V1,train
paper_55e8712d400de9b048dd,35dc43a6292f68658ab8ab7122e938ca50eddc7a8d2ebd7ede268f3da49bf124,405,20260812_SFT_SCALING_V1,train
paper_69fa8302ed65d234bceb,35ecffe4eb150a867ee0825c61a5ce6ac7e4a82495e5e603e39992120397c405,406,20260812_SFT_SCALING_V1,train
paper_a687762c5556fb915b19,35f77390155c9d3db2783cc1831a732a30dd6b0c2b979b96cdfdcec6bc14620f,407,20260812_SFT_SCALING_V1,train
paper_1af66e18c3f897d2957f,3618ba93aca7e935590ef1b66db7d42926e3ff6b9dc56889dc3f548aed3782f3,408,20260812_SFT_SCALING_V1,train
paper_8ccd91a72bef8f3d8945,3618cc7a959b1856ecfef28839d26600259866b7f2d5c190732ddb1658b10783,409,20260812_SFT_SCALING_V1,train
paper_9cfcfcd2ed71c0ca6a56,364330be489fbb226504b56f1827b61ed3ae496c7767ae0cf00db70c30fc1a99,410,20260812_SFT_SCALING_V1,train
paper_2a42f1ff9bd9c93161c2,364bcfd4ba5bde0e073b979903b16bd42f704daf2c3a5f29f7d1dcf1c22ce376,411,20260812_SFT_SCALING_V1,train
paper_083fa62561b4443889cc,364c641c7c4dfc0ccf68aff8763234834fa75fa10508106f5b0830195b0ee450,412,20260812_SFT_SCALING_V1,train
paper_dac18f93f70a297cc71f,364fb9a3f558cff8f77c8fcc6b42b02a730faf817732981202bc3489d6caf1c0,413,20260812_SFT_SCALING_V1,train
paper_97acf7f1735788135ab2,36b34b774d4446027af2ddeae4741415485d104cde9e778abe528f537275fb7d,414,20260812_SFT_SCALING_V1,train
paper_470a19bc15b33b925872,3714ae7d90dac34237ecc21f2b7b54a3fe647bb420358e33aa5a584851380e3b,415,20260812_SFT_SCALING_V1,train
paper_a4394a188c62cb17c7b1,371eb7b1e19342bf8976bc279532ceeef5868ac16a4649541f4c825765ade99f,416,20260812_SFT_SCALING_V1,train
paper_13fc56a51dfe60a5074e,37361123ed20b1075d5a658b1fb4f356bdf8db619356f439097ddb838f7beb33,417,20260812_SFT_SCALING_V1,train
paper_d8e4d2ebb449ff45541d,3781bab69ed49650577dc2921f360203dfae6d5745b32ce3ab584ce64e9e0b64,418,20260812_SFT_SCALING_V1,train
paper_955110ae6783fdfb11b5,378d96cf73fb414c2c5755132da7139b047426cb4ec346659fa6a71678224eb0,419,20260812_SFT_SCALING_V1,train
paper_5fc6abfc5851266a7bb2,37a9c5c677e83848d3ba9afd8cc5e0e12d1d3efe0437a6f9b9c86bffc40501fd,420,20260812_SFT_SCALING_V1,train
paper_3cec864523b3855c0a2f,37f038405e410496d1e7909d07b2ba79966473cf4c52b1303c332b3941b69e2e,421,20260812_SFT_SCALING_V1,train
paper_48fe6515d531f9067495,38175d520e5beb36eaf4855f0382ba570876dfaf3972c2c1f861b652180adba4,422,20260812_SFT_SCALING_V1,train
paper_3b0eebee7baa82ff9356,3820a2fa87526930c0a72b7cac84330d8c119d9a277588f5a6d7943eadc20b2d,423,20260812_SFT_SCALING_V1,train
paper_e9ac0d341bdc0d314ea1,3849795abb1d7d8e65160fbc974d6ba3450f324e7b052896604a6f6bfa1b1d61,424,20260812_SFT_SCALING_V1,train
paper_6f3d4a5d21e0ed96c7f4,3872d9d85b6b025a8d807fcc606b295d6f8c563ea91b13247b1e5ab87b002da4,425,20260812_SFT_SCALING_V1,train
paper_c25c9260ec4470115f16,38751f8ecbc117fe0a2a897ed92b2b950e443c84a4e973f24c2baf8c3c7fb4f9,426,20260812_SFT_SCALING_V1,train
paper_7a141eb7ef1f59f479cb,38790568f68f5a7937ce73448ae1e35ebd804e86dc2e7515955296300d41c518,427,20260812_SFT_SCALING_V1,train
paper_0048220346024fc71775,3894f55246d0db1edd81995da30cfb133c350b57f5528424f3887240e546e722,428,20260812_SFT_SCALING_V1,train
paper_5b949d20881bc4e7c88c,38b530f8c4796fa8269d2e5100656ba0b8e94675f7917d9cb7e42037dd63ef01,429,20260812_SFT_SCALING_V1,train
paper_90b73384b7f4312f3880,39000bdb132892ac887c99680d26dc0c5ee35ab075684812cb7cc2d0bcf368a9,430,20260812_SFT_SCALING_V1,train
paper_f240d9d1ee41e7af2920,39009205ad88012f0a6d4a63d6afc11cc13f5dd0034d00762c923f4f43152983,431,20260812_SFT_SCALING_V1,train
paper_e6973e2b099a57d76505,393db08765f8d6d7080ebc85f943c56b56c0d6ac97933068449b428081da627b,432,20260812_SFT_SCALING_V1,train
paper_feb0bfac9268de917c23,395bed7be76ee0abe66950ce1f988f0c07f6e18c5b93bd8b4522720fc7dca1a5,433,20260812_SFT_SCALING_V1,train
paper_308f18501b581689186e,3960234c3df8697a7bc2e1b203421897756f71f0a50e6b4d5e5f5b5258c0292c,434,20260812_SFT_SCALING_V1,train
paper_8a13100af2dfd41eb756,396b310c28209f2a79d981c510beb768eb6231a5735186bf25b06bf986aee524,435,20260812_SFT_SCALING_V1,train
paper_3bd3c3fc9e9fb1b509ee,3975d630cb5b1e1a621754e81c5a6510345f870df8dcc88927b85224154197f2,436,20260812_SFT_SCALING_V1,train
paper_f766d0e99ef832cea663,398ce52f1d250dc48c458fa9e5ea4fe3deea9dacb454f2b827f006809c8c1804,437,20260812_SFT_SCALING_V1,train
paper_4caad60a26ac6522fd27,39906806d2a68968ef61008201e1862f263226304fd3b739c657ee37db2361d1,438,20260812_SFT_SCALING_V1,train
paper_4095b334fa6e74b81f84,39937d911c60fb0f17f5f8e58383a3534064a564979a3f963a98a85369a6284d,439,20260812_SFT_SCALING_V1,train
paper_174458628256eb6d835b,39e63e7891caa72e34cc3c0c6b37fc3f14977d7755f6b74985f0538044ff468f,440,20260812_SFT_SCALING_V1,train
paper_6d2c20d9a4b4a6edade7,39f71cbc82379b326a24f34d81edd7304db0c78e50bf9024cee61244b015fa1b,441,20260812_SFT_SCALING_V1,train
paper_3b5376f517a21dde4409,3a12450617f84b4345560dddcb4a5febe9f83a5d08fea1b164bb6dca3bfb97bf,442,20260812_SFT_SCALING_V1,train
paper_50c23e22863d3b23264b,3a35cc6e22df3b1346b5b569b84137b46b65f983efa1f30a62d7643f71defdac,443,20260812_SFT_SCALING_V1,train
paper_562f4943c6e8b3a8d804,3a3675409ec51f0b8cbd78d7ba302c7ba7a3eb525ab5b6f28709457d195b0d47,444,20260812_SFT_SCALING_V1,train
paper_4bb04ced1198e17099d2,3a45af9a3c58a040c43fc416fe8589a34f67df8dda16c625d421d84a34c57bb3,445,20260812_SFT_SCALING_V1,train
paper_5ed85dc4f61a99174a36,3a50f607815ef52fbcf679f66dd7f94b3d28874321acdef34b98ed088b4118e5,446,20260812_SFT_SCALING_V1,train
paper_ea154a917286952192b9,3a6732bac068a016eb2e15d35ff1d91f6aa1245aabbef80868ae1f56daec51c2,447,20260812_SFT_SCALING_V1,train
paper_7389c18aa7fbdb9182cf,3abd231d6e701abab3ba1bf69d37d58e35040bf53fac613cb5ef99a7b90fa486,448,20260812_SFT_SCALING_V1,train
paper_b06cab9034f967174a3b,3ae4bbbf68db6a759491f323b6bb63b6f929c5ed74b1eadf60a881314e60161a,449,20260812_SFT_SCALING_V1,train
paper_276e2d9ca1173f526ae1,3b4cdb2e8fb2e1783e94570589e337d46c55d4d157bf45d6494b33fefbcfa0a9,450,20260812_SFT_SCALING_V1,train
paper_7ee211be810b2ec4f105,3b543f062e820111b41f41553a63ddf17660d6e2ab1c2c1900f31f9ebee78643,451,20260812_SFT_SCALING_V1,train
paper_25931cee38fa367141be,3b67186516559dfb2dc61d64414fb02b0c709583b2a77d12e9d1603454c128ad,452,20260812_SFT_SCALING_V1,train
paper_1fd71bfc1f86f56c22a7,3b7d5782bcd26226b92a1d2b4aac597b3a16e8e2a2a78e69501a04fd191c52f9,453,20260812_SFT_SCALING_V1,train
paper_2b56bf1fad41ce819b04,3b90f7e47eee8d60b4ace8f19529feead9b2ac9971fc4811c2447f774cdadf43,454,20260812_SFT_SCALING_V1,train
paper_8887b871f470f66c3361,3b91a0e57e920ad3b94087e5d9fb7fc8b8dff5a6cc2ea441a991caf1c927a3c5,455,20260812_SFT_SCALING_V1,train
paper_f7fde946891c3a207f64,3bae2fc92f0290349c5953f3d31e290e245a1345609c73939d48e920c61cc989,456,20260812_SFT_SCALING_V1,train
paper_664bbbd2927cf5a8c793,3be7f096963f456aea4e27cb0e6342dbd4e09a7fa66517b6cd56291c2005cb73,457,20260812_SFT_SCALING_V1,train
paper_bf3e76e2793a39a4b709,3c762b5e474315b2b7b0184a7180236faca18c68e1a6b0e37ee091bdbc60721b,458,20260812_SFT_SCALING_V1,train
paper_7d74f52644d513698ed3,3c7832274b0ae6b279f41e8c4aaadb862953a7f2dba155e6cf66263e6b1f2638,459,20260812_SFT_SCALING_V1,train
paper_f65e1cf061dc75a3b817,3ca6d634959abf4bfa2220a952f34a8d61d7ae6f3e86817d823a95fc1a57435e,460,20260812_SFT_SCALING_V1,train
paper_41421cea964b6e798387,3cd24faa5a1fdc05d92e1c7bf64abb3630a64b0e54bf405a829da5bf2674ceaa,461,20260812_SFT_SCALING_V1,train
paper_366f186e0b2f6a47de9c,3cd8aedb9f134ca8c03c4f47c493dc4f7caf1bfe6922a19b2c8f9743c47d2b03,462,20260812_SFT_SCALING_V1,train
paper_0ec8a1fff8943d1ae2df,3cde6c237c80f1493675de4d689016bc0238d1979e66137aa48cd8382c0863d0,463,20260812_SFT_SCALING_V1,train
paper_81b4e1ea1b99d3abd617,3d2da73979113583b797dfbb3a8676774398d66b0a271b99c2543558d6b4938d,464,20260812_SFT_SCALING_V1,train
paper_67485c94fa39ecb204eb,3d6adbafd3ce9e02549f2bc5c672416dcb97edfa465d65a89e0e304192aaebc0,465,20260812_SFT_SCALING_V1,train
paper_5cbb72428f2974a70216,3d7a294e39757dfc4f98efc5e04ee44c94354571b32a75959faf017c064ae9af,466,20260812_SFT_SCALING_V1,train
paper_aa8deb9a1b3a3361460c,3d98ed7a8fba888523eaee1bc3a82c7b9d51cf009c1b0196ecf569416d91e6fd,467,20260812_SFT_SCALING_V1,train
paper_cdcf8c0ec6e244c9da7d,3dda08006cf152318b749feedb749228cf52f01059186244bddea9846a98aa55,468,20260812_SFT_SCALING_V1,train
paper_767cf025ca3c15e068b9,3dee41a59951db382f1ed07b070824882ae1b2c56045563c71a231ef2786972a,469,20260812_SFT_SCALING_V1,train
paper_341d7710302a2b329e63,3e3e5a3f7117b7abbeefd3cb8a9b6c7f313ea11e52eab87f252f3fb5ced0a248,470,20260812_SFT_SCALING_V1,train
paper_c79b045a95db7baea121,3e52046b4fe3a7f6abd797d7492d62c26d0b6d402d961f1a6daae8e7974feed1,471,20260812_SFT_SCALING_V1,train
paper_15fe252af04f747cd417,3e65be70eac7a591ce2dd7c8c5fe8fdf7f05966b39b51b9b920ddca9ab981a83,472,20260812_SFT_SCALING_V1,train
paper_aeda8fb50291efef0433,3e806251c2e0148e21c6c194da6c02f6e0b34d339cacde2a5a7fba31579de998,473,20260812_SFT_SCALING_V1,train
paper_b78f0ad273c0f3734d07,3f3e3a9b372cb571ee3163504dce903b3195200ee87dd2d3497095b2aabee2fc,474,20260812_SFT_SCALING_V1,train
paper_e50e8b978761f11e5df6,3f3fbe15741d7466ace5cc020f210072d04201f7e69b630cd7d6274ea82aa0e1,475,20260812_SFT_SCALING_V1,train
paper_01ae4cd09750e14709a0,3fa545d8f0f779a61c287c35c54d443aafd2d682c09c695045fd16892938878f,476,20260812_SFT_SCALING_V1,train
paper_a2855be0e32bc908e060,3fb1908c759e0e4f83fec04a3c301024621c823565e19aa8fc5ac4d749be46f9,477,20260812_SFT_SCALING_V1,train
paper_99b1113a442b4f68d2be,3fb460bdb7441122c0aa91dcbdc2d37bb55ca68e84c91e9d5501ffec4eb5bad7,478,20260812_SFT_SCALING_V1,train
paper_1d605aeb5a4c8743f371,3fc88862e27a1f6e523c625aa32b49d6d6639d31ee0aa41d7b2d7eaa3a2bf603,479,20260812_SFT_SCALING_V1,train
paper_cc53d0299e648e6916ee,3fc9dadee9cd2fa2567e636a7057d59bbf5186441901ca22cd59b1bf6f7507b3,480,20260812_SFT_SCALING_V1,train
paper_b1be9d9c2235573dcd95,3fdccdaa1d399aba74ce7acb52460d89af3e4aa099ed19af88912cbc1fcb47a6,481,20260812_SFT_SCALING_V1,train
paper_54ae55245e1f6a0c207d,3fee7653ea1735ef936576da7c7c995a1dcefbc64c9782fd5a6ac462cfbba2f2,482,20260812_SFT_SCALING_V1,train
paper_8fe005ac3249a086f07e,3ffef0c02cad752956a844836fcfd99a129b2015414dd62ef863ce37616e5027,483,20260812_SFT_SCALING_V1,train
paper_cfc832cf29893a5c93be,40470d26573adb47614850b66073f329c62e6ca8ffaf7390d3c1788ba64f3961,484,20260812_SFT_SCALING_V1,train
paper_95388a63f2873845bd78,404b7688808a54e38950e2232f9acb8c38d27725553c3610be61d71538a82724,485,20260812_SFT_SCALING_V1,train
paper_ab042b6e501f115d6d6f,40e3912496107756831a48aa990a8960c810c2b16abadc95823f4df6ebc3e09b,486,20260812_SFT_SCALING_V1,train
paper_50eeb1ec2837eb632dc7,40e5623174a982f8280a801431cb61e18daa6e3cccf56032f2bb9cbf585f053b,487,20260812_SFT_SCALING_V1,train
paper_0711aea5c961dd8c374d,40ea496065cf828975d4fbde6e2a3b63edc100200dc48831015046f2e6c4a33f,488,20260812_SFT_SCALING_V1,train
paper_35233223488b5f7763d8,40fe35f43d68f5fb30c18109c84fd365ac5eab715231ff76ab7246d29a0d0a6d,489,20260812_SFT_SCALING_V1,train
paper_56c1618d40a6eb8185c1,412acae402e883f6f7d3aa3248c00ee40d2f3b5227aa717e57540e6d9f0bf7f4,490,20260812_SFT_SCALING_V1,train
paper_b00d47de8a46a6c79806,414449ec62db49a0d94883d9c86ec56dcde1a3ad0f0c6a9e05c2c154e19fb42a,491,20260812_SFT_SCALING_V1,train
paper_e54c44f6cdbaf1703df1,41509e2c6b194da629ed97febfab79f29cf18b4fbfb09c3ccedacb9c0c433765,492,20260812_SFT_SCALING_V1,train
paper_c59024ff0db6a1d90594,415bb7a8c42ae443de02d88003330a84874d8856c8d9a6d5e529c46564a5ed82,493,20260812_SFT_SCALING_V1,train
paper_f6efd567918cb5b94869,417069c9326608528a0cb4b44fba9fc3fb1cddec38c44cbccc257e1bb9369b3a,494,20260812_SFT_SCALING_V1,train
paper_8b99df3455a9e4b7000a,41cb7b4c2cbb4515f1f82769fd8f46eef0cadd54215c67fc234e8a072f45fc78,495,20260812_SFT_SCALING_V1,train
paper_c4de74fafbe248f42d88,41cd0a87f6f1e16b2b06707ae3170848b57e43ae6f788fed3b19d0f9fc077379,496,20260812_SFT_SCALING_V1,train
paper_2639059271b0a3aa3c6f,41df2f4361907343c8cb08cb56df694abf270a88845d44dd5b29eeee0ff3ac5f,497,20260812_SFT_SCALING_V1,train
paper_abdcf3b1f6f194333726,41f152182f3e25ecf623f23a47dfff9b920b35931227db65683033314a3151e0,498,20260812_SFT_SCALING_V1,train
paper_b7f93bc4a0f6ac17062e,4242fd36e1dee362470ffc3c800885a5dda9d874c060689ce9715f68b26fe7f9,499,20260812_SFT_SCALING_V1,train
paper_4ae8c8128bb1559d140b,42618a485a08f774e8cf35798de94e6f86d48a53175ad85d3ef5946afae66e9d,500,20260812_SFT_SCALING_V1,train
paper_437ee465e45b2bbe0b0a,42726312da3f486e8030843aa81182b36bd9ce2f6c3c50bd778f0f1a14cdcb81,501,20260812_SFT_SCALING_V1,train
paper_5f9e475046ee441302b8,4273b2d2bbb113334316ae6c7251b720e4f933e83f6adafab733bb0e10ed6f1a,502,20260812_SFT_SCALING_V1,train
paper_f75c9e7cadf53309c341,427b3ea6931f7a0864cac933ca5031b4e113109bbdd26f366eb2b7c1f275f458,503,20260812_SFT_SCALING_V1,train
paper_08e189125eb0ab93ebb4,428e5f05d005545ce91a13b3433980d846b1dcbd09ae161d4c138954e112492f,504,20260812_SFT_SCALING_V1,train
paper_890343a4524e020964d0,4291a0840e34cfe8ef3c54c6f42a220e3a24b88f4b7d6eb6482aab579176273f,505,20260812_SFT_SCALING_V1,train
paper_19daba2982570ad40c44,42ab3db23f11ab21615c805c7340162eaf7602dea58c7dca8e3fec9a167f08e2,506,20260812_SFT_SCALING_V1,train
paper_32ea73c0ca7c36f3722d,42cb25246515e45b394546e93dbfdfb8eaa88e3cb88d2502da2f74db339aa1cb,507,20260812_SFT_SCALING_V1,train
paper_c8f09dfd076f3e2b5a53,42ec822b1b9151c0b172b9e272932ef88634e4116b0785adb84f93a1f35693eb,508,20260812_SFT_SCALING_V1,train
paper_80d36bad09e524926b91,42f2fcd700eb2e3c5ab5070aef8fc77bc9f196857f86f1923b8d0ee15100f5af,509,20260812_SFT_SCALING_V1,train
paper_a7dd1f40e84491df9e74,43217b1c234244b3b9541ef091263d7d4e1edeb7a95021ea1447c7a0591f6ee2,510,20260812_SFT_SCALING_V1,train
paper_946d4c2b5781949689cf,436690028d522a31e3e672ee150fa81efad45df99f7e1a659a4bcfa276127fa1,511,20260812_SFT_SCALING_V1,train
paper_1e45d661065122156bca,438d054b8bf3fcba7e68d3ea526729e5883aee9dab4eb8e2ca971211fc41821d,512,20260812_SFT_SCALING_V1,train
paper_e6e9f5edbec363fa18b1,4393055677bcf89f78c1c29ed68ddffcdc2ad6cc3563aaad356f618b904ca711,513,20260812_SFT_SCALING_V1,train
paper_ff210780ebf46f6c43d7,43c7230ccfb0ade70be5148222a347bc9c94a3b890afd59bbf8ed7036bef0853,514,20260812_SFT_SCALING_V1,train
paper_122ce5784931a01456a5,43cb8f87218f1059266160a9db4ec89ca7dfa929e52f542a011960348b160c54,515,20260812_SFT_SCALING_V1,train
paper_900fb6d9761c5ddee474,43da467448c130f4ea34c6979fd91f29a46622a694c288231ee8b09b2d72ef2a,516,20260812_SFT_SCALING_V1,train
paper_11c59a51794961d299fb,443b97ba201d569e3b7a08f86bb4f4559e3035a94994f56ccba766911ebe12bb,517,20260812_SFT_SCALING_V1,train
paper_8e2073558413f59f9196,447106d7a0a51e500cb06e4c6b08632d46c219e2363d6c497e3a28980b800d6e,518,20260812_SFT_SCALING_V1,train
paper_14587ed0f5bdfc1a50ee,447825adc7420746fcbc61f58f9fd5587f8367c51189faed81048b405b1e611d,519,20260812_SFT_SCALING_V1,train
paper_178d19045333bd4d2565,44902618bfbb206800ffcf1a2652dc93f1d4a8a858890f2a9a7d3d242e841e03,520,20260812_SFT_SCALING_V1,train
paper_1b11e7b26c9ebc36aa86,44cefe4771ebad108a0a88ef5d776ca92eb4a59fc915888aee9d80436dd37397,521,20260812_SFT_SCALING_V1,train
paper_c677e24671caa0fb90fb,44e6436521fa2569930af3271f739e7788c5859e0afcbe1cc41b75380ace3487,522,20260812_SFT_SCALING_V1,train
paper_dd072c7a9a4eb901d770,44f8f4eea324713a17175f470caa75a237fee4c61506a2868d1667196a74098c,523,20260812_SFT_SCALING_V1,train
paper_d8dac68269c10d6d1dde,450d4138ceae3aab6b4b6f664283b857e5766c96ee0959e2edce8af88aef34b9,524,20260812_SFT_SCALING_V1,train
paper_3a9f6563580de478d046,451235f54aceaa3abc75f2a3c3f99fba58c063014adee6993c1932f375aaebcd,525,20260812_SFT_SCALING_V1,train
paper_70053fcb3f6c88094e0f,454a69385287c97d26cfb5eabf2d0c5286aa80d589bc27d6ebc784a5df3216ea,526,20260812_SFT_SCALING_V1,train
paper_f378b66070e11c3c934c,454c9bc0b2bb70c639a013d024d0a46cfb6bde3f4239cd26475185a4107d6709,527,20260812_SFT_SCALING_V1,train
paper_643a6372616ac7c0afc3,4571a24010f0ff21458015b232a23a45471e2d6ad9489407f53f50a8d9cc7237,528,20260812_SFT_SCALING_V1,train
paper_a9dd875727810e20e480,457447ed53e53fc4b1a6e1c029187f47bf7d14d0eee08a19192401fa3a9b4d8e,529,20260812_SFT_SCALING_V1,train
paper_1b171a1a4aec0890360c,45ab3786778256601b779471840557f338a25a6b62fa5867f396f3c0f436ec73,530,20260812_SFT_SCALING_V1,train
paper_8dfa0b3f4e18b1fd10c2,45ae0517c8f16db8ff005868b63c0b62ccc7343b8c7e62f2f1a784f639e46948,531,20260812_SFT_SCALING_V1,train
paper_3e1966df700d2fb4aa28,45b568716812364f1ce182b7348fea4ad9edfaec19a4d6ac2b5d0d9464b85f90,532,20260812_SFT_SCALING_V1,train
paper_5565b4dc086c1ca4d22d,45b81b60a9c57c31fa3e5c115edb51e04783a56e114be7e80d54a986e4edfcd5,533,20260812_SFT_SCALING_V1,train
paper_826b9125b26490b92083,45c9285b4251b54e30a15ba2be2cf9f5a37dfda158fbe5c1b774ce7eda1e0b0d,534,20260812_SFT_SCALING_V1,train
paper_547d4afb8af58742f7f5,45ca4dd2b60b1f5ecbf43d266985c24773eac194078cbc6022c7e268df3b2e8c,535,20260812_SFT_SCALING_V1,train
paper_13a837f8c0110a1a3b3a,45d8d863672f81fe9fc297870e6bacc4575b54854bba3cca7d8ab94a20a2c384,536,20260812_SFT_SCALING_V1,train
paper_a9b8593ef4f77277f3a8,45e7b6cec0ced5a26de27aae68240cfd0537d85bb883c2ceb2b9433160c672fa,537,20260812_SFT_SCALING_V1,train
paper_1bc583c06e4ee3d14b2b,463b798a1a3ee92a8feacfc5e2304c4768d4c5eacb659d629c17ad98e220f638,538,20260812_SFT_SCALING_V1,train
paper_6ab82d7f74d54ba2b45b,4640e6f62b95547a8f63833012d008c369409afa9cfd3ff1817e6fe295e8afa2,539,20260812_SFT_SCALING_V1,train
paper_96607ca46d3489528d72,4663a6490fb91d6f74d9a35a7ba1a579b3d999a3427ea4d9c49cbebcfadb0802,540,20260812_SFT_SCALING_V1,train
paper_e9c48eb3301ebda88216,46ac6f3c3d301361735ec212a4bee1c2a80663791813337b646f7a47f75384d5,541,20260812_SFT_SCALING_V1,train
paper_3f61f4ceb06e5ae14844,46af34c728fc782c4aaaa5dd1abb460f79655b77142c732f6c2a08d17d447f42,542,20260812_SFT_SCALING_V1,train
paper_5349ecd090956229107a,46cd542202df9f49baf70f65943316d793dfaaf7a2cd95fb9536a5d2022e436a,543,20260812_SFT_SCALING_V1,train
paper_92969607871cfe57fe43,46dee445f886b8203dc8a488b1a7842bc207b74871604a1719a396548253dc82,544,20260812_SFT_SCALING_V1,train
paper_d50b8aede0d39091b0ee,46fa8cb0166417c58769322846ec69da0d46495cb8e25d18f25165ee5f1dd8c5,545,20260812_SFT_SCALING_V1,train
paper_42ede648fd3ee44ee32c,47062848e02bc02c9f44a658af768e12a09d3f6352cd9a5d4a5a6598083baaca,546,20260812_SFT_SCALING_V1,train
paper_e32ff121a88635b9567c,472062855337f7697def5ed9637d932a0345f561c9f602821622edbb1780de46,547,20260812_SFT_SCALING_V1,train
paper_ac4bfb5f517ae06eb2b2,472f79be5fa2cd2ec3256e62b67609b2cd77037aae9984631d482c8e172e148e,548,20260812_SFT_SCALING_V1,train
paper_f3571f86c75e5b1d0753,4782a0850a841c9d01c56971a444200ba87303bf47b30d2db75568f416635afa,549,20260812_SFT_SCALING_V1,train
paper_a448b4f3a849af9cad96,47b51d1292f3d8309caf60fb555a945e906ec937451b1194cdb992881fe50729,550,20260812_SFT_SCALING_V1,train
paper_7cc40044e8e7c820958f,48c2604456e0c8e8dd7fbfe29224453d800f861277e632a64b373612be025cfa,551,20260812_SFT_SCALING_V1,train
paper_d94c17d2124c8f2c2769,48c9d0b5feefdf13e011af26ed28c543b5a517ca54bda5059d5a3609ec5b1e07,552,20260812_SFT_SCALING_V1,train
paper_77b848ae10d9e563dd5f,48caf088379b7437fa335e4d9a2f55074a96d3e8a0a1195eb5c7295da607d0e6,553,20260812_SFT_SCALING_V1,train
paper_1d07631f1981f7bc5e0c,48d36107d7c564471025dc16931756d91adfeebb85becf305626e37d65e4ee47,554,20260812_SFT_SCALING_V1,train
paper_2a6a270bb59934ec3ff6,48e76e95660c22d50704d5fc98066f130c93a135e9b47588b5c1e3d9bc593060,555,20260812_SFT_SCALING_V1,train
paper_d3384a041b7bca380507,48f3bbbeed7d9b6abeed7bba474a95c6b37bf0a76b05d6f05d72b3abd254fafc,556,20260812_SFT_SCALING_V1,train
paper_a87575ab3689cf227d88,48ffbcf01ca201f8b09da82cc84177ff94d1e95400e818803bcd79e4951e1018,557,20260812_SFT_SCALING_V1,train
paper_62eb7922d1e559ef503c,493b70664257b3572d63aaef69c1cfae78bbd9c0f1cc6ec76c0d9812dfda50f2,558,20260812_SFT_SCALING_V1,train
paper_8d683bd872e36ab148f1,498f8051d77a91d5e1ae96a7409cd6ff820ed3945cf999f82e6503e103ce346f,559,20260812_SFT_SCALING_V1,train
paper_d597e7de0ce251217022,49c2180e752be436e1519946630f9f6b3131831d4935bbe9e09f4740c56944d7,560,20260812_SFT_SCALING_V1,train
paper_5117e27e180792a8db1b,49ca630167cf2405e513a4346c75ad6ae487e649d0bef68c140a414a27795314,561,20260812_SFT_SCALING_V1,train
paper_21d71a2192b6e4163d69,4a03f22590f9e80da1e73290e0b1a32ccac959f4f293ac18c493d5fbdfc3dada,562,20260812_SFT_SCALING_V1,train
paper_2e7c7ada2c0738c9576e,4a16509a409cc2f26f0296e001ca2a48279a6291885be608dcb4ae78a407d370,563,20260812_SFT_SCALING_V1,train
paper_d0635a46f2116c940eab,4a47f167da834bd49c5bd76bd01c8dfb1692470fd4effe2acc7de18c8f406ff8,564,20260812_SFT_SCALING_V1,train
paper_46fe22a95d6bd3b48195,4a4d3c594daa90754f119c3333292e850d52a285052db99af9514c1f042848bb,565,20260812_SFT_SCALING_V1,train
paper_87f3d7eccc9ceb06ff2f,4a8e47bff93ba35f7930c6c0d152b94206c2153c64458062a9b15ea87947bde2,566,20260812_SFT_SCALING_V1,train
paper_36163f27241605cac35e,4a9aaae33395f79878f970e25e7c964949f3fa806ea637ecdaa5cdc2e1f11b29,567,20260812_SFT_SCALING_V1,train
paper_681211614a0b1ba376f9,4aa96a122eb5b4b0aac9d5c5a2e3048bea82c69791badd8f45e6987b6ae02c28,568,20260812_SFT_SCALING_V1,train
paper_d678f6fc8a4d5743f615,4ac49671ddc2026156a0f7ce314202d1750a6718f49bf67926084346b65b0a93,569,20260812_SFT_SCALING_V1,train
paper_0ca1a64ca43828e8bc89,4acaa03a7c56223ab3653392c751dffcb81e00ce94a32ad25b2f55aec86f8cc6,570,20260812_SFT_SCALING_V1,train
paper_297b7e0fb913db1e36c5,4ad9856f77be5393f6aeabcf0d7935f49e6ffc3e575966175372e2cb38ef94c2,571,20260812_SFT_SCALING_V1,train
paper_c9fdc8cedb5be40f0dc1,4b15be20e6b9976cd0aebae7046d6aeab8cdef5099d22482c2337a0c7cf09f9a,572,20260812_SFT_SCALING_V1,train
paper_a10b7a021d06c267c421,4b4a6513912cdb0ad11c972f0a61d55e693f33cf30abdd3955af62a157ae1a12,573,20260812_SFT_SCALING_V1,train
paper_5e64be4ff3964f930a88,4ba72538a4a57d4828f9c0f23b66b040d74728dfdade30db94e79c5301a735ff,574,20260812_SFT_SCALING_V1,train
paper_ab640ac2150e06496e16,4bc0cf52691aa3dc52656d345dd70941447772118d397675ab157f5b82b8f2c8,575,20260812_SFT_SCALING_V1,train
paper_548eae53a7c4d329ddbe,4bc75d3c451e4cb9f8853b32facb0f1215cca2e78d702a701e332cb5f6db2a82,576,20260812_SFT_SCALING_V1,train
paper_8c5d90b4ef3df0a6a79f,4bcc2dc237e515775c8579f520aed9b8b80f2177ec735aced90c6adde42f45cc,577,20260812_SFT_SCALING_V1,train
paper_2175732ba55339f5c6f5,4bd2fa47bbc603bf7d9d1d13ef732085e9c9bb6485bddee99d77b0ff47a9589b,578,20260812_SFT_SCALING_V1,train
paper_97054b57472bb028ae26,4bdd3d41ac11e3c67091cf3783aac96cbb31d4338ee76de310f7c0cabe83d48c,579,20260812_SFT_SCALING_V1,train
paper_251b4f88a127f33a6cb0,4c03b3fe0ed787f97f10b9f8c1648708a0c31d257a35e1ecdeade81ab3edf8a2,580,20260812_SFT_SCALING_V1,train
paper_06216ba1fd679f581e9b,4c15b118963e542b575252dc2ec1c6d2dfc98ff16246576bd7c3f072c04e6328,581,20260812_SFT_SCALING_V1,train
paper_bd33e8fd432779663ca7,4c17b0f1e3c853f065c3bd3bd6e41dac086175ff9b75ed6e14128b43de020e50,582,20260812_SFT_SCALING_V1,train
paper_74360882a4fd3ef23b19,4c193566eabba5fb12a481fb0a32cbc4d8b8beae576eb9c3f7b3023ac6373345,583,20260812_SFT_SCALING_V1,train
paper_76b5dd38ce3ab801e549,4c345436c683e758a0fd220346926cda04b47ba97d87e2d45ba75a0de1b59443,584,20260812_SFT_SCALING_V1,train
paper_cf4960f6d973ee4f6601,4c43ea9134bd915990cf3fb099fefff1c9b066c6e5f6f60a42f7f1bb38e4a56a,585,20260812_SFT_SCALING_V1,train
paper_201ccd1a0144f8ac3399,4c64b68d0197b55fc1c8ec74b3aa5bae9da8b5caddb40fb966858fb46bef64cc,586,20260812_SFT_SCALING_V1,train
paper_3ca537be4562a4063d11,4c865bdb707e9224448f6deb4e4d8f19ea69ce5fc361e5ea9903477cc5eddc14,587,20260812_SFT_SCALING_V1,train
paper_720b22498f414f802bbf,4cd9b3b0f584b02be1482b5e8c6158feccd6222032d26f44d0a2fc722127a5a0,588,20260812_SFT_SCALING_V1,train
paper_c3bb7c56866fff2e4754,4ce96b305c341d4679a9c60c8e088ef67770adee65da55c73938ce81f1f3cbf9,589,20260812_SFT_SCALING_V1,train
paper_91d141d39bddc018a22d,4d08f4e0825d8242144d320b0979ce65376db22bc9a698c369e254f1a5c43bad,590,20260812_SFT_SCALING_V1,train
paper_b45b8c314fefc9dc2f86,4d9008500f88a236f4e813cd1c8208d7aedbb6f94284f1b3acc401add613f1bf,591,20260812_SFT_SCALING_V1,train
paper_521a166cf33467abb4c9,4da5b81d3651e212d89a2f425c8c82303685fa8278c078c1baf3253b7ffc4de6,592,20260812_SFT_SCALING_V1,train
paper_e2007791cc10c41715b8,4dbc46b858fd39e6e996c72fe82c4c21aaf85819a49bd311474947e7ec65839d,593,20260812_SFT_SCALING_V1,train
paper_8c89891cdaa55dcdff15,4e06d5d851fefeecf679d7c58593fd41be1b62d0f233aa41830ec43da718744f,594,20260812_SFT_SCALING_V1,train
paper_1459964ba1bc517623b3,4e1e90b26b47949b5465895c60ded86649c284e73c7cc2e93ecd3054f5b6ce3b,595,20260812_SFT_SCALING_V1,train
paper_f3358996f1aa09154e84,4e24e935b9ec418f64e0459073e00d39a206ff8fd1384ddddc8ca42143cc566f,596,20260812_SFT_SCALING_V1,train
paper_a15d6db1e341ca841faa,4e5bd5e13dad195f48e1aabb24b056d7a435beba1e94d93b17bd62c812c4c92d,597,20260812_SFT_SCALING_V1,train
paper_e2410e75ea19291fc9b1,4e6550fb0af4a811e5a983d975d4fc88bd3652f1a9bf3157fc579a931a0c56bf,598,20260812_SFT_SCALING_V1,train
paper_b2309671ad25bdaac8dd,4e90815277e4a93384837befda5bec3d033355b17bed07280f0788cae1b5c6d7,599,20260812_SFT_SCALING_V1,train
paper_baf7e482899e4dc7153e,4e97e1adb9a6bce01e6f42329cf160d3290ab05937204692f222509ebc7c3e82,600,20260812_SFT_SCALING_V1,train
paper_5622e48049ec2935fe07,4e99e5da45aefa43470009948bcecaeb28542439d4b9ad93aa91852a739c0f98,601,20260812_SFT_SCALING_V1,train
paper_338315c4ce05cecd82c8,4e9f3c933d0ba3f4ad97f6b644200150a923e4cd4d156a7bf83c3f885f682e6f,602,20260812_SFT_SCALING_V1,train
paper_a5f1e11de5f0448369f5,4eb45192d6a01565c5c9ac4207d0039abe9b8e56c1d7b8071e823ce79411314e,603,20260812_SFT_SCALING_V1,train
paper_a4b2d7fa3ccbbb4c6471,4ed087cafd4b726760be9b18778115fcbdeeefb9ee25e7e81337dc4b0b71e1b9,604,20260812_SFT_SCALING_V1,train
paper_fc464ca90bc204fb4fb9,4ed46f62bc009ed0b51f7a2ab13d139acd158e621d547cb50dea515eba2cb527,605,20260812_SFT_SCALING_V1,train
paper_789a6d1ad075245bcb69,4ee4c2b06d7614d0ebdb9609fe8f82eb44eeff001f800c62f40cc6fcbc265eea,606,20260812_SFT_SCALING_V1,train
paper_9eca70ac9c66a0ecc684,4ee505b83cb8e9fa4748a0b3ef1e165ab0b6f67804dcbd415ec52d548444ceeb,607,20260812_SFT_SCALING_V1,train
paper_ff9b82de434c6ec0f4b0,4f0ff22a1cf7c5b4748cfbb468427161bfd47a9e844692932b12334ba7cceb2c,608,20260812_SFT_SCALING_V1,train
paper_055c30f255961e07a80e,4f5cbdf8333f1d33261a9bbeaf8974d66321eeb3559373112f867e8f046963c8,609,20260812_SFT_SCALING_V1,train
paper_5e71c72f7a5dc52b2892,4f6884582f45ae7b777d12914c8e9fee4665ac3d112560b50797d7d6fb51d046,610,20260812_SFT_SCALING_V1,train
paper_3be124ecfb9b58037f0f,4fadcae2a401e79ec3f8ccfb7cbd16862264b1df080ef62c0079a501705687ef,611,20260812_SFT_SCALING_V1,train
paper_f6bb7179b2d6e6455912,4fbc0eec0833f83c7839401f433626da26f87c2a20f03eede6839f52fcf1c61b,612,20260812_SFT_SCALING_V1,train
paper_b9e7a7fc983610a94d2a,4fc0c5a6bdf824f9bc8d624690e37dbfae611b933d5c84da1ea99776d869c5d5,613,20260812_SFT_SCALING_V1,train
paper_e0e569e36087955e0b06,4ffdc5a0a0cb63d611fe14c0f671f9e7d88f5275637f0c1a43b963d693d4080d,614,20260812_SFT_SCALING_V1,train
paper_8754a14fda22035d6860,500cc27c0bcc639e2fbe7e23f33f71fb29d04235dcccd71e40f5967de315fe91,615,20260812_SFT_SCALING_V1,train
paper_3c99e282d4bc4d094822,50115aab7de5ef4cb9d05ab480f130dd0d10859c29afec680ef70858227fe428,616,20260812_SFT_SCALING_V1,train
paper_6b87b17f9d1a3a845b3a,50590905dd3bc0a8b62c15269297be6af479808cdc190561e492852f6f5f37c7,617,20260812_SFT_SCALING_V1,train
paper_169d152bd78e1f0e9b49,509372fd2f80ace2823ca8e43870c6f06bd1db64f3facd4da20ce678265a1e94,618,20260812_SFT_SCALING_V1,train
paper_41243b2e71035d29da90,50a414735d02e53481aa63f10a9048be98a815c25ca9423f0ff601b3a3333b08,619,20260812_SFT_SCALING_V1,train
paper_dfa4c04d49179c51031d,50a73c5add394d27f24ea182d74097b56155ed82c28077bf8327d6c57848cbec,620,20260812_SFT_SCALING_V1,train
paper_427c674a5ba07d6d0b9f,50b18264b1f89b9fa8fb22bf11d88042e8d9f25de81418a56e4979d69d80ca4b,621,20260812_SFT_SCALING_V1,train
paper_3e108b41eee96bc84a73,50ccb64f54f7656cddd5e06b81583e5dc3e5615076049184a0318d16d27330b5,622,20260812_SFT_SCALING_V1,train
paper_eee7ac052c3ad5dbac4d,50d2a2a92ddba286a8c25e839712b9b8a4c59a74bfbb0ed47da517b5586c0e5e,623,20260812_SFT_SCALING_V1,train
paper_fea55ea95297375b89d0,50e120c3299f80d2fda69701a4f822bc07150b0f246a64e10951bb9d37ecca43,624,20260812_SFT_SCALING_V1,train
paper_f8ac84f71b01d5decc8e,51091b4e434464cfc04d8d15393825465d9e7a9792891ee68457ccae53efe4a8,625,20260812_SFT_SCALING_V1,train
paper_39dc0e0683b33639f89f,513aa1bedf7950dc05cfa5fe7c8b0d5f7ba0f5b37e6da4f17282f5107c6d4857,626,20260812_SFT_SCALING_V1,train
paper_48f90822105bf111ea1a,51a70527f2e113079579032dfa14456c077d13162d021ac9a5f1d4332543f8eb,627,20260812_SFT_SCALING_V1,train
paper_54617090ee3a4ee67d68,51f7117922ee775e0b79dadc3c17b2ca6640ea0dc2be614b96676fd4f893e3e4,628,20260812_SFT_SCALING_V1,train
paper_16dbf623d307897aaef7,522662c5fc84088749cbc2f3afde5533ed797bc0fbcbd2551daea9459cf739cc,629,20260812_SFT_SCALING_V1,train
paper_27f10dec8047a843a6ec,5256c6c115a743df792737571a5358e679115785a1978182c4dfd3810f001547,630,20260812_SFT_SCALING_V1,train
paper_ab4bbcc8857ba3557148,526a92ca09ec3fc448295485a71f0ee5ab8b42f6e85bde76b893c9241b3b1f5c,631,20260812_SFT_SCALING_V1,train
paper_783174359f20ba253383,528f6cb0c1f585b65b0e3cf9ddf812fc16190946edc6a592280d7be2cc2ff333,632,20260812_SFT_SCALING_V1,train
paper_04e03066f4102df0b9bd,5311f79eb80ddc903e1c390970af465af8310cb8812e720e026566d9fef1e62d,633,20260812_SFT_SCALING_V1,train
paper_bf590173ea587621d8ad,534197f456efec403f72f8269d1d8f99792c73df0aa23b82410df10abfce4efa,634,20260812_SFT_SCALING_V1,train
paper_ca18a68f81210c3e50e9,534e6747e9f24af4dfa59a3f000aae2f4fee5765916327e9f0460d28aea987a8,635,20260812_SFT_SCALING_V1,train
paper_0f9cb975cd0b7c104b86,53737e87d82a6678abf288a9a4693326136dc9d16f1187d84ab31a94ae8e3e4a,636,20260812_SFT_SCALING_V1,train
paper_76ea1bc753a6f3bd627c,53878f677953ed8a8a47f85c756ce695fbc97d051846c8a7ef985d5f8e8c7b8d,637,20260812_SFT_SCALING_V1,train
paper_2ce6080bc78f6dc4bbee,5396d9599c49857f905edbdda314f0e324681e80c6cd20a4355eee307ea46e4a,638,20260812_SFT_SCALING_V1,train
paper_c493ee04650e24bc9262,539ed4d395dcbfd68afa34ecf7671b90696490343f3bfbf074ff52b103002cbf,639,20260812_SFT_SCALING_V1,train
paper_ea0d0996e01f5ba956c4,540774cec5afdbf996c9af7924dc94bf2536a56652d5ee25bee8cdf054c4dd11,640,20260812_SFT_SCALING_V1,train
paper_4ad3f9a094b434800a09,54159581be491d432edb1278158069a0c7209a4dd5f1099c9bc7e24e11b45af9,641,20260812_SFT_SCALING_V1,train
paper_3f6bfa204e1dff930477,54163a7c17b2ceead54e41f01e88238187bb01911ccd44814bd451b76d4e6436,642,20260812_SFT_SCALING_V1,train
paper_39426b4aef4770d93ed7,542a6f51d762fdee3d407b9620715c30cf6d73809359834514433a8061629cec,643,20260812_SFT_SCALING_V1,train
paper_d233e8cdb8ca793ee1b6,542d442748e4f39eeb5e90d840181824da170bf85ee5bb5a16ac58d4bbb0f19f,644,20260812_SFT_SCALING_V1,train
paper_66cf6798a853095c2776,544b889b8483815be1a9619470007af1a10c60330a0f0bb614ce8b3622dfad7a,645,20260812_SFT_SCALING_V1,train
paper_9fd0e80083842c681e91,545bb20fc739fa7e2befbd4a80a264f7127eb342337a1cb6b4df4ede6edea377,646,20260812_SFT_SCALING_V1,train
paper_41969b2a5efedb22cfed,54780a8df985879daa0ba35e45e3bb69946064cfb6e864866804b77fd2cc95b5,647,20260812_SFT_SCALING_V1,train
paper_72149d18c080d4a16b73,54a9f6af27e32869bcfa0c749f89a8e3b1bff88e1cd764e04a1ca71e7eea0d88,648,20260812_SFT_SCALING_V1,train
paper_9a54738a99b16009b844,54b5a0f95d6297f121a0e1ab786dfaceb126ab95f6e847125e6ab4e8a02fe365,649,20260812_SFT_SCALING_V1,train
paper_56d1c041063dd1a9acf3,54c2c12917594504e2ab21d5ab2d6c29c53684f00ca316815d945ace85fbee28,650,20260812_SFT_SCALING_V1,train
paper_b3bdc644128eaefe47e3,54ebc1d12b1e179999bb1b2a85320b8cc9bf45b7e3a510e939ebdc24502ef396,651,20260812_SFT_SCALING_V1,train
paper_66ca7dab0efb8628c218,552fb85d744f673b22b064ddcbc613fe93336e165d1b6580c8bfc62427f0309a,652,20260812_SFT_SCALING_V1,train
paper_2915459eda4b88d763e4,553770c044d4d08e837c06d18cb44bab48a93883207cbc9e86f553c1f118a2ad,653,20260812_SFT_SCALING_V1,train
paper_87a2bed7ebe05c31f7bc,5582fc1be8ad70c67bddb3bd261cedc30c92e70b7f4604ce1ea6f33c839a51c8,654,20260812_SFT_SCALING_V1,train
paper_da0c94aa9e114e114416,5585f3b5ab478b2763fcc217cecdeece49b25b525bc9eefa251bed2f6dead76b,655,20260812_SFT_SCALING_V1,train
paper_16f52298d6daf40db176,558cb0d1fd0a3de5f5290fe378832ca34393a06b719a32b844181cf39d353619,656,20260812_SFT_SCALING_V1,train
paper_90f76598ff64ace34b11,5590467be6ad361f4a0580c46177fa6d4445ebaaae9324bcec0e084c929163d5,657,20260812_SFT_SCALING_V1,train
paper_0c6ab339e1fc81e69363,559a149b1ce03882ca23e4beeeb532cc31c9ae761587f26cf943fbf840b87ee5,658,20260812_SFT_SCALING_V1,train
paper_6b75a0758f7f8e49a5f0,55d2a4f34ee0e4ae3ff4ce9f4aac38c95d098e4d758cdc0d3a093a0be0385f3d,659,20260812_SFT_SCALING_V1,train
paper_8b6b74b78f127ceb59c4,562c50f6757799e19e34942bd6d97e5a794ca5947e2d3ac56aa487331ebae0cc,660,20260812_SFT_SCALING_V1,train
paper_fb4e7a3a63bf54771fa1,5640e10a320f31c9e584a186d2bef584524cd44783e82a15c035940bee93a681,661,20260812_SFT_SCALING_V1,train
paper_35b3eab66de11aeab930,5646c3d6d260c00b555a579a52adb6b86ee84e8ee2f8aa3911314eaee1f89c2a,662,20260812_SFT_SCALING_V1,train
paper_10391aa2210ab4785e17,5658b920366fe9ef2ff0271c6d34e9077223cb7f04b3e58f201e0d1e50602c36,663,20260812_SFT_SCALING_V1,train
paper_8dafbce5fb34e25f3bf6,56a2130edfb4b8dc5e31800615affe5e34c022081a8074ec213fdffbaca7a84e,664,20260812_SFT_SCALING_V1,train
paper_ca020b57ac7dedaa6980,570dd232cf0967aaff155585d3d789f911ea84c0422698a6967eb8098317cb18,665,20260812_SFT_SCALING_V1,train
paper_6937cc47e2b2f2fc2447,573ce0fffe424490e930588eda50106e54090ff58462a8018b5c26b57709b49f,666,20260812_SFT_SCALING_V1,train
paper_62b3091e260a0767cfbd,5755ee61eb3ea7acd7cc1da67eb1a73e87eee5d3209cdba7e90fef726045de03,667,20260812_SFT_SCALING_V1,train
paper_82ada25e588ffde0797b,578f4e9f75341c313166a1ce84e82def794eeab0d52ef896f82a4dc5e28390d8,668,20260812_SFT_SCALING_V1,train
paper_2132468aaf51509ba44a,57b68afe97dae831110704627415d94a3cdee9ff6c5c7fbbf65860a52ff997b4,669,20260812_SFT_SCALING_V1,train
paper_778169486c30445ecba2,57c2b9543484cd87c497114a928b67d8027cf9f2c7f20948ab274bc8fa49ad5f,670,20260812_SFT_SCALING_V1,train
paper_6a13a27f7b0b3686ceab,57c48a6c309a56c53ae4c41045ee26c6a406f333bcf4bf0fd5a9cb4a60ece82b,671,20260812_SFT_SCALING_V1,train
paper_ff188907dc0778979d1c,57cf6c862612b837ba6e840127dc1e565f55177f6e22be3342913cebff4970b6,672,20260812_SFT_SCALING_V1,train
paper_8dc8785106d0600e3d72,57e6e238781080eb135d57ac8da4a5d265046f6258d66f9964aaee425553a007,673,20260812_SFT_SCALING_V1,train
paper_56c871a48eef1bc45564,57f307298f0c8ca01001bae222d35c6a8bfb2049a251359c3e020f26b6dfc309,674,20260812_SFT_SCALING_V1,train
paper_a94d2ad962132cfd24cc,582543ab21428b548350a0d8fe557bbd54b243f80bf1a1c7f105e3c740171f2f,675,20260812_SFT_SCALING_V1,train
paper_0c794859356c0884a5e4,58745873beb6ce254ef0cbc270d3c0d490b28057a704bdd958033de9da7eecd8,676,20260812_SFT_SCALING_V1,train
paper_927858d424e2b9cea9ba,587a5b56f3e09f70b5a31af6deed361d20b742a34866dc2d48dc5b5d555e74ac,677,20260812_SFT_SCALING_V1,train
paper_7351e5743c7ecb5c6705,587c2931c09060bf7be9be2aa44f8e76508bf9fb44c3d9a6c7e82cc5603ce915,678,20260812_SFT_SCALING_V1,train
paper_d3d6bf6212f62c9c3292,589b9616110446bdc838b4d30cd596842afa1ba75bcdc3994ad67061be5200f0,679,20260812_SFT_SCALING_V1,train
paper_cfd4f1c04166827fa544,58a0616846255892565f295ff6dbc551565a4ad67161384ebbcb026c3c0bb494,680,20260812_SFT_SCALING_V1,train
paper_a39e2e13b6afca086191,58cd5fb86b31b49c32612bf96bd63e9836e967ae1fdfa874d279aa2cee6603bb,681,20260812_SFT_SCALING_V1,train
paper_6bcf74cbd6b92531a34f,58df12c019fa405ade774a7f26d6d8eefe143c23b66018a6ba181efd3108cdd1,682,20260812_SFT_SCALING_V1,train
paper_aa9d7fc4331799659cfe,594a73d91e5015115becb7bbca10d94ce8cc447c3595b6fb1f30188684f439c3,683,20260812_SFT_SCALING_V1,train
paper_8fecf48988292b0785aa,599e2cc21af85c10db6d32fecf4393d48ffee0b5f2919fb877aa1c6b4a138f95,684,20260812_SFT_SCALING_V1,train
paper_219e1e1c50a1bb0918fd,59a9fd91fa726fc48e6fc9c0b2fe71c86dfbcac2c590dfea4994b6c82d1a49fd,685,20260812_SFT_SCALING_V1,train
paper_0e42ce275b00cae15eee,59cca083e349bc70031ef2f08cd2630a6b4805c0ac518c31b2fe9785bad764c5,686,20260812_SFT_SCALING_V1,train
paper_e5bdd19c749ef2708e2f,5a286d6b2cb63ce10d56f202f17581a5cd6f475ed55f7ea20f984a6ec9b83e7d,687,20260812_SFT_SCALING_V1,train
paper_48b7ec807069e8d2c488,5a3c69d7198ebc5eace70d01effc5fcf15702858015ffc963b336eca22f0f400,688,20260812_SFT_SCALING_V1,train
paper_3ead46de96ae3c9d8a62,5a4475dbcf23fce712965d002a49e1fac197864178ed4dedd6b4d221f9dc8a77,689,20260812_SFT_SCALING_V1,train
paper_98b22e436f52b6233975,5a8deb403d3e34f95193fb2d917c9ae077e3dea139e55921749879403ed0bcbd,690,20260812_SFT_SCALING_V1,train
paper_dffdbee00caf5a312878,5a9f4fec83fdfc112ee094a6348b2630826859df1a14aeeef2eef99916b864cb,691,20260812_SFT_SCALING_V1,train
paper_585a1342fa701de95a25,5ac2cb171edc1ea523ae105d781e7ade10c02f00d4bb5f825420fbaed76be934,692,20260812_SFT_SCALING_V1,train
paper_de0186321a16af47ce1d,5acab8ce545de170ea184210c1450584bb9afee33fc98391c3e9bde6a891f448,693,20260812_SFT_SCALING_V1,train
paper_83a94f1c88011ed1464f,5b16dd2e2e3a1439b8ffb97009ae2342b20aefb270958068782ba468cf21492d,694,20260812_SFT_SCALING_V1,train
paper_df45d253c3a9b25b03cb,5b2ef8c7ae2154c2d88b983b3c8c0fa85c9afc4c329605cbf74303822239e9d2,695,20260812_SFT_SCALING_V1,train
paper_661b1867c0226471dae2,5b873aa7f27d5f7716988d3f88fffd0d463cd9ffa6ee4ed3b40d0c5b7b195063,696,20260812_SFT_SCALING_V1,train
paper_aefd1f6c29e982b9aba9,5b941c129ba232671adf72a87e4b9b75996d4bd77244a0a677591265ea8bb2b6,697,20260812_SFT_SCALING_V1,train
paper_5a8f097e6159fed3e1dc,5bc7bba1d27df7ef990778cd451bb7d78f9f5d58f8d4f87d7866a00fadbf4191,698,20260812_SFT_SCALING_V1,train
paper_16e3b97c39963ad0d408,5bdef8d3689d2fa624e1db8780372fd54b0cf1f50b44d735c735bc3bbebeb1fc,699,20260812_SFT_SCALING_V1,train
paper_0f39b53174dcbddc4a1d,5c85f20cfbef35737595894ace94c8a6516a7263e13041dbc864c0be4ae05239,700,20260812_SFT_SCALING_V1,train
paper_4fed03efeda4fa16bd81,5c9154476e1022774fe573895c83bed86799a0922f1a971d50f3846d6fa146fc,701,20260812_SFT_SCALING_V1,train
paper_92492c1b36f84428b0a0,5caab85aaa2d9137d27a2cd51f93c34220da431b37e5b02018f01f4b33b53f7d,702,20260812_SFT_SCALING_V1,train
paper_107db4c949cb026c7265,5ccdb7aa3fa2f4544abbffe867b10556e394a87bca718284c7f7c3d8a871fae6,703,20260812_SFT_SCALING_V1,train
paper_1929f7cd87eef5deef5a,5ce3ffd8be83392820a6b2f89d6d601dd34d747b1b186135ce377d789194bb6e,704,20260812_SFT_SCALING_V1,train
paper_5c5468e8db87cf4687b4,5d0fd2401f9fa00cff9a0edd6481fa8a428ae45e7648e9cf200a46f3220cad5b,705,20260812_SFT_SCALING_V1,train
paper_e61f93a45b9dbd4173bb,5d108079fb2dfd36b244721d0df3bb16c2c55e78293d1b5fed10c2df05b4cadb,706,20260812_SFT_SCALING_V1,train
paper_d29d84f63443160ab720,5d17b22527e4274664efee36e494c20684c970ed8b5c28e4aef4c47d090ccd4a,707,20260812_SFT_SCALING_V1,train
paper_bfafb1f783cf1c10b709,5d1960be7291059aef338ae1328ed3e7945a4c9c422db28d3e2e3393a9340abc,708,20260812_SFT_SCALING_V1,train
paper_df2d25df8f7320c47544,5d1e1f74c189e0d521f32dd5cf301c3e2f15b890480ddc610ed34b7e9a79ca58,709,20260812_SFT_SCALING_V1,train
paper_dae165a535b6dc4f98ae,5d355f7016cc14a7a073815544cf82f27cbc183c391ac1ff0741ebeb4fe15e04,710,20260812_SFT_SCALING_V1,train
paper_0f7e85cba4ea1f161796,5d390e4ac604faa1cf03a12b23644d6dc831112d1a961e47b275af0e08688624,711,20260812_SFT_SCALING_V1,train
paper_2235d89eca48310afdec,5d968d3f27487a1aa48106c6eda8be91fdad6111ac75a970bd657abc8ccba922,712,20260812_SFT_SCALING_V1,train
paper_62e38605fad8c2e0939c,5d9ecb8e5e0cf3596af306b1b537f9e4f78c64f7e4543bbdd9921aba4103ad4a,713,20260812_SFT_SCALING_V1,train
paper_07fe87a51004b7c9efc0,5da92eb83694fa177e78b86d571270f2ad24a76c4a1df1faff1967a5d18ca0f0,714,20260812_SFT_SCALING_V1,train
paper_7249aa5b34be37b5061a,5dc405aa304b86134e9b9c76d4b67a02e03d04ed8e921aefca8012ff4c70ef05,715,20260812_SFT_SCALING_V1,train
paper_431ab1e76408d8b002e7,5dd197af236f40c7de8db9390bed6eef549c36599a580f49677b2e572baa2657,716,20260812_SFT_SCALING_V1,train
paper_a07be0b922a6a4d5a1e9,5de173ee98259c1cffa6ca1f89ed0699cc38169f73b29f85ebad670cc4fa43a3,717,20260812_SFT_SCALING_V1,train
paper_2e5a03834a4cdece4a66,5dfa4bb4b5742450d1cb1dd3d46ca337ee0d1f97e9f1670a482600e290aee213,718,20260812_SFT_SCALING_V1,train
paper_0e810425168608981150,5e220cfdcbf82957a9f1c2a727b5cb2cf8c705a530195a33a094efc7ef23a6cd,719,20260812_SFT_SCALING_V1,train
paper_bf54d15a31f43b340d68,5e3cbe42a6eb0eee9e746a55359071907e98c7e0203cf0d1e51eb84b7c8f1b08,720,20260812_SFT_SCALING_V1,train
paper_07a3b3056cc42097fbf2,5e40764638c7998110ffbda601a0af3493c2cdbd28afe08309a21fd0c99b285e,721,20260812_SFT_SCALING_V1,train
paper_49141abea7fbb090c4e1,5e97624d8a4653aca293989c443b7645fcf7da46384fae0224ec85d61c114125,722,20260812_SFT_SCALING_V1,train
paper_c70f3e6133978235b579,5eab4413f23d40797e00c69078fec06ee27533441a747c47637b8a64d42fc625,723,20260812_SFT_SCALING_V1,train
paper_74e1a086c8cbbca52bb4,5f1fbae894c7d756c730bd93224f4d75e6dfb4eb2aeeeaf71dc51bdf92c17c16,724,20260812_SFT_SCALING_V1,train
paper_5bb169e3d0a7bddf67d2,5f87625e318d53c9a73ea232423a266f80b36e0d676c6b6bb17a28cac7e49eec,725,20260812_SFT_SCALING_V1,train
paper_c27015976f546c132876,5f97db876dd1e2d680a08af877e4c7470a6f2efd805603ae7097745fbaa0b174,726,20260812_SFT_SCALING_V1,train
paper_e5dc74b751031ccb7720,5fa5408b229e5a99ad2d7ca6ab93e68a589fdc2dcce35fe7dfc09f0221c28813,727,20260812_SFT_SCALING_V1,train
paper_f656dadd65e5d8d9c09c,5fe194e63d23fa84b69c00a01cbb7d8d282a1c2206acbfb82f3ec9223b93a202,728,20260812_SFT_SCALING_V1,train
paper_ef639adba85088c21271,5ff53062ed4bb127dfa218b5d71a6c232636d3b9082cd41b6c1a829cb7cffe01,729,20260812_SFT_SCALING_V1,train
paper_d4ec7d296adf27d47a89,6002507b0d47a189c7650699b53233f676008bce5a6b774a66fd37ee14e921ba,730,20260812_SFT_SCALING_V1,train
paper_5adcc8e2ca04bcfc87d9,6050c98e7a32b196c3d15f007a943366fc99decd3548e88a9ad70f7d00abf284,731,20260812_SFT_SCALING_V1,train
paper_d26912d416d0efef20b2,60603da3d9555407e127a7681ac32cf66b93f26ee6f2cf520d831f1dcb4559dd,732,20260812_SFT_SCALING_V1,train
paper_493fb857dd45cdb882e0,6078dd203d47fc62244741072c0fb5c5ae103620759c1cf045f8a0e3868e863d,733,20260812_SFT_SCALING_V1,train
paper_2990213101a302c6829d,607bd01fe54d461d374fd6b6ba4b118b4bf5b53e705098307403ab1f5a8c6fee,734,20260812_SFT_SCALING_V1,train
paper_bd62057c7302a0ba18e9,607e29c17c6de962acbf8cf4a77b916a0ec70fe1b92ddf95b703782a7cd5a382,735,20260812_SFT_SCALING_V1,train
paper_4b3e2d7da58e94877ec3,6086b8481e09862f0efa027996fcf3c0c7e9fa55d9536fce1dc5944f524deb66,736,20260812_SFT_SCALING_V1,train
paper_b12e54a4828575cf2d3c,609236823d37bddc5013e3fe4aec02d7215adcc27f636e869409fd21e07143ac,737,20260812_SFT_SCALING_V1,train
paper_f3b42bb14867c07e4aef,60b62f2e733464caca74e355abeff9b00e7f7ef1a2dcdae401e04fec1e7ff24e,738,20260812_SFT_SCALING_V1,train
paper_c35f24f154d422c07108,60d2dd7ca668a25b196aa75a89d991968477d68413b1decc1a6b1aa2ab9469c6,739,20260812_SFT_SCALING_V1,train
paper_a3dcf98fe3d5b5b73d1c,60d5478431867ff5d794b1dd41cecbf9e759a3394a349d218e71ff275eeb46e6,740,20260812_SFT_SCALING_V1,train
paper_f1d7cd92d2e39bad89e7,60edb2c4249be947d1a7f7384f7dbacf69498db85d8fc50938bf6cda1c02308d,741,20260812_SFT_SCALING_V1,train
paper_733dead659ca641cecf9,6100951a63653613c8c108dca8bc8f20072f1669def9c90daf77f38c0beb65e5,742,20260812_SFT_SCALING_V1,train
paper_cd99825e674af93f54a0,614fbf5f4d489c4b12e03047c9ef006728fb4743f5ac7cda65587553459b434e,743,20260812_SFT_SCALING_V1,train
paper_1d252e6c327bda31dd7e,61971fbe2e4c81fb9521340c3a25f50521030f7fa3aad054a06eb6ab98620515,744,20260812_SFT_SCALING_V1,train
paper_9ecf94b62655b1c23adb,61b203cc826e9d4ccdad5738bd6beb321dde1f60024dbc37887275be0db6608b,745,20260812_SFT_SCALING_V1,train
paper_d707afd32f2376608ebf,621dcf39e1e6d9e6fbb93c7a91f715f6cf2bc058393c65fdbfca7d3403f74136,746,20260812_SFT_SCALING_V1,train
paper_23067971f4b570077210,6228ade52e576fc83e52bc08ccbb34c4d6818f3d8238baf1476300372603dcd7,747,20260812_SFT_SCALING_V1,train
paper_d416d61532bdecbfaccb,62396de749fc6f6637722ffaca8475f589cf172403af8abf5fbfb93201f201a6,748,20260812_SFT_SCALING_V1,train
paper_a090533a9bc941a8e914,62936bb8c5e5e08d869876950fa42901d8d73176de5aa5cd84f46f5513c9204d,749,20260812_SFT_SCALING_V1,train
paper_b4bcc0e4ecfb791477ab,629e08d662fc6510f5d2af9762d1286be65285b1ceaf83009168d4a066f28bde,750,20260812_SFT_SCALING_V1,train
paper_3f3d0e48546e4ff42f4c,62ac77a24811f094be69f825807d016320810e9777a3d491578a9bd114300897,751,20260812_SFT_SCALING_V1,train
paper_356f10d0ab2550ac5a9f,62f6c501212bf547e9ff536dd495e46c158f0a376ac5f2e4efba6c2028f09a7f,752,20260812_SFT_SCALING_V1,train
paper_d4237e6fab9b882ccc6a,63072920bb35611c308090392607dc0a945d9067423cc40662089b4aa9b1b3e5,753,20260812_SFT_SCALING_V1,train
paper_97aa61ef09c6239ca708,63500a4bb7c7f5cec067e8d447324b9d902b2b29b8a922ee52c559cc5a7996c7,754,20260812_SFT_SCALING_V1,train
paper_d2eac0088861f06e06e3,63584810563f2f2aec522af65d4e9f733b3e846ff14e62c58aa04b8fedc6f4d9,755,20260812_SFT_SCALING_V1,train
paper_97a8687cac5aafc42602,6377042c76ff9841d498384c20b41047fd2eb6cc175576ed272ac719bc20d8b6,756,20260812_SFT_SCALING_V1,train
paper_47024cbbcdb16ac50eb1,639b056117124ccf26b1ada1bcb8ef9ab89aa7272bd46219ca8882f489fdf87c,757,20260812_SFT_SCALING_V1,train
paper_49a4120af96a476d4829,63ad4b4a2a025c551a055cc6f312840c48a2f4f55e46934e9d2370e9b39ea3a0,758,20260812_SFT_SCALING_V1,train
paper_eb85f70cd612e1e282fa,63cdf5b31572948a5c68d96857500f896d22060720302a435d9b16f2419bd715,759,20260812_SFT_SCALING_V1,train
paper_098454894ffb6b617c9d,63d80dde08c4ebb0f36195378b6c121baac40324cb56517ca3fb244b5cabbc24,760,20260812_SFT_SCALING_V1,train
paper_45bffc535c6c75f3735f,6434f27271a2ca3883527713550ad95aff39243a70d17aa97fb4d21905ff860f,761,20260812_SFT_SCALING_V1,train
paper_1162d660a2adeef19f80,6450e4a0259e59fcdc519a4fb3620f674c20d4785fb52a4b424fc00357a79f33,762,20260812_SFT_SCALING_V1,train
paper_036120c861457dcce7d9,645b1db43ece96ff195261a16588f7fe0c8efd022412a4a98c2e4693d9628f9b,763,20260812_SFT_SCALING_V1,train
paper_cc76a19258ed00e477ce,646ebddd0a7e829d14a16c623bbcac4eadbfc64a570e26c4224dbea7732fd511,764,20260812_SFT_SCALING_V1,train
paper_271e6a432146914f930d,648061ddc8ed2782195f65233c69d71d372059fa5bc2c2131143b08fb209aa15,765,20260812_SFT_SCALING_V1,train
paper_09318a44abac513252df,64ab1deee9d9f9ec140c3994ab58a450227d97f01f72f7e33503c6041d30b7bf,766,20260812_SFT_SCALING_V1,train
paper_663f877088137c6164e3,64e18c42151c6fbf4b53e4d487fff43246c0b5e1b032611b7790c5c9bd596f69,767,20260812_SFT_SCALING_V1,train
paper_78521781d2e91d1e798b,650e7853d217375fb280c9510e646e707864818c80a8735f329743ce1d8153ee,768,20260812_SFT_SCALING_V1,train
paper_b153a4108133aedb208f,6540b7fe24c5f9f04be99bb2bb57eb49d098d4ea26621074a43b806f0824e05b,769,20260812_SFT_SCALING_V1,train
paper_890ef2be2fd45f1127d6,65a7d75cf761b51fbb8fa79e7c35ea468e385a80d671fed8e8655473beaa38d8,770,20260812_SFT_SCALING_V1,train
paper_a9d83cb5165427ddab13,65c5706414fd5c3ae5f441376ca12202fa9507c52ec3625c4103258021ad52e6,771,20260812_SFT_SCALING_V1,train
paper_d5335a0a272e74fabf30,65c8ada190cdd06342f240398076dbd233b303d643b21d95312ec3f8a0641c83,772,20260812_SFT_SCALING_V1,train
paper_ffd162dab133003ee535,65d7d8902c0c484d48680a66dc7793755f02630a2202f6876d562882f951bda5,773,20260812_SFT_SCALING_V1,train
paper_aa28a1c986e09ef13f95,65ea579c71eadc048793f8a50c8f6af64a8e4784ae672a2af9bab1717272926b,774,20260812_SFT_SCALING_V1,train
paper_8614d958b1fd56258652,66318e5f03fae2a00a434e2826905ee36952910dc20c682a2786b5ea928074f1,775,20260812_SFT_SCALING_V1,train
paper_8ce711fbf07f21b62872,6669dc24ec40e0b4c42a1f6f9cedf9a395881f2e88c88bff87fe21c820ffd372,776,20260812_SFT_SCALING_V1,train
paper_c9545a7faa3c0ccf935f,66980b4e9f6976b242c6b31a5fe6d55049af3196e69a6aeafdc414e9a2a08c5b,777,20260812_SFT_SCALING_V1,train
paper_5f4d155a7e87fdbcfd57,66acc5d30448119f58c6eb46d0971606f914faa24015524191891c4265418109,778,20260812_SFT_SCALING_V1,train
paper_46020a24db82d64c0fdd,6700fb6bf7e3b68016ea4298750a2c7cf5440284035bd7652fcf07dd9a906875,779,20260812_SFT_SCALING_V1,train
paper_c3a2a06ddc49daaa4b54,67027e159a81836df0377ccfb26d20d6da529c7a875a01c85314fb2c0af17959,780,20260812_SFT_SCALING_V1,train
paper_012cfffb2443a103e06e,671cc5b5bc71e89ef48df2bc440145a8e161daab72823dcd71e287097f94e140,781,20260812_SFT_SCALING_V1,train
paper_12a764f13952eccb5204,672f895ca5e9464ac58818de4572ee4c661e973b640d7754b4093d2f37a23f5c,782,20260812_SFT_SCALING_V1,train
paper_0e732bca591d02f4edb1,673d5e81ef8251b700ba37797fdc61b4b616f66ea7d595d24b03b02573ead12e,783,20260812_SFT_SCALING_V1,train
paper_155f03396b28757938db,67451a6b4c0fdc22d1ce13af203996143b24a8861015bd35b38803d6912c0b88,784,20260812_SFT_SCALING_V1,train
paper_3c08cf90b3f2d280f2f3,6750c680214a10642b6c442bf75d06f5da058668bc9f5a0e8edca942d5d0271d,785,20260812_SFT_SCALING_V1,train
paper_a35c80746544bd19d98c,676722e436d39ce0b413bd0e4873aec21ed62ecbbf50d538c216c8246c3d49fd,786,20260812_SFT_SCALING_V1,train
paper_5ca5aa1d06192397111a,6782cc11418ac72731e9dc4f73f5ca80444e2b0c52b308ec3e65dd8edafe2dd2,787,20260812_SFT_SCALING_V1,train
paper_0199bd2da3a1c6ae84f4,67a2a17e760624b2b2a5d26264a58fcc6b489ee303dd2a2e988f5c73526903c8,788,20260812_SFT_SCALING_V1,train
paper_420a7c4a1beacd06e82f,67dc378712bd4da41bd06a1d44e7116940ab208606b6713fb6fb6568b4fdfa2f,789,20260812_SFT_SCALING_V1,train
paper_970b5a6ef6657c8631b9,68094ef3424a36dfd7921cf4034173ef3d6a30e25bb670622595c21682e5ec2f,790,20260812_SFT_SCALING_V1,train
paper_4df470ebcfb07bebccac,686847430c29a40b8be7f75b1bf3f37df735e480b5fea806611135f1637b84e5,791,20260812_SFT_SCALING_V1,train
paper_ab5c480d9ab0f3d8b434,687a634b7c8e7fadfcee7b20685408529e06431ec9198c56ca52917acf1c0151,792,20260812_SFT_SCALING_V1,train
paper_bb625ee9c2bceed76e9a,691ea6e74afd59dce00abee9922a26c49a983aa37f4ba2f664b5730b6cc39ea0,793,20260812_SFT_SCALING_V1,train
paper_8dc5c333e1321b1487f5,692ea6b260357d17c4bda3edf8651c07361fb5ee798044b16251dec3e3b4dc36,794,20260812_SFT_SCALING_V1,train
paper_cff41dd1aa1859e689a1,69732a658324101f392305f359a0bbffc4b5cc157eaf662b4ab1c5d1a41540a0,795,20260812_SFT_SCALING_V1,train
paper_fb3ca2b9915274b899b1,69c218b1b4ae736e036268eb13b9ea4869cb102a09b21b70980444ad19a2f0af,796,20260812_SFT_SCALING_V1,train
paper_5a677972ee4e2affa5cb,69cce4799992eae1372d3d66de646ba7252014b4926f82a32d25ce4778980606,797,20260812_SFT_SCALING_V1,train
paper_27cb55815739afd98af7,69f696f2bd0beb5bcb8dcde1e6f58d08b80dc8df0636c4355c2aad981fa9a335,798,20260812_SFT_SCALING_V1,train
paper_a26ecb38a15492aa8b60,6a04345a63d925e063a6c0c218ea0c35100ea6f616cef9ea267bd427e7d9417e,799,20260812_SFT_SCALING_V1,train
paper_de9b6276a7e3d55ce897,6a0721efcbcfd065e84ec4c12c9b6601ef57433314bf4a4a3db1aeade5cb8205,800,20260812_SFT_SCALING_V1,train
paper_d0057ec9692b59e85878,6a145533b5c7fbebd182906f50af54bc6041e2684bba4396b70e3d492c735e00,801,20260812_SFT_SCALING_V1,train
paper_f2be3d7faf13aa4b2b38,6a1a358885ad29151dd5f3f27c222350b2c3383bdb71787927459d2d182c0bf5,802,20260812_SFT_SCALING_V1,train
paper_9744040006c757b714ce,6a2b6799a1e2cfbae80adaafa54ab5169c31bfc1b0e31082429ed40b7e5f875c,803,20260812_SFT_SCALING_V1,train
paper_1cd03f121d79a0c57f50,6a639a03baa915282d4f2c579c2a1b44ebe2c35359870b78dd0a9edb1419de9f,804,20260812_SFT_SCALING_V1,train
paper_ad6c3aa9145b1a08c543,6aa06e792efdd04a8f1b0a8cfe8862910dc76b60cf48544e70a9609e1379f201,805,20260812_SFT_SCALING_V1,train
paper_59d14f7f5c168de48683,6b00aada45d26f1ff84648bd2ba364699c2c5e3e9fd29e2649b59cf17ae39de5,806,20260812_SFT_SCALING_V1,train
paper_6aeec59adf7bbd4cde2c,6b22c6270b6c3af07d793da816d29e7fe74adc843c146eeb46f0769d38fc95c8,807,20260812_SFT_SCALING_V1,train
paper_f34f3ae0a8d24052d913,6b5cef8388e2313827cd4540986d4bcef290bd03235216bf23e50440bc66f4ae,808,20260812_SFT_SCALING_V1,train
paper_ceadc9933a3d9d4c5c07,6b861bb609b6761d9a38d23782395735d9c9a45464612bbfc2b78030fe8b59c0,809,20260812_SFT_SCALING_V1,train
paper_6365016e63ccb2f0cb3f,6b9ad92c8c30709f284195bf3592f51f227f96008249a1633df01c9d61e83c2c,810,20260812_SFT_SCALING_V1,train
paper_0dfc713c6ddcc04e21ab,6b9c3f1c91ce5f3faa874178e77533c4600164821be0be2bd10e100462ee0471,811,20260812_SFT_SCALING_V1,train
paper_752b87d11b844759f3ca,6b9e2544c81e60e4e47996bc4fd1b97ae9980d4abccc31728c311eaac2e30632,812,20260812_SFT_SCALING_V1,train
paper_aa20e44800f1e436506d,6ba47c15a021587acbc080f7b9b8691459ca270e1fcf6015dd0dd8c5328dc101,813,20260812_SFT_SCALING_V1,train
paper_83c1908f50bfa8e73253,6bd787e5af0f755be9b39dc21157bceda0fae7a16707e8b4f080b15bb12bd521,814,20260812_SFT_SCALING_V1,train
paper_e3d8928cee28521c5c57,6be95a3c83fc8f21ebcf492f357d5526571b1d399166092bd52833f39bed31a1,815,20260812_SFT_SCALING_V1,train
paper_4a86ac22a2cab003d131,6c2b5aade593d5a30fb764a41eacab03e420239f1e87675e72d462d93f3ea40b,816,20260812_SFT_SCALING_V1,train
paper_fb5352011719292bb656,6c433fb95ba32a4f9a38d6d5209795cefe58435b628909e3c8176a17977ebfec,817,20260812_SFT_SCALING_V1,train
paper_9617adc250ddacd73f38,6c65eaca8747170a819c435a44eb14cbec81ce0dae40c94be3e39aa2d16b47f1,818,20260812_SFT_SCALING_V1,train
paper_a426e3e98e6061d7b10b,6ce395e585ef01c10cc7d66a0048b21a231062381a1a67d82f46c884f43783c9,819,20260812_SFT_SCALING_V1,train
paper_879cd01f80e1e8f539ed,6cf72d93d2a26649de5f7592da270d9adba96218190d4aa8793aa6a256c766bc,820,20260812_SFT_SCALING_V1,train
paper_52e45ae625e87cb51855,6cfd65040ff8ba519f3d6e430436045533315bdc2688770aac029186010d5a78,821,20260812_SFT_SCALING_V1,train
paper_3ad4c97acce29985ea25,6d1f2f26f8f2d5d44666066cf2e9db6d10f39b6ddbfb80dc6e7e75c6570e9d2f,822,20260812_SFT_SCALING_V1,train
paper_671daf0e5afd51aed570,6d84ec884c912f2ac860258570aa2f599adc53be4edba3711e06b63c8c8e46dc,823,20260812_SFT_SCALING_V1,train
paper_6a8becc5c88f09b869f3,6d89e90725522e3ae26a7dcf70a5be1f4fba63bbc036134080fbe3f06915483a,824,20260812_SFT_SCALING_V1,train
paper_f45797a88c262068bdbc,6d8e4bbdd075069825b0a42e2a773f74cc26bec027fee446fa06eac0b04dd17a,825,20260812_SFT_SCALING_V1,train
paper_b4060e490d5e7ece7232,6db1f89b5b10a870ce9761c1655e37a066e9f50c8c0b0207a5046256c14db162,826,20260812_SFT_SCALING_V1,train
paper_1505cb58904a14e9acef,6dcea2316e5368ac736f1e133faecca953ebc0fd6ac07d8705bdc15d5969d68f,827,20260812_SFT_SCALING_V1,train
paper_89e5d5d70972f39a5320,6dd6ac8a18f0f761724c7e8add3f90a07c399446ab194179e705e99729d26821,828,20260812_SFT_SCALING_V1,train
paper_494fced5d2e7467e1403,6de9df30609863647ee847aa620e2b1566907842ee80a298253ece2887b5d61f,829,20260812_SFT_SCALING_V1,train
paper_454aff797060891be3c6,6e21fe5be71c05adcba4205f14806f9998bd9fd0e996c745700793f018b34433,830,20260812_SFT_SCALING_V1,train
paper_2c9947398b4a04e8b1e2,6e386d120e5acebfc3e0f6a9866a22a49a6a39caac303d30407ae3ac467023b3,831,20260812_SFT_SCALING_V1,train
paper_f2732436a0eceaabb00c,6e3ad1d498d4dc52436a31f9045a9820b1d8957d94efa9680e4604016e13e2f9,832,20260812_SFT_SCALING_V1,train
paper_19bccdea426791268379,6e48c5282d701fc972e3583fde1c50d14b1c7b294fffb4635b1c09afea103bed,833,20260812_SFT_SCALING_V1,train
paper_0ea2cd3fac325b024b62,6e5060f16da416427c322f0a32bb537ada9a06a6064f051174ad77c5c1d61082,834,20260812_SFT_SCALING_V1,train
paper_4cbcd513356a1d2d7b3e,6e6c7fbe80b86a5b36a242947ce8bef221e3b33fad2e6fc09e89d1f8383e82d9,835,20260812_SFT_SCALING_V1,train
paper_32c0694947af1a320e1a,6e790f719e9d52abe16fc0da2921fe761f8fc3b77779859a55ca50b3186fa273,836,20260812_SFT_SCALING_V1,train
paper_cc9ed1f379259d9c2e94,6e8540d60dfcda44f0f27ca80e8f682b1948bcf4a1bf78e4f3513a723c8a2cc8,837,20260812_SFT_SCALING_V1,train
paper_d0cda66392b22526445e,6eb29ba9b5dd926c07bd6fadfd2dfdc758eedf2cf5be9811a197e5cdbcf97ba7,838,20260812_SFT_SCALING_V1,train
paper_480ef6f63ad202e0de3b,6ed45af45f9e9f58a200b3ddbc1887ddc919a5515050cac7c753c52da5711cff,839,20260812_SFT_SCALING_V1,train
paper_abd13107c8ccce629ec5,6ee70b29724678901f98da28a168d3eee7400bddbeaf24c9e4efc4da6d680de4,840,20260812_SFT_SCALING_V1,train
paper_db02ad53b325ae25d0b4,6ef2d0da073b54d8d231a66ceee50abbeeea769d7c4afe4b37ec51a0f2a10184,841,20260812_SFT_SCALING_V1,train
paper_8af94154beb2a5df2697,6efb9ade2cefd3e1309a50170afebc5506d6801b64e8285f09fa69ad7e66926c,842,20260812_SFT_SCALING_V1,train
paper_760c24d74340c0ae9428,6f1f11cf8619958e1e858fc9fa372cd357894214d17ca2fadb141e9be69ab57e,843,20260812_SFT_SCALING_V1,train
paper_73dc6842ac0f62ccc904,6f61b09d8918dc511e3000630d0c1c496097cc357904e06daccb0ab88c82a427,844,20260812_SFT_SCALING_V1,train
paper_cebd4830799f542e23ff,6f703096a6da3e3242a8ee39e3b6cf62615e443ec16e258fad65cfe0666699a1,845,20260812_SFT_SCALING_V1,train
paper_6ffe7bc6827797347dff,6f80209a9ff4e64cffcf46f7c23baefa253a79af77bfe122cf5be64bf3d39713,846,20260812_SFT_SCALING_V1,train
paper_583ba179ad1bd014f19f,6f8377f2b6b961526e8e6293879c5499a7e32c307e1a01272a3b6dea9af42f52,847,20260812_SFT_SCALING_V1,train
paper_e92614718c7b5ee969ba,6fa8ffdab0c96da057b9e8ea6a7848c4c077f6c19fb40159380effc29881b4ea,848,20260812_SFT_SCALING_V1,train
paper_87f744f573ecdefa9ac9,6fbc32145d8659eb9f176b98d4d2e078b2a9b1a77a761b2cf3af60af3bbf7693,849,20260812_SFT_SCALING_V1,train
paper_775561e5dc791ef2cb02,6fcfea3523c7889be9c92b09ad64609b55ccb7c196e48def08be02b209abaa5f,850,20260812_SFT_SCALING_V1,train
paper_fa75a4f2748abb5e22fe,701a15a82636dcb668ab0e74df8cebadde46ff5158630235bbae407b21e470db,851,20260812_SFT_SCALING_V1,train
paper_ad960a099664c9384385,701cb26da0be537baf27f91d5b903c01e7c91305db79170b26a12a6cd6681b4f,852,20260812_SFT_SCALING_V1,train
paper_8960d35e4e7e918f25b3,7092842600e3492868909234d01da45f0f38e1f2cf988b12fa0430c439105d43,853,20260812_SFT_SCALING_V1,train
paper_d7a0aeadcd3541bb384e,70cfef171a4915efb4ac20c06f0fda2add38e4db4a4aaa6c844c22d2a9a5de82,854,20260812_SFT_SCALING_V1,train
paper_fdb671853a669cdb0e87,70ecddcfc8f4d0ab06f2ff562c35d8377240e9c31534e014b739df433e36366e,855,20260812_SFT_SCALING_V1,train
paper_81299702e47fe70c2f7d,713d788e9227f235f29477057b2dc05ca9957a2a37c381342cde59eff6f94c21,856,20260812_SFT_SCALING_V1,train
paper_1bcacd02dc9d094de149,71427493e208a7d5820a524480a4510e694048ecef8669dcdbdf7fc900f186a5,857,20260812_SFT_SCALING_V1,train
paper_53fb745495c413ce93d7,717b402a4126412024827bb5245626cca10bd4c8d151ef758542704cdfa4559f,858,20260812_SFT_SCALING_V1,train
paper_52464a9d6f2e93910661,718239ac69c108510cc9349dd400bdf1900de02ee4e98815a3a15fd387d3d13a,859,20260812_SFT_SCALING_V1,train
paper_a9f339fccd3c96381e78,7187e59ba77966a70a7a26467562a21e2ee3caa161194e2fa5f23a2728d96d69,860,20260812_SFT_SCALING_V1,train
paper_bc8cf1c27837920034b1,71a5c725ba36ad8717e3b447954e66508c29c73670a603f526cf609d836da363,861,20260812_SFT_SCALING_V1,train
paper_6904690653aa3ce5dd9c,71ba56acfe66fdb1a85fc5fc5bfa19c38bb649a98a489cbdb73030ce1ad69a50,862,20260812_SFT_SCALING_V1,train
paper_1fb34ecfd11bbe4cedc9,7233816ec5263b17d4b87a9a653b793aee176c0caf50b276603950a6c2d7a281,863,20260812_SFT_SCALING_V1,train
paper_68bc91488ec451c8fb7e,7241e9ce4813a2b420c719640688f61896927b0cf84ed6dc513e1c5db1bbb0f9,864,20260812_SFT_SCALING_V1,train
paper_9fe3574541257f9f6861,725d6ca72ee7d9b41f6b2848b76b8a7e1a2d325a73f550f9cab465e95d2121a3,865,20260812_SFT_SCALING_V1,train
paper_2cead7bf3791c2b24bcd,727d886a1112a34545d5d74f289e3724ea4d627f5bb9fb2d4e04fc4f12cee974,866,20260812_SFT_SCALING_V1,train
paper_2d099084242b939a3af5,72841cb27b228e7d569870a936b3a8b214cdc8f6cd43175a7259181cccaf50e7,867,20260812_SFT_SCALING_V1,train
paper_a0f697f2769682f05941,728b4b91e3c99bf2af16c06239555574b817f6827885a2e7e0ca2dd8e3e713f2,868,20260812_SFT_SCALING_V1,train
paper_2fa76b57fa652824daf1,72a8049080e0b210e2160968f9867f8d7e87ddc9a300252eb0c42d1369750b7a,869,20260812_SFT_SCALING_V1,train
paper_a1519868149566c09b85,72a974cbfb514f71b695aa6df6495da76545ab2696c8fcea4e927e27420ef6ad,870,20260812_SFT_SCALING_V1,train
paper_3f7b8d5f291072c7e8ae,72ace77f1c9ae1269abc948e71f4a3b26da7ff692c745d92a673a78478af86e2,871,20260812_SFT_SCALING_V1,train
paper_2018ada7d8a5bf4f51a9,72b3fd270a0f4c0b7e5b8fbecaead474f29f65f17ec63aa7fadaea37ce8e73ee,872,20260812_SFT_SCALING_V1,train
paper_b0a953422591639eafd8,72b75904e4297ee7c734f92653dfe88762c6fc255c17fefd129ac5b516060ec4,873,20260812_SFT_SCALING_V1,train
paper_204dc0c975ccb06e9f3a,72cd40d77934e40994f225957371cd0b097aa0411f71790157eb28f129247500,874,20260812_SFT_SCALING_V1,train
paper_cf903f949f015c0adc07,72e256849febd33f6de8bc905c01475fb99a26f1ba15246b36cc64e6894d31cd,875,20260812_SFT_SCALING_V1,train
paper_35daa3771be2bd2112a0,730e96b0dc98c9881dad614f23153e7a84a1ff017cc1e4e97db37a1580c4fd54,876,20260812_SFT_SCALING_V1,train
paper_07f217e000b1db2955b5,734111f839414fc3a4fefb99dce06cdd965de7566d7cb21202cb5e21d20870a5,877,20260812_SFT_SCALING_V1,train
paper_e74918395456cb11f56d,734ecff8160e21f110268008c5aaa51904d96c5d830e65b4af17f2e51ac49cdd,878,20260812_SFT_SCALING_V1,train
paper_0f61c61330c55093b22d,7369f8d7a9f0afd8a8ce2e0b4180aadadc6eeb3d7c7d09d941e6fe4215e21afa,879,20260812_SFT_SCALING_V1,train
paper_663c9861204cefb16aa6,73a0ab05c78d2a0b00d89f3e314a2b42652d06b7a713e6c3d0a132d33f828c44,880,20260812_SFT_SCALING_V1,train
paper_1c8a84b0f4b0a4180368,73bab943a28f69ae9e8c353bd42b481b7561206547dac9ff789f6c2c92998266,881,20260812_SFT_SCALING_V1,train
paper_9ed7e5dd2d19fdae47dd,73cd5c6169f469ebda6873d24a31cb0002f5779d10fb128da1bf4e48975072b0,882,20260812_SFT_SCALING_V1,train
paper_1a5a5643c69613aa0d3c,73dc77fab439283f2d2dc1fd39736669bd6d7c9f2e0c9fba3551f778a4b67839,883,20260812_SFT_SCALING_V1,train
paper_3c32c12bfdc4fe56f015,73dd328af28e781d77135118e02a0f769fe8e758678505de543f4c8032baec63,884,20260812_SFT_SCALING_V1,train
paper_4611789ef7e3c08c3ac9,73ddc65212d7ef0d1b6418b56f75a6ba4adf63475a431062f36c4a767fab9529,885,20260812_SFT_SCALING_V1,train
paper_3f0e855d24d6dc79c1e3,73f09a805404f0e4951a2accfdb898fe837e411c36d868b4bc20785404346a38,886,20260812_SFT_SCALING_V1,train
paper_99b91e4391be449bdb00,74071e566f611ab651fdaa234165b1a33ef34b01eff4a1656f469266f78c8e54,887,20260812_SFT_SCALING_V1,train
paper_8fffa7755c947f926f25,741aa427dfb924bd9246734c3a1573469e37281dbdfc63d040175e216809fc2d,888,20260812_SFT_SCALING_V1,train
paper_e924e456ceaca93fa45c,742766f3a9133b464c71c188e6f26624d716e364cd6aeb1ed7f2f0f5d715d5e0,889,20260812_SFT_SCALING_V1,train
paper_e1119708fab69f9652a3,743e428f4ce190ec5d7be247993dab72b9927dd6c917f45b149f4433848b7524,890,20260812_SFT_SCALING_V1,train
paper_78c0ed038711160919ae,7491a182990371853686405ee3025552019107450e21ea25a345220bf496c205,891,20260812_SFT_SCALING_V1,train
paper_d5d65745a63e07efd9af,7498764be3b4ad920b5cd1ebf23321235bfa91657aac383b67c9f2ae8e4f0810,892,20260812_SFT_SCALING_V1,train
paper_53d17039ee6ced32c298,74cb506a2f00014d94ea66a4dae8b3c32f795ad648340797219a772d5152d6db,893,20260812_SFT_SCALING_V1,train
paper_b00e1ebe06b61db493f4,74cbf0ec71df1cb71a7e3c1dce18ade0f7cc7c989edc0e483c8f266940716814,894,20260812_SFT_SCALING_V1,train
paper_228ae7746c6384c3588b,7522ee2f03291f8935396ed57a80233b2a01f221baee2f88c6bdd2c56b330ec1,895,20260812_SFT_SCALING_V1,train
paper_5d1d17020e2f0bfca95b,75460cac011c24245b5b25698d1aef69054446c719f84ab4f6c9ae3a8b4431e6,896,20260812_SFT_SCALING_V1,train
paper_0b8596b48a890a9f2feb,75615079de59c8bb7a8c4805079c0246510d7312f388337c26a3964f00396751,897,20260812_SFT_SCALING_V1,train
paper_5089be4b16f8df84fd34,75965c3f715906fa2a9e4fd34c42ab53990fa4021430e47a823a4f7ebc9992c1,898,20260812_SFT_SCALING_V1,train
paper_5675b30f5cad570acb65,75c0af4798fa658d9ee11f617c439703a2e1aed9b727b027e05de04118d82e24,899,20260812_SFT_SCALING_V1,train
paper_190df2258f3e7ef7321c,76233e9ffdf8b1f53476261878f68445ea9beb3bbd35bfd0fca7efd48d30b59b,900,20260812_SFT_SCALING_V1,train
paper_985fcd185ed02e5bf0c9,763cc9a2316cc9675581e99c50080f34bef5c3f2f0743d3933eebac58eac31a7,901,20260812_SFT_SCALING_V1,train
paper_eddc5d22611e6979656e,764aabcd7d11c63547306592e0d8d5c351fdcab3410ae01c708f529d12a85b07,902,20260812_SFT_SCALING_V1,train
paper_ce55e30ff5f95d5e96ef,7659e95fec36f9015b95651d58c85d312cc7c144d8361a78c8531f1ae62ccae3,903,20260812_SFT_SCALING_V1,train
paper_fabf56942b601869800a,76ccea8899efe94029a149e279c48be57d09f1f1ffe21e15a35ea0693ab95976,904,20260812_SFT_SCALING_V1,train
paper_e3892e7e8caa66ec339f,76fc3a438854140980450be43d30fc9d84b91e26597a375df7cd942f34b5adc6,905,20260812_SFT_SCALING_V1,train
paper_c98ae0a78fde0cd2da77,7724a0257b78e933882d860e5d11adab280f0ca0f8b9188625ddac5e8735e54a,906,20260812_SFT_SCALING_V1,train
paper_e66c066ad5b463fe5b2a,7726db2aaf908a66bf1925c106bdf1085e3c069998f0aaca7b37add3368ec835,907,20260812_SFT_SCALING_V1,train
paper_75ba7a8d3c3e91ae2125,773941dd0c33a100726a73f6175aec5b285ab04a6327198b17f2ad4c6626349a,908,20260812_SFT_SCALING_V1,train
paper_a4bb65c2fe1a69894fbe,7750285785604086444d5e9899140734b25e68867ff3caf389a68ff788bdb7bb,909,20260812_SFT_SCALING_V1,train
paper_aba6a50b0e33123b60f3,7767d9e740a2c01ee5b3b47514727a30e7c5ee2722d32397dd291526580d31f1,910,20260812_SFT_SCALING_V1,train
paper_908b6ec651f9c3279ecd,7773c1888c96712c3b3fc0098041cf381fc24e90464951eccfdb966c2afa39a4,911,20260812_SFT_SCALING_V1,train
paper_b33dff89ce500841ced0,77bd18c7321d496f5db0864cc3eefe9845cc9e679b001d8faa1cb94eeff5ad81,912,20260812_SFT_SCALING_V1,train
paper_e0bc38afddebf5979ec5,77eb5d19eccb02632050d5922eb970aef0d21b598d7b3d82e0ad153c86532133,913,20260812_SFT_SCALING_V1,train
paper_4c2d2f3557f22a5addf1,77edd21a775386abaa459d07cb8dde2c82cf5aa275fee0ee4c0b658a0b5584cc,914,20260812_SFT_SCALING_V1,train
paper_16c13df8cf3bc9f0e47f,782f5c7aa61cfb5c8483c1c7ee4300b94e74121f1ef7d643d8aa2c31b7e41a50,915,20260812_SFT_SCALING_V1,train
paper_0bdee45a81a51102cccb,789006095049c62f1e9969d22a83aa14446f582debdafcf4e4a601c6abd772e3,916,20260812_SFT_SCALING_V1,train
paper_8bd9081f061e68e47e08,78ae8169e899736c6f421fdfb233d6066cc3f627108d21b566a4b8ae1cc34daf,917,20260812_SFT_SCALING_V1,train
paper_68cee94333b5ee318c5f,78be26684e3558913ec51bd3b0c6f3105757e0a3ecfea002c2ea02a0f1054b06,918,20260812_SFT_SCALING_V1,train
paper_83d6440ad70ea0a7d858,78bf3a4aa1891621e25eb934cba781b65ac81a80dcb24ff1c4adf345c63e146c,919,20260812_SFT_SCALING_V1,train
paper_fb930d159272344a0721,792e6fa496a2fb53750fc007145b6c800f0d33c5af36e97ba54c78471f629c33,920,20260812_SFT_SCALING_V1,train
paper_035b8930770225ae28f0,796b93fecb7ac91391bac331e192299ea5349b05e9becbfc08bce7e77bd09676,921,20260812_SFT_SCALING_V1,train
paper_f0583650cca2040db9aa,7983d809edc23136999050eba3406536d0f0b01847a29d5a1df3a00436f09a02,922,20260812_SFT_SCALING_V1,train
paper_d4cdccfc8cc1d77cc1ce,79d01d0821d89d9f665e1a6b97b469345df971bcb30648b624ddb8f967b34a6b,923,20260812_SFT_SCALING_V1,train
paper_89fda2b1fae52af29ea2,79d7d6fe5cd349fbe73970e2aa0af697d1bd3bd3265f9f3796df48967dcfb1d2,924,20260812_SFT_SCALING_V1,train
paper_c7f4c59a783a734322b2,7a41cd38ebda2e9475cfacd900f5f51b42f7f1d8f0b3c6cc6cde4f28bcd5d262,925,20260812_SFT_SCALING_V1,train
paper_8395968a688a8ba84b76,7a434a71bf35d4f40a47bb5229e3bc02409d48683c3dfdf0b2e20cc17a52825d,926,20260812_SFT_SCALING_V1,train
paper_3b63921dc7b40442b746,7a4e24458481a8ab8218e39c80f6ed831198b72e92ccdd423deb6e50337a692c,927,20260812_SFT_SCALING_V1,train
paper_31574d46962b0f0e1fa9,7a6ed000e19455efa96b128448589ed262fb57ec102cebad5bd3bf3c62ad18f9,928,20260812_SFT_SCALING_V1,train
paper_87be139223c2bd606a81,7a92661209c1d36b89ab27cd00bea78c47b408b137a64426bc45150e1d5a3d98,929,20260812_SFT_SCALING_V1,train
paper_8d40d89731d42e529964,7a930bd45c26605920986d54dc316a8f53f5748e6afcfb0f8cc1dd2d2f200119,930,20260812_SFT_SCALING_V1,train
paper_d4cafb54afe17e7fa6d9,7a9aa49209a691852f1c86f90cca96c264af14870c880a72988bd38ae6b54a2c,931,20260812_SFT_SCALING_V1,train
paper_084253dae7a7f19e544f,7a9ac9e0debd8f5012e0b968ea34cde0c85f69356dd2188071163ebc47f3d655,932,20260812_SFT_SCALING_V1,train
paper_a35d36b9493ebcd5fa84,7aa9693f14593b01a1607ff367f0de90d40e40b4d835d5805031d777709f8d73,933,20260812_SFT_SCALING_V1,train
paper_e020c739ba85ea0ff35b,7aaccbc1bae3d3afe14db9357bc1d3e2fcf754d5cdbd052b1cb40feaf62e6f3b,934,20260812_SFT_SCALING_V1,train
paper_cce946fd7f9a51375e1e,7ac4e48e9390e3eba7903d24fa5546c644e85de9f72b8e1a77cad4441432b688,935,20260812_SFT_SCALING_V1,train
paper_f6075846ba4e417ca28c,7ad56414667ded163c27e656458f29fceb5c7f85df4ec6251efe953f1e6c5cd1,936,20260812_SFT_SCALING_V1,train
paper_817baf95fed9d0fdcad7,7b1f193bf00bc8d60262afb32a44213a52ac9d36b3988b29dc15dde772bcf05b,937,20260812_SFT_SCALING_V1,train
paper_8626ff7c68d7bb9ec6b6,7b2b6b26740747ab81b7be5e0cfecc278057a8dddff0b4dac47b97c93bd00a24,938,20260812_SFT_SCALING_V1,train
paper_b85cbfed3a7df0f91bff,7b663f19d3c304ab67828c9f9f2b3a110f8005a23402260fd8fd6c631fb19209,939,20260812_SFT_SCALING_V1,train
paper_fde0dbf7d82a9cdda7c7,7b8914d151cc00be329c3ff102796f9568a07025d5a31f2abb30af42da41e0b2,940,20260812_SFT_SCALING_V1,train
paper_19b61bfed1e7420aa0cb,7c047b6f44aca169d2c06143e8af948a3fda3a07224f2aecc117f2bf69119387,941,20260812_SFT_SCALING_V1,train
paper_c7495d7c09eec5e52ed8,7c2247c5aeeb4a08430cd7d4a4eb6f9d0e893d2501fe618bef952e38fd90f92e,942,20260812_SFT_SCALING_V1,train
paper_df87e85f2ad904ecb786,7c3bfddb6273a6c33582a8f4ce5ab56c98293bdc7393aff39212b4cccc81a544,943,20260812_SFT_SCALING_V1,train
paper_e7fec3685220067305fc,7c8f6d0c1b3e3eb4e55313c885d59885e11a980d100f02bf6eec3fe4a0160dcc,944,20260812_SFT_SCALING_V1,train
paper_d1e6094c69cf04df5d74,7ca43392dfde1af40d81d2d1205f11bbff7288d1c449fac8e44a7116453b1de8,945,20260812_SFT_SCALING_V1,train
paper_ea4267fba8d94a8c033c,7cade1ffa068eea6769aa60181d5346c8c8d980b4753d4b0b39b54671ac5c2a7,946,20260812_SFT_SCALING_V1,train
paper_7d2722982c6d5e49f32f,7cb6fddb8041a21b1c28eefc154218269995356113c41a49cc296fce12c15815,947,20260812_SFT_SCALING_V1,train
paper_55b4b2bdafbd819c7d8a,7cff98d4a616e34bd13c8f3b6baf721bf03bb3eab5bef5d8a953c896c23b0721,948,20260812_SFT_SCALING_V1,train
paper_be855fb98ce8a2a0e487,7d1c9911eaf0c15e6be64e341de3fcc2e6467c4b7d44dedd75310fb497720481,949,20260812_SFT_SCALING_V1,train
paper_1a8139b3d1a58181a74a,7d2aa6da2ef72b30a6e9c301edf0d380f33eecd56634563569c9af5b87d41ce9,950,20260812_SFT_SCALING_V1,train
paper_b7eb43a1714dfea51b3f,7d786bf308a7365c191d864680f54042dd40b14171fa18ab7ad6a2439aa07281,951,20260812_SFT_SCALING_V1,train
paper_4da9480afde49d0b39b6,7d9f992a71534f8d9919586552582626d169d695c5ac6c833dd90a2e6534b289,952,20260812_SFT_SCALING_V1,train
paper_11c16d5f80d944fde4f9,7d9f9f57cc54ca33fef5738e1465735954fd6294bcf38091ec523823661242bc,953,20260812_SFT_SCALING_V1,train
paper_6f4ca55294d5886cdb1c,7da364b34c66bf03cafeb5a36dfa9cc9faaa28981fdf7d50a661d5e0a335f495,954,20260812_SFT_SCALING_V1,train
paper_fbed811a281c252f5a17,7dcb8e70f01ea7a17e1d34565913cf487295ba5e06e97a23a039b720862ff7af,955,20260812_SFT_SCALING_V1,train
paper_d27746fdbaa397643691,7ddc48509e935e49b4ac7abe3e3c947aa4cf42845f2c0bdf34f379c6ae31f3b7,956,20260812_SFT_SCALING_V1,train
paper_f00cd50c0c8adb622672,7e0bc7051f9d75875d96fd9e99db363ca75348a55a91ea3adb4e4c2ac36c21a2,957,20260812_SFT_SCALING_V1,train
paper_a179d968d5804bee3736,7e1b39dcd82ca49b9b31c83903871e8fea2aeef41510ca2ae347b1d57bfb6f07,958,20260812_SFT_SCALING_V1,train
paper_ce646a57e074e1cdd0d7,7e8d1e281e094200e9b04cddea87e6402a10c9f6568fa920454da94811642fdc,959,20260812_SFT_SCALING_V1,train
paper_83ca826490ae45e8980a,7ec01d7fc66d03d6947e5f07268ea8e3da2f54d0a5edf833e4f6ec6e40fb42d7,960,20260812_SFT_SCALING_V1,train
paper_9280239db1e4821bc6e9,7ed2fae29501994bf2c3894d4064fabe9f42ecbeffc5427f9f108080c02b875a,961,20260812_SFT_SCALING_V1,train
paper_871172d21a3f1d64dae1,7ef979a7f1800e1f37c3e774b1255fd4042112df6d5593c042d45713e6505c29,962,20260812_SFT_SCALING_V1,train
paper_925df95ce06fa731d89c,7f05967d9678efece097e4f8001608e87659b258f116a00f75d539ce87eca7fc,963,20260812_SFT_SCALING_V1,train
paper_caf83ac6d968d7b42c21,7f1d4de45759bb098d04b3787635df205408821d3acdf523bcf2303a86921baf,964,20260812_SFT_SCALING_V1,train
paper_46199df1720394d98bd1,7f2482c867d8edc94a7656eb90bb62f64254150d9477c32000e23e1cb46f71bc,965,20260812_SFT_SCALING_V1,train
paper_171bbac0ef4b02866477,7f46403cf7ecd4805c7387aebba7a5436f565adc66b0ffb9a6aad5989331b265,966,20260812_SFT_SCALING_V1,train
paper_d17dc01908906bfae39f,7f5d59dd7ea06862cfc5f4ca9ab5c3c26a47e7410d4c9a92d3617c647ec8ffa2,967,20260812_SFT_SCALING_V1,train
paper_71efa30c4894c1d655f8,7f5fc3bbc076d0bcbf241d7a5cd4329442153865094bdaf03ad9709fd4b2ea42,968,20260812_SFT_SCALING_V1,train
paper_2a5e403c4e09f892efd2,7f835451030bb34774dcf22a8cabe362591bda0b2e05e15f317911a7bc299d5c,969,20260812_SFT_SCALING_V1,train
paper_c6856c356739df0e15f4,80123b0e2cecc387e2061804e339dafc20d58eaa091a75cdf5adab16a17d72fc,970,20260812_SFT_SCALING_V1,train
paper_523bf9cac06b97bc6deb,803196c0179eacefb57159d87af718e865f2b7e60efad1c7382e05f799079806,971,20260812_SFT_SCALING_V1,train
paper_ce9dec4ed831452472f3,80352bf0282e01bfea7e28f3178552e995b82399fd3e81f8faddff2afbd1397e,972,20260812_SFT_SCALING_V1,train
paper_e3a1a7befb994dcb7e6a,80693a46258477d76b9c5666fe6678f9e3f0b8737f933c713451f4baa8b71428,973,20260812_SFT_SCALING_V1,train
paper_4a55b8938eb9b87e2323,8070e7b55a6e464b8120958dd2272961c0bde5aef07d901cda7aa1cd304ed3bc,974,20260812_SFT_SCALING_V1,train
paper_dc139c5a1965f0979f7c,80bc5a568364a71a6cd273d369d6d8566f16815fcc7d9daceff9589262263f04,975,20260812_SFT_SCALING_V1,train
paper_6659f90299fc568992d1,80e22e636325f5bdd7e3951168f5b5f0df6318f066fb14c82d270b6efe784dc9,976,20260812_SFT_SCALING_V1,train
paper_d82adf03b07ce22c3b54,80f9c51dbdb03c28003d949151659eb94e7921bda54a6d7887decf52871ecafc,977,20260812_SFT_SCALING_V1,train
paper_e64e81499208b440427e,80faa49faa9d74811dbb43f5af8623990e987607e6141e4d35a3a4feb8854d69,978,20260812_SFT_SCALING_V1,train
paper_c69af6ceb73b04c2959b,811f969a43c9247de2527278402da91bbb4b4c2c53b19d97fa52a02deb7e84e5,979,20260812_SFT_SCALING_V1,train
paper_1feb6909cbbda0d14bb7,81547f763388297e2271c0498002921b7a030a1ed2955004125835b5bf813878,980,20260812_SFT_SCALING_V1,train
paper_f29582b34f36217f5245,815d4c06e458348537be0ff283dd38ef962d91b22b2cef20d4e9e7a0f0aa726d,981,20260812_SFT_SCALING_V1,train
paper_14fb686f8386f271498e,815f6f4e8686b4e45eaa34c47d68e146e53c69dc431345f5c661f7970d31cad7,982,20260812_SFT_SCALING_V1,train
paper_f913304731279218e7c3,81992b2adf9458887a5378131483ed98066becb9cd1e4477aa3fdcc00784bbee,983,20260812_SFT_SCALING_V1,train
paper_aa644bb19b81f26fb841,81c34f3782d01671323be4bb75ac94f1f16e04faa61380a1964e7dc268eadbbb,984,20260812_SFT_SCALING_V1,train
paper_2c919dff8cd869413822,81c859dcf6ac06dd47cd598e6d0c6d575f51b5fb36b6acd9600b56dfaa00987f,985,20260812_SFT_SCALING_V1,train
paper_4d0337b843a1c2be1c2d,81cba1bb86a3dbb23095c24ae98b7e38761614ff3efbb2f78be6972ee62e2f42,986,20260812_SFT_SCALING_V1,train
paper_6c5c6b112e0865b22bb2,81fc32670da0d8e666d28d1c057822fc09adba1a5c33e686cb4119b230d43f5e,987,20260812_SFT_SCALING_V1,train
paper_46b8f27edf61a5ba6af1,821b5713ca0a2c77fac9e56a544b524147ed323449587ab239cb3c69b5b00712,988,20260812_SFT_SCALING_V1,train
paper_8a987e6947819af780cc,821bba73a3b8f50692df97f4ef098ac9470932a229a698b0db28401f63cfc444,989,20260812_SFT_SCALING_V1,train
paper_43fcd55dc92a638d1039,8241becd90e402717ca1c1f26852b30f7ef9c3fb4aa1e9d572de120a95314b46,990,20260812_SFT_SCALING_V1,train
paper_6ba850a9ab17db2dae58,824be6fa610172d41dd6b5a79ec7f46cc6d0cf15eb410a056e1d53e2383d5ba2,991,20260812_SFT_SCALING_V1,train
paper_40e3cd75e93f814f97a0,827f8c6325aabbf035c5c0d8d9479155daa5996e4ea28e171edb70c54d93556c,992,20260812_SFT_SCALING_V1,train
paper_4c95075e25b3c259ef44,82925c247ec9387e326f020912df0952ab8fa3275bffbbf9c95092459b08b513,993,20260812_SFT_SCALING_V1,train
paper_af8ba896d46f910daa80,82c2588699dec7adfc58254dea4b681ab6638177e311a254f86439b7105a47c1,994,20260812_SFT_SCALING_V1,train
paper_73ec927fd13e6964a898,82e3ab8ca9e744c2630b2ea238876c23593ee39620149e1d24bd988f52cf2a66,995,20260812_SFT_SCALING_V1,train
paper_f70c8739c330b884890d,82f9f0cfb142a9f6fc4da83677c5b56eb8b9abac23a43ec3bbd098393c0940bd,996,20260812_SFT_SCALING_V1,train
paper_8e8402c0398073de8559,8301ea9388d223bc1150107fd7b9a2fbc374e50bfe1671d9b4e879fbc9e636ed,997,20260812_SFT_SCALING_V1,train
paper_a29e23e2440fa2936e13,831485be44cc63757b6c5669f235dc8e5bddf961e98998a5caa78c19013b2164,998,20260812_SFT_SCALING_V1,train
paper_193327cc5732fd3d01e5,8327c3f89a0075a66d2601ab019da44428b8bd07dbd37fee9691e4dc433637fc,999,20260812_SFT_SCALING_V1,train
paper_1818ec3ee88fcf4ec16b,8355db10e99cf9c4f1724987e88b87cdf7b879f2298355cc440cc6d390871193,1000,20260812_SFT_SCALING_V1,train
paper_70c25393cf57bb9d618f,8379fe7ab4fdd6f73e69902ed67f94b79e6cd150dc2c96d575b74df61f034136,1001,20260812_SFT_SCALING_V1,train
paper_49853d61ac9e78b09d27,8386a41785111d6d72c1001d3ce90a31d80315ce39ffc56e6bdcc2242d466950,1002,20260812_SFT_SCALING_V1,train
paper_d0916bb0e72843b26dae,83879319af6225ff73ebd673a393e17d1bce03b67a32b5d6fb94de649e176e5d,1003,20260812_SFT_SCALING_V1,train
paper_d43cca4456936538a369,838ac2e815a6e9f5860458b9c21eeb91fd38a7052765cd6460c936a7098e6b1a,1004,20260812_SFT_SCALING_V1,train
paper_00c54464ef9a21d1e80e,83a8f366e241af1d1c39aca371deb4dc1e122a684dfb7b58bf3ad68d19ff1309,1005,20260812_SFT_SCALING_V1,train
paper_3af5860f6f122a895eb2,83aad9279365379425650c72cc1e6ad43931a24395228fdde37bd3bb98f04dd8,1006,20260812_SFT_SCALING_V1,train
paper_b3d33d8ef68936f98277,83b9ad168d99789395e069713274dd499cdf11c2737f5a1d099623028c921c6f,1007,20260812_SFT_SCALING_V1,train
paper_047f3d56832a59d32f3a,83bae1b6311254ec1d37ce7a11d944b64b80f77c221b243406d93d023fda846b,1008,20260812_SFT_SCALING_V1,train
paper_527a780511b23ba51453,83bf2a4bbe4158ed2a7e3b62a1d8541ae3eeefea2e5bdc44b9775c5a9ccc5383,1009,20260812_SFT_SCALING_V1,train
paper_31f1cb4fdb10b6110e78,841cc7ccf08bd30c706c055c07823708c9a74efe1559ab4c1254b39e85f25548,1010,20260812_SFT_SCALING_V1,train
paper_063a8027d8086e50cb66,84367b4ae02499b1679afa4255d1c028b7a427bbe95ab7260b77c5a81734b957,1011,20260812_SFT_SCALING_V1,train
paper_c84f83ae2a94c240da67,84819ed858c8d7fff7bd22432b5bdebbee14b38d0d474217d5c5384b228a2bf9,1012,20260812_SFT_SCALING_V1,train
paper_fc1bbdf085b09de0eda2,84a4261711e223d657d02a4de0d8b493d0933b8bf2d12b35964a0f16a390fd8b,1013,20260812_SFT_SCALING_V1,train
paper_6df43c48214728454930,84e134d8e02f75445f04306ac6db2e5bd565bef8edb7ccac7a2f56b9a254daa4,1014,20260812_SFT_SCALING_V1,train
paper_1481b40c44e6e5e2973d,8503bb62323395f9d57f0cca0a9a7f1d95612015b6a54d17278ea35680d59aeb,1015,20260812_SFT_SCALING_V1,train
paper_370b9de0cafa2df70ca1,8526f3a3b6137a122d92112536489570d35b06d662a4305921a76ffd5a8483e0,1016,20260812_SFT_SCALING_V1,train
paper_ae239eecc5d7ced94f2b,856dfb1c96741b460f09ebde3af8fecd7db88e83cb70bb3e14af73e32417d6ae,1017,20260812_SFT_SCALING_V1,train
paper_f127962446e96a02507f,85711eb439937950e790e51b3e68e419988adb6bafd18fe1bf013332bfe5d9d1,1018,20260812_SFT_SCALING_V1,train
paper_0053bcca6f8f67a57ad5,857eff6362e4fef284809b162def9e8d1da7a4e173060656ddbd6d47d4e3ac6a,1019,20260812_SFT_SCALING_V1,train
paper_b1137dddd2d1c3041dd4,858e4ae6c9e15e8c15a73e2f6fbbecc321ded64d0ac12595f296fafa5bf68b01,1020,20260812_SFT_SCALING_V1,train
paper_06a2493d2817612638e9,85ac4d771f07466455039757b9b455d84d4f39061576a9310b296f7e18e778d3,1021,20260812_SFT_SCALING_V1,train
paper_86d4e5c48ece62a7cf9a,85b5be14ea079b96b53a7be2dbc71fc858239bd9e684272d8f913b212dbc9b1a,1022,20260812_SFT_SCALING_V1,train
paper_3d90170a02ec76d9ceea,85fa9f538941ca77db9bd19f42ab2882ea7ccad531987ca092829b79b62a16c0,1023,20260812_SFT_SCALING_V1,train
paper_5d67a811c441e45c0ef1,8659a95a78176d5c56f188ce9d130e7ccfd42613e8e1af3d54c3ee8df638358b,1024,20260812_SFT_SCALING_V1,train
paper_6549ab238decd77f0d36,866a464a467d97dbfc19c62549fe74770a7789c6d4f2e1ba0d88c9b6a55ac069,1025,20260812_SFT_SCALING_V1,train
paper_1c6f05ec20958b581f16,866e4fa8427c029e5ce2bc2a6c66168dce68f10d45777a99712928cd4e826547,1026,20260812_SFT_SCALING_V1,train
paper_dec8e545ef1e3441ee9b,867a5ec3a4ae9845fde6afb42ebec02048c270f420f127a086f149fa12e09c8c,1027,20260812_SFT_SCALING_V1,train
paper_c03332839fcde61801f7,86a85294921bf9cffbe3054e942fa04172e52a5060e81265bd6770d65a53baa1,1028,20260812_SFT_SCALING_V1,train
paper_0c493d1aba033d49a5c8,86c63fa8290378a2570a817987f57575bb20e943a8ee93f78bdbffc163a3d509,1029,20260812_SFT_SCALING_V1,train
paper_0c8fe79b1c0c17ae6ae2,86c85b64559696f7ee4914f283d8feaa54b060d78aa98db26a76b42ec597ebad,1030,20260812_SFT_SCALING_V1,train
paper_02d87c8cf3c68e9b7624,87147f329f7bffbd502c44b65b6e5781617b4900eb67179da80611dda5f36119,1031,20260812_SFT_SCALING_V1,train
paper_70f52b65fe6b6074b908,875d09ebe4adec3d4fef21d806e12cbb8f521ff0b80dea7dd5f5a7d1a51e98e0,1032,20260812_SFT_SCALING_V1,train
paper_67f4876ffc226b423149,87720da1733c6e274cd7d1f1065f56c5501e500cc9792c7780d6b875444d529b,1033,20260812_SFT_SCALING_V1,train
paper_e794729eb1562a4b7f3a,8776edf0a3340aaed8a243117214b7bd4f8b8fb9d2db75d281bee37ebfc7dbad,1034,20260812_SFT_SCALING_V1,train
paper_b3552b6fdbe0b7700b37,877c050a9f5f4c592758e3fd5e9d27138698b6b392faceffacbc70ab07dcbff8,1035,20260812_SFT_SCALING_V1,train
paper_6ac9728a355621c40664,87c341848d6f51998a312c67d78886278c0fb23a313af0b0604af0ea3060d63a,1036,20260812_SFT_SCALING_V1,train
paper_3322361c95f35e53a49e,87e8a7ab952863ab86e7307145cd5aa776dbe0bf5f9dca348e40c810c8f9d606,1037,20260812_SFT_SCALING_V1,train
paper_71526057ddf6ed98608d,87efdf6d843f00e25c5b2a5525e126ab3e7bcbaa3874a1987fd157f44b40c57c,1038,20260812_SFT_SCALING_V1,train
paper_b40cd8a118e16e0b2c43,87fda60b35deda940807b284ec90abcf8e71ff13d809a3f2e64756aee381c088,1039,20260812_SFT_SCALING_V1,train
paper_6b75ffeb53b95e1996b1,8800b627f8d32cba264bfe44bde17d957cb001f28a307a53c969b8b22286d10b,1040,20260812_SFT_SCALING_V1,train
paper_88c706177de14c2ef0f4,880d07c0066356b08e066e87e9bb1900112814027d862d8d97b50e0af6b8da7e,1041,20260812_SFT_SCALING_V1,train
paper_46e8f97f2081552de5f7,880fad9ca1e9f8419c0cd9dea0c06e0066bc496ed76c883c99c3293fec988ba8,1042,20260812_SFT_SCALING_V1,train
paper_c883fb07780c18c56d51,886ab089bdfc505559ae7bedd0ea7563885470a6985c030b4f236273110dfe6e,1043,20260812_SFT_SCALING_V1,train
paper_d70ed00ebaa890cfda32,8877016b68a274680b3006f315def5ac87e34955d37493c063acc8aa4a355d16,1044,20260812_SFT_SCALING_V1,train
paper_f958223ca2563b6c2ee0,887e55801f347fd8a6625bb5ac971ceea48522f50765276aac9d45d2294c68e7,1045,20260812_SFT_SCALING_V1,train
paper_32588ab02863572afb45,8892dde2b5053a88bf7c5bebc64bb1593d95893bff8c95f9191743a6b6a1f194,1046,20260812_SFT_SCALING_V1,train
paper_ced030a0b27c5b68fa5f,8928eb2c68330d6f662029d61a4cdcf68b50630ab3c53e94ae1aa388cab179a1,1047,20260812_SFT_SCALING_V1,train
paper_51c9758340f260242d9e,8976013c7aba428f7750f5aef160b0c1bf58307fd1fadd90cf3a375865a9f15c,1048,20260812_SFT_SCALING_V1,train
paper_a60dc9019c65e5a1e08a,8988b5d74491adc2a5c2743c33b38320545a56965bb33a5670ed9999ed74c37d,1049,20260812_SFT_SCALING_V1,train
paper_7cf2bb984eaacaed8b12,89a35d09d1fdaab0ee33cffd9317c8fdd1aaa3f95a18a1b555c4e26060bd9969,1050,20260812_SFT_SCALING_V1,train
paper_06f28f494ab4fc8cbfaf,89b5c4423ffecba0b07ed01bdb047a84bbe8e9317a7dbeb18c03bb12a47e0db4,1051,20260812_SFT_SCALING_V1,train
paper_b23e7df70840f64e1fa6,89da98fcd51b093d33fbd7e3d61da3b27f50f9894fa0d67481064bb69c3e8f93,1052,20260812_SFT_SCALING_V1,train
paper_22199bce4c24d6d2a928,89df85655850ee1360ae5359e69129bb0cd494ae42eb2ae4aefb42f962708730,1053,20260812_SFT_SCALING_V1,train
paper_1573d812af2dce87ef91,89e1112739095d462ae8c2cf61996a928ba9ebc3df92915e3c000abfa7daa36f,1054,20260812_SFT_SCALING_V1,train
paper_e9451b99f1bd10a70827,89e3e9b7c82afcf0e4959aa802d0a1d82a56c39885b97211eae08c102a7b7aa1,1055,20260812_SFT_SCALING_V1,train
paper_bcb1bb37ecd7b206ef6c,89eab82c93f78195fd81033883fb28704e307e24fefd1b5485de5791710826b8,1056,20260812_SFT_SCALING_V1,train
paper_66cbcc9c22c0c4d645cb,8a500997bbd96f1e1de3a3ebf47ce658e5a608bb6a8f4bade8dacccf788c76d2,1057,20260812_SFT_SCALING_V1,train
paper_672820ba66c7092900cd,8a53bb7c5019e368196933635d738330a737b8a515eebb5fe26b6daa4f0f452b,1058,20260812_SFT_SCALING_V1,train
paper_624dd7d7645dc4e39220,8a96e49cf4738153304feb1dd723c9b512b941f69b0b6bef78732baf8cd93626,1059,20260812_SFT_SCALING_V1,train
paper_e072120be00c97a29167,8a9f3141ff50db0e4a21a3970bd322566d81abeeaa5149e0be0ae81f799c9b0d,1060,20260812_SFT_SCALING_V1,train
paper_bd619f98e12bc77de895,8aceaf202885f268f8ee57be7ddb02a3fa8ca3299290a0d7f231824eabb3e550,1061,20260812_SFT_SCALING_V1,train
paper_860747b92870ed8134b5,8acf618e49c7510a29ddc4e85166e02c26bbb300105d7338106f99a62443b1a1,1062,20260812_SFT_SCALING_V1,train
paper_64367c996cd8880aad96,8ad32fe7c3303f1c8a39fc199b60662d9e9fe4cf20e24c3d052898f2e6656250,1063,20260812_SFT_SCALING_V1,train
paper_ee17b77f49c39b4459ff,8adb926a3d756117daad54d35ed62dab2c867a4c13d988d52fd466ed73d3c1e9,1064,20260812_SFT_SCALING_V1,train
paper_ee445c79be8a00b91f8d,8aebec6ac8b9a096a6f70d511e1df846b22e578b922db8a80f9d6b00ae0b6f7f,1065,20260812_SFT_SCALING_V1,train
paper_053b92fbb32e346bfd2b,8b0c509c80e7237262d9c5f6af9ab31589a75a1a5cd141fbc1dde134926d030d,1066,20260812_SFT_SCALING_V1,train
paper_1effe763b7ff437e1fc9,8b291edb968d5dfb6738e9d07fcb57c7e442f4bb8d6d961108d790d1789c1a97,1067,20260812_SFT_SCALING_V1,train
paper_bf328a6639cdd954adfc,8b574450d24aa324233fdf0ddfa28737bf83ee6f6243e56767d1672b1b73838b,1068,20260812_SFT_SCALING_V1,train
paper_7734cbe4a04d563059d5,8b57fdc4720548b13b789727e9a258555e0b13b3df9c5b437671c67dd8cc0b0a,1069,20260812_SFT_SCALING_V1,train
paper_4e3de9e4ca79ed351723,8b85675d867a1b5360933c8a1b9bace0816db584b0cf6807b30d9340ff91ed13,1070,20260812_SFT_SCALING_V1,train
paper_26adb28c631c5b0f11a0,8bc4778edbaef3e3c5ebb862ae4b3a01ad56795ac64f970fcb640faadfe4154e,1071,20260812_SFT_SCALING_V1,train
paper_afd6b34a42df17d9726e,8bf2ad2160f28509128cf0d546cabd6ce6f298e1fd86d7c638c3f2858ac396d0,1072,20260812_SFT_SCALING_V1,train
paper_2cb6f57951a81f95a6d3,8bf3b7571dc97149c2682487a1e2dd1fc4bf5669f595d8701ec873b34f489ec3,1073,20260812_SFT_SCALING_V1,train
paper_3eaca8f4077da8e86595,8c0bebcb8892c180e9d6ecdb0e729aecf8f3a8785a89ae1040fc17c352422d71,1074,20260812_SFT_SCALING_V1,train
paper_406e37f76481edf543ab,8c501eb25a1912e3bdfa3fc16a338f0e31d3c0708523766170c486a142ea7cfa,1075,20260812_SFT_SCALING_V1,train
paper_a3ba67ec77c49d653ebb,8c657a2bc9088bfb4d3b3849fdd9c7c192d866b91f36b4a8bbccaaeddbcb1f3b,1076,20260812_SFT_SCALING_V1,train
paper_ecddf5eff1d2c66dff43,8c67dfa93ff009e5a435bde9a18607f507580a1b379e42e25878db09df203b52,1077,20260812_SFT_SCALING_V1,train
paper_a8c55eceae6ca55a4392,8c6da69198823c788567518d5cb61eb0d11117068a48449a11ffe19b3bfdc74a,1078,20260812_SFT_SCALING_V1,train
paper_ec8873bb62d0b10bc6b8,8c6e3f65faf73ab023a0a1824f889654ec11aa7ee9a3dc64d6a4ca0a33f501c6,1079,20260812_SFT_SCALING_V1,train
paper_7aff078d2e9781c2b640,8c6e9175d4f784ec658b8a4229944592f5e353391cfe5288f6d6d8186a2e9619,1080,20260812_SFT_SCALING_V1,train
paper_bc7eb85ff159c4fcaf32,8c8159ecd8e66ef53c117348368a8cb0a8d6d0b0510ce9f281905330793ffd61,1081,20260812_SFT_SCALING_V1,train
paper_4b2d4a71a16ea1e9c2c7,8d3dbc79c10073d2eed6413a70872e8454d6ea0fe493edecf50a2e93b53a4dab,1082,20260812_SFT_SCALING_V1,train
paper_0a6c690dca5ed2adc9b5,8d5c3697222a835204e0a51bf7245b52b06d2fe7f309e9ac2ee64084c2da4e1d,1083,20260812_SFT_SCALING_V1,train
paper_8c08bcd6a22c0c9d7824,8d5d17e8fb5b0b49771afc0d3ef78dbf5d372a628e709e5a32fde973494c8186,1084,20260812_SFT_SCALING_V1,train
paper_236a6718ea5ce8ffeef7,8d727f94ed7eaca27326431e82a559d42407486c87a770389c8087462f51050a,1085,20260812_SFT_SCALING_V1,train
paper_7948b462948f5b111cc2,8dd31aecf15b87eb7c5fe70b91f65843e54463c86906ecbd9cd78d4b9c315d1e,1086,20260812_SFT_SCALING_V1,train
paper_05c1d1848050b0570ab8,8dfbbfeccca6003260605bd31d8d5c6a5b881cdb8365f713446b64f4d86d7cbd,1087,20260812_SFT_SCALING_V1,train
paper_cb918152eb88ac781e99,8e0051d0823cfb80a7aa1db7dc7c20d01a6922826852a307148e8884326234d3,1088,20260812_SFT_SCALING_V1,train
paper_654a44c8e94205f86a24,8e1aba3d702c1852e74636fe3b5946a93e98b06530bad5d70eebbae6c9d7a600,1089,20260812_SFT_SCALING_V1,train
paper_a321253be2df8e289b95,8e31446d46cd26dde18efffc8e2cbce2069b6126294d863afa17b263a4040567,1090,20260812_SFT_SCALING_V1,train
paper_c6d38c3088f9d3f12a73,8e4cd8d94556355f2345aaea03885d7c37af0f4d049187a9ff0c78b5c3f561d3,1091,20260812_SFT_SCALING_V1,train
paper_54e19b6fae0955d86c32,8e5479f24fa22818735202bbc67a7de7f3b2a3218fffb58670c3072c470bcab0,1092,20260812_SFT_SCALING_V1,train
paper_c5b615402973f803a7b8,8e6d694d77b1dc055e7581503cfc6fb33f54948b0a2cb8102e99fc2bb4671d54,1093,20260812_SFT_SCALING_V1,train
paper_229a70bda75d65e03878,8ee09ad7839f89e79610361052f1d004c9909fa203d5860fabc1d12ac6d86b6e,1094,20260812_SFT_SCALING_V1,train
paper_780ca30bca1371cb91c6,8f112cec45c3f48faae2dbe80ac616f9ddffb91e5913e249764fdc3a6bcc6b0e,1095,20260812_SFT_SCALING_V1,train
paper_d1b552e814f2835253c4,8f1a0833c038c94fba29ab15f2637260672f750a11999e4cba35a302c9f95b56,1096,20260812_SFT_SCALING_V1,train
paper_f458cadda44351f46cb6,8f5a5982954d4eacd70174c1abd79dfffd043b910bd6044edf42b1f89ed93c86,1097,20260812_SFT_SCALING_V1,train
paper_1dba34972cfb5f4469cb,8f615c5715bb2e41d3a85ea553869fc20351f608682a62cc3226e7fa9ac4977a,1098,20260812_SFT_SCALING_V1,train
paper_5de9ab0019c634acc05d,8f6c34aba3145b271ee4fe47df8381a53855741044824617e1d0ed6e227c7627,1099,20260812_SFT_SCALING_V1,train
paper_6445b8c71cfc27098a19,8f715881a684fd44fe8a926f992a2dd6a5e06c595615f16ab011dd72d8a6294a,1100,20260812_SFT_SCALING_V1,train
paper_de85797838101f695e9c,8f7e2d832100ae296c11e952617512e2cb4c78ef50a7f9e06a271f3efcb180da,1101,20260812_SFT_SCALING_V1,train
paper_0fe592fa232c553c1e74,8f9e8f825e327a396713c1375b389575f4f0fbebc8866306a55b757e911ca231,1102,20260812_SFT_SCALING_V1,train
paper_21a73e1c5c35bd00e27a,8fa24b250a4f126ee4fe38c9c667d15cebbfc42f9ecde3ee5f614729b442efe6,1103,20260812_SFT_SCALING_V1,train
paper_0e2dd7108794ac9b6f39,8fed6cf49dd5cd8aba4426df51b30b7278aaaba0ee7326eb38b3a4afc7874a8c,1104,20260812_SFT_SCALING_V1,train
paper_226c3f8c333a117c19f2,8ff7c5984bc8518d7ba7252c391f621bfa72baa1200dc41a6ae600dd3d1edf05,1105,20260812_SFT_SCALING_V1,train
paper_aadd6adaf7e7776d1f64,901727bafa72696178e393087b0c4cc82199639987f7e5148e827e54e41e87f9,1106,20260812_SFT_SCALING_V1,train
paper_3172c8ea2d5c6256445f,903e83bd6e25e825297c2b79dd61dc6dd922248f4dd07facbf36c7d910cff902,1107,20260812_SFT_SCALING_V1,train
paper_d8a5a42f9d9bc9708adf,904a3db694144c0b2e3af9e1b46c264ae61973c5d7a4a40b37feeeb174faa834,1108,20260812_SFT_SCALING_V1,train
paper_7bceba86105434cf9358,904c49baab6f7ab6c78220361ee12443b5aeddb0db8e1c867b9d63de366f60bc,1109,20260812_SFT_SCALING_V1,train
paper_a7848c6c4a9124568eeb,909ccac9d4528149c83938fc1f5dcdcd83520ef28594245ecb149c0daa889751,1110,20260812_SFT_SCALING_V1,train
paper_5093d6ac5a8e5e472584,90b5f32d65b9411994bd44bcd6285e55831303964755b54b356595a40fc223f4,1111,20260812_SFT_SCALING_V1,train
paper_02db3bc9247286cb9f0e,90d9e816a3905eacfffab7a99426b7e88ef508a2afbb18623b641dc8ca52263b,1112,20260812_SFT_SCALING_V1,train
paper_afa3ea7d91650d4e3122,91125efeea1ff6a1902ffaddd2bffe94f5d7f242e5a078d62a59c844a6f3a5f5,1113,20260812_SFT_SCALING_V1,train
paper_71207db0d83368572f67,9116817de81b3fc0e8e299c504f28a99cb2e133436f0929f670d38b8d6bcc6f3,1114,20260812_SFT_SCALING_V1,train
paper_9fabef626ef961aa28c9,9127df570a743e64f768fae9e3bfd2d8e2c950c763feb9a70094e6ea1dcf4399,1115,20260812_SFT_SCALING_V1,train
paper_d62c80d90844c772db99,915848cde455418149d08a16d2eaa83640a8062768c3c73f4950c89d7c99cafa,1116,20260812_SFT_SCALING_V1,train
paper_98e549572ba02d9bdf70,915ca5bfc4f7a8d068c6771c2a619a50a3d0679b6c0720539356df12040fa55e,1117,20260812_SFT_SCALING_V1,train
paper_7cbaf3a63f383f04f586,9165d1c554c69c38e5bd5d82ab3a4e8c0173a017e6dfcb8b87b8a1889ec2fada,1118,20260812_SFT_SCALING_V1,train
paper_772843d89b24948dd741,917e5acb3155a6f97d3af47392d8dc69ce5bad6938536f2c0c383eec5ec84fc5,1119,20260812_SFT_SCALING_V1,train
paper_d54c96ae609515612b17,919d657a9dbe2d70211816a1e697a99be52ece4c58d907353f9794873a6290be,1120,20260812_SFT_SCALING_V1,train
paper_1feff77d842c50d00d5a,91cb00c67c64125e9f1b53850bd317208e7177e6e4a72d71f81f7868ddb471da,1121,20260812_SFT_SCALING_V1,train
paper_9e4aaa1c725080258723,922279133ba02917d5c36c8484776f7a6fbbb931f32a93243404d172484794a1,1122,20260812_SFT_SCALING_V1,train
paper_a0cd7ea49cb2b30a2c1a,9233c2890830d5ad73176466352ce4affcfbcbf989528ea81cb6db3fe7b2c3c6,1123,20260812_SFT_SCALING_V1,train
paper_3992d40727ba7f0c80ba,92572761c61c4170992ab02e97ab5913d76a8435a82f0c9df5c2065e28315c3e,1124,20260812_SFT_SCALING_V1,train
paper_2930896f3877aba4a97b,92c984906daa2e365b103fd155e5f5908a5d9a66296cb82ce0f32eb8a4b024e0,1125,20260812_SFT_SCALING_V1,train
paper_b4a526f4cf31b7731a13,92cdb905676fd5f41b83ff38b8a8a07fb08699b54a05e7186d772f5c601a6224,1126,20260812_SFT_SCALING_V1,train
paper_53745b1a37f0f605a819,92fd44a5fa4bec7f20f765a67b427c38a988f57731ddd454b0e5380849bb3cd9,1127,20260812_SFT_SCALING_V1,train
paper_e6eb31e0c696987f6709,9313942c7cf5ab00db1899740477463009228d72008c2d75ed2399fd5ecebf01,1128,20260812_SFT_SCALING_V1,train
paper_8ba295c2e16a973f8058,938ac822ce08fe361f6d02629bced9404cd7928932af95934405b5f9ddd31254,1129,20260812_SFT_SCALING_V1,train
paper_33796061924f83a65de1,93cbc36fd730b0c0a7e762f79590ff305142e47245efe5ce0cae46213f6397a6,1130,20260812_SFT_SCALING_V1,train
paper_e5334460cd55c6892d27,93dc009767c1803f0424b093f1c29c0f935c7eb76f2688b968977cab3e945577,1131,20260812_SFT_SCALING_V1,train
paper_93ab30d33d5d512908f9,9419ed20ebf7267cdb8b6502c8973db964976bbd8f08b7ddec333a53d1b354a8,1132,20260812_SFT_SCALING_V1,train
paper_4a02daf09222671bb343,9441971188f99506fe5ea0537faab475b1c835bb2e7ce250aaf4e5f76b13a75f,1133,20260812_SFT_SCALING_V1,train
paper_18308881e9c3b18abbd2,94457264f589f7d919e0d7ec61f11c4960762e7406c9dfd6a68a1af07a32fb92,1134,20260812_SFT_SCALING_V1,train
paper_5178edc200c7560cc5dd,9458ecbeae46614dedace930546f3d2ac2c94b7849cbbff8d85ff224e7d1abc6,1135,20260812_SFT_SCALING_V1,train
paper_9f6a916d2362364c4772,948ed6d5261059df543771735e3afeb1d40144cc2c04beb56e3cc1757c152bf9,1136,20260812_SFT_SCALING_V1,train
paper_b1cf5c1ae7bd5bb2f927,94a5a38d9f663f5efe4fa85e2b6f2e85d90932d84d504eee1409f5b80f8315a8,1137,20260812_SFT_SCALING_V1,train
paper_869e1908a0428f3ad7c4,94aa8ac17175039c208b99805d42f100ec5203e89c859a715cab6163cb917b8f,1138,20260812_SFT_SCALING_V1,train
paper_72aa787d4e6e06cdcaeb,951081de1ddb98c019d89093a181df6005e0167ded892beb8558cd5f38289b23,1139,20260812_SFT_SCALING_V1,train
paper_d21f5d7ebe96b45203db,953a3578ab9733499207a12fe37e777a2f31c0d17aa0d93137e62da3238b6f8a,1140,20260812_SFT_SCALING_V1,train
paper_7c9969be007d847e2a5b,957f6b84103d7cdcb834de86e1712e91a4d10c94ab3f484244170b6e726e21c9,1141,20260812_SFT_SCALING_V1,train
paper_230af28c059ff9e246b4,95dcb0b4563d8c4280864f5c76e422681d1450e51d8482a651293f2fa2ed29c1,1142,20260812_SFT_SCALING_V1,train
paper_29fec20ca5aa045aa277,95ff1bcf03a2e285b06b1baafdc96f9e2ff073b1261c2947f1b3347e79713e91,1143,20260812_SFT_SCALING_V1,train
paper_18933680bc8a2e259970,961a0d33c891bba1547ff6d572572193db192787854d1292cf89ccf1448af892,1144,20260812_SFT_SCALING_V1,train
paper_8a046c008c29850c937b,9667136f486d2ff6c31a2c98393bbc964ee3a76f52a3c2f0004fd6b5d122e1c6,1145,20260812_SFT_SCALING_V1,train
paper_77fff62649cc89e70006,967af58dc0e9590a0efdf6cac4e902ff3d1ecd63b73c0a0ca42aa228c0a638ac,1146,20260812_SFT_SCALING_V1,train
paper_60df40936b7a7b4cec2d,967de846a01935dad271bcb7e20676c5b520d8f7bf920016aff7787bf256b06a,1147,20260812_SFT_SCALING_V1,train
paper_c3f5f52f4c2a9202c210,96a709ea96f2df7b8c73f68c9e275203d1dc5cce5e414768f412c3bf395896ff,1148,20260812_SFT_SCALING_V1,train
paper_a15261b81ed3632a5f9e,96af5900fcccf58f1cfb25f55fa8cce2e72b386b63ac5acb9536b244894461df,1149,20260812_SFT_SCALING_V1,train
paper_69f7388134bb5baddc3c,97125ff134c2ef727a365a68db7a5588a7981c935fc125e97a223b51410246c5,1150,20260812_SFT_SCALING_V1,train
paper_7240b6122ecd6cc368da,97587078a3bc1e438e28c569bb20465001fd80d4021bb42929b68da87cf4ade6,1151,20260812_SFT_SCALING_V1,train
paper_b4d04768d1ae77de921b,975b25cc2f51d906c49a6298610f4e29f446c3b944ab95816d4f69d3c86fc877,1152,20260812_SFT_SCALING_V1,train
paper_c982d4182089a90e2a96,97d8249ca5e42c88a08ef31db3b96d28758e0e783bdbc30b181b80c2f144d139,1153,20260812_SFT_SCALING_V1,train
paper_bc125e70842da3448cfd,982c719455f0cc44451a54cfbf20a9ffe764263d3fbfa0c96e0482cf7155319c,1154,20260812_SFT_SCALING_V1,train
paper_03ff7e9def87a030b1a4,984918f979dfbf36e1808fcac50eb15c4b5f01f134ff3851dcc5aca0c4aa17d6,1155,20260812_SFT_SCALING_V1,train
paper_5082f5a8326bb484965e,985b342f99cc4261101fc98d3b966903222f0d81dda8e948bdeefde3985c3255,1156,20260812_SFT_SCALING_V1,train
paper_d87f93dd56fb1098ebcb,986411635c1117d4f7a79f101e397e7224059b31a26cdb4bc55bf568992c98ce,1157,20260812_SFT_SCALING_V1,train
paper_e93d0eb808f7955cb1f3,9894724208f5048a3d694a515db8a507201aca827d5a25da9930e17371edbcb3,1158,20260812_SFT_SCALING_V1,train
paper_75dbd75e4b029ba2987f,98b1214a647ff4f1605aa1cbd3595981657a225318372047928eae118dbec4a1,1159,20260812_SFT_SCALING_V1,train
paper_78d9139681b32b96ff05,98b1392efca20e61bd64eb8e7119a45f2c8ba85477c27d5296574a24f8acafc0,1160,20260812_SFT_SCALING_V1,train
paper_3d61da838c57a1fe15ef,98b696ef99ae073014fdea4a055c8eacef7491b6d61d5be0027ae77e31438884,1161,20260812_SFT_SCALING_V1,train
paper_f9250f94ee2f5138280a,98c09589320f61d7357c98ae1e0e1996a04362f19239114329a18aad49e4d087,1162,20260812_SFT_SCALING_V1,train
paper_838f47356ba40564b3ac,98c4d7dafffb35458d81561acda917f5e362044f5caeed1b2a14024576ff2fa1,1163,20260812_SFT_SCALING_V1,train
paper_19d6d130654a2931c231,98c67604905e1858ab928d8ce5d83e9293313db7fa273f0c44c6d89b66afa5ad,1164,20260812_SFT_SCALING_V1,train
paper_08cf395c399c4d933099,98db3ff46e4e145a3fe224787a328c9888a2b4ec74d009a08ea591fc82c03f85,1165,20260812_SFT_SCALING_V1,train
paper_36276ee9d44792005ff8,98dc7f42ae4cb287f9c24dba57b1eceefc7afe0a55036ebc65e38064e66a0705,1166,20260812_SFT_SCALING_V1,train
paper_2f0ed310f194dc58ba32,98eda7783fcdc595e16e5aec5a086611a0f13f8142d55a5c491feb40e322a991,1167,20260812_SFT_SCALING_V1,train
paper_e2971df144864354ab50,991b723dafb833849d13a7946bc5b2586ecbb645171c90756790e6e3c9968b72,1168,20260812_SFT_SCALING_V1,train
paper_48ac381c2e24a4af0f14,992ab4161d67b0a27bb5c3afa9fdb3ae572f990ab2fca09828e7b1dc4e56633b,1169,20260812_SFT_SCALING_V1,train
paper_bc82aaaf60e66f5468da,9942b813fec077938f3354c81750b4c548664608b661f49d19a42c600b193bc1,1170,20260812_SFT_SCALING_V1,train
paper_7cd1f80ae0395836d825,994a27d5b0718269281c5a5cf7761052119152548e3b30a93f729ea576586a63,1171,20260812_SFT_SCALING_V1,train
paper_edf34128fd562d5d7109,995e1df82393263c5e5cab1d14787038c31f422067ec4b62ec89f6325dc50ac1,1172,20260812_SFT_SCALING_V1,train
paper_9a0a6ddc3ec36d638255,999563eb81403eb3601434ce6c6e3ef9d0afad4fd4cbad6a6abf264de83f2337,1173,20260812_SFT_SCALING_V1,train
paper_bd883eabafd2e7b17297,9a15b77d27f1034026fa93e5f28665d2fad1077c2a70590881474098e58a8059,1174,20260812_SFT_SCALING_V1,train
paper_ff0974689a099cd63cd5,9a2d6b9635c8b12b31aded1462fa82d63db901c7b0f4cc604bbf5b2e1988fe80,1175,20260812_SFT_SCALING_V1,train
paper_b3ceb4a520b9f342d813,9a392a11a8900f6ca9e043eeb6d9a6fc163c17fdf57fdfc3c7ac5e6c22c7fbd1,1176,20260812_SFT_SCALING_V1,train
paper_166727dca4c31311fb06,9a479cda2103a1ec23c5c87c6b589e8e30b2a74a28bb326f6693683fe31d1404,1177,20260812_SFT_SCALING_V1,train
paper_e15473cb8033ba3e230e,9ad9108ef4446a2b61c740202c1908569cdd6eb9769330fd4f1704989025b9cc,1178,20260812_SFT_SCALING_V1,train
paper_7344d9e42f81f8d6383d,9af6c17fe7a87b3c0fb419702c0cbcc01eb40aa18ac12b3871f282bb92612c36,1179,20260812_SFT_SCALING_V1,train
paper_2485cc3b0b3e093b7107,9b0988dbf65f3d26204028972099a16c88c74247f5b12f8bb91d8cdf077bab86,1180,20260812_SFT_SCALING_V1,train
paper_d6098e7c24a35a215597,9b5217c8503d9ef46bd771fb89dbd4558a7214478838f4146a302c907f2574b9,1181,20260812_SFT_SCALING_V1,train
paper_8f30d3737dcb9bbdb72f,9b96fca50f3f9a3d9e1274756420d11b5327ebf7368d965370986720b966424b,1182,20260812_SFT_SCALING_V1,train
paper_f0e786cb7abc6bd38852,9c46955cd06b3c3f9c7d92ccc4bced91a5657b3132b541d381f7845effc43d29,1183,20260812_SFT_SCALING_V1,train
paper_cad4056b1e168f18b713,9ca01179d7f290b4811f329e04bd8122f40ab5750fac90649831bbc1ad0fcba5,1184,20260812_SFT_SCALING_V1,train
paper_0ce613e2f32acae68fe5,9ca8d89816db9a5c0131058e3e2e2581b7290f57abbbc1cf1c1a4969a621c775,1185,20260812_SFT_SCALING_V1,train
paper_ed031094b6d95c52f92a,9caf047fce5aa52bce20c86d20b067a7dffdcbbf7581d1cd003b929278c2f2a0,1186,20260812_SFT_SCALING_V1,train
paper_12212fa165cdc8f748f1,9cc9ed492d7a22818ab1a354df6f3e2e0d2f3f651716d4e25da50f884273691c,1187,20260812_SFT_SCALING_V1,train
paper_a0adf00e90a5c04d75d5,9d2d41d1302fba6c6279078d9df0d2b1d7d2ebc17c88d8a11c451341fb9cd03f,1188,20260812_SFT_SCALING_V1,train
paper_fd4964ad03a73958b3ca,9d2e224eb99ea629f070c3aa3f4d0e3712a6f583a6389f5010de634a6417236f,1189,20260812_SFT_SCALING_V1,train
paper_7dae2f2b5c43ce9aef0e,9d4aece0711600c7825539f1a6ba01bb0076b02170d92455b4231fc949a1f0ba,1190,20260812_SFT_SCALING_V1,train
paper_5a2b4cc8b25bcc431e57,9d4ed6a0b0ce3593e745ba08718ee60c3bc63103def65107a4ca26f15eff14d4,1191,20260812_SFT_SCALING_V1,train
paper_4877825c00e174f1190a,9d55674209a62b5887502a1cf5362261822c78353316a1a693d092d2c3a84fd3,1192,20260812_SFT_SCALING_V1,train
paper_02f7f943c282b24bea61,9d6df2bb9607f43f391eb08462faba7a3a19a9e8ffda3a8b625b4fbeb367a9ac,1193,20260812_SFT_SCALING_V1,train
paper_1734f2d4e8637ff96940,9d76cea70485d166a863aeba1f8d390c550dc55f545ced7a17d7a47dfeb027d7,1194,20260812_SFT_SCALING_V1,train
paper_76b794811fee9ac07dd8,9d7a892b0c39480ab6ebc6b8cc04b0e4171a169552bee011ea263f75b7b839c1,1195,20260812_SFT_SCALING_V1,train
paper_d552f1c82ca1263f1680,9d7d7d16b006ca9c462e45ddc883ba0864b7d23d870c503a6f15ddde1616408b,1196,20260812_SFT_SCALING_V1,train
paper_6942ae89b7ad7f833112,9d9b8e7f0be77e13356de7a202ccde9cece33b82394093a3a7363a88581f14c5,1197,20260812_SFT_SCALING_V1,train
paper_6a29f51b9184bef69fce,9da907167b380451291a25f4f2559ff9f676c363b3f385c9b9718b19b9b24ad9,1198,20260812_SFT_SCALING_V1,train
paper_233f31909fd3f28cf0e8,9daf73d7f53507980b9de0ea8b67d809587cab4c6416db41d16af7a8b2193f37,1199,20260812_SFT_SCALING_V1,train
paper_d4eec71007c44517072f,9db2916239e4594d7ab3d98402bd9859978b317752ecc637e5652ab3e68daf64,1200,20260812_SFT_SCALING_V1,train
paper_94c7e4b56b7cb18769b0,9dbaaa72462ee10cd3d4a8450a58e638fd877313ccd8cda34224e80ecd764abf,1201,20260812_SFT_SCALING_V1,train
paper_b8fdab800af4bb90c853,9dc85804ed37d0ccb7b82268bc5e51b8b7d40220bd5c1864f70738695fb6f8af,1202,20260812_SFT_SCALING_V1,train
paper_d5bb0856ca7695b7aedb,9dcc89aa66eca0e7c5f8bfa5a43dcd9aed02bf559fbfa51472f44ffce86c231d,1203,20260812_SFT_SCALING_V1,train
paper_1326e03962da71949e0e,9ddf277303624fd73d052a736c5b03c58af746f71264e5938b7dff51a2893e1a,1204,20260812_SFT_SCALING_V1,train
paper_44e0d5bcb4ae4c4e36b0,9df2930456d178a071a7fedde1c36883d3a35157b15e0679a947c159a4e0e1ba,1205,20260812_SFT_SCALING_V1,train
paper_c750381016e9d48f54f5,9e062d00e9f57075261beaaee6fd0fefa2cf8bee0689cae509324f7b84bd9688,1206,20260812_SFT_SCALING_V1,train
paper_19eb043baf2285e21e04,9e088cc932ab152c0a7ac52c9f1930df0c712eb056aa0ae9ec806bd85d843c49,1207,20260812_SFT_SCALING_V1,train
paper_f2b2b702187faab70aa4,9e20c1a8fb22a8e26916a38532d5b4af35e5bdcd6a36a18ce2d53304d2641a18,1208,20260812_SFT_SCALING_V1,train
paper_3bdb77b817ab0e39e5e3,9e4b0ecf844f57d56bf120384376dbfaf3fe5376006da2e659fe28346c53b546,1209,20260812_SFT_SCALING_V1,train
paper_f2ac582ab2137c281989,9e546037d77b9f0094bd6d6a97a0288cefcb5fe30699a0ad96e3ce208f8814d7,1210,20260812_SFT_SCALING_V1,train
paper_e134753847abd81208e2,9e6cf1e1128d2df6c4b82ef3b490fa72e6f64569070582d570b26ef3dc3c45d0,1211,20260812_SFT_SCALING_V1,train
paper_cd26909a42762f438b18,9e8ede550ac0883205044deda7f4ed003d901174529d7bf87e5518a9f2aeb35e,1212,20260812_SFT_SCALING_V1,train
paper_d7aa357dfb15c6a1e39d,9ed62b33b32f2d72420f21055b255ff977682625e774a00199055718c1afdb9a,1213,20260812_SFT_SCALING_V1,train
paper_92169ac77d0b042008ac,9f0ae0cf4ba6fd82bf2cacdbf9673410c58d4a67546807388591abafbf56f72d,1214,20260812_SFT_SCALING_V1,train
paper_0ac30fd051865b2ea76e,9f5931a03331a9e7a0f9fc220a92c30a7d0d637ebc6efceee09a7c5ba9da316e,1215,20260812_SFT_SCALING_V1,train
paper_2dd21d283cb3890b0651,9f656c69d675a3c61af43a276d335f1f48b6c8a4cd99f78843c36a760b4bb95b,1216,20260812_SFT_SCALING_V1,train
paper_2a77513d8432605df47a,9f6a8e902714255af644963125c05cde8e7a88adfcc511c6289c9d0d5de28a46,1217,20260812_SFT_SCALING_V1,train
paper_cbcccf219bd7c6074e8f,9f7e128e86867db3ecc31ebedad55614a3d5c2d232214fe27508b414789036a4,1218,20260812_SFT_SCALING_V1,train
paper_32f9f4fea8cbf3bf5a54,9fb22e90817ed87ec7fa5c6e141a48c964fef6c32f26f4db42ae5af2fe2a7336,1219,20260812_SFT_SCALING_V1,train
paper_dc40c15f69551a6bf4e6,9fb7692790d8e71ae52e291fa5ebb988778aec5f6114318882bcaa160ad84a7e,1220,20260812_SFT_SCALING_V1,train
paper_0d68ecbef45f9fc8cf90,9fbc41c34d5282aab0c76456de6c03cba203a492a636eb7f000f610ebbbf5cf9,1221,20260812_SFT_SCALING_V1,train
paper_2409eb94a07222c8a7f7,9fd7646a07907f24397f015140f4fed00c2f403112353cde4ff3351fb6566c35,1222,20260812_SFT_SCALING_V1,train
paper_fb7b63214de684b2f11d,9ff15af3f902faf3641d1a7a4db9d02e56c54fc7d7b1ab12fe5bce9b4672d7d9,1223,20260812_SFT_SCALING_V1,train
paper_847d39d827c9790807e8,a03f9f61d007234126671f91689c30ac6e32d8493bc7b3232fa25dd59542ecc5,1224,20260812_SFT_SCALING_V1,train
paper_713279ab4825df51d201,a0539eaa790809c4dedda89021c4105f1b11e703656e52c6f769ee4c2d600133,1225,20260812_SFT_SCALING_V1,train
paper_1e8373c0fc60886c7495,a0d3e8ae51f52603530b455b828827d6f8ce5d9b0b3f872226aa8eebd9519b7f,1226,20260812_SFT_SCALING_V1,train
paper_6a6a4f61a4cef808023f,a0dc7f2bbfdb245e0d5d7d4a71edfd857fdb4716421557d4b3ff4516c57f44f6,1227,20260812_SFT_SCALING_V1,train
paper_0cf5a0ec78df6032a89d,a0faa855e29c622866e9b91e4909cd2717093a9a899146cad13d105a5752ce1a,1228,20260812_SFT_SCALING_V1,train
paper_1220f0e0209b9579f4d9,a10caef418c31fa82b32bafac0c2d819590e6a214f6054348ec799c04973d0da,1229,20260812_SFT_SCALING_V1,train
paper_eace9548ec3b45812532,a10e536a4d93ee938337ae906bf04b3c47621f34c534251dd9f26d30b7e32d22,1230,20260812_SFT_SCALING_V1,train
paper_f0d2d28c36b069584342,a121c00879c305c55140fb9eff8e99da05e929268b7502948faa01388e2cd771,1231,20260812_SFT_SCALING_V1,train
paper_589682082d5f0b372030,a1323b573bef4e2476b2eae641c64ae0aa794515945b5c35933df6a25b966c1b,1232,20260812_SFT_SCALING_V1,train
paper_e9cc144b1569d2cdff5b,a161c38bd0f8f67c6cfa3a05a9cbca3293b6c887ab15aa227d11b647bdd14d15,1233,20260812_SFT_SCALING_V1,train
paper_6df4b9381be6592f7484,a1a5816d15d1fbe7e9b3b8a7fcc26d6aff542c55a91999f0ba8ed024f957094a,1234,20260812_SFT_SCALING_V1,train
paper_0b4dfb06065388f00cfd,a1aa63fd4b294a1b6d9760c2a9e8810a3661ea3204cdd3cd485e842a40201f8c,1235,20260812_SFT_SCALING_V1,train
paper_936af62bff602375aae5,a1e26fbda541a238a4f8b1e4c5bf66d01aee090a44cb7fc685a0518fedf1467e,1236,20260812_SFT_SCALING_V1,train
paper_75028984950c883d55ee,a1e9b3b5ed78f26e5f021a19f1e6f9a54b8d41a6afdbccc2327a2ce6d4ee02c3,1237,20260812_SFT_SCALING_V1,train
paper_2910bf55c20bb603f151,a21070676392016baff435c92ebd362ff688da9b66730212dab3a5a425cbc326,1238,20260812_SFT_SCALING_V1,train
paper_80f3958782a73e783fe7,a213b747fd06857b94978ead2d9c00f89714d0433cf4ed103a9a8c79d34e97f5,1239,20260812_SFT_SCALING_V1,train
paper_64526ba0276feb8256a1,a23f85192b2f5fd1d52084554bef98cb98449df7167e52535de8a834b0003794,1240,20260812_SFT_SCALING_V1,train
paper_8576f7b959b92e605aad,a2b417dec88ea39ea95ca2f60f481293e4d89abf27a3753d44675b4f669730f5,1241,20260812_SFT_SCALING_V1,train
paper_66e9b50a59bd823abcd9,a30d3e7310f653f4edbed5157cd640471169852b084bd1ff2d1797c0201ec977,1242,20260812_SFT_SCALING_V1,train
paper_24876507fe1792361408,a396a1acb53d08648ca19e59d2c703664d39f2595d69b437b99512e94fa3bfa9,1243,20260812_SFT_SCALING_V1,train
paper_964e9a4598bfe6895f73,a3bc7f0d2d178b6498f35030b621b01ae0916035cf66023064a8afea7994ecbc,1244,20260812_SFT_SCALING_V1,train
paper_bea3698e1259b05a513f,a3c4f10fcaa88806617902965f48e770e55be7ad4314e55f1b727a5fd8340df2,1245,20260812_SFT_SCALING_V1,train
paper_206a17fb35940b06d973,a3cc43195eb8b39bb39f58ef799735ae4e515069f3943ef85cb6dcc355496c58,1246,20260812_SFT_SCALING_V1,train
paper_1bf35d19faa763dc9570,a3f9678ebdee1eaa497ded55c17e871fd779723866b4178a65302b4ef4faf5f4,1247,20260812_SFT_SCALING_V1,train
paper_a3c79491871022da9d5d,a42f21b7da595c929edb4922ab613a0836b4ee133e957184690d5080eb258bef,1248,20260812_SFT_SCALING_V1,train
paper_2a4574fae96e087c2a6b,a43c7638640a2a26eec02615620f6fba25d5322626565216deb31fba76aa19ba,1249,20260812_SFT_SCALING_V1,train
paper_f8503ebcd0d534154ebf,a45897e759bd0f83f90d5ca7deaceb9c86c63ad27a0a8c7b402d684e3270c25c,1250,20260812_SFT_SCALING_V1,train
paper_3931b2764d33f08f9b60,a459e8c9ca44a0cce7da200966eaa9e958fa86d53b9a4bb83dad4a482ceaea52,1251,20260812_SFT_SCALING_V1,train
paper_eebf3854a3fb0b3a28f8,a46153a0d59f40b3c059c774a73372a16330e46149aa31b6d21df8b4cf2a722a,1252,20260812_SFT_SCALING_V1,train
paper_61251b5fda9ffb5dfd3e,a463fe7944256a138c0808faa42cf6f28b553071b2afd158d06df0785ae033a3,1253,20260812_SFT_SCALING_V1,train
paper_a9b7cccd95ca07156fb7,a47597158edd0770ffd0f3df07799dc1f468280665d997e2a1663edfe4251430,1254,20260812_SFT_SCALING_V1,train
paper_32d318d230fb473bc762,a4c2702eab63262edb4b29f4209e712cbb347a500b6cb834d27436c47bce4d71,1255,20260812_SFT_SCALING_V1,train
paper_2a007f0eb896c97e483a,a4ec91ad7e6ce457bd2690356bfde3bf7f9d1f2ab5e2b73455b369cae09a9898,1256,20260812_SFT_SCALING_V1,train
paper_7d92fa5aee2c2b1e19aa,a4fd6ece42c1d5147579b1f615270b54316e6b00b489395df4b2322b4e1e7647,1257,20260812_SFT_SCALING_V1,train
paper_44d79256d8a5312b7ada,a511d4fafa845e479fe6a7fb90602504989b19467a5ffb77b137f223fb8f75fe,1258,20260812_SFT_SCALING_V1,train
paper_33d29fa4c709b83e9173,a5124a9b4790c4a82d5019d64b45446333d320d6d1ec576d1b0eba1a43a88767,1259,20260812_SFT_SCALING_V1,train
paper_4f56eb43f6a9f68765d6,a5539a3f1119218494c4f857d46d11828c2c435c7c266382b3ccca2b8d59d06b,1260,20260812_SFT_SCALING_V1,train
paper_8700bcc123dc5d3b937a,a5879d82770fc538db5697f0547d6332b2e4abc05ccfd4955cf33d7c78161538,1261,20260812_SFT_SCALING_V1,train
paper_7a234a0942160567de4e,a58d732504aab7c9baada334331eb3dff3376e1c508718870743ce92160786ea,1262,20260812_SFT_SCALING_V1,train
paper_29263f13859eec1bb821,a59bc5f6200588cc8567e1129023382ead917e90e6f14b5669eca0bdebc317ea,1263,20260812_SFT_SCALING_V1,train
paper_438ecfc25f6ba0bbbd17,a5a5cac07a2953f68e4b516d01b53227415e104d79ef8df439f9a630a55543a6,1264,20260812_SFT_SCALING_V1,train
paper_ff168db638406d844444,a5b06f295972b85228ef478aac75b87d1bc564a3ec359874b0018425558ba138,1265,20260812_SFT_SCALING_V1,train
paper_52b24e4b78c3befdc508,a62ec666a8354f8d34927def499dbba330cabe5b9a084633131c3ba3e791ede2,1266,20260812_SFT_SCALING_V1,train
paper_def9d9309b4003de0ded,a6524bdc90b1b38f8b792145104e185e86aaa10378679001b6cc52bed4e400f1,1267,20260812_SFT_SCALING_V1,train
paper_dd00a6ebc17bdfcae203,a65f87af30ebd6964f504408655488084475f6322d0aeee2ef2ff5689a0e4e42,1268,20260812_SFT_SCALING_V1,train
paper_1850d9d0595fc4db1d19,a6650ef055f075ec02b50e3fd06e57a2966d6aeec140973eee4bd18388c11eb8,1269,20260812_SFT_SCALING_V1,train
paper_6bd65aee24acf9ac5556,a673f74472ee88f04a015a0ef93038e472e3cab7ee4f2bf332ce70f79121695a,1270,20260812_SFT_SCALING_V1,train
paper_4635a9cc7bbcd74bc882,a6aa06729f588dd82f7effdab6e7dd33bf88f43318d78abddaf8151c25b31feb,1271,20260812_SFT_SCALING_V1,train
paper_80494a124ca2656927e6,a6bcb7d6a25b9ed80d87346bef34e658aff3bd59e36cc415863a15ef8599c4fc,1272,20260812_SFT_SCALING_V1,train
paper_d8ce8ef02100897f6cfe,a71063eab98bc024155e54856dd0aef557e80016559f4b7bfad4bb0fd7f403c4,1273,20260812_SFT_SCALING_V1,train
paper_251e893761028cd925f7,a710e775bd2bbffeac32febc5c35c1613ad73c21bb1caba3bb66d809c862d2df,1274,20260812_SFT_SCALING_V1,train
paper_27881da4624b6a406df0,a71a869b5446baf41f245c62b2343afb163af9728ac6d54676df91126a334275,1275,20260812_SFT_SCALING_V1,train
paper_edf2526887b73f01404b,a72ac5d8f74309762ce471ec0da4aacde5d27f6ffedd82fc0cdb77713fa14dd2,1276,20260812_SFT_SCALING_V1,train
paper_63b2bcff2acd5cb805fc,a7312f71f4cdc53fe543dc7aa290a0d8f1170cd8f767b8e62da88f74e48bd704,1277,20260812_SFT_SCALING_V1,train
paper_60859c18d1b677dfeea1,a74277caa4dcc8b4ec5f1c9bc017c5d4e823e45f0911a9127339ed9bd0b8ba02,1278,20260812_SFT_SCALING_V1,train
paper_54666dff53c384cd7509,a7643e2aefce20b5ba68f605068df91bb636102235989116d740b1fa81e04a26,1279,20260812_SFT_SCALING_V1,train
paper_07f0e3315516c7475a67,a7c6c6f8c91d9166299e070f0a653466eeaf83533aea0b8e090565d529915806,1280,20260812_SFT_SCALING_V1,train
paper_b005f05d79307aca2e7f,a7cfc51453d1540938ca9ec0dc380ccf5ec4f8852d53991af34763666dbf3a59,1281,20260812_SFT_SCALING_V1,train
paper_b01d11615f92368273dd,a7e909013a77a7b5b45e702863449a0c539a86bc06c0ed85a556f02bb528df6e,1282,20260812_SFT_SCALING_V1,train
paper_09c4f2f626f879ade963,a83b7a809c0a29b1e7605b6c0b9cd8b4bc94824c79ee1946d615ee2564cab0ff,1283,20260812_SFT_SCALING_V1,train
paper_4f1ab823cfd9f70682e6,a83c92d9eb2b5b1878738374619019527198c88fe0c61bcf806b8bb0a31b77e9,1284,20260812_SFT_SCALING_V1,train
paper_5011fcd87c855c7b431d,a84b55042bf283cb6a8dedaf081f2f99ae12eb267f4b13ca4e05420014a58cf4,1285,20260812_SFT_SCALING_V1,train
paper_b35bae27d796b009e0df,a8778e468753869fd0a4716f96cf99c38afc9fa398d64c26200cd08fc15fd4ee,1286,20260812_SFT_SCALING_V1,train
paper_22e2b4a6a3827317eea9,a88e05f2dd2e167ca99fb19258216b11a10030cbcda5aedb95ca45b78e8800ab,1287,20260812_SFT_SCALING_V1,train
paper_8ff54d2a19ffa09c6e44,a8bc0ae483ca599a8885d857f03210b51886e464f6a9c49d9c86810037133078,1288,20260812_SFT_SCALING_V1,train
paper_44bc96df746b0dabdfc1,a8e01f3fac6fc4bb757fec34ce777567ab81d5f1876673a6d33ffb592a7df177,1289,20260812_SFT_SCALING_V1,train
paper_c146dad478613317f96c,a8e1637cf433a3b224d6be155dc352665e867f6eb05c4abac85efeeb7a148f0e,1290,20260812_SFT_SCALING_V1,train
paper_ce5f00d82605fcb001c4,a8eb7c87cd878703234e232f86c51018c7ec0feb075535a24d01c8ef9b9df311,1291,20260812_SFT_SCALING_V1,train
paper_70a33f00de4d371b40b6,a8faa71b18b0a8abe4674192e817aad2eef4c4b358e755ee135dd59c8ac302f1,1292,20260812_SFT_SCALING_V1,train
paper_e1ce1ccfedff941b4beb,a93022f29520ede54052871f86204c8e54fbf415dd27e1fd98d56509d92535bf,1293,20260812_SFT_SCALING_V1,train
paper_0b96938446e7a8a961b5,a936b30d8a5f4b906ca9e24238a1dbec3e9f937573cdca57a1ff6be244b2e0b9,1294,20260812_SFT_SCALING_V1,train
paper_7d9f28a4e6c574da1959,a9c6d46d4729c402abcf3dd861d794210a79db5119e5a588c11bdcd2e482b408,1295,20260812_SFT_SCALING_V1,train
paper_39478f8dbc9276d1b5ff,a9d4e4b337e2bfc2ed15923a8cf3f8dfb4ca5fca04255edb3d263d82b3fe61ba,1296,20260812_SFT_SCALING_V1,train
paper_87938812c0715e3e4672,a9dd45ab39ebe5fd29b653d359bd3219a37a6aef66a0c3095883c5daf0019ed0,1297,20260812_SFT_SCALING_V1,train
paper_5b0673e9ff09192b1dee,aa06db308403ac5baaf966f4b887f660f553161678bf095b5ab6f479cbd973b0,1298,20260812_SFT_SCALING_V1,train
paper_bfc0c8414856513ea244,aa1ac1c460b4dad2085ea772211910a85ae8c051be4a8217d36a4d58bc3e312c,1299,20260812_SFT_SCALING_V1,train
paper_1167812faa33b036641b,aa3772635d28bd9e1fafc8f9f6dee44674b3d5c7a89bd288e2b4b74007fce67c,1300,20260812_SFT_SCALING_V1,train
paper_e6ae6ab9fb979351c1c2,aa559eb725c163718f7adefa0b1961446e7d84c205874415c5ee5fdb914155ea,1301,20260812_SFT_SCALING_V1,train
paper_1cbea91ab313b361da43,aa8678116d2bfb6da8fd4cb583bd1f51d2bd1c2c4f795a227112df36a2bfeaec,1302,20260812_SFT_SCALING_V1,train
paper_9eb4667de60036b508b2,aad9a3cfbf5240adb11d190051818fe7eba79786e292265bb82f2b9dd3156b20,1303,20260812_SFT_SCALING_V1,train
paper_94dee75e64b89bf47143,aae129f67e784f66150c30f8b4b07d7cb705d4f794821d0ee28bb55a242ba211,1304,20260812_SFT_SCALING_V1,train
paper_769ae64af226fe449181,ab1400729c4dd7310e07bed2931d13b5dd75b356faad189b770d9d0403be4d33,1305,20260812_SFT_SCALING_V1,train
paper_5d5120a2cf840faee937,ab3224492e9bb1d1d83d5ef77ea2e6a257bfa40f44e73f1e70a235f6f9801f83,1306,20260812_SFT_SCALING_V1,train
paper_47eb55cbd779efa686da,ab450004d0b1702a05b6f020fc2fd9c8677c96cfe8c7a10db183acc96164adff,1307,20260812_SFT_SCALING_V1,train
paper_a18c3e1dd508021eeb67,ab4cc12a5664e40667cd0662bb1be54a982bdd5b64c6b6aafc33134d88a63dda,1308,20260812_SFT_SCALING_V1,train
paper_62c06fe656b0bf41bbe1,ac112da4f89e6204fd964eaf0427447b102c897e5a983c376462ce139416b699,1309,20260812_SFT_SCALING_V1,train
paper_2fa4ade2a3d21eee9f61,ac5608a0781333c15a98e5cd58c11ec77e6de9645cbf7b4ba6fb322c241c52cf,1310,20260812_SFT_SCALING_V1,train
paper_541aff79398df3a738ca,acacdda7fce5c3376ebff4041840e0dca37536ae1ebff5edecf7c2fa7e015568,1311,20260812_SFT_SCALING_V1,train
paper_76556fecca66ba0e9e6a,acb0d24380ac027ba267341d242cafef9a0dd0ccf5c6b0ef26c2af2398da4ea6,1312,20260812_SFT_SCALING_V1,train
paper_67ab53de6e75a2a2f118,ad295f7c8a72adcaa28a133bd02783027dae9e555c9f3b55e35cf577ac222f77,1313,20260812_SFT_SCALING_V1,train
paper_f6b2ad2555ee467dd60b,ad451eb232efee4be5aa39142e7e69ade486bd4dab0634f0e67f2b25a9589b21,1314,20260812_SFT_SCALING_V1,train
paper_ecaeb019206ece9b12b5,ad6ab96d2bd17624b1208f83f0b6516250631e559c8ad8f38e26ad0dcf5b24ee,1315,20260812_SFT_SCALING_V1,train
paper_be916dbf47bd1190bfac,ad888ec28106f55e02410bff42c1b97e51a050289f823fdeadff8dcbc8b9019e,1316,20260812_SFT_SCALING_V1,train
paper_30af98fd045e6e063607,add837570d83e993f9dec3aa7ab2137e797235816fa2a778a1dc548679522c3c,1317,20260812_SFT_SCALING_V1,train
paper_814885c7706c9991ec46,ae13db1a344e24b2f692dbc5191fe14aa8b4bfd34b357d8116e44bc09976068b,1318,20260812_SFT_SCALING_V1,train
paper_aba23cbfef580e6ad9ba,ae1b10b524cbcbf2daa518b78a0c1ab7f59e2f57aa63b90733342c4d44becfd9,1319,20260812_SFT_SCALING_V1,train
paper_f33629526b9e8dec9b5e,ae3173eaf118523b2f0d5385b184ee11c074435510619531cd8db91e1eb8a221,1320,20260812_SFT_SCALING_V1,train
paper_974fb714ec6870c7868d,ae5474c889b33750368d575150d03eabb156f20c5fbf82dcac7f7f0b8a479931,1321,20260812_SFT_SCALING_V1,train
paper_3824e02ea70998383a7e,ae7f2388589cf9be7d341465b8831329afa657eca6afb08e3e58d7d51de9c362,1322,20260812_SFT_SCALING_V1,train
paper_899264c07796c6d9aab5,aebbb18ee0b8f04e6e4d01bd6c6d8a5d3dd031a70be5705d57440252f3efe994,1323,20260812_SFT_SCALING_V1,train
paper_cd430a12c79af147592a,aebd5c148d336242524a38ebf1bfe702f4cfad7f4eb6eada4efe1e37ed3d3ef2,1324,20260812_SFT_SCALING_V1,train
paper_b2dfc0b6e405dcfbbd41,aec4ece9bdbf7bafcb0656011bfb6e359d4eea9721a6321652670180c9a06d1d,1325,20260812_SFT_SCALING_V1,train
paper_734689d9ad881e3f05c6,aed0b7a2e345b8ae18bb20fe5eac4796ca0f71986437de674ed8a57a98042504,1326,20260812_SFT_SCALING_V1,train
paper_e979bea55b68466950a5,aedcd30122adaa8f77fce95d06de883cd95bd067692f05c159160137acd9dccc,1327,20260812_SFT_SCALING_V1,train
paper_260c6937e35e1e5ecb8a,af155cbb254458d555fd78ffa539f1aa2f3b033a4a8a1d220093252e68748cdd,1328,20260812_SFT_SCALING_V1,train
paper_2fcc3dcbe371ec40710f,af16e6c47ebb6ca938f15d180d6863dac2a09d674817ac1d21304a8de54bff4b,1329,20260812_SFT_SCALING_V1,train
paper_bd4546a641a1bdd72a78,af2bbc70e479e6189d31dbaf3087c8cbe93316b6a6ac822068e9e528784f2c3c,1330,20260812_SFT_SCALING_V1,train
paper_21170a94b042f9799071,afad5376003c08d7e5ef49ac5f08ffb96ffc571b336bf13dc23e3235196f294e,1331,20260812_SFT_SCALING_V1,train
paper_df72b530993943ce67bd,afca5b31679e9a49cae1eab0bdbffeba760bf9141ba78f8ff1b6a9a21bbeef30,1332,20260812_SFT_SCALING_V1,train
paper_3215e9f1742562ad079b,aff6d62363ead575d57d57c406e4a64d03215180661b4f6c0f565afb2ce25603,1333,20260812_SFT_SCALING_V1,train
paper_a6a71ab05e2677c8001d,aff874339ca8eef27799df7478decdb151dc9b20a0502eae4f4bf07cc57d6dde,1334,20260812_SFT_SCALING_V1,train
paper_7aed1b3cc943a6faf148,b002f09e6355041c1a240727bb85a9336db058bb9998705a2f730656bdbf11da,1335,20260812_SFT_SCALING_V1,train
paper_6aabe31ff814c94de9be,b015dde5a570740cef588580e361b3eea49f79071909548a70b0a45c76d32f64,1336,20260812_SFT_SCALING_V1,train
paper_11d4bce0bb41d66468ff,b04dae5e91147a31ed4d235ca0f90533686cfd2e2c16f13c2046432a157f070d,1337,20260812_SFT_SCALING_V1,train
paper_1718c709beef596baf15,b076bd67a138b7735eafe903ad55f4de7999f7d2c16b596cfb2c1a3a467e2976,1338,20260812_SFT_SCALING_V1,train
paper_fd9edcf09c6f7a17bc27,b0fc0a3cbe31e8d27d7c0324ff88510ed0a0aaa1bc49800eb7224d2acd3371a5,1339,20260812_SFT_SCALING_V1,train
paper_432eedb7b5721b207e27,b0fd44d1ac16bc4d2ac5ced6d9bb2ef54a15536bf2bd9ac9a3d8b2bc7620990e,1340,20260812_SFT_SCALING_V1,train
paper_4f31c328a7c95c22c4de,b13e5cb878e6f10a2ca16895f26792b7980fcb5963903917aab29093e89395f0,1341,20260812_SFT_SCALING_V1,train
paper_8640f23aabb16c409f47,b1426a44b8c13190de737716966a26b84fd9650c674ff647f80d42526f0642da,1342,20260812_SFT_SCALING_V1,train
paper_f07c5b93cfd2ea6a70f0,b1564b0ce3c536062b7227a704747d80b2c4308425380fb6ce7c516c6a7c0c3d,1343,20260812_SFT_SCALING_V1,train
paper_6011087f571c12a9572f,b162cb69b84810afae4425a0dbc80acb80bf0a90d85112f61f1a76953cf341bc,1344,20260812_SFT_SCALING_V1,train
paper_04ee90d11a9e2e5995fa,b1ac910a8163f1fe1f00ae4131699fdf30454671c82c988d525507178f489876,1345,20260812_SFT_SCALING_V1,train
paper_5ccb84180e28ca26531b,b1be01dc51b048cff944a5e71398022696ec5095b35ce6f2ccb97325a579f40c,1346,20260812_SFT_SCALING_V1,train
paper_4cbcef64f6b0ab42d544,b22b2c302e551dfb8c03c72820621597cabbfd529c680261d014ee319b07895e,1347,20260812_SFT_SCALING_V1,train
paper_711883789f83c2f2a3b5,b22bf38070c03365f738fb725d9395ed4796713fdf16501b8d0caa65d450203c,1348,20260812_SFT_SCALING_V1,train
paper_b8edc7930b5c5f8e22f4,b2414946a402e905ec39b2fa2bbfb31ffb50887e6e3a37adfe9492c3e07a325c,1349,20260812_SFT_SCALING_V1,train
paper_a35f33cae0d6e49f66ae,b24d06a3623a27de5424d9cd93f7f30878b08b09d167544506fc9d8b59db3602,1350,20260812_SFT_SCALING_V1,train
paper_ef887352855c8b0457da,b296298c020e15879c3eadcab45505e1de985066dcde1f431b52f8fb895dc8bb,1351,20260812_SFT_SCALING_V1,train
paper_9b42a9d51098cee184ff,b2e9e193e5d19254814a8d1c42869e256a2fad620d98414e6ca87e749468b05b,1352,20260812_SFT_SCALING_V1,train
paper_b32b648f3c2ffeaead45,b31315d3d64c411756352e92a59702b403c7c5dc27392e106168d57db846c114,1353,20260812_SFT_SCALING_V1,train
paper_080ae6d04b647d7d027e,b343dd350dad5dc4ac83de66374fcfaa7fbb3b2065d0e859b68a21174ad133a8,1354,20260812_SFT_SCALING_V1,train
paper_e66ace61c008f0ebbeae,b3469281ea2868e15889a289a44f6c2ab442e9826a0a7cb4627803e3930d3c18,1355,20260812_SFT_SCALING_V1,train
paper_833a553eafe91386ba81,b365a77e1ed8017d57b5623ad9c7e0887a445687c454ee0c9079c53d21fcf8bb,1356,20260812_SFT_SCALING_V1,train
paper_97a174f50fd3871256b8,b3d952181a7ac2271ed26dc6a8be90e9e822b0b20453b257476fd1a33357ffc8,1357,20260812_SFT_SCALING_V1,train
paper_179f807a6800cc1dc318,b3e50fb6bbd60ed3b8f79844e1aa085372eb8d86898de04ff0fbfb98019f5325,1358,20260812_SFT_SCALING_V1,train
paper_4516ab29b73cc618f530,b3f2967db3f8fbb8dc1ac3b6749c848e70d6596f4db325771591935726a9533e,1359,20260812_SFT_SCALING_V1,train
paper_2b927acd6b0595e0fbfb,b3ffb8eb0bf773d07ddb80727837e9a695b5cdbcfae24d6c2e0b4b81ecff7373,1360,20260812_SFT_SCALING_V1,train
paper_3b52b2355f8e01112a03,b48a124e79ea433596a1759c469d50991080a37458242d84b6708619dddcbf67,1361,20260812_SFT_SCALING_V1,train
paper_54e89ad05f8c4b91f7ea,b4d418c07c986c5944a1cfd0a5fdbe604e98ed873a997c6d87dfdfec0debb5e8,1362,20260812_SFT_SCALING_V1,train
paper_337e748ad8435a82418a,b4fdee394b48c3ed8f50a9ffdfaaf617aa30180823410977fa8a96b8893b36b3,1363,20260812_SFT_SCALING_V1,train
paper_888d630bcdb565561a56,b597661ca5f4ee4964d81a6dad64eae8cdf704acc8e3c6b759422c5f0fbd1d4d,1364,20260812_SFT_SCALING_V1,train
paper_e64d61732e6aa5e667ac,b597c5d04b389e65b2ce3c658710685a339230a0686b82ebc63e4f60f790758f,1365,20260812_SFT_SCALING_V1,train
paper_3e0d5679b83f65deebe0,b5bed71f2d61bb5e7203bb9460c312f8902043d9cbfbabe9e2152c399d44350b,1366,20260812_SFT_SCALING_V1,train
paper_2a476df55e90e42ef6ba,b5ed014258447d5ad5ac70d12dabbbd0eba99f94866d7a022bb2cf0e0355b67b,1367,20260812_SFT_SCALING_V1,train
paper_254433e21b7170b6b83a,b6203dac986babb71d8cfe50b6e5ef038d49a7664d72cb0c0ffcacbde4302f80,1368,20260812_SFT_SCALING_V1,train
paper_28bff144273ff621c448,b635d47fb0438c6400929ac4eb0eb0d58837e098a3968eb17fa8883d84e2563e,1369,20260812_SFT_SCALING_V1,train
paper_ad00811f68d163562037,b649b5b7986052444dbd5c4ff5cb7d10111519f246dca856176bf7a7992d36e4,1370,20260812_SFT_SCALING_V1,train
paper_8b6c41dd419735fe1e01,b65619c5f5b04725e77d4bbe4f21aa63e014b0fdccf4241f66c4cd0fdbfd07b1,1371,20260812_SFT_SCALING_V1,train
paper_7dba6cb3e3d5e86994a3,b65c6c72f374ac1bf642a82d7804a0517f1cdc4f8ce96e29433902c1b6a338c9,1372,20260812_SFT_SCALING_V1,train
paper_dce85d264393d934c1c2,b6b6bdda2fa755a8972e3ab3b4e26f71496addd9edbee0656bd471278be51c6e,1373,20260812_SFT_SCALING_V1,train
paper_e1e0650c84865e3bd9e3,b6cfaf7537d8501fe7c412ae224d0abe9f62c835ec6c9f2aa6eb6d1302acc70c,1374,20260812_SFT_SCALING_V1,train
paper_b97fd1a5935f47e10c77,b71db0cdef2544ee36ceb264cde6ec4f527c69877194967ababc5f163cebf6ce,1375,20260812_SFT_SCALING_V1,train
paper_4776df45999b42cf21fe,b721756393d00bb94f8b89af83526986618f1e314247e1e96802155a712da350,1376,20260812_SFT_SCALING_V1,train
paper_8d3a72036128204cc3b9,b76ab9a32674208acae563883b0692dce6b30c5f8019d664d0aa0298fc8647ff,1377,20260812_SFT_SCALING_V1,train
paper_5a3e71193efaa78970bc,b7bd771ffc09df64dfccbe9da27b9403188c2e62edc8ffd20a59bb213cd9123b,1378,20260812_SFT_SCALING_V1,train
paper_0f49cd856d017836aa53,b7d4e42eb73cf38a47064211fe986aa6f08b21780ead945404d91962d9c08dac,1379,20260812_SFT_SCALING_V1,train
paper_922e19bc2468753745b5,b7db064776b8418ef001061ae44f368bd13d446d47db55a19c7f3eea44c30272,1380,20260812_SFT_SCALING_V1,train
paper_875db547425c669c712f,b7e7de9d79c34723b72ed4306a889fd764f3ac172db23bebb9389f8f0fda0738,1381,20260812_SFT_SCALING_V1,train
paper_782f0a0f6237b3871019,b80ed942f0174c7ff7e69dec3a7ae56e077533b3e977f47d4d102cb844c53ea3,1382,20260812_SFT_SCALING_V1,train
paper_eb53a568018997d7a5a4,b8119bae43d60a9b475bf720795fe220da4c627842f931771c87e3c9dfe2404a,1383,20260812_SFT_SCALING_V1,train
paper_cc9b4421cec4c4f430f6,b81a47eafd30e54e46da728b6d0f1aaa9820de135bffc1d282ce376f1d550d15,1384,20260812_SFT_SCALING_V1,train
paper_94955909662fc0f4ebf4,b82961c16085f04b9f46cdb598657c698443ae374e00091f39589a76be96ad92,1385,20260812_SFT_SCALING_V1,train
paper_411c20623e599b3bc130,b83b66cefed0f8ebc38c92461018212c1a6bef8ff5defbfbcda2d67441c13925,1386,20260812_SFT_SCALING_V1,train
paper_cccf0a5d801b597f89a2,b866e94f62be4082124b8b2dab58b76355b16205e6ecee0c483e9ed1db0a53ba,1387,20260812_SFT_SCALING_V1,train
paper_257eb54fddd85f451139,b86d3560e5bb73d2c18cceba9ada3b5990641a22e9f0b681ac1c436f408eeede,1388,20260812_SFT_SCALING_V1,train
paper_5fefae153331fd9cc0e9,b8aa83c08d353e169caf2e45a1ad56a881e7d9812d4d5356ec73c01ae793d3b4,1389,20260812_SFT_SCALING_V1,train
paper_a2eacde7fcf945fa8df6,b8c9cf772b2f0b8d37043530be5246f51b861a4183c200eb5c67b3c3a194a2f8,1390,20260812_SFT_SCALING_V1,train
paper_e0741239e6b4af7e9060,b8cabd2dcf935c6cdedeb7ef513836efd9b8fbb427d62d72020f856d9068fe53,1391,20260812_SFT_SCALING_V1,train
paper_b0b7e2f9a369dc5982ed,b8f6dba2a26fd668a01fd0fba9ba8cad1bffc10b653f1fbc359b93f9aa1dd580,1392,20260812_SFT_SCALING_V1,train
paper_4ffc5b48048d021e1815,b8f7d3b3d96a7fe5f7040ac77304e8aea355d6419bf066538624e30048964677,1393,20260812_SFT_SCALING_V1,train
paper_b0e9eb2848ba1c224022,b904dbe63af1f60a47863f8606da6a4bb91b02abc9766bcc3fcf7fb09ccc9abd,1394,20260812_SFT_SCALING_V1,train
paper_0a926d479528ed19bc99,b93055fd19371d6abf5864dd91168290350f7a96eba140ec91bee8909434c652,1395,20260812_SFT_SCALING_V1,train
paper_64aa55b50d42d19509ef,b93d488f145b1c9fbd284e84a67912fe2b3386ee1ea91fb322c4e9264a18512d,1396,20260812_SFT_SCALING_V1,train
paper_3fc5ad888280021a152a,b9460bc575dc8bee749410c0cdd8699f23328efd15f35ffcecaa370005b507cf,1397,20260812_SFT_SCALING_V1,train
paper_336f39b2c3d001757e43,b953fe15f9764e02b1d1c47eca391996dc03440886d7fe73eedf6dc63bfb6164,1398,20260812_SFT_SCALING_V1,train
paper_cee2d0d3e1876eb73b39,b95ac91e288d9b0df8cccfa3de24e35607351f377e7903af61bce89916b12c9d,1399,20260812_SFT_SCALING_V1,train
paper_576d45aef8ed66b05849,b9645b6e734e2d3f04130697675e6857a7c67929ca996bf21cc97dd954e90f18,1400,20260812_SFT_SCALING_V1,train
paper_5d3f229a06477354b1d3,b968411f08e3008666855d6333e8a400c4d90bbffb91c1e4d4e065e60c0c9d3f,1401,20260812_SFT_SCALING_V1,train
paper_6f5456855514128c0fd6,b98a6ce6d539e328f8bd4a224f42bf254ac6ef77f05db0d3278ad5378fe5f7cf,1402,20260812_SFT_SCALING_V1,train
paper_29631482265a23ae9c5c,b996ba3c063ac335fd00812d94f8e5cc601a777c15d32d3cf21ec1b44bb55430,1403,20260812_SFT_SCALING_V1,train
paper_23bc6223ed3b36fa514e,b9c4f786a8b6811cb32db466ede8667c08d429c6c91b4e08322b88bdbdd7c53a,1404,20260812_SFT_SCALING_V1,train
paper_e1a4e627071aff86f5e1,b9e3b865cda905f50410a936daedb7bfee011c76d9c089044c431de79e0e9771,1405,20260812_SFT_SCALING_V1,train
paper_e5c1d63c115e58cfb9fd,ba445bbf2d751cd3a09cb4458e55045ee31e6791fe806366410270513c8c764d,1406,20260812_SFT_SCALING_V1,train
paper_a9d9472f54152874bcd1,baae1d5aa1b1001b5f4c7d27e60c47917e918e0779760f26d9ec55a9da4a7883,1407,20260812_SFT_SCALING_V1,train
paper_855a30d7906bf1696f18,babc3eb80621117428d1141a59a964dd4f964ff0de77139328eedb2048695e90,1408,20260812_SFT_SCALING_V1,train
paper_0475da2955b53fdb6606,bac688c751d2eea6ddbff0f97cae96208e2dcf5a817e3e1289746b7ae56fc478,1409,20260812_SFT_SCALING_V1,train
paper_04e78ff55c7a3c70cd95,baca45c2c65f3fc25b1cc1e86c20083eb0328275bcc4f6a1ff183def53c3a603,1410,20260812_SFT_SCALING_V1,train
paper_62d201305fdcd3046947,bb427bad11ddda9972fba6317b5519e52dc27c1c820762be587dfc47617ae0ac,1411,20260812_SFT_SCALING_V1,train
paper_dfbade9b3fbcc17ffa87,bbda15b2dbf7c54a76152fb4d646dc349f4e680d0097a50d140e51dbc5762a7a,1412,20260812_SFT_SCALING_V1,train
paper_bfc002e4e2173fc7324d,bbdf4e3bf4b9c23d1a9b996a0297ca1a5b98ed75dcf360530f932f2dbc4a52de,1413,20260812_SFT_SCALING_V1,train
paper_ebf04dca48b284656891,bbfd276e05b7327c87af9b6b9a72023df8c87494f155f57a184da5cc10432ef7,1414,20260812_SFT_SCALING_V1,train
paper_867248425c354151c78a,bc11bd2fac6365541ec97223194fe495e16e1b1f99ab515a3d1b767d85178f0a,1415,20260812_SFT_SCALING_V1,train
paper_e5d9d6c267fc21d77d2b,bc6485394df9be292df3b0fc8fe16fc89b3adab42604f3fc6bf3520db3bc390c,1416,20260812_SFT_SCALING_V1,train
paper_3d161fef9d71e18b98ab,bcb41b435949cebc1268502b209c725ede51ade19f90c2b10d02b6ced60830e8,1417,20260812_SFT_SCALING_V1,train
paper_e8cec3b5129bb5312ae8,bccedad44a19f9161452d0dcdf809dc8cfd3026e63cf740533f79d64e6bb83f4,1418,20260812_SFT_SCALING_V1,train
paper_485b3fecc88210a2fb80,bcd7bdeffa546814f3f85e46fb763c7f419fc1ce33b1e9dc0392d4f01d349ae8,1419,20260812_SFT_SCALING_V1,train
paper_5c211132f97e75987828,bcef3be5f6f444d95d264ae48dbb9c2b52feff9ddf8e8b229215768744577255,1420,20260812_SFT_SCALING_V1,train
paper_d792d6f81b5dfd11ffa9,bd066191fe5d1d637d893397224b44cc566fcbd9b3b1c61717b8068c61082386,1421,20260812_SFT_SCALING_V1,train
paper_e2fe8c3fb17de72a30f6,bd07f606e784760cc53beead61d5fac058ae8300d2d501c4ae6d456ec3bba19d,1422,20260812_SFT_SCALING_V1,train
paper_86c706cc7c1b31c5b704,bd08cc08c29f6f7f652e8eb0d87439a637128b188e11dd48bfe37f2800b51342,1423,20260812_SFT_SCALING_V1,train
paper_23dce9b08be913b037dd,bd18d0b5ec09244652a9a40d80631b6843b9eca23fa6a8f607bd25f46efd1b78,1424,20260812_SFT_SCALING_V1,train
paper_0c8802876de96d138888,bd1c8371ed6b6946a0ab2609686b2548d894ea68e3bf5a61481f43eaa58cd23f,1425,20260812_SFT_SCALING_V1,train
paper_14885a60d70b18d57ffa,bd5928204472e023036035cad8a58703e518d71660da2ef8a8500a63af983091,1426,20260812_SFT_SCALING_V1,train
paper_214d06fafbe5b2033c31,bd6c4c1716ed9f3a895f43ec3268826a8b4d734c3a9c4ae6c11238b1eca4d385,1427,20260812_SFT_SCALING_V1,train
paper_00ce7fde2c30dd5b48ab,bdc971d2f1443fd435930d515d300fe730f9894ccce878e60934c627d5fc7803,1428,20260812_SFT_SCALING_V1,train
paper_fcd41940e6c1c398ce6e,bdce0db47339f6bbbda27e2e0e28eba943d0fe22c850c2cea04aaaf90985d239,1429,20260812_SFT_SCALING_V1,train
paper_3860f222312c54cfa035,bdcec7eac106dd17d36750164e42a62a521ab2a7adbeb6cf7528ba6e2547a772,1430,20260812_SFT_SCALING_V1,train
paper_ed68ec856c007b57b392,bdd8ad84782aedddc3107c8e5d105bbb15f0ddbab4c1137e37d2fe8f9847d065,1431,20260812_SFT_SCALING_V1,train
paper_639f89983dc30d163de4,be66b67bb76aeae774038ed1deda3e4a709500808b19f1d64bfabb5085f5a36d,1432,20260812_SFT_SCALING_V1,train
paper_cc53b0e72fd307d78825,be6b0e1c0d65cfb46cc1440670f0d16afbfffdad1ee48aaf5c3d2a7138b607b3,1433,20260812_SFT_SCALING_V1,train
paper_072bfbd0f8798926c557,be8c17b35417b4ab46d45f3b3a8b491af3020204404b3b719e5d01b2aaf064c4,1434,20260812_SFT_SCALING_V1,train
paper_e18ce688c48046a0792a,beb5268f93f69751133c4201a9048d4e5ace58ccba7ce131b779f2766976270c,1435,20260812_SFT_SCALING_V1,train
paper_5a9b7e5a9f7c8c1ba166,beb751babe0b5f5e077b3bfa56361bf62158d1de6916ba58742e93dd798b15fa,1436,20260812_SFT_SCALING_V1,train
paper_5be19bce69768241e503,bee3632be010a467aa51492a0d87863fd157cca6daaa220b87a49091f314fb7e,1437,20260812_SFT_SCALING_V1,train
paper_a49fcbc0b13ed1d5644a,bef801b808650e1560b1460e1e6e45af04aa54d5c8e96ae08c7be2b992fcebfe,1438,20260812_SFT_SCALING_V1,train
paper_bb9727873709888ef910,bfa0edeb77bb9bc764a54e3e7768996df7c17b40b41d3664d8b1b996db7e8c9a,1439,20260812_SFT_SCALING_V1,train
paper_8db0fa20c03e47048f72,bfac37f32f6f556c7e086bf9df1661d746ea29612f60dfe101e626a0ec03a63c,1440,20260812_SFT_SCALING_V1,train
paper_96ac22b722cc9f3876ef,bff18db1ecf7ff91a8264082dd1ea648f8bbb9fee1d2cd9efd76507a41e81ac6,1441,20260812_SFT_SCALING_V1,train
paper_4b66bda2db884ec62294,c0d7f9ee157e5840ebaed5932f3885001d6c048c3e110d8fc196fda12e70ca2f,1442,20260812_SFT_SCALING_V1,train
paper_f268a30c446bf23e6318,c0ebe045a71d1f96c4a65458475a698b1d48c2ba5ad1d840ad04ff3455477658,1443,20260812_SFT_SCALING_V1,train
paper_5d9ec214dc67ffded139,c0ece789e4a7d8aa27384a6e92c9fa34a9cf3cecc984a52b7c222b08314ba0a1,1444,20260812_SFT_SCALING_V1,train
paper_33864a2cb500270f3094,c10eae3477852d3f8b435327e31ad555668b886baa8b51f0eb2d300bbd117e55,1445,20260812_SFT_SCALING_V1,train
paper_47cebef9e3b773142526,c10f2627d1d0ab28ee4a0ebb84c9af3f12947265e36320664fef6bb2d8811917,1446,20260812_SFT_SCALING_V1,train
paper_6506f43e232d65d21441,c125d298c413ff6b8b481251db4022f200657c63a8961f26471f1889d75dae37,1447,20260812_SFT_SCALING_V1,train
paper_be27d188b6e017ce6b22,c14575c3d49af23913738e67e47b605a3de4a402aeda2044badee794cd3525c1,1448,20260812_SFT_SCALING_V1,train
paper_a33d69153b85c02028d9,c179492970bf25e832b06949381527706420dfdefca64b19307a239e5e5809d7,1449,20260812_SFT_SCALING_V1,train
paper_915e8135f2cd2d3c8c56,c195ce0d9886ead08a13b6f1371fb2f3182e8d0bda65ddcf1872b11304273f91,1450,20260812_SFT_SCALING_V1,train
paper_53222b88fcc150ad235b,c1ae230e972fd2995a0dfb89ae1c23a027d921983595c1a7dc4c70c67abc7e5a,1451,20260812_SFT_SCALING_V1,train
paper_c9971f3e963a7ce40c60,c1bc57296a6145fdaab255b3abaa3eb24546fa040342f0254a4be140aa2ac98e,1452,20260812_SFT_SCALING_V1,train
paper_011ae5a30c23e38fafea,c1d3ffe9fb7ba4c7abcc682bcf2c7c83d58172670228f3ecb7f0612563acb5fa,1453,20260812_SFT_SCALING_V1,train
paper_c0fbf7e54518e5b9cde9,c1da5421ceffd3e82160e687b3eec5ee84936841740ee6e58b3b20d89be6a548,1454,20260812_SFT_SCALING_V1,train
paper_3509bf41340e8ee49296,c241a0482b3e5990677777cb6a8ecf049aa6e88873671009f59d4d78d8f917da,1455,20260812_SFT_SCALING_V1,train
paper_f75a51877cad3bfac087,c25823a2c38394446fd5bc2bdc632e38f4242dce5eafe7d2b413dbc64067cd7c,1456,20260812_SFT_SCALING_V1,train
paper_20f430853797efd028b9,c26f08f8e681cf10d30894fed2614ab30dbc7ce165ba896c8f0bf7be3fb9f28e,1457,20260812_SFT_SCALING_V1,train
paper_6c857c7f5b054f3ce2d8,c27b75e56365a20e1591b7f4d034986c9c2613b7ee7ce647587d3d73ac8e3ad2,1458,20260812_SFT_SCALING_V1,train
paper_4e8617b2de076d610f2d,c2ea0559ee8aff44cabfebfa7449a2c9bb9d7efb528d80db8a44d2d7c2787f25,1459,20260812_SFT_SCALING_V1,train
paper_ba893a0b287fc0db68c1,c2eb43e288b8cf9a236824d54cb57b12bfd218fb43d716c91fece0ea762ea5e2,1460,20260812_SFT_SCALING_V1,train
paper_3a1e1967948ef79e9bc4,c308d9e50bf2bba6f3a5e0308d5b62f05154db5d598f3b56a1cf44f8f0565eed,1461,20260812_SFT_SCALING_V1,train
paper_85c49445cc84be9508d8,c30d75342a9ae770eb05659bc4e59af537da4e31ca4742b60733a6f85cc1f5f3,1462,20260812_SFT_SCALING_V1,train
paper_65b7b19882eb5c68826f,c31d185efb24049f41c772cb74147fb7f1bd2c79e057abba0f29a17bb47665d6,1463,20260812_SFT_SCALING_V1,train
paper_6f18da9eaebed4a16a1f,c3449b400723ceafddc559c1eae936ed6cb4b0c01bfb1a93cb357fe9f8dfa29a,1464,20260812_SFT_SCALING_V1,train
paper_0ed9f754b3e6923e604c,c3453c4ad0d0cba8dc331c3805608ab70bc86aae91667201f96643dcfaf205d3,1465,20260812_SFT_SCALING_V1,train
paper_aadc9a2a8ea2dc22b12f,c36dae05cc9608109c7fe6512a752428683f880ee42ca83d9f08ae5ca83ce888,1466,20260812_SFT_SCALING_V1,train
paper_c937bb1393cbcef323d9,c392101b5598e0dc356326d7eb24b3abaf0e4b73203c833caf7daeb197bead5c,1467,20260812_SFT_SCALING_V1,train
paper_e86fbfbb33457828a031,c3ab275b3fa44effb2dd9a99fc2e5a25a2fb696baa41669bf2ebf6570b98173a,1468,20260812_SFT_SCALING_V1,train
paper_0c25091578b33f73c773,c3ac04906e97d1d0130c64a12d7fc54e3febf9dbc81824f0e9ea27d899f50db1,1469,20260812_SFT_SCALING_V1,train
paper_cbb0e6062da18c72ae61,c3f26456e0a19d5a1d0873d7021a16c30e5a70811dbf979866cbfa87d2c73ae7,1470,20260812_SFT_SCALING_V1,train
paper_caa94e78df759c34426a,c424876bb314012e736adf0a08ce8b70d9431e19eae48919a108f2f6bca7c025,1471,20260812_SFT_SCALING_V1,train
paper_edc47b2e1d89bd1d57c6,c4270479300b12617b9c4f5f365317076bb5e9ab4856a3934113efafc605f563,1472,20260812_SFT_SCALING_V1,train
paper_bddeaedeae51b7fcb2c8,c4a93de4fb0743f968292a080d0bc749a97facf6c3b4ec850fec59cce2b77b9e,1473,20260812_SFT_SCALING_V1,train
paper_972c7d842da6c54a1bdd,c4b59a0f0e0e1403a276e91ecb69fbe3a308977792758904c69641a4cd012913,1474,20260812_SFT_SCALING_V1,train
paper_7dc23c11a92281e380a2,c4fffdb8a873f5884faa802b165e2f6d737342549bfcf7f073b4e4dcb24c5469,1475,20260812_SFT_SCALING_V1,train
paper_9698880edb2f1fbb0716,c50ac0660614c9566c8e83020f57d34c6837cebdc710731f84d05ff30d4b117c,1476,20260812_SFT_SCALING_V1,train
paper_d1d7ec8f7d9a53552398,c50c0f26c60802cce48c04fa92dd32dcd72bc3ed91bd77512d7dc4b61e118c52,1477,20260812_SFT_SCALING_V1,train
paper_4c896a644026ba361bbd,c517402667d412892b644c9d3585c480d43790381d923dab97b4fb2dc0fbd580,1478,20260812_SFT_SCALING_V1,train
paper_c489eb829275ad437013,c5648ac87a726fb51592276255ac73852aa005091711c093bfc8f2119525fdea,1479,20260812_SFT_SCALING_V1,train
paper_0232cc466c60248dfdc3,c5930d3fa2019993c412798c5147f734492661c2adab74e88c8a0f87e3a80574,1480,20260812_SFT_SCALING_V1,train
paper_0a7d6170833642992e54,c5a20baedcff8b25745b64522837988b6379d9d8d382e8b8435d8dd5dfda269c,1481,20260812_SFT_SCALING_V1,train
paper_f001ee95d934e85b0f40,c5a4ff94903f06da666a27fe617d65c3fa3acf59113a96c3ccba64f90c900f6e,1482,20260812_SFT_SCALING_V1,train
paper_1e6221d350bec18f02d2,c5a8aa7789a201eb33c72516f51977ce4e671b9e26b45f7efba43b6656a1a875,1483,20260812_SFT_SCALING_V1,train
paper_717c27ed0f4ae381c164,c5c4b5b4b454665e2990cf46d2acc172f78a14ae2e68a578152c4078dc0eba6a,1484,20260812_SFT_SCALING_V1,train
paper_64f6bb931de628c36b22,c619a94e8d3530b9f59e36df053c701678bd21f1766619918987d871a914c6bf,1485,20260812_SFT_SCALING_V1,train
paper_f5290df23f6ebbf4d530,c61ce76261ebd468b3a6874ccc7e01a6a4a8f43aabaf6adb59631c24bef7abd2,1486,20260812_SFT_SCALING_V1,train
paper_c84490476cf833bb6ee5,c6741e7edc5f886aa36636a3eff1c66af60ef25d032202e5ff52c0ec9f47bb56,1487,20260812_SFT_SCALING_V1,train
paper_2d7ca05313fc6630b325,c690d08cc4a4065454794f75f2d8314626389bbc884cd72edc0a204c63fb027e,1488,20260812_SFT_SCALING_V1,train
paper_fda3c6da82b26c4d290c,c69667276fd6969abd556c9af81129f5edef20e6a4e4eeb5aa121e89f1bb2626,1489,20260812_SFT_SCALING_V1,train
paper_2876b2a92e9b125fae45,c69ee0a25b0e48f52792da6474ec589293fe1598d08b5a404ad482b331ea3a2c,1490,20260812_SFT_SCALING_V1,train
paper_c8d9f103a73fcd2c159c,c6a3053d2f0e91cdac97835677fcc0bb0da9b68b4672e0cb6b9898f2d7ba3d99,1491,20260812_SFT_SCALING_V1,train
paper_58ff33777204f4c8bb8c,c6cb9a8cbcdac096facc5f9fad2e5db2e55837f0a345c1634ae26eb06bfc45dd,1492,20260812_SFT_SCALING_V1,train
paper_9dda9fd662e16f63aea6,c6cc1047ac2329a5faff4541e3813551c91fdde20c2afe7de4517614c4e89d4c,1493,20260812_SFT_SCALING_V1,train
paper_6730bf81b0e9dacc6f71,c6d98fdb88eed7127651a079accb593d7167165fca4d1450d63cfeee0dcbd0f7,1494,20260812_SFT_SCALING_V1,train
paper_0d660ed882f95ed7cfef,c6dc9b5b93fbcf4885ff003f092bd0538b4e6a16d2c43fdcaf76d5865ca09828,1495,20260812_SFT_SCALING_V1,train
paper_11881c3333b09bc1adce,c71900a89740322a7349b465aac057cac55e2798d66571358572e552cf64bb74,1496,20260812_SFT_SCALING_V1,train
paper_68b682c64bdfa515c2d5,c76a541fee22974be67d079c458f481fd3b8b6c5265584d3244f7a3a9e255c6b,1497,20260812_SFT_SCALING_V1,train
paper_b02b1015a4d81c005688,c77311c52974622f98a2927b1b18d080b7f2f12fe9937eac119c7ce64218cee1,1498,20260812_SFT_SCALING_V1,train
paper_77bb6698199bf1624c46,c7af0b3d5560ef391afc93c4b2fc1ed22c6ba36a48483e596c2df60c4bb18a00,1499,20260812_SFT_SCALING_V1,train
paper_33df1a35a12b14084cbc,c7dc30904c9e61bd19a43679a8edd177c4e3186963c12f61dbc6091ceee4a03d,1500,20260812_SFT_SCALING_V1,train
