task,scale,extension_master_ordinal,instance_id,candidate_id,paper_id
T2_NUMERIC,3000,1,sfti_b8d12c8e14e4b3ef666281f4,cand_8a391a1d44035130fcd2ab5d,paper_6202a5d0ab54e3b90fed
T2_NUMERIC,3000,2,sfti_a222afb5c73ba50a19c4dae1,cand_5346cf32987e0893bcfa6c2a,paper_aa644bb19b81f26fb841
T2_NUMERIC,3000,3,sfti_ddf3aa2d27971d297aca92d1,cand_08b56bb9283a348ee17d867f,paper_fbed811a281c252f5a17
T2_NUMERIC,3000,4,sfti_f6cefdad16d287333cdab907,cand_52b543416efb040b1d31b755,paper_5f4d155a7e87fdbcfd57
T2_NUMERIC,3000,5,sfti_6595050ac5255bff9540dc16,cand_a458f5084ef3e1a08c292966,paper_a7a15a187cddf7b367fc
T2_NUMERIC,3000,6,sfti_5b84d44679f5556a3685d395,cand_1f37de45653c332a22d0a09b,paper_93cdac17023edefbaae6
T2_NUMERIC,3000,7,sfti_e6e7f2088188723678f08e8c,cand_dd2e6ca74e61190ce305f622,paper_1d252e6c327bda31dd7e
T2_NUMERIC,3000,8,sfti_57107ae0a9b95a40be423657,cand_df5fb759bf3c41ff39703442,paper_190df2258f3e7ef7321c
T2_NUMERIC,3000,9,sfti_0a59f93a31c9dad5692f68d8,cand_97f0f029c5fb4f26a8551235,paper_8b99df3455a9e4b7000a
T2_NUMERIC,3000,10,sfti_35a516e4259e436079e0dbfd,cand_29b4e8658977d70e32e58d85,paper_03ff7e9def87a030b1a4
T2_NUMERIC,3000,11,sfti_e60aee9c136c8b7cdbcbf3f2,cand_0b92900cb8d0d59b970ee830,paper_080ae6d04b647d7d027e
T2_NUMERIC,3000,12,sfti_ad89d78cb936e6939e055fe6,cand_c1571649bd0003c3f54c8558,paper_e2971df144864354ab50
T2_NUMERIC,3000,13,sfti_9f4adf56c8f730c0094e11c3,cand_5e7e5c41d095be81125ab16c,paper_35233223488b5f7763d8
T2_NUMERIC,3000,14,sfti_3997cd927eaf29c4b1d2825b,cand_3c9dfca19e5bf5091f30d777,paper_6df43c48214728454930
T2_NUMERIC,3000,15,sfti_67dacbf2939945a5b9cd33b8,cand_610436e3578b2ab4bee2ecb8,paper_a6a71ab05e2677c8001d
T2_NUMERIC,3000,16,sfti_df1b1a9d7a2447977361d5f8,cand_892295c7e1b9a76282df32e7,paper_117c93c9f01087aa7a3e
T2_NUMERIC,3000,17,sfti_f6663e600815ba2a7b634809,cand_8ed6223b5e4ca6e2de4a2a47,paper_8b6b74b78f127ceb59c4
T2_NUMERIC,3000,18,sfti_eebb6d8ecd68d3c382b284af,cand_828dc70e81fdef03003b9b94,paper_a33d69153b85c02028d9
T2_NUMERIC,3000,19,sfti_7f4d5c676f22ca9c23060769,cand_fb5eb9fc0b8556d4274431ec,paper_aefd1f6c29e982b9aba9
T2_NUMERIC,3000,20,sfti_5c246ea4542e3842a2946b4c,cand_97cb2645c747b002fc4d5a96,paper_09a5a6b8d7c4de7c9081
T2_NUMERIC,3000,21,sfti_ea49ed49815c79837d443d42,cand_063ac29264205b11b57c5aa1,paper_6df4b9381be6592f7484
T2_NUMERIC,3000,22,sfti_dddbdf684ea5a9fb001d37a4,cand_03a13004391fa4e19085897c,paper_b9e7a7fc983610a94d2a
T2_NUMERIC,3000,23,sfti_3d780f719c75136e7a50c857,cand_61fc6cf55dcc1e2198503867,paper_9ed7e5dd2d19fdae47dd
T2_NUMERIC,3000,24,sfti_1b23c3e2af4f8eb06be5d56f,cand_fc4e3447706a187c76296fda,paper_829ea89148ab3b7af271
T2_NUMERIC,3000,25,sfti_333c28b0065e5678b455e444,cand_911a6c240a9576f9d0ca26cb,paper_65b7b19882eb5c68826f
T2_NUMERIC,3000,26,sfti_dac769fd8aac9b180196822d,cand_9af5c6bd0f06108898e419e0,paper_b4d40141243bb11115d6
T2_NUMERIC,3000,27,sfti_27ababf746ca9b5b1113fa82,cand_15146aa4f229b61c4278a341,paper_4e3de9e4ca79ed351723
T2_NUMERIC,3000,28,sfti_aa506dfb841671178a3a11ae,cand_2154d8a0d80f416ab61567da,paper_ecd6471e7031f96c6dd5
T2_NUMERIC,3000,29,sfti_aed560c85bd7be7659a7d4b3,cand_1f0ff6c5666e077f7e64e888,paper_6bd65aee24acf9ac5556
T2_NUMERIC,3000,30,sfti_1e3bcf2033cb2b4876f779ef,cand_d19de280eb5ddf4ff6601251,paper_2018ada7d8a5bf4f51a9
T2_NUMERIC,3000,31,sfti_1709ac4935bfb840ea132780,cand_7ee780f5d27fbf1e57f08d28,paper_98e549572ba02d9bdf70
T2_NUMERIC,3000,32,sfti_764cc6ce47552c8b319c33a6,cand_507b7c27126638a21af94930,paper_e6eb31e0c696987f6709
T2_NUMERIC,3000,33,sfti_64847945276ddccbe4d1e074,cand_7ad2fccd711560406c977b2d,paper_7661703c927d0e9f12dc
T2_NUMERIC,3000,34,sfti_8c5868bfaccf77c55da5edda,cand_72dc94605b510206341d7670,paper_2a0c54eb288d2bd6107c
T2_NUMERIC,3000,35,sfti_92cf064950f5c4fb6c81f18d,cand_482e6b65e1cbefc73c32077b,paper_56d1c041063dd1a9acf3
T2_NUMERIC,3000,36,sfti_a7c5c299094fe26a77c561bb,cand_386ff0ad92ae898f3aa9b71b,paper_4cbcef64f6b0ab42d544
T2_NUMERIC,3000,37,sfti_6292a55425eee9353a40b467,cand_1d941cbc1c1969dc1ea14104,paper_2cb6f57951a81f95a6d3
T2_NUMERIC,3000,38,sfti_9795ddfd8eb505d9292c76de,cand_0031ebc2e13087a01b358acf,paper_48f90822105bf111ea1a
T2_NUMERIC,3000,39,sfti_c506789a0bd58961b9dfea68,cand_d1311ea5cf689e1eead2f0b5,paper_29fec20ca5aa045aa277
T2_NUMERIC,3000,40,sfti_be70a1d518c446b6a79f2bc8,cand_bbca9b34bb944de1e9cc65e1,paper_19eb043baf2285e21e04
T2_NUMERIC,3000,41,sfti_f3ab8934b5f5d28043eeb22d,cand_d1c2825c114effc5885ca1b9,paper_480ef6f63ad202e0de3b
T2_NUMERIC,3000,42,sfti_6de2447617d7c4e94c6aa030,cand_76ec9896f624e20dd74ce194,paper_875f2d35bea8cececdda
T2_NUMERIC,3000,43,sfti_376e716071efd2501d98dedf,cand_2ada7e1830155b1288bd0376,paper_51c9758340f260242d9e
T2_NUMERIC,3000,44,sfti_960bf51d81fa86c2c20844ad,cand_39b9570f2d5bf889d178f7e6,paper_4a86ac22a2cab003d131
T2_NUMERIC,3000,45,sfti_dc6a289df181fb5b5e8805e7,cand_93bf6a3d57e940c3b1ead139,paper_a6d918b77d863d08418c
T2_NUMERIC,3000,46,sfti_11a02bec9f823d1ea50e1b70,cand_219e4a5a743b7fa2d9207378,paper_541aff79398df3a738ca
T2_NUMERIC,3000,47,sfti_972c7f8e63d26faf9ce8db22,cand_3050e597490a87c2a09a99ae,paper_14885a60d70b18d57ffa
T2_NUMERIC,3000,48,sfti_330cf9cf0b14be3347ee2125,cand_1bae2b4ba038f0472ccae8c3,paper_0f39b53174dcbddc4a1d
T2_NUMERIC,3000,49,sfti_827772f5de552589ac4b96e4,cand_22f78b82466af215607bcc88,paper_04ee90d11a9e2e5995fa
T2_NUMERIC,3000,50,sfti_c5840e4a099afcb401fcf563,cand_28a49c1b3a7f8013c8e77f4f,paper_c7f4c59a783a734322b2
T2_NUMERIC,3000,51,sfti_5a761c448165b38e1a2a87ce,cand_fb55ae85d2ff015f486cf2d0,paper_bc8cf1c27837920034b1
T2_NUMERIC,3000,52,sfti_bb9eca1edb4afa5c0f156571,cand_fbd8aae8d415b9d25fbbc67f,paper_3f7b8d5f291072c7e8ae
T2_NUMERIC,3000,53,sfti_f70af67701d9f60fc708ef8e,cand_f5ad453609baeb692f3858df,paper_8960d35e4e7e918f25b3
T2_NUMERIC,3000,54,sfti_4e30bde37f44cab0a2dbcd4a,cand_7cb4abe460117b0e1e2a8169,paper_a2855be0e32bc908e060
T2_NUMERIC,3000,55,sfti_a7b1da02320f4bf17aabdc93,cand_b50c8183d2e1ede0d0e161b8,paper_88185f5d588e4f96f362
T2_NUMERIC,3000,56,sfti_b962d328c2ade14704082fe5,cand_b257f1e8189cb8e930de0d32,paper_1cbea91ab313b361da43
T2_NUMERIC,3000,57,sfti_08a19d4d667649067bbf9a6e,cand_98fdfb2472a331de148c276b,paper_6b87b17f9d1a3a845b3a
T2_NUMERIC,3000,58,sfti_4ffb56d55ec2d85e6853f873,cand_a3f33d68654f06f1715f7832,paper_61251b5fda9ffb5dfd3e
T2_NUMERIC,3000,59,sfti_b731cfa82ba7ca151cef3e58,cand_3a2a799677d5a131adb66b7b,paper_a1d177668f0455f920ff
T2_NUMERIC,3000,60,sfti_6fd3835fba3c911260d25693,cand_5f62e04e602ede8781982471,paper_b3ceb4a520b9f342d813
T2_NUMERIC,3000,61,sfti_ae087f28aec829cff05a19c0,cand_7f30b6594d7fef03458e0172,paper_b52a0c44b8cd5eb19780
T2_NUMERIC,3000,62,sfti_27993023aa62dc66345d008b,cand_5df4522bd3542d5e65e18b72,paper_1dba34972cfb5f4469cb
T2_NUMERIC,3000,63,sfti_48047bce4ee447fe3b2a89a5,cand_283e4900fce12620cb888b70,paper_eee38bfe14fc10464a64
T2_NUMERIC,3000,64,sfti_9e16661d7a44c0bd678209c4,cand_1412f5797a2331c714f0b4f3,paper_eb11ccf29d2707b726dd
T2_NUMERIC,3000,65,sfti_2518b69e96bd5e30001044dd,cand_59c6821f294f7a8309da9b80,paper_3ead46de96ae3c9d8a62
T2_NUMERIC,3000,66,sfti_e29e0083c9c0a33de34c36a0,cand_97fdb714812f6e7645e1dbad,paper_6506f43e232d65d21441
T2_NUMERIC,3000,67,sfti_1ee7591873d335807854984a,cand_5bc0cb36784b60d865f35567,paper_e39d02baf353eb3e35c5
T2_NUMERIC,3000,68,sfti_9ba35fc96378b2996dc69232,cand_3271b27092dac7dc2a124206,paper_c3f5f52f4c2a9202c210
T2_NUMERIC,3000,69,sfti_0a9715998d5b7d682d197ce4,cand_74d0b03772848fa5408d34d1,paper_643a6372616ac7c0afc3
T2_NUMERIC,3000,70,sfti_cf8d95a07ad419e1b18c6db8,cand_8ec31b80b45e092aeebe5722,paper_485b3fecc88210a2fb80
T2_NUMERIC,3000,71,sfti_5605b49b15dec7fe1886c843,cand_a1305c3c86ebe380e6b66ab6,paper_242e560e97cb6505f70f
T2_NUMERIC,3000,72,sfti_6f63cfee4fe72cf237537a4b,cand_6f422460e8b6697748bf39ed,paper_cda09ee73200c86e8531
T2_NUMERIC,3000,73,sfti_1ae04c499e415ecf63f5e98c,cand_8013684e11dfced21b959c0e,paper_a389b43553e79e0d8400
T2_NUMERIC,3000,74,sfti_51e6e9afac72893145bda5da,cand_10a31b1958f4f1149ca92e4f,paper_82ada25e588ffde0797b
T2_NUMERIC,3000,75,sfti_5a13ef88dbd46167b959119c,cand_dad762f4f8dcaaf5ea0c5ad7,paper_19623e79243d0cf49b1e
T2_NUMERIC,3000,76,sfti_891be71e2497c6e41b7e7676,cand_a0b8dccb9b9d7f37b98f1da5,paper_6011087f571c12a9572f
T2_NUMERIC,3000,77,sfti_871ace166824d71fae9b1722,cand_86d123d76b93f850808db2d2,paper_edc47b2e1d89bd1d57c6
T2_NUMERIC,3000,78,sfti_8f9a844970a59ca7a036a459,cand_8426579b32728cdece3e86de,paper_b01d11615f92368273dd
T2_NUMERIC,3000,79,sfti_61f1ae994992d3f6cfcc107b,cand_ec2b293f6c8a9f9ffe649bb1,paper_050e0efec10ad1f0a9fe
T2_NUMERIC,3000,80,sfti_d24e581b124f7365c3c34af0,cand_faba171ec4a1225790959cac,paper_08e189125eb0ab93ebb4
T2_NUMERIC,3000,81,sfti_91f9c9c50e739deb7d198740,cand_44006940047d0a7ae2b44055,paper_fd846be4054cb8da1c75
T2_NUMERIC,3000,82,sfti_5987fca34edbdd030dc60feb,cand_c601cf8658c39aea95d58fc6,paper_cf6e681f23fb0fba0c64
T2_NUMERIC,3000,83,sfti_6f02a0fc57e2a1a1cb978d13,cand_8d64dc8b9cbf5c53ac7c8936,paper_d43cca4456936538a369
T2_NUMERIC,3000,84,sfti_f837a89bf231bf6e2f8e8e3e,cand_6fe5d03aff1dad2a1f47d43b,paper_8e8402c0398073de8559
T2_NUMERIC,3000,85,sfti_68459e00ae6cbfb86c51ec36,cand_605b498e2ff1a0a20ca796a5,paper_a4394a188c62cb17c7b1
T2_NUMERIC,3000,86,sfti_21addf632cc9f6034a074307,cand_62363576fc93b21a9ffdda93,paper_b25069bc6310cf49e623
T2_NUMERIC,3000,87,sfti_b046365bb30d4f1791981da8,cand_1e5e5621efd7c66a4782c68e,paper_cb918152eb88ac781e99
T2_NUMERIC,3000,88,sfti_59c02d43516e00543279c931,cand_a052dc6ac508c5adc0813ef5,paper_c3a2a06ddc49daaa4b54
T2_NUMERIC,3000,89,sfti_28b15105aaef6dc2edbc342f,cand_fbb0bc24655de5666df6d6cc,paper_62e38605fad8c2e0939c
T2_NUMERIC,3000,90,sfti_11ca076be87ab073f6b65c39,cand_2ab350bd083e2a72e3d57abb,paper_0c6ab339e1fc81e69363
T2_NUMERIC,3000,91,sfti_51e4d0031a183ec02c84456a,cand_827fd59605277676a6fd70e8,paper_64367c996cd8880aad96
T2_NUMERIC,3000,92,sfti_8e4192098e60ec6a3ca33302,cand_ce95f465014ac6e2930a2405,paper_ad00811f68d163562037
T2_NUMERIC,3000,93,sfti_22ef0ca8aaf52469ea6e348d,cand_4b74f3cb21493b1f02bf6c30,paper_9eb4667de60036b508b2
T2_NUMERIC,3000,94,sfti_22fa6039053f29c54096344f,cand_06c9ae62c339204f2ff6eb79,paper_07a3b3056cc42097fbf2
T2_NUMERIC,3000,95,sfti_f0a52bfa46db24062e55f5e9,cand_2293626026a222ae77772e79,paper_aa28a1c986e09ef13f95
T2_NUMERIC,3000,96,sfti_a41af869b59f1e106b994018,cand_8f43cc342c5012a7c4409720,paper_a7dd1f40e84491df9e74
T2_NUMERIC,3000,97,sfti_3131889da2bf27b6806bf645,cand_5213b4a29bd148d3e5723285,paper_c4de74fafbe248f42d88
T2_NUMERIC,3000,98,sfti_a297c0da8dae865e02c020c7,cand_dfbe70afd3c306970a589e34,paper_be27d188b6e017ce6b22
T2_NUMERIC,3000,99,sfti_999240e0ee22d50701a29e8b,cand_f62df84d9850a143b0485f5c,paper_39426b4aef4770d93ed7
T2_NUMERIC,3000,100,sfti_ce3cc19cec03b6db0a6d7e7d,cand_d2b32facc416bcb93c90d39e,paper_5cbb72428f2974a70216
T2_NUMERIC,3000,101,sfti_7573e24e824a17077b86d9ee,cand_fe19b84528dc2eface2b7736,paper_70f52b65fe6b6074b908
T2_NUMERIC,3000,102,sfti_7841089a16d47e6f48b8840e,cand_81c6beb7a03859f77dc541ff,paper_a9d83cb5165427ddab13
T2_NUMERIC,3000,103,sfti_f243fd26b7a094bc46a0db42,cand_9e60b26ebfcac40e7ca30ce4,paper_d8a5a42f9d9bc9708adf
T2_NUMERIC,3000,104,sfti_0dc27cf5a59fc36cea54ddcf,cand_0c78440abfe5346653219c4d,paper_2b927acd6b0595e0fbfb
T2_NUMERIC,3000,105,sfti_74523b660298d5ca1ded9b32,cand_e73efa502769c535831ed5f6,paper_d707afd32f2376608ebf
T2_NUMERIC,3000,106,sfti_d7f7d122fd63236c101cd9f2,cand_27d9beddfe816fb51e9378e0,paper_cd26909a42762f438b18
T2_NUMERIC,3000,107,sfti_e09245df3d55cdedd2536c97,cand_40b72b430cebbeb4cf858330,paper_3bd3c3fc9e9fb1b509ee
T2_NUMERIC,3000,108,sfti_41e80702b16aed7597f4e694,cand_2314383aae2a7bae65fca277,paper_dc139c5a1965f0979f7c
T2_NUMERIC,3000,109,sfti_612e2ff4757e7228768d9d24,cand_34ce35adbff9d6c717b981c6,paper_c74f3cfca89318a59f19
T2_NUMERIC,3000,110,sfti_606558f85754b59e07e28e39,cand_8eb7bd915de859fb904942cd,paper_f2be3d7faf13aa4b2b38
T2_NUMERIC,3000,111,sfti_95eafdc984382018b7c9135f,cand_d5bf931574c7e5802d0d0a1f,paper_ff168db638406d844444
T2_NUMERIC,3000,112,sfti_cfea833008c1a5ca344a868a,cand_90b452763c2a77f196bf09cc,paper_2e79e217cb83ee32a37b
T2_NUMERIC,3000,113,sfti_6a3c25f0ad071062dbbce66c,cand_c89084de64ec9982176e567c,paper_e2fe8c3fb17de72a30f6
T2_NUMERIC,3000,114,sfti_9da3b3f16e1aa6d2b02a529f,cand_b61ad2ac9790e8ab9eaaf7f0,paper_73ec927fd13e6964a898
T2_NUMERIC,3000,115,sfti_8b7ae97181126bc7dcd5a056,cand_1677886abd47b37b62784927,paper_18933680bc8a2e259970
T2_NUMERIC,3000,116,sfti_68c2eec8962a2d36c3deba1b,cand_d82223fc3fe031e7fd57ff3f,paper_e9ac0d341bdc0d314ea1
T2_NUMERIC,3000,117,sfti_d90d32db9c939fcadda7ce11,cand_dfd23fd441c4f8f251c19927,paper_e3a1a7befb994dcb7e6a
T2_NUMERIC,3000,118,sfti_4e458ac717014d720beb9c77,cand_cad81c70e6055519bae01d0d,paper_d7aa357dfb15c6a1e39d
T2_NUMERIC,3000,119,sfti_55c669f339cdd6b3170a0a53,cand_520a56d95fdc6ae48cdc5df2,paper_57ace56e0ada3222f3f0
T2_NUMERIC,3000,120,sfti_933b134be2ba5284b981778e,cand_cf2ce8428892bf4a58bfff68,paper_25e647536008b73b1056
T2_NUMERIC,3000,121,sfti_7035ca3ee7155c52e0ad3142,cand_f2f6500b9efa26157c2c1a72,paper_f41784f6ad24d1bbcf21
T2_NUMERIC,3000,122,sfti_d3059f0d1fd18768f1b7a341,cand_c1ecc836592de53a71eba312,paper_639f89983dc30d163de4
T2_NUMERIC,3000,123,sfti_9b26f797eab2a3593f354d78,cand_58f4af9afe44b8c0b9e851ec,paper_6365016e63ccb2f0cb3f
T2_NUMERIC,3000,124,sfti_922a55d1692a8e51827cb66d,cand_ece54a4dcfe12d873a598519,paper_46020a24db82d64c0fdd
T2_NUMERIC,3000,125,sfti_561fa6c26b2f4b7b44fb108a,cand_7f898f965d8c16ec88c7f925,paper_2915459eda4b88d763e4
T2_NUMERIC,3000,126,sfti_f56dca9cc8220704681af188,cand_c459a4138503443ee94b8335,paper_83c1908f50bfa8e73253
T2_NUMERIC,3000,127,sfti_5fd5d3251b94e845dedbdfe1,cand_41a5fef71831c2863878aced,paper_5bb169e3d0a7bddf67d2
T2_NUMERIC,3000,128,sfti_4e1a2a6e4de9b6d5e414743d,cand_d981794c5e3a41132f57c465,paper_16dbf623d307897aaef7
T2_NUMERIC,3000,129,sfti_71fa367d203d0bf8de4cffce,cand_b0d7224cabecfd53ec67a762,paper_ab5c480d9ab0f3d8b434
T2_NUMERIC,3000,130,sfti_32e40cac7860bab71df7cbf8,cand_4de958448861f2402207f1df,paper_d3d6bf6212f62c9c3292
T2_NUMERIC,3000,131,sfti_e50b31fc19f700d85d9c6ced,cand_9de1f5dd712bc0dc1d02effb,paper_0c493d1aba033d49a5c8
T2_NUMERIC,3000,132,sfti_589307f2e658f34469f21055,cand_edef34767a3eae47f8812d59,paper_bb9727873709888ef910
T2_NUMERIC,3000,133,sfti_44466f57e2cc9a1b73ad8032,cand_2119b6b113ec967e74333a5d,paper_abd13107c8ccce629ec5
T2_NUMERIC,3000,134,sfti_a562723a2181cbd11fe424e4,cand_3c046dffa0b5888b68962f28,paper_c04deb4c3f4bb3dad1f0
T2_NUMERIC,3000,135,sfti_40d5420a8e895acb60c87485,cand_0582bf75b5250310d248f0d8,paper_64526ba0276feb8256a1
T2_NUMERIC,3000,136,sfti_b27597ba97c98e45ee2bbdba,cand_b30aa220309ce8ccc29c4914,paper_3322361c95f35e53a49e
T2_NUMERIC,3000,137,sfti_89071b0e2d339da31296500c,cand_eab85e56fd47703d8da77437,paper_84ae166a6d4c6be26c91
T2_NUMERIC,3000,138,sfti_52dcb2eb4cd456549b9f26cb,cand_25557b530aaa1fddb3bca000,paper_b98a5e3ea66600840019
T2_NUMERIC,3000,139,sfti_768c125db01c01c5985abc5f,cand_999efb0dd8e75de0eb66eb35,paper_b93c83b03100d6633e9c
T2_NUMERIC,3000,140,sfti_f3fc8743dd8f98bac7eb9f88,cand_bb4209231105e1076b4a91ba,paper_cc9b4421cec4c4f430f6
T2_NUMERIC,3000,141,sfti_06d25652b3d52a3b703ff87a,cand_9eb4decc99e35bbe399b048a,paper_13a837f8c0110a1a3b3a
T2_NUMERIC,3000,142,sfti_2f23b290fe81218cb658f6c7,cand_68f0036f30ab6fb72011dfe7,paper_46763484e876b1610d47
T2_NUMERIC,3000,143,sfti_3d4b8763ca7c0ec038c70ab5,cand_c05c599414a68055c2728557,paper_dd00a6ebc17bdfcae203
T2_NUMERIC,3000,144,sfti_92f96382ce92e0d3f5f56fef,cand_b707c69f10bc98d7306f49c9,paper_6ac9728a355621c40664
T2_NUMERIC,3000,145,sfti_59ee2fb9d2d0327c4b95d943,cand_3e5ef84a10553299ac9bdac6,paper_f2b2b702187faab70aa4
T2_NUMERIC,3000,146,sfti_37ca1619f6871074c5a96070,cand_2960b78e7e31a95ca0c4564d,paper_3b52b2355f8e01112a03
T2_NUMERIC,3000,147,sfti_8e0b645f6451e41823c993df,cand_412c7cd27770ae099464ced5,paper_c27015976f546c132876
T2_NUMERIC,3000,148,sfti_a3a208e3018a849d64725c64,cand_fa135c3b13fb17fe9e6038db,paper_2a476df55e90e42ef6ba
T2_NUMERIC,3000,149,sfti_311e7cfa6fd050817e6f9586,cand_fb050f532b5dc44d373eacbb,paper_b5bada64764fec60bada
T2_NUMERIC,3000,150,sfti_18ea6b51b7364a89a038314b,cand_084a9edfaa7a544abad41396,paper_14fb686f8386f271498e
T2_NUMERIC,3000,151,sfti_03d9f6918830e1a6faabd1f0,cand_b19c9efe4f157d41f1f1de7e,paper_5a8aeef4f40fd0952056
T2_NUMERIC,3000,152,sfti_6b8e24cc26b130a534debc76,cand_f28d84364e459d168eddcc31,paper_97d1708d31f33264aac8
T2_NUMERIC,3000,153,sfti_99431bda1507ccfd0f39df23,cand_1cf377c91db2c057e88b0d10,paper_86d4e5c48ece62a7cf9a
T2_NUMERIC,3000,154,sfti_5774dd31ff65db40e2fb2496,cand_69be75ff2881d8710c512f84,paper_c181c5958148c1d9e857
T2_NUMERIC,3000,155,sfti_6c97c2cc1ce2b2cb6de8baed,cand_6fcca96cccea583f50c2f7c2,paper_f6075846ba4e417ca28c
T2_NUMERIC,3000,156,sfti_d3364df8aaea35ac1a13720e,cand_d53077378c01e57969f97738,paper_afa3ea7d91650d4e3122
T2_NUMERIC,3000,157,sfti_e52a6403453c5abf4c057649,cand_3050b8dc45d9c4c1f8c5dd5f,paper_f33629526b9e8dec9b5e
T2_NUMERIC,3000,158,sfti_aa56caebde31458210ce43d4,cand_e9f282f16d694e9b1eccaffb,paper_aa8deb9a1b3a3361460c
T2_NUMERIC,3000,159,sfti_07c9dcaa49dec811f92f65f5,cand_5fbb4c33071597477dd02eb2,paper_012cfffb2443a103e06e
T2_NUMERIC,3000,160,sfti_5d9bb7b44319ff93a974cc5e,cand_983e998713ff8922ff96c158,paper_97a8687cac5aafc42602
T2_NUMERIC,3000,161,sfti_d77e1535187dc08a86413946,cand_7ba84edfa2f43dbac225cb3c,paper_23bcd664444706dea015
T2_NUMERIC,3000,162,sfti_ce3f4e253a75fb82fd9c4772,cand_ff1796d3a86325ab42e6e31d,paper_87a2bed7ebe05c31f7bc
T2_NUMERIC,3000,163,sfti_36441816c79a536d6e6087c5,cand_b21422a9b144dc81b4ef2391,paper_7aed1b3cc943a6faf148
T2_NUMERIC,3000,164,sfti_8e645290c97486171d409800,cand_a9461aed8a481987158ce032,paper_96ac22b722cc9f3876ef
T2_NUMERIC,3000,165,sfti_4a78c4e07a4e0c9973c82879,cand_f233b2b6ebc2dab3c2e8e805,paper_179f807a6800cc1dc318
T2_NUMERIC,3000,166,sfti_ec619c3409d86a8ef8ce2201,cand_f9c5f3bf92b615a3c3a4f706,paper_0f9cb975cd0b7c104b86
T2_NUMERIC,3000,167,sfti_b13fe2f1f9a554cb6bbe33ff,cand_06031e32f2054fa4b2f2ce5d,paper_d7752a4e96bba3ae0aa8
T2_NUMERIC,3000,168,sfti_955f5cd2a072ac48fb5149c7,cand_086eeb5d414194b908cd3153,paper_ff0974689a099cd63cd5
T2_NUMERIC,3000,169,sfti_d1945245b2d9c2848422a0dc,cand_bd4788f878fd6b8052119c51,paper_d1664d57746a7f6eaf35
T2_NUMERIC,3000,170,sfti_2c83e976b0ff7d42a8a96b72,cand_e52f4d4eba1aa67aac596955,paper_b1be9d9c2235573dcd95
T2_NUMERIC,3000,171,sfti_3c2df5764be2275e833e2b99,cand_18112109925b971cca189751,paper_de85797838101f695e9c
T2_NUMERIC,3000,172,sfti_c0c202b2b301e4809b36157f,cand_531522b510cf03dcf4f53446,paper_308f18501b581689186e
T2_NUMERIC,3000,173,sfti_a7caab01b8bf8420d5fd9bce,cand_c34e5bef8ecce27c5d09c0b0,paper_cfd4f1c04166827fa544
T2_NUMERIC,3000,174,sfti_6775801cf7794e2632de8de1,cand_0d9b01fde64d4b6fdb697d4e,paper_1b11e7b26c9ebc36aa86
T2_NUMERIC,3000,175,sfti_fe8922303be49e45011db380,cand_b1db6e38673768baedcc3a82,paper_6b75a0758f7f8e49a5f0
T2_NUMERIC,3000,176,sfti_7bb029fda0875c33ae19df5a,cand_5171fd7447185a7818ce149c,paper_52464a9d6f2e93910661
T2_NUMERIC,3000,177,sfti_aa51a15ac78a7614a106ca14,cand_eea784cb92cdfd6d7708948a,paper_d2f66cb7f0e060f71b02
T2_NUMERIC,3000,178,sfti_b33f59a91f4ec6e46f831fe5,cand_443c21db209f976899a8e2c5,paper_a87575ab3689cf227d88
T2_NUMERIC,3000,179,sfti_89b8ebbada852286059cd7ba,cand_ba7e9c4566e4c1cb7155af91,paper_fda3c6da82b26c4d290c
T2_NUMERIC,3000,180,sfti_953a642bea6da8a78ebdd033,cand_c17d86d2cb9727a34a1c31e8,paper_411c20623e599b3bc130
T2_NUMERIC,3000,181,sfti_b6bad8d37cdbc14b6e60440f,cand_e07424a96b7e62b7e9850df4,paper_e3e5e74da4d406668197
T2_NUMERIC,3000,182,sfti_fee27115d5a5ee560aecef40,cand_70faaeba1abdeebfcb84b0c5,paper_0b96938446e7a8a961b5
T2_NUMERIC,3000,183,sfti_72abbfc402e06ed51a3c3951,cand_281e2f9ecd1892b5736fef56,paper_1459964ba1bc517623b3
T2_NUMERIC,3000,184,sfti_f555b9bd7e7993985bc47a4b,cand_02ac2650c2fa2c06f04d1d0a,paper_66e9b50a59bd823abcd9
T2_NUMERIC,3000,185,sfti_ce87c5c1a5a90ae1d0687ad5,cand_5366a3ee9bc2bb4a9a2b782e,paper_77bb6698199bf1624c46
T2_NUMERIC,3000,186,sfti_9e350d04fb250faf8384622a,cand_ed21b14fe2bfdfafedd9820d,paper_63b2bcff2acd5cb805fc
T2_NUMERIC,3000,187,sfti_5e6539941fac1caeed7b2e94,cand_532922830542f7d41f230329,paper_5011fcd87c855c7b431d
T2_NUMERIC,3000,188,sfti_e1e2910a790a33d828ba249e,cand_da023b061d60840ecf9be098,paper_5d1d17020e2f0bfca95b
T2_NUMERIC,3000,189,sfti_83a2d6b4a97377972a3fd84c,cand_53dc630d6f836211c270d874,paper_cce946fd7f9a51375e1e
T2_NUMERIC,3000,190,sfti_c88e7270b1944abe75c23fd2,cand_160722fcccdae09ba9a139ab,paper_4b66bda2db884ec62294
T2_NUMERIC,3000,191,sfti_cd17ac5d3e099903ced1a55a,cand_9b4b4074a36de47a537f350b,paper_1bf35d19faa763dc9570
T2_NUMERIC,3000,192,sfti_17bb97135fadfd471f331d7a,cand_b8acfd0da2e324c738543a11,paper_0232cc466c60248dfdc3
T2_NUMERIC,3000,193,sfti_c2bea1eeb8c672d25971a93c,cand_dbeb015d176eb5d8841940c2,paper_f240d9d1ee41e7af2920
T2_NUMERIC,3000,194,sfti_993e5a736bdd7c8eae361cd6,cand_a46f583b7d2d26058fa3e871,paper_366f186e0b2f6a47de9c
T2_NUMERIC,3000,195,sfti_720ccf67c26af39ad7a0799e,cand_542ff63258533ee831d58eaf,paper_e4a88ba35e52ed489087
T2_NUMERIC,3000,196,sfti_5a91ace34b13ea1d8a358464,cand_8726ac2447c02390ef5fd94f,paper_08cf395c399c4d933099
T2_NUMERIC,3000,197,sfti_54443b6f30743cb246a7e9f5,cand_4e99684ffe9abf82efffdf6d,paper_67c313239cd572c2d80c
T2_NUMERIC,3000,198,sfti_3cf5b7bf8c2c55c3c86ecac3,cand_c8c41218379c1feffcc6cb32,paper_79a8dbc19ba88ba81a45
T2_NUMERIC,3000,199,sfti_121f5b91535e5e1540ae06dd,cand_6fbf9d8e8c8a041cdc709d7e,paper_885e837f21bcf28ca60b
T2_NUMERIC,3000,200,sfti_852ce0912c68f6f462517761,cand_15f5182caa9b83b13e480cb1,paper_4bb04ced1198e17099d2
T2_NUMERIC,3000,201,sfti_08eba66c8cc0e37779a19804,cand_ce8986386c4544da7a4bbf94,paper_2930896f3877aba4a97b
T2_NUMERIC,3000,202,sfti_5a9e303a619ce3e7ccdcef07,cand_5fa0e7a0c0c48304815441c3,paper_75dbd75e4b029ba2987f
T2_NUMERIC,3000,203,sfti_23e3bfa13b233b25ee735ae9,cand_86f52466407aad38ce0870fb,paper_d17dc01908906bfae39f
T2_NUMERIC,3000,204,sfti_4667ce2a555a9fc5da6494e8,cand_5105bf58970ba2e76eb4edbc,paper_661b1867c0226471dae2
T2_NUMERIC,3000,205,sfti_5e0f0e9ae5fc55e6ac545e0d,cand_a31f0cfd0d3f3036e8ce8176,paper_5ed85dc4f61a99174a36
T2_NUMERIC,3000,206,sfti_583f2d25d5473db7e88723b2,cand_b3b06ea978d86caf53758dd3,paper_5c5468e8db87cf4687b4
T2_NUMERIC,3000,207,sfti_99f337951d78ac1c18e6cdb3,cand_857a9a6439451ef63c2ed97a,paper_50a3e9cfd92b2ecacf27
T2_NUMERIC,3000,208,sfti_3f27f62384139d9a7c249f17,cand_7dd5d16c2a2bbf5ad9550683,paper_5622e48049ec2935fe07
T2_NUMERIC,3000,209,sfti_e32bc78a6120c171568e2cf5,cand_be16551dfe1a302d8a0e407c,paper_16f52298d6daf40db176
T2_NUMERIC,3000,210,sfti_7d836cf5586730b9b307af56,cand_0d5a6b14d1b487fc9ecfff2d,paper_fde0dbf7d82a9cdda7c7
T2_NUMERIC,3000,211,sfti_6abe0daf1820e7ec07bb84ba,cand_13e9fadc81393b944e41490c,paper_861b33b54fdd426c017c
T2_NUMERIC,3000,212,sfti_a855b48484ba834ddc1a8c84,cand_e75753c586ed6e8ea4cd078d,paper_0dfc713c6ddcc04e21ab
T2_NUMERIC,3000,213,sfti_875ca22a11b0872e097fb9b9,cand_656d5e69fdd8148b3910c454,paper_2b7d8c45688607f3563c
T2_NUMERIC,3000,214,sfti_d170d77b8422190d3c3a7e06,cand_5af31ba19dd9ff4291a677d8,paper_297b7e0fb913db1e36c5
T2_NUMERIC,3000,215,sfti_ac1b046bfb2cd97d1a65c18c,cand_fb402da444a688cbc40c7522,paper_e18ce688c48046a0792a
T2_NUMERIC,3000,216,sfti_8abd1b27908d30fcaaa0a304,cand_45d6b3775b066e4b1f743e1e,paper_e2007791cc10c41715b8
T2_NUMERIC,3000,217,sfti_e1f7ecaa8375b706670ca454,cand_aa58817d8995127794f5ef36,paper_1c21e07003a6a2ace85f
T2_NUMERIC,3000,218,sfti_a4470f46473abe30312f32c6,cand_be691c3058ea9292fb9e1bdb,paper_3bafa4a79b7e89fc0a5e
T2_NUMERIC,3000,219,sfti_bfa87500af6b163010d12d64,cand_524498ed0497dfa58b6ed2e7,paper_c79b045a95db7baea121
T2_NUMERIC,3000,220,sfti_97cf67421a9d38e2967363a4,cand_5a8088ff1189eda09f94c7d3,paper_915e8135f2cd2d3c8c56
T2_NUMERIC,3000,221,sfti_61ccabd1258165c9c47914f6,cand_692f9f47feadf9d23c175abb,paper_2c919dff8cd869413822
T2_NUMERIC,3000,222,sfti_bc2302f81570d6e46dea862c,cand_8c45170297794eb2e00b12a4,paper_4414623e6a5fc13f5979
T2_NUMERIC,3000,223,sfti_02389ddacd1872f38aea50d7,cand_665cf9befbad8c407e8592bd,paper_c82a7cedff84b7d517ee
T2_NUMERIC,3000,224,sfti_6dffaae77525eb11abde0e64,cand_700a64d0e94b20bdbcf52fcd,paper_f046f3ee54ac53d2c6d6
T2_NUMERIC,3000,225,sfti_742336206617da487a85f099,cand_fc21d1445846a12b2deef0c8,paper_a60dc9019c65e5a1e08a
T2_NUMERIC,3000,226,sfti_700026699e0cfa75a0362488,cand_ac5fed1adbbf5c2aebd306da,paper_3f6bfa204e1dff930477
T2_NUMERIC,3000,227,sfti_d1058fb44f5a783787c0aaf2,cand_edeef9c9d13b0470ccc08a5c,paper_5bca1bd05633e9cb1ac3
T2_NUMERIC,3000,228,sfti_5cc63cee75b1579cffeb0947,cand_37644ec531d9bf13f49e6680,paper_e020c739ba85ea0ff35b
T2_NUMERIC,3000,229,sfti_6fb594cda5f27e6e93372313,cand_d47d1e9004cda68f20eb461b,paper_06a2493d2817612638e9
T2_NUMERIC,3000,230,sfti_f55fb91d838fdc5b1b2d82d5,cand_abdaaa6dd0b0d2163465ddbe,paper_cbb0e6062da18c72ae61
T2_NUMERIC,3000,231,sfti_fb617033cdeb1964d2f8799f,cand_704db90d3f96c6fd15851e1a,paper_9da2bc17ec9305bccac4
T2_NUMERIC,3000,232,sfti_4ede2e4ce3cf0c8281281db7,cand_f69d7276d6a978491371f4e9,paper_fd4f44b26db058b07e2e
T2_NUMERIC,3000,233,sfti_9ea0164001d51d8eb4b05fff,cand_d2d3f7150a932384c0ea14b4,paper_da2c1921900f7aaaf916
T2_NUMERIC,3000,234,sfti_e96c1451808ddc692aff515d,cand_7838461c8f30cae0905ba42b,paper_8626ff7c68d7bb9ec6b6
T2_NUMERIC,3000,235,sfti_bad9643ef113c6b347420105,cand_26160d029908deca9a764ef9,paper_df4f5b6d769e24884e34
T2_NUMERIC,3000,236,sfti_7d72dcd4f2e67f977dce278d,cand_05466f64d4678e4bde3224de,paper_8640f23aabb16c409f47
T2_NUMERIC,3000,237,sfti_bc7d1f3aa14c2a7d0ab7b1f3,cand_d7483b44edf6fe00412a8211,paper_1f58aa11b681339dc396
T2_NUMERIC,3000,238,sfti_bca76540649dbe53cec1bb5e,cand_59e7e3a96bf4438e13b9d855,paper_d678f6fc8a4d5743f615
T2_NUMERIC,3000,239,sfti_af27d68b38331d9e85606653,cand_3dc03482b608d205378d8ae6,paper_c384165a13e05f8ab24b
T2_NUMERIC,3000,240,sfti_f62b80023d41a84253eb4e3d,cand_faef098d5afb000b914b56bd,paper_7ba24873e76b8536a7d2
T2_NUMERIC,3000,241,sfti_f86385188d31df8fcee1bf86,cand_e8729d50749918e51c7de113,paper_81aa2b919d1c92a07a7d
T2_NUMERIC,3000,242,sfti_c3d88b78715efb488b8bf1fb,cand_d602f23485bd05b997b78a97,paper_4635a9cc7bbcd74bc882
T2_NUMERIC,3000,243,sfti_1037497dc13404de2924fed3,cand_4fc075db33106cc36faac89e,paper_035b8930770225ae28f0
T2_NUMERIC,3000,244,sfti_8e1c431cb209d28dc426de08,cand_a04c2a7eb3325b1bd59e2692,paper_236a6718ea5ce8ffeef7
T2_NUMERIC,3000,245,sfti_d1e92902c0268253d027f3c5,cand_7c487551d60a04383738a397,paper_1167812faa33b036641b
T2_NUMERIC,3000,246,sfti_66476df984e92b98b9b47416,cand_b919ddf8e1a1a023081afde6,paper_54ae55245e1f6a0c207d
T2_NUMERIC,3000,247,sfti_8af3b8df04b85ce885970b1e,cand_ab17a92871f1386ea5c2fb31,paper_46fe22a95d6bd3b48195
T2_NUMERIC,3000,248,sfti_a823fb6c6ae0cd6bdc625e08,cand_227a814e1a9c840b5bdec3f3,paper_05c1d1848050b0570ab8
T2_NUMERIC,3000,249,sfti_ee2f96b380bf56c348d546f8,cand_3ad97ae868327ffb6c666c62,paper_963a69cfb2dd14d59cfb
T2_NUMERIC,3000,250,sfti_d13cf180a37b48a8b4f4cc3f,cand_cbf911180cd33f0bdc9943c1,paper_1d8f5052e7c1595ffac3
T2_NUMERIC,3000,251,sfti_886b2acb66620ccf06569e93,cand_aed1ee2f519bd6bdeca15e91,paper_1c6055e2b849d2598268
T2_NUMERIC,3000,252,sfti_06b03749247492919e4c1c0a,cand_98560bdf3785b624aeea115c,paper_70eda2eb1a05bdfa7e19
T2_NUMERIC,3000,253,sfti_f18f2917c08e940ad55e5170,cand_f9b0bdf63f13e12e96fc05f1,paper_33796061924f83a65de1
T2_NUMERIC,3000,254,sfti_49583e115a0cd0a374b1e854,cand_dc77f5d0b2de79512e638490,paper_83ca826490ae45e8980a
T2_NUMERIC,3000,255,sfti_170dbc029a516cb2072267f7,cand_27e697f6769a052600600100,paper_54c0115fc01170ba67ec
T2_NUMERIC,3000,256,sfti_4e72ff8be5489defcb8dc884,cand_c74f8679d769450b139ad820,paper_a7dac2e3bae1747435ba
T2_NUMERIC,3000,257,sfti_b6f2128b6e84da589c7a2134,cand_b9f370423bec782d19d198af,paper_45bffc535c6c75f3735f
T2_NUMERIC,3000,258,sfti_3e2653c8a248cf2fc7221ad4,cand_92194f0f3b892216f2654c94,paper_047f3d56832a59d32f3a
T2_NUMERIC,3000,259,sfti_b36081c246296e325b37868f,cand_7d7ad87267aba7a52b9d1231,paper_4c896a644026ba361bbd
T2_NUMERIC,3000,260,sfti_a36d7d3098b8cf4e3ff29984,cand_ce4c3e7afd7eb7a9748c8b8b,paper_a179d968d5804bee3736
T2_NUMERIC,3000,261,sfti_3ce3ad4137a58496856ffbb1,cand_8382f9a405f92b198d63208d,paper_084253dae7a7f19e544f
T2_NUMERIC,3000,262,sfti_b9b4e9cf79656fc02d6ee07b,cand_29192962ebfc5118f93d3b79,paper_7cbaf3a63f383f04f586
T2_NUMERIC,3000,263,sfti_d4b85a9b54ab06a9e9c72490,cand_af211307c4c1e261b3a67cdb,paper_604ab3e72068761d0f8c
T2_NUMERIC,3000,264,sfti_3ac9b42eeac8f1273ff3588d,cand_0fad2c4f770019ff74cb8dc0,paper_37dd9d9c13d5c83a27e8
T2_NUMERIC,3000,265,sfti_98ab5b1e18301d14cff05715,cand_c3ec7367d1c5833ccffa2c2d,paper_c9971f3e963a7ce40c60
T2_NUMERIC,3000,266,sfti_2de1ee20ed77191abc45754b,cand_bbd2e8384cd54336c1115048,paper_c6ceea1dfa571f4e39a7
T2_NUMERIC,3000,267,sfti_4dafe17039c0ef2a793c8653,cand_f3a9ab6ce9fd7b3becde1793,paper_c146dad478613317f96c
T2_NUMERIC,3000,268,sfti_b00040e2e90cdf3499d46d0e,cand_e00b87a74e5061117d9632b4,paper_6f5456855514128c0fd6
T2_NUMERIC,3000,269,sfti_26efae05ed54314be1865040,cand_3e267b031df336bd520249ab,paper_46e8f97f2081552de5f7
T2_NUMERIC,3000,270,sfti_37e3062d6e55af62cae285e5,cand_289d173723ef8a79af839e69,paper_769ae64af226fe449181
T2_NUMERIC,3000,271,sfti_a17cd96cfaa60898c031e0e7,cand_9c34cfb9e9090d472e84c8ec,paper_875db547425c669c712f
T2_NUMERIC,3000,272,sfti_fdd782b8c92f5e15196d2a84,cand_9c015ce87d19a6c0d4c53b06,paper_5a8f097e6159fed3e1dc
T2_NUMERIC,3000,273,sfti_79b1be08337fb3981d95f1cf,cand_32fe02b80f7e24b40f9cad80,paper_1feb6909cbbda0d14bb7
T2_NUMERIC,3000,274,sfti_ad4ad697d9f10d5f8131ba13,cand_54947ef6251798d76ac62b81,paper_733dead659ca641cecf9
T2_NUMERIC,3000,275,sfti_8035d9b72f226ee0d0bb92b2,cand_1084392c4a65a13c81ed0896,paper_68bc91488ec451c8fb7e
T2_NUMERIC,3000,276,sfti_9826d9bbd71063000f0d5903,cand_704f88ec9318286fe281cc33,paper_47baea05186d61b02ef1
T2_NUMERIC,3000,277,sfti_40d7c9d56d382333fc6b85e9,cand_060f51bf1034e36d68306d97,paper_22199bce4c24d6d2a928
T2_NUMERIC,3000,278,sfti_233e35383d0c0de81d7aeebd,cand_0a72f601ea3c480da2104b40,paper_c6856c356739df0e15f4
T2_NUMERIC,3000,279,sfti_88f0a401026762e104ec7296,cand_869a9c931013ce7932b188eb,paper_053b92fbb32e346bfd2b
T2_NUMERIC,3000,280,sfti_328f3ec10b752a719009f2d7,cand_ed08871d270b1a34650f6056,paper_aadc9a2a8ea2dc22b12f
T2_NUMERIC,3000,281,sfti_8770b9a4ace58620060f35b3,cand_afcc85063377522ada9ca8a7,paper_998e42a7a479e088704e
T2_NUMERIC,3000,282,sfti_06971737698ee25734e92681,cand_12474241b6ec1dde4ea0757b,paper_caf83ac6d968d7b42c21
T2_NUMERIC,3000,283,sfti_1675c346c5b6eb457c78c9ea,cand_041031590104a4b8e3872615,paper_88c706177de14c2ef0f4
T2_NUMERIC,3000,284,sfti_ec63b75c49e499d566e736b1,cand_9f9c86c5c5edbdd0ed049326,paper_66cf6798a853095c2776
T2_NUMERIC,3000,285,sfti_fcd197fdbc0e408d20a7639a,cand_613837e299fa8b76dcfc4786,paper_50c23e22863d3b23264b
T2_NUMERIC,3000,286,sfti_2f7d43593866a4383a6e598e,cand_730ef1d31eb33c2d690e7902,paper_5117e27e180792a8db1b
T2_NUMERIC,3000,287,sfti_5bdb97e9f327b8873e5b72d0,cand_e9c3515833bd7350d253592b,paper_0e810425168608981150
T2_NUMERIC,3000,288,sfti_1f7dcd0d70e72ed68817ad6d,cand_d5da542a83f63eaba855be80,paper_c81ade03bd3dfa0f3621
T2_NUMERIC,3000,289,sfti_bfa79d782e89f27b02aff62d,cand_def9f2e522d04b17f6a94ff8,paper_5f9e475046ee441302b8
T2_NUMERIC,3000,290,sfti_291b523625f9e6aa47d3fecd,cand_daec709f643499d7a2708c2d,paper_31cf168c71255530e973
T2_NUMERIC,3000,291,sfti_87309e32c519bfdbd731d797,cand_8ce7ebbb4fb262be04dd038d,paper_0f49cd856d017836aa53
T2_NUMERIC,3000,292,sfti_cb8df8eb67f2e26861a93d6f,cand_8eb7188db6b169b4f3a10443,paper_b40cd8a118e16e0b2c43
T2_NUMERIC,3000,293,sfti_9a37187aedc691aabf4b2b3c,cand_4cf65105bdf259764d99b486,paper_a9f339fccd3c96381e78
T2_NUMERIC,3000,294,sfti_5720b37ee53b1342cc623937,cand_8b808fcbc56f292c97282899,paper_d27746fdbaa397643691
T2_NUMERIC,3000,295,sfti_c06d08e39d3f47d1faed92b5,cand_6224f2e326a13f99ae9d6362,paper_34d89b2cd8b1d6aef44e
T2_NUMERIC,3000,296,sfti_a5d35fcd52e3491d80619d97,cand_00b503f68913426bf6964577,paper_9f6a916d2362364c4772
T2_NUMERIC,3000,297,sfti_71b701817dd0d52302b6e235,cand_055b726b59b8328d1ebcff0c,paper_6dc8fab0b2f8787538a0
T2_NUMERIC,3000,298,sfti_ce463885f4c4104e10553be1,cand_7d1217271bcd1b7ead3d571c,paper_49141abea7fbb090c4e1
T2_NUMERIC,3000,299,sfti_2855e5646b8e7c03f07a10a6,cand_e542ee0226eaf93f7b09ef73,paper_1b1cf979f0bda259ce7d
T2_NUMERIC,3000,300,sfti_0140895937ff7a4eb5ff92d0,cand_aec35fe186750cab869b69bf,paper_6a8becc5c88f09b869f3
T2_NUMERIC,3000,301,sfti_7aa159a6d9c9268209ae4a06,cand_59d3c65147787844816410bc,paper_228ae7746c6384c3588b
T2_NUMERIC,3000,302,sfti_c70a990894d077f4f686b254,cand_a13324b9a1e2df2b7315dba8,paper_58ff33777204f4c8bb8c
T2_NUMERIC,3000,303,sfti_ffa3b09986211559f09534a8,cand_7b5adc18911b9bdf2e6f6fe8,paper_f766d0e99ef832cea663
T2_NUMERIC,3000,304,sfti_344ae290b6b54edb8b3357c7,cand_ea5c8a955e3bd626bdd5cf8a,paper_3c99e282d4bc4d094822
T2_NUMERIC,3000,305,sfti_14f2c31f1e6d19c8038ab25e,cand_89347898072220b4d9d295c9,paper_d54c96ae609515612b17
T2_NUMERIC,3000,306,sfti_0cc2b8d277e4ff7636410b53,cand_1ed017a32903c1c1fce6c171,paper_e6e9f5edbec363fa18b1
T2_NUMERIC,3000,307,sfti_3c2568301a40b686979c6fce,cand_0395f8d19a5d8bca91b41b61,paper_c03332839fcde61801f7
T2_NUMERIC,3000,308,sfti_34270959c381b51c24e1deb9,cand_5f37e143218f38cfdd35932d,paper_4a55b8938eb9b87e2323
T2_NUMERIC,3000,309,sfti_94a4e7f30c8aae7a6b5688d0,cand_2d728f3c9dad577385c1c0d9,paper_e5334460cd55c6892d27
T2_NUMERIC,3000,310,sfti_a4aee228a7b0768fe2f06f35,cand_e5e82419d4c8d4a01472a705,paper_7cf0443fbef6f4ce3e58
T2_NUMERIC,3000,311,sfti_7b9f7431dcd9e28cce3477fa,cand_c9ce56a0721157643e5d0704,paper_e5e8bbddbeb6098efad0
T2_NUMERIC,3000,312,sfti_b4d2965bb9a1cd59b29f2190,cand_615acb3fab0c92abf70b81d0,paper_e8b66608c3d839cf37e7
T2_NUMERIC,3000,313,sfti_3d471008dadf94aac8d8f991,cand_3296123de37f9ce41c0fe95b,paper_925df95ce06fa731d89c
T2_NUMERIC,3000,314,sfti_e04d17186573ae5457521863,cand_cd2a7f7040b3d1a3b1b1a381,paper_bf590173ea587621d8ad
T2_NUMERIC,3000,315,sfti_29df0ff788be25aef8a028ef,cand_473fd7e2a867e418db6cd5c9,paper_33864a2cb500270f3094
T2_NUMERIC,3000,316,sfti_44e9b5d12b1139cbd4fc1f75,cand_5cb8e3f3e90cbeb6df8858fc,paper_2d7ca05313fc6630b325
T2_NUMERIC,3000,317,sfti_93eddd54e17191370b8e0ef4,cand_1f268b79d86127ae15b89f56,paper_a4b2d7fa3ccbbb4c6471
T2_NUMERIC,3000,318,sfti_1015f30a99a5559f9c98537b,cand_3c034f710027f98a3a05004c,paper_73576f4bbe0b9bcc0958
T2_NUMERIC,3000,319,sfti_e4fe77d17d6d1e0edf92da96,cand_c7658eee4fce65f625b94df2,paper_2a4574fae96e087c2a6b
T2_NUMERIC,3000,320,sfti_a43c75e2df2372f6a606a6b3,cand_092ef0fe7938e525af69fca5,paper_bcb1bb37ecd7b206ef6c
T2_NUMERIC,3000,321,sfti_4d7595ecacff3c97a10e6121,cand_acb9efef130267ab5ac1f96b,paper_206a17fb35940b06d973
T2_NUMERIC,3000,322,sfti_79f02638903639e22b8bbbc3,cand_eac58357eac301c467278218,paper_6eb1ce358f2c588ab75b
T2_NUMERIC,3000,323,sfti_1af9781a008e4c383ff8f7b4,cand_60a803c6fdbfe5a6979145ca,paper_3509bf41340e8ee49296
T2_NUMERIC,3000,324,sfti_a0ddc8e74d06cd5c45f39d8a,cand_614b4d4f195a50cba289b695,paper_b3bdc644128eaefe47e3
T2_NUMERIC,3000,325,sfti_5d854873a214fa92b4ceff1c,cand_37a04d87639ab759ed5c71db,paper_fd4964ad03a73958b3ca
T2_NUMERIC,3000,326,sfti_b4ef64357b0eccadac196eb9,cand_c019a8ac52cd1c17baa39d2e,paper_b005f05d79307aca2e7f
T2_NUMERIC,3000,327,sfti_7861f3f17cf5bac7d108a02f,cand_fef9e3f90e79222606211afd,paper_97a174f50fd3871256b8
T2_NUMERIC,3000,328,sfti_f4aae71dac8bd77777421116,cand_9eff91a87713eba4773cd65c,paper_67ab53de6e75a2a2f118
T2_NUMERIC,3000,329,sfti_eea11090b0064af2bd43a739,cand_fd336e2672c0c5a5d5843f3d,paper_3992d40727ba7f0c80ba
T2_NUMERIC,3000,330,sfti_d0fa3ac508c024b3dc6eddbe,cand_8c015822d9e2da5c956769c1,paper_65a1f093c8c0135bc3bf
T2_NUMERIC,3000,331,sfti_31fe50cd78092b73b078ac37,cand_38da378497237430fcf7dbf8,paper_07fe87a51004b7c9efc0
T2_NUMERIC,3000,332,sfti_29a073c35ed290ccc83796a4,cand_ebd5cde69bd2cc1a14c4ba8b,paper_5d18114bbf040e836670
T2_NUMERIC,3000,333,sfti_ccef242e2c332faf9158b3aa,cand_5869fc74a2a8eff4f31a7273,paper_64dfa37a81a06fd96980
T2_NUMERIC,3000,334,sfti_710f6b91b7da8c7771db8870,cand_ab8f0116fd5a2914d8fec16e,paper_9e4aaa1c725080258723
T2_NUMERIC,3000,335,sfti_350d61cd800b21760c9ba171,cand_9f8010d655f909f93d7c3374,paper_fdb671853a669cdb0e87
T2_NUMERIC,3000,336,sfti_8d281c90773b2cfb6440daa0,cand_c66343d26b310eddc6420b33,paper_f9d3d9d540aa15aa3b2e
T2_NUMERIC,3000,337,sfti_cd09232af2acc65d8031f517,cand_f900cf53de268c40e8a9afac,paper_c3bb7c56866fff2e4754
T2_NUMERIC,3000,338,sfti_b85c93c2304493bcb68c2b94,cand_36625a2f2e06a3740b5f13d6,paper_927858d424e2b9cea9ba
T2_NUMERIC,3000,339,sfti_aab3180a95da5b75e20478e2,cand_2c761805e22f146942e46035,paper_b4d04768d1ae77de921b
T2_NUMERIC,3000,340,sfti_5a1bc44be66e5dad355e39d1,cand_326e03c5aef109cfa192e7d4,paper_cd61ecaf42eae829f8ef
T2_NUMERIC,3000,341,sfti_0db114969fa9f5c97cdc041d,cand_528a4869715be9145aaa90ab,paper_2d099084242b939a3af5
T2_NUMERIC,3000,342,sfti_49a0a1bab8694d787842f4f1,cand_5057efcbbd5d0305626c5c1e,paper_040aee36b3fa8790d5c8
T2_NUMERIC,3000,343,sfti_b154439606801b2991ec6545,cand_63fe7148c19b3a111dce4827,paper_d3384a041b7bca380507
T2_NUMERIC,3000,344,sfti_1eda4f5e3ed115474e90a438,cand_ef2db5861b81b0dcaa2d55ca,paper_3cec864523b3855c0a2f
T2_NUMERIC,3000,345,sfti_2434d133df5b769e9117c7ea,cand_e738dbee16e6edc92ff33d4e,paper_c8d9f103a73fcd2c159c
T2_NUMERIC,3000,346,sfti_397482066bb6f98468ac8095,cand_846ce2d262fe07c000205e52,paper_f00cd50c0c8adb622672
T2_NUMERIC,3000,347,sfti_123c8554dfc28d01667cf686,cand_71225f692c99158749ad1f95,paper_454aff797060891be3c6
T2_NUMERIC,3000,348,sfti_e106acb3e977095cc61ebcb4,cand_aa66ba1a213d8748b04a95d3,paper_d0cda66392b22526445e
T2_NUMERIC,3000,349,sfti_32d9580494a9f9f0464c037b,cand_d343daf3f74a09562e022804,paper_c43d2e0914f15b4a70e7
T2_NUMERIC,3000,350,sfti_adb282ac062354ac3c1e2587,cand_4cba2190992ae5c642214736,paper_67304a9245b9d6c41626
T2_NUMERIC,3000,351,sfti_5b51eb02a429ddb383b902d8,cand_a4e618e13bf5b8524fb1ae79,paper_731b7c2ef2e17c9e721c
T2_NUMERIC,3000,352,sfti_67b60d4ad5beb098616190a2,cand_d7c35596c165a2274bd1673f,paper_a6c7c43c9bb00b33965a
T2_NUMERIC,3000,353,sfti_2621f390168a94ae362dbbec,cand_45c4b44853d648aaab96827a,paper_a35d36b9493ebcd5fa84
T2_NUMERIC,3000,354,sfti_74aa6a4c71ff60fb743a0342,cand_63a90207b166250f93ecf0d3,paper_8fecf48988292b0785aa
T2_NUMERIC,3000,355,sfti_b02772abc2ce006a62b126bb,cand_d5d0536a1731f82c5d543e6e,paper_75d794e93419af346c95
T2_NUMERIC,3000,356,sfti_ecd4bc43ab8aefbbc0d0a51b,cand_4fcffccb446739589669e0c1,paper_8d40d89731d42e529964
T2_NUMERIC,3000,357,sfti_4a7e2dc43191a362131fbf68,cand_2a83467dc5fa823efef4a3ed,paper_5d5120a2cf840faee937
T2_NUMERIC,3000,358,sfti_3913056435540137b623ed10,cand_9a58b91de2638000c6914c7c,paper_ee445c79be8a00b91f8d
T2_NUMERIC,3000,359,sfti_68617cbb0e1c1d7d5faa674a,cand_9f7a0a72abb8f3a5c0e6a97e,paper_3ab1dc47ecf0c400d8e4
T2_NUMERIC,3000,360,sfti_8db988c0b5cb6d74e5084296,cand_aedb5ccbf3e6b1aa0d5f68bf,paper_493fb857dd45cdb882e0
T2_NUMERIC,3000,361,sfti_9d4a7524992cb88ea58a1a3f,cand_9408aa1d5274e702a4f26733,paper_bd883eabafd2e7b17297
T2_NUMERIC,3000,362,sfti_5f6c97b311522d0fc8dabd6c,cand_666d0c94b4b4d52ba6564c8e,paper_1effe763b7ff437e1fc9
T2_NUMERIC,3000,363,sfti_e7a316857368121fd6c2239f,cand_2c59bd436ce244bc44826f09,paper_230af28c059ff9e246b4
T2_NUMERIC,3000,364,sfti_2ec9f765dca2c6d8b5f9e087,cand_47504a0c6f56770e2f40a1b6,paper_80494a124ca2656927e6
T2_NUMERIC,3000,365,sfti_37a2cdeea51db695f005c075,cand_a31d46a4af7c1ba1874d4669,paper_71d95dc9a2f9d34f71ae
T2_NUMERIC,3000,366,sfti_05269c1a1dc5f7cd5ff527f4,cand_e77c209c838cac509b962355,paper_a8c55eceae6ca55a4392
T2_NUMERIC,3000,367,sfti_466dd2e99c47b9265e3dbed1,cand_45709b6a24d9199e4e5f7e91,paper_a2eacde7fcf945fa8df6
T2_NUMERIC,3000,368,sfti_877a61f02829eadc35a30907,cand_727210da497db7379f730750,paper_b4bcc0e4ecfb791477ab
T2_NUMERIC,3000,369,sfti_2269cbec3e37c9af1c74eb19,cand_502a2f741ff1aa2ac01e4a68,paper_54617090ee3a4ee67d68
T2_NUMERIC,3000,370,sfti_7f27ce0f96ac8aa91392860b,cand_c59bad6325db023c7a44a33c,paper_ab042b6e501f115d6d6f
T2_NUMERIC,3000,371,sfti_79d42063c768a7b493d243f7,cand_44725ace24133a4e6e376a8e,paper_6195f36858a7f96beff7
T2_NUMERIC,3000,372,sfti_0939a013d434ca5bd3b9d2fb,cand_8ca5f13b38e0c71110248265,paper_059fc5b9c39e4fc7ea23
T2_NUMERIC,3000,373,sfti_bd263af674e0bf0c8f8a7b32,cand_44892fa79c35d22521e18661,paper_3ca537be4562a4063d11
T2_NUMERIC,3000,374,sfti_5a72cfff640c5bcacbccec53,cand_089373dc28cfbe133400beb1,paper_f3b42bb14867c07e4aef
T2_NUMERIC,3000,375,sfti_c15d4a9850c6152d8f6b8103,cand_cb6c49b45eac062066d86be5,paper_80f3958782a73e783fe7
T2_NUMERIC,3000,376,sfti_1ed7e3f75b7e65050a5a0066,cand_4351f24ebfa643e01552c783,paper_e9cc144b1569d2cdff5b
T2_NUMERIC,3000,377,sfti_0faca9ce189f46ada8b37efd,cand_e6f4d4ad1dd80ce9cff85c44,paper_e6ae6ab9fb979351c1c2
T2_NUMERIC,3000,378,sfti_a79db485d01ff1295c44b49e,cand_584a4d103fceb994d2f930dc,paper_d4eec71007c44517072f
T2_NUMERIC,3000,379,sfti_5bc22d3715b54f929d0eb7c2,cand_3f0e3b73617457acba656e80,paper_7d409e51f42cd8ac656c
T2_NUMERIC,3000,380,sfti_545f2f2d9e336cf7042052c0,cand_a2d02c1078f542be6e46ca62,paper_f3afec6e13796b766325
T2_NUMERIC,3000,381,sfti_931953ade039c7a7ba15e449,cand_05d70435cd7c81107ea28318,paper_3a1e1967948ef79e9bc4
T2_NUMERIC,3000,382,sfti_ec90720accccfa5d2d2b29ef,cand_2ea7ba71ffff55b3b93b946d,paper_1505cb58904a14e9acef
T2_NUMERIC,3000,383,sfti_4f33334ff9d1d4ce1d1a299d,cand_2d07a260f27f85cd2cddefd0,paper_5ab28f5a2e15505dcc9f
T2_NUMERIC,3000,384,sfti_b226d65dad3436cd45a9c70f,cand_bd28e69ce42e38bf5f7dcfc2,paper_aba23cbfef580e6ad9ba
T2_NUMERIC,3000,385,sfti_174157293432286723737340,cand_fd429f27ad2b4539f038a103,paper_aeda8fb50291efef0433
T2_NUMERIC,3000,386,sfti_dd08151d51d87e6d7a8f21ec,cand_3888acf7992b6bfe27180223,paper_2731ed413ed15eaf8736
T2_NUMERIC,3000,387,sfti_5393cbf6d46d8089188be940,cand_03038f15b4d52b0032ab2226,paper_cc53d0299e648e6916ee
T2_NUMERIC,3000,388,sfti_a31710ca85ae8c2d128c28ee,cand_25d0a36b230ae897d2dc5ebd,paper_cad4056b1e168f18b713
T2_NUMERIC,3000,389,sfti_23dd877fd65ed81e70533686,cand_c13bdb0849ecf18af7aea274,paper_1bc583c06e4ee3d14b2b
T2_NUMERIC,3000,390,sfti_5c9b1b2b26ce668dbd4f31f6,cand_7738ba073a2df204a583af15,paper_6ba850a9ab17db2dae58
T2_NUMERIC,3000,391,sfti_ab27cd83a59a746a92044826,cand_40bf7de1f03d0cc90be8776d,paper_e93d0eb808f7955cb1f3
T2_NUMERIC,3000,392,sfti_1f762f3f03056b3ed4dd5308,cand_c617ccc5a42ab1dee2e51918,paper_e794729eb1562a4b7f3a
T2_NUMERIC,3000,393,sfti_2bb884ee4dfcd3236bd67ecf,cand_7e913ec9f7e3df77fde2626f,paper_6f4ca55294d5886cdb1c
T2_NUMERIC,3000,394,sfti_e54344d9115adb66712a47f5,cand_3750b46bfd52c26b39dfc4de,paper_2cf89ece81e90cd3f910
T2_NUMERIC,3000,395,sfti_7d1d214e998df5aa616f3315,cand_22520fce95156d6dc4689a7d,paper_56c1618d40a6eb8185c1
T2_NUMERIC,3000,396,sfti_4d5320c2b019f606cad746b0,cand_5a588dbfa89de6feaacc32d4,paper_1f4567b736135e989979
T2_NUMERIC,3000,397,sfti_d0cf14b8c2594df31e0c8f48,cand_09d472c5b155597caaab4107,paper_35b3eab66de11aeab930
T2_NUMERIC,3000,398,sfti_554c441fbcc02211ad1a5e8c,cand_66b706eb3e14a19d3f070d13,paper_cdd128adfb5f643d39be
T2_NUMERIC,3000,399,sfti_af80510acb1085806ad314ab,cand_4ea230608cd2e2aba8c4fbf2,paper_233f31909fd3f28cf0e8
T2_NUMERIC,3000,400,sfti_70d02f6eeb8b95b9010e9006,cand_2e807b7261e2d2e7eada84a2,paper_48fe6515d531f9067495
T2_NUMERIC,3000,401,sfti_1142d17e09a61c3b9d7efa1a,cand_aebea5028c2a3610bf8b08a1,paper_e365b2946291c86625f8
T2_NUMERIC,3000,402,sfti_164c49078fdb4ba177d053e6,cand_34b6a36ef5eda3b4224404d7,paper_c25c9260ec4470115f16
T2_NUMERIC,3000,403,sfti_5cfaade0f267ca9a420558e9,cand_514c8551a2cf37511486084c,paper_f29582b34f36217f5245
T2_NUMERIC,3000,404,sfti_c5935332abe43dcb06daf8a4,cand_728017038101237cb68ed793,paper_1b171a1a4aec0890360c
T2_NUMERIC,3000,405,sfti_d7f52e2da2bc8b044db2346f,cand_3b7de1fd020a834c2af3ad2d,paper_11881c3333b09bc1adce
T2_NUMERIC,3000,406,sfti_baa49de550f6e5a1a4c0131a,cand_7a25f4425ec8abfa6a268538,paper_4516ab29b73cc618f530
T2_NUMERIC,3000,407,sfti_06f67e9960c2a492bf9faa28,cand_9a204f3610d0e8accea33135,paper_53fb745495c413ce93d7
T2_NUMERIC,3000,408,sfti_efdcb52893fcd939d3c09b57,cand_e438f49a0b50ec19a0b131ce,paper_12a764f13952eccb5204
T2_NUMERIC,3000,409,sfti_c60c087775a35d0e6418ae7c,cand_e68b4a5780d61f488a89eb3e,paper_21a73e1c5c35bd00e27a
T2_NUMERIC,3000,410,sfti_46f74d4ad09d842f615b541e,cand_e021168c72c694ffda450395,paper_71526057ddf6ed98608d
T2_NUMERIC,3000,411,sfti_709a904e11b530bdea447d71,cand_87a5fb09ce3dcb5fdaeee035,paper_4c95075e25b3c259ef44
T2_NUMERIC,3000,412,sfti_c0fa4e2dbed54a5028fcb1f7,cand_09513de00b6754832f15afa1,paper_3172c8ea2d5c6256445f
T2_NUMERIC,3000,413,sfti_ae756cb46aceef86492fdd3a,cand_d9170d0b05b2f37529404f7a,paper_221f0c916ee0712cd55f
T2_NUMERIC,3000,414,sfti_ef3e98323a2b3ec5af5c8d43,cand_bced162f8fc8e7d04a514057,paper_41421cea964b6e798387
T2_NUMERIC,3000,415,sfti_7d81ad4d9f3911909ce98748,cand_93908c91aa6b34d7937c0115,paper_c750381016e9d48f54f5
T2_NUMERIC,3000,416,sfti_33b0c1d1ae6871f5319c62d0,cand_6571596e28a03ff66d597652,paper_dac18f93f70a297cc71f
T2_NUMERIC,3000,417,sfti_dcc01d0d9579565d38fc69ca,cand_7d648e5e72878a584a64db4d,paper_5082f5a8326bb484965e
T2_NUMERIC,3000,418,sfti_273d0708f60711a016dbe5d5,cand_ce7fb30eafa58b4db83b3ac0,paper_3d69b6ca8bac023a2e37
T2_NUMERIC,3000,419,sfti_eca735de9e7a79e861aaca6e,cand_ae5004bf6884a254df0723dc,paper_77fff62649cc89e70006
T2_NUMERIC,3000,420,sfti_e884c53cd6057b3e9039eba7,cand_f3c0e43eb1c3828ba44e6610,paper_2e7c7ada2c0738c9576e
T2_NUMERIC,3000,421,sfti_0d19aaccdc9b966e4af88ef7,cand_71d188fbc4d0331c3ddef4af,paper_cea263957c803c2be7ac
T2_NUMERIC,3000,422,sfti_7d5633e2c676a4f2878ef9b5,cand_d945fcee98f02e1ac389beee,paper_fcd41940e6c1c398ce6e
T2_NUMERIC,3000,423,sfti_1e0b61cd746bfff5e31514ca,cand_b88035a2a577db9844da5233,paper_855a30d7906bf1696f18
T2_NUMERIC,3000,424,sfti_c5658806d126df348e6a207d,cand_71baa70e2151360e743b49e8,paper_7a234a0942160567de4e
T2_NUMERIC,3000,425,sfti_b548f9cb7e4ebe486eb0ac3d,cand_5e4f6199d46473e76a61c0cc,paper_8968c63f74386825585f
T2_NUMERIC,3000,426,sfti_a4593f60f2fc30391a5356f8,cand_e5d64b3abae83dbf06fe673d,paper_b45b8c314fefc9dc2f86
T2_NUMERIC,3000,427,sfti_6919265d31a4ee41577d51b6,cand_a219ef43824c3990c30ba1d2,paper_936af62bff602375aae5
T2_NUMERIC,3000,428,sfti_44d39e14cc90c3a2155cafe3,cand_01a9cc733f35b3b9f0965185,paper_4095b334fa6e74b81f84
T2_NUMERIC,3000,429,sfti_072618b70a4fd8e7d4dab417,cand_c67a8616950b9ab19f2ebfce,paper_341d7710302a2b329e63
T2_NUMERIC,3000,430,sfti_7b5e7ddf1f225ae252bcb9f8,cand_a66af01ad462362f336b15f5,paper_5093d6ac5a8e5e472584
T2_NUMERIC,3000,431,sfti_a81a0c3f6a0a80074926f57a,cand_251b347d78b320871a21085e,paper_bfc002e4e2173fc7324d
T2_NUMERIC,3000,432,sfti_9f8f96a6e403b00de2d7b914,cand_1b9a27492caf814d9e9383bb,paper_5178edc200c7560cc5dd
T2_NUMERIC,3000,433,sfti_7698bb649fb7a2b9c56dc7eb,cand_1d9b56e4429be1fae8e5de3b,paper_0d68ecbef45f9fc8cf90
T2_NUMERIC,3000,434,sfti_d16115744eb584197e6cc1cd,cand_16a43882ac7b7daf95882ab2,paper_26adb28c631c5b0f11a0
T2_NUMERIC,3000,435,sfti_544d1ff9614407c842c4ac86,cand_47a45e82811951bb4d825e1a,paper_80824adaef46809e108f
T2_NUMERIC,3000,436,sfti_23b928adc23d251aee0b8977,cand_5bef0f6a9bb1f0da9e0aea84,paper_ac38b317c822295aa2fe
T2_NUMERIC,3000,437,sfti_c65286c465dc20ecf14f738c,cand_f58f3b86c23149c08e9e86df,paper_54e19b6fae0955d86c32
T2_NUMERIC,3000,438,sfti_9a1b261037db2c3ffef4480b,cand_575cfffc68eb22e33b365d10,paper_75ba7a8d3c3e91ae2125
T2_NUMERIC,3000,439,sfti_68410d310df9b1d84d070b8a,cand_e51288baf51af8f02ec43a5a,paper_78d9139681b32b96ff05
T2_NUMERIC,3000,440,sfti_adbeb5d32e810aee6aaf4fca,cand_89b335ed8e6efb7b8e59c96a,paper_624527ca377befda900c
T2_NUMERIC,3000,441,sfti_8ca4f8a7af4dd98f05fb6958,cand_d70f2bbeebb4710b3ab7a52c,paper_b0b7e2f9a369dc5982ed
T2_NUMERIC,3000,442,sfti_36565d9e05b497ec20b51238,cand_db19219b7f4e2e00848a7b72,paper_b7eb43a1714dfea51b3f
T2_NUMERIC,3000,443,sfti_b1a400317b7ad4e98f649156,cand_6db3f2d9e68fad73ea3a693f,paper_b00d47de8a46a6c79806
T2_NUMERIC,3000,444,sfti_258d8e22762e0def297075a8,cand_6ae74c057e3e5bce6c089f0b,paper_e1119708fab69f9652a3
T2_NUMERIC,3000,445,sfti_0aa251ce3fdb18beb13066e4,cand_8cdcbdd455ed56cb57dce2c5,paper_9229ac9cd28f9c9cac4e
T2_NUMERIC,3000,446,sfti_2d65e3879ba3b022946f98df,cand_b6cd832c142d806686897953,paper_b97fd1a5935f47e10c77
T2_NUMERIC,3000,447,sfti_11ed732ad7ec487196978f44,cand_9bc6fbd07341f8b4356b29d1,paper_8dc8785106d0600e3d72
T2_NUMERIC,3000,448,sfti_3271178e6054d568a66d30e0,cand_c33fc580ddbe136886eff68b,paper_d792d6f81b5dfd11ffa9
T2_NUMERIC,3000,449,sfti_b4a793273b858d825d90a826,cand_b3a1cb8d40e5058074e94c67,paper_2816bab6cf493c5dae75
T2_NUMERIC,3000,450,sfti_d7d00753f85d76e7565a12da,cand_0ddefe9408fb93791529d547,paper_c98ae0a78fde0cd2da77
T2_NUMERIC,3000,451,sfti_05c778bd8c1b158d4c78e249,cand_f4fd0f73b88407387bbc76be,paper_41243b2e71035d29da90
T2_NUMERIC,3000,452,sfti_792a73d542be03a52faeb5cb,cand_1b122b25b7ec76f0fe4d5726,paper_2ce6080bc78f6dc4bbee
T2_NUMERIC,3000,453,sfti_e185228fa6230c4745ee03f2,cand_83383c0eb3105ca19107e7fa,paper_a15d6db1e341ca841faa
T2_NUMERIC,3000,454,sfti_1e38af5c19c7d770cbd5ab4a,cand_645ba089ed6e78a11f98959b,paper_ed51e9d5b91c7ad9308f
T2_NUMERIC,3000,455,sfti_b453d5c937472fc94077b55e,cand_d12804a4c2bc91b2c2fbe2ac,paper_b02b1015a4d81c005688
T2_NUMERIC,3000,456,sfti_74c9df09c7c61dbae0e55645,cand_2565da3cc4ac7dacdfa35f97,paper_0a926d479528ed19bc99
T2_NUMERIC,3000,457,sfti_d24e25152e05a22b3bd388a6,cand_b8d101c2c85dc8a11e899724,paper_3931b2764d33f08f9b60
T2_NUMERIC,3000,458,sfti_00fb4cc6d104950228c53a5e,cand_0d5281008d7bbcd7e90aee15,paper_f70c8739c330b884890d
T2_NUMERIC,3000,459,sfti_629b4117382d5f6c2986bce2,cand_429c08aa2c7c262f9663805c,paper_a3c79491871022da9d5d
T2_NUMERIC,3000,460,sfti_d9a9aef5ce176f759341041e,cand_a9a4853076c62ad53ae53098,paper_4f264f36aaa27725d764
T2_NUMERIC,3000,461,sfti_f6067f1a100876bc916d340d,cand_ac896b19d28dfe2e05103dab,paper_9eca70ac9c66a0ecc684
T2_NUMERIC,3000,462,sfti_28a5eaea2ee39200e94fe02d,cand_6f8eef75591547be821e88ce,paper_b2d1155ad3ce1f678145
T2_NUMERIC,3000,463,sfti_6c485e73d167f37e573654ac,cand_8de086b1044fad30e9cca7ba,paper_d9a7caa927432b9a5d58
T2_NUMERIC,3000,464,sfti_0899d08e441dbe7fab979750,cand_41289ebe85d2549fd1827598,paper_601bc12e30c57fc9e58d
T2_NUMERIC,3000,465,sfti_cc53af27090f6d59bfaeeb3f,cand_86bf25f1f6512765880238dc,paper_780ca30bca1371cb91c6
T2_NUMERIC,3000,466,sfti_1d4855ca1dc7956ae581403c,cand_aef8f062012077e838d7ac99,paper_1a8139b3d1a58181a74a
T2_NUMERIC,3000,467,sfti_f95c641a44781f069fee6b7f,cand_ed099951a90f64e7a82f8db8,paper_8b6c41dd419735fe1e01
T2_NUMERIC,3000,468,sfti_cbcd64f8abd509f9e2988d80,cand_6346ec8d946757ebf0772e2c,paper_a29e23e2440fa2936e13
T2_NUMERIC,3000,469,sfti_185bd154b7c63abef6cc846d,cand_1f3e386c35dca1d171a9ab48,paper_68cee94333b5ee318c5f
T2_NUMERIC,3000,470,sfti_ff07ba729c477f76670da1cb,cand_6a89107f3738cf6e5ca18266,paper_a462119ad795fec5ed0b
T2_NUMERIC,3000,471,sfti_d873b090bcdfd64d1481f306,cand_f368cb4373ef4bf01afd5982,paper_4dc2eadc3749a7660e20
T2_NUMERIC,3000,472,sfti_1edbcb5bb378881ddd80b0ae,cand_a28c0cdc42979d73c1648ed2,paper_d9833886b4d05e7f2e35
T2_NUMERIC,3000,473,sfti_1074eefc0692c5a6b5498f18,cand_023503b6286026166ee0b3cb,paper_da0c94aa9e114e114416
T2_NUMERIC,3000,474,sfti_0386490f350e796d49b69aa9,cand_75cb1c39397c159cdf1525b5,paper_f268a30c446bf23e6318
T2_NUMERIC,3000,475,sfti_64deb234b047690fe5c144a5,cand_3510b63809c402b457242d63,paper_27f10dec8047a843a6ec
T2_NUMERIC,3000,476,sfti_03d5a64874b52407c06ae556,cand_4c8ae2d6d2af2919b6267448,paper_60859c18d1b677dfeea1
T2_NUMERIC,3000,477,sfti_b2d995b82161c0736d305a8c,cand_b4d5f16d0623b8aa6e4523ca,paper_76ea1bc753a6f3bd627c
T2_NUMERIC,3000,478,sfti_f1dde874687c54d7a4875cfc,cand_0a8df280cf9a73e70442265f,paper_1d196ac13fa57b930414
T2_NUMERIC,3000,479,sfti_c0411bff4a54798e4f8926e0,cand_76307a4b6469162523db8544,paper_523bf9cac06b97bc6deb
T2_NUMERIC,3000,480,sfti_76012ac70255e72975d82b9b,cand_a1e72ad51e0a6eb5a1cffd8c,paper_5402d0c9bc6929b9ebbf
T2_NUMERIC,3000,481,sfti_b59e54b6cc7bbae09c422a68,cand_0689be2b9dd3a651146be598,paper_011f61f82937545da1fe
T2_NUMERIC,3000,482,sfti_8561ef46c31a28975e6807dd,cand_0e9469ebcfb78970faca7ceb,paper_d8e4d2ebb449ff45541d
T2_NUMERIC,3000,483,sfti_761bd9981964f43a58bdde77,cand_7d040800eaf9514014b21c38,paper_a10b7a021d06c267c421
T2_NUMERIC,3000,484,sfti_94dcb935379591f495b5550b,cand_1403a288801a49b2f475367a,paper_a3ba67ec77c49d653ebb
T2_NUMERIC,3000,485,sfti_d00eb0b26d9c94b613ac3318,cand_1169773cf4ae023c5f073781,paper_78c0ed038711160919ae
T2_NUMERIC,3000,486,sfti_4dfa5694e6b5575519838743,cand_c11c9238c7dc77fe36cbcaf9,paper_aa476f4b57cf73cdac62
T2_NUMERIC,3000,487,sfti_483c326c9c5b4b2522b2721b,cand_6369a66b18024f6b3184dde1,paper_31574d46962b0f0e1fa9
T2_NUMERIC,3000,488,sfti_3849fbe402c03e9add8a23ef,cand_3d472ddb0dc301b0714d7580,paper_49853d61ac9e78b09d27
T2_NUMERIC,3000,489,sfti_3920cf5c520461a8aec85081,cand_e773defbc90b291a30daa7a4,paper_4d0337b843a1c2be1c2d
T2_NUMERIC,3000,490,sfti_5ff7082b77f2f83da0542617,cand_a00501678809b95be5e4ac76,paper_204dc0c975ccb06e9f3a
T2_NUMERIC,3000,491,sfti_76934c344a7fd5a2a1c01759,cand_15a42ad6178f7b4f4527d3af,paper_32d318d230fb473bc762
T2_NUMERIC,3000,492,sfti_520173a39d8bbc8aed4d10cd,cand_78a3d44a09043aa2ee732586,paper_df87e85f2ad904ecb786
T2_NUMERIC,3000,493,sfti_40d25e87f867054b2268afe4,cand_4e22aad99891d184ec79f710,paper_3a30f676a58dc9a464f9
T2_NUMERIC,3000,494,sfti_4fa51d5be300a6e1f2e6dd9d,cand_207a89645c9a823cd3d409aa,paper_a0adf00e90a5c04d75d5
T2_NUMERIC,3000,495,sfti_0ac1f2d80fa54f2500d6dc3d,cand_73aeda60bfe4bf22c232b175,paper_abdcf3b1f6f194333726
T2_NUMERIC,3000,496,sfti_9414e43f12ff829fcf0d6060,cand_34663292e0e90ed377e89a92,paper_cdcf8c0ec6e244c9da7d
T2_NUMERIC,3000,497,sfti_9eb846b0d063299bdc7e7314,cand_2c700df34dd34fccaee76816,paper_62c06fe656b0bf41bbe1
T2_NUMERIC,3000,498,sfti_dc158cd8e65dec1c9188a93a,cand_ac7449a248763f906a6b4316,paper_4b85962af18143d5abdf
T2_NUMERIC,3000,499,sfti_12a8db229af62ec744b367ba,cand_c0b161be5cf6db803ca94bc0,paper_9ecf94b62655b1c23adb
T2_NUMERIC,3000,500,sfti_f7a5d189ade8f9cbfcb8d292,cand_51c7326c188a1ef16f5776e0,paper_47024cbbcdb16ac50eb1
T2_NUMERIC,3000,501,sfti_22e04e157580b0bfbecb0c0b,cand_f0c0d8266e077030a7fc68b4,paper_ccfcdd53b9fac7e46b8c
T2_NUMERIC,3000,502,sfti_0ba901017b134fdb155725d3,cand_5b4c7653791a5d8545c2bbe9,paper_8ba295c2e16a973f8058
T2_NUMERIC,3000,503,sfti_0aea7ab8053431764aabbe19,cand_3cd03b64dc41d80361345d8e,paper_9744040006c757b714ce
T2_NUMERIC,3000,504,sfti_a1415b6f255938dfcd95e7d3,cand_0698139ea69c2b97dd2eb7d2,paper_4c38206e083c0aacbc47
T2_NUMERIC,3000,505,sfti_4051102c4698f7d1273da219,cand_3d81cdccad56c6d97cbee52c,paper_e134753847abd81208e2
T2_NUMERIC,3000,506,sfti_b6ad88af9f938dedd3394c6c,cand_146d7b1ae4a89d0bdef118ef,paper_cbd6f37a37686d0e5adc
T2_NUMERIC,3000,507,sfti_3327cbc12ff57b78a4c55e0a,cand_e41753113847dd14a938ce6b,paper_4da9480afde49d0b39b6
T2_NUMERIC,3000,508,sfti_b5f5d81173deda2f708e3479,cand_ff20e84dcaeff2e368330061,paper_edceda0c326e8eb1ac2d
T2_NUMERIC,3000,509,sfti_d2dac2c9cf55a68545e97de9,cand_80e87047877e5eee39437765,paper_789a6d1ad075245bcb69
T2_NUMERIC,3000,510,sfti_03fd9a763e77efc4f53140e2,cand_a93715d9ba0d6193702459d4,paper_27cb55815739afd98af7
T2_NUMERIC,3000,511,sfti_4f5d90bead78e87f10a77ece,cand_9ce19d60aa4ca976cd2ba61d,paper_0ed9f754b3e6923e604c
T2_NUMERIC,3000,512,sfti_35b9eb40ff7cc265a4c0a095,cand_badc3d6955b556e93e3c6285,paper_946d4c2b5781949689cf
T2_NUMERIC,3000,513,sfti_dbd3d7de8b0ddec1cfcdbc8b,cand_be5facc2717e7d56aed9aee2,paper_b06cab9034f967174a3b
T2_NUMERIC,3000,514,sfti_a0128d06a7b21ebeedfdf27c,cand_bff8c89cd6b6851a9fdf3b45,paper_97acf7f1735788135ab2
T2_NUMERIC,3000,515,sfti_774227b2d2aefae8067cfc0d,cand_beea126f345af9d4cf0d46e1,paper_8887b871f470f66c3361
T2_NUMERIC,3000,516,sfti_0198823a0b01a84e55675b21,cand_3f6bbfeb0403335e07ae38d3,paper_8bd9081f061e68e47e08
T2_NUMERIC,3000,517,sfti_9a7d3a9e3c4ccd78d7649bf1,cand_fd3b761cc9c36cd442bcd67f,paper_aa20e44800f1e436506d
T2_NUMERIC,3000,518,sfti_e6f3e778a57e7bb943530691,cand_a2c5ee8816c99f7c29ad7e48,paper_0048220346024fc71775
T2_NUMERIC,3000,519,sfti_a6c899a1200053f7bfbaffd0,cand_269237f7d080b1feb70dee42,paper_b78f0ad273c0f3734d07
T2_NUMERIC,3000,520,sfti_cae505717b404708c15bfe3e,cand_1bc22997729f6c45f6c45c62,paper_7d9f28a4e6c574da1959
T2_NUMERIC,3000,521,sfti_bc5a8c94254bf19cc68bc8cb,cand_2a739bb6b65e74c204d72c8d,paper_ff9b82de434c6ec0f4b0
T2_NUMERIC,3000,522,sfti_92f01eef288f9f314b37da54,cand_2458e4b51ae1255d4f18cca3,paper_8d683bd872e36ab148f1
T2_NUMERIC,3000,523,sfti_752b3782c221b0e8e4c18f3a,cand_bab9df68dbb38365ce9946f2,paper_e0e569e36087955e0b06
T2_NUMERIC,3000,524,sfti_2c571654dadab3542c8b9afc,cand_23b53ede8cf34045cdb72f20,paper_cbcccf219bd7c6074e8f
T2_NUMERIC,3000,525,sfti_9d8381ffc68e53818796437d,cand_03791114dcaab14474cfaaae,paper_e15473cb8033ba3e230e
T2_NUMERIC,3000,526,sfti_d694b161521c1db07fbe13ba,cand_3660c29f35e08104ad845238,paper_316995de6816ef27d70d
T2_NUMERIC,3000,527,sfti_3e01873e64431ec7f1a8c4a4,cand_fc6e270f6c2e8814460371c5,paper_1a1142f66516739f76d7
T2_NUMERIC,3000,528,sfti_b5335c33f5f17d58f6dad386,cand_d1afbc907613db922b3d265f,paper_427c674a5ba07d6d0b9f
T2_NUMERIC,3000,529,sfti_eb81c3c4e428e9962ab58bff,cand_92d487b4a01479eff89c132f,paper_2a6a270bb59934ec3ff6
T2_NUMERIC,3000,530,sfti_eb43e84eb361cac3865fc23b,cand_899a99d240ad90bac300375d,paper_48bdcdab69ea39f7f2f1
T2_NUMERIC,3000,531,sfti_cec8a5f167f1631767117c1a,cand_f4ce52d06aa5a41673914321,paper_5b0673e9ff09192b1dee
T2_NUMERIC,3000,532,sfti_2b132b72f2964f8979561da5,cand_803dc3f9a382ed444d41a240,paper_8fe005ac3249a086f07e
T2_NUMERIC,3000,533,sfti_82c9371cae4c7f2028b6c949,cand_d426fca4c11a34324d9eed7f,paper_f7fde946891c3a207f64
T2_NUMERIC,3000,534,sfti_75826d34d49237535e1f5b9f,cand_9d0c925708a756dac6029f49,paper_71207db0d83368572f67
T2_NUMERIC,3000,535,sfti_8ab2865188391145200b090f,cand_406489abd060c863e89cb380,paper_8e2073558413f59f9196
T2_NUMERIC,3000,536,sfti_ee2e0261aef5e0f073c43876,cand_03e50c835c7ad945b3b2fc6b,paper_a26ecb38a15492aa8b60
T2_NUMERIC,3000,537,sfti_a5e1a876921097cb67af6015,cand_9443d759f00ca7408ad2c7d4,paper_8dafbce5fb34e25f3bf6
T2_NUMERIC,3000,538,sfti_6e3526412e39f18aa619714b,cand_9b702a662950f67c0887c06c,paper_6d2c20d9a4b4a6edade7
T2_NUMERIC,3000,539,sfti_65d3e0c9ae5be33724ffc611,cand_e2d97274856ec322159e2a29,paper_2990213101a302c6829d
T2_NUMERIC,3000,540,sfti_c00d990b550b609a1346f9e4,cand_e672180cd73b8c37aa983750,paper_6c5c6b112e0865b22bb2
T2_NUMERIC,3000,541,sfti_30a01ae818d1fe3af0f785dd,cand_3341d10b70b9a16eb1ee7fc1,paper_74e1a086c8cbbca52bb4
T2_NUMERIC,3000,542,sfti_5b7fb6de1951543b02f17b35,cand_496600b4248442c1014f8829,paper_8b945006f5be45871ad5
T2_NUMERIC,3000,543,sfti_fd275e3323116d241f94a640,cand_01202e6c1bf6959b6b11abc0,paper_ff9bcddc9e61e49488cd
T2_NUMERIC,3000,544,sfti_3d4a8342105a03ac338a2f04,cand_126a4145a42aa6f89f43ab52,paper_a0cd7ea49cb2b30a2c1a
T2_NUMERIC,3000,545,sfti_8791ec0ed0c63aa799c4d23a,cand_c20ff5cf6e244a26ff0b0c22,paper_87f744f573ecdefa9ac9
T2_NUMERIC,3000,546,sfti_c728a6e4de41fa2c1cf65377,cand_aab1499663a123bb1c2fa9f1,paper_54666dff53c384cd7509
T2_NUMERIC,3000,547,sfti_57013b049a5dc80f29f2bd01,cand_57eac68cded051fe4bd4974b,paper_303091be2da1043584f5
T2_NUMERIC,3000,548,sfti_c4a6412e0aff2df2707d633f,cand_b18de216642ab8f5ba560e51,paper_c6717e49ec3e5a60cde8
T2_NUMERIC,3000,549,sfti_5d228f1c879cfe7351849b21,cand_11cd77bf0321ca5c8a3e85bb,paper_fcaf441cb221e2b6404c
T2_NUMERIC,3000,550,sfti_26cdae08ac56d616db06c6c1,cand_8f606919ca0a0a2ca2852c11,paper_ffb77e56b0c059fd6ad0
T2_NUMERIC,3000,551,sfti_da61d29b9caac0ab9a86063a,cand_6064ecc68fa60f2a85407acb,paper_92169ac77d0b042008ac
T2_NUMERIC,3000,552,sfti_83748dd0a69ac4b9fd8a66bf,cand_1f9b94cecc50802d2e466c6d,paper_83d6440ad70ea0a7d858
T2_NUMERIC,3000,553,sfti_5b2adc40ec1052cf6606b44e,cand_f962822a160c5bf9ee1abc5c,paper_b2309671ad25bdaac8dd
T2_NUMERIC,3000,554,sfti_c9ca72511dd62be7fa8f21ec,cand_419c932d253fde9c7c652c58,paper_eebf3854a3fb0b3a28f8
T2_NUMERIC,3000,555,sfti_bc7e03c7ef2b5e3e7cd736a6,cand_6425c01f73d839f4d1aff1de,paper_3f0e855d24d6dc79c1e3
T2_NUMERIC,3000,556,sfti_77b7a6b8db17ef3c6decc93d,cand_8723b02e87758b9f7c82df42,paper_6aeec59adf7bbd4cde2c
T2_NUMERIC,3000,557,sfti_550812768a8c027333866f95,cand_d809a8f6f6525ff40df11342,paper_7734cbe4a04d563059d5
T2_NUMERIC,3000,558,sfti_632cc1e7e268401c22560eb9,cand_f3005b9f290e76bddf487807,paper_8bb002fe8cccfd64ca1e
T2_NUMERIC,3000,559,sfti_2865593d0647b2bc9c136e42,cand_206427fd73fcb92bcb321314,paper_8691c723d50c80ac5bef
T2_NUMERIC,3000,560,sfti_db87d53f145bc6714fd3ad6b,cand_74f9922595dbe8a5e3da8ca9,paper_bd359ec88ae2f7b2171b
T2_NUMERIC,3000,561,sfti_83c92b80476f5a1976d40ba8,cand_3180ba6aae5bb901e9e46c70,paper_1372d5c8a2a6b2f5439f
T2_NUMERIC,3000,562,sfti_ea3ccb166a3c7c6eb88efcac,cand_d41a43655ce5f69fbe296b0d,paper_f3358996f1aa09154e84
T2_NUMERIC,3000,563,sfti_fc3cf663155fb3e2a3ef3633,cand_19df0cab4b777d9bbd7f406b,paper_1e65e9d0a8786fa0982f
T2_NUMERIC,3000,564,sfti_41865e12e006ab3c6078f61d,cand_c2ee4acb6f1ebb967cfe6d30,paper_54e89ad05f8c4b91f7ea
T2_NUMERIC,3000,565,sfti_4a112caccecd5ce59610907d,cand_054e186f6b6aee8ccc85110e,paper_f601e8a12be51a3dd8e1
T2_NUMERIC,3000,566,sfti_902ba131ab14712a15150c87,cand_209d2ec4de1f242aae236368,paper_72149d18c080d4a16b73
T2_NUMERIC,3000,567,sfti_30d2a3cbb4ccbf4983c14379,cand_52049802897e6e4c7b598e08,paper_0475da2955b53fdb6606
T2_NUMERIC,3000,568,sfti_fb716b7128bb98553f71dcd2,cand_e91106013a5f577832a0029f,paper_950a799313e78c49d6cf
T2_NUMERIC,3000,569,sfti_476b81e7d4157ad70a639c1c,cand_aeecf950f51876e24443b372,paper_d21f5d7ebe96b45203db
T2_NUMERIC,3000,570,sfti_a86a8925bcf2026bed0c473e,cand_2fa79dcb213a2c0e9552b0e2,paper_70a33f00de4d371b40b6
T2_NUMERIC,3000,571,sfti_c465f504aad9142f1d4319d3,cand_07c14859abb4b469dfeda551,paper_4611789ef7e3c08c3ac9
T2_NUMERIC,3000,572,sfti_6eb05df88d928e8216f20634,cand_262e1eced27a87ee094cdeeb,paper_ef33c31cea19815c1c79
T2_NUMERIC,3000,573,sfti_570b0752d775662bbaace0a0,cand_bd4eac4986605da946693802,paper_6a6a4f61a4cef808023f
T2_NUMERIC,3000,574,sfti_3ba55b7675dd40d8c99e3a89,cand_336d5104d3fc0a525d009dcf,paper_7b8afc890a3e2f1390fe
T2_NUMERIC,3000,575,sfti_1855285efe7d9bf8a0498161,cand_0b2064cf94e2fad3bcd10317,paper_f45797a88c262068bdbc
T2_NUMERIC,3000,576,sfti_9ae0b53897c6542ddb98a58e,cand_6af1f3b66bb3eb79047565df,paper_1457112dc99c723c0947
T2_NUMERIC,3000,577,sfti_a53e11429350ef7f5b15d6bb,cand_ca72b22865ee7bffb459ee13,paper_80d36bad09e524926b91
T2_NUMERIC,3000,578,sfti_65d98eccc35d19a43c90f379,cand_93ba75a482aaf2300e2646ec,paper_64f6bb931de628c36b22
T2_NUMERIC,3000,579,sfti_76cbef1bde294ad98ee9f4d9,cand_12ee04584685235122161b50,paper_ad960a099664c9384385
T2_NUMERIC,3000,580,sfti_f11c9d04762a5e026621280f,cand_47c0bf25be59b1b158bf1856,paper_44e0d5bcb4ae4c4e36b0
T2_NUMERIC,3000,581,sfti_1c6c2422c8036ae891c4b626,cand_8beff4083018d6bccae23c20,paper_879cd01f80e1e8f539ed
T2_NUMERIC,3000,582,sfti_c137fc80b289896b12444f01,cand_529070337d3eef46981d1216,paper_3b63921dc7b40442b746
T2_NUMERIC,3000,583,sfti_c8f70f30dc766450b23e03b7,cand_80f0e537e9b64a43bedb2f22,paper_9d036f816105712cf14d
T2_NUMERIC,3000,584,sfti_74fdda88397dcc19bed56306,cand_40fb2a1b22efcca18580ed1b,paper_c8ae2c8db4e9cbb06f0f
T2_NUMERIC,3000,585,sfti_735fd6d35025cdb90121d189,cand_385cba0b5b8b1a9673a1181c,paper_5cfd274b7e7db8058b35
T2_NUMERIC,3000,586,sfti_d8c94ffc5b9999228bc9a06a,cand_2e994be2e03be247c62850de,paper_29263f13859eec1bb821
T2_NUMERIC,3000,587,sfti_4cd846886a9448dd4de96f88,cand_5e2c72201b5be0e9b1be7822,paper_66ca7dab0efb8628c218
T2_NUMERIC,3000,588,sfti_73179c2ea798fbf77fd07d67,cand_05389b8628e80cbb4d227796,paper_19daba2982570ad40c44
T2_NUMERIC,3000,589,sfti_16d7f287b8e5a1177b8cbd69,cand_358724fed84980f8042a9cd3,paper_775561e5dc791ef2cb02
T2_NUMERIC,3000,590,sfti_8754774980732a6dfe5cd09b,cand_ad97eeafdd6976cb4bac2a00,paper_4135aaa949a7342e60c0
T2_NUMERIC,3000,591,sfti_6cbc1806f4be463ce4de11a5,cand_f409578753beb3087a9d9a68,paper_d416d61532bdecbfaccb
T2_NUMERIC,3000,592,sfti_3275b9faeb9e663ebebd67e5,cand_73c4e4f165f2a725471f48e0,paper_814885c7706c9991ec46
T2_NUMERIC,3000,593,sfti_bdef996d0e78a3edaaa59920,cand_92c261d49a601a99dc5ec192,paper_c12924d3071f576e0c31
T2_NUMERIC,3000,594,sfti_fdee62d8a2a0ff0e0b88762f,cand_8096276118117b7849aaae38,paper_0d660ed882f95ed7cfef
T2_NUMERIC,3000,595,sfti_8ae13568cfc8cccf567f67e1,cand_57e947bb0521556882886df9,paper_94c7e4b56b7cb18769b0
T2_NUMERIC,3000,596,sfti_9233b813e1c964a6bd87dc32,cand_e8a1707537a9267416095eee,paper_4b3e2d7da58e94877ec3
T2_NUMERIC,3000,597,sfti_7f0c2d6643c935f645fafb93,cand_1331292e627336706dcc240f,paper_a426e3e98e6061d7b10b
T2_NUMERIC,3000,598,sfti_38629ae58680f4394f315288,cand_108817a80bbb30e13715ed6d,paper_33d29fa4c709b83e9173
T2_NUMERIC,3000,599,sfti_d26aff17146d26097ac4ded9,cand_d56670a90b67212def10f930,paper_57070c9df2bbb7169952
T2_NUMERIC,3000,600,sfti_4e70f1a009f4a124fe9ef633,cand_f726cd41e6157a34afb8eea5,paper_b8ddd96d66bc3769a35d
T2_NUMERIC,3000,601,sfti_ce04d05e39e15c446a8cf7fc,cand_db7046cfd9ee0a6df4c2eae7,paper_cc53b0e72fd307d78825
T2_NUMERIC,3000,602,sfti_10bdc88eb814231d482250cd,cand_e442ee18b22f5c66d4db8043,paper_105b9b987c104bf5cb6f
T2_NUMERIC,3000,603,sfti_2f92511b2ec4f1971297479b,cand_c7b222fb6a041c21c87b1f3b,paper_41ca79d98776e33910af
T2_NUMERIC,3000,604,sfti_871d1ea43c16faf67bf86d09,cand_26244ae2e3204a1bf2da6e30,paper_888d630bcdb565561a56
T2_NUMERIC,3000,605,sfti_0fb7b4844bdd5158b707277d,cand_2b446fd28c6190b0a4892e1f,paper_09975f20216dae5ee14c
T2_NUMERIC,3000,606,sfti_775c0e0bb69e8a099636dc68,cand_e0192d136ab5058263e31feb,paper_f127962446e96a02507f
T2_NUMERIC,3000,607,sfti_5d002282fd7b6113cd0ab040,cand_2391381ca309e695c28ae17e,paper_a18c3e1dd508021eeb67
T2_NUMERIC,3000,608,sfti_6d035e2ebb08cce3a5f4ca44,cand_c4919611f25fdb74ffe823e1,paper_4b2d4a71a16ea1e9c2c7
T2_NUMERIC,3000,609,sfti_20625219990eba79d2f3669c,cand_2b62f019faf754b234ec8d76,paper_1bcacd02dc9d094de149
T2_NUMERIC,3000,610,sfti_8a6e9ad31b9a34b1a44371cf,cand_219d1443570ecb29aa75a104,paper_a321253be2df8e289b95
T2_NUMERIC,3000,611,sfti_d9fe2f28cbae7579934f5fb8,cand_f89c36111d3ba36026227ba8,paper_772843d89b24948dd741
T2_NUMERIC,3000,612,sfti_b4ab7a4682501429af518f07,cand_49b679cfa2b497e074097b75,paper_bfbee9103060405ddf4a
T2_NUMERIC,3000,613,sfti_0d5808cf60d3ecc078324b8f,cand_da46e83ed990201287577d8f,paper_5a2b4cc8b25bcc431e57
T2_NUMERIC,3000,614,sfti_84f9146c1988db1c51909a1d,cand_baa5c5b0c783bc3623e8edb3,paper_8af876bb4b710a9e6b04
T2_NUMERIC,3000,615,sfti_3ed10707a12e08add28f6f2c,cand_ea9cfa914cb3e68c49572765,paper_5d67a811c441e45c0ef1
T2_NUMERIC,3000,616,sfti_b890321e58d07dcd59e502f5,cand_0ae119b3946106df0f718d64,paper_a9b7cccd95ca07156fb7
T2_NUMERIC,3000,617,sfti_fd6acd0bea54d971204dfd72,cand_806dee20df149807ed6abec4,paper_22e2b4a6a3827317eea9
T2_NUMERIC,3000,618,sfti_74fbf28449c56aeb35763f6c,cand_4f41f3b3ac3ec9cd0041f770,paper_13fc56a51dfe60a5074e
T2_NUMERIC,3000,619,sfti_c60c01d32d8826b2e80fee03,cand_925e8e2cf77a58862c5d7ab1,paper_3d161fef9d71e18b98ab
T2_NUMERIC,3000,620,sfti_fe4c0f2d1493f5eaffe01c88,cand_ca3ea874c35d69d49a43144d,paper_b8edc7930b5c5f8e22f4
T2_NUMERIC,3000,621,sfti_9dcf3709b097fb4225eec718,cand_68d825f2ff1eee68dc1dc5d4,paper_42ede648fd3ee44ee32c
T2_NUMERIC,3000,622,sfti_3d3f44a11c0978e8acd39ca8,cand_58dde538201b47c3d8277f93,paper_2cead7bf3791c2b24bcd
T2_NUMERIC,3000,623,sfti_784a7cbc3c3624e5bcf57c86,cand_ed54183bd27b3de1ada1233a,paper_cd430a12c79af147592a
T2_NUMERIC,3000,624,sfti_481c0d659fa26c7409dc26aa,cand_05ae5f8f1d97d1a5288d181e,paper_f58eacffb09f17790ad5
T2_NUMERIC,3000,625,sfti_c9f1fbf82e1a8491d8a2dbe2,cand_7f97f2c78acae13e8476c191,paper_b32b648f3c2ffeaead45
T2_NUMERIC,3000,626,sfti_b9d0ec196ba47f573c5ff72f,cand_a6e37e9b64f9f03b0a58c115,paper_576d45aef8ed66b05849
T2_NUMERIC,3000,627,sfti_e5ea3da12b3d40377f3136cd,cand_c89758fe28ea7008465f38d1,paper_89ea92aa5842a2c088a5
T2_NUMERIC,3000,628,sfti_f6c945a1a60d7d0e7662e8e4,cand_9fa8128881a749768ccf829d,paper_654a44c8e94205f86a24
T2_NUMERIC,3000,629,sfti_a342370e2d8f0e9d4975dd08,cand_ab0d6163943df448b0fb3a78,paper_3d61da838c57a1fe15ef
T2_NUMERIC,3000,630,sfti_7e243082f2e25b847be64ff9,cand_db004c8e15cb08fcfddc919b,paper_9cfcfcd2ed71c0ca6a56
T2_NUMERIC,3000,631,sfti_243006e0bbd01dde7271853d,cand_0eb882ff63af1319a6a6d7c2,paper_33df1a35a12b14084cbc
T2_NUMERIC,3000,632,sfti_cf2fbbb5904c52d7599e78fa,cand_142a9f6d7ddae81ecefed084,paper_8c08bcd6a22c0c9d7824
T2_NUMERIC,3000,633,sfti_09c1e2276993ee4d2e45ca6f,cand_4b96fa217e53d850c363030f,paper_8313683e31ffdfb17404
T2_NUMERIC,3000,634,sfti_1738d26fc9c8144abdbef48d,cand_11775c53d51704dbb27c0ea6,paper_8378092c91046db513a1
T2_NUMERIC,3000,635,sfti_7bb94837261359d5d3c7edd9,cand_e58764759feb53bde883b1fd,paper_178d19045333bd4d2565
T2_NUMERIC,3000,636,sfti_9c9050a1fd555725f910c328,cand_2d727ef4aaa829a18e3b10fa,paper_72aa787d4e6e06cdcaeb
T2_NUMERIC,3000,637,sfti_43e74972e89dfe72f0ae82c7,cand_7497c7017ee3f27aabcda1ae,paper_fb7b63214de684b2f11d
T2_NUMERIC,3000,638,sfti_c3df4cf3723a30b3958364f3,cand_8c1ba35ceca866de32d0afcf,paper_155f03396b28757938db
T2_NUMERIC,3000,639,sfti_feb5bd020c51de420d83f70f,cand_6ea9bb95ce24610bf577ea1d,paper_a687762c5556fb915b19
T2_NUMERIC,3000,640,sfti_12d53e6a872acfb76171eac5,cand_951a5e92d962b150df1f33e5,paper_3c32c12bfdc4fe56f015
T2_NUMERIC,3000,641,sfti_3f85d9bce5e997d03be8e642,cand_38cba36649a577b304ceb144,paper_d390a5f36458d70517fc
T2_NUMERIC,3000,642,sfti_5bf7bf5e98a948dde223bbde,cand_1b72da10c0af497287c7ec7c,paper_871172d21a3f1d64dae1
T2_NUMERIC,3000,643,sfti_8b64854dc3e36d4e4a16ba77,cand_9586aaa1f8b04a34f9fbbf12,paper_0e8628887f1d22aeb17d
T2_NUMERIC,3000,644,sfti_0d81e775217e38ffb9efa469,cand_aaffa88dcdec662e8be7a84e,paper_70c25393cf57bb9d618f
T2_NUMERIC,3000,645,sfti_5885de076ab9ebbad897643e,cand_83fe18b00c340dd5ea6bec4e,paper_624dd7d7645dc4e39220
T2_NUMERIC,3000,646,sfti_8b3e46968d85434c72dbbf8f,cand_323e5f4e09a9bf7920f26257,paper_0ca1a64ca43828e8bc89
T2_NUMERIC,3000,647,sfti_27ce429463860b0ab957d3ff,cand_46ccaac179759c2dc72fc2df,paper_dce85d264393d934c1c2
T2_NUMERIC,3000,648,sfti_83e2f3ac04503c055c176f48,cand_44902ce2c1e42c16809776ad,paper_720b22498f414f802bbf
T2_NUMERIC,3000,649,sfti_8feb8c82a97126f7dfe6e4c3,cand_09ea1578644eab7a5abc0525,paper_2a77513d8432605df47a
T2_NUMERIC,3000,650,sfti_5fdb34edc870d9fae94bead1,cand_b2e4c4d3e9c17c6fe78c33db,paper_cd7bd86e9372991efbcf
T2_NUMERIC,3000,651,sfti_97f9f01157104af011a324d3,cand_7c8a112cd5133c0044faaf00,paper_5349ecd090956229107a
T2_NUMERIC,3000,652,sfti_08cd95599c83a5d87e89bb3b,cand_10892d0571224e2d112e17a6,paper_da44c61204fbe98bc3c1
T2_NUMERIC,3000,653,sfti_66aa94878de872e76195c8fc,cand_2b08afc913c442dd09b4566e,paper_0c8fe79b1c0c17ae6ae2
T2_NUMERIC,3000,654,sfti_9de22c56b5e13d56ed6f9e58,cand_320f477b24830927ebcf2bbc,paper_ff188907dc0778979d1c
T2_NUMERIC,3000,655,sfti_6f8dc88715e38a367cc3d060,cand_b523e6b242ad20bca9b9211c,paper_527a780511b23ba51453
T2_NUMERIC,3000,656,sfti_8e49bee054f15a1ef394d09a,cand_23c9a6402951d73b75693293,paper_0962973634343215e4d9
T2_NUMERIC,3000,657,sfti_2817b5d5c93f5f74ed2f87a6,cand_98b7ed3add2ae9259667b04d,paper_8ccd91a72bef8f3d8945
T2_NUMERIC,3000,658,sfti_febd5e62aa0e0cf3eec29fdc,cand_4f8e4fff1dc7025497b18fee,paper_ceadc9933a3d9d4c5c07
T2_NUMERIC,3000,659,sfti_ea6d378de6160b662f420284,cand_89890f4bd6eb30bf9e755be0,paper_c70f3e6133978235b579
T2_NUMERIC,3000,660,sfti_44193d82cacfcf2f6cf40886,cand_8842b0867f0c10db9e27fcb9,paper_f1d7cd92d2e39bad89e7
T2_NUMERIC,3000,661,sfti_dd316732f55702f449ac9cc2,cand_a8e40ed810d0983ce78e7d0d,paper_54c941327d5770443b5b
T2_NUMERIC,3000,662,sfti_c907131e2c65384801d95624,cand_83f8e6fe741064368205487e,paper_43fcd55dc92a638d1039
T2_NUMERIC,3000,663,sfti_bcffda123c697f74f0f7ef44,cand_21d40b2a076fd3c5bb66f0e5,paper_c2c1d5f2b1e1dce72557
T2_NUMERIC,3000,664,sfti_d1e8af9abf43176ea92d92c6,cand_aaca60e6c0f59a76b38d5882,paper_30665dd11d87f523f8c5
T2_NUMERIC,3000,665,sfti_51a60a1eacdbad774c22aa70,cand_67e4f0baeff2f9909b555a0d,paper_fb3ca2b9915274b899b1
T2_NUMERIC,3000,666,sfti_03b493e101864913543a1dca,cand_fe7198b022c44e95230c3ba4,paper_ef887352855c8b0457da
T2_NUMERIC,3000,667,sfti_05a0bb023b1a0ff080587077,cand_d9af7a76390993409e0f4c28,paper_bd4546a641a1bdd72a78
T2_NUMERIC,3000,668,sfti_6e4ae8f3d580d036cbbd8627,cand_7bf594f49f34b7b3f9d90e91,paper_5d9ec214dc67ffded139
T2_NUMERIC,3000,669,sfti_4e0012188e494ccba0769802,cand_54135005767bdf3a7fe1edbd,paper_7ae0d732d9684142659c
T2_NUMERIC,3000,670,sfti_9b99ef1d22d83320308aaa18,cand_b8cf1911e7700c76e8e0214f,paper_e6973e2b099a57d76505
T2_NUMERIC,3000,671,sfti_b4ae81f844a63b5a2ea695c8,cand_a9b8dcd63fd113f5b9ab26cf,paper_bd33e8fd432779663ca7
T2_NUMERIC,3000,672,sfti_438e98b1348b2f335fc73b72,cand_debe6b7559373a0909587791,paper_37a7e2db9bbcaed1144d
T2_NUMERIC,3000,673,sfti_6c7b02819d33e2aa1c589634,cand_cbe75174dc731d080847c4d6,paper_4859ded345b5dbd2b97c
T2_NUMERIC,3000,674,sfti_10ea83d489c4dc5285c7c49d,cand_52182647383a989b83b080f1,paper_19d6d130654a2931c231
T2_NUMERIC,3000,675,sfti_04136a977f66b6d69b2ecd6a,cand_8693738faf833135d117aaed,paper_2632347fc19d40ee9b79
T2_NUMERIC,3000,676,sfti_cf02093d893555863203a37f,cand_941d39f48c6dd005c08ec356,paper_bd3299bd8d04dbc1f635
T2_NUMERIC,3000,677,sfti_a1cc1829c46c5f96b939660b,cand_d905b34a4210909485361545,paper_77c64d4a9868be28d5b9
T2_NUMERIC,3000,678,sfti_35af6d4a6cbb0f0bae33f63c,cand_de5a0b7124e4676c9a4d92d8,paper_8754a14fda22035d6860
T2_NUMERIC,3000,679,sfti_c701d0f04c0edc82215cbaeb,cand_3f95a5d10b6b69f6bf714f6a,paper_7485d66327d3f92e041b
T2_NUMERIC,3000,680,sfti_b655587f74a27f2545f821dc,cand_baf05d05cd6c781472c12559,paper_8b46e4cd6754ee0428f9
T2_NUMERIC,3000,681,sfti_3a72d8650c61f158b7dc752c,cand_57bade73a56752eb8141f465,paper_3824e02ea70998383a7e
T2_NUMERIC,3000,682,sfti_59bb996ba65aaf009c42e18c,cand_4146d191b77591681ef95058,paper_8a13100af2dfd41eb756
T2_NUMERIC,3000,683,sfti_801d05b95a96759d922bff6e,cand_a9d4ba264dbd4aacb51bc514,paper_036120c861457dcce7d9
T2_NUMERIC,3000,684,sfti_fb2347617f29bef8995b0647,cand_e58ea76509ddfb1bf3902ff6,paper_bf328a6639cdd954adfc
T2_NUMERIC,3000,685,sfti_54d3d246ba5ea9d3773f367c,cand_69a2f9e3a923885b9694dbf4,paper_5ccb84180e28ca26531b
T2_NUMERIC,3000,686,sfti_94b7885e31592ec0c0491c97,cand_2d1de876ee160dd9bd9c8c7d,paper_251e893761028cd925f7
T2_NUMERIC,3000,687,sfti_a9748025fb5a311707edf703,cand_78ee56ded8ed4d84dfd786b5,paper_28bff144273ff621c448
T2_NUMERIC,3000,688,sfti_a0056f881212282f672bf0c6,cand_a04a90e041ef9e4c8d916d12,paper_d664bf3efe04a2cc2688
T2_NUMERIC,3000,689,sfti_77e0e28dc2e172b3917cad9b,cand_86afc7bed636ae3db1069f1b,paper_90f76598ff64ace34b11
T2_NUMERIC,3000,690,sfti_8b0627f89ea5e47010f14b8d,cand_9ee9f5d56a16836f30e30141,paper_cc76a19258ed00e477ce
T2_NUMERIC,3000,691,sfti_980f9aacc2fff6a7b9cbb783,cand_88d17c4eb0b4dfe68894fa13,paper_ff210780ebf46f6c43d7
T2_NUMERIC,3000,692,sfti_1a802defe47c1c8a3897a731,cand_09586a5759d2c79b5dea8572,paper_bc441e9581da32646cbe
T2_NUMERIC,3000,693,sfti_42631140d687f65385a301a2,cand_bddf2a949a4e014dd1248701,paper_19b61bfed1e7420aa0cb
T2_NUMERIC,3000,694,sfti_4333f1e11d09a0f20e173cae,cand_a2f9dd4addd4e6b319a8e72a,paper_a3eefdee2e6756587843
T2_NUMERIC,3000,695,sfti_2edbaf938ecb2ae13f3cfa40,cand_0f1087bfa3c861efc8fac5b7,paper_521a166cf33467abb4c9
T2_NUMERIC,3000,696,sfti_c64aef54ef06afc54237c140,cand_7853d3e5e58a10d3a23ad357,paper_91d141d39bddc018a22d
T2_NUMERIC,3000,697,sfti_b9299043fa9b8afb7eefcda7,cand_4d8c683db29cd43e1184f60a,paper_44bc96df746b0dabdfc1
T2_NUMERIC,3000,698,sfti_475b54cacd21307a09aab62f,cand_09a20237605d5b280f326405,paper_d5d65745a63e07efd9af
T2_NUMERIC,3000,699,sfti_11fb5ecd7078a7e28637e1a1,cand_09b4a3e67aa3e99f9335a9bd,paper_e5dc74b751031ccb7720
T2_NUMERIC,3000,700,sfti_6e68a9935baea362c0d6f70f,cand_858be4fcd319536f26035ccd,paper_432eedb7b5721b207e27
T2_NUMERIC,3000,701,sfti_c0bc0b8feae5a48ce8262363,cand_3fcf739c27d29fc95da861d2,paper_fa3071671d8d8d7ea55e
T2_NUMERIC,3000,702,sfti_b46d630cd8e20f42a503de0e,cand_bfaa584fb7371397f251c83d,paper_a448b4f3a849af9cad96
T2_NUMERIC,3000,703,sfti_4d7a36d538714aad076717ad,cand_73d1bade21eb250c5b735e5d,paper_4a02daf09222671bb343
T2_NUMERIC,3000,704,sfti_f01b7c921a52072e5a599f40,cand_73b243c621dea073173ebcad,paper_eee7ac052c3ad5dbac4d
T2_NUMERIC,3000,705,sfti_7c970fae3afff78742bcb260,cand_904e4a5e924f924bd6936aaa,paper_1573d812af2dce87ef91
T2_NUMERIC,3000,706,sfti_b50d7c6c91aea3dbacfdf829,cand_4ce80a083dbe39ae49ba0a62,paper_06216ba1fd679f581e9b
T2_NUMERIC,3000,707,sfti_b7c1e77bf0c4e6dda1768633,cand_65c30bcb21f47c6648b942ab,paper_5fefae153331fd9cc0e9
T2_NUMERIC,3000,708,sfti_43d2dc3660fc2dd1289a339b,cand_c5df596140a235d916f2632e,paper_c2ac44375b1d92f4f814
T2_NUMERIC,3000,709,sfti_68bfbc710615910ad175171d,cand_cb53544d56b8f58d6f1fbc50,paper_56467e511c7c5531b99a
T2_NUMERIC,3000,710,sfti_1f56b415b7529573a02c0a3c,cand_c09a9a05e1ba708928485fa0,paper_c493ee04650e24bc9262
T2_NUMERIC,3000,711,sfti_ead1963584cdeb41671d6cec,cand_a700eca99bab25b3940095cf,paper_336f39b2c3d001757e43
T2_NUMERIC,3000,712,sfti_e8584a46d27716f06f7ce76b,cand_e166e8853d6e7a4357bf3563,paper_90b73384b7f4312f3880
T2_NUMERIC,3000,713,sfti_37d76bf55af8acf430efe239,cand_66d69f0ea07b6ba4b8162529,paper_6ffe7bc6827797347dff
T2_NUMERIC,3000,714,sfti_465b626973c1e29f883ff28f,cand_10b2f03c2179dbdb0ce08e72,paper_4e8617b2de076d610f2d
T2_NUMERIC,3000,715,sfti_01e6a7d481b2185decf3151a,cand_804206d9c06c6cf4dcd160cc,paper_065b61f3c3a2aa5dce46
T2_NUMERIC,3000,716,sfti_033a3f8f3c2cd45b89090b3c,cand_55369d22291f8cf277a87057,paper_cdadb1e14bce744e6547
T2_NUMERIC,3000,717,sfti_4abad35c871730462e031307,cand_74979082d4cf583acdd2637b,paper_ce55e30ff5f95d5e96ef
T2_NUMERIC,3000,718,sfti_3d8887786ada159756a55b83,cand_89e9b08c7a51376f5798a313,paper_ae239eecc5d7ced94f2b
T2_NUMERIC,3000,719,sfti_6ab28597688851249912418f,cand_b95d58297d192549a35c4177,paper_890343a4524e020964d0
T2_NUMERIC,3000,720,sfti_2a0c4a742d43de75b3804635,cand_aad78f335f1f6077059e9a83,paper_2a42f1ff9bd9c93161c2
T2_NUMERIC,3000,721,sfti_03b976fdb74a45a23342a238,cand_0ab816b3d97408782e37f75f,paper_3fd6b65e358d7c3c8e29
T2_NUMERIC,3000,722,sfti_39fd0e000a0a834de645174c,cand_d5332e6d1b172b86fed43b35,paper_356f10d0ab2550ac5a9f
T2_NUMERIC,3000,723,sfti_ef25601d2684aa4b8d1350ae,cand_d87505c3e08282cfcf7b181e,paper_6937cc47e2b2f2fc2447
T2_NUMERIC,3000,724,sfti_b93a8e940558ad6d0a0b38bb,cand_56d7fa4999065c76f3067cca,paper_0b4dfb06065388f00cfd
T2_NUMERIC,3000,725,sfti_442bb26b3614e6c15fb83a02,cand_122623a07dbec0bb8c308a1b,paper_02f7f943c282b24bea61
T2_NUMERIC,3000,726,sfti_cd9863b20f08beaf4b2acf7e,cand_02ee3a2e9d62e835d9b8aa80,paper_a99200a23f30fc79e362
T2_NUMERIC,3000,727,sfti_ab86b68426168db070518d65,cand_bbb3894f43e4e1cc3e7c3408,paper_1e6221d350bec18f02d2
T2_NUMERIC,3000,728,sfti_48232b47b5e179d4db9b6039,cand_e0c678cd99191f81e17786b5,paper_e979bea55b68466950a5
T2_NUMERIC,3000,729,sfti_3ce195d92ae99e0f5fc60118,cand_b0f480172ca0750e573be663,paper_3002a48c3ad4d8b7828e
T2_NUMERIC,3000,730,sfti_309adc1a2c8ab297bc2b9820,cand_92d3a1bfe28100f1fcd3cbec,paper_b00e1ebe06b61db493f4
T2_NUMERIC,3000,731,sfti_0163768efb9569c89ed69d46,cand_c103d970310e85cb6d5dd855,paper_af8ba896d46f910daa80
T2_NUMERIC,3000,732,sfti_55963fe60456d8bbeaa21862,cand_0bc10d21737defc71b979776,paper_a07be0b922a6a4d5a1e9
T2_NUMERIC,3000,733,sfti_67a8b6a912196410bd676526,cand_b1c3904e8c5fba8aa50d86be,paper_5bfff58e2d219b2f51ec
T2_NUMERIC,3000,734,sfti_3789bc63db2bad7e307c4636,cand_9397b7b927f703f395baa55b,paper_b3d33d8ef68936f98277
T2_NUMERIC,3000,735,sfti_ddcc784bcd73f8e4fb61a580,cand_70b23f196f10f6b53dbc2148,paper_cfc832cf29893a5c93be
T2_NUMERIC,3000,736,sfti_fc477e1a5a8513c975cf5e77,cand_2c255e0e7e2160d77ed5c2fb,paper_1b844234ac51fc5e241d
T2_NUMERIC,3000,737,sfti_d0bb61c63224842e3d771517,cand_95245554a0dc291075cfd9ee,paper_c8f09dfd076f3e2b5a53
T2_NUMERIC,3000,738,sfti_330156cc5de4f22068ee97f4,cand_b2782593f0848e6544069b38,paper_d552f1c82ca1263f1680
T2_NUMERIC,3000,739,sfti_dbfba5f75418c0841d20374d,cand_c79e6c1ec1c9acaa304abb26,paper_52b24e4b78c3befdc508
T2_NUMERIC,3000,740,sfti_5a9795dd11afe5715a3619e0,cand_b1772ee143851bb7d40cc04d,paper_c332c59b62a7c6bc99db
T2_NUMERIC,3000,741,sfti_84e0aac5c6d511f3f38fd8cd,cand_2d02ef36ee36ed43a1ec5c32,paper_5072f1c6202eda6da90d
T2_NUMERIC,3000,742,sfti_4d4762ed3ea8a134f5274d61,cand_422d2d91efb068c16306c65d,paper_b1cf5c1ae7bd5bb2f927
T2_NUMERIC,3000,743,sfti_6c7b5826998d9719c285d81c,cand_6e6de3b0dcff631130762050,paper_3b2abe7e7bc9f7b43e93
T2_NUMERIC,3000,744,sfti_4678ab87555a4e80028b63f6,cand_ffd25f32310e4cdbed6f50f9,paper_0c8802876de96d138888
T2_NUMERIC,3000,745,sfti_7c6d4262d8db3b79f61b456a,cand_71cbc2e85d87fb45f6a37937,paper_2e5a03834a4cdece4a66
T2_NUMERIC,3000,746,sfti_1e6fe249da6817a7f571c265,cand_7508b8eb3786018fc8ea91ec,paper_e67419316565cb79b105
T2_NUMERIC,3000,747,sfti_456767ba91a939aa7c645e46,cand_814b815a0e5ee07eb7702139,paper_fe9da01c92833fdf2b4f
T2_NUMERIC,3000,748,sfti_a16349939599193d0986e201,cand_c7bf1d1e00aeb0995d0eaf84,paper_0a6c690dca5ed2adc9b5
T2_NUMERIC,3000,749,sfti_898b83bf3ee60b95e46b9e0e,cand_bc4cab3d4e367856b978de6e,paper_899264c07796c6d9aab5
T2_NUMERIC,3000,750,sfti_4f8550f744ad050c9add427e,cand_81e05676b5d75466c653296c,paper_b0a953422591639eafd8
T2_NUMERIC,3000,751,sfti_b1ba3816b5d799ccafa481fa,cand_8d3e5daf03518ee8d6d12ce5,paper_8700bcc123dc5d3b937a
T2_NUMERIC,3000,752,sfti_eea0ee2d04b1cdf078615805,cand_958ddd04483b1a0dd94977c5,paper_c15832fcb3eb74f0db4f
T2_NUMERIC,3000,753,sfti_dfdcf1fe349b162d48afd049,cand_6c5028f7daa611aabd455a35,paper_b77b159f8f12131d26af
T2_NUMERIC,3000,754,sfti_7fbf465479388119634fd3f0,cand_dd659ef51b6c1be3c5c7ed9f,paper_2910bf55c20bb603f151
T2_NUMERIC,3000,755,sfti_0cd4ce1ced6af935eb729117,cand_45e1b73a5718400158cf1b7b,paper_1734f2d4e8637ff96940
T2_NUMERIC,3000,756,sfti_ebdb036042f221e31b542557,cand_cd5936277d11a0d19bbb553a,paper_20f430853797efd028b9
T2_NUMERIC,3000,757,sfti_0912965d0cd412fc251c5c59,cand_234ba63725886e4261696479,paper_e66ace61c008f0ebbeae
T2_NUMERIC,3000,758,sfti_0a73464d42a4b8ec13e87489,cand_60042e95889a7e4bb958fa33,paper_8395968a688a8ba84b76
T2_NUMERIC,3000,759,sfti_dfc6d6136df3f2d7263c0840,cand_557fb1a6ecdff87c95afe776,paper_c24dcbeeaf0e0de9dae1
T2_NUMERIC,3000,760,sfti_7bbfdc8d36a7307776d2e903,cand_a9ecc7a7991343daf8c46b9f,paper_66cbcc9c22c0c4d645cb
T2_NUMERIC,3000,761,sfti_92ff550344adc0b5e2685bec,cand_be23b46ba6f72c6141e3e22b,paper_22518db42557aa33c075
T2_NUMERIC,3000,762,sfti_ee091669165a2b7a6f5a76a4,cand_70274c6d61393a70ad6cff47,paper_29631482265a23ae9c5c
T2_NUMERIC,3000,763,sfti_5fafa97782faf6ec7be9fa64,cand_392a6b205882e65a4f3ba913,paper_782f0a0f6237b3871019
T2_NUMERIC,3000,764,sfti_d39937a0efe7d3a00c1a34b9,cand_27daff95e3ee36d1c79ce76c,paper_b77cf25cfcce558611e0
T2_NUMERIC,3000,765,sfti_e9e57296127ff294079b97bf,cand_db69677eed07a256defa82c2,paper_0053bcca6f8f67a57ad5
T2_NUMERIC,3000,766,sfti_7e5aba7c62118427c0d33ae5,cand_b1a3326e4cf36f47827af623,paper_6942ae89b7ad7f833112
T2_NUMERIC,3000,767,sfti_3e572c25b4b19b31747ba7e8,cand_7cdc6cf28e7536d3c13fe568,paper_e9451b99f1bd10a70827
T2_NUMERIC,3000,768,sfti_282b73ba2e7b28a5d020cb63,cand_7ecda870d13f2305aebf8a11,paper_e92614718c7b5ee969ba
T2_NUMERIC,3000,769,sfti_d63f9dc2e1b9531265eb90c5,cand_a4a4ba9b580b0d9baf788daf,paper_c9545a7faa3c0ccf935f
T2_NUMERIC,3000,770,sfti_e88080b3f5debf6079e1d881,cand_13accda743cbad8e93417cd5,paper_28b41abcd26dc4562ec3
T2_NUMERIC,3000,771,sfti_5fc98abc4a9cc20bd36f4a07,cand_091f59f32db4085b74ce398c,paper_964e9a4598bfe6895f73
T2_NUMERIC,3000,772,sfti_edc4230e2f8a7456df5f0757,cand_0166bbe5f022bc976493284f,paper_ed1226d165d2ad665a0d
T2_NUMERIC,3000,773,sfti_0a3466377b309fab2797b176,cand_6b9e8300a52c2421617480a6,paper_e9c48eb3301ebda88216
T2_NUMERIC,3000,774,sfti_e231e5761bec499f2baf2bb8,cand_c297f761fc22c2215332408f,paper_8ff54d2a19ffa09c6e44
T2_NUMERIC,3000,775,sfti_b963f4fcb0cdb5e61ae30969,cand_3ad6db4246947ab4cbf22d29,paper_baf7e482899e4dc7153e
T2_NUMERIC,3000,776,sfti_9667087c5db96d4bfd27e52f,cand_bb024bf881df7b9c9dbc526f,paper_0b8596b48a890a9f2feb
T2_NUMERIC,3000,777,sfti_8de2fff499aa929a6008d08c,cand_94df0d06c7543b81ea2de880,paper_bf59dfbde51b13c41d72
T2_NUMERIC,3000,778,sfti_3a521092942dfb5a4fb64049,cand_b4cc75c6b49f138f1a31c240,paper_32f9f4fea8cbf3bf5a54
T2_NUMERIC,3000,779,sfti_7735d88bb85424b792053504,cand_2c4133de18ed30fa73b96eb9,paper_2c4e6e492f2def8cd020
T2_NUMERIC,3000,780,sfti_af37bab962395b4c0c304cd7,cand_a32ba4a163ea631679e7a434,paper_11a21ed88cf7ce283fcd
T2_NUMERIC,3000,781,sfti_3edd0966dfd78de8c388c499,cand_7d2657c63032c2b169ec9810,paper_5ca5aa1d06192397111a
T2_NUMERIC,3000,782,sfti_17628aaff0679ce02de8b762,cand_d51d6f777a26fddc29e9b4e2,paper_62ba056f9b96eb71a5ef
T2_NUMERIC,3000,783,sfti_8d2d2c8406cda233bc7133b8,cand_307f27137c2a095f0f7ea1bd,paper_07f0e3315516c7475a67
T2_NUMERIC,3000,784,sfti_6ab7ae53c4c36ae45c4b0c82,cand_3f54ecc53fd59887ebfa6cbd,paper_97aa61ef09c6239ca708
T2_NUMERIC,3000,785,sfti_1ea7340d0d2a399be6eaf30a,cand_8351ae5e2b85a3d79d7f4d3b,paper_36163f27241605cac35e
T2_NUMERIC,3000,786,sfti_5650cb7e1a8f064dba9067b7,cand_380b13a4fff2f78be7efa11c,paper_4cbcd513356a1d2d7b3e
T2_NUMERIC,3000,787,sfti_52f0a68ed06076a4501e84e7,cand_24488073eb477611ba7e3394,paper_09b9fe96046cdf192d6b
T2_NUMERIC,3000,788,sfti_1f97b8fb552c500bbd27d107,cand_c92f82ea3d6b3fab474d831b,paper_7d5aebf7dad543650e12
T2_NUMERIC,3000,789,sfti_b019d84ef0c6072e635da343,cand_a893812f7fb4e78c2c429f95,paper_890ef2be2fd45f1127d6
T2_NUMERIC,3000,790,sfti_e2f520b7db6b4a7b77e7f9cd,cand_6095d72869b7173657974cb9,paper_bc82aaaf60e66f5468da
T2_NUMERIC,3000,791,sfti_622a13f5e26157d62feeef0e,cand_802d2d3f2f5954d649e698b8,paper_8c89891cdaa55dcdff15
T2_NUMERIC,3000,792,sfti_5d0ab790e66e42a978bac45d,cand_8f2b2433cda3f29be70cfeeb,paper_97054b57472bb028ae26
T2_NUMERIC,3000,793,sfti_bb30e1e235bb2f2fcf0b4d72,cand_c1d50c53cf417fa1e83c82d5,paper_366543203c025501ed60
T2_NUMERIC,3000,794,sfti_4b535aa45ea25ef10d17f9d2,cand_686e22b276dacd13f6c2e57e,paper_6730bf81b0e9dacc6f71
T2_NUMERIC,3000,795,sfti_853a36f84832284d91ac9edd,cand_33ba564473fb655ef38849b1,paper_2d881cb8d1a1376b394c
T2_NUMERIC,3000,796,sfti_3260fecea6fb03c53288a451,cand_03e9f087dd681fdbb1c798fc,paper_908b6ec651f9c3279ecd
T2_NUMERIC,3000,797,sfti_eef4d0b26def65842de87cf5,cand_04ff87f463322417e2ae457b,paper_4f31c328a7c95c22c4de
T2_NUMERIC,3000,798,sfti_f9d75db9e2e70912a54435d8,cand_ec5e8b61482cbf469ab6e288,paper_545b45f788f24062a345
T2_NUMERIC,3000,799,sfti_190fb4609a5faf9caf5e3aa7,cand_788e26ca69500858fd4acf1e,paper_ba893a0b287fc0db68c1
T2_NUMERIC,3000,800,sfti_29f29ab2413ae2b6f19da62a,cand_3884627e81ed728c45fe5667,paper_5a9b7e5a9f7c8c1ba166
T2_NUMERIC,3000,801,sfti_09de17d1811d7bd06d578d6c,cand_c110f60c54241f666fc9d29b,paper_fea55ea95297375b89d0
T2_NUMERIC,3000,802,sfti_e240f9ac954b1d1bc1b25938,cand_2ae39535429e0b389afe3e6f,paper_61b3e2b332fc7c0c5fac
T2_NUMERIC,3000,803,sfti_e92ddc639b4c3c8893a3c3eb,cand_45f909b8475f274d7d85c09a,paper_94955909662fc0f4ebf4
T2_NUMERIC,3000,804,sfti_b10d27d40eebfa16d458e0c4,cand_10bb2fb1f4deac90b61bff02,paper_0ce613e2f32acae68fe5
T2_NUMERIC,3000,805,sfti_d228d2ea279dcc60f3450cc8,cand_5326c1e2c412cf3d682cd80f,paper_166727dca4c31311fb06
T2_NUMERIC,3000,806,sfti_ad461ce5ab29c36d39a28480,cand_d7096c5dae439ff91980592e,paper_3b5376f517a21dde4409
T2_NUMERIC,3000,807,sfti_e8a4e401aa1975a7b96a443f,cand_5f8d4472441db16d118932b9,paper_5adcc8e2ca04bcfc87d9
T2_NUMERIC,3000,808,sfti_8fb8184cbb70581bf2557c80,cand_825134df9daa2177a104ffeb,paper_50eeb1ec2837eb632dc7
T2_NUMERIC,3000,809,sfti_2f37ea5678f93181d6a35320,cand_efdeb1c15f8d57d282a0dfba,paper_2175732ba55339f5c6f5
T2_NUMERIC,3000,810,sfti_4790d9293cb840af5449301a,cand_8f9c0ea20114ccf0f8659259,paper_86c706cc7c1b31c5b704
T2_NUMERIC,3000,811,sfti_6229696b79b9c6700efdbb89,cand_f1c57af72018b5b95a4f8eb0,paper_d4ec7d296adf27d47a89
T2_NUMERIC,3000,812,sfti_3923ba7573c56079ab356958,cand_287b20178c51c571c055d618,paper_5565b4dc086c1ca4d22d
T2_NUMERIC,3000,813,sfti_39b72ab14e701c3199380a32,cand_159aa783c49b67c82d5a6971,paper_a9dd875727810e20e480
T2_NUMERIC,3000,814,sfti_6eff0e37d20dea11c3cce848,cand_b7709073582002252fe0ef83,paper_cd99825e674af93f54a0
T2_NUMERIC,3000,815,sfti_cb26ad9c6ba73deb21f6a61c,cand_19c9c32f99d182ec5509817b,paper_23dce9b08be913b037dd
T2_NUMERIC,3000,816,sfti_c95f2ee43f741806d8fdf888,cand_5b46b9734874eccc629b17e4,paper_d1e6094c69cf04df5d74
T2_NUMERIC,3000,817,sfti_d74bb7970c729cdd06086b40,cand_d436411dae957c3b1aa0a41a,paper_0e42ce275b00cae15eee
T2_NUMERIC,3000,818,sfti_decfc04cb60042ac32ec45e6,cand_b77dd9342bfd4a2918a4b3b0,paper_671daf0e5afd51aed570
T2_NUMERIC,3000,819,sfti_8baa7d62616de04e58a7b41c,cand_de36e9ef54a615c487fdb838,paper_b9c2648598a28dbc45e5
T2_NUMERIC,3000,820,sfti_aba390382bb7c36e36ca2c11,cand_cad472567802af61a44a84d2,paper_d0057ec9692b59e85878
T2_NUMERIC,3000,821,sfti_9afcff2ae4ce3623e867278d,cand_c78d54283f807ba31fb74798,paper_e0741239e6b4af7e9060
T2_NUMERIC,3000,822,sfti_a80716e55b250b202fd6de97,cand_879732e63ab851cb3961e4cf,paper_75028984950c883d55ee
T2_NUMERIC,3000,823,sfti_08f47b4ada69f73537a1f5df,cand_2c60d54115e3f9f76b88c969,paper_d0635a46f2116c940eab
T2_NUMERIC,3000,824,sfti_941e66c08a5ceaafe59284c3,cand_152941f6f95a3771b546fb7d,paper_a0f697f2769682f05941
T2_NUMERIC,3000,825,sfti_37725e91d6d83fc027e328ed,cand_dfd2b8ba7b949b6bb93e9fa2,paper_85c49445cc84be9508d8
T2_NUMERIC,3000,826,sfti_63aec893e49c76fb52b7439d,cand_4b3ae3782c628296da55a7d9,paper_6cb01085fce48cd8b2e3
T2_NUMERIC,3000,827,sfti_1a41002f7334936d7af09a2d,cand_b1a4bca1faeaf2c0a67d3798,paper_15fe252af04f747cd417
T2_NUMERIC,3000,828,sfti_a92dc04f9cddfabddf4fdc53,cand_15d0e898ae20623ab725006d,paper_aaafd1cf52290be1e187
T2_NUMERIC,3000,829,sfti_cbc87b1a63e5731dc5d57382,cand_a6beec765b6ada02f626cee9,paper_0711aea5c961dd8c374d
T2_NUMERIC,3000,830,sfti_02d689a06ae298eba582c267,cand_f3a0527778eb79f3295caf2a,paper_b818e1ab3266976a8db9
T2_NUMERIC,3000,831,sfti_9045b4aeea43004d57409503,cand_3a22573a9b2090bc508d9c47,paper_36e100af2733ee6a2ae6
T2_NUMERIC,3000,832,sfti_18c8d78e5ca0ec8f7d99bc36,cand_e36a9d4a98b0992f421848eb,paper_d62c80d90844c772db99
T2_NUMERIC,3000,833,sfti_b8784d4670cff6d38fe10afa,cand_bad5bcbeadc3003a69921c66,paper_9638a9b9407457710066
T2_NUMERIC,3000,834,sfti_2ffb83446a554dc54b485ae9,cand_baa933696d072b4eb2d3478c,paper_c7495d7c09eec5e52ed8
T2_NUMERIC,3000,835,sfti_c61f1d3a9de1d540c2a5e0c1,cand_376a407e19b0c897dee5502a,paper_f8503ebcd0d534154ebf
T2_NUMERIC,3000,836,sfti_712562096b5df964567bb493,cand_15a2eb50d5adc950c9cad116,paper_f30f6ee41d1bce340228
T2_NUMERIC,3000,837,sfti_834ab71021ec74e2a3d517a1,cand_88414dacbfe2f5aa1bf123a0,paper_c49ccb174fbc496a5b58
T2_NUMERIC,3000,838,sfti_c8fe2ed9c5d202c336a933fb,cand_e0f8ecbc40052bf91370ac05,paper_083fa62561b4443889cc
T2_NUMERIC,3000,839,sfti_d92f8a7dd62cdbf21963e259,cand_263b1b6b761696955cb2bb1d,paper_7aff078d2e9781c2b640
T2_NUMERIC,3000,840,sfti_9a048197c7474a163bd5912e,cand_8de026e16a39c1673cf7e198,paper_ce9dec4ed831452472f3
T2_NUMERIC,3000,841,sfti_a9970da699805199200e31a2,cand_4feef60cc719892913f681e4,paper_f75a51877cad3bfac087
T2_NUMERIC,3000,842,sfti_e9315fa1721460b680fe3cb4,cand_7d0377c6dac7891dd88b6672,paper_fb4e7a3a63bf54771fa1
T2_NUMERIC,3000,843,sfti_50f45f0d470e98dfa5aa0109,cand_1ab07ddfb3aa29e97fc75a6f,paper_169d152bd78e1f0e9b49
T2_NUMERIC,3000,844,sfti_a7a46c5f0e41ffb0de92de0d,cand_b2a5a8fb14f430db76f7b330,paper_370b9de0cafa2df70ca1
T2_NUMERIC,3000,845,sfti_f1e6a43fd91dca29a70f090d,cand_9283be90efdb4a3b2c36de87,paper_27881da4624b6a406df0
T2_NUMERIC,3000,846,sfti_588510c3c457fcbc41664149,cand_5630b037abfba6a2e77113c7,paper_b12e54a4828575cf2d3c
T2_NUMERIC,3000,847,sfti_da07557b42b4b9730b09d267,cand_1d90dfd7e776d3f75a452904,paper_8a5acc89d7b1cbb5da6a
T2_NUMERIC,3000,848,sfti_b49e34e48436ab4ca5227025,cand_3f16edacbe133133a4ceaf25,paper_39dc0e0683b33639f89f
T2_NUMERIC,3000,849,sfti_4c2f55f019861d49957e3d47,cand_e20c85d02834c30c5293f23b,paper_b4060e490d5e7ece7232
T2_NUMERIC,3000,850,sfti_7454e3d377ac1545f5d51b0d,cand_076bba20898e42c63e5d708a,paper_60df40936b7a7b4cec2d
T2_NUMERIC,3000,851,sfti_54b600139730432cdc45c83c,cand_e4bfb660689b309870eb5f96,paper_9fe3574541257f9f6861
T2_NUMERIC,3000,852,sfti_f9fa21db4d9d5ed72dc65ac4,cand_b9956785fd7d556c738c2777,paper_2fa76b57fa652824daf1
T2_NUMERIC,3000,853,sfti_42098779d997402e57e93f99,cand_358f2d259607b28c1292f50d,paper_e5d9d6c267fc21d77d2b
T2_NUMERIC,3000,854,sfti_4798d3752f03f869bb9e5d2a,cand_bbccdb992f98365f75293022,paper_2a5e403c4e09f892efd2
T2_NUMERIC,3000,855,sfti_183990448bae06d57eff8b1c,cand_835a8b5f0ebfdba70dd5dea3,paper_fb930d159272344a0721
T2_NUMERIC,3000,856,sfti_dbaf620a4a579fbef1e77e5d,cand_9b9e87ebac010c448dde9af8,paper_e8cec3b5129bb5312ae8
T2_NUMERIC,3000,857,sfti_46e3af7a81697610a8260787,cand_2062926257dbfde8d525412b,paper_74360882a4fd3ef23b19
T2_NUMERIC,3000,858,sfti_b8a8ae10cf1d4f3f1e274b45,cand_84de91d6048bae6268eae043,paper_f381f9a0a52c01466fef
T2_NUMERIC,3000,859,sfti_b520a6969acb4d40585af095,cand_89809d34e8ad79c2f455f0f7,paper_8a046c008c29850c937b
T2_NUMERIC,3000,860,sfti_16b6b2ec2d1ef5d10280ee0f,cand_5addbc7329a7b4a7ee1049f1,paper_5e4f95cfed598276c079
T2_NUMERIC,3000,861,sfti_506baade8528141ba8477b66,cand_7975be5d4c8f8237e457accc,paper_3d90170a02ec76d9ceea
T2_NUMERIC,3000,862,sfti_d05f7ad360089423408d2cbb,cand_8503e5d5ad69a0033e3e1d12,paper_2f0ed310f194dc58ba32
T2_NUMERIC,3000,863,sfti_987cd4170d7df1bd12d80bd1,cand_e179c485ba173d339330f27f,paper_df45d253c3a9b25b03cb
T2_NUMERIC,3000,864,sfti_d2231ebb5fe74c1ba47ada05,cand_6138df70aaa8c2e95a7be03a,paper_be916dbf47bd1190bfac
T2_NUMERIC,3000,865,sfti_2541cbbe92c6fc2f7bd7792c,cand_e0dd84bbc347c67ac247293e,paper_67f4876ffc226b423149
T2_NUMERIC,3000,866,sfti_3ebe5c26c924e3f8e4c260e3,cand_583d695f8f72c64a55d000d3,paper_f65e1cf061dc75a3b817
T2_NUMERIC,3000,867,sfti_6025091b96c681678e00ce31,cand_3a064084cb2390b38d2a4005,paper_36276ee9d44792005ff8
T2_NUMERIC,3000,868,sfti_a580c188bf533637b0ad5e36,cand_f57a771952382c0e79b37296,paper_83a94f1c88011ed1464f
T2_NUMERIC,3000,869,sfti_ec4262132d541940b40e8dee,cand_61aa2d5b37636994907acea8,paper_2fb2efaeb9b40547dbba
T2_NUMERIC,3000,870,sfti_ecb3ec93368c69d22e8b13dc,cand_7c16d8cc7da5f15330372220,paper_0c9b21dc345f17575dc6
T2_NUMERIC,3000,871,sfti_47b144e5d06653384268202f,cand_73b2b11ea425e14856db3196,paper_6aabe31ff814c94de9be
T2_NUMERIC,3000,872,sfti_49f704b20d909e38b0b8a082,cand_9043afb7101504a06006dbda,paper_817baf95fed9d0fdcad7
T2_NUMERIC,3000,873,sfti_0c301cbe1b85ea0869dcedd7,cand_e8c1ee3d025046685bfa2071,paper_5ce355c8f4c399651bf5
T2_NUMERIC,3000,874,sfti_dcdb79a83f31505ecd19878e,cand_dc555e26252eb1279d3ea4fd,paper_f958223ca2563b6c2ee0
T2_NUMERIC,3000,875,sfti_6db5ee15519eef4ee3faefa9,cand_4235cbb906c9ec71ae1d7bb9,paper_d5bb0856ca7695b7aedb
T2_NUMERIC,3000,876,sfti_9b3b6258aa7fedcfab85540b,cand_2bf3dc80aab84e851092e006,paper_ee17b77f49c39b4459ff
T2_NUMERIC,3000,877,sfti_5ced1eb6c35d715fd843947a,cand_8ef241aabd1247ccab827851,paper_229a70bda75d65e03878
T2_NUMERIC,3000,878,sfti_6b8cba05bec6f555d0c3c6b9,cand_938025bfda311269c27461fd,paper_171bbac0ef4b02866477
T2_NUMERIC,3000,879,sfti_d8ddede2d487cc5bc66ef146,cand_c0396ab5971e910717a452ee,paper_083453b34b1f4bf3a511
T2_NUMERIC,3000,880,sfti_ca6583528f5aeed09747ac42,cand_46553b088b2bb11f990b4217,paper_c88fa716da4fb68afa81
T2_NUMERIC,3000,881,sfti_95cbeb9964a05884e5c7ed49,cand_6b7f2544e3252dc9a20896ef,paper_6549ab238decd77f0d36
T2_NUMERIC,3000,882,sfti_cc9c4fb9fe0853a97fb16030,cand_26f1cfe2fc5bfc5005d1f562,paper_d82adf03b07ce22c3b54
T2_NUMERIC,3000,883,sfti_099a8077b363b30e0ec5a829,cand_64fd81597014b784342fef4b,paper_2b56bf1fad41ce819b04
T2_NUMERIC,3000,884,sfti_1acc034f3c87757d875cc4eb,cand_e3bdeb9aec1f7d842261f655,paper_2f4030b1e5c2b75fa04a
T2_NUMERIC,3000,885,sfti_de2c6f87be0a6a050dfbd7b3,cand_067e8fe4695883295981075d,paper_974fb714ec6870c7868d
T2_NUMERIC,3000,886,sfti_421b03c13ed140fff779b4c3,cand_4d3eb6c111d4e92e55c5a303,paper_d0916bb0e72843b26dae
T2_NUMERIC,3000,887,sfti_72ce7087e5c9405087cf6f3d,cand_e15a58ca697850f051b2899a,paper_0b034a0d6b0a5bf01d4d
T2_NUMERIC,3000,888,sfti_f0f592cf7a503c6456740eaf,cand_d7f8015d830a5c0e7fff3c8d,paper_7dba6cb3e3d5e86994a3
T2_NUMERIC,3000,889,sfti_f57ce9fde345ccad364179dc,cand_fa5c2f2f2ba7eb115451f225,paper_9a54738a99b16009b844
T2_NUMERIC,3000,890,sfti_f4d8c08b180f7e0c2a995abb,cand_4356d05d686ad0980d896bad,paper_76b5dd38ce3ab801e549
T2_NUMERIC,3000,891,sfti_6aef79ec459590fc820e515f,cand_ff08a25df1c776a2688c7d50,paper_4fdf48b1c1f6829863fa
T2_NUMERIC,3000,892,sfti_bd226f962db4e8934e7ac094,cand_cab65ba002932223d124df51,paper_89fda2b1fae52af29ea2
T2_NUMERIC,3000,893,sfti_a8b85dbf015285267f77b0cf,cand_d1f4df61aa938de6eccbbd72,paper_1929f7cd87eef5deef5a
T2_NUMERIC,3000,894,sfti_9ff4c08abae310783974ea66,cand_7e083ceeb5bebb482300ca45,paper_660368a4127cdf5bd6ee
T2_NUMERIC,3000,895,sfti_d201762446d6c6ee24b2db27,cand_248b9ccf072f9b475d5c43c1,paper_664bbbd2927cf5a8c793
T2_NUMERIC,3000,896,sfti_a9df0e4fcfe1807e3be1623c,cand_2305be9a33c7e20b0ead645e,paper_81b4e1ea1b99d3abd617
T2_NUMERIC,3000,897,sfti_95e5608627d71d7ddebcb843,cand_010db06989369eeef00e3cca,paper_bc125e70842da3448cfd
T2_NUMERIC,3000,898,sfti_bab9e8fdd4dc545635a4855a,cand_660418e641b3c7b2526326ae,paper_3e108b41eee96bc84a73
T2_NUMERIC,3000,899,sfti_a2499b48f7b1bd19180c1819,cand_756c34cee01872c340f46636,paper_7aaade949bb14c05bfe7
T2_NUMERIC,3000,900,sfti_6f674f21f56905d723793919,cand_76edb526b1c3678a0b69ca2a,paper_8e32e74457d3a767dfc5
T2_NUMERIC,3000,901,sfti_9f888db095bd2327da79eeed,cand_1d74352fa90a891f4aee3bc5,paper_4f1ab823cfd9f70682e6
T2_NUMERIC,3000,902,sfti_82a3b8d87d6fce66e81d92a5,cand_18d7c8aaab4af2af45fb846b,paper_89e5d5d70972f39a5320
T2_NUMERIC,3000,903,sfti_b820cd0f9914a0080210ed0c,cand_3daa7849dea1791be74d2cf4,paper_6bcf74cbd6b92531a34f
T2_NUMERIC,3000,904,sfti_e5cb817ee848999c863bce88,cand_c4efc7de3c8693c8fee0112f,paper_6a3930f614a5b0685194
T2_NUMERIC,3000,905,sfti_9b20d1efe9f8f8acbdfc4a0b,cand_65c0fca01eed7de0062c39ed,paper_0199bd2da3a1c6ae84f4
T2_NUMERIC,3000,906,sfti_819ffbc18087f6602dfb8301,cand_5745bf0de3ae5da483e21924,paper_b90f1d01f87532c03ee1
T2_NUMERIC,3000,907,sfti_faa4c23e0ff02f63f5e79653,cand_93a46d14c6054593c86ecb7e,paper_69f7388134bb5baddc3c
T2_NUMERIC,3000,908,sfti_1b83edda2fb51889a1f9789d,cand_de6596f52aaa5bfcc9967126,paper_063a8027d8086e50cb66
T2_NUMERIC,3000,909,sfti_033df64c19ccb0bfbac36d32,cand_3ab717a1a58ba9852ee73636,paper_258756920680bd1f8b41
T2_NUMERIC,3000,910,sfti_4ff569bede8068856f0109d7,cand_c9d62cfb3ecc8ad8194586c7,paper_92969607871cfe57fe43
T2_NUMERIC,3000,911,sfti_4650f784f3c43b2c1e3dac12,cand_5c7b86f4ff9f32a0eba9a226,paper_0c794859356c0884a5e4
T2_NUMERIC,3000,912,sfti_49aba48aa3347375f33e9f15,cand_57d6aca90775703bb75c8619,paper_7249aa5b34be37b5061a
T2_NUMERIC,3000,913,sfti_ac1d0f326d73d4e7253f4d64,cand_c6e6e30303f97a93c0fac7f2,paper_e3892e7e8caa66ec339f
T2_NUMERIC,3000,914,sfti_1ed97b4a907748bcf173d282,cand_1e98382e0f197bc240cda8b5,paper_5cb8db5c0d334bb45ec9
T2_NUMERIC,3000,915,sfti_190c0537bb2cc15511400069,cand_cc4d132fcb83aee0245dddcb,paper_c883fb07780c18c56d51
T2_NUMERIC,3000,916,sfti_ddf01610eb86c252ece41933,cand_e0bd4449b0c6106baf8288b5,paper_369353ad961a699d2837
T2_NUMERIC,3000,917,sfti_cc87e4128c0cab4ad33e7ea4,cand_314dc9111c30dccb1e923ed3,paper_8c839b9120e4ee048bb7
T2_NUMERIC,3000,918,sfti_4ff1e6566dc26081215bea4f,cand_6517276c2cd2e9a57623f73a,paper_2cdf2c4c1a28280b7e7e
T2_NUMERIC,3000,919,sfti_a6b67ec30dec135091c9b672,cand_aa3d5fb82a119b9bc7bb6249,paper_f458cadda44351f46cb6
T2_NUMERIC,3000,920,sfti_db89fd81ea3925be5887e794,cand_43dc6dc98161b4d422ac975d,paper_a94d2ad962132cfd24cc
T2_NUMERIC,3000,921,sfti_27b2d3fe61d2d3548ac1a777,cand_2599c7b1a940c0e16df975c2,paper_cee2d0d3e1876eb73b39
T2_NUMERIC,3000,922,sfti_d44f0ad0a495ebada54f18b3,cand_b7d352584cffabd1f9ab0fe5,paper_aea223f0ad33690bdefb
T2_NUMERIC,3000,923,sfti_d7fa70cb1d3c5e6f7c1e765b,cand_bfe585f30bdef686a6d58990,paper_94dee75e64b89bf47143
T2_NUMERIC,3000,924,sfti_d1adffb0ef4bb7305aaaab59,cand_ec50ac869f63df522bcb75c3,paper_a7848c6c4a9124568eeb
T2_NUMERIC,3000,925,sfti_831af1186a2160223bed46ff,cand_1b4d9d0276ff7ef2de637d82,paper_aadd6adaf7e7776d1f64
T2_NUMERIC,3000,926,sfti_a8b0560fcf351f0e8bcc6b33,cand_45545cec0246f4aef07e93dd,paper_81299702e47fe70c2f7d
T2_NUMERIC,3000,927,sfti_2821346e67ab701ceec53025,cand_ffb4df4431e3e4200ca0a4a3,paper_44d79256d8a5312b7ada
T2_NUMERIC,3000,928,sfti_ea9dc1c481b23673a2a7c69b,cand_c5dd6b4f2a31cdd3466709ac,paper_e64d61732e6aa5e667ac
T2_NUMERIC,3000,929,sfti_c9bb6747c3c9e2d30ecbf1b8,cand_75ae86f55a3154633f084399,paper_7dc23c11a92281e380a2
T2_NUMERIC,3000,930,sfti_37d0feba638944db5b498c99,cand_e8843138992cd498b851cb39,paper_6ab82d7f74d54ba2b45b
T2_NUMERIC,3000,931,sfti_1dc591a8ca627f3b214e5d83,cand_a8dea41e975753f29c6eb9b5,paper_be0e7d5b81995f9db5e7
T2_NUMERIC,3000,932,sfti_25c8c33d07bdaaec9b2fa6d0,cand_75c6746efe3acb4909912f4b,paper_b0bb506c29582306cc25
T2_NUMERIC,3000,933,sfti_e6d8bb766d9aadf399257d18,cand_16290870780df1d03353e5e1,paper_48b7ec807069e8d2c488
T2_NUMERIC,3000,934,sfti_c338c129072b646210af9c3a,cand_07f7c5aec2f90e2b7c0ded40,paper_7389c18aa7fbdb9182cf
T2_NUMERIC,3000,935,sfti_5d086ed0a468d249f4aae916,cand_588066cab8948289c6f57b88,paper_f5290df23f6ebbf4d530
T2_NUMERIC,3000,936,sfti_a830533b8e19680019835bd0,cand_9dfb8839dc66a33e70d67206,paper_3215e9f1742562ad079b
T2_NUMERIC,3000,937,sfti_b30ce9a9f504a2ddeeca41c9,cand_0629d810e1beb3c436c25917,paper_4fe3a499c98362690104
T2_NUMERIC,3000,938,sfti_615c10c2bfc0478e81058b41,cand_846c643943aa511b880e1259,paper_bfc0c8414856513ea244
T2_NUMERIC,3000,939,sfti_45668fa800fcc500b1669c50,cand_c1d088e73fd19697c415b103,paper_d4cdccfc8cc1d77cc1ce
T2_NUMERIC,3000,940,sfti_f5645dd2859e85827ddbb93c,cand_7ffb4c45335df84677e685bb,paper_672820ba66c7092900cd
T2_NUMERIC,3000,941,sfti_0cd9506c54cc92a2f662f806,cand_41f8bc5706c4251e5bf17a7b,paper_73dc6842ac0f62ccc904
T2_NUMERIC,3000,942,sfti_ad44c2f9aecb6df05b17dc24,cand_270ac96710fab0fade4956c1,paper_56c871a48eef1bc45564
T2_NUMERIC,3000,943,sfti_b7afc5f7e03a81b47d48086f,cand_4f003ebced0498b7881b6e9e,paper_1099000f012657a4a58c
T2_NUMERIC,3000,944,sfti_ae2070c5f619a4d06cae29e0,cand_33e9f7f0f9be036c6c09c727,paper_acef42607abe11ef888b
T2_NUMERIC,3000,945,sfti_2d6e3fe66d32b6716faa8f9d,cand_542fc3be7e5ec60096cb5083,paper_5a3e71193efaa78970bc
T2_NUMERIC,3000,946,sfti_49066b1667ab5d3015980c86,cand_191310bf1cf98b84ea0bb571,paper_6dea042420858e16f3b7
T2_NUMERIC,3000,947,sfti_4df531012437d4b529b0c4ff,cand_2b95b91a3ea1287ce56f14e5,paper_1481b40c44e6e5e2973d
T2_NUMERIC,3000,948,sfti_cb65a26558714d4452e818d5,cand_e4f004e836852945df536220,paper_eddc5d22611e6979656e
T2_NUMERIC,3000,949,sfti_fee6dc79ac5ac2f16e76ef78,cand_b5ebe434c058d1a3442f8552,paper_7d74f52644d513698ed3
T2_NUMERIC,3000,950,sfti_7605e3d5a7e457682828375c,cand_f10a444594d4814a80e864ee,paper_5a950095cd27f4047930
T2_NUMERIC,3000,951,sfti_a7cada7ca53098f2de0a6295,cand_85fe57094ba2a25ef139f6b1,paper_fe3a5ab86b7888190097
T2_NUMERIC,3000,952,sfti_7f06cd58590a08b6e2f9c08d,cand_080337a15b919fd0691ee43a,paper_3eaca8f4077da8e86595
T2_NUMERIC,3000,953,sfti_4fb3d7792f75c3c669983f69,cand_4f02bf2de7b38378932ee5af,paper_a1519868149566c09b85
T2_NUMERIC,3000,954,sfti_6f1e88725f2c72df811a9994,cand_f2639f4f0054b0811ea89df7,paper_5089be4b16f8df84fd34
T2_NUMERIC,3000,955,sfti_029830dc96e1cbd3acef664a,cand_c9fb5b6145b3c79e147b3f2c,paper_122ce5784931a01456a5
T2_NUMERIC,3000,956,sfti_2f81f7e652e2f8a6ba7bf00c,cand_3b6d602e4d2ec326e98d2e4f,paper_32ea73c0ca7c36f3722d
T2_NUMERIC,3000,957,sfti_d629803c92a3f2aae86e7f39,cand_35600fc5537d365829280bc9,paper_7cd1f80ae0395836d825
T2_NUMERIC,3000,958,sfti_d1294757c4db6eda6a78964f,cand_54c360c4408257b2b4034109,paper_1a5a5643c69613aa0d3c
T2_NUMERIC,3000,959,sfti_63bf2e4045503a59e4a15c53,cand_1c7cd82fe9401c46cde2dc47,paper_226c3f8c333a117c19f2
T2_NUMERIC,3000,960,sfti_b193d5c7f37c9a7d72f4fa75,cand_edfbd93081b3c5b0f0e8cfd9,paper_2a007f0eb896c97e483a
T2_NUMERIC,3000,961,sfti_f8997e9a450e21803b1493af,cand_69c30b1bd2b8cd7283ebec0a,paper_53745b1a37f0f605a819
T2_NUMERIC,3000,962,sfti_a5121bb71fa40d1461165485,cand_5ef4009beda20bbe4c857e6a,paper_5be19bce69768241e503
T2_NUMERIC,3000,963,sfti_ff76f117355863682a1af16c,cand_7f97ccecfa912808c93c1bc1,paper_3f3d0e48546e4ff42f4c
T2_NUMERIC,3000,964,sfti_a378cf63d8931201d4e90f38,cand_3674a32ace52df0ff41dbe5c,paper_c182b34bda7dc629ef5a
T2_NUMERIC,3000,965,sfti_0de2bf7bf43696030bc6a758,cand_ce27ab2b9b3ad8254ba7ad80,paper_e32ff121a88635b9567c
T2_NUMERIC,3000,966,sfti_17efb767d5e8688601ca5d2d,cand_93559854f0da6840a397c74b,paper_5a677972ee4e2affa5cb
T2_NUMERIC,3000,967,sfti_d1877b6569faf74969c3520f,cand_8935f196f785c2a8b56be9e7,paper_bfafb1f783cf1c10b709
T2_NUMERIC,3000,968,sfti_aacd3fbbea04f9746a5db4e8,cand_44d21adc4f06cec9fc846b85,paper_0ec8a1fff8943d1ae2df
T2_NUMERIC,3000,969,sfti_2d59e60b0b1f21dfa8bc0741,cand_bdf98b52559fd2faae118a97,paper_3fa14c53e2d79e3ad20a
T2_NUMERIC,3000,970,sfti_ae51bbd16f5dfe9baaebc479,cand_4c5cdac19517a27eb599a0a0,paper_dec8e545ef1e3441ee9b
T2_NUMERIC,3000,971,sfti_1cf263252570e52889589eee,cand_1a4f28ef0bae6527987b823d,paper_ca020b57ac7dedaa6980
T2_NUMERIC,3000,972,sfti_3315dd25b9e8c0af60b238a2,cand_bd73cebf0f22bce2e2f3b098,paper_ce1163eb5c6947b3d79a
T2_NUMERIC,3000,973,sfti_75c18461e6f8e5de29d23ca6,cand_64c3de163c7e1bebd685ad9b,paper_6cf5f6f38da91c39d03f
T2_NUMERIC,3000,974,sfti_43bc0dbf0098a783fdfeaa47,cand_511a64794729fc6ac31b082c,paper_abe7697bd530fa52a28f
T2_NUMERIC,3000,975,sfti_1d760119931251e7f94b38e4,cand_02f25f2a70708b387a28a2f3,paper_b0e9eb2848ba1c224022
T2_NUMERIC,3000,976,sfti_8431af7d4c3940144e4b11d7,cand_157405e68241f10d94dbc433,paper_aba6a50b0e33123b60f3
T2_NUMERIC,3000,977,sfti_32f205b307ed51d2ffdda81d,cand_893d7b60fb9098f3763bf8a1,paper_41969b2a5efedb22cfed
T2_NUMERIC,3000,978,sfti_68fa475a74ddce489e9efa50,cand_7890b3e620b6ebe44fd1c087,paper_867248425c354151c78a
T2_NUMERIC,3000,979,sfti_20058624b7bf67eea9c9b6c9,cand_fa49f035c50cdf09ac500f01,paper_53d17039ee6ced32c298
T2_NUMERIC,3000,980,sfti_d8ab30d943b57d316cd51aa7,cand_72dca8d01c0336b66efa20a8,paper_39478f8dbc9276d1b5ff
T2_NUMERIC,3000,981,sfti_05c9ebe925dce4a954663496,cand_7e9992340153148d60603e2b,paper_6445b8c71cfc27098a19
T2_NUMERIC,3000,982,sfti_393c49247091a2274b98287c,cand_6cfa0197946b48e820a879f7,paper_57e0d2b061547e81fe80
T2_NUMERIC,3000,983,sfti_d77977c985cd7af578994903,cand_62903173372bec23ade3f802,paper_71efa30c4894c1d655f8
T2_NUMERIC,3000,984,sfti_a6708df226fc8469ea872725,cand_0008e7c05de38261429ccd29,paper_93ab30d33d5d512908f9
T2_NUMERIC,3000,985,sfti_7e8f50f6af465b40faed7927,cand_4f07d37271d0b2d399fb70a6,paper_9dda9fd662e16f63aea6
T2_NUMERIC,3000,986,sfti_efc4a84b54b54133ec01fcbb,cand_e8fb96a92a8b574d12af3500,paper_0a7d6170833642992e54
T2_NUMERIC,3000,987,sfti_84353d72b3c1c6844b1239c7,cand_19219b8d6a40da3776d517c7,paper_87938812c0715e3e4672
T2_NUMERIC,3000,988,sfti_03d9d02e9a4ad6d11eaa7314,cand_abdd34be59ac296d8518d5b6,paper_462564d91183c05007a4
T2_NUMERIC,3000,989,sfti_f6ce295640a6a3698695b456,cand_1b26368362608ea22053e592,paper_767cf025ca3c15e068b9
T2_NUMERIC,3000,990,sfti_f1bce983a00fbfcc7b7f29ad,cand_eedf127c27760189cafe0743,paper_76556fecca66ba0e9e6a
T2_NUMERIC,3000,991,sfti_ec080297fcf1803eba10421c,cand_a4ac580c5e1a2087e9b051b2,paper_d6098e7c24a35a215597
T2_NUMERIC,3000,992,sfti_f13b7b49c457545d4bebc1d0,cand_d170eb30ec15ec4082511f0b,paper_e924e456ceaca93fa45c
T2_NUMERIC,3000,993,sfti_f8f6cd4a57cfbb1304e90b0c,cand_e4908b4da0929b7ebec91310,paper_214d06fafbe5b2033c31
T2_NUMERIC,3000,994,sfti_8b04072329e7e28de05876f8,cand_9c4c56ad0690c61f6455619b,paper_a029fe615c3acdd6ae56
T2_NUMERIC,3000,995,sfti_87a7af5ae195787fd52d167c,cand_0c48e29de135468d59f6391c,paper_4f56eb43f6a9f68765d6
T2_NUMERIC,3000,996,sfti_5cd0ca8a9e88f7722e5e3267,cand_5101d7157017b6f69465d43f,paper_edf34128fd562d5d7109
T2_NUMERIC,3000,997,sfti_013043f3c71672f49dbb2dc9,cand_53a631f3c113d08cf34da2cb,paper_bf3e76e2793a39a4b709
T2_NUMERIC,3000,998,sfti_87dabafe4a5b5c8b083eee29,cand_7d0da4d559013652bd6781cb,paper_01ae4cd09750e14709a0
T2_NUMERIC,3000,999,sfti_6e55e7ca29aac887296c1131,cand_678576b0422cec406a1f264c,paper_87be139223c2bd606a81
T2_NUMERIC,3000,1000,sfti_5f74d375f76c301e199f71df,cand_5d0b9f7f21b346c2e4f43410,paper_40ad1ca31f69049b9c34
T2_NUMERIC,3000,1001,sfti_b54338494239a16d20874e92,cand_d5078504d6914af8d4742106,paper_31f1cb4fdb10b6110e78
T2_NUMERIC,3000,1002,sfti_9bbfa163869e896c60e63d57,cand_71713a449121984b7e0466f1,paper_4877825c00e174f1190a
T2_NUMERIC,3000,1003,sfti_d5635b2cca34c733fc935fb6,cand_ac970c9fb187874cf4d471ce,paper_3af5860f6f122a895eb2
T2_NUMERIC,3000,1004,sfti_ae42497ac52d53a3b546dc7f,cand_256dd01accf04bae3a1bb56d,paper_c9fdc8cedb5be40f0dc1
T2_NUMERIC,3000,1005,sfti_df8774383b602c36fb4ef93d,cand_4aacd2f48bf889709d1d6500,paper_06d9e29054e6f8bf85d7
T2_NUMERIC,3000,1006,sfti_3a6fb3926383f84a25858ba0,cand_73f868b17ca33e5ea8f15713,paper_aa9d7fc4331799659cfe
T2_NUMERIC,3000,1007,sfti_88870769e724d97318829d20,cand_914f871c62e50b72c740bc94,paper_ab4bbcc8857ba3557148
T2_NUMERIC,3000,1008,sfti_57b7498c6ec76aca1140c321,cand_438266e0536110bce5985c6a,paper_44c900579a80dc2c3e19
T2_NUMERIC,3000,1009,sfti_662b72e6c73aea57bb19e851,cand_f35729915904d75ac3e767a3,paper_2fcc3dcbe371ec40710f
T2_NUMERIC,3000,1010,sfti_bed567f1444d4b5ff8f028a7,cand_5f25c8a5955c0fc1cf3c1410,paper_0cf5a0ec78df6032a89d
T2_NUMERIC,3000,1011,sfti_4cd7aa0662e1a1728f9a54ab,cand_a53e658db7831b835c1088af,paper_c982d4182089a90e2a96
T2_NUMERIC,3000,1012,sfti_d9b56f43bc2ba7aa46ec12a0,cand_8931752f4b111ff66e67fa13,paper_347a5b1658801d734112
T2_NUMERIC,3000,1013,sfti_2a57f792a1b67460a8615efc,cand_50ef112212c448d7a9ff679a,paper_a39e2e13b6afca086191
T2_NUMERIC,3000,1014,sfti_6d7efae5b812bd65c7baf9a4,cand_8e482cef930cb044c708f1f3,paper_922e19bc2468753745b5
T2_NUMERIC,3000,1015,sfti_e980eb12190fb3337b78d4b8,cand_16dbc5af03103ba3f35faa49,paper_a5f1e11de5f0448369f5
T2_NUMERIC,3000,1016,sfti_0f8e9f3a291d5b66dfbea643,cand_af315d72e141a69efcd71aef,paper_c937bb1393cbcef323d9
T2_NUMERIC,3000,1017,sfti_143433357e644d541aa58e49,cand_b654b231593fde25c1d905fd,paper_7a141eb7ef1f59f479cb
T2_NUMERIC,3000,1018,sfti_d2f71e8cc13a328ae7a236b0,cand_3593623ba6ccec2edec9a3a8,paper_1f775b57bd412a071844
T2_NUMERIC,3000,1019,sfti_7e824cf4fa5363e3f4b4b414,cand_885fb3a3321da432332d8e3d,paper_a090533a9bc941a8e914
T2_NUMERIC,3000,1020,sfti_7c7125bf3d7fa9c483e9728a,cand_a6ca787c683766d2278edf9d,paper_af86becd1d44297317eb
T2_NUMERIC,3000,1021,sfti_e43c486a48e4c5e51f84c4ac,cand_4d43ad1a615d40ed45a5a04f,paper_62eb7922d1e559ef503c
T2_NUMERIC,3000,1022,sfti_36847d1106933406b1187e30,cand_227b16f3df592ead16d46ad2,paper_9fabef626ef961aa28c9
T2_NUMERIC,3000,1023,sfti_3a04e867911e0bf7725d7484,cand_191e2cb21a75385b9454c258,paper_a568110ddfe8b61d62ce
T2_NUMERIC,3000,1024,sfti_2dc650d5fcee69aad0a2d063,cand_d2cc3d8ccd559919d889c037,paper_f913304731279218e7c3
T2_NUMERIC,3000,1025,sfti_e0c246ebee673d2176a5ad83,cand_b11f2fcd8c6c5e985c7d4aa8,paper_4504bb0b1f6752d2176c
T2_NUMERIC,3000,1026,sfti_3eabbbcc50dd599ced312662,cand_01225f21d3b519380b9087ba,paper_def9d9309b4003de0ded
T2_NUMERIC,3000,1027,sfti_dd088a3954d6468520d4e1e8,cand_e387cba2857175a7ffd581cd,paper_752b87d11b844759f3ca
T2_NUMERIC,3000,1028,sfti_6fea20652893a17fcd641b9f,cand_b1ad7b74e513f338a470e355,paper_ce646a57e074e1cdd0d7
T2_NUMERIC,3000,1029,sfti_0ff60dc140888848af378d27,cand_265640e9f9d816cb39ae9879,paper_eb53a568018997d7a5a4
T2_NUMERIC,3000,1030,sfti_25343185c0d4a3aaff56da69,cand_45e6db0f902548086c583977,paper_d7a0aeadcd3541bb384e
T2_NUMERIC,3000,1031,sfti_b459783b04daac082f688070,cand_3b72615810f04c9ddc3d6c41,paper_36d630f627cf67853127
T2_NUMERIC,3000,1032,sfti_0f089cf2e7c3060089075a87,cand_320f27f5c243417311606c12,paper_6a2566344144df787916
T2_NUMERIC,3000,1033,sfti_ffbead8e732dab039bb684ca,cand_e882185fb90ffb90c4c8c252,paper_e74918395456cb11f56d
T2_NUMERIC,3000,1034,sfti_c98b04a48c9d24022764af9b,cand_25d0c64b16966d80d232b1a4,paper_6f3d4a5d21e0ed96c7f4
T2_NUMERIC,3000,1035,sfti_ed31c77df80ac0c9756900c2,cand_d5acb459187b4f86b5c53e50,paper_23bc6223ed3b36fa514e
T2_NUMERIC,3000,1036,sfti_30c7588e071bbab88780feec,cand_8c7bd8c453c6c7a748191b60,paper_201ccd1a0144f8ac3399
T2_NUMERIC,3000,1037,sfti_1da40cd59161cfc55c33eca8,cand_f7e542412f8009c52ef25a50,paper_783174359f20ba253383
T2_NUMERIC,3000,1038,sfti_ccdebcee3be09c4a4b4f205c,cand_00339d81cb052aabb6eda039,paper_35daa3771be2bd2112a0
T2_NUMERIC,3000,1039,sfti_bc04ffc95bf3c825e8ff540a,cand_82abc83b047f5bf6b3f224f3,paper_1850d9d0595fc4db1d19
T2_NUMERIC,3000,1040,sfti_eed2054ad5cf4a43d439a4a2,cand_26dbca3ebc6d2fe7681de194,paper_1818ec3ee88fcf4ec16b
T2_NUMERIC,3000,1041,sfti_c3d252108b0d0db2f2a9513a,cand_3ebefa18418aae3d626a12fb,paper_d70ed00ebaa890cfda32
T2_NUMERIC,3000,1042,sfti_168071c6ec4ed9bd2fb9f464,cand_e636be207d4c30f732d2e2f0,paper_869e1908a0428f3ad7c4
T2_NUMERIC,3000,1043,sfti_1b5e5f5e03cd2b7c50395863,cand_b54b2a80cf11df9e1e3449df,paper_eb85f70cd612e1e282fa
T2_NUMERIC,3000,1044,sfti_5faeb6bc30f32cdc18e181da,cand_58108e4c468b8fed2d4a8aba,paper_b85cbfed3a7df0f91bff
T2_NUMERIC,3000,1045,sfti_366f6ff0871cf5e8ce746b3f,cand_b008a54a0684f7fa52470855,paper_c6d38c3088f9d3f12a73
T2_NUMERIC,3000,1046,sfti_c1060f300884f1906fab9f6d,cand_840b76c12f83d6bad86557ea,paper_bddeaedeae51b7fcb2c8
T2_NUMERIC,3000,1047,sfti_bcf575e201a10089b11c37c4,cand_76e01afd737899613f87cc8d,paper_ab640ac2150e06496e16
T2_NUMERIC,3000,1048,sfti_60c84918c3358bd80db275eb,cand_fc400366c942fd0f69ed4173,paper_009e1ffb00faff097f0a
T2_NUMERIC,3000,1049,sfti_5f1fe0f9ad42224c9c7220df,cand_cef2bc875d2d89ab97199f9e,paper_f656dadd65e5d8d9c09c
T2_NUMERIC,3000,1050,sfti_2ebd4ca5c6e053c950ca08f8,cand_30365ad8671fdd3d53d69aa3,paper_782ce051c047673034e3
T2_NUMERIC,3000,1051,sfti_dec17f7a59871a799e66299f,cand_1e865241ecd0e53e72751041,paper_03cdba0d9cb94685678b
T2_NUMERIC,3000,1052,sfti_6b2ee72a32ba8e06c579f81c,cand_4880ef238cc93bd9c9ba4e4d,paper_f6efd567918cb5b94869
T2_NUMERIC,3000,1053,sfti_8026b61e4a33df0c6c787a45,cand_22da8684284ed117d37c566c,paper_69fa8302ed65d234bceb
T2_NUMERIC,3000,1054,sfti_73ed757f92ba7b723bdfe3a2,cand_a08205c45a03e0c1cb70b995,paper_7cc40044e8e7c820958f
T2_NUMERIC,3000,1055,sfti_14a31b19c556064e3c814307,cand_4b1609e16a45c67a92bce313,paper_0c7faa8670b4eda51f88
T2_NUMERIC,3000,1056,sfti_f195c63fd16ad34a474fca16,cand_a3f6118213f95d6c8fbfa49e,paper_7344d9e42f81f8d6383d
T2_NUMERIC,3000,1057,sfti_99ee0edb318dc22a0e13caa7,cand_aaa6bfb4ae5a606bb0b24435,paper_a09a8082d3f2f6bb58f3
T2_NUMERIC,3000,1058,sfti_ae1b798b1cfcbc0af7adfc05,cand_00fc9c6dd8a5f5412ed9ef45,paper_c84490476cf833bb6ee5
T2_NUMERIC,3000,1059,sfti_67f5c8d4dc7f0c3b81d86284,cand_0b49078a8b2dbde294876e20,paper_a15261b81ed3632a5f9e
T2_NUMERIC,3000,1060,sfti_08742b0a17cb66e3f94052e7,cand_ac2b719143bba76e08905422,paper_e0541593a359d8a87a28
T2_NUMERIC,3000,1061,sfti_af734013f85e5862312b08f1,cand_a69d81445f0ab6993094e83d,paper_c0fbf7e54518e5b9cde9
T2_NUMERIC,3000,1062,sfti_b2f312573b7a0ad015222dfc,cand_684a00f333367114f05c2a9a,paper_585a1342fa701de95a25
T2_NUMERIC,3000,1063,sfti_226f526440e3f190854ea681,cand_510581549fb196f3f0e1b85e,paper_6482013036e9e86dec50
T2_NUMERIC,3000,1064,sfti_5b5b7c008f02b3ea99ab4bb3,cand_c506c3b3853803c937d0ace8,paper_a26f7bca44a5957af749
T2_NUMERIC,3000,1065,sfti_995dc0a1f276e3bf606fab7b,cand_51d240079d4056aa1a5d665f,paper_67263ac32429edb026a5
T2_NUMERIC,3000,1066,sfti_baa321760402bf0e10476c75,cand_a1ab147e8ad669183bf27602,paper_131f8159c96f54d575a2
T2_NUMERIC,3000,1067,sfti_f3163cf48fbe053cb0772a9a,cand_1251fb3a7c83d89a00e6b718,paper_e54c44f6cdbaf1703df1
T2_NUMERIC,3000,1068,sfti_9d353870fb3628209ca0f467,cand_1f05bbb2a926f7ac1211bd17,paper_ce5f00d82605fcb001c4
T2_NUMERIC,3000,1069,sfti_cca145d985d6feba95256016,cand_4f16b33f9904f57d6ae99034,paper_6b75ffeb53b95e1996b1
T2_NUMERIC,3000,1070,sfti_2842f9cc3abeb4c01d9e2b16,cand_5c0fcc0f433dbe95f8ab1061,paper_fa6d8b29b5bd32048979
T2_NUMERIC,3000,1071,sfti_1110f277d81bb9f215a5c30e,cand_df9fb1098a79667abec02c97,paper_71f603e6d51c12630385
T2_NUMERIC,3000,1072,sfti_19baec2de66850677a49dfab,cand_89746999472f3bfa7a832f0f,paper_16e3b97c39963ad0d408
T2_NUMERIC,3000,1073,sfti_2942bc3dc210627a59b81d15,cand_4f22d94f1e659e6884463f4d,paper_7948b462948f5b111cc2
T2_NUMERIC,3000,1074,sfti_7df908abe2aa23f7203a26ea,cand_6f9b12c91702528597efd8a7,paper_1feff77d842c50d00d5a
T2_NUMERIC,3000,1075,sfti_cdba9ea5f6e28d9c7ef91dd7,cand_9cd3a1de73b7e1517babb358,paper_0126a2cadbceb87b4495
T2_NUMERIC,3000,1076,sfti_92f7e32fd954c0dda27b9d48,cand_699395c2f6c8051031f65bca,paper_60f2e60b844747fe802d
T2_NUMERIC,3000,1077,sfti_207603a53009acd400a80ebe,cand_80887565ce00fa7263f3e349,paper_0f02388cc6596059d73d
T2_NUMERIC,3000,1078,sfti_0310ec71d0f9ae53306c97c5,cand_e7379d2362252897c77e1c1e,paper_61dde0d2a2a09708c269
T2_NUMERIC,3000,1079,sfti_dad8642dc0c3d012bb13d9aa,cand_87d15ba831d1c6c44eb9c474,paper_dc0c386d86694de2da69
T2_NUMERIC,3000,1080,sfti_ddac911651244e38c641b642,cand_f2b80ea91dfe9acbbf897073,paper_2132468aaf51509ba44a
T2_NUMERIC,3000,1081,sfti_4ed6e3ad0240ec3e3632dae5,cand_e6251ee2f167709e17d1be02,paper_8db0fa20c03e47048f72
T2_NUMERIC,3000,1082,sfti_c533dd8b37e7f468d4f7a4fd,cand_4b94104ed3ff03f41f0d3d67,paper_220a124e6cb07f9f4a46
T2_NUMERIC,3000,1083,sfti_60dc6196ef7dfcf60eb1f118,cand_0e54d58c31275a2643bcece9,paper_4776df45999b42cf21fe
T2_NUMERIC,3000,1084,sfti_02306e6dca08a6aba82d6a9f,cand_9426abfbb509c7338057c40c,paper_ad6c3aa9145b1a08c543
T2_NUMERIC,3000,1085,sfti_bfe0fef924f424d6e3bcc605,cand_f6a9dae069ee2f5f9351bd76,paper_00ce7fde2c30dd5b48ab
T2_NUMERIC,3000,1086,sfti_7033fc849df6497bfe39f6a7,cand_bf3a4ada813d3850957ff849,paper_ea0d0996e01f5ba956c4
T2_NUMERIC,3000,1087,sfti_f054db8ff71f06ed6fbddc84,cand_60ca3271b81daa640fe4e66b,paper_ac4d2f9b1c56feb41b26
T2_NUMERIC,3000,1088,sfti_a9679ca98114846df731f9d7,cand_a9c2ae4bed4bba885d54e4c6,paper_ca5062f04a73b5342113
T2_NUMERIC,3000,1089,sfti_4b97b8b11cd92f749fc08103,cand_f5da77ae38dbe3acc73cb585,paper_2dd21d283cb3890b0651
T2_NUMERIC,3000,1090,sfti_849989ac3e7f24affcf33912,cand_6dea1f929315aa630eb9ff51,paper_471d115d1a36a551996f
T2_NUMERIC,3000,1091,sfti_582ab6bafe3e7316776bc6fe,cand_c2529f34d33047477d136a0e,paper_3c8fc2365c64f7a1a9f8
T2_NUMERIC,3000,1092,sfti_58818fe4e1e7c892b1002766,cand_0afadc831ba424fb6e0be984,paper_c35f24f154d422c07108
T2_NUMERIC,3000,1093,sfti_acd94bf9e94fe410867a7b6b,cand_c52aebce546a07cf8d57e443,paper_8af94154beb2a5df2697
T2_NUMERIC,3000,1094,sfti_765e7a670783b0a02563f3cb,cand_d119c1101f008cbd2630b658,paper_4c2d2f3557f22a5addf1
T2_NUMERIC,3000,1095,sfti_57fbdb01239170ed223aa8ef,cand_8de81d623c3cf40308c18b86,paper_717c27ed0f4ae381c164
T2_NUMERIC,3000,1096,sfti_3c5f3aa135f294f16c436e42,cand_7a5609c24c4cca0e7a800b43,paper_1718c709beef596baf15
T2_NUMERIC,3000,1097,sfti_a5adf197b84c69cf18ef11af,cand_0f87039d55e4a44805f26dfe,paper_cd2731529183196f2bcf
T2_NUMERIC,3000,1098,sfti_3792fd1e6a24070c5b8bef63,cand_6b11bdcfd3dc7a363af5eba4,paper_ffd162dab133003ee535
T2_NUMERIC,3000,1099,sfti_81d0d1fb674d5335d570068a,cand_4799f52f722e484f683470f8,paper_b4a526f4cf31b7731a13
T2_NUMERIC,3000,1100,sfti_2f7b1c38ae79df55b62ce763,cand_a74543cfe62b2c45a82fcfe2,paper_e3d8928cee28521c5c57
T2_NUMERIC,3000,1101,sfti_c3c3aece40f26f550e161097,cand_19bbc434e8b4b9f683c4fe4e,paper_e1a4e627071aff86f5e1
T2_NUMERIC,3000,1102,sfti_c726e2612c54398a0435eb91,cand_c99ac0f3a2782556b44c806f,paper_a4bb65c2fe1a69894fbe
T2_NUMERIC,3000,1103,sfti_2cf5ac547c165f0fce9bc5ec,cand_f3beee98787a6200e25e7745,paper_562f4943c6e8b3a8d804
T2_NUMERIC,3000,1104,sfti_1439d652bb4c27a3bbc76f82,cand_943367ce1f36e4f048d301b9,paper_f0583650cca2040db9aa
T2_NUMERIC,3000,1105,sfti_6ef58fd1d2696ed8561f3d41,cand_5fabb5451a4114422a5676dc,paper_0bdee45a81a51102cccb
T2_NUMERIC,3000,1106,sfti_178331db525970a29417cc3e,cand_9c1884176d556c0d8fee68d9,paper_dae165a535b6dc4f98ae
T2_NUMERIC,3000,1107,sfti_91a0d714b104ec75abebfc49,cand_0cf3f5563dae8b980e270b86,paper_c9076bad50255c56eada
T2_NUMERIC,3000,1108,sfti_45189de05461b806ec589ce0,cand_c01a2faad403ad395d9c0c1c,paper_d3701df2622169ea49d6
T2_NUMERIC,3000,1109,sfti_255dd16fb9539e71190a435a,cand_07b86ca51f71ed4b092b9028,paper_e64e81499208b440427e
T2_NUMERIC,3000,1110,sfti_5f4a73e09d0b8bf18c1f6aa5,cand_2e6b0c170f656fea6c2f5198,paper_37194af53f35694697e8
T2_NUMERIC,3000,1111,sfti_dbdb3508375e471f6fb3fe36,cand_d25c3e6e050badbe7daa1d6a,paper_06f28f494ab4fc8cbfaf
T2_NUMERIC,3000,1112,sfti_53c819a28269cd215c696edd,cand_2fa74fa53c6da69a443288c2,paper_9b42a9d51098cee184ff
T2_NUMERIC,3000,1113,sfti_9e3954767dec437a2ff1b801,cand_64d6703a9a65db49b52cea19,paper_d1b552e814f2835253c4
T2_NUMERIC,3000,1114,sfti_205ad922cbb7a6a0aefead58,cand_a9940d255b42d37fa32d9dfb,paper_ebf04dca48b284656891
T2_NUMERIC,3000,1115,sfti_f3958bc0a20562da78f2f130,cand_c807e1b6849288717c4c325c,paper_cc9ed1f379259d9c2e94
T2_NUMERIC,3000,1116,sfti_a436b924aafc024dc517b226,cand_23f8dc7bab4a1574625deda4,paper_e2e0c362cc5cf9a852af
T2_NUMERIC,3000,1117,sfti_2eed86f42650de2fb6bdaa33,cand_fd1ba51ac2edfdcf6d1c34da,paper_f378b66070e11c3c934c
T2_NUMERIC,3000,1118,sfti_6d235caff3e4d0566645e3a9,cand_ea1772fe10a55bb12e9819ec,paper_32588ab02863572afb45
T2_NUMERIC,3000,1119,sfti_6c13725e7c9badc9ae0557c9,cand_9319618bfd654ea714977d80,paper_254433e21b7170b6b83a
T2_NUMERIC,3000,1120,sfti_c5575d87179863c261b53697,cand_615dc29677b9fca0f6d52671,paper_5b949d20881bc4e7c88c
T2_NUMERIC,3000,1121,sfti_87dc028970fd9b1c345d6c0f,cand_13f11c6a897c595e704d377b,paper_e8f10ce67050b81e5490
T2_NUMERIC,3000,1122,sfti_4c6da0d38cacd05b21e9787e,cand_bf7aa74c82807920b92daa11,paper_f07c5b93cfd2ea6a70f0
T2_NUMERIC,3000,1123,sfti_ef0492c8e3e7d0da68680b6a,cand_b0d6c4cb0c8620db07691eba,paper_04e03066f4102df0b9bd
T2_NUMERIC,3000,1124,sfti_2322ab77875d8bc860e0d0b4,cand_25fbba5748031e0e8a403851,paper_0e2dd7108794ac9b6f39
T2_NUMERIC,3000,1125,sfti_4fed76eb6141d4ba4688aeb2,cand_a7fd6a4c4f1856c936d3ef02,paper_d8dac68269c10d6d1dde
T2_NUMERIC,3000,1126,sfti_357c1cc9fdf41e82074884dd,cand_89c58f1a181ab8ce3f9ee967,paper_47cebef9e3b773142526
T2_NUMERIC,3000,1127,sfti_c137684f8143580372aace36,cand_90d01f252c543fcbbb9640bb,paper_3f61f4ceb06e5ae14844
T2_NUMERIC,3000,1128,sfti_25beea226c59b1470c4fec12,cand_03f29a66d2700c79052340e8,paper_107db4c949cb026c7265
T2_NUMERIC,3000,1129,sfti_e910865de101713227a299b5,cand_5ecc73afaa08bb67ff1b8ba5,paper_2485cc3b0b3e093b7107
T2_NUMERIC,3000,1130,sfti_8e3135a707f107b2c09b4dfc,cand_b77dd5c2f57431b941647f19,paper_99b91e4391be449bdb00
T2_NUMERIC,3000,1131,sfti_1099979d8a02a5da4e8bc3f1,cand_4aa236a2309d65786b80faab,paper_95388a63f2873845bd78
T2_NUMERIC,3000,1132,sfti_207442caca6cfb5e941648fa,cand_54bbe3150098058940aebdce,paper_30af98fd045e6e063607
T2_NUMERIC,3000,1133,sfti_70c516c9843639fc00871071,cand_01f0e3a8d0202aa0cecb28ba,paper_b35bae27d796b009e0df
T2_NUMERIC,3000,1134,sfti_fab5589c658cd7d1148ff2e1,cand_aed7861640968a2485f4e832,paper_04e78ff55c7a3c70cd95
T2_NUMERIC,3000,1135,sfti_d3fd6774f82590745b579e20,cand_07d81e5cd7638bb4b6e4e92e,paper_711883789f83c2f2a3b5
T2_NUMERIC,3000,1136,sfti_8c226a6e1e80a7000e14b57b,cand_5600846d50639ee92a68878c,paper_e5c1d63c115e58cfb9fd
T2_NUMERIC,3000,1137,sfti_c60f5e14d5d2b6fa53c2ad01,cand_57a95d07cc7783248088d7b6,paper_d29c71e3e69f4f648307
T2_NUMERIC,3000,1138,sfti_42993ed50be684a24fdfd968,cand_3a2a8b53bdd927eb436dc954,paper_99b1113a442b4f68d2be
T2_NUMERIC,3000,1139,sfti_16a808e3863468377a285e57,cand_d4a8cd7a996eb11a72843695,paper_62b3091e260a0767cfbd
T2_NUMERIC,3000,1140,sfti_230566889ddf64425022edec,cand_0ee7763915f532fc0287de61,paper_3fc5ad888280021a152a
T2_NUMERIC,3000,1141,sfti_ef231a5aea98bcd7c263e9d7,cand_3f05513fb0372b62782947bf,paper_11d4bce0bb41d66468ff
T2_NUMERIC,3000,1142,sfti_65593d1a8dcc30079b4f0af9,cand_b90288e001b6154ec3a1f70b,paper_86eceedcfd0d5b078898
T2_NUMERIC,3000,1143,sfti_230ec359fa0d75f9e13b7552,cand_4775a7a0c4cc86c77d431756,paper_32c0694947af1a320e1a
T2_NUMERIC,3000,1144,sfti_af35d0208e5e7e697e10d913,cand_82d8ab47a44378c7963ca10b,paper_583ba179ad1bd014f19f
T2_NUMERIC,3000,1145,sfti_4645bae813481e0ef1360987,cand_905099c31ef34c243c27a854,paper_3385b1bb39a8e7617d18
T2_NUMERIC,3000,1146,sfti_03a9f6554f44bf13063bbfb4,cand_175ff18a9d03da46cb522892,paper_2e5b0db9629fafc6d581
T2_NUMERIC,3000,1147,sfti_02a6561bf3cb40ec95f68e0c,cand_d97be9975d97a218331c9fc8,paper_8895ea6c90c08e015ed4
T2_NUMERIC,3000,1148,sfti_1611a0d81c2ea4dd89a7bd2d,cand_3bb5ff377dcaed9f06004d9a,paper_eadbe456d02d8029883b
T2_NUMERIC,3000,1149,sfti_9675cf0fbe3c88e9c60274a7,cand_2c3defcaa8d8bc5ed221514e,paper_a1bff7fefde21c114512
T2_NUMERIC,3000,1150,sfti_cbd2113241a332e56e774bd6,cand_15555d1a0030887c35a791d4,paper_4fed03efeda4fa16bd81
T2_NUMERIC,3000,1151,sfti_45f18217d4aabc156f518865,cand_13826cb036a0e577dc05c1cd,paper_d94c17d2124c8f2c2769
T2_NUMERIC,3000,1152,sfti_3ea6c2f7dc1af99ac96793ac,cand_01e7e762568710ab28cc4afa,paper_ea4267fba8d94a8c033c
T2_NUMERIC,3000,1153,sfti_87e514e4cdae4b5509b0997e,cand_46b468a315e8c6f619480852,paper_4a9d2bbe23f05d0a76c1
T2_NUMERIC,3000,1154,sfti_68557f32f23eda1857fad699,cand_fcaa468d4dfae4e767b82a40,paper_b3552b6fdbe0b7700b37
T2_NUMERIC,3000,1155,sfti_6427a345f9c4ada15243afbd,cand_59d24080217f59cccf59eab7,paper_80d6bc43930afa567587
T2_NUMERIC,3000,1156,sfti_b4efabfc090f3e56fffe09d4,cand_36c5b50a8b610fd964825194,paper_14587ed0f5bdfc1a50ee
T2_NUMERIC,3000,1157,sfti_14629c8d4e2644dbbc0c4a5d,cand_6b42ff8e4b76834549c0819e,paper_1fd71bfc1f86f56c22a7
T2_NUMERIC,3000,1158,sfti_c11497f025f973c7f5a2d7c6,cand_0f01c818770013b6b7d3fb86,paper_bd62057c7302a0ba18e9
T2_NUMERIC,3000,1159,sfti_5d4aa3b3b8af7afa10d2e188,cand_6921d009926b8c339226b944,paper_494fced5d2e7467e1403
T2_NUMERIC,3000,1160,sfti_a2a2a3e14436d7ba4f769762,cand_deb2f5c2992981aef264f591,paper_3ad4c97acce29985ea25
T2_NUMERIC,3000,1161,sfti_d432db325f9bc62b596535a8,cand_d6c7690424a915901a9c1c26,paper_df2d25df8f7320c47544
T2_NUMERIC,3000,1162,sfti_87458c22057f6208977bb602,cand_e96aa7a44455fc8ba38bcb51,paper_ce666477947bde040935
T2_NUMERIC,3000,1163,sfti_5bebfbc10375ed185d25501b,cand_4df1fe7af48ac6be87549cce,paper_1220f0e0209b9579f4d9
T2_NUMERIC,3000,1164,sfti_7076a63fe3a3a08cff4faccd,cand_5ffb39745f28cd7abf661dec,paper_76a1c8f58debef0e3cb6
T2_NUMERIC,3000,1165,sfti_10fd83c86a2acd26ce68c557,cand_e934d743a0bcdc12a0d085e5,paper_9280239db1e4821bc6e9
T2_NUMERIC,3000,1166,sfti_6c58d2201d5f39a070f66fb1,cand_749fcd9e42fd0099b54e8e7b,paper_b33dff89ce500841ced0
T2_NUMERIC,3000,1167,sfti_f24de77276b9eb0a23f63ef1,cand_235c9f168f3ec726e37ee19d,paper_7ee211be810b2ec4f105
T2_NUMERIC,3000,1168,sfti_22400c69d7f8f9866ac3fb58,cand_b176a64b079e9d3649718ee5,paper_c72db62816eabd2bd52f
T2_NUMERIC,3000,1169,sfti_75471dd472fe57b8623aeaaf,cand_506c8e6ef6ca2df609dc851a,paper_2409eb94a07222c8a7f7
T2_NUMERIC,3000,1170,sfti_344936fcc7909b3268eea497,cand_137000a340c19078d1c46c65,paper_8dfa0b3f4e18b1fd10c2
T2_NUMERIC,3000,1171,sfti_631053ae57837caf1571419b,cand_1c6c9e3cf477a186163fdb2e,paper_547d4afb8af58742f7f5
T2_NUMERIC,3000,1172,sfti_9448c5dbb5ccad74d60923b0,cand_3aae0cb3c1d9445218c934aa,paper_5fc6abfc5851266a7bb2
T2_NUMERIC,3000,1173,sfti_70bdd267b0a7b83c39c6260a,cand_d47ce3f732ead6c523d0e670,paper_fc464ca90bc204fb4fb9
T2_NUMERIC,3000,1174,sfti_47f35a0cdb5ae2a2cd51d659,cand_faf8da512ced732255a2b2e2,paper_dfa4c04d49179c51031d
T2_NUMERIC,3000,1175,sfti_e8f0ad77ffeaa2ce3a061835,cand_a0f1adf82e936e30dc8b4a47,paper_4ad3f9a094b434800a09
T2_NUMERIC,3000,1176,sfti_5566358eef6f8e9d87093678,cand_ed8e9b0bf2acd10bb18124ee,paper_1e45d661065122156bca
T2_NUMERIC,3000,1177,sfti_449474cea7c3d53d15e36ce6,cand_f83fa6c0a245fb51954afb26,paper_9698880edb2f1fbb0716
T2_NUMERIC,3000,1178,sfti_3eeb478dbf24083555511f5c,cand_0e1884c0cb951d62c897706f,paper_9fd0e80083842c681e91
T2_NUMERIC,3000,1179,sfti_88bb9ae58a1418c6545057ec,cand_afb843c82b4de45d3604ca4c,paper_39e9d11387f6c55d1652
T2_NUMERIC,3000,1180,sfti_52d63db8cb5bf9264de38c8a,cand_d933ff3fea71d9634aa5c261,paper_470a19bc15b33b925872
T2_NUMERIC,3000,1181,sfti_2f5752c1fba0e2e7cd7740af,cand_7c0f9aa28287c2feba2e7520,paper_2235d89eca48310afdec
T2_NUMERIC,3000,1182,sfti_7d447227a421fd1d0475ef4f,cand_3089b5899aa008d8f04fba29,paper_b6b0623f2398930e5f5f
T2_NUMERIC,3000,1183,sfti_4c51c47f1417a9d2d92bf395,cand_37e27a6864210d89fbb89f10,paper_e0bc38afddebf5979ec5
T2_NUMERIC,3000,1184,sfti_0c63a51b0a231d3f0d26ce50,cand_4e92cee7b18142697621d333,paper_46b8f27edf61a5ba6af1
T2_NUMERIC,3000,1185,sfti_17ba869300f445231dad2cec,cand_599d04840b50cf6884af3a9e,paper_8c5d90b4ef3df0a6a79f
T2_NUMERIC,3000,1186,sfti_a5bc687b1551832f09c4694d,cand_e6b757d81be34a8827a134b4,paper_1c6f05ec20958b581f16
T2_NUMERIC,3000,1187,sfti_d520a2aeecf76c8862da33ac,cand_a08213df8abe310cd917e4ce,paper_dfbade9b3fbcc17ffa87
T2_NUMERIC,3000,1188,sfti_d5101ce217e7c373038ae880,cand_d6a79a5e4a8b5d558186e5dc,paper_a35f33cae0d6e49f66ae
T2_NUMERIC,3000,1189,sfti_ada5dc61dc9a706f8bc54430,cand_48b85536c0bd55d19d1979da,paper_4df470ebcfb07bebccac
T2_NUMERIC,3000,1190,sfti_a3d47185a0ca2c9ff2f98279,cand_166e231de7a9b3e12c20081f,paper_1fb34ecfd11bbe4cedc9
T2_NUMERIC,3000,1191,sfti_ced62c3db7402ba832c9e8d2,cand_f17d4f003dcd718e88604a0d,paper_5de9ab0019c634acc05d
T2_NUMERIC,3000,1192,sfti_6cc3beba427f34dd0e15486d,cand_89c055f03dd0d4cc9c40057e,paper_db02ad53b325ae25d0b4
T2_NUMERIC,3000,1193,sfti_0ff82ccd429655a33a73fdbb,cand_2aa993823748200201904ba8,paper_dffdbee00caf5a312878
T2_NUMERIC,3000,1194,sfti_4122c19c5980ddf7dbc3e40b,cand_73d8d0750fb8f1d2f73702be,paper_1c8a84b0f4b0a4180368
T2_NUMERIC,3000,1195,sfti_add4b1205fb98637e900d90f,cand_37bbef71b8698585fc38220c,paper_92f7aa793df6f3d49324
T2_NUMERIC,3000,1196,sfti_c05d1fa98f459a2bbd907155,cand_8c8e83b102bba60008933dc5,paper_edf2526887b73f01404b
T2_NUMERIC,3000,1197,sfti_43839739c915a7096edf1f15,cand_919084561b8c21ed20eba143,paper_d5335a0a272e74fabf30
T2_NUMERIC,3000,1198,sfti_7e012fa29350707649df1613,cand_c2542947b0bb4fda1f2413eb,paper_8f30d3737dcb9bbdb72f
T2_NUMERIC,3000,1199,sfti_4acd8ec8fff0fb2474b8879b,cand_e3a373ce21f9d5ef313f4c64,paper_2fa4ade2a3d21eee9f61
T2_NUMERIC,3000,1200,sfti_44db7640c97616f714eba08c,cand_32b7909b48117d346a5bdb17,paper_260c6937e35e1e5ecb8a
T2_NUMERIC,3000,1201,sfti_099d7751775aea66c60b1276,cand_a19c5e9af7378f08d131f0d7,paper_1326e03962da71949e0e
T2_NUMERIC,3000,1202,sfti_67bf8f3ef6b09067d9ee48fc,cand_51cccda9f934b8143ef86864,paper_8614d958b1fd56258652
T2_NUMERIC,3000,1203,sfti_0be1b36fecceb1e40151cbba,cand_7be99bdd71c9ea08d9be2448,paper_3d0a6d6a13c05010a8e5
T2_NUMERIC,3000,1204,sfti_f88d3fb3e0dd62744ede9588,cand_0436b091a3268bc496ea97ca,paper_276e2d9ca1173f526ae1
T2_NUMERIC,3000,1205,sfti_729e2a9e2b948e314ee76383,cand_d14beba21a594b8d5e789590,paper_cccf0a5d801b597f89a2
T2_NUMERIC,3000,1206,sfti_80518abbd63cef812f68ba75,cand_8fb307293f308fb9edede033,paper_344dbfc5c5b168e02b55
T2_NUMERIC,3000,1207,sfti_fe0945dfb34c8db7d062bb7b,cand_7735493bd69737b21d8cca3a,paper_7282fd8c3a5c3092dc85
T2_NUMERIC,3000,1208,sfti_961c85fa24bcc4c96c90a366,cand_839b0e4df25ee8dee9eae715,paper_8dc5c333e1321b1487f5
T2_NUMERIC,3000,1209,sfti_d4c6a0a3e750955a98256f8e,cand_7ad50a81b62cb0ab191ceef1,paper_9a0a6ddc3ec36d638255
T2_NUMERIC,3000,1210,sfti_12b3e84cf1279daf170096a2,cand_80d260c9e5a79323fe536b06,paper_36d7325ec81a4ba108e6
T2_NUMERIC,3000,1211,sfti_eb546513f6e722739772e0b7,cand_64454c19fc620d9003ca7072,paper_94655eefd46272d6c61d
T2_NUMERIC,3000,1212,sfti_3288bf60e727b145485ff640,cand_31e02349c743cd19abc5d690,paper_12212fa165cdc8f748f1
T2_NUMERIC,3000,1213,sfti_4fe31074df5af8703a04b1f4,cand_8ed1edc7f54f2b13d8501d2b,paper_ec8873bb62d0b10bc6b8
T2_NUMERIC,3000,1214,sfti_e3e1030c3abcd799d5140f2c,cand_955da8267cbb58e8fe8c1adb,paper_290f6096e9f482df0c66
T2_NUMERIC,3000,1215,sfti_6eacf985bbf55bc6be8def2f,cand_20ffa8566220e10b1e2b6efe,paper_7c9969be007d847e2a5b
T2_NUMERIC,3000,1216,sfti_0388a0c9a550b98e9020fe54,cand_3abd9bfb9860a2f4026ef212,paper_c84f83ae2a94c240da67
T2_NUMERIC,3000,1217,sfti_3dd5d412fd8454ea036f655b,cand_106ff3b06464be28117261c7,paper_92492c1b36f84428b0a0
T2_NUMERIC,3000,1218,sfti_c954e3e814add32a918dd65c,cand_6a56c3a833c36a728d5c6043,paper_c677e24671caa0fb90fb
T2_NUMERIC,3000,1219,sfti_79efd52b2c2820c2979e0cd1,cand_3677ae27ddad8a140c6cd96f,paper_513c448af01021af98d8
T2_NUMERIC,3000,1220,sfti_eee62016f75392d2caff6beb,cand_07ffa7919d5115f2385a3302,paper_5c211132f97e75987828
T2_NUMERIC,3000,1221,sfti_161ed93da81c7a7c37451b5d,cand_022366c48a5133624317e461,paper_fd19685206cd80b2e8af
T2_NUMERIC,3000,1222,sfti_9f8cbe2c36cb2db35a65ea29,cand_2810e73ca6505d279efd4233,paper_a79382eb4ad67c8ce4d3
T2_NUMERIC,3000,1223,sfti_d0d7ea99d6dcf87d6f65ec45,cand_f5efee91da48131d35b7509a,paper_5e7136f9fee556336842
T2_NUMERIC,3000,1224,sfti_4a8feaa6fb14131edc992f7f,cand_d098b130cf957f3356dbef7c,paper_229253424b5d6f2ab1ff
T2_NUMERIC,3000,1225,sfti_205b86b54959cc10309e0653,cand_fdcd65868fb67155e6159e6c,paper_ddc1627042a99d4c0665
T2_NUMERIC,3000,1226,sfti_b8c7e72eb83795506b155b1d,cand_44fcae308e4c98c5519458d5,paper_d4237e6fab9b882ccc6a
T2_NUMERIC,3000,1227,sfti_79acb984b4329e76cce3f2ae,cand_53870458aa86423e97e717b2,paper_e50e8b978761f11e5df6
T2_NUMERIC,3000,1228,sfti_3e79f51d0488de99b8c21e80,cand_8b5cd256549f85ea744765fb,paper_5dba6c69f7a50cc6e42d
T2_NUMERIC,3000,1229,sfti_aea2b9dbc24214842d864115,cand_086dd7016fc8faef09566d6c,paper_caa94e78df759c34426a
T2_NUMERIC,3000,1230,sfti_da3650a890e9719bc7fc2206,cand_3db6d065958b155189583b6c,paper_f2ac582ab2137c281989
T2_NUMERIC,3000,1231,sfti_0bb5f1bae7ebbdfdc287eef9,cand_443baa55a001822da66054c7,paper_824b40fcf4f4c73b8a38
T2_NUMERIC,3000,1232,sfti_cca3fe3596db277e37ed04da,cand_a716d940ecc84a4b76043ccd,paper_78521781d2e91d1e798b
T2_NUMERIC,3000,1233,sfti_8f21f544f3f09824b30c8fcc,cand_f02520406ce1040b7bcd67c5,paper_b1137dddd2d1c3041dd4
T2_NUMERIC,3000,1234,sfti_c2a7f8d28e400eebb3d6cf91,cand_f78f28a76d5ac5ac876e0d43,paper_b4dd9247e6ebd7246d8d
T2_NUMERIC,3000,1235,sfti_e4fbba7ec6c73f688f36ccf3,cand_581532b3bc5654562516481a,paper_24876507fe1792361408
T2_NUMERIC,3000,1236,sfti_6bc1d5a7be8e4d98c9a40c0c,cand_9818fbd9a89fadfe6156c90c,paper_92de99770ad153511885
T2_NUMERIC,3000,1237,sfti_57ccaa53108e26433718d145,cand_bf6c568ce0cf877f5de9584d,paper_2e5c90bb6a9fbde934cc
T2_NUMERIC,3000,1238,sfti_40ced303d30ac966425e6c22,cand_e0cb7aea93be511aedf1e595,paper_dc40c15f69551a6bf4e6
T2_NUMERIC,3000,1239,sfti_0fb21ed297eb08d74c4a1601,cand_2d0cfb0c80cf3930a2a429e4,paper_bea3698e1259b05a513f
T2_NUMERIC,3000,1240,sfti_5ef2ade169665c06e53c16e6,cand_e743edb7c5d5267ea0534fed,paper_7d2722982c6d5e49f32f
T2_NUMERIC,3000,1241,sfti_d9f88db07903e6bc4f134261,cand_ad85ed5e2f3da83e86e5c3df,paper_011ae5a30c23e38fafea
T2_NUMERIC,3000,1242,sfti_ec602c037ee4ba6660499551,cand_d81948028ea2dbd1717daee3,paper_a9b8593ef4f77277f3a8
T2_NUMERIC,3000,1243,sfti_74e85c2b7d2b7a803f4e3e1d,cand_2d7b0e253e1331ccf8345238,paper_4ae8c8128bb1559d140b
T2_NUMERIC,3000,1244,sfti_9ef1cc3d80020460811c3bbd,cand_d02191c12e0a3d00e911fc68,paper_8f19b4cda93b876f475f
T2_NUMERIC,3000,1245,sfti_a044249aac6b01d244d41c08,cand_ff7e88ca158ee1601ca33c9d,paper_2f0372a1092eda59e322
T2_NUMERIC,3000,1246,sfti_5d9e827e00d974b63f162764,cand_b4cfc3cdbac39d5e66538b50,paper_506cd366d7f23427e5d4
T2_NUMERIC,3000,1247,sfti_2ebf6259f203cda4a73d7457,cand_ea0475def5a918ff3111e643,paper_e61f93a45b9dbd4173bb
T2_NUMERIC,3000,1248,sfti_89f8944aa8e126e926de1c57,cand_254949837afd0ae5f439f798,paper_734689d9ad881e3f05c6
T2_NUMERIC,3000,1249,sfti_ebb27860562b3c9b5c1628f3,cand_0c4633f394c52a74b3606d17,paper_102cf81837ebd8524603
T2_NUMERIC,3000,1250,sfti_76a3638b36735096a759b155,cand_48346813586d6bbacefc330b,paper_ff0c331a8a77ddf76be8
T2_NUMERIC,3000,1251,sfti_9677099d04684a556e3427bb,cand_36873474e98a72d146aa9f89,paper_d26912d416d0efef20b2
T2_NUMERIC,3000,1252,sfti_02ad75e578c652e0e521f737,cand_f476f0a9cd6d6d512d3c05d2,paper_d233e8cdb8ca793ee1b6
T2_NUMERIC,3000,1253,sfti_8db7263b1e83c084f7be6b70,cand_9d89650ba222104e0160814a,paper_ced030a0b27c5b68fa5f
T2_NUMERIC,3000,1254,sfti_424198e0e0657a7d3c103ee1,cand_3219135698a24411ff1bd442,paper_31b1f115b8cc596da7d4
T2_NUMERIC,3000,1255,sfti_2c7986843a5ddd53d2b4d12e,cand_63d459152c5f283097532418,paper_838f47356ba40564b3ac
T2_NUMERIC,3000,1256,sfti_ef3ee8b89729231d2f4a6bc0,cand_08c4cc5a508451f7720778b9,paper_098454894ffb6b617c9d
T2_NUMERIC,3000,1257,sfti_1551434feec2db35492126f2,cand_74c03746c5acc3a2dae65420,paper_6659f90299fc568992d1
T2_NUMERIC,3000,1258,sfti_90832aa8d06e70d202f961ee,cand_12accaf4c9144788176a092b,paper_7d92fa5aee2c2b1e19aa
T2_NUMERIC,3000,1259,sfti_8bce8ddf3994e54a174694e8,cand_e74f44a95ea929ca5d98e69b,paper_8fffa7755c947f926f25
T2_NUMERIC,3000,1260,sfti_8cb2cf3b7878fac0b85db12c,cand_597524c7fdefa46791c2e8a2,paper_b23e7df70840f64e1fa6
T2_NUMERIC,3000,1261,sfti_7a08bb3094c6feeb2131f4bc,cand_ee71dcdd18240fd84d91380d,paper_47eb55cbd779efa686da
T2_NUMERIC,3000,1262,sfti_0355663b426bdfe0dfc2e7c9,cand_a907ad7259356400925c05df,paper_0e732bca591d02f4edb1
T2_NUMERIC,3000,1263,sfti_9ba7bf85c1acfc6c677e72d3,cand_72c37b2fc1102367a4a39498,paper_c59024ff0db6a1d90594
T2_NUMERIC,3000,1264,sfti_16de1e074ce86ca1ca375a70,cand_eaf8a34d8b5c16639f1ae1ac,paper_b2dfc0b6e405dcfbbd41
T2_NUMERIC,3000,1265,sfti_66b1acd7508ff5eefdca8a41,cand_9649bef765def7b7e19e74b6,paper_d873ca85f16991a1f582
T2_NUMERIC,3000,1266,sfti_30c4342072447777ab89ca95,cand_8d79793b36fcf08bfd4a9287,paper_96607ca46d3489528d72
T2_NUMERIC,3000,1267,sfti_a3dc8259e4aacbb442053738,cand_15cfb4e4c4a65eaae3855572,paper_3221ea8e544091c11728
T2_NUMERIC,3000,1268,sfti_d10b9dd7d23b12fb227416ab,cand_8c688ba5828e3437fda53165,paper_d1323c3c9ab5baa345f5
T2_NUMERIC,3000,1269,sfti_6bfd0be4004d310a78c4d688,cand_2f864db76a4721319fa3a56d,paper_7cf2bb984eaacaed8b12
T2_NUMERIC,3000,1270,sfti_3cd8ca6266c75de4a0dc4d1e,cand_42c07e283586e9ea76b5b788,paper_3bdb77b817ab0e39e5e3
T2_NUMERIC,3000,1271,sfti_9aee998b3a2b0e191e2dd8a5,cand_180b6f8ee483c7390e48b061,paper_8576f7b959b92e605aad
T2_NUMERIC,3000,1272,sfti_c96f4069ae11b456b27d0d86,cand_fc7e583fc570092bffd421ea,paper_955110ae6783fdfb11b5
T2_NUMERIC,3000,1273,sfti_e53f3b5c87c84b930abf23d9,cand_2117a9201259e0ddd49a2421,paper_fc1bbdf085b09de0eda2
T2_NUMERIC,3000,1274,sfti_d6142430e4080259205aae50,cand_dff7b8a9a67a0c635567343a,paper_00c54464ef9a21d1e80e
T2_NUMERIC,3000,1275,sfti_368fd1d1700d061dc7d0094e,cand_8dddd556b290be238342a355,paper_1d07631f1981f7bc5e0c
T2_NUMERIC,3000,1276,sfti_3ac97a68fb999115aab8b254,cand_3ba359509cb2019c452a1342,paper_e1a9ba013944aad3196e
T2_NUMERIC,3000,1277,sfti_9dbfa6f74793432ae1a8e99d,cand_bafb81dabc56160861a08e88,paper_11c16d5f80d944fde4f9
T2_NUMERIC,3000,1278,sfti_8042cc635cd0aa614a725bbd,cand_a87d09e90d909564249bba62,paper_7cab5ff6b0a1500077e4
T2_NUMERIC,3000,1279,sfti_7d45186ae7db73dc8c94896f,cand_6ba3fb8a4459947857948af2,paper_da0ac833f07a1de644ea
T2_NUMERIC,3000,1280,sfti_f7d520e629f57471bd1aa93e,cand_b54104eebb9609cf0242147a,paper_055c30f255961e07a80e
T2_NUMERIC,3000,1281,sfti_266fa582da59adf5074c0ba1,cand_ad8e6d1fb07a7fa851748f37,paper_4ffc5b48048d021e1815
T2_NUMERIC,3000,1282,sfti_be9f7b25ca58e83ee4aee9c6,cand_c4718cae8bcfb23bc868f4a1,paper_de0186321a16af47ce1d
T2_NUMERIC,3000,1283,sfti_57a53d660a95c7fa1359c526,cand_17684aa1560d29648ae1325b,paper_59d14f7f5c168de48683
T2_NUMERIC,3000,1284,sfti_acff0a1be6eef38ddad8c6bd,cand_f596d14410b5cd70e94f3c37,paper_e52784c744c30f66d9a7
T2_NUMERIC,3000,1285,sfti_a1804dd6772ee88e8c1d2d77,cand_231a40ef785f3eeeb2437bf2,paper_257eb54fddd85f451139
T2_NUMERIC,3000,1286,sfti_3ef86a302ff149470aea3bf2,cand_e4f5258331ce1d9125b5d31f,paper_338315c4ce05cecd82c8
T2_NUMERIC,3000,1287,sfti_8fe61342c552d61a1ac2eaa9,cand_b7845fd50de67e9618eea0df,paper_ed68ec856c007b57b392
T2_NUMERIC,3000,1288,sfti_ab3f976e71f10c98f87f7266,cand_596636e62a46bf61544a91b2,paper_4caad60a26ac6522fd27
T2_NUMERIC,3000,1289,sfti_de05532b5166140928f19c28,cand_30c2326ac472484971b13ed3,paper_3a9f6563580de478d046
T2_NUMERIC,3000,1290,sfti_296a6e0004d4107c869c920d,cand_c14b44ed216fe97ab1753e52,paper_dd66853710e061bf1743
T2_NUMERIC,3000,1291,sfti_4020ed65a2fc32d060bb9744,cand_5eccd2520fd6ec7be11c8111,paper_420a7c4a1beacd06e82f
T2_NUMERIC,3000,1292,sfti_38f4af5ded417c4900b78b13,cand_cd9abd8b309a80b36ccdcb1b,paper_c69af6ceb73b04c2959b
T2_NUMERIC,3000,1293,sfti_30c7d27208b21194c147a8c8,cand_b61a88a15484f18b37f556c4,paper_1af66e18c3f897d2957f
T2_NUMERIC,3000,1294,sfti_d7ba8c4d0d0bfbe4f0ebf544,cand_0a9b14d92bde386364cd205e,paper_48bccddb5fea3ee0728e
T2_NUMERIC,3000,1295,sfti_1f3b280e239c57df9fc772d0,cand_c3eeb05ad515ecf8fa84542f,paper_df72b530993943ce67bd
T2_NUMERIC,3000,1296,sfti_e1f168c53ead27382a2c9a45,cand_6d47719e7aababda33cd91f5,paper_d29d84f63443160ab720
T2_NUMERIC,3000,1297,sfti_d32a077605e098ab8f4cf050,cand_bc6ffd2c8fc0aac4e9dab925,paper_80b3fa91e229a224aefe
T2_NUMERIC,3000,1298,sfti_5ae22110200c85d25f53052e,cand_08c3148fb5e2fe9087fe5d1e,paper_80a68f160df4694a78e4
T2_NUMERIC,3000,1299,sfti_563de13fb74c51c2595d0d16,cand_3eeecba097d4a172896f01ea,paper_d2eac0088861f06e06e3
T2_NUMERIC,3000,1300,sfti_1eb6cf7819e509b65763fe5f,cand_a877f1af409380c35435bd4c,paper_59c8c60a6758aa8e98da
T2_NUMERIC,3000,1301,sfti_19be25220806a8882182b89a,cand_3cf6cad202c444060072739f,paper_d87f93dd56fb1098ebcb
T2_NUMERIC,3000,1302,sfti_6c7ed41d3977ef29461975bd,cand_c252685fb7012e15f9bdc42c,paper_271e6a432146914f930d
T2_NUMERIC,3000,1303,sfti_80ed68f60d15c1c06e03d62e,cand_bf3fd2a2294e90f1f04c2e8b,paper_68b682c64bdfa515c2d5
T2_NUMERIC,3000,1304,sfti_fb0410904a5c2f30e70aa0dc,cand_761f8c4ab3d6bc47ba7f348f,paper_18d798cf5baa417ae2fb
T2_NUMERIC,3000,1305,sfti_39f242f609a0818b3ee30695,cand_ab0dcacbce8e526fde24b7ba,paper_cebee2fe81ebbe1a3c48
T2_NUMERIC,3000,1306,sfti_111b1e6a0a1f3cb1519e27ad,cand_71abdf8b2463f8ded4b5e34d,paper_713279ab4825df51d201
T2_NUMERIC,3000,1307,sfti_49757109450e75521dd951d2,cand_729ea3002becc08ba15ff24b,paper_f0e786cb7abc6bd38852
T2_NUMERIC,3000,1308,sfti_ed154f364c3bc10529046b13,cand_51851ff8e38041a4cffba36a,paper_900fb6d9761c5ddee474
T2_NUMERIC,3000,1309,sfti_abba61a656adb37a8b63fbb9,cand_572b83b816f97d27d5929a66,paper_fa75a4f2748abb5e22fe
T2_NUMERIC,3000,1310,sfti_3c21f7ac52ab3dd6e385b7da,cand_92fc634d08736de56e055665,paper_663c9861204cefb16aa6
T2_NUMERIC,3000,1311,sfti_60629d21f3a26f7681c3b101,cand_2da7fb7b2e3b745ade68da2f,paper_f2732436a0eceaabb00c
T2_NUMERIC,3000,1312,sfti_b0a7c15a27b7ec105f16d3a7,cand_953e4dd4c2d2975d1c193a58,paper_826b9125b26490b92083
T2_NUMERIC,3000,1313,sfti_5dd5105e6fd469bf214d2c28,cand_7ff8e8bd9665a0107e4eac9f,paper_64b04c99ea635be83301
T2_NUMERIC,3000,1314,sfti_f596b8151ffbab1bb3bd63ed,cand_7c2939ffb80a538e1ab5d021,paper_d4cafb54afe17e7fa6d9
T2_NUMERIC,3000,1315,sfti_5996a704dbe99acd6ccf5e4e,cand_b393320980294d32a5f02936,paper_98b22e436f52b6233975
T2_NUMERIC,3000,1316,sfti_2c236db26e882dd75f460e6a,cand_49a47dd270ff0686a421dd6e,paper_df08dd2519074eefbb90
T2_NUMERIC,3000,1317,sfti_73febcef00557d97400f2dce,cand_b25c558bab3390a5e07ee954,paper_fd9edcf09c6f7a17bc27
T2_NUMERIC,3000,1318,sfti_51385f80fcac3567cf4b3d5d,cand_dd0508877077069efdac159e,paper_a8f5bd84ab7ed289a528
T2_NUMERIC,3000,1319,sfti_c44e68154461157c18129fe5,cand_fbb995654058606a52c870c8,paper_52e45ae625e87cb51855
T2_NUMERIC,3000,1320,sfti_4f7ad45551158865916dca74,cand_8338a665f7e2d8a8d037ffd8,paper_b8fdab800af4bb90c853
T2_NUMERIC,3000,1321,sfti_fbab5f8e0392dcff39dad61e,cand_8daaf123d959467faca491dd,paper_847d39d827c9790807e8
T2_NUMERIC,3000,1322,sfti_d035e342891d240b08d73bb7,cand_3846d8c315b966e7a2d29c0f,paper_86eeefc59d1e191de737
T2_NUMERIC,3000,1323,sfti_0f5310629f383e4a1710c6dd,cand_c78aec317af260d3744de821,paper_f6b2ad2555ee467dd60b
T2_NUMERIC,3000,1324,sfti_48f408e5bc8c36dd06838579,cand_ed81122a3d2c2dca1702a170,paper_985fcd185ed02e5bf0c9
T2_NUMERIC,3000,1325,sfti_aa9d8a89fb31f303fc0da9b1,cand_7e49fe79dc39c1d267928083,paper_40e3cd75e93f814f97a0
T2_NUMERIC,3000,1326,sfti_773ead4793fc27c3f09ac89e,cand_02fad4da7363c57aa0523217,paper_3c08cf90b3f2d280f2f3
T2_NUMERIC,3000,1327,sfti_c860671127357cbc0e1f44ca,cand_df25dafe32ea1c02a6e8dd01,paper_b36639ed4689d6f06a08
T2_NUMERIC,3000,1328,sfti_5b323a04d41c748d0c2de7c6,cand_78055fde17b285aad45b2a98,paper_ac4bfb5f517ae06eb2b2
T2_NUMERIC,3000,1329,sfti_a117f7fee514ae8c9d3d51da,cand_6942f3451436ba720ebc114d,paper_10391aa2210ab4785e17
T2_NUMERIC,3000,1330,sfti_fdfb06d35e7ffedb45884906,cand_c4a56d91cd463f6eff5675c8,paper_193327cc5732fd3d01e5
T2_NUMERIC,3000,1331,sfti_2ef381a4b6d1ac4ae18b89a8,cand_f6fcf927c4378347776d026c,paper_a51cb7e71e8b1382154c
T2_NUMERIC,3000,1332,sfti_0ca936b8e196475be92e08ab,cand_e1a7c327adf8795d47d832fa,paper_25f8891779281d552aed
T2_NUMERIC,3000,1333,sfti_9702a9cf4549d72a54de3723,cand_93f07b0728d36429cf87bfad,paper_5e71c72f7a5dc52b2892
T2_NUMERIC,3000,1334,sfti_fa2793a7bef6d20b1a57d89e,cand_b392e1c5861bf74ae7102515,paper_f001ee95d934e85b0f40
T2_NUMERIC,3000,1335,sfti_1d3af3ce65303b881fcb9178,cand_1c54150bc476cfbdb25f2b35,paper_896904b4e70b64dfb974
T2_NUMERIC,3000,1336,sfti_db9829bd158cc59fa271eac6,cand_86cd4d36f7ed51c2a2d1b6da,paper_09c4f2f626f879ade963
T2_NUMERIC,3000,1337,sfti_f3a79967d4a6e0a2e862a110,cand_0858e2a99133ca1e8ad1f0e3,paper_5675b30f5cad570acb65
T2_NUMERIC,3000,1338,sfti_ef2e38017d7e63f5376eef9c,cand_8b9217e87e4498e584e0caaf,paper_bb625ee9c2bceed76e9a
T2_NUMERIC,3000,1339,sfti_ad70f1830e197799da7b5a7f,cand_d80c6c176d66811e665de68c,paper_2d26b54a49fc7f24b94d
T2_NUMERIC,3000,1340,sfti_03fd31be26f7f528c875ffd1,cand_e47c946c119c2099869f226d,paper_d597e7de0ce251217022
T2_NUMERIC,3000,1341,sfti_a170b0bb7cd6a6077bb46734,cand_a15170c0678c497313298065,paper_dd072c7a9a4eb901d770
T2_NUMERIC,3000,1342,sfti_36eadc903417c2d222340b3c,cand_5336f89c05384242f9de003d,paper_6c857c7f5b054f3ce2d8
T2_NUMERIC,3000,1343,sfti_a447f02e4e29bba515cf94c6,cand_c4b8b503a736116b179e503d,paper_d50b8aede0d39091b0ee
T2_NUMERIC,3000,1344,sfti_5d8490ce7dff9235ceb71196,cand_6349a19b6837154109c4e6f7,paper_87f3d7eccc9ceb06ff2f
T2_NUMERIC,3000,1345,sfti_0ffffeb3bccd1abd44327223,cand_41b8ffeac8df394ab47456b1,paper_cf903f949f015c0adc07
T2_NUMERIC,3000,1346,sfti_5fc9ac608a477227f9530a47,cand_41b3822d5be34bd0573b2d41,paper_bf54d15a31f43b340d68
T2_NUMERIC,3000,1347,sfti_e9e5f52430787b86bdee4c97,cand_95d68c447adff5707a465b57,paper_00c3ff30718e77e98d96
T2_NUMERIC,3000,1348,sfti_af97f913232f6630d1df33d3,cand_fa00d885452f8970afd96934,paper_681211614a0b1ba376f9
T2_NUMERIC,3000,1349,sfti_3642442930f71c497ab8cf62,cand_790f1590ddcfafc403477919,paper_072bfbd0f8798926c557
T2_NUMERIC,3000,1350,sfti_b3557959f1e356b82c10d713,cand_f4cbef16819f89849c8f6d74,paper_55b4b2bdafbd819c7d8a
T2_NUMERIC,3000,1351,sfti_7d5836350cc5a3a309f1b7ce,cand_ad219a4484319b0145f25d85,paper_a3dcf98fe3d5b5b73d1c
T2_NUMERIC,3000,1352,sfti_ec9b7379cca005a7df7486b1,cand_e387b368b128f0b035c006c1,paper_e57478bf8eb05ac918ba
T2_NUMERIC,3000,1353,sfti_e3f0dd3fe4a66aa86f8656a7,cand_22aa64475d0cd74f95c880a2,paper_16c13df8cf3bc9f0e47f
T2_NUMERIC,3000,1354,sfti_36a4c101f7feef298effe8fe,cand_beb38b761ad0825f7ef62773,paper_2b220ef4a7efc38da340
T2_NUMERIC,3000,1355,sfti_0516f3789fd25559c577d421,cand_c47174d2285de5d8a0661ffd,paper_e072120be00c97a29167
T2_NUMERIC,3000,1356,sfti_9184f42d2466f1a349391ced,cand_38254f5ce31b2d583952dc7f,paper_a35c80746544bd19d98c
T2_NUMERIC,3000,1357,sfti_1bd74844534e7f780f01ef3f,cand_37ad2b553e70421d12ab40c6,paper_d79077e7e2e94142e92c
T2_NUMERIC,3000,1358,sfti_1ca457e4ff3fc4f0cf00f035,cand_2fd1c9abe3c36705affe0e84,paper_1e8373c0fc60886c7495
T2_NUMERIC,3000,1359,sfti_0af3d3e6aabfa436e81cc901,cand_a14ac0f5b2bfb17041c4b97b,paper_860747b92870ed8134b5
T2_NUMERIC,3000,1360,sfti_8e30c8c8f501f3e416066c06,cand_b91e7d7d993bc79635939220,paper_87c65faf0be682cf13b8
T2_NUMERIC,3000,1361,sfti_b52e4db60291bfe792809558,cand_0c5cace2300b61bb31241e79,paper_7240b6122ecd6cc368da
T2_NUMERIC,3000,1362,sfti_a00a0a8cad58f0adb8119964,cand_497fb80630cecea66c5a9ba7,paper_b153a4108133aedb208f
T2_NUMERIC,3000,1363,sfti_05539b66d6aa3cf9dd51c858,cand_067b8f95313ad4d93b95f5d6,paper_3e0d5679b83f65deebe0
T2_NUMERIC,3000,1364,sfti_a447fd158a8c2498de9d2555,cand_cc6f2ee3ddefb1b9bbb42874,paper_76b794811fee9ac07dd8
T2_NUMERIC,3000,1365,sfti_deb790388f65b07063f1c1ff,cand_4511f13ba30612af125805f2,paper_62d201305fdcd3046947
T2_NUMERIC,3000,1366,sfti_c647c74a00cf36a32210c8ea,cand_f1eca92002b2e850f8836efb,paper_cf6b5a4b3b503636aee2
T2_NUMERIC,3000,1367,sfti_bc6a24c9fb1222edc50e9193,cand_49c348a4fc00677696167bd3,paper_fb5352011719292bb656
T2_NUMERIC,3000,1368,sfti_de72d57b6d00ed3ee59f18ca,cand_dc3a3b4ce2fb3814ed64e42c,paper_406e37f76481edf543ab
T2_NUMERIC,3000,1369,sfti_e69b10395b939ec59dd6a931,cand_95c4364ab06577ba628396aa,paper_1cd03f121d79a0c57f50
T2_NUMERIC,3000,1370,sfti_5fcf844beaa7cdf066a17f0d,cand_6f5692c5ba31244b9663b2a4,paper_daf019871d0aa3d39b39
T2_NUMERIC,3000,1371,sfti_0980df2e9002478146903360,cand_943923502ed7ca8e9e74692d,paper_7dae2f2b5c43ce9aef0e
T2_NUMERIC,3000,1372,sfti_a6b58916c50c77372e21f0e7,cand_e96e9e931a752ce9f67035ea,paper_e2410e75ea19291fc9b1
T2_NUMERIC,3000,1373,sfti_6874ddbc57cc4c416c3ea666,cand_98a380c08093068590c4d50e,paper_75d5824249e114a70cb6
T2_NUMERIC,3000,1374,sfti_0c8951b86fed0f4d7514152b,cand_b3aea30dfee8ce114f576b79,paper_f0d2d28c36b069584342
T2_NUMERIC,3000,1375,sfti_4cc3a43b8277d1876e11017c,cand_701a2478389799b0f8082ab9,paper_6202a5d0ab54e3b90fed
T2_NUMERIC,3000,1376,sfti_9f056c643dd1ca8ce919d0c0,cand_ecebbd2b6d4883273f8cc3ca,paper_aa644bb19b81f26fb841
T2_NUMERIC,3000,1377,sfti_0867b9737db9457120112e5c,cand_b24fe07631f18e74afd76fa1,paper_fbed811a281c252f5a17
T2_NUMERIC,3000,1378,sfti_530cd1dab27bfc541f05b31b,cand_8321152ed813dbd254b5b42d,paper_5f4d155a7e87fdbcfd57
T2_NUMERIC,3000,1379,sfti_aa87ba118dbbba4e8a95110b,cand_6ff5cbfac99a77fc5dc12ae9,paper_a7a15a187cddf7b367fc
T2_NUMERIC,3000,1380,sfti_ca685ea3002d3068d43c54c0,cand_ad0072bdcdedd5f7a7ec4266,paper_93cdac17023edefbaae6
T2_NUMERIC,3000,1381,sfti_718ed66819df1ee074402c71,cand_e396fbbb536ed16d654cb82a,paper_1d252e6c327bda31dd7e
T2_NUMERIC,3000,1382,sfti_5e1869a85f148d1b56247e03,cand_aacc4ed43dc1b9b544dcd648,paper_190df2258f3e7ef7321c
T2_NUMERIC,3000,1383,sfti_39ad66b70eea915ca723b85d,cand_017966cd0e03adcb076e4a68,paper_8b99df3455a9e4b7000a
T2_NUMERIC,3000,1384,sfti_9e3a455e99ba1d9abfec25b2,cand_6e28f074106fda4274cca267,paper_03ff7e9def87a030b1a4
T2_NUMERIC,3000,1385,sfti_5663c22dfd5b3711d9c8de91,cand_c53cde871fdb68426606ba27,paper_080ae6d04b647d7d027e
T2_NUMERIC,3000,1386,sfti_6d618e01e0989e5a48301ab9,cand_4101f05a6a42d434588f3e86,paper_e2971df144864354ab50
T2_NUMERIC,3000,1387,sfti_d4ff0542355565ac9e19885a,cand_a157776632d26acfbbd8e1ee,paper_35233223488b5f7763d8
T2_NUMERIC,3000,1388,sfti_89caaa60cd007751336d6ced,cand_16df5273189090bd6f25ecd1,paper_6df43c48214728454930
T2_NUMERIC,3000,1389,sfti_5ab45290289bc8fa5856db9b,cand_51a9729d84f4ba0f2f60d318,paper_a6a71ab05e2677c8001d
T2_NUMERIC,3000,1390,sfti_f2ce852453541b8c722386c0,cand_3c8778a742af8b6c5d18a40e,paper_117c93c9f01087aa7a3e
T2_NUMERIC,3000,1391,sfti_6d20fe4dfca69eb200e78bfc,cand_6490d0d321ab2a5030944b94,paper_8b6b74b78f127ceb59c4
T2_NUMERIC,3000,1392,sfti_254aac448ea92e4b8bc6fd82,cand_ded7e01731af225530e0fab8,paper_a33d69153b85c02028d9
T2_NUMERIC,3000,1393,sfti_735dc92e423aa7b6738a43ca,cand_924a07d62a14a1359904d111,paper_aefd1f6c29e982b9aba9
T2_NUMERIC,3000,1394,sfti_4646a787e839cd624e9514a1,cand_06748d60929e6896cb18f74e,paper_09a5a6b8d7c4de7c9081
T2_NUMERIC,3000,1395,sfti_2dacf14fdd62a0b1e962c076,cand_11a8a8c89c14e06ca4c92ff2,paper_6df4b9381be6592f7484
T2_NUMERIC,3000,1396,sfti_a1e847683e40b55d5b504456,cand_674e983df0a9432824959161,paper_9ed7e5dd2d19fdae47dd
T2_NUMERIC,3000,1397,sfti_8782905b57c17e7237846f61,cand_77dbd1f01d1d93ae26863297,paper_829ea89148ab3b7af271
T2_NUMERIC,3000,1398,sfti_5a74b9d1f963dfbe84202262,cand_283beb97de11011c763ac35d,paper_65b7b19882eb5c68826f
T2_NUMERIC,3000,1399,sfti_b0c4936e7a7c2a660e22997d,cand_a16e12d0e7e9af972ac69ccb,paper_b4d40141243bb11115d6
T2_NUMERIC,3000,1400,sfti_6fe6074907efdf5f2a0ee502,cand_d6092b91b2a3b1a115e94643,paper_4e3de9e4ca79ed351723
T2_NUMERIC,3000,1401,sfti_c30aac92adc046c22b4c2613,cand_1dd870b24f12070380fe5d1b,paper_ecd6471e7031f96c6dd5
T2_NUMERIC,3000,1402,sfti_93426bad3fadf15bba259f03,cand_62c129d0b8f01270ab10afe0,paper_2018ada7d8a5bf4f51a9
T2_NUMERIC,3000,1403,sfti_c4f34bda1637997269143856,cand_4b165a8c1b52717a00428b91,paper_98e549572ba02d9bdf70
T2_NUMERIC,3000,1404,sfti_50ab440f3d280311db73cc76,cand_1f0dcdff3bb008970156ec8f,paper_e6eb31e0c696987f6709
T2_NUMERIC,3000,1405,sfti_f063f1138c27fd56d3aa2c37,cand_d0ba2bc9f964f1665bfe3551,paper_7661703c927d0e9f12dc
T2_NUMERIC,3000,1406,sfti_ac8ca8bc48e5598da671085b,cand_e05b3a1434ede0c8a472953a,paper_2a0c54eb288d2bd6107c
T2_NUMERIC,3000,1407,sfti_0343af8fc6228e175b8bc3c8,cand_025bdeef2ee70d1abf6f2a32,paper_56d1c041063dd1a9acf3
T2_NUMERIC,3000,1408,sfti_eab741d9bce09a847a5504ca,cand_85c132e66c9b9f0660094ef4,paper_4cbcef64f6b0ab42d544
T2_NUMERIC,3000,1409,sfti_6ab71e7f32aa57ee43afb3c7,cand_f88ec5e230c7b872fd3b9c1a,paper_2cb6f57951a81f95a6d3
T2_NUMERIC,3000,1410,sfti_3796c53f64745e079ad89b7f,cand_c14c81d595cd6e64643dd902,paper_48f90822105bf111ea1a
T2_NUMERIC,3000,1411,sfti_59d6751a3d2dd8ad684d36f2,cand_c4692c294562e35c5ae98cda,paper_29fec20ca5aa045aa277
T2_NUMERIC,3000,1412,sfti_7c7f28f511bebcdf02e6b296,cand_77aacd1aae9309ac33ed7422,paper_19eb043baf2285e21e04
T2_NUMERIC,3000,1413,sfti_ff30f00b1c54684678d032ee,cand_562f300922651fcc6c42fde7,paper_875f2d35bea8cececdda
T2_NUMERIC,3000,1414,sfti_caa837b25e923a8547f0d813,cand_d8ff4c3e9b0daf4f0bb4191d,paper_51c9758340f260242d9e
T2_NUMERIC,3000,1415,sfti_f4c48a04ec09aab736b7373f,cand_9ff227cd6f3b9e2d66cf89bb,paper_a6d918b77d863d08418c
T2_NUMERIC,3000,1416,sfti_cd33d8f32fcf478e48a2c2f6,cand_3cf58d29a1ae313d3f432e7f,paper_541aff79398df3a738ca
T2_NUMERIC,3000,1417,sfti_0b3156aabe2910a89e140575,cand_85522535dfbb5baacb42f09f,paper_14885a60d70b18d57ffa
T2_NUMERIC,3000,1418,sfti_aaea007d9992bec7bb895a99,cand_f5f70733dd37367c6975c04c,paper_0f39b53174dcbddc4a1d
T2_NUMERIC,3000,1419,sfti_36dfbac0b6315c147553ad69,cand_71173c421917203a0d5e8212,paper_04ee90d11a9e2e5995fa
T2_NUMERIC,3000,1420,sfti_1ca20d7902329e4527990949,cand_5f4b3c6495ce09639284fffd,paper_c7f4c59a783a734322b2
T2_NUMERIC,3000,1421,sfti_e3d3c05490d907ee3199e8f7,cand_e5efa15a88bef5013f904e88,paper_bc8cf1c27837920034b1
T2_NUMERIC,3000,1422,sfti_3efe7b013334549401b36a23,cand_4251e1ae7ef099324b4095bc,paper_3f7b8d5f291072c7e8ae
T2_NUMERIC,3000,1423,sfti_4e597b44bcf8981f79e51222,cand_b34273552ec8b8324fbadb59,paper_8960d35e4e7e918f25b3
T2_NUMERIC,3000,1424,sfti_67b40c3bea7946d39912442c,cand_3b8139484da9bf737a24765f,paper_a2855be0e32bc908e060
T2_NUMERIC,3000,1425,sfti_9c75b6803c3ceac33a7d8402,cand_0a4f050ddd93dea812494b7e,paper_88185f5d588e4f96f362
T2_NUMERIC,3000,1426,sfti_faca918b0cf65a4e52ef5160,cand_fd18d5557abd746e600b53f0,paper_1cbea91ab313b361da43
T2_NUMERIC,3000,1427,sfti_a6798ec9587b41d3677f4d8f,cand_1e3c3534131079ec695ff2fe,paper_6b87b17f9d1a3a845b3a
T2_NUMERIC,3000,1428,sfti_246884af7261e098f677a9fd,cand_d12b498b91a8f695b51a0732,paper_61251b5fda9ffb5dfd3e
T2_NUMERIC,3000,1429,sfti_c02c10ac0f1a52290d753e5d,cand_352f396d05a9902c75ebabd3,paper_a1d177668f0455f920ff
T2_NUMERIC,3000,1430,sfti_be0921d208c7cc3dab3474b3,cand_58fa89186fde46eb875f903d,paper_b3ceb4a520b9f342d813
T2_NUMERIC,3000,1431,sfti_b851cf184143bd9deff4d86c,cand_f233903b0da36ad2528b0ae9,paper_b52a0c44b8cd5eb19780
T2_NUMERIC,3000,1432,sfti_6e909f491fd631c6c93f5a43,cand_e24fcda0450102db8a70c26c,paper_1dba34972cfb5f4469cb
T2_NUMERIC,3000,1433,sfti_38313aaa9d3726512972ca5f,cand_783fafdb2325f2052092eda1,paper_eee38bfe14fc10464a64
T2_NUMERIC,3000,1434,sfti_40c3983614a78ff691b7dd27,cand_d500254a7108352638f7b716,paper_eb11ccf29d2707b726dd
T2_NUMERIC,3000,1435,sfti_41e2ed518b97a4812e517342,cand_9d2877d8fbd178bde0b7738b,paper_3ead46de96ae3c9d8a62
T2_NUMERIC,3000,1436,sfti_f7f542bab5432e4458755ec4,cand_511e804c8d5f39e4954f1ad0,paper_6506f43e232d65d21441
T2_NUMERIC,3000,1437,sfti_3a69816ce4e75cdd14fbb00c,cand_d20b1ad39b8712ebade08b34,paper_e39d02baf353eb3e35c5
T2_NUMERIC,3000,1438,sfti_7ddf5dfd741a62956f782203,cand_65f34ff4b27ee5202edef23f,paper_485b3fecc88210a2fb80
T2_NUMERIC,3000,1439,sfti_c1af83d56b6384ce564478dd,cand_557672a12b85b95ad32d15ee,paper_242e560e97cb6505f70f
T2_NUMERIC,3000,1440,sfti_2619325223711bd83ebd9a94,cand_6f511a2355eff6c1d6ed7e9c,paper_cda09ee73200c86e8531
T2_NUMERIC,3000,1441,sfti_b8d1f6fe90772fb731ebdb9d,cand_7296994d6e4e9d0c828e8ddb,paper_82ada25e588ffde0797b
T2_NUMERIC,3000,1442,sfti_4d474fb73994aff34d848469,cand_39e0fc0d5dfafa9fcd041d1e,paper_19623e79243d0cf49b1e
T2_NUMERIC,3000,1443,sfti_5b83bb4d1e987af73bc3bb5e,cand_ad0a409d09040d776a7c21ab,paper_6011087f571c12a9572f
T2_NUMERIC,3000,1444,sfti_3b73a120305dc2e368c80304,cand_a6e52534e4364765ede8388d,paper_edc47b2e1d89bd1d57c6
T2_NUMERIC,3000,1445,sfti_60d8e394f8d024e85a289591,cand_d45627661731635f0cb00092,paper_b01d11615f92368273dd
T2_NUMERIC,3000,1446,sfti_3d3f05870e3f7ef11219ac29,cand_69b80e91b1530981b5bba4b9,paper_050e0efec10ad1f0a9fe
T2_NUMERIC,3000,1447,sfti_197498c329ea99570369c4a3,cand_447669a237e1a6cc52fcd71f,paper_08e189125eb0ab93ebb4
T2_NUMERIC,3000,1448,sfti_ea13e2957da8e4d04be0c984,cand_fa961f36a32ff2c078660ccc,paper_fd846be4054cb8da1c75
T2_NUMERIC,3000,1449,sfti_399fa219d389000e85b37a17,cand_a04b0219c89596f53e76e1b0,paper_cf6e681f23fb0fba0c64
T2_NUMERIC,3000,1450,sfti_3a5ccc2d7a0d63857a486d1a,cand_c4044309aff2314b761fb520,paper_d43cca4456936538a369
T2_NUMERIC,3000,1451,sfti_165cac059d93b7c69022354b,cand_125ff563727ed7772bcc2d41,paper_8e8402c0398073de8559
T2_NUMERIC,3000,1452,sfti_eedb80a50f2019293557b3f9,cand_080a789467229da1e1cdcfa3,paper_a4394a188c62cb17c7b1
T2_NUMERIC,3000,1453,sfti_cc7fd3b99062a88517719abf,cand_3bd5d505f5b21e5444ba9516,paper_cb918152eb88ac781e99
T2_NUMERIC,3000,1454,sfti_4d2965ad8d8425b520b5f2bf,cand_2f57d9743182e5e0ba7fba7a,paper_c3a2a06ddc49daaa4b54
T2_NUMERIC,3000,1455,sfti_0b57272c896b2fbfec73b2c8,cand_c352a5e60fe3bb3ee9b04d71,paper_62e38605fad8c2e0939c
T2_NUMERIC,3000,1456,sfti_8134948a73775a3fcf65bf61,cand_d0d42f035a77b2aca9ebfbcc,paper_0c6ab339e1fc81e69363
T2_NUMERIC,3000,1457,sfti_18563b09f1f0cbc6b5592417,cand_6a0b3f3cfad18d9f9cf12c5d,paper_ad00811f68d163562037
T2_NUMERIC,3000,1458,sfti_6d6c5226dca7dfb0540b3484,cand_1e0ebb9d525eec6ab78fe885,paper_9eb4667de60036b508b2
T2_NUMERIC,3000,1459,sfti_f4481be68b75f721a4147a26,cand_f0b3788d7d2cfebfa2ea8c8e,paper_07a3b3056cc42097fbf2
T2_NUMERIC,3000,1460,sfti_665bcfb33200335d5ef74d1b,cand_b551d8088c9c355047d719b6,paper_aa28a1c986e09ef13f95
T2_NUMERIC,3000,1461,sfti_542553492af51e975682130a,cand_391f636f8d603b51b2888296,paper_a7dd1f40e84491df9e74
T2_NUMERIC,3000,1462,sfti_c2e6814e47e765ad0605ce0b,cand_42212a7b2c3fbeb0fcc14784,paper_c4de74fafbe248f42d88
T2_NUMERIC,3000,1463,sfti_16bb703d2477471d6eb3b8e1,cand_79687bb96a70c6046daaceee,paper_be27d188b6e017ce6b22
T2_NUMERIC,3000,1464,sfti_ce54acbb3d1ecf403d2d5d01,cand_479b0e147dd3e7e4eb047370,paper_5cbb72428f2974a70216
T2_NUMERIC,3000,1465,sfti_557f5237644c74e594dd3c40,cand_55ea05ae1dd241c1aade29ee,paper_a9d83cb5165427ddab13
T2_NUMERIC,3000,1466,sfti_a1e660d33161d1988fe31e1b,cand_280ee9e2c4b3c74c55d0b5a6,paper_d8a5a42f9d9bc9708adf
T2_NUMERIC,3000,1467,sfti_58b967a5adcc3f28df570891,cand_d0e7422b3eb244e9bf451293,paper_2b927acd6b0595e0fbfb
T2_NUMERIC,3000,1468,sfti_2b8645864d726e3c41b165e0,cand_37687a6a7de633673eecdc1d,paper_d707afd32f2376608ebf
T2_NUMERIC,3000,1469,sfti_0350a53e6b833675771b7f38,cand_45c46c40bfe66fd1df875dd6,paper_cd26909a42762f438b18
T2_NUMERIC,3000,1470,sfti_40fc82d17360117a05644273,cand_4b0772dc7ebeae61c196b61b,paper_3bd3c3fc9e9fb1b509ee
T2_NUMERIC,3000,1471,sfti_090d1f838f2af187417d1731,cand_799fd6f08a8799d0a56b08ca,paper_dc139c5a1965f0979f7c
T2_NUMERIC,3000,1472,sfti_b08b0bf2da99bf820cecaf72,cand_76d685e3828457bcd960f2fa,paper_c74f3cfca89318a59f19
T2_NUMERIC,3000,1473,sfti_91a68c4648577ed6a8d821c8,cand_8417333fd01550a27332ba9a,paper_f2be3d7faf13aa4b2b38
T2_NUMERIC,3000,1474,sfti_0c5c147e5bc6a7fd47b30fbb,cand_337fc4da503d1ed234ce4162,paper_ff168db638406d844444
T2_NUMERIC,3000,1475,sfti_bc184313c6aab8e59a8c11db,cand_39fa9fa49e9a15d2d0bc24a6,paper_2e79e217cb83ee32a37b
T2_NUMERIC,3000,1476,sfti_3e1b5e968697827ec6fd12bd,cand_75d35529e5900574dd6783ba,paper_e2fe8c3fb17de72a30f6
T2_NUMERIC,3000,1477,sfti_191e9a368a1b54346b725d6e,cand_a51d55ef9ce71396b293a58c,paper_73ec927fd13e6964a898
T2_NUMERIC,3000,1478,sfti_f5a06e4908743a3c10b37d68,cand_f2327025e71cdd55aabf9f82,paper_18933680bc8a2e259970
T2_NUMERIC,3000,1479,sfti_41e9fcbd8aeed739cd2113d2,cand_e2d9dbe3f45de8f672cc197a,paper_e9ac0d341bdc0d314ea1
T2_NUMERIC,3000,1480,sfti_bc9619d08a33a95899bf2766,cand_b45ab0b7b73b9471e665d4ea,paper_e3a1a7befb994dcb7e6a
T2_NUMERIC,3000,1481,sfti_1b2c7b3f7c345af1ff93497c,cand_ce5c388b168cdaabc4bb1ad4,paper_d7aa357dfb15c6a1e39d
T2_NUMERIC,3000,1482,sfti_2701f17c334993e1b938d4b7,cand_c3a5388625de1c04a2136d7a,paper_57ace56e0ada3222f3f0
T2_NUMERIC,3000,1483,sfti_24f361d51b70dd38dad4ab25,cand_e3f242c74c399077123ea470,paper_25e647536008b73b1056
T2_NUMERIC,3000,1484,sfti_2fa7ca2720459ad969786db5,cand_d0054fc6d9223671d39376f2,paper_f41784f6ad24d1bbcf21
T2_NUMERIC,3000,1485,sfti_46b08c712d51cd668047f064,cand_89fe987c0fe8d08ccf2a2c27,paper_639f89983dc30d163de4
T2_NUMERIC,3000,1486,sfti_b7ab862568cae288f720a973,cand_d5a8e9964072d439eaf5f27d,paper_6365016e63ccb2f0cb3f
T2_NUMERIC,3000,1487,sfti_d1d20b76602f6d860bc8fadb,cand_ebceb25713495e6315a039bd,paper_46020a24db82d64c0fdd
T2_NUMERIC,3000,1488,sfti_8a9f924c6a3e4e5f82141681,cand_a476b3d681563f67c5040508,paper_2915459eda4b88d763e4
T2_NUMERIC,3000,1489,sfti_c3d219f2e655a843ca5a4203,cand_a265db55ddf0add243d4477d,paper_83c1908f50bfa8e73253
T2_NUMERIC,3000,1490,sfti_e172c3c89cb0bd4125827ac8,cand_b8c6866480650b0d8752b21d,paper_5bb169e3d0a7bddf67d2
T2_NUMERIC,3000,1491,sfti_c24ffeb3d3ff18d43d8e9863,cand_50b842868979204162fc9e71,paper_16dbf623d307897aaef7
T2_NUMERIC,3000,1492,sfti_ec23e50aa30048c2bf2cfd3e,cand_1c5744fc6bc964d638eeac6e,paper_d3d6bf6212f62c9c3292
T2_NUMERIC,3000,1493,sfti_0b0fc780e20a0528e4e44c44,cand_a97e7322661e880d6272e18e,paper_0c493d1aba033d49a5c8
T2_NUMERIC,3000,1494,sfti_997b068f968e621663603ea1,cand_23a147cc1e60d1c6f4424899,paper_abd13107c8ccce629ec5
T2_NUMERIC,3000,1495,sfti_b4524f3e2087729f061b0b8f,cand_cc8d510f3090a8e338d6fec8,paper_c04deb4c3f4bb3dad1f0
T2_NUMERIC,3000,1496,sfti_2063d4ed1ac926614d1e9672,cand_ea7e375161aba4d7b57bc7ae,paper_64526ba0276feb8256a1
T2_NUMERIC,3000,1497,sfti_102ca28072f761edbea2a314,cand_f2097a41470b68db04a1af6f,paper_3322361c95f35e53a49e
T2_NUMERIC,3000,1498,sfti_98cffe0823390a6d4f60a2d6,cand_6bc07457fa4283b3e2e7a9c4,paper_84ae166a6d4c6be26c91
T2_NUMERIC,3000,1499,sfti_961ea805018412121db89726,cand_685e0ab9e67139ed23d253cf,paper_b98a5e3ea66600840019
T2_NUMERIC,3000,1500,sfti_485cd6cee6f497be9d9b7229,cand_14eea1f7c7886dc037019a12,paper_b93c83b03100d6633e9c
T2_NUMERIC,3000,1501,sfti_592193a1ce3e6d195c5524b7,cand_31d6a09cb2781fc110d4899a,paper_cc9b4421cec4c4f430f6
T2_NUMERIC,3000,1502,sfti_2faf18f58c67bac59ec2a421,cand_e3b3de2829be5ee66bb85d9a,paper_13a837f8c0110a1a3b3a
T2_NUMERIC,3000,1503,sfti_56c60e96aec47a0e626a65d9,cand_7cd9724737b5ac12aa345e62,paper_46763484e876b1610d47
T2_NUMERIC,3000,1504,sfti_b7100db6e366237635fcee49,cand_0c813d07b9709626378e14aa,paper_dd00a6ebc17bdfcae203
T2_NUMERIC,3000,1505,sfti_756210e64fcad3e969ebd2cd,cand_86fab772502d644789ebb729,paper_6ac9728a355621c40664
T2_NUMERIC,3000,1506,sfti_dbe2d2c7eb1b0a387fdaff50,cand_6bd4396e131f9bc3b25cb5d6,paper_f2b2b702187faab70aa4
T2_NUMERIC,3000,1507,sfti_81a790d1576fac837d2f5d41,cand_d0f84c153e1ab0d4749965bf,paper_3b52b2355f8e01112a03
T2_NUMERIC,3000,1508,sfti_b4d7b3f46e5cf94e7144ae86,cand_fda941f3c6278101c13d79ac,paper_c27015976f546c132876
T2_NUMERIC,3000,1509,sfti_ad73f123b0da30ebb8124583,cand_76a94efa8bed498c8bb149b3,paper_b5bada64764fec60bada
T2_NUMERIC,3000,1510,sfti_0965bb0a76722d8957904b38,cand_37146e65e8196827c5a2024c,paper_14fb686f8386f271498e
T2_NUMERIC,3000,1511,sfti_9ad9305d75ed557aa36b79b6,cand_60ca5b6da6f58300fa575893,paper_5a8aeef4f40fd0952056
T2_NUMERIC,3000,1512,sfti_3397a7678f2c3a8b3504f335,cand_9f76b318a5ce98158fd29cc4,paper_97d1708d31f33264aac8
T2_NUMERIC,3000,1513,sfti_afa2803736b6fb9004ee8515,cand_add4818f460e7d2997af87a4,paper_86d4e5c48ece62a7cf9a
T2_NUMERIC,3000,1514,sfti_7ec618208bf9bfd99ce62f0d,cand_6988e8458f8af25bcd718b92,paper_c181c5958148c1d9e857
T2_NUMERIC,3000,1515,sfti_524bf109b7ab697d824384cc,cand_00f1f76f7873ad3b75d7d94f,paper_f6075846ba4e417ca28c
T2_NUMERIC,3000,1516,sfti_53c1403f6dd468902f7d0a4c,cand_6f2951bf8cc7a5a17422c2a3,paper_afa3ea7d91650d4e3122
T2_NUMERIC,3000,1517,sfti_fd7f2fbd6b75b10912ec179b,cand_78ddf89bc78a1c92457b1356,paper_f33629526b9e8dec9b5e
T2_NUMERIC,3000,1518,sfti_8bd059dbc8e08342a9a92137,cand_71f7d958f7bb5f82bb28b605,paper_aa8deb9a1b3a3361460c
T2_NUMERIC,3000,1519,sfti_db364c4c39baa4d95662ddd6,cand_a6788e37d7d17834cef2d677,paper_012cfffb2443a103e06e
T2_NUMERIC,3000,1520,sfti_6c551d0b76c6de374aa44dca,cand_de423e7130476de698d37a26,paper_23bcd664444706dea015
T2_NUMERIC,3000,1521,sfti_e66f33edf49a3636c071f246,cand_6ec6bf4d91f45984b96728a3,paper_87a2bed7ebe05c31f7bc
T2_NUMERIC,3000,1522,sfti_6969167cdadf244c1791a3bc,cand_d86c498b21b2ba2a078bac85,paper_7aed1b3cc943a6faf148
T2_NUMERIC,3000,1523,sfti_d1d14f14ab01ddabd1e9c964,cand_334f7d6985e1245ee83e40ab,paper_96ac22b722cc9f3876ef
T2_NUMERIC,3000,1524,sfti_76e27c3915a732a37ac88478,cand_2158dc25d2274e01986e0f5d,paper_179f807a6800cc1dc318
T2_NUMERIC,3000,1525,sfti_91e597af5a4772d030919952,cand_2235eeeefb9c3b5097d678c9,paper_0f9cb975cd0b7c104b86
T2_NUMERIC,3000,1526,sfti_627043a8bededc4a11484e06,cand_a2a7036d5140a9f2669ba275,paper_d1664d57746a7f6eaf35
T2_NUMERIC,3000,1527,sfti_61e17212530860a13545f8b1,cand_df5b0b319bd133f6554eee0b,paper_b1be9d9c2235573dcd95
T2_NUMERIC,3000,1528,sfti_0a9fc7e853dfac3c24719586,cand_294f957bb68a71cedd2632f1,paper_de85797838101f695e9c
T2_NUMERIC,3000,1529,sfti_125f7c8ab18ed9f31187e38c,cand_ed7f380b83d500bb6f9857e4,paper_308f18501b581689186e
T2_NUMERIC,3000,1530,sfti_3543ed2b4dbaa45a6050cb43,cand_d9826b2071daa9c0cca7aae3,paper_cfd4f1c04166827fa544
T2_NUMERIC,3000,1531,sfti_997dae3cf12149a1c686c020,cand_9b7bc611de772bc261419e28,paper_1b11e7b26c9ebc36aa86
T2_NUMERIC,3000,1532,sfti_43731bfd4d16e93b80982190,cand_6df7dd7e09d1ceaec23ef955,paper_6b75a0758f7f8e49a5f0
T2_NUMERIC,3000,1533,sfti_06dcd1f6362f106e42c5ace5,cand_15a06868f842e128940f1289,paper_52464a9d6f2e93910661
T2_NUMERIC,3000,1534,sfti_dac29df5abcc09a9678f1b58,cand_b89f44fd02b73500bc8e4296,paper_a87575ab3689cf227d88
T2_NUMERIC,3000,1535,sfti_cb4c32c62b97a53a46989087,cand_01590f406d8d1696532b11df,paper_fda3c6da82b26c4d290c
T2_NUMERIC,3000,1536,sfti_6a4fcb5eaabe21d113e1c2b4,cand_70b4196211ec458931bd659f,paper_411c20623e599b3bc130
T2_NUMERIC,3000,1537,sfti_1fe3870611099961b216efe6,cand_86fdcafb1c7fd069ce8d267e,paper_e3e5e74da4d406668197
T2_NUMERIC,3000,1538,sfti_336a36152fd199dd3b0bf25b,cand_ed09b7b254fdbd8306f87df7,paper_0b96938446e7a8a961b5
T2_NUMERIC,3000,1539,sfti_be5ce873ab35edbbbc593466,cand_269f21592a20890748505837,paper_1459964ba1bc517623b3
T2_NUMERIC,3000,1540,sfti_ea7dbaf91bd61cad2f1ad5a0,cand_073a16889dacebd865304c96,paper_66e9b50a59bd823abcd9
T2_NUMERIC,3000,1541,sfti_c7b1f78254c9b154a90f9adb,cand_4fadf2cf871cf79c015e4c01,paper_77bb6698199bf1624c46
T2_NUMERIC,3000,1542,sfti_30faafd333607336a168d58d,cand_75c86e9ca38f1082c4e33a15,paper_63b2bcff2acd5cb805fc
T2_NUMERIC,3000,1543,sfti_4706d4b69c649e421925692e,cand_414d96d803aaebba624243c5,paper_5011fcd87c855c7b431d
T2_NUMERIC,3000,1544,sfti_5c8c53260e2101ef1601ce4f,cand_167072f7143c46b3cea0c12c,paper_5d1d17020e2f0bfca95b
T2_NUMERIC,3000,1545,sfti_afb3ad1e44b0ce083fc31ae2,cand_37675752b95a7b08cfe96778,paper_cce946fd7f9a51375e1e
T2_NUMERIC,3000,1546,sfti_7b1066279fc134525909179e,cand_96427b2bb612664137f3487a,paper_1bf35d19faa763dc9570
T2_NUMERIC,3000,1547,sfti_c65409e862fe0897c6c1706e,cand_b5dfc76cc3cb26b404246d6c,paper_0232cc466c60248dfdc3
T2_NUMERIC,3000,1548,sfti_d7b0e4dd28d62898049b7b06,cand_bdd5eca041a9e63a4581bba7,paper_366f186e0b2f6a47de9c
T2_NUMERIC,3000,1549,sfti_64b29225571da4bf30962756,cand_c562fe82e7ac3c75c1179616,paper_e4a88ba35e52ed489087
T2_NUMERIC,3000,1550,sfti_04564dcceb1efa7fbcbd5658,cand_a3ea9892e664b81917a036b6,paper_08cf395c399c4d933099
T2_NUMERIC,3000,1551,sfti_8501868bbb73a291e9b78202,cand_7d2b327c4986fcf302bd135c,paper_67c313239cd572c2d80c
T2_NUMERIC,3000,1552,sfti_77a52dbdc25ec00966a1acd8,cand_24c871723e0a91c8b8800919,paper_885e837f21bcf28ca60b
T2_NUMERIC,3000,1553,sfti_ac6cf455f62647fdb5fac809,cand_16f086917b3a4f050e5a838a,paper_4bb04ced1198e17099d2
T2_NUMERIC,3000,1554,sfti_25ac9902e353868dcefe0374,cand_2ca580f00d4e4560b9d12dc4,paper_75dbd75e4b029ba2987f
T2_NUMERIC,3000,1555,sfti_49820bf31afd8862152349a5,cand_0789a4c7531f840675e26b7d,paper_d17dc01908906bfae39f
T2_NUMERIC,3000,1556,sfti_8f471d474e96f353fd6d0e3b,cand_1ab8d2e199336f1b96c6e10a,paper_661b1867c0226471dae2
T2_NUMERIC,3000,1557,sfti_1b24a81fb67066a7d043a9aa,cand_e874eb4c04f7e916a1c64c18,paper_5ed85dc4f61a99174a36
T2_NUMERIC,3000,1558,sfti_b38799cb252ecf50dfd004f6,cand_0dd72371e6f0829f8b72b4bc,paper_50a3e9cfd92b2ecacf27
T2_NUMERIC,3000,1559,sfti_80cfc83a63a28c309dab0c33,cand_917a3bd177aeffef990a4716,paper_5622e48049ec2935fe07
T2_NUMERIC,3000,1560,sfti_9883d84af0b71430e300378e,cand_6db7ee38c17d1728082dcb48,paper_16f52298d6daf40db176
T2_NUMERIC,3000,1561,sfti_8dc475fa7112d24cf0c37eb5,cand_8235de6c14a6800a3911adef,paper_fde0dbf7d82a9cdda7c7
T2_NUMERIC,3000,1562,sfti_f3aff175d6bd0583f6ee466b,cand_b44beafd2313f75887b84ed2,paper_861b33b54fdd426c017c
T2_NUMERIC,3000,1563,sfti_0aaee73bcdbf7e4d6eb4ca67,cand_6ebc233a03c549a5734d887e,paper_0dfc713c6ddcc04e21ab
T2_NUMERIC,3000,1564,sfti_0c25a642d634083a408c7131,cand_28141207bddbf96698a0b6aa,paper_2b7d8c45688607f3563c
T2_NUMERIC,3000,1565,sfti_7f0f0bff71397a142592bb66,cand_add63ca32c231d071c427839,paper_297b7e0fb913db1e36c5
T2_NUMERIC,3000,1566,sfti_07e9cbe718b60515d2f0395e,cand_14ca98350a2d4a1cd1438bef,paper_e18ce688c48046a0792a
T2_NUMERIC,3000,1567,sfti_23f401fbdcd173def137cf5b,cand_2a6538a647e547d16c19d524,paper_e2007791cc10c41715b8
T2_NUMERIC,3000,1568,sfti_f0e4f6f416f00f6bab4bc9ac,cand_9b8f04e1908204009187f007,paper_1c21e07003a6a2ace85f
T2_NUMERIC,3000,1569,sfti_584c22b31865589e2e5fdbc8,cand_d60c987025842e90fa5aabdf,paper_3bafa4a79b7e89fc0a5e
T2_NUMERIC,3000,1570,sfti_6a42a54ef022d9fa53389de7,cand_414bf3e8c50c6d7cba137f36,paper_c79b045a95db7baea121
T2_NUMERIC,3000,1571,sfti_87c8fc4e10e31105c8f3a7e6,cand_618322ff0f0b5f4c19462c3e,paper_915e8135f2cd2d3c8c56
T2_NUMERIC,3000,1572,sfti_a70a4cccf2fd127d1dcd8599,cand_7f96d51fe1e8bfaa4c2b6c12,paper_2c919dff8cd869413822
T2_NUMERIC,3000,1573,sfti_8c3f9c6d94782cbabfcf5801,cand_32dd27765a45bf067f8762fd,paper_4414623e6a5fc13f5979
T2_NUMERIC,3000,1574,sfti_3a4daa91b26eda227b4de3dd,cand_6d64270be35e2f2e21b3d4d9,paper_c82a7cedff84b7d517ee
T2_NUMERIC,3000,1575,sfti_3192a19b568d5efa5ef61c9f,cand_5727620b69d660acdf90eb44,paper_f046f3ee54ac53d2c6d6
T2_NUMERIC,3000,1576,sfti_4f3afa86b301938d6c445086,cand_3b05713be69ebc803b83761f,paper_a60dc9019c65e5a1e08a
T2_NUMERIC,3000,1577,sfti_f0480db5e017e11f925b9515,cand_343e923f5016deea6dea9af7,paper_3f6bfa204e1dff930477
T2_NUMERIC,3000,1578,sfti_8ab0ef2482d53fe5f59bc836,cand_9002c5dd912365c32123a341,paper_e020c739ba85ea0ff35b
T2_NUMERIC,3000,1579,sfti_71c11e929199d17142af2cf5,cand_a8f076075d2bb7812af5e797,paper_cbb0e6062da18c72ae61
T2_NUMERIC,3000,1580,sfti_cc769530060ee35a5c0215fc,cand_bee162fb08a0366a3eaf02fa,paper_9da2bc17ec9305bccac4
T2_NUMERIC,3000,1581,sfti_a3bf87fd8961c45bf79704d4,cand_42493b7f27aedc0b3dbe3634,paper_fd4f44b26db058b07e2e
T2_NUMERIC,3000,1582,sfti_ed7678b58544cbca6c5c8838,cand_83debc63acdbe97aa35e2cf1,paper_da2c1921900f7aaaf916
T2_NUMERIC,3000,1583,sfti_04ab8c91ef07da26fbe52296,cand_945165a5df78dd377c04b585,paper_8626ff7c68d7bb9ec6b6
T2_NUMERIC,3000,1584,sfti_2117592ec344437df9bea064,cand_f723b04941b8d0fba4119d36,paper_df4f5b6d769e24884e34
T2_NUMERIC,3000,1585,sfti_ff760ada3227c7f0165de16f,cand_20b4b9fdb4e539cded876c54,paper_1f58aa11b681339dc396
T2_NUMERIC,3000,1586,sfti_cff39a2f20c3f301cf499dcc,cand_451e4dd20d28bfa9472ba813,paper_d678f6fc8a4d5743f615
T2_NUMERIC,3000,1587,sfti_cf2e437d85dd3a1e76cf303e,cand_394fa2e8db7491498f357dee,paper_c384165a13e05f8ab24b
T2_NUMERIC,3000,1588,sfti_f4ce5cf4f09d3945581e8c60,cand_0606e11dc9736f3c3c6acac2,paper_7ba24873e76b8536a7d2
T2_NUMERIC,3000,1589,sfti_7a743f6539696b38e0d4fcaa,cand_e399d87368eb7088cda0a9e8,paper_81aa2b919d1c92a07a7d
T2_NUMERIC,3000,1590,sfti_1af94f18704c86aeeffe4b6b,cand_a1b3b38f194b9b1d15327d33,paper_4635a9cc7bbcd74bc882
T2_NUMERIC,3000,1591,sfti_9270fb85faf0c249d2e31c84,cand_e891c650c00c1f62332363fd,paper_035b8930770225ae28f0
T2_NUMERIC,3000,1592,sfti_238b2ead11cb2b903f845ccc,cand_950155cee1618296d7c3a6d4,paper_236a6718ea5ce8ffeef7
T2_NUMERIC,3000,1593,sfti_51733e5a58f58c6b9040623e,cand_af9f7fccf092009a159851f3,paper_1167812faa33b036641b
T2_NUMERIC,3000,1594,sfti_a01fd8e0b3900f93f334baf6,cand_c9d05c29c0dc609bae6a19ec,paper_54ae55245e1f6a0c207d
T2_NUMERIC,3000,1595,sfti_c242a846e418aa8e04fd85d2,cand_b0ade45ad720974f5eaa0f72,paper_46fe22a95d6bd3b48195
T2_NUMERIC,3000,1596,sfti_f1ca3b8bb2c01ed8461e643b,cand_9936374fa2e464d2862f1293,paper_05c1d1848050b0570ab8
T2_NUMERIC,3000,1597,sfti_3dbedfc7c35f616b486c7617,cand_0c191d506c146b19011e93fc,paper_1d8f5052e7c1595ffac3
T2_NUMERIC,3000,1598,sfti_6f35b82984a9dc0d14a4efc9,cand_8e0d1e4d54cbdbe508e78e24,paper_1c6055e2b849d2598268
T2_NUMERIC,3000,1599,sfti_e6184dd15abb177bd0eb6815,cand_e3eb88839b19f562d92c7895,paper_70eda2eb1a05bdfa7e19
T2_NUMERIC,3000,1600,sfti_22d196c03394e02d031bc8f8,cand_4ddbe1ad14faee4e6a99a085,paper_33796061924f83a65de1
T2_NUMERIC,3000,1601,sfti_fd878ddac8896fbf33bbe626,cand_2e6488b06e111ccbbe0e8db1,paper_54c0115fc01170ba67ec
T2_NUMERIC,3000,1602,sfti_a9183d9fe096df701cf16b8e,cand_2746d9bde32473011f3507cd,paper_a7dac2e3bae1747435ba
T2_NUMERIC,3000,1603,sfti_a176849df8de8ef2438a2884,cand_225661f7917377035e330477,paper_45bffc535c6c75f3735f
T2_NUMERIC,3000,1604,sfti_e29fd8160f0f3bd944afd3a9,cand_5efe83df5efa2189ab56daac,paper_047f3d56832a59d32f3a
T2_NUMERIC,3000,1605,sfti_f5d4acd3e10cf2426e1d4fa4,cand_a1f5703d9b0855994740a5f8,paper_4c896a644026ba361bbd
T2_NUMERIC,3000,1606,sfti_5f9c37ab6fe64826b07a1d23,cand_1cdcbfe812f9823565ffa482,paper_a179d968d5804bee3736
T2_NUMERIC,3000,1607,sfti_63144b6158d2fe4130d0b41c,cand_24b7130d02049d28861b8fa4,paper_084253dae7a7f19e544f
T2_NUMERIC,3000,1608,sfti_75ea75910891fb4559436ef2,cand_497ea4649c5b06a62fa75c4f,paper_7cbaf3a63f383f04f586
T2_NUMERIC,3000,1609,sfti_7d43fb8f35c2f41d4cd7a93d,cand_037ecdf268dddc759432faa1,paper_604ab3e72068761d0f8c
T2_NUMERIC,3000,1610,sfti_6732cd608fb4ec62e3326194,cand_038965bf15b639f847771dcc,paper_37dd9d9c13d5c83a27e8
T2_NUMERIC,3000,1611,sfti_2d2f7784bc28557521850ad3,cand_8876ef303c6d249b085c35f5,paper_c9971f3e963a7ce40c60
T2_NUMERIC,3000,1612,sfti_24fab3801232050653234371,cand_e3dbc23a610ddc38bd8f7a0e,paper_c6ceea1dfa571f4e39a7
T2_NUMERIC,3000,1613,sfti_2b43c495db77b6fb50b8c53f,cand_6256059fc8c5e168035382fb,paper_c146dad478613317f96c
T2_NUMERIC,3000,1614,sfti_87a8dd1bfa82439d1ab1a3db,cand_bcf57db853ee0183914dd622,paper_6f5456855514128c0fd6
T2_NUMERIC,3000,1615,sfti_c3c7fc1496755e448f8d6cf8,cand_83983975e5b92be95551d4ce,paper_46e8f97f2081552de5f7
T2_NUMERIC,3000,1616,sfti_07e9c5f4b92464dabc7c0f42,cand_192060648cf69999d7470b30,paper_769ae64af226fe449181
T2_NUMERIC,3000,1617,sfti_8d10dc2096f6ff1b11c55421,cand_ce88fc3014c7e58280da414d,paper_875db547425c669c712f
T2_NUMERIC,3000,1618,sfti_5f57011d33d3a5d7f184bade,cand_00e0c12825c4f8c2d7f2dad1,paper_5a8f097e6159fed3e1dc
T2_NUMERIC,3000,1619,sfti_1c12f250dfd6bf34aa6aedd2,cand_896915b9fc671b76aa913935,paper_1feb6909cbbda0d14bb7
T2_NUMERIC,3000,1620,sfti_30c7cc2d102955a4df4092c9,cand_70b25aea4e5341967522e66f,paper_733dead659ca641cecf9
T2_NUMERIC,3000,1621,sfti_57e605de28793df713ca8cba,cand_1dbcf621f54c2be4d8b10ec5,paper_68bc91488ec451c8fb7e
T2_NUMERIC,3000,1622,sfti_e843a4ad9dcd80b7d487cc3a,cand_9c2d428f2ec3d7278a7ff2c7,paper_22199bce4c24d6d2a928
T2_NUMERIC,3000,1623,sfti_6f727279cde3cc7dc1f9e8a6,cand_23119c907038cd6ee943b4fb,paper_c6856c356739df0e15f4
T2_NUMERIC,3000,1624,sfti_71b79356d929f98e5c787c85,cand_2913d2142d0b7a34af2e7372,paper_053b92fbb32e346bfd2b
T2_NUMERIC,3000,1625,sfti_46b9d7655cd34ea7d9dbe3bb,cand_3ed0b075274a5f50550400b9,paper_aadc9a2a8ea2dc22b12f
T2_NUMERIC,3000,1626,sfti_a3636865d75913518eccfc9f,cand_2740746a7d187ecf3bf5c85b,paper_998e42a7a479e088704e
T2_NUMERIC,3000,1627,sfti_ac5f9b0acebf44f5fe1e3f7f,cand_1064cb6dd3c2591757986f10,paper_caf83ac6d968d7b42c21
T2_NUMERIC,3000,1628,sfti_66bca49cb020936ca47c4a27,cand_f18ee0c6741ce870eac95a95,paper_88c706177de14c2ef0f4
T2_NUMERIC,3000,1629,sfti_ae8ed646401de82e564cd73b,cand_9874ba9642eb1451eb67f3c5,paper_66cf6798a853095c2776
T2_NUMERIC,3000,1630,sfti_bdd0c52fe86ef22490b23b70,cand_043249dded7a6037ef441d51,paper_5117e27e180792a8db1b
T2_NUMERIC,3000,1631,sfti_ee7293b03f4c3a9582423eb5,cand_3953c5d63b1ed8b0c847ec78,paper_0e810425168608981150
T2_NUMERIC,3000,1632,sfti_82ee27340768437029ac8c32,cand_3d4683233d19f981f121832a,paper_c81ade03bd3dfa0f3621
T2_NUMERIC,3000,1633,sfti_bdfb8d0fab80b17dfd12992c,cand_ccdf865997ff91c23f7caa33,paper_5f9e475046ee441302b8
T2_NUMERIC,3000,1634,sfti_d5a4b8753df74f8609a53424,cand_7e51a09cfcc0bede0ea19414,paper_31cf168c71255530e973
T2_NUMERIC,3000,1635,sfti_e447f07f9a3228458616192c,cand_1e630ea01dfb4c31924a1377,paper_0f49cd856d017836aa53
T2_NUMERIC,3000,1636,sfti_9d73241ad8db5bb11f20f4ed,cand_984eaa7fa8be99945504c0a2,paper_b40cd8a118e16e0b2c43
T2_NUMERIC,3000,1637,sfti_9900e2b71f59c02f837c38b4,cand_94605d30f2cf6aab57eeac98,paper_a9f339fccd3c96381e78
T2_NUMERIC,3000,1638,sfti_261f7fa5dab0effae220d478,cand_0dc036382450e63fbf62c597,paper_d27746fdbaa397643691
T2_NUMERIC,3000,1639,sfti_4ce94cf9151bd5e4ab2cc736,cand_a3f06e7d22b14e2abbb9accc,paper_34d89b2cd8b1d6aef44e
T2_NUMERIC,3000,1640,sfti_3ca3f9ba0017d9f8249b5f52,cand_6a93795022e646e7490f27d7,paper_9f6a916d2362364c4772
T2_NUMERIC,3000,1641,sfti_2b0ba885e59198c2d4c2693e,cand_ef2a38debda7df6b12716b3e,paper_49141abea7fbb090c4e1
T2_NUMERIC,3000,1642,sfti_85f8ac10203cf91f7bd119a9,cand_b9005c1b2b682ec074c68fad,paper_1b1cf979f0bda259ce7d
T2_NUMERIC,3000,1643,sfti_d40ec7d84dc2a1045e25b41d,cand_751a99498a11fcc3eaf083a8,paper_6a8becc5c88f09b869f3
T2_NUMERIC,3000,1644,sfti_996e58db9117722a9bb0dd08,cand_9f135e2da356836aa341d194,paper_58ff33777204f4c8bb8c
T2_NUMERIC,3000,1645,sfti_790e2ca5dd0e4528f5097ff1,cand_3d489d3d6d9a0452631ccea8,paper_f766d0e99ef832cea663
T2_NUMERIC,3000,1646,sfti_67bbe1060fd27f90438f0c34,cand_e9505138060785f80f8f37f2,paper_d54c96ae609515612b17
T2_NUMERIC,3000,1647,sfti_1f5ad74dfa3e00d857a4a9b2,cand_7ef47dd4daffb9647d1e842e,paper_c03332839fcde61801f7
T2_NUMERIC,3000,1648,sfti_9e3b75f60f0e4f0329792638,cand_b682553222b7195a3bbab677,paper_4a55b8938eb9b87e2323
T2_NUMERIC,3000,1649,sfti_3108d655e1c7233f9f2dbbac,cand_54f04e1cc45b2538bc0d9cec,paper_e5334460cd55c6892d27
T2_NUMERIC,3000,1650,sfti_7e6fd9e1157e43179748f050,cand_7afc4198a91bf2f2b7092306,paper_7cf0443fbef6f4ce3e58
T2_NUMERIC,3000,1651,sfti_a3ca9e0f29b716eb6d8d2347,cand_7aeda51b8695e482bc718ca9,paper_e5e8bbddbeb6098efad0
T2_NUMERIC,3000,1652,sfti_784b29448c3aa8b905461668,cand_bb273720039718f25a5f6ba2,paper_e8b66608c3d839cf37e7
T2_NUMERIC,3000,1653,sfti_b7b6366119b9e8be01ad499e,cand_1a2580e35d42627f62febb83,paper_925df95ce06fa731d89c
T2_NUMERIC,3000,1654,sfti_6aef59f011e1ac89b7970b75,cand_0f85afa54f4b7cc8f6b545f5,paper_bf590173ea587621d8ad
T2_NUMERIC,3000,1655,sfti_bb21dc28008175d822bd1c84,cand_ce7121d1d1a6911066c38a8f,paper_33864a2cb500270f3094
T2_NUMERIC,3000,1656,sfti_3f577d6bd8bee57417b7d82b,cand_a51717dde13aecbfb7364404,paper_2d7ca05313fc6630b325
T2_NUMERIC,3000,1657,sfti_0ab854fc87cef39fc389e8c2,cand_08b716992c908eb417d80392,paper_a4b2d7fa3ccbbb4c6471
T2_NUMERIC,3000,1658,sfti_f4009afad9324e9cfd5e5f41,cand_57b744d9cd00f3cdca317dc0,paper_2a4574fae96e087c2a6b
T2_NUMERIC,3000,1659,sfti_9e3916d3164d74abc4314cad,cand_6eea89938598abeeff64e634,paper_bcb1bb37ecd7b206ef6c
T2_NUMERIC,3000,1660,sfti_9626dfece57ca6fa85d66c2e,cand_2c7e15785686ccf4b9be437f,paper_6eb1ce358f2c588ab75b
T2_NUMERIC,3000,1661,sfti_13bb20b996f77fbfab612821,cand_38b220e30424521537aeeb1e,paper_3509bf41340e8ee49296
T2_NUMERIC,3000,1662,sfti_07fa1f33df3e7a31bc8ce5d5,cand_69db1cba2bf783347855d14c,paper_fd4964ad03a73958b3ca
T2_NUMERIC,3000,1663,sfti_3bc72864c4428d25accdf7b2,cand_fc5bbada49030a72b50a7c16,paper_b005f05d79307aca2e7f
T2_NUMERIC,3000,1664,sfti_8b86ee68ffa3ef32c913692d,cand_25c3cbcf541f4342afde76a6,paper_97a174f50fd3871256b8
T2_NUMERIC,3000,1665,sfti_19f0379fc34d42fb6aa90ecc,cand_34f7c5d6369c2e62452661bb,paper_67ab53de6e75a2a2f118
T2_NUMERIC,3000,1666,sfti_b664a5e5f25569043ba68a5f,cand_d351dc11fb14c072c386eb78,paper_3992d40727ba7f0c80ba
T2_NUMERIC,3000,1667,sfti_7b5e137bcffb3f39ad32594b,cand_4b45b3a75e54a3cb4f102f13,paper_65a1f093c8c0135bc3bf
T2_NUMERIC,3000,1668,sfti_0cdc7ada54616c756c1aef50,cand_669f07a1af61fa9c6683f2e8,paper_07fe87a51004b7c9efc0
T2_NUMERIC,3000,1669,sfti_adce1e5ad317ecb1008ab8f0,cand_ac24ec368cf86b92b5542787,paper_5d18114bbf040e836670
T2_NUMERIC,3000,1670,sfti_e59e4346999b17415f504cbe,cand_470f598874a3b24b7f49a3de,paper_64dfa37a81a06fd96980
T2_NUMERIC,3000,1671,sfti_1e3c694474bd65105272bb98,cand_12985891124607e0275ee81c,paper_9e4aaa1c725080258723
T2_NUMERIC,3000,1672,sfti_214d6d703e22b611387a032f,cand_bbd374abbc9457e8f4fdb029,paper_fdb671853a669cdb0e87
T2_NUMERIC,3000,1673,sfti_ff326f5189d88f2bb02a16b3,cand_04cc78cf9172a355089fde4c,paper_c3bb7c56866fff2e4754
T2_NUMERIC,3000,1674,sfti_07f0e08ecbc006cab251225c,cand_a6d27cb8fce0810fd84e9629,paper_927858d424e2b9cea9ba
T2_NUMERIC,3000,1675,sfti_df853e8cdebe402457a0963c,cand_9eafeeefd8db3bfb510e1d09,paper_b4d04768d1ae77de921b
T2_NUMERIC,3000,1676,sfti_dbc8edbcf679e53ffc63f022,cand_80fc7b1f5dd55b71d0adc486,paper_cd61ecaf42eae829f8ef
T2_NUMERIC,3000,1677,sfti_fb9c0f411233a63c7d09783e,cand_441dd845b204a068dbbbbac8,paper_040aee36b3fa8790d5c8
T2_NUMERIC,3000,1678,sfti_bcb2d982ead496b6f4d1b75b,cand_427e20dba285d3683c953549,paper_d3384a041b7bca380507
T2_NUMERIC,3000,1679,sfti_c0b70b1762901c083615e5e8,cand_5ebc49ed4c5d441f1dcd6ed2,paper_3cec864523b3855c0a2f
T2_NUMERIC,3000,1680,sfti_d5991c89d4f8ffc7a93c66fa,cand_fdb57abdb79c0553ec41778a,paper_c8d9f103a73fcd2c159c
T2_NUMERIC,3000,1681,sfti_3076f29ed9656f21f493f94a,cand_235c3b71c6a3eff6d96009ab,paper_f00cd50c0c8adb622672
T2_NUMERIC,3000,1682,sfti_937eda42a24bef7389ab8055,cand_dca5da0a270e84649b23426a,paper_454aff797060891be3c6
T2_NUMERIC,3000,1683,sfti_609742278f87188cd339c76c,cand_17771440ed1f867e76ded494,paper_d0cda66392b22526445e
T2_NUMERIC,3000,1684,sfti_69e1da72a11d2e1d9cd39b4e,cand_966971745f8a633b19c1e7e8,paper_c43d2e0914f15b4a70e7
T2_NUMERIC,3000,1685,sfti_48e068116521898117aa83d9,cand_3c33d41a767256cbb93c7030,paper_67304a9245b9d6c41626
T2_NUMERIC,3000,1686,sfti_eb330e01d275bec385899657,cand_0c2ead7f4876d563bab57875,paper_731b7c2ef2e17c9e721c
T2_NUMERIC,3000,1687,sfti_25eb9de35974e1f371f60125,cand_f4ea84d13f66a4104aafb38d,paper_a6c7c43c9bb00b33965a
T2_NUMERIC,3000,1688,sfti_233551f7787c11e35ad05b2b,cand_839d149fca264b303a237299,paper_a35d36b9493ebcd5fa84
T2_NUMERIC,3000,1689,sfti_bea8bc0a933755859b9e08da,cand_c6cf2459502bf2424408cb06,paper_8fecf48988292b0785aa
T2_NUMERIC,3000,1690,sfti_3c0b22522a3184e779768b46,cand_4b4f7cf2020284f203fff223,paper_75d794e93419af346c95
T2_NUMERIC,3000,1691,sfti_fd178a6c812807445f70c246,cand_2df8900a8187f0edea83b5e8,paper_8d40d89731d42e529964
T2_NUMERIC,3000,1692,sfti_61d72fdd66dacb3d2c559120,cand_507bcb8eded12536ee4572cc,paper_5d5120a2cf840faee937
T2_NUMERIC,3000,1693,sfti_b8882327e37619cf785316b5,cand_843d7f1e7992438e94320fa5,paper_ee445c79be8a00b91f8d
T2_NUMERIC,3000,1694,sfti_1e7837e8df8245b295a30e9b,cand_b9fa8247f3ab1f1f68d2bc96,paper_3ab1dc47ecf0c400d8e4
T2_NUMERIC,3000,1695,sfti_20c449611a78a07cf669a579,cand_a388ffcbaf28ee7e93c2e1fa,paper_493fb857dd45cdb882e0
T2_NUMERIC,3000,1696,sfti_7afc138fb329cf74a33a9bca,cand_f27bab583cb5533f88dccf4b,paper_bd883eabafd2e7b17297
T2_NUMERIC,3000,1697,sfti_aed65b20437a2bee70ebc5ab,cand_c07c04ab5171d085d2f51c07,paper_1effe763b7ff437e1fc9
T2_NUMERIC,3000,1698,sfti_8cfbf5e030dfbbd265ea7c24,cand_93f33778e05a508f819fd014,paper_230af28c059ff9e246b4
T2_NUMERIC,3000,1699,sfti_b20db6effd1747de90528ace,cand_dc0b8b356f03aae99861b8ab,paper_80494a124ca2656927e6
T2_NUMERIC,3000,1700,sfti_319cdad0a92dcce95033af32,cand_09d4b3264ec4c5dcbb68deb2,paper_71d95dc9a2f9d34f71ae
T2_NUMERIC,3000,1701,sfti_2edd2a25ec72e52d766f0e31,cand_5011b88876fbbfbb3546ce78,paper_a8c55eceae6ca55a4392
T2_NUMERIC,3000,1702,sfti_cb48b8cfe08010eadd86f688,cand_34b0568d2b6fec2250ac4775,paper_a2eacde7fcf945fa8df6
T2_NUMERIC,3000,1703,sfti_b2450bd38c0416d2c44636e4,cand_4ab79135e9314767d7637479,paper_b4bcc0e4ecfb791477ab
T2_NUMERIC,3000,1704,sfti_fe54d55cfa9a7e0ed30fab10,cand_9d88a7dad1dfa1a8ad209484,paper_54617090ee3a4ee67d68
T2_NUMERIC,3000,1705,sfti_4de03a00e0595acf4a3f920e,cand_918ba4d1bc31567e44c64bef,paper_6195f36858a7f96beff7
T2_NUMERIC,3000,1706,sfti_542f79dc5420ffa84e4aade0,cand_ba527169225bdb35cd399b1b,paper_059fc5b9c39e4fc7ea23
T2_NUMERIC,3000,1707,sfti_f8b6c07163a8ee1894005fb4,cand_8358af8c2fcea4224917d846,paper_3ca537be4562a4063d11
T2_NUMERIC,3000,1708,sfti_59c9ab440584824fc1cefb92,cand_ebbe34b6eeb96c15589c99e7,paper_80f3958782a73e783fe7
T2_NUMERIC,3000,1709,sfti_62723b2f338a33ab38d4d78e,cand_5086919ab19a2d7986079532,paper_e9cc144b1569d2cdff5b
T2_NUMERIC,3000,1710,sfti_bcee478e30729eb9ef36db9c,cand_587a442089d8c273c4977b66,paper_e6ae6ab9fb979351c1c2
T2_NUMERIC,3000,1711,sfti_8ad457f67dfab875d3c0204a,cand_5d3ccf9bf5573c7249a87889,paper_d4eec71007c44517072f
T2_NUMERIC,3000,1712,sfti_341599fbc4dedd717dba6930,cand_75567779ca46318a7fa88ca3,paper_7d409e51f42cd8ac656c
T2_NUMERIC,3000,1713,sfti_4c91f60d2c8c9c8528a3e058,cand_830bf3dcfb360791196c85b3,paper_f3afec6e13796b766325
T2_NUMERIC,3000,1714,sfti_1009f5090c6a02694282f249,cand_2c0967aedc8c1839e472f54c,paper_3a1e1967948ef79e9bc4
T2_NUMERIC,3000,1715,sfti_10ab14728a938cfc586d38f3,cand_b48f189e783b95533bf299e8,paper_1505cb58904a14e9acef
T2_NUMERIC,3000,1716,sfti_d6b3c7bf256e4e431dfe0708,cand_89a2ad7c82160a92c1472266,paper_5ab28f5a2e15505dcc9f
T2_NUMERIC,3000,1717,sfti_c9d69a8f42e2d1658b9ef4be,cand_c78023e9e6d89b0e36565197,paper_aba23cbfef580e6ad9ba
T2_NUMERIC,3000,1718,sfti_e8c2a6aeea6583a7547de938,cand_54a5e8bfde201b30b09b3648,paper_aeda8fb50291efef0433
T2_NUMERIC,3000,1719,sfti_e4be769ccf4836f4caa5c8d9,cand_7c5dc5254763959e2bbffa3c,paper_2731ed413ed15eaf8736
T2_NUMERIC,3000,1720,sfti_4f4a82395d658b5b9e7d14e5,cand_c6fd7d542282c3105f4e1f89,paper_cc53d0299e648e6916ee
T2_NUMERIC,3000,1721,sfti_a871c59451199865da907111,cand_08fe19078ecb60d0185c3cc0,paper_cad4056b1e168f18b713
T2_NUMERIC,3000,1722,sfti_6274ea05aa8932618a05ca93,cand_36393acf241324ca31ca98f9,paper_1bc583c06e4ee3d14b2b
T2_NUMERIC,3000,1723,sfti_8e0eb7fe09dddb822ec3e069,cand_a054b57bfc63fe49afc6865d,paper_6ba850a9ab17db2dae58
T2_NUMERIC,3000,1724,sfti_8bed135df7576b5896532c1f,cand_7f20b48123b4a702e384be50,paper_e93d0eb808f7955cb1f3
T2_NUMERIC,3000,1725,sfti_955963caddf3daf11c4a9a80,cand_00fd2a13c0aec792c7b9df2c,paper_e794729eb1562a4b7f3a
T2_NUMERIC,3000,1726,sfti_20ab478529e731934039ea5d,cand_f9a1e1a6a9697acf806d9ee1,paper_6f4ca55294d5886cdb1c
T2_NUMERIC,3000,1727,sfti_f641bea82828b1213dcc67ab,cand_950ad589b36439fa32a472ab,paper_2cf89ece81e90cd3f910
T2_NUMERIC,3000,1728,sfti_708ddb057c63ea14985af91c,cand_0af179d183f4e1497e28d937,paper_56c1618d40a6eb8185c1
T2_NUMERIC,3000,1729,sfti_a3e566acf3d8212ac0d112be,cand_b699ca7d830abb21915ced89,paper_1f4567b736135e989979
T2_NUMERIC,3000,1730,sfti_fe2697920ec577db61e2084e,cand_639d020aa6227702648ca99c,paper_35b3eab66de11aeab930
T2_NUMERIC,3000,1731,sfti_b8d0b091f02a5b4e726cf4f4,cand_4420e284eb02b358996aa0b8,paper_233f31909fd3f28cf0e8
T2_NUMERIC,3000,1732,sfti_e7214de15b5b65e81d0039a1,cand_eb914c139c97cb1c2a81324b,paper_48fe6515d531f9067495
T2_NUMERIC,3000,1733,sfti_f86d9b0047b5a63c7167595c,cand_af4e7fad50c1cc9c81b2b75c,paper_e365b2946291c86625f8
T2_NUMERIC,3000,1734,sfti_666722be6187e0e6d3216c89,cand_9e6c460787169a0854ccf412,paper_c25c9260ec4470115f16
T2_NUMERIC,3000,1735,sfti_27b21082ef3c303092785bbc,cand_cfa278e26f6b296860e8e3b0,paper_f29582b34f36217f5245
T2_NUMERIC,3000,1736,sfti_1145d491d2f5d274bd0192b8,cand_ec5cc8bfb955a38ba041e434,paper_1b171a1a4aec0890360c
T2_NUMERIC,3000,1737,sfti_d1c521b89195cc2b5ed22942,cand_0aeb08ad76afd64dc1ecfb56,paper_11881c3333b09bc1adce
T2_NUMERIC,3000,1738,sfti_88d442806df640396dc2e87a,cand_f268c406b20b3622529aefd7,paper_4516ab29b73cc618f530
T2_NUMERIC,3000,1739,sfti_338066afbee8c65f38510387,cand_4ee9d1311ae25b0ffd9a1f99,paper_53fb745495c413ce93d7
T2_NUMERIC,3000,1740,sfti_2f5b83d4896de8dfd2d55821,cand_209b666a93a31d9a367adecd,paper_12a764f13952eccb5204
T2_NUMERIC,3000,1741,sfti_6b852d16be8c2bfbc5f00887,cand_2e7f02a6d014516066d2df2b,paper_21a73e1c5c35bd00e27a
T2_NUMERIC,3000,1742,sfti_ffc8dbdc0089795ed6b5932b,cand_457d0208e05a0440bbb422eb,paper_71526057ddf6ed98608d
T2_NUMERIC,3000,1743,sfti_1284cb9e061c08087b415672,cand_b9c51b8d5ac13308338ef0bc,paper_4c95075e25b3c259ef44
T2_NUMERIC,3000,1744,sfti_42771051c46a4d2fb02bd890,cand_0e2c4030591d75173ec0adb9,paper_3172c8ea2d5c6256445f
T2_NUMERIC,3000,1745,sfti_d47e548b6b1b9932ed5e72a9,cand_6d9d23ce6d2d45de2305f4c8,paper_221f0c916ee0712cd55f
T2_NUMERIC,3000,1746,sfti_05eccd9c0f222aea85bfe18d,cand_ac0943c29927e4587a01aad8,paper_41421cea964b6e798387
T2_NUMERIC,3000,1747,sfti_3c87dea7ef84550ed30fd3b0,cand_97bb531f690092dcf9a910e9,paper_c750381016e9d48f54f5
T2_NUMERIC,3000,1748,sfti_6729bbac11b019e58f4d95ed,cand_de187857a7498066aa013367,paper_dac18f93f70a297cc71f
T2_NUMERIC,3000,1749,sfti_84e2625dc86dddc6669ff1cc,cand_7c28de704fad4af5ba126892,paper_5082f5a8326bb484965e
T2_NUMERIC,3000,1750,sfti_8263612a715cc601d63f6b62,cand_2a7b04997d86ac6a8360b344,paper_3d69b6ca8bac023a2e37
T2_NUMERIC,3000,1751,sfti_cea4b753d55e899b1d255c61,cand_46e207fd78983b51daca8e71,paper_77fff62649cc89e70006
T2_NUMERIC,3000,1752,sfti_7fe32a9df80eb3f83e306782,cand_586951298b4d3bee6680c0c7,paper_2e7c7ada2c0738c9576e
T2_NUMERIC,3000,1753,sfti_fa312084c52b2adbd28d6434,cand_a077d5b24dcfea59d15cb1fe,paper_cea263957c803c2be7ac
T2_NUMERIC,3000,1754,sfti_0ff45d63f8913d71fd597086,cand_4a007b639cc5c6608852f999,paper_fcd41940e6c1c398ce6e
T2_NUMERIC,3000,1755,sfti_99ac89f0bd4547b7ac6af68c,cand_58c8c1c4701fe2894b66802e,paper_855a30d7906bf1696f18
T2_NUMERIC,3000,1756,sfti_9c4a582d236dd2fded4ba231,cand_58c6873e1fc74550f7b298ca,paper_7a234a0942160567de4e
T2_NUMERIC,3000,1757,sfti_9114506bcd250fd1d363c1da,cand_c2627e347bb5d9a285ea0a9f,paper_8968c63f74386825585f
T2_NUMERIC,3000,1758,sfti_39e4c9ed9f3d2416a5c53922,cand_1424f94e4f7b42593336edf2,paper_b45b8c314fefc9dc2f86
T2_NUMERIC,3000,1759,sfti_efc1b558782356ca88878e02,cand_d8f71d240a48109cd99d0763,paper_936af62bff602375aae5
T2_NUMERIC,3000,1760,sfti_ea8138573914d930aceea845,cand_012c969d197a894f1592854c,paper_4095b334fa6e74b81f84
T2_NUMERIC,3000,1761,sfti_e9d21b66a6f2c0f937c33118,cand_a40b2cba4abe1a35a0bd0d94,paper_341d7710302a2b329e63
T2_NUMERIC,3000,1762,sfti_9926d0ef439f0167e8b3c034,cand_ea34e31c1c58bbce199b4d2a,paper_5093d6ac5a8e5e472584
T2_NUMERIC,3000,1763,sfti_6969c74d4c781b44b6c4a31a,cand_d655d123e4fd7a71a8a931d5,paper_bfc002e4e2173fc7324d
T2_NUMERIC,3000,1764,sfti_d74b22d59cff1f74db6ab8bb,cand_cefb8bc8be5d5721f9ec3143,paper_5178edc200c7560cc5dd
T2_NUMERIC,3000,1765,sfti_ea2eec68ff264567152d9c33,cand_a1bfdc6306a2ed3107f6625b,paper_0d68ecbef45f9fc8cf90
T2_NUMERIC,3000,1766,sfti_eec618212e528855b686a443,cand_4a663f8466f27cc76a1fa55d,paper_26adb28c631c5b0f11a0
T2_NUMERIC,3000,1767,sfti_0e85784eb6fa93b1ce4dec0f,cand_2ba0d2a07c746d2ad0f13b51,paper_80824adaef46809e108f
T2_NUMERIC,3000,1768,sfti_77917858991b543e97fd5c99,cand_9297f9e1661898cb3ca3ae98,paper_ac38b317c822295aa2fe
T2_NUMERIC,3000,1769,sfti_bfc5badc89f64d526a0fd89a,cand_dc99defc2a544ad763a12946,paper_54e19b6fae0955d86c32
T2_NUMERIC,3000,1770,sfti_ffd3f45cd53d782efa617296,cand_11dcf657cc409e73f52d1be4,paper_75ba7a8d3c3e91ae2125
T2_NUMERIC,3000,1771,sfti_103860884f26a5c401d9936b,cand_bb1daf8c47ef3e595621a9d8,paper_78d9139681b32b96ff05
T2_NUMERIC,3000,1772,sfti_fccf87ccbf098e93bbfa407c,cand_a3daddc1efc6da29340be6f4,paper_624527ca377befda900c
T2_NUMERIC,3000,1773,sfti_2940e63d7c0a6099a73a225b,cand_9ac600f19aec36667e62a976,paper_b0b7e2f9a369dc5982ed
T2_NUMERIC,3000,1774,sfti_10f04fab09be192b8553fcea,cand_2daaa4d75d867dbab67e34f8,paper_b7eb43a1714dfea51b3f
T2_NUMERIC,3000,1775,sfti_926a5725940ab5985bc147d2,cand_38b32fe028654850437d3742,paper_b00d47de8a46a6c79806
T2_NUMERIC,3000,1776,sfti_d27f279c57b8e43215d5f4d4,cand_c6f801abfe923ae5b66a770a,paper_e1119708fab69f9652a3
T2_NUMERIC,3000,1777,sfti_e565451a8aa3404cf1bb9570,cand_c5c8e26929369ed881b872c0,paper_9229ac9cd28f9c9cac4e
T2_NUMERIC,3000,1778,sfti_024013b5587b21bda5921879,cand_708018ec039454882b5aa9f0,paper_b97fd1a5935f47e10c77
T2_NUMERIC,3000,1779,sfti_6d26a6386cd439cca3244872,cand_0cbf1409efc54440825b428a,paper_8dc8785106d0600e3d72
T2_NUMERIC,3000,1780,sfti_a14d46bd85d2d602b62b9c7f,cand_c4a972c8389cec1030dabd2f,paper_d792d6f81b5dfd11ffa9
T2_NUMERIC,3000,1781,sfti_c7e67964e8ae22841704bca8,cand_226ec49681431672e294b210,paper_2816bab6cf493c5dae75
T2_NUMERIC,3000,1782,sfti_a598e2e9c804e4af4f6f64d7,cand_ed1d39dc39f5a300c52ad66d,paper_c98ae0a78fde0cd2da77
T2_NUMERIC,3000,1783,sfti_4a77b2a51749d981f7c7f7b8,cand_efb08eefd271b5ca7eea24d6,paper_41243b2e71035d29da90
T2_NUMERIC,3000,1784,sfti_11d032d2f6102a3c33d5bcb8,cand_a576d06a19318b6797f50155,paper_2ce6080bc78f6dc4bbee
T2_NUMERIC,3000,1785,sfti_e2fb916f3cbe48a13600d897,cand_771abcdca636653395f29e93,paper_a15d6db1e341ca841faa
T2_NUMERIC,3000,1786,sfti_c853cf592e80397b750ef14b,cand_9ba2edc0afd3c390082b0f64,paper_ed51e9d5b91c7ad9308f
T2_NUMERIC,3000,1787,sfti_37718b694aefcc33c21d33a5,cand_2ef194837ecddd3963be12af,paper_b02b1015a4d81c005688
T2_NUMERIC,3000,1788,sfti_8e7aecc0667c96aefbafd452,cand_30098ba8db43064a009fa1c2,paper_0a926d479528ed19bc99
T2_NUMERIC,3000,1789,sfti_07dc54fac2130017a5cb5cea,cand_81da2ad4fbf861793cdf2d94,paper_3931b2764d33f08f9b60
T2_NUMERIC,3000,1790,sfti_448d742e1709340c15654416,cand_2613e830a3038beba47cf0e1,paper_f70c8739c330b884890d
T2_NUMERIC,3000,1791,sfti_adc59d200da50f22edcc9b7b,cand_ca786cdf7f5f31f650615421,paper_a3c79491871022da9d5d
T2_NUMERIC,3000,1792,sfti_20f9c3db7083be2d14043248,cand_583008b84b79e451262c15c9,paper_4f264f36aaa27725d764
T2_NUMERIC,3000,1793,sfti_99b24e246c9691543d65edec,cand_e0e4bd7614192da7f64f377f,paper_9eca70ac9c66a0ecc684
T2_NUMERIC,3000,1794,sfti_2d5ec96401cc7969b617609d,cand_394bbb07020329de4951d091,paper_b2d1155ad3ce1f678145
T2_NUMERIC,3000,1795,sfti_8983807c7cad0d0f115c27cb,cand_f5e4c32cdfda397617121f61,paper_d9a7caa927432b9a5d58
T2_NUMERIC,3000,1796,sfti_66810bbd00de2550c269f4dd,cand_aafd9a441dd0b2708faa3255,paper_601bc12e30c57fc9e58d
T2_NUMERIC,3000,1797,sfti_4b2fc1dfc7cb8bf8bcc9c32c,cand_96b74789aa40d94d1b4a42b3,paper_780ca30bca1371cb91c6
T2_NUMERIC,3000,1798,sfti_43a104e758d62a251346172d,cand_53f694cbfd4e6e004163dc09,paper_1a8139b3d1a58181a74a
T2_NUMERIC,3000,1799,sfti_2cce069f064f12ebfe745b3e,cand_49d1212e4b252e62026a8ae2,paper_8b6c41dd419735fe1e01
T2_NUMERIC,3000,1800,sfti_e7bee996ff02c65869f20f40,cand_b8b5cc6c06104a5a16e0b7b0,paper_a29e23e2440fa2936e13
T2_NUMERIC,3000,1801,sfti_41bfce8aec6dd2d70de4203c,cand_0a2305f0cac7b0d59a183d3f,paper_a462119ad795fec5ed0b
T2_NUMERIC,3000,1802,sfti_9a1b508cd51e4b812809f145,cand_1a2cf2f46558c7714bd58176,paper_4dc2eadc3749a7660e20
T2_NUMERIC,3000,1803,sfti_c8c6589c466881d33c43ecf4,cand_5435be70d3e49b6601907ea3,paper_d9833886b4d05e7f2e35
T2_NUMERIC,3000,1804,sfti_9562c1030ec1dd26befc929c,cand_57ea71ee870c9402ee892b34,paper_da0c94aa9e114e114416
T2_NUMERIC,3000,1805,sfti_dcef86d1e70e0628bae91415,cand_7070c0e2e630e936ddba55d3,paper_f268a30c446bf23e6318
T2_NUMERIC,3000,1806,sfti_faf31ad6381c49f2d877baad,cand_567a170efa5acca3c2f75b08,paper_27f10dec8047a843a6ec
T2_NUMERIC,3000,1807,sfti_3059ac161392b76937a826a5,cand_9263f2fd7513ca93fb8288ce,paper_60859c18d1b677dfeea1
T2_NUMERIC,3000,1808,sfti_7e5baa89db5fe6edfa69ed61,cand_62e0c15501a78d9efeb54872,paper_76ea1bc753a6f3bd627c
T2_NUMERIC,3000,1809,sfti_75a2ae96a14695eb8fa12bc7,cand_67c96f46ca2f83e6a209fcb5,paper_1d196ac13fa57b930414
T2_NUMERIC,3000,1810,sfti_81253c69e748ad90227da611,cand_29687fe1a5b18edc184c35bb,paper_523bf9cac06b97bc6deb
T2_NUMERIC,3000,1811,sfti_3982dbfa13744dd7f2937696,cand_ee4fe90fbcaf1575cdb57356,paper_5402d0c9bc6929b9ebbf
T2_NUMERIC,3000,1812,sfti_53b72a98029825352f65c851,cand_17346ab42567a22cf6d59cbd,paper_011f61f82937545da1fe
T2_NUMERIC,3000,1813,sfti_a680a1ea6c89e74a9e74529c,cand_208b230336e45f4531e8a66b,paper_d8e4d2ebb449ff45541d
T2_NUMERIC,3000,1814,sfti_8211c64cb28c0280241000fd,cand_0e1a0d86062cabc4f84528a6,paper_a10b7a021d06c267c421
T2_NUMERIC,3000,1815,sfti_5cff8d872ae10e32f3f4e883,cand_399992df504bfb0c02d95e76,paper_78c0ed038711160919ae
T2_NUMERIC,3000,1816,sfti_81cba15b919ca18b51ae65ea,cand_3d723612f22b11f349ae7eca,paper_aa476f4b57cf73cdac62
T2_NUMERIC,3000,1817,sfti_2aa23c6d1bd45225ae5e39f9,cand_eb893422376dd89af8259a59,paper_31574d46962b0f0e1fa9
T2_NUMERIC,3000,1818,sfti_9b6cd6c7a6b02fc30456443b,cand_c29159a4d558a253a81d547f,paper_49853d61ac9e78b09d27
T2_NUMERIC,3000,1819,sfti_3e7a5874cab902f7d58e7904,cand_4b35cef613596eca55d4df6a,paper_4d0337b843a1c2be1c2d
T2_NUMERIC,3000,1820,sfti_3e14f7fc12a99ff5ebbc99ab,cand_d9c1e9abe2395e04bf1ba01d,paper_204dc0c975ccb06e9f3a
T2_NUMERIC,3000,1821,sfti_380f484cf08360bc889fd286,cand_a69a678b4d60ce79180b3ef9,paper_32d318d230fb473bc762
T2_NUMERIC,3000,1822,sfti_69d0a0d5c8cdff9c3f7053dc,cand_f3057bab3d51f399f4444d8a,paper_df87e85f2ad904ecb786
T2_NUMERIC,3000,1823,sfti_639a9c397c63b08c915f4e18,cand_90221599579d686e3f905ddd,paper_a0adf00e90a5c04d75d5
T2_NUMERIC,3000,1824,sfti_757c1c65abb19773305b000f,cand_e671bf22113973e1028bb713,paper_abdcf3b1f6f194333726
T2_NUMERIC,3000,1825,sfti_3c889fff68b7288b95f28c80,cand_167e684deb1c395c80e776a3,paper_cdcf8c0ec6e244c9da7d
T2_NUMERIC,3000,1826,sfti_2d0957449ea5c92419933215,cand_c17f56ed8eb6ebe82a3e9299,paper_62c06fe656b0bf41bbe1
T2_NUMERIC,3000,1827,sfti_51e54ea612879ca5446032fa,cand_62b2bbd807ac6db916b2ff2e,paper_4b85962af18143d5abdf
T2_NUMERIC,3000,1828,sfti_a8ac74f9c70794f3e80a80da,cand_724a9115595324ce66608508,paper_9ecf94b62655b1c23adb
T2_NUMERIC,3000,1829,sfti_b763d49ac7bf6c99d8ddd55f,cand_ca4efc12db691d33c2945eee,paper_47024cbbcdb16ac50eb1
T2_NUMERIC,3000,1830,sfti_ef1e78bf37112a660dc53ef5,cand_207cda365cfff0a4dce825a4,paper_ccfcdd53b9fac7e46b8c
T2_NUMERIC,3000,1831,sfti_54b72e24c5e2b8c019bab3ba,cand_0b8f6fb703ccfdb573118a84,paper_8ba295c2e16a973f8058
T2_NUMERIC,3000,1832,sfti_6332d302d627ea5aa4ffac87,cand_1831ae26bc226de411df3bb0,paper_9744040006c757b714ce
T2_NUMERIC,3000,1833,sfti_726a983a2405291262be86fd,cand_24306967510b7e048c34bec0,paper_e134753847abd81208e2
T2_NUMERIC,3000,1834,sfti_61f94d447451dfbbe2b2e6fe,cand_21f5341f5dc1e9449b99027d,paper_cbd6f37a37686d0e5adc
T2_NUMERIC,3000,1835,sfti_4f0f814d0a37642ac43a8d90,cand_1a8b41359e95c282adbcea5e,paper_4da9480afde49d0b39b6
T2_NUMERIC,3000,1836,sfti_bc297910f1de94456f849e4e,cand_3d2f67175b20c9f0a0bd781e,paper_edceda0c326e8eb1ac2d
T2_NUMERIC,3000,1837,sfti_f9a7114e7d80ca2582a40c59,cand_e73597e4ceb4bdf5e5c86ef1,paper_789a6d1ad075245bcb69
T2_NUMERIC,3000,1838,sfti_0a9d5cff8b1150373f5a8883,cand_597cb3c785823afbfba13632,paper_27cb55815739afd98af7
T2_NUMERIC,3000,1839,sfti_43e188e63d51a21f9dd291c8,cand_fd0ca17ee91173904acfae95,paper_0ed9f754b3e6923e604c
T2_NUMERIC,3000,1840,sfti_ad051476ddd78aa6a8f76e64,cand_4e30744220b8e97d247291f1,paper_946d4c2b5781949689cf
T2_NUMERIC,3000,1841,sfti_468913a196bd58cf1431ec03,cand_8b60fa412c1e31e15b9413a8,paper_b06cab9034f967174a3b
T2_NUMERIC,3000,1842,sfti_b02ed275e8095c25ad443279,cand_5985dd81a41fe49ef248b2f9,paper_97acf7f1735788135ab2
T2_NUMERIC,3000,1843,sfti_9f48009bb84c554dc189e2c2,cand_49c28641c8384ade840a6afe,paper_8887b871f470f66c3361
T2_NUMERIC,3000,1844,sfti_21d7837ede8f653b6a1b52bb,cand_f3ee5c3fb73f165b35d1d2e1,paper_aa20e44800f1e436506d
T2_NUMERIC,3000,1845,sfti_d192cb90e8aca0eb206978e7,cand_151886bea3098153d1d4f0c0,paper_b78f0ad273c0f3734d07
T2_NUMERIC,3000,1846,sfti_84200b9a5cc6cdc349d33595,cand_7ea9c85c2e7213afc2eb4bd1,paper_7d9f28a4e6c574da1959
T2_NUMERIC,3000,1847,sfti_58c1baa6659dac2bc8c88681,cand_f74c415ae9c5f6a36a01e43a,paper_ff9b82de434c6ec0f4b0
T2_NUMERIC,3000,1848,sfti_6835ec394b68ffae74c37cce,cand_44892248db54f1f06c3dd5b7,paper_8d683bd872e36ab148f1
T2_NUMERIC,3000,1849,sfti_9e732d80c8419078d66743d2,cand_26792c3ba4d9e41780ac7c4b,paper_e0e569e36087955e0b06
T2_NUMERIC,3000,1850,sfti_f0dd21df6264c7b32f3fc8ad,cand_5642e701ec5ab2ae764b4c63,paper_cbcccf219bd7c6074e8f
T2_NUMERIC,3000,1851,sfti_4fb33df10bb9cd440d05effd,cand_f0f0b2490081a060865c298a,paper_e15473cb8033ba3e230e
T2_NUMERIC,3000,1852,sfti_914e2e6205d32170318f33c0,cand_e9d6495206963f019bff6fd4,paper_316995de6816ef27d70d
T2_NUMERIC,3000,1853,sfti_35d506a4fb06b7049b9ccac9,cand_3f81c51a97a5d3946d0f15d3,paper_1a1142f66516739f76d7
T2_NUMERIC,3000,1854,sfti_b3f03126340bd2f3f5a0c4c1,cand_0c17a1ca0385c76b5d2124c0,paper_427c674a5ba07d6d0b9f
T2_NUMERIC,3000,1855,sfti_ff70bc100dcd1ebd83d15059,cand_982cfca75aea2ddd2eeb4e97,paper_2a6a270bb59934ec3ff6
T2_NUMERIC,3000,1856,sfti_3fa9507218698e134ad0f543,cand_e9816169a4f56b37e727172a,paper_48bdcdab69ea39f7f2f1
T2_NUMERIC,3000,1857,sfti_29943d4aef04045ada4df1cc,cand_8b778a9d192f4231a78cae76,paper_71207db0d83368572f67
T2_NUMERIC,3000,1858,sfti_0586cd8b3df6a4ee399d8d36,cand_b195c2ef7f5590decb784ba0,paper_8e2073558413f59f9196
T2_NUMERIC,3000,1859,sfti_a23cb9e7463fc2933c8f50d7,cand_842773f8d7d35ce722858e4f,paper_a26ecb38a15492aa8b60
T2_NUMERIC,3000,1860,sfti_1dbc5f56611956385c243ac2,cand_90128e5d82533654bd577757,paper_8dafbce5fb34e25f3bf6
T2_NUMERIC,3000,1861,sfti_41eadcb69bc6a46091751bfe,cand_f55b66519dde1ac2e3b5b779,paper_6d2c20d9a4b4a6edade7
T2_NUMERIC,3000,1862,sfti_ea1fd18201bd8489e58f7dfc,cand_d003b4374f8f0650ba61465f,paper_2990213101a302c6829d
T2_NUMERIC,3000,1863,sfti_0499fa2a14103567d4ee13b7,cand_e82af44ae307b54cb1d8a986,paper_6c5c6b112e0865b22bb2
T2_NUMERIC,3000,1864,sfti_ea503ec69d047ae2fdb23a5e,cand_8cfa5f638cec00aea9b9cd44,paper_74e1a086c8cbbca52bb4
T2_NUMERIC,3000,1865,sfti_2c9259754a880e0455b5d192,cand_ca9387b7af39c23a66246300,paper_8b945006f5be45871ad5
T2_NUMERIC,3000,1866,sfti_7bf066736099ad36e8ecbf0d,cand_2be280e4129ffe44e7e89ca6,paper_ff9bcddc9e61e49488cd
T2_NUMERIC,3000,1867,sfti_d412c058e2d170cc8c149872,cand_27cf72dd38e7c0e6cc378390,paper_87f744f573ecdefa9ac9
T2_NUMERIC,3000,1868,sfti_dcdfe38b0d1cce31a23dfb4c,cand_b67c5d0bfc0bed2da11beb03,paper_54666dff53c384cd7509
T2_NUMERIC,3000,1869,sfti_88e83501865616b40e61a9f7,cand_b6f9daa2cf3be1e95ef82b1a,paper_303091be2da1043584f5
T2_NUMERIC,3000,1870,sfti_fad5a4d07646fc35343326f8,cand_3ad9b0783109d834136961f6,paper_c6717e49ec3e5a60cde8
T2_NUMERIC,3000,1871,sfti_1e8ea93b5c9d67c87367599c,cand_2d1f0c967cc485c986538169,paper_fcaf441cb221e2b6404c
T2_NUMERIC,3000,1872,sfti_641caccdc73ddf881d6f590f,cand_8db15b5a40d5897a65f10a31,paper_ffb77e56b0c059fd6ad0
T2_NUMERIC,3000,1873,sfti_ada1d0d2e9fff49655473441,cand_19c9b5daa2cd2cb7cacbd9bf,paper_92169ac77d0b042008ac
T2_NUMERIC,3000,1874,sfti_3bc4500c6447be25efaf965a,cand_cb5996f605e7026afa493eda,paper_83d6440ad70ea0a7d858
T2_NUMERIC,3000,1875,sfti_8ca551c09dd2a0d20f13a14a,cand_da140bdf51b9402ca91dd54a,paper_eebf3854a3fb0b3a28f8
T2_NUMERIC,3000,1876,sfti_37c8286051f9d4281b35a056,cand_da07adb910fd367e7c815f15,paper_3f0e855d24d6dc79c1e3
T2_NUMERIC,3000,1877,sfti_d8d53df8d8df06ac007e9561,cand_8c5cf23b2e72315f7a0b5f12,paper_6aeec59adf7bbd4cde2c
T2_NUMERIC,3000,1878,sfti_10015558897106cda9bb58ad,cand_eca45ad827149f1312255255,paper_7734cbe4a04d563059d5
T2_NUMERIC,3000,1879,sfti_5115cf8b5b4762f036d546ee,cand_ca396cc639742733cccdb400,paper_8bb002fe8cccfd64ca1e
T2_NUMERIC,3000,1880,sfti_f6403d2ffe38ad33a0e8b48f,cand_505c9bbfacff5fc91773088c,paper_8691c723d50c80ac5bef
T2_NUMERIC,3000,1881,sfti_969e4ffd295993bfdb05cc67,cand_b82d6f6241c74146d43d73e4,paper_bd359ec88ae2f7b2171b
T2_NUMERIC,3000,1882,sfti_3d4b75434c58c06f2a42f4ac,cand_9492c350a4802e9dca43551d,paper_1372d5c8a2a6b2f5439f
T2_NUMERIC,3000,1883,sfti_f21d21c5f529ce7609425e76,cand_b8260c5512bc8f158d3f2722,paper_f3358996f1aa09154e84
T2_NUMERIC,3000,1884,sfti_c58345f8f747eec325c42912,cand_564ca4aaa528aa1e0ee96318,paper_1e65e9d0a8786fa0982f
T2_NUMERIC,3000,1885,sfti_d1c9b36f99a0f1fbf32b6f34,cand_1bc4104d2222b6d97f1b8044,paper_54e89ad05f8c4b91f7ea
T2_NUMERIC,3000,1886,sfti_b2a6e67d46ed05ae9ebab177,cand_a537337e2f9b1e0e7ba2d6a2,paper_f601e8a12be51a3dd8e1
T2_NUMERIC,3000,1887,sfti_a1006c34a27d51cad9c392b5,cand_3bde650b3b385e9f7a750fe8,paper_72149d18c080d4a16b73
T2_NUMERIC,3000,1888,sfti_769ad66381bcc9534f3c8f28,cand_17b1caee3193d88afa884ca3,paper_0475da2955b53fdb6606
T2_NUMERIC,3000,1889,sfti_4b11f000ce8d5def0290b11d,cand_9d616ca221cf064628932913,paper_950a799313e78c49d6cf
T2_NUMERIC,3000,1890,sfti_3d1497c70992605d245c4914,cand_915ee9fcb6f970d2ff65ad9a,paper_d21f5d7ebe96b45203db
T2_NUMERIC,3000,1891,sfti_b8b179bff00363f88671b969,cand_08debbe70458002bad77452b,paper_70a33f00de4d371b40b6
T2_NUMERIC,3000,1892,sfti_6ffc2bb89db331a7f78a37d2,cand_ff23eaaa464d9339d5e9cdf4,paper_4611789ef7e3c08c3ac9
T2_NUMERIC,3000,1893,sfti_ef55029405212fa096d15ef4,cand_dd5b918b37de6643bb26eed4,paper_ef33c31cea19815c1c79
T2_NUMERIC,3000,1894,sfti_e69010e71b55361a37a9668f,cand_3ea1d7d5801ac337177371d7,paper_f45797a88c262068bdbc
T2_NUMERIC,3000,1895,sfti_07cf6c08980b52829f9bb93b,cand_20534d5e5528d02a944969be,paper_1457112dc99c723c0947
T2_NUMERIC,3000,1896,sfti_4a8fb3870fcb7029b885de93,cand_26aeaf69bc07d8f22b045744,paper_ad960a099664c9384385
T2_NUMERIC,3000,1897,sfti_ce58993d7590cd329700cfd3,cand_2239fd86df6ddca04f18a288,paper_44e0d5bcb4ae4c4e36b0
T2_NUMERIC,3000,1898,sfti_909d7ca6506b112cd1257d1d,cand_be69d09f8b071f6e48181f05,paper_3b63921dc7b40442b746
T2_NUMERIC,3000,1899,sfti_5323180b0363cf6771a32555,cand_45d92a7cc89e8439c678c339,paper_9d036f816105712cf14d
T2_NUMERIC,3000,1900,sfti_cf385b5cf96a449da9c8da7e,cand_3ae2de3237a6406097e6577f,paper_c8ae2c8db4e9cbb06f0f
T2_NUMERIC,3000,1901,sfti_2bfb267bd31ab5c2a77d40a2,cand_56e8311b090dd203d549d862,paper_5cfd274b7e7db8058b35
T2_NUMERIC,3000,1902,sfti_c9b16ed8dcacbf71f1e1c873,cand_d48000bac6c483e4ffec359e,paper_29263f13859eec1bb821
T2_NUMERIC,3000,1903,sfti_128819e14b6e6d7f007316e7,cand_43f172c183bd25b8dc15adf8,paper_66ca7dab0efb8628c218
T2_NUMERIC,3000,1904,sfti_7b0b0d6b071cf380f530143c,cand_8a6558ee28305c582758da2c,paper_19daba2982570ad40c44
T2_NUMERIC,3000,1905,sfti_d40c96e2fb1d150c8226be44,cand_cd85365269bdc7ffddd39eda,paper_775561e5dc791ef2cb02
T2_NUMERIC,3000,1906,sfti_9ea0c03194b9573ea2aa8212,cand_2b5c162c315d1773ff69aaae,paper_4135aaa949a7342e60c0
T2_NUMERIC,3000,1907,sfti_1820aab1fdc6f8596c0b3a84,cand_9fe3f59b5202993370752bed,paper_d416d61532bdecbfaccb
T2_NUMERIC,3000,1908,sfti_04c0ce3e420fb5a882e05255,cand_9fbf9871f2c60a11458d43b1,paper_814885c7706c9991ec46
T2_NUMERIC,3000,1909,sfti_b199b00ccb3dbf69ddbe1ee8,cand_3dcec6d8a1d2c3c31ecbc4be,paper_c12924d3071f576e0c31
T2_NUMERIC,3000,1910,sfti_ec8520054faca448e1168e13,cand_7f4066dd5e44aab3f5c5c7e0,paper_0d660ed882f95ed7cfef
T2_NUMERIC,3000,1911,sfti_46f4038be373342b9dafe583,cand_af13d758b769114695f5e77a,paper_94c7e4b56b7cb18769b0
T2_NUMERIC,3000,1912,sfti_56caa11d53092f29f4be29f1,cand_8e4d34ba40eb5301087c0fa5,paper_4b3e2d7da58e94877ec3
T2_NUMERIC,3000,1913,sfti_e61e296efb76b3abe95a4bff,cand_7092174780b02d4b3ca9075d,paper_a426e3e98e6061d7b10b
T2_NUMERIC,3000,1914,sfti_de969426d03ef8da0ea5fd8b,cand_027a13cea7c604e615caaf66,paper_33d29fa4c709b83e9173
T2_NUMERIC,3000,1915,sfti_e610b2e99e8f6100ab63ba7f,cand_7e50f558a194078f7cf635a8,paper_57070c9df2bbb7169952
T2_NUMERIC,3000,1916,sfti_e8f3f571ac0e121c86462ef9,cand_9292e83413999c51b53744b4,paper_b8ddd96d66bc3769a35d
T2_NUMERIC,3000,1917,sfti_63f240c7141fb5d618c64e57,cand_dd32f2b34d81a5a5eaf7333a,paper_cc53b0e72fd307d78825
T2_NUMERIC,3000,1918,sfti_add8f63a76265da5652e3f29,cand_87d04b3956f8f2ea59ef941b,paper_105b9b987c104bf5cb6f
T2_NUMERIC,3000,1919,sfti_ab487a6cea991825af1b80c9,cand_d1e5674660bf300a76789f6f,paper_41ca79d98776e33910af
T2_NUMERIC,3000,1920,sfti_b77d04215d235ae7a9750ca5,cand_594904358c550f48211146ab,paper_888d630bcdb565561a56
T2_NUMERIC,3000,1921,sfti_b844e128bed9cef70eccd65b,cand_a9a6ddceb289c284bd6dfb89,paper_f127962446e96a02507f
T2_NUMERIC,3000,1922,sfti_d358f799a3f24c35c805c98d,cand_0eb772d06b54d7a386b358ef,paper_4b2d4a71a16ea1e9c2c7
T2_NUMERIC,3000,1923,sfti_e5b4a0161fd91a52f329ff50,cand_26514f74952f64d1b148a883,paper_1bcacd02dc9d094de149
T2_NUMERIC,3000,1924,sfti_39834e11a5da38bf6302952f,cand_0ffa59a5a15d5942d4bf8244,paper_a321253be2df8e289b95
T2_NUMERIC,3000,1925,sfti_5a17010134648799f10afe42,cand_e52461e1c6e600eb7522e494,paper_772843d89b24948dd741
T2_NUMERIC,3000,1926,sfti_a284c759e8fc107ac8de9ff2,cand_f4b1482631945ed88ad20ad6,paper_bfbee9103060405ddf4a
T2_NUMERIC,3000,1927,sfti_d9d446a356b246b765e5fbeb,cand_2b3b1ece4a0f9482d6640203,paper_5a2b4cc8b25bcc431e57
T2_NUMERIC,3000,1928,sfti_96fffe6caaaba1cf11ea0405,cand_e0391df6daaa683836070455,paper_8af876bb4b710a9e6b04
T2_NUMERIC,3000,1929,sfti_90cba88a7ae6f5a32ac12feb,cand_a7bb036dc5a9bacfa89ac4ce,paper_5d67a811c441e45c0ef1
T2_NUMERIC,3000,1930,sfti_68e56b16786dbd038908ccd2,cand_ecf32d047c20e82b76c95b04,paper_a9b7cccd95ca07156fb7
T2_NUMERIC,3000,1931,sfti_3858e753a95b54d70ecebbf9,cand_0cc21e72cfe28636da67a670,paper_22e2b4a6a3827317eea9
T2_NUMERIC,3000,1932,sfti_7b8b8e2f57e9e5d9011be07b,cand_9e225c69a3e2c21e805c8553,paper_13fc56a51dfe60a5074e
T2_NUMERIC,3000,1933,sfti_e9ed712a96769231e50f7cab,cand_da94fb99f35a1dadff6925bc,paper_3d161fef9d71e18b98ab
T2_NUMERIC,3000,1934,sfti_c9efc98eb3e97f87b85e0930,cand_da9f826fd3621f0db68b74e0,paper_b8edc7930b5c5f8e22f4
T2_NUMERIC,3000,1935,sfti_d655ef992b18459010af37a0,cand_2798c26f466f23a6dc5e5349,paper_42ede648fd3ee44ee32c
T2_NUMERIC,3000,1936,sfti_bc5eb3e7048adf9c76dbb1fa,cand_e27081d4dab6501add0a6369,paper_2cead7bf3791c2b24bcd
T2_NUMERIC,3000,1937,sfti_5bfbf51ff81f8c985cb78434,cand_6acbb58749be81ab1bdaef06,paper_cd430a12c79af147592a
T2_NUMERIC,3000,1938,sfti_cc94108015b248f4fdc517d2,cand_9944b87b7826fc1b822113b7,paper_f58eacffb09f17790ad5
T2_NUMERIC,3000,1939,sfti_647f3dec95e4922ee545a385,cand_afd1f8a19899586aefd9e90b,paper_576d45aef8ed66b05849
T2_NUMERIC,3000,1940,sfti_65a8eb1d072847ea4b77753d,cand_73a431cc8eee13a208194dfc,paper_89ea92aa5842a2c088a5
T2_NUMERIC,3000,1941,sfti_8f09f7971cb042b3876bcfcc,cand_c3b6324173751f6f271c1842,paper_654a44c8e94205f86a24
T2_NUMERIC,3000,1942,sfti_1e4e546a6b73e76af0f17f14,cand_5a8d14d73a057d6b97f651de,paper_3d61da838c57a1fe15ef
T2_NUMERIC,3000,1943,sfti_7bd76fa22e7f87a863b47e7d,cand_12221dbb1ee6a85974fc7f89,paper_9cfcfcd2ed71c0ca6a56
T2_NUMERIC,3000,1944,sfti_241e6c935e59631c3a801e27,cand_6531ea63409910485b6a4072,paper_33df1a35a12b14084cbc
T2_NUMERIC,3000,1945,sfti_b8911e53f595f0fcf271c7bf,cand_aaf42966461a66fe956eb70e,paper_8c08bcd6a22c0c9d7824
T2_NUMERIC,3000,1946,sfti_f22c66b8a91392425a2e09ef,cand_029fba6ee4c79e0d080c0917,paper_8313683e31ffdfb17404
T2_NUMERIC,3000,1947,sfti_5381b7fc8de662ec9a674998,cand_d82c07eb0302edf4435b2b85,paper_8378092c91046db513a1
T2_NUMERIC,3000,1948,sfti_4a2eded68527fd0baa2b2f7b,cand_1172068dbfb008d36c8a7918,paper_72aa787d4e6e06cdcaeb
T2_NUMERIC,3000,1949,sfti_ad6080bb969acb58a498e38a,cand_1d0e7313449ff0a6487b1638,paper_fb7b63214de684b2f11d
T2_NUMERIC,3000,1950,sfti_f04cd67065ede755ec414511,cand_89020c12418ff392621d1a4d,paper_155f03396b28757938db
T2_NUMERIC,3000,1951,sfti_c32b954020b48f60f9f2b6b9,cand_f8798766dbd5d4ab2a0356d2,paper_a687762c5556fb915b19
T2_NUMERIC,3000,1952,sfti_450595f417cfa9379929677c,cand_cb021cde943772e44e48eb28,paper_3c32c12bfdc4fe56f015
T2_NUMERIC,3000,1953,sfti_4336032ada57dcde328cab8b,cand_c1870e91bdc566e12b84bd30,paper_d390a5f36458d70517fc
T2_NUMERIC,3000,1954,sfti_287c9eb4ca2088763e66f500,cand_5469b0adf42e7a9eed705bde,paper_871172d21a3f1d64dae1
T2_NUMERIC,3000,1955,sfti_3b6e1c64f87243c7213b1454,cand_3bcf6c8818c087464f4f5168,paper_0e8628887f1d22aeb17d
T2_NUMERIC,3000,1956,sfti_cdbcdbdc887c07848fcab4d7,cand_8394c31d1daaf34ca25bb338,paper_70c25393cf57bb9d618f
T2_NUMERIC,3000,1957,sfti_4bf3477ee728a48d68a75b98,cand_3a2fbcc27c34b6c86ce6187c,paper_624dd7d7645dc4e39220
T2_NUMERIC,3000,1958,sfti_f33b8cafc2ac75b5d079195c,cand_1c2364347507c92214b4da63,paper_0ca1a64ca43828e8bc89
T2_NUMERIC,3000,1959,sfti_3d365ae856bfe9a192677744,cand_975e12454eec3ed92fe0fdea,paper_dce85d264393d934c1c2
T2_NUMERIC,3000,1960,sfti_30977f422e83b2f9cb04eb9b,cand_48f4f4dba30af89c4089b937,paper_720b22498f414f802bbf
T2_NUMERIC,3000,1961,sfti_f5b9289afa26752b46a60b49,cand_239c93c239316b95e62a4758,paper_2a77513d8432605df47a
T2_NUMERIC,3000,1962,sfti_dbc7ca75dda48d36adb6d201,cand_dea19d5d1a420056586d6b3e,paper_cd7bd86e9372991efbcf
T2_NUMERIC,3000,1963,sfti_087cefd4f5ea33bea530af32,cand_71ddfe781234f2b3be93c5f7,paper_5349ecd090956229107a
T2_NUMERIC,3000,1964,sfti_4d6bdf62b86436ae77eb67ee,cand_d88b457ed3b5e41230f0956c,paper_da44c61204fbe98bc3c1
T2_NUMERIC,3000,1965,sfti_16110db58836e5be00694b70,cand_c36629ce048fd33667d1a51d,paper_0c8fe79b1c0c17ae6ae2
T2_NUMERIC,3000,1966,sfti_ef2629ac110cce1e52d8fecc,cand_bb7aa775cf1cf9ed777f1844,paper_ff188907dc0778979d1c
T2_NUMERIC,3000,1967,sfti_c77a21d2df8a81c2ef21676b,cand_d0e89e847b40402383671e98,paper_527a780511b23ba51453
T2_NUMERIC,3000,1968,sfti_3211103afdb4f16ef6e6c67a,cand_ee57cae020acdc2984332cd6,paper_0962973634343215e4d9
T2_NUMERIC,3000,1969,sfti_021ab0135fcdbe75cbcbaa11,cand_4fff00e95f062196f7710b40,paper_8ccd91a72bef8f3d8945
T2_NUMERIC,3000,1970,sfti_b0ecd568b87c6ca918482923,cand_ab2420b027b5dfeefb77184d,paper_ceadc9933a3d9d4c5c07
T2_NUMERIC,3000,1971,sfti_02a719452b09aedbd40b38e2,cand_f38e9f8982835c32bfd15899,paper_c70f3e6133978235b579
T2_NUMERIC,3000,1972,sfti_133d3e40b78f7716bf60d914,cand_4e457b3184732fa4400a5ad6,paper_f1d7cd92d2e39bad89e7
T2_NUMERIC,3000,1973,sfti_63eaf44a76870d21e2c3d774,cand_ada68f9db28267952b9bcb1a,paper_54c941327d5770443b5b
T2_NUMERIC,3000,1974,sfti_b55fddae2acca5e5011d1c4d,cand_cd474480299973b12678ce43,paper_c2c1d5f2b1e1dce72557
T2_NUMERIC,3000,1975,sfti_39508d838aeb85c52b94325f,cand_80b075b0bec2ffeeb0298a82,paper_30665dd11d87f523f8c5
T2_NUMERIC,3000,1976,sfti_d68486361cf71f06c375bd4e,cand_0d6622fc80015e397cac1b86,paper_fb3ca2b9915274b899b1
T2_NUMERIC,3000,1977,sfti_94abc129c923f6acf95f4603,cand_f2ca8b88be6cea473f53691b,paper_ef887352855c8b0457da
T2_NUMERIC,3000,1978,sfti_ea4a643207add24e3abe3ba7,cand_3d69b82c21be6b3a444270f3,paper_bd4546a641a1bdd72a78
T2_NUMERIC,3000,1979,sfti_04d8972b65875dd2bb4c724e,cand_3fd1d11f4c00e73d2e5fb960,paper_5d9ec214dc67ffded139
T2_NUMERIC,3000,1980,sfti_0eb0615fbc822d303a57f3f7,cand_b277cca8dc6a66a1e7ab2b60,paper_7ae0d732d9684142659c
T2_NUMERIC,3000,1981,sfti_74d3422b2f867221e70804e6,cand_acf1db2279665653a2002fe3,paper_e6973e2b099a57d76505
T2_NUMERIC,3000,1982,sfti_e36d18c86b95d125d9c2f92f,cand_4194e4a2c7221e283805d39f,paper_bd33e8fd432779663ca7
T2_NUMERIC,3000,1983,sfti_49f4883e520ac30849b15726,cand_20b758a64bc96f3a8ed7feff,paper_2632347fc19d40ee9b79
T2_NUMERIC,3000,1984,sfti_e3006da9cf958c9570b2325a,cand_08a4455ea3148dadedd87dc1,paper_bd3299bd8d04dbc1f635
T2_NUMERIC,3000,1985,sfti_f26338acaba805ff67d01cc3,cand_5fdf2877de9ae971e8345da8,paper_77c64d4a9868be28d5b9
T2_NUMERIC,3000,1986,sfti_ef5267d07c203497eef8b373,cand_1b10526cb2f4e8d83239270b,paper_8754a14fda22035d6860
T2_NUMERIC,3000,1987,sfti_ef655e7db42470bd209740f4,cand_132a82c4304b0f4fc3016cf8,paper_8b46e4cd6754ee0428f9
T2_NUMERIC,3000,1988,sfti_559737dc36815af344695e21,cand_5d14958d2fbd79447d9d1842,paper_3824e02ea70998383a7e
T2_NUMERIC,3000,1989,sfti_9919bc87f2c283b551396822,cand_c8292860c07a11b7d42dab6c,paper_8a13100af2dfd41eb756
T2_NUMERIC,3000,1990,sfti_552319b81d387e13d2031975,cand_b5cdc3b8c494a1c2a3462f0e,paper_036120c861457dcce7d9
T2_NUMERIC,3000,1991,sfti_554f53f264ee0c504ebb5209,cand_65826c8ff608ace0de804d0b,paper_bf328a6639cdd954adfc
T2_NUMERIC,3000,1992,sfti_8a169c280498d352ff92c9b5,cand_108f887a460e8b1b8796ca3f,paper_5ccb84180e28ca26531b
T2_NUMERIC,3000,1993,sfti_0645f8ba0804d031ae082b91,cand_1eafde174fa7d6faafdcc4e7,paper_251e893761028cd925f7
T2_NUMERIC,3000,1994,sfti_ee0a2056d261c8305657900d,cand_df06fbf616d0be9aa03370b0,paper_28bff144273ff621c448
T2_NUMERIC,3000,1995,sfti_f0be8a1634d011bf5191b904,cand_a08d8f901ad9f10a9e279bdf,paper_d664bf3efe04a2cc2688
T2_NUMERIC,3000,1996,sfti_7e9529fd3a866d86a7dc0e03,cand_7a33bdb2a77b18e75c9160da,paper_90f76598ff64ace34b11
T2_NUMERIC,3000,1997,sfti_32a3b2a483113b8ad9198b38,cand_ff2c0607e5bf925d52759bb4,paper_cc76a19258ed00e477ce
T2_NUMERIC,3000,1998,sfti_1dbef1e4788cba4dd1404128,cand_88eb6eb90920b8af7a553333,paper_bc441e9581da32646cbe
T2_NUMERIC,3000,1999,sfti_cc4c5477b3e0c89b06a986f5,cand_ec5a39f76ce4a532ddbf3944,paper_19b61bfed1e7420aa0cb
T2_NUMERIC,3000,2000,sfti_94c6c9b3a95d2f703defed10,cand_0c0ba4d60c54504ff26af369,paper_a3eefdee2e6756587843
T2_NUMERIC,3000,2001,sfti_82744292ffc979fafc500972,cand_81494c29c46ac69ac7f7a115,paper_91d141d39bddc018a22d
T2_NUMERIC,3000,2002,sfti_23f4ab7630c97a18f70a52af,cand_be6b8fee33e496c686b7f882,paper_44bc96df746b0dabdfc1
T2_NUMERIC,3000,2003,sfti_bd220584a16e52937f976973,cand_1af58c87469e04f236c71575,paper_d5d65745a63e07efd9af
T2_NUMERIC,3000,2004,sfti_3c78358ea0148c15cacedc12,cand_5360635db78a7038323f9a90,paper_e5dc74b751031ccb7720
T2_NUMERIC,3000,2005,sfti_e3d3d98ed209b43ccd22cf6a,cand_687b0c29bf087cf790b7e897,paper_432eedb7b5721b207e27
T2_NUMERIC,3000,2006,sfti_805a2ad5aa830a2ff68081c3,cand_abf68efce32be1b4fbdbacf8,paper_fa3071671d8d8d7ea55e
T2_NUMERIC,3000,2007,sfti_a2d8dd3fb467c9edeb47a411,cand_e473a34c5fb865072467c7fe,paper_a448b4f3a849af9cad96
T2_NUMERIC,3000,2008,sfti_040fc00a88407b4d6c3a55ac,cand_ae371437790c31199ed46bec,paper_4a02daf09222671bb343
T2_NUMERIC,3000,2009,sfti_b6b7bc02d5017d0eb84b033c,cand_4758a9dbf37a0c5dbebe97f2,paper_eee7ac052c3ad5dbac4d
T2_NUMERIC,3000,2010,sfti_c52ff49d8e391152873e8b71,cand_c84da1b10eb381a9ad7c2169,paper_1573d812af2dce87ef91
T2_NUMERIC,3000,2011,sfti_54a816cdaa775b78e4df02cd,cand_61c91341770c580e33f083e4,paper_06216ba1fd679f581e9b
T2_NUMERIC,3000,2012,sfti_23776c0f76e2a7c11f23d733,cand_c1bd08d1123fd7046f958e77,paper_5fefae153331fd9cc0e9
T2_NUMERIC,3000,2013,sfti_674cc132ec5b08ed1836ebe2,cand_3d6cd28bd311eae05d24da9c,paper_c2ac44375b1d92f4f814
T2_NUMERIC,3000,2014,sfti_895aa2c9f11b99d43b730ebe,cand_2a82e179ece0030820e155fc,paper_56467e511c7c5531b99a
T2_NUMERIC,3000,2015,sfti_a8a7cde667b86d78a321a263,cand_504eb2a22885cad016c5df29,paper_c493ee04650e24bc9262
T2_NUMERIC,3000,2016,sfti_d4c89aefe723f10f7e1ab0d4,cand_c4fcad67a532980deae0bf98,paper_336f39b2c3d001757e43
T2_NUMERIC,3000,2017,sfti_89eb5aa9dfdc342ecb54ab50,cand_434721daaa0bbd3cb6c6091e,paper_90b73384b7f4312f3880
T2_NUMERIC,3000,2018,sfti_7e00ff5c26238cd0a274871c,cand_34cfe3e39d544429f4460764,paper_6ffe7bc6827797347dff
T2_NUMERIC,3000,2019,sfti_86b0e10c152d8d2b7147afdc,cand_ff697cf110e32a8adec4ae06,paper_4e8617b2de076d610f2d
T2_NUMERIC,3000,2020,sfti_844a87ae9d35a032201aa467,cand_7ee1d0396e7141b71d5ba300,paper_065b61f3c3a2aa5dce46
T2_NUMERIC,3000,2021,sfti_635ce73d8a771f36769d4866,cand_379e8f646925892bb596762b,paper_cdadb1e14bce744e6547
T2_NUMERIC,3000,2022,sfti_b1199ba91179a5fdb133ebf5,cand_fa98045751bab4b607b69af4,paper_ce55e30ff5f95d5e96ef
T2_NUMERIC,3000,2023,sfti_cfe50ddba6d6d5c960dde8be,cand_b12abc376a1754083593f421,paper_ae239eecc5d7ced94f2b
T2_NUMERIC,3000,2024,sfti_f6bc999a812d973394703821,cand_6841d6a2fc53cb125f0d755d,paper_890343a4524e020964d0
T2_NUMERIC,3000,2025,sfti_226c4c416c16d18ae35f3c93,cand_ee98aa7a4cb9d1417ad92456,paper_2a42f1ff9bd9c93161c2
T2_NUMERIC,3000,2026,sfti_e3ae080b2b5cf8a3aacc6b0b,cand_1a1b9008824d18a206ea451a,paper_3fd6b65e358d7c3c8e29
T2_NUMERIC,3000,2027,sfti_bbf4e9268e1c3e1f72d8631e,cand_bd78e5503dc82a9a1a8196f9,paper_356f10d0ab2550ac5a9f
T2_NUMERIC,3000,2028,sfti_e75ffd65fe24deca8b7d8934,cand_e719685cb72e0a31e27274bb,paper_6937cc47e2b2f2fc2447
T2_NUMERIC,3000,2029,sfti_9c8a812859c57d5eb13a15cc,cand_6085b284ba4cc09fdcaf71c0,paper_0b4dfb06065388f00cfd
T2_NUMERIC,3000,2030,sfti_4209e2c52d18e9d98179ffce,cand_36465cebce80d06af0053be7,paper_02f7f943c282b24bea61
T2_NUMERIC,3000,2031,sfti_1ded403ffdeba7abc7a2b942,cand_14d7cec708f7ef988af6479b,paper_a99200a23f30fc79e362
T2_NUMERIC,3000,2032,sfti_7e9d30525e7df8aacfbf4add,cand_05aee81fd30379d6058384f9,paper_1e6221d350bec18f02d2
T2_NUMERIC,3000,2033,sfti_1c77040dd953493523207e3f,cand_fb911b5cfc2a43ebfb788883,paper_e979bea55b68466950a5
T2_NUMERIC,3000,2034,sfti_ef741577a441a606b7b14283,cand_9cb785831251c78f33008ef7,paper_3002a48c3ad4d8b7828e
T2_NUMERIC,3000,2035,sfti_d714c2b7d5acd03524f83d88,cand_6fb4ff0dcc392907bdbea942,paper_b00e1ebe06b61db493f4
T2_NUMERIC,3000,2036,sfti_764e187f25a3cb3ee34bb52b,cand_33554900e5ec0ca495da41b5,paper_af8ba896d46f910daa80
T2_NUMERIC,3000,2037,sfti_5c4bd3d5014bda1e9eb1ac56,cand_18d1ed3180f24be2acadcf0c,paper_a07be0b922a6a4d5a1e9
T2_NUMERIC,3000,2038,sfti_82d454cddac2977d092120e1,cand_75fe26e394202f412ec504d0,paper_5bfff58e2d219b2f51ec
T2_NUMERIC,3000,2039,sfti_9411662d1ff33fda3121e7c4,cand_69a3e1a9f1160b6af54b954f,paper_b3d33d8ef68936f98277
T2_NUMERIC,3000,2040,sfti_5382ef47eef4d3c6a0b92af1,cand_274c19f82b671af2524c19db,paper_cfc832cf29893a5c93be
T2_NUMERIC,3000,2041,sfti_cdbb5f0d7beeadab395dd98c,cand_c5e0f7ef64d5681a0a9ba713,paper_1b844234ac51fc5e241d
T2_NUMERIC,3000,2042,sfti_b42163eb6a362f9489b329fc,cand_3f2b575ddffa4b6d83829fc8,paper_c8f09dfd076f3e2b5a53
T2_NUMERIC,3000,2043,sfti_74f412c7bfa1887c2f495afc,cand_00a59d41c560a0dbc10d0433,paper_d552f1c82ca1263f1680
T2_NUMERIC,3000,2044,sfti_caab674cdcf289c4262848ae,cand_374b3e8212ee9d453df87a35,paper_52b24e4b78c3befdc508
T2_NUMERIC,3000,2045,sfti_2674809a4762594db494bae7,cand_cf0ec4cb8968961be3a2d32d,paper_c332c59b62a7c6bc99db
T2_NUMERIC,3000,2046,sfti_9af693828e386eadf8d70321,cand_9f28479fb7961da642419b25,paper_5072f1c6202eda6da90d
T2_NUMERIC,3000,2047,sfti_eeb70ad334ec26f26e34cf4a,cand_e2f2fe0ab4b9fead9a7b1778,paper_b1cf5c1ae7bd5bb2f927
T2_NUMERIC,3000,2048,sfti_6649eea62171b0bdaec52359,cand_37284ab2c28bbe9e60ab2511,paper_0c8802876de96d138888
T2_NUMERIC,3000,2049,sfti_cc6e909f0d8f3f8a6e08b1aa,cand_29ce7507e40a6d22f1fcd176,paper_2e5a03834a4cdece4a66
T2_NUMERIC,3000,2050,sfti_c9cfcb3018dae8abf9ef785b,cand_4d7d0a10592dbd5c645d4ee5,paper_e67419316565cb79b105
T2_NUMERIC,3000,2051,sfti_ab95d67a75dfa849b2e8b9fb,cand_afcc13c24b779411f61f2db4,paper_0a6c690dca5ed2adc9b5
T2_NUMERIC,3000,2052,sfti_5b47b72275d57c81fb9ba3f9,cand_59e1db3e442c4c04db65fca4,paper_899264c07796c6d9aab5
T2_NUMERIC,3000,2053,sfti_5fa5726d8ac7d987e732cdc4,cand_4d693a5bc2578218f8222015,paper_c15832fcb3eb74f0db4f
T2_NUMERIC,3000,2054,sfti_3651dd14de64e19fed9864ea,cand_8c331f4467dd30c7838ed21c,paper_b77b159f8f12131d26af
T2_NUMERIC,3000,2055,sfti_a0af11ecacab0812581fd029,cand_1b113f69bbb757870c0ab154,paper_2910bf55c20bb603f151
T2_NUMERIC,3000,2056,sfti_3c909eb4e9725c9a6311b803,cand_f47a800ca9ec5712d359e894,paper_1734f2d4e8637ff96940
T2_NUMERIC,3000,2057,sfti_2ca450a138a5ee4c106243fb,cand_e20f7ddc35e6224d4d85a473,paper_20f430853797efd028b9
T2_NUMERIC,3000,2058,sfti_fd23a06c2bb564753ef09510,cand_ef68cbf51db0820a83736849,paper_e66ace61c008f0ebbeae
T2_NUMERIC,3000,2059,sfti_6ec8ff2d26f99365d2a4fa05,cand_ff652f5dc59fbb64af00b32d,paper_c24dcbeeaf0e0de9dae1
T2_NUMERIC,3000,2060,sfti_38ed4b4bac4025ab75ab0f0d,cand_d6ed37b548b5dd118c493e98,paper_66cbcc9c22c0c4d645cb
T2_NUMERIC,3000,2061,sfti_cd406933d6110cf63a233869,cand_aa4fb99fa73aa9220aa67f8f,paper_22518db42557aa33c075
T2_NUMERIC,3000,2062,sfti_d66a73ad807e985b1d44e45a,cand_827042ca27a4debf5c6f61ea,paper_29631482265a23ae9c5c
T2_NUMERIC,3000,2063,sfti_c75ca97ce06d861b85a30ccf,cand_accbaf39c366446b2be0b174,paper_782f0a0f6237b3871019
T2_NUMERIC,3000,2064,sfti_719cb3eec0fbc2dfd3837cc0,cand_eca05aa19662d1de908b9665,paper_b77cf25cfcce558611e0
T2_NUMERIC,3000,2065,sfti_72157d554662662876aaf172,cand_40a377327624aba44cef992f,paper_0053bcca6f8f67a57ad5
T2_NUMERIC,3000,2066,sfti_2449963f14304ad2fa3dc1fb,cand_777611160df69e8af49bc4f7,paper_6942ae89b7ad7f833112
T2_NUMERIC,3000,2067,sfti_12d6fc77ddf405812f2d73b7,cand_49501171d5d9338b5951d803,paper_e9451b99f1bd10a70827
T2_NUMERIC,3000,2068,sfti_687dc304b4737ec420a86230,cand_756ae45444c16c7ca314387c,paper_e92614718c7b5ee969ba
T2_NUMERIC,3000,2069,sfti_f8f2d2a5f02c420c9939dab2,cand_36754d5c7dff26a05ff73bf1,paper_c9545a7faa3c0ccf935f
T2_NUMERIC,3000,2070,sfti_7422d4d9ecca02931d42d834,cand_225f7ad619a1ea2c11dd4c7c,paper_28b41abcd26dc4562ec3
T2_NUMERIC,3000,2071,sfti_128ebac8d33f5cec298e966a,cand_8db517c474d3c9cf37629cd1,paper_964e9a4598bfe6895f73
T2_NUMERIC,3000,2072,sfti_dfb83fff4a0be6342564a920,cand_a73d10e9f8bab772d5764287,paper_ed1226d165d2ad665a0d
T2_NUMERIC,3000,2073,sfti_38232b8afaa0620616c12ed4,cand_bb83af7bb58011bb4367ec04,paper_e9c48eb3301ebda88216
T2_NUMERIC,3000,2074,sfti_8edc3e3da8db4463ed3e7f9e,cand_f4df123a44e05636b1178974,paper_8ff54d2a19ffa09c6e44
T2_NUMERIC,3000,2075,sfti_e6a8668195010328a9faa876,cand_25bfc7753c9d107725d783dd,paper_baf7e482899e4dc7153e
T2_NUMERIC,3000,2076,sfti_5c0ede032b5e00a515fe4ac0,cand_3626e63500ad6a990d995d27,paper_0b8596b48a890a9f2feb
T2_NUMERIC,3000,2077,sfti_2af8221530610d186591d9e0,cand_55668e06a605fac8b41db563,paper_bf59dfbde51b13c41d72
T2_NUMERIC,3000,2078,sfti_368f393e264722f9327ccfc5,cand_4f525ea032d46451c7a6bdd9,paper_32f9f4fea8cbf3bf5a54
T2_NUMERIC,3000,2079,sfti_287b2b8cb1ac45143b72d07e,cand_1f6b656e4eaa4682f00c0c63,paper_2c4e6e492f2def8cd020
T2_NUMERIC,3000,2080,sfti_7d8f929534b87d78b529e6d7,cand_249f7572f9e01e315167c21b,paper_5ca5aa1d06192397111a
T2_NUMERIC,3000,2081,sfti_1f5f74276929f364a7222e8f,cand_1cdbf2f959ac9ea9ca40f7ad,paper_62ba056f9b96eb71a5ef
T2_NUMERIC,3000,2082,sfti_73b54ec020897adec3a0a066,cand_bd49d7fa5e63024611c72094,paper_07f0e3315516c7475a67
T2_NUMERIC,3000,2083,sfti_336565928ca2e9186358f013,cand_c3d2722d1ff87e42cf464baf,paper_97aa61ef09c6239ca708
T2_NUMERIC,3000,2084,sfti_e39ab65681ccfa1aa1583b7c,cand_db4020368fd3277489253882,paper_36163f27241605cac35e
T2_NUMERIC,3000,2085,sfti_7284f3d1e73f7c18dd9d8fa8,cand_39e2b93865c82a90f64caab3,paper_4cbcd513356a1d2d7b3e
T2_NUMERIC,3000,2086,sfti_b828e770e6a0451b030bd708,cand_7db415735889db7d76a72b99,paper_09b9fe96046cdf192d6b
T2_NUMERIC,3000,2087,sfti_bc04194cc58bba7e639f7bbe,cand_90b62cd6489f063b8fe57830,paper_7d5aebf7dad543650e12
T2_NUMERIC,3000,2088,sfti_74bd725b4fda4785ea98504f,cand_31dca15acecfc721807a6223,paper_890ef2be2fd45f1127d6
T2_NUMERIC,3000,2089,sfti_0f30c41036b858f6ebdfb069,cand_c94859229185988e79d79995,paper_bc82aaaf60e66f5468da
T2_NUMERIC,3000,2090,sfti_bd6b37b114b02fdf5ce571f3,cand_05af3a0be25c143ec865b075,paper_8c89891cdaa55dcdff15
T2_NUMERIC,3000,2091,sfti_c63f508628b15dacc2231595,cand_96dbdc9520738c65e00c6dc1,paper_97054b57472bb028ae26
T2_NUMERIC,3000,2092,sfti_d7439b45115ba400317ac240,cand_f43cc798c17b6b0c2e2de217,paper_366543203c025501ed60
T2_NUMERIC,3000,2093,sfti_1e34994627c262826ff5935f,cand_951a5d54e7c7e38d75e97f75,paper_6730bf81b0e9dacc6f71
T2_NUMERIC,3000,2094,sfti_a7af8e037de7c85143f6d9c4,cand_b5c3c4c779d8e64aa0a5798a,paper_2d881cb8d1a1376b394c
T2_NUMERIC,3000,2095,sfti_ed679335fe1b3fd1766c9981,cand_43c938f4697e18df694d6ba6,paper_908b6ec651f9c3279ecd
T2_NUMERIC,3000,2096,sfti_7340c1160d8b5b43af87832f,cand_4dfb1c841b956940f11ffbab,paper_4f31c328a7c95c22c4de
T2_NUMERIC,3000,2097,sfti_003daf8b76aa6b1ab3a34260,cand_880cb0f26cea2c3d65375561,paper_545b45f788f24062a345
T2_NUMERIC,3000,2098,sfti_7b8a164f9bf2529fe2a4c003,cand_c62da6095cddc67790d22201,paper_ba893a0b287fc0db68c1
T2_NUMERIC,3000,2099,sfti_046af96d8e7c45660ce97086,cand_d27c4d8d590c900fe73a8e9c,paper_5a9b7e5a9f7c8c1ba166
T2_NUMERIC,3000,2100,sfti_a3b5e3953353c845eeffcfde,cand_e4fc22d2d9d88e4390eb19fe,paper_fea55ea95297375b89d0
T2_NUMERIC,3000,2101,sfti_8c9e8ba5ded17c523806cee1,cand_0802fbfa2cff306add2e5110,paper_61b3e2b332fc7c0c5fac
T2_NUMERIC,3000,2102,sfti_c3f8d2159c151eaf25f75313,cand_22ae129e5450a713f8bbf463,paper_94955909662fc0f4ebf4
T2_NUMERIC,3000,2103,sfti_06475c4602b65f5c02b3d72c,cand_73194d1944ac4d2cb3226137,paper_0ce613e2f32acae68fe5
T2_NUMERIC,3000,2104,sfti_96b03322ad6e8bbfe4dba40c,cand_6ecfe5728fd27dd1796cb66a,paper_166727dca4c31311fb06
T2_NUMERIC,3000,2105,sfti_ecae697a287ea01bbb6abf5b,cand_dc9d961ef2ec9aa529a3e91c,paper_3b5376f517a21dde4409
T2_NUMERIC,3000,2106,sfti_230b49588a90217f504a28a7,cand_d2aad90c3a17d434e125a461,paper_5adcc8e2ca04bcfc87d9
T2_NUMERIC,3000,2107,sfti_c3a01996eedd1bf433be31a8,cand_f73881f9af3d6f750fcb6213,paper_50eeb1ec2837eb632dc7
T2_NUMERIC,3000,2108,sfti_6a67e3d98203b9a5a9362246,cand_5393dfec78510ec4bbccc2ac,paper_2175732ba55339f5c6f5
T2_NUMERIC,3000,2109,sfti_82fe9a7ece1661786ea3263b,cand_4b96b03117d0245610349af5,paper_86c706cc7c1b31c5b704
T2_NUMERIC,3000,2110,sfti_71f0068a7505ee044a164a50,cand_564610b0c07fd0e8bab227cf,paper_d4ec7d296adf27d47a89
T2_NUMERIC,3000,2111,sfti_4f340745ba5f48b655ddf87b,cand_2e83e16f03a12fdc36e72a7f,paper_5565b4dc086c1ca4d22d
T2_NUMERIC,3000,2112,sfti_10f0bc0133bdc0534626ae29,cand_0c1639aba95a0bd20a205510,paper_a9dd875727810e20e480
T2_NUMERIC,3000,2113,sfti_f9c0a56b58cbb64e94bf9178,cand_f77a2bc2eb7f6b169ed108eb,paper_cd99825e674af93f54a0
T2_NUMERIC,3000,2114,sfti_15dd2d3af7590726458d974b,cand_222c629cfbad06b5b6e3f0f6,paper_23dce9b08be913b037dd
T2_NUMERIC,3000,2115,sfti_89ff13e6160942f0c9134808,cand_9b612bdf2e6598b8d40dbfeb,paper_d1e6094c69cf04df5d74
T2_NUMERIC,3000,2116,sfti_f2f4d6e82bf290b434c99625,cand_2f1fda2f417dc4133f1886cf,paper_0e42ce275b00cae15eee
T2_NUMERIC,3000,2117,sfti_fcd971dd1862f7831ea828f0,cand_23eddef31693516f6cbccf91,paper_671daf0e5afd51aed570
T2_NUMERIC,3000,2118,sfti_b912d8ffda079e0e3993b377,cand_159a83081af106b78f8a07fc,paper_b9c2648598a28dbc45e5
T2_NUMERIC,3000,2119,sfti_9678e37df1b68cb7d66017c6,cand_d0da610f8d56833eef38a8ca,paper_d0057ec9692b59e85878
T2_NUMERIC,3000,2120,sfti_bdee589a41d1323993293f65,cand_4a872032fae9cf1cf1f8eba7,paper_e0741239e6b4af7e9060
T2_NUMERIC,3000,2121,sfti_d57a013f1711878d661ab624,cand_59100b7addfae5744c565e74,paper_75028984950c883d55ee
T2_NUMERIC,3000,2122,sfti_7bbee10b334a5917f0b8621a,cand_5a334faaf0117c207c5591d5,paper_d0635a46f2116c940eab
T2_NUMERIC,3000,2123,sfti_e255ab3d10cbce85a36a69a7,cand_22b6098507fe2459cb798c8b,paper_a0f697f2769682f05941
T2_NUMERIC,3000,2124,sfti_6b79f722e57871ef033c54eb,cand_cd39e6943ce5ec5cf9495703,paper_85c49445cc84be9508d8
T2_NUMERIC,3000,2125,sfti_5556226e2beb4861545a917c,cand_fc1dc89b8869c633d7ec73d6,paper_6cb01085fce48cd8b2e3
T2_NUMERIC,3000,2126,sfti_309bc36dea43a26e609a6a88,cand_768a3682537eda6e22655a09,paper_15fe252af04f747cd417
T2_NUMERIC,3000,2127,sfti_ff695e10fcf319498365cf3a,cand_505a9fd5c4ba564efdbf61a1,paper_aaafd1cf52290be1e187
T2_NUMERIC,3000,2128,sfti_56838a9072e8589a207781a3,cand_0e64485fb8c170b330ca34c0,paper_0711aea5c961dd8c374d
T2_NUMERIC,3000,2129,sfti_86dcc375b65bdb640912799c,cand_0f5cdbc4990a55665d026b5c,paper_b818e1ab3266976a8db9
T2_NUMERIC,3000,2130,sfti_9e45df38b2d6e38ca9c0c4e8,cand_d44148eda0be48a75e268ae9,paper_36e100af2733ee6a2ae6
T2_NUMERIC,3000,2131,sfti_aa1de85c98c7a6f5fd2c907f,cand_0239c447c1af18bbcf4296ca,paper_d62c80d90844c772db99
T2_NUMERIC,3000,2132,sfti_43c4d0342c051a02740c837b,cand_6b7ff3323c073efab767839c,paper_9638a9b9407457710066
T2_NUMERIC,3000,2133,sfti_3b56acd0bc480407719d7b98,cand_e2a0884d09955c4b41f978ae,paper_c7495d7c09eec5e52ed8
T2_NUMERIC,3000,2134,sfti_1170792508373edd6d732b34,cand_354f49d6851058ef0fe35efe,paper_f8503ebcd0d534154ebf
T2_NUMERIC,3000,2135,sfti_dd4634bdb527548b1b0b1328,cand_c88840e6032ae1f6f6926374,paper_f30f6ee41d1bce340228
T2_NUMERIC,3000,2136,sfti_8302ece9e4fa548ed4d614f8,cand_a790757920b23b47d37050d5,paper_c49ccb174fbc496a5b58
T2_NUMERIC,3000,2137,sfti_fae53974a831f25d2f832701,cand_24e2ed36d73527a19953798d,paper_083fa62561b4443889cc
T2_NUMERIC,3000,2138,sfti_64439e417d50c98f9cb80d52,cand_a7798f5bd2a307be974f02ec,paper_7aff078d2e9781c2b640
T2_NUMERIC,3000,2139,sfti_bbec86b65272c1266a8a3200,cand_ed8022c9f24acc0270d8d6ca,paper_ce9dec4ed831452472f3
T2_NUMERIC,3000,2140,sfti_4791f2e0ab001ed863b01cbd,cand_010413f4c47fe31fa9ced8eb,paper_f75a51877cad3bfac087
T2_NUMERIC,3000,2141,sfti_905525b23b53431e022748a9,cand_426f2f5ac403893314da4898,paper_fb4e7a3a63bf54771fa1
T2_NUMERIC,3000,2142,sfti_e2b62374e8fbc9e9818b5441,cand_8d94ba0ecbb0d4a3f9683b38,paper_169d152bd78e1f0e9b49
T2_NUMERIC,3000,2143,sfti_8beaa70b9daa657a069c2e3c,cand_dfc5eb0a4dc8316b4b50cffc,paper_370b9de0cafa2df70ca1
T2_NUMERIC,3000,2144,sfti_f06244cb0b3dad2391c4aa04,cand_0aa5871151a4429f3232ca72,paper_27881da4624b6a406df0
T2_NUMERIC,3000,2145,sfti_09b2be65016d12241149acc5,cand_3a2ba496a5f270edcbc2f20d,paper_b12e54a4828575cf2d3c
T2_NUMERIC,3000,2146,sfti_019448c20497c26b71d840e9,cand_8d67e36979a49346cff6c3a4,paper_b4060e490d5e7ece7232
T2_NUMERIC,3000,2147,sfti_02b80fa9590f0ab8dc780226,cand_81455fe7d4f3aac2ecc37598,paper_9fe3574541257f9f6861
T2_NUMERIC,3000,2148,sfti_0c5c1775f32581cc81f5e103,cand_36d85f9736bbc889bc72b7d2,paper_2fa76b57fa652824daf1
T2_NUMERIC,3000,2149,sfti_3a7b334fa18dd9c1c55a7624,cand_0845d3f1b5647796bbaad997,paper_e5d9d6c267fc21d77d2b
T2_NUMERIC,3000,2150,sfti_47b382ed914be373b06268cd,cand_dc805c9d0e45dd0fe5b0a06b,paper_fb930d159272344a0721
T2_NUMERIC,3000,2151,sfti_9a6f5d9dfa1059150ec1eaa1,cand_b64f8c166a573cba32be5c89,paper_e8cec3b5129bb5312ae8
T2_NUMERIC,3000,2152,sfti_06df6ffeb3cdd6cd0505cd5a,cand_6564c10421f6cbf58eb2fd1d,paper_74360882a4fd3ef23b19
T2_NUMERIC,3000,2153,sfti_46990e9de050d96e1ac55774,cand_75f1298fa6b199aa42f79189,paper_f381f9a0a52c01466fef
T2_NUMERIC,3000,2154,sfti_ac0df908dea66be574ac47c2,cand_563224fbfa1fd529d520f9ee,paper_8a046c008c29850c937b
T2_NUMERIC,3000,2155,sfti_83508e760bf543a9194407cb,cand_2ccfe5d43bba01c467e8a040,paper_5e4f95cfed598276c079
T2_NUMERIC,3000,2156,sfti_66f1f29b11e2f0b99831d519,cand_793e03ac0d8307afd1c31e13,paper_3d90170a02ec76d9ceea
T2_NUMERIC,3000,2157,sfti_c982027c4e5db0c794f5c6dc,cand_4e98a8513cb9e29484fa5555,paper_2f0ed310f194dc58ba32
T2_NUMERIC,3000,2158,sfti_9f15eae1fa2b03c8ff077e36,cand_135f42023b85dae4453ecdc7,paper_df45d253c3a9b25b03cb
T2_NUMERIC,3000,2159,sfti_d901acf1c5334e557a6eaf95,cand_84bcf765ce8c5a7153f84b64,paper_be916dbf47bd1190bfac
T2_NUMERIC,3000,2160,sfti_a4e910c0caf85f0bd12e8eb9,cand_8c18e07f5186d2320a8d27e1,paper_f65e1cf061dc75a3b817
T2_NUMERIC,3000,2161,sfti_15a86a69664cae92216bb14c,cand_8c1bbc3118b429d38b41591f,paper_2fb2efaeb9b40547dbba
T2_NUMERIC,3000,2162,sfti_e94451954c9d97be8eb33b02,cand_e02a684a303c1aa893bf0c14,paper_0c9b21dc345f17575dc6
T2_NUMERIC,3000,2163,sfti_99bed16b34b65bb2e3fce1c3,cand_28b8526a7c721d5394df2c46,paper_6aabe31ff814c94de9be
T2_NUMERIC,3000,2164,sfti_6172430a6a27a05f868183c4,cand_9b9213f94f8c77eb3c35749a,paper_817baf95fed9d0fdcad7
T2_NUMERIC,3000,2165,sfti_e69b2574e14de0d0aff1b917,cand_e7d1ef0ae17240a3d9d98a22,paper_5ce355c8f4c399651bf5
T2_NUMERIC,3000,2166,sfti_cec1a15709d5bce8792a9c55,cand_ba924154aba11a71de701d3e,paper_f958223ca2563b6c2ee0
T2_NUMERIC,3000,2167,sfti_9817458d7593253dfa7a97d2,cand_331660cad63893dcc40825b7,paper_d5bb0856ca7695b7aedb
T2_NUMERIC,3000,2168,sfti_03bb436860bf7c2350a9a1fd,cand_99d8014fc8d61e7250058bcb,paper_ee17b77f49c39b4459ff
T2_NUMERIC,3000,2169,sfti_4e1d475fcc5b84a1f8a1a888,cand_cfa46e2ed5f0b7106f421db2,paper_229a70bda75d65e03878
T2_NUMERIC,3000,2170,sfti_ee2265f0dfea94bb7ab179b9,cand_55ab25663b643fd97c815db9,paper_171bbac0ef4b02866477
T2_NUMERIC,3000,2171,sfti_d939eb6c312b71f36e190299,cand_1e4b2993b6686af2cf7f6e49,paper_083453b34b1f4bf3a511
T2_NUMERIC,3000,2172,sfti_dc4f7e7957e0395abd7bc5a5,cand_b30dc3f9e6c05a7b402d20d8,paper_c88fa716da4fb68afa81
T2_NUMERIC,3000,2173,sfti_570c2e0863ae97a38f4eb570,cand_031489e7319d4c1b5af2351c,paper_6549ab238decd77f0d36
T2_NUMERIC,3000,2174,sfti_91bb3aba92ebed111692a532,cand_ddb5446927166ee68cd98207,paper_d82adf03b07ce22c3b54
T2_NUMERIC,3000,2175,sfti_47b388b947c5e800d564d28a,cand_e28f3a9d0418f4fabfd7da5e,paper_2b56bf1fad41ce819b04
T2_NUMERIC,3000,2176,sfti_51ba3511b32cc5340fe666dd,cand_fb853bd3efa586d30a7a5e49,paper_2f4030b1e5c2b75fa04a
T2_NUMERIC,3000,2177,sfti_573f353a8695a9b501f75885,cand_7408761fcb7b1e8c559192dd,paper_974fb714ec6870c7868d
T2_NUMERIC,3000,2178,sfti_9efcc355d480fae16ad68fd8,cand_10befaf1586fe15406021592,paper_0b034a0d6b0a5bf01d4d
T2_NUMERIC,3000,2179,sfti_cbec56486400c4148f790d57,cand_2854db1ab0ecd65848617690,paper_7dba6cb3e3d5e86994a3
T2_NUMERIC,3000,2180,sfti_b90fe754395542622817cace,cand_ce30660fe77d2e860ab93608,paper_4fdf48b1c1f6829863fa
T2_NUMERIC,3000,2181,sfti_3633f55479de0630347ba35c,cand_3ac4bb2e9a23aea540aac9ae,paper_89fda2b1fae52af29ea2
T2_NUMERIC,3000,2182,sfti_ca46c659c187f4fb7ad5092c,cand_e3b2436dc6cf0a8233d58421,paper_1929f7cd87eef5deef5a
T2_NUMERIC,3000,2183,sfti_8bb4d16dfd30ca8db567cf2a,cand_780282f4cd2e3f81df563de5,paper_660368a4127cdf5bd6ee
T2_NUMERIC,3000,2184,sfti_e707f33945d6c03cd5994705,cand_2ff1423fa55acb23169fb805,paper_664bbbd2927cf5a8c793
T2_NUMERIC,3000,2185,sfti_f256fcd83afa2f35ae8f43fc,cand_552a777f4696d46ba136cd06,paper_81b4e1ea1b99d3abd617
T2_NUMERIC,3000,2186,sfti_5f10955f7a690febbf43f4d8,cand_4deb80a7f5961a51ff99c8e3,paper_bc125e70842da3448cfd
T2_NUMERIC,3000,2187,sfti_6cdb6e4d749b0ea0c65818ae,cand_61c92e2de283f1702c73ab03,paper_7aaade949bb14c05bfe7
T2_NUMERIC,3000,2188,sfti_8e1d4d93d3f37f798a7a9632,cand_6a66a362c3da3836fd24f5ce,paper_8e32e74457d3a767dfc5
T2_NUMERIC,3000,2189,sfti_d001f6a44c78b02b2cfd8c97,cand_28a1de2176664b22a5101ae2,paper_4f1ab823cfd9f70682e6
T2_NUMERIC,3000,2190,sfti_14777c2f2a2245f31c516136,cand_6592c5c41aabc63c48a9ce83,paper_89e5d5d70972f39a5320
T2_NUMERIC,3000,2191,sfti_5359086fa0eb5fdea7bbf25f,cand_6cb5c82b6410d11d0c12686e,paper_6bcf74cbd6b92531a34f
T2_NUMERIC,3000,2192,sfti_30a7d218068f1659c3178a0b,cand_c2e2ae1ae8a86fe9220334a6,paper_6a3930f614a5b0685194
T2_NUMERIC,3000,2193,sfti_d3b794dc2cb24072d649900f,cand_6da44f68c04ed3ffeebdf59b,paper_0199bd2da3a1c6ae84f4
T2_NUMERIC,3000,2194,sfti_6b000d2ac2d6e45386ab5260,cand_06bf372f203d7c0e0b9d20bb,paper_b90f1d01f87532c03ee1
T2_NUMERIC,3000,2195,sfti_72a690a986669dc1983cf14c,cand_a011b3ce30658b89e542cc70,paper_69f7388134bb5baddc3c
T2_NUMERIC,3000,2196,sfti_344e739130fddf32833a8590,cand_1f24c2be7b6690a09b18e063,paper_063a8027d8086e50cb66
T2_NUMERIC,3000,2197,sfti_513a81c94ded04dd2d4ed2f7,cand_53cf8e38348051ecacf2f456,paper_258756920680bd1f8b41
T2_NUMERIC,3000,2198,sfti_9d64c6d8406fb726937b717c,cand_09881e40b7bd1c6a5ba3151a,paper_92969607871cfe57fe43
T2_NUMERIC,3000,2199,sfti_2bfb81fa05f265dfd442cde5,cand_bcd10ef761b7076ffbc7c749,paper_0c794859356c0884a5e4
T2_NUMERIC,3000,2200,sfti_cbd692ef4b9041f2515d8346,cand_b7dc1ca6500cf84cb3dcc911,paper_7249aa5b34be37b5061a
T2_NUMERIC,3000,2201,sfti_7e9f825455e39cc917499797,cand_e4c1c516bd340a41259dca66,paper_e3892e7e8caa66ec339f
T2_NUMERIC,3000,2202,sfti_a65bf634d6993d5a6d4726e9,cand_3a53e920a618de980b1b3400,paper_5cb8db5c0d334bb45ec9
T2_NUMERIC,3000,2203,sfti_6f51c866f9ef5a78f069fab1,cand_c9ff04b0cfc21bd54b662231,paper_369353ad961a699d2837
T2_NUMERIC,3000,2204,sfti_f2c2198606eac8d53b1ee033,cand_f659502ff6c478803275d425,paper_8c839b9120e4ee048bb7
T2_NUMERIC,3000,2205,sfti_e68c434fca36e68fa9c43551,cand_6ec2ef8a36ca862c0f60d200,paper_2cdf2c4c1a28280b7e7e
T2_NUMERIC,3000,2206,sfti_3dd18ac25ec3d7e0bd64654f,cand_b9159e41ab237c85b58059dd,paper_f458cadda44351f46cb6
T2_NUMERIC,3000,2207,sfti_4b3947d75a73822edeb5a973,cand_cee055516dade1c5ef24e6e8,paper_a94d2ad962132cfd24cc
T2_NUMERIC,3000,2208,sfti_828f3faca61c1ba1cda064ea,cand_2431dc5689c45fc7836cbe2f,paper_cee2d0d3e1876eb73b39
T2_NUMERIC,3000,2209,sfti_ca98e8cf1fc0a98bbcb39711,cand_823da95ce283c94c3e19d725,paper_aea223f0ad33690bdefb
T2_NUMERIC,3000,2210,sfti_1321af5dfd5fa3aac0b66cee,cand_8af6e5b6d06507e6a98cfc6f,paper_94dee75e64b89bf47143
T2_NUMERIC,3000,2211,sfti_eb83b6d89ea2a09efa5d85ac,cand_48e3195df067b18bb1de6162,paper_a7848c6c4a9124568eeb
T2_NUMERIC,3000,2212,sfti_0a15e175f5a8eecfe324f72a,cand_0b2bbb4bbca8dc03d5fa56c4,paper_aadd6adaf7e7776d1f64
T2_NUMERIC,3000,2213,sfti_0bafa5e729ae45f0f35260a5,cand_68807d8d1f4713c4d66228b1,paper_81299702e47fe70c2f7d
T2_NUMERIC,3000,2214,sfti_39581724c39ef9831e65b9cc,cand_3dd0425dcb7d6d5ae7c94549,paper_44d79256d8a5312b7ada
T2_NUMERIC,3000,2215,sfti_0b52b3f4d6a70b94a62aa14d,cand_415b3a3ee39bd36a72fc6805,paper_e64d61732e6aa5e667ac
T2_NUMERIC,3000,2216,sfti_ee4bdccba73d76b61afda46d,cand_3cdd23c69caad54e21a97240,paper_7dc23c11a92281e380a2
T2_NUMERIC,3000,2217,sfti_d06d272c98779fa8a2f5ec0f,cand_8b16b955b29c797fc0137f2e,paper_6ab82d7f74d54ba2b45b
T2_NUMERIC,3000,2218,sfti_54317ef792869669805a7be6,cand_c59d8ff08073d4e3bb5991e2,paper_be0e7d5b81995f9db5e7
T2_NUMERIC,3000,2219,sfti_a53d5228b3becd72f2f202fb,cand_210c8baa070455bdbe75ae38,paper_b0bb506c29582306cc25
T2_NUMERIC,3000,2220,sfti_bb6ba594fbc59e00e4b2386b,cand_aa9b4a852764035932427060,paper_7389c18aa7fbdb9182cf
T2_NUMERIC,3000,2221,sfti_3313f8ceda71aea2a6ac16dc,cand_c3f19c1b70c3e7b436c2d153,paper_f5290df23f6ebbf4d530
T2_NUMERIC,3000,2222,sfti_e37da7817c9ff6c9218b13bb,cand_2754f14461fe2d283d464b1c,paper_3215e9f1742562ad079b
T2_NUMERIC,3000,2223,sfti_4f86697dc5b0cfd7c59c05f1,cand_824c499328e3b10d45f08df0,paper_4fe3a499c98362690104
T2_NUMERIC,3000,2224,sfti_43ec2fa4c552d1a54b9a1e5d,cand_fb543a166354304483f909d1,paper_bfc0c8414856513ea244
T2_NUMERIC,3000,2225,sfti_bcd2bdfdd3cae8dd31914d6f,cand_a9588019661e7b63a56dd6c3,paper_672820ba66c7092900cd
T2_NUMERIC,3000,2226,sfti_479ba0f732273e03770ec25a,cand_1249a39c6bd774ec871edb49,paper_73dc6842ac0f62ccc904
T2_NUMERIC,3000,2227,sfti_6261750f061d29714a5cfe28,cand_434da0a5cd3bb644534b4aaa,paper_56c871a48eef1bc45564
T2_NUMERIC,3000,2228,sfti_1a989f7eda298892abff09dd,cand_0f6df4bddf0f1f2b79eef2c8,paper_1099000f012657a4a58c
T2_NUMERIC,3000,2229,sfti_c100a7d94991f415cae0f03b,cand_dc0aa42e3240368da5ebbc06,paper_acef42607abe11ef888b
T2_NUMERIC,3000,2230,sfti_ebe80b6b562701e02ee194fe,cand_8f6e1d19d4bfa99a6b7e03c2,paper_5a3e71193efaa78970bc
T2_NUMERIC,3000,2231,sfti_454ffeeab850eafcb2c27479,cand_425a866b3a251b43f78b9265,paper_6dea042420858e16f3b7
T2_NUMERIC,3000,2232,sfti_d8fdafc6c07f9bc1b518552d,cand_31a797afb5185f5f77eaef02,paper_1481b40c44e6e5e2973d
T2_NUMERIC,3000,2233,sfti_5a3ab112afdc9e30ba53da28,cand_737b7e4a8a943f4e60af6865,paper_eddc5d22611e6979656e
T2_NUMERIC,3000,2234,sfti_2be9be6e89cf8accbe0bd321,cand_26fec2db23811695a0dc9f6e,paper_7d74f52644d513698ed3
T2_NUMERIC,3000,2235,sfti_336ea8820d1f9fd35089039f,cand_5de0381b8d82afcc17369afe,paper_5a950095cd27f4047930
T2_NUMERIC,3000,2236,sfti_27faef3ab2256ee3a74199f1,cand_30dd2c39e8e66905a042448e,paper_fe3a5ab86b7888190097
T2_NUMERIC,3000,2237,sfti_14a3caa6ef9a90660fe39fe8,cand_07f4e56f9eebfd9b05eedbd8,paper_3eaca8f4077da8e86595
T2_NUMERIC,3000,2238,sfti_223c93132ff806776dfef80f,cand_4cc68467cd634403a0f33a99,paper_122ce5784931a01456a5
T2_NUMERIC,3000,2239,sfti_abe759ea9510c98f62933c38,cand_42c18fdf45e5f4f393ed8e2b,paper_32ea73c0ca7c36f3722d
T2_NUMERIC,3000,2240,sfti_cdb11a31989d0ecc29fff02b,cand_16c976f4647d237148601ae2,paper_7cd1f80ae0395836d825
T2_NUMERIC,3000,2241,sfti_6cd71623a59e65e6fcdaf2ad,cand_71b9e240c64b1e5f9a30bdc4,paper_1a5a5643c69613aa0d3c
T2_NUMERIC,3000,2242,sfti_988f82e24a560ecef85180ed,cand_88f75bed595d0f37bbdf9441,paper_226c3f8c333a117c19f2
T2_NUMERIC,3000,2243,sfti_403f6d6fef2aeb785a884d8d,cand_bd9421dbcbd99f14f1391f6f,paper_2a007f0eb896c97e483a
T2_NUMERIC,3000,2244,sfti_6c9c5e29d2aad4b1b932865a,cand_e9ab2d19e4c0807dd71f8b95,paper_53745b1a37f0f605a819
T2_NUMERIC,3000,2245,sfti_f3fe6791ea79a600964f5364,cand_4151b26d487819be9e79b9b9,paper_5be19bce69768241e503
T2_NUMERIC,3000,2246,sfti_e36ac14892a90b1f96a76aa7,cand_ff038ca23319878d1095727e,paper_3f3d0e48546e4ff42f4c
T2_NUMERIC,3000,2247,sfti_5eb83d308a9f93c2eb17b1cf,cand_e99e504ca209df8063798161,paper_c182b34bda7dc629ef5a
T2_NUMERIC,3000,2248,sfti_239e4c87cbeb0c5b9fd26d22,cand_78ad9bdb707c84aa5a91553e,paper_e32ff121a88635b9567c
T2_NUMERIC,3000,2249,sfti_26738fa8b4ce91e243eb98da,cand_5da4add3ba022770c4173667,paper_bfafb1f783cf1c10b709
T2_NUMERIC,3000,2250,sfti_a75b458ee86409c4d2dd865e,cand_358b92e62c012301a651a6b8,paper_0ec8a1fff8943d1ae2df
T2_NUMERIC,3000,2251,sfti_610e895cad42ba288839b3ed,cand_26880df6ee090af723b78cee,paper_3fa14c53e2d79e3ad20a
T2_NUMERIC,3000,2252,sfti_bb1173883596c865668b394b,cand_1d73315e8ffe87331bd6e4f8,paper_dec8e545ef1e3441ee9b
T2_NUMERIC,3000,2253,sfti_8f0e4a802c02bd5220d05318,cand_44894f8f893a70e6784d4343,paper_ce1163eb5c6947b3d79a
T2_NUMERIC,3000,2254,sfti_ca2d5fc9fb8a502ecd4740a9,cand_13f5559d30e0b69ef7e0a189,paper_6cf5f6f38da91c39d03f
T2_NUMERIC,3000,2255,sfti_b4cdf31e812adc6792117348,cand_82c9b8dc702d8bf5117186c5,paper_abe7697bd530fa52a28f
T2_NUMERIC,3000,2256,sfti_ea5efdf34be4ec88aacd57c0,cand_915d80e0bcf2cd1f1e27058e,paper_b0e9eb2848ba1c224022
T2_NUMERIC,3000,2257,sfti_1f5ea726832919d7ca583d7f,cand_f856b14d7c089c7503cfb440,paper_41969b2a5efedb22cfed
T2_NUMERIC,3000,2258,sfti_015487446020232647ba1966,cand_68fdaaa4009ef6cbb1c2d7f1,paper_867248425c354151c78a
T2_NUMERIC,3000,2259,sfti_efd396cdaa146f698fb953a7,cand_c1c5566a9f46799d5deb2cac,paper_39478f8dbc9276d1b5ff
T2_NUMERIC,3000,2260,sfti_4c74ba09ae9171cc925e782f,cand_ae52066d1dc4b471e3257a6f,paper_6445b8c71cfc27098a19
T2_NUMERIC,3000,2261,sfti_f2e026a93d01ebe51417858c,cand_8e2294c44ac091c683c4f124,paper_57e0d2b061547e81fe80
T2_NUMERIC,3000,2262,sfti_b211afb59053f648fe758ea4,cand_7d8c791935e2c109ce62e9b7,paper_71efa30c4894c1d655f8
T2_NUMERIC,3000,2263,sfti_84989ca0ed07fc6a9b5dd669,cand_09984e2257e83291cfaed81c,paper_93ab30d33d5d512908f9
T2_NUMERIC,3000,2264,sfti_d64277abff419dd5217e1ee5,cand_0a18f6b9e11ffba32418ed49,paper_0a7d6170833642992e54
T2_NUMERIC,3000,2265,sfti_6519b4130cbdba5528663aa2,cand_72da61b89c1e626e964277e2,paper_87938812c0715e3e4672
T2_NUMERIC,3000,2266,sfti_4bc2942ec1796e3e2b7527ca,cand_4b4bb5efb9ff7133e23941bc,paper_462564d91183c05007a4
T2_NUMERIC,3000,2267,sfti_f5ad17f4f8807f7bc659fa39,cand_eb749b1c35a78a574d071543,paper_767cf025ca3c15e068b9
T2_NUMERIC,3000,2268,sfti_2d10114493aa596e072bf69f,cand_15685e3a75ca1cc681981387,paper_76556fecca66ba0e9e6a
T2_NUMERIC,3000,2269,sfti_b3db245d7dc4dfbae61fccfc,cand_be24ef34b96daa40544cdfc5,paper_d6098e7c24a35a215597
T2_NUMERIC,3000,2270,sfti_39b876a96b8df5499c848c81,cand_93a92d1c89de0f505c7bb6da,paper_214d06fafbe5b2033c31
T2_NUMERIC,3000,2271,sfti_c90c7d9e60b47e91b1e18ef2,cand_165ce8a262735ea1c7a38d31,paper_a029fe615c3acdd6ae56
T2_NUMERIC,3000,2272,sfti_fd17c72bf2dd4fc9d7b9ab18,cand_1059a990db05515203977a79,paper_4f56eb43f6a9f68765d6
T2_NUMERIC,3000,2273,sfti_46547aebf2f9e4c450bd0ad1,cand_f585c5f84c11e59328e45204,paper_edf34128fd562d5d7109
T2_NUMERIC,3000,2274,sfti_bfcdb562195d6d8ac7f5edd1,cand_c7c43f7f2837abd430249d21,paper_bf3e76e2793a39a4b709
T2_NUMERIC,3000,2275,sfti_b5260ba964d283ca67a9bdb5,cand_95668edcd43d14b72c1c8f21,paper_01ae4cd09750e14709a0
T2_NUMERIC,3000,2276,sfti_fd24971259fabfac3c497e13,cand_89268e2518c5d02691800214,paper_87be139223c2bd606a81
T2_NUMERIC,3000,2277,sfti_c8c603f7c4c357ed48f56dc6,cand_75b81589bc08fb6584deb983,paper_40ad1ca31f69049b9c34
T2_NUMERIC,3000,2278,sfti_fa7e850c04cffb0e85db529c,cand_9ddc57ff0c7e291e5ce8f161,paper_31f1cb4fdb10b6110e78
T2_NUMERIC,3000,2279,sfti_a688b851dee0a7d278181408,cand_cc522e1ef83575c4018f8c4b,paper_3af5860f6f122a895eb2
T2_NUMERIC,3000,2280,sfti_acad725f4f7a280cf00e7123,cand_de622ce25d5f1509622a4a9c,paper_c9fdc8cedb5be40f0dc1
T2_NUMERIC,3000,2281,sfti_60b5dff5374bee4c40c19a1e,cand_e7c7dc80e939380da6efc8ec,paper_06d9e29054e6f8bf85d7
T2_NUMERIC,3000,2282,sfti_87e0afbf70973ebc6dc3f73b,cand_b675199f8a9dea246150b5ff,paper_aa9d7fc4331799659cfe
T2_NUMERIC,3000,2283,sfti_a647bd79753b4fa773013b8e,cand_1991e0397c4e2095563eb568,paper_ab4bbcc8857ba3557148
T2_NUMERIC,3000,2284,sfti_751c718af16c628f73db0a08,cand_882394283acb531e65a97fba,paper_44c900579a80dc2c3e19
T2_NUMERIC,3000,2285,sfti_93a0fb4aab258f11dea1f4b7,cand_b79e34cee746969686bdca47,paper_2fcc3dcbe371ec40710f
T2_NUMERIC,3000,2286,sfti_4db8bc2fb0b38dc14cccc88b,cand_378555429e2761d444857dff,paper_c982d4182089a90e2a96
T2_NUMERIC,3000,2287,sfti_b663794936423e3a83c89453,cand_ce8b35106285cc23afaec4b9,paper_347a5b1658801d734112
T2_NUMERIC,3000,2288,sfti_4ee8545594e8994535d8b617,cand_4f66158616d88a3871ebae3f,paper_a39e2e13b6afca086191
T2_NUMERIC,3000,2289,sfti_b5ed521bf09d7b47ff964525,cand_7787efdeb0a012f90ba6f90d,paper_922e19bc2468753745b5
T2_NUMERIC,3000,2290,sfti_74f03ce0b96c44a05d1f70c0,cand_0bb8f5918d26b353ec668c3c,paper_a5f1e11de5f0448369f5
T2_NUMERIC,3000,2291,sfti_ba1cc24515ac4575eec210b2,cand_5e1b3357a7bcbbc036a29f28,paper_7a141eb7ef1f59f479cb
T2_NUMERIC,3000,2292,sfti_9d129a3f84198ae314d4b9a8,cand_ad3a1a74f1dfe51df98a06ae,paper_1f775b57bd412a071844
T2_NUMERIC,3000,2293,sfti_938d75cd172475c88eb9c069,cand_fe1252378fa892b02f33d12b,paper_a090533a9bc941a8e914
T2_NUMERIC,3000,2294,sfti_72ba463a2dcb5d40bd7b569e,cand_03ec13d69995441592913a7e,paper_af86becd1d44297317eb
T2_NUMERIC,3000,2295,sfti_734e680feee841b2e54a908c,cand_d1b579a0a29fbad26f5db0dd,paper_62eb7922d1e559ef503c
T2_NUMERIC,3000,2296,sfti_91906382f46c987700716bb7,cand_a15a6331667710754df7b0f3,paper_9fabef626ef961aa28c9
T2_NUMERIC,3000,2297,sfti_0eec9639c8063d5937a485a0,cand_10daad90f6e8de37a05af7a4,paper_a568110ddfe8b61d62ce
T2_NUMERIC,3000,2298,sfti_7c1569a14a66d29f12f7fd03,cand_cb13218aa7b6660b5e2281c6,paper_f913304731279218e7c3
T2_NUMERIC,3000,2299,sfti_b19bf9efba5d5437cf8c6d99,cand_62366f2c08e9dffbd2ca9c1d,paper_def9d9309b4003de0ded
T2_NUMERIC,3000,2300,sfti_1f4c5dfda0241643fef270ca,cand_c7b2be88e0bcc9c3286c1f95,paper_752b87d11b844759f3ca
T2_NUMERIC,3000,2301,sfti_ee913fbec05e452a9f982a34,cand_ec001fefd5d6c4ad17e74a16,paper_ce646a57e074e1cdd0d7
T2_NUMERIC,3000,2302,sfti_8f07f5d5942c2b314f146c49,cand_0195446d64fa41171f56902b,paper_eb53a568018997d7a5a4
T2_NUMERIC,3000,2303,sfti_61daead40a2d2f62a047a013,cand_8ae1e04c2b741e46f8830139,paper_d7a0aeadcd3541bb384e
T2_NUMERIC,3000,2304,sfti_3a65c9d1b966d7372750b583,cand_afdc1a0291e3b2cd844c99cd,paper_36d630f627cf67853127
T2_NUMERIC,3000,2305,sfti_3d01ddf7df1c39b203dd8d87,cand_16cfdd214f8ef2e64b4a1126,paper_6a2566344144df787916
T2_NUMERIC,3000,2306,sfti_d2c193118a1dfd4a96be2714,cand_d9237d2798356a8bc68e7498,paper_e74918395456cb11f56d
T2_NUMERIC,3000,2307,sfti_39ddd92e323e57ee53e0e433,cand_6552889005fe830e5158024d,paper_23bc6223ed3b36fa514e
T2_NUMERIC,3000,2308,sfti_71313c5650bca15322c08a47,cand_538cc163fd1a4d93edb0e8cd,paper_201ccd1a0144f8ac3399
T2_NUMERIC,3000,2309,sfti_f74fcbd4565a8fbd00161fff,cand_57c61d8ef32ff8b877621ec0,paper_783174359f20ba253383
T2_NUMERIC,3000,2310,sfti_5669d67b74eec2883cb95d96,cand_53bd09edbf79cf3f5770443b,paper_35daa3771be2bd2112a0
T2_NUMERIC,3000,2311,sfti_d139d8d4d996d5f65c972ffd,cand_345ae3b8f275a0ccf150b14d,paper_1850d9d0595fc4db1d19
T2_NUMERIC,3000,2312,sfti_4fc2de9c9b4c7c98abef53ad,cand_29f13169a503e20dce520ea6,paper_1818ec3ee88fcf4ec16b
T2_NUMERIC,3000,2313,sfti_a2f3763911cd8e4438e37f06,cand_0363be79362ffc124a81e6d7,paper_d70ed00ebaa890cfda32
T2_NUMERIC,3000,2314,sfti_eb457aeb2a0ac4b9bc59a3b4,cand_1e20505e07f554aa8c8500c5,paper_869e1908a0428f3ad7c4
T2_NUMERIC,3000,2315,sfti_fd3a79795f31349415c9cd94,cand_11ca49bfd18a799783ed8061,paper_eb85f70cd612e1e282fa
T2_NUMERIC,3000,2316,sfti_a8d99cfd5e2a0913821f8bc5,cand_9b0d2a8c1732dd17388ee0f1,paper_b85cbfed3a7df0f91bff
T2_NUMERIC,3000,2317,sfti_a811988fb75e1efee9253dfe,cand_c23edfa3aaf1fc2106733ef4,paper_c6d38c3088f9d3f12a73
T2_NUMERIC,3000,2318,sfti_2dfa04fd1c869d7b13dbf4b7,cand_8dfade59ea9420b5514fd3d4,paper_bddeaedeae51b7fcb2c8
T2_NUMERIC,3000,2319,sfti_137b98874c3db1fcb05b190e,cand_5e741660e7d8e1b4542c9164,paper_ab640ac2150e06496e16
T2_NUMERIC,3000,2320,sfti_d6c05c6ad3b0932248def090,cand_efc2a537f6fdbee17a0c3c8b,paper_009e1ffb00faff097f0a
T2_NUMERIC,3000,2321,sfti_ebc43b824d2c39d3ffa61513,cand_6dc51a2915d3ded48a246c21,paper_f656dadd65e5d8d9c09c
T2_NUMERIC,3000,2322,sfti_f0085b8e13ba0577b2c20905,cand_3a5bbb74950630061d364751,paper_782ce051c047673034e3
T2_NUMERIC,3000,2323,sfti_3382c7aa87dced027029ea16,cand_b710788241f75de8bdd37101,paper_03cdba0d9cb94685678b
T2_NUMERIC,3000,2324,sfti_c09e6eaf63f5800bd113fb15,cand_acdcdd548ddc6fa1c4ad09ec,paper_f6efd567918cb5b94869
T2_NUMERIC,3000,2325,sfti_9e8f7ebf6c9fe0cb34bd6726,cand_09a2c1b9a1bec54e4b69be90,paper_69fa8302ed65d234bceb
T2_NUMERIC,3000,2326,sfti_f0fff88f9cf582f0333182a4,cand_0d190abec98133957415d138,paper_7cc40044e8e7c820958f
T2_NUMERIC,3000,2327,sfti_1b0e098724c070e6e9e3e9ab,cand_92cff650c65a5dcf4961a9f6,paper_0c7faa8670b4eda51f88
T2_NUMERIC,3000,2328,sfti_c70d048167b16303b440465f,cand_1a97e173c676d45c9a863e8f,paper_7344d9e42f81f8d6383d
T2_NUMERIC,3000,2329,sfti_6a6f3ef697f48e4b45202745,cand_c3af975906a8a61f0caf879a,paper_a09a8082d3f2f6bb58f3
T2_NUMERIC,3000,2330,sfti_505ad8db2aa03b082465db58,cand_bee84ab7b99a5a7372a9ea1d,paper_c84490476cf833bb6ee5
T2_NUMERIC,3000,2331,sfti_db702254bba1c873cbcf1f17,cand_e3ac093702ee4c2dbb21494c,paper_a15261b81ed3632a5f9e
T2_NUMERIC,3000,2332,sfti_16550040f1b6a3af303aefb5,cand_d8337ab5387741ced7ad1e34,paper_e0541593a359d8a87a28
T2_NUMERIC,3000,2333,sfti_dec1644b399cecfced563caf,cand_3ca29598edd63ef40ef27b3a,paper_c0fbf7e54518e5b9cde9
T2_NUMERIC,3000,2334,sfti_dfa6f330f87245ff3114b417,cand_3f5156cadc492fc92d0a35b1,paper_585a1342fa701de95a25
T2_NUMERIC,3000,2335,sfti_1db09107b0540e736be5bbf7,cand_ebf6facfece7c0150c33872c,paper_6482013036e9e86dec50
T2_NUMERIC,3000,2336,sfti_7dbef82dfc1a179b5eeee716,cand_6b765b10b2837c137b197088,paper_a26f7bca44a5957af749
T2_NUMERIC,3000,2337,sfti_367815dd698b10b2f0ed5c0b,cand_8ce130dc4c62aac3581957de,paper_131f8159c96f54d575a2
T2_NUMERIC,3000,2338,sfti_c0dea3e07a0afcc94329766c,cand_0a41113f7fb98d953f383983,paper_ce5f00d82605fcb001c4
T2_NUMERIC,3000,2339,sfti_85d5f84172a7ae4cec3b89e2,cand_be8542580f4380d37793e845,paper_6b75ffeb53b95e1996b1
T2_NUMERIC,3000,2340,sfti_8550220ce932c51b4525abcb,cand_cf5542ee73793d2bd70639ba,paper_fa6d8b29b5bd32048979
T2_NUMERIC,3000,2341,sfti_90f65c7e8e632f81427fc4a1,cand_a0b853e1cd89ddaba3b9a8d4,paper_71f603e6d51c12630385
T2_NUMERIC,3000,2342,sfti_74107fcd7ea9b02251211205,cand_8c8a8596c383d1c71c7ed199,paper_16e3b97c39963ad0d408
T2_NUMERIC,3000,2343,sfti_dbdf748559d09c986c2edaff,cand_63e3c1d95a924838fe9e54c2,paper_7948b462948f5b111cc2
T2_NUMERIC,3000,2344,sfti_df148bcf2a8b536561178578,cand_c44206de942f74ec7f22944c,paper_1feff77d842c50d00d5a
T2_NUMERIC,3000,2345,sfti_53f38872e8362623e54cb497,cand_c1f36dc77cc267eb67b127af,paper_0126a2cadbceb87b4495
T2_NUMERIC,3000,2346,sfti_70b7f9a12e5b46422f61187b,cand_e18058e2c1cc046aac5ac26f,paper_60f2e60b844747fe802d
T2_NUMERIC,3000,2347,sfti_e1726c5e8d9e16d3e5782630,cand_35d953a76248dde9000447ed,paper_0f02388cc6596059d73d
T2_NUMERIC,3000,2348,sfti_f86589147db76876818768e6,cand_37730f4a76b72ceb47a10135,paper_61dde0d2a2a09708c269
T2_NUMERIC,3000,2349,sfti_43b1c1bce7202deea1a43d01,cand_bee6a467b8ddb6772441bcbf,paper_2132468aaf51509ba44a
T2_NUMERIC,3000,2350,sfti_8b0efd50d4eb72248f9dcfc7,cand_d94bbd7c650e98c55d264627,paper_8db0fa20c03e47048f72
T2_NUMERIC,3000,2351,sfti_82964bfec1eb46c5dab15e11,cand_2d49f6a8b42d4e004b5a1e27,paper_220a124e6cb07f9f4a46
T2_NUMERIC,3000,2352,sfti_0b1b15d2cdf4a567f4b0c228,cand_46b3efca61ece18180fee1c2,paper_4776df45999b42cf21fe
T2_NUMERIC,3000,2353,sfti_5eb5e6ef9f5da0d1cb261d5a,cand_d6f6fbe6262b91a394ce1278,paper_ad6c3aa9145b1a08c543
T2_NUMERIC,3000,2354,sfti_a03396578becda5113aa5a8a,cand_f0b2f1a23f27c8a428e8e9a6,paper_00ce7fde2c30dd5b48ab
T2_NUMERIC,3000,2355,sfti_c19f7da3c5705c1c3b9ca445,cand_e1aeddea95fdbbeb83237550,paper_ea0d0996e01f5ba956c4
T2_NUMERIC,3000,2356,sfti_0ed514a17a6a770537dbce47,cand_b5008c84afa8296438c5f8f4,paper_ac4d2f9b1c56feb41b26
T2_NUMERIC,3000,2357,sfti_7e9614f6b4f218fcdd27369c,cand_465da7dc318306902877561d,paper_ca5062f04a73b5342113
T2_NUMERIC,3000,2358,sfti_628108f64e22818a55bc48a6,cand_44fe261e495b366bf863791c,paper_2dd21d283cb3890b0651
T2_NUMERIC,3000,2359,sfti_b7103f75439ade947e464925,cand_5811dec9e5f194817d9c78ac,paper_471d115d1a36a551996f
T2_NUMERIC,3000,2360,sfti_9aa4ea015b007bf40892aa37,cand_7ea48b2ac0d50525edefd43a,paper_3c8fc2365c64f7a1a9f8
T2_NUMERIC,3000,2361,sfti_47a5e7d542ac421df7ec1b8a,cand_f35d687d390842e869b82e10,paper_c35f24f154d422c07108
T2_NUMERIC,3000,2362,sfti_5b0f3222d51bda20fa4eb890,cand_dbced1168dc771e2ba8b4509,paper_8af94154beb2a5df2697
T2_NUMERIC,3000,2363,sfti_1adbbe31fe1e3d54fbfd6049,cand_44f57713e1c415837774f1b0,paper_4c2d2f3557f22a5addf1
T2_NUMERIC,3000,2364,sfti_8e999bc74051ba93dd78adec,cand_c54b48d2b496be126fa43d33,paper_717c27ed0f4ae381c164
T2_NUMERIC,3000,2365,sfti_5953bdfe9fc81f19549d1517,cand_4108f5e3ffd9610263144b79,paper_1718c709beef596baf15
T2_NUMERIC,3000,2366,sfti_1393ed9c0962b4eb1e0146b7,cand_6894399f0eaa3a592e062453,paper_cd2731529183196f2bcf
T2_NUMERIC,3000,2367,sfti_2c75b75aecbfc6d773e34907,cand_c7547602f0e9e3526260243b,paper_ffd162dab133003ee535
T2_NUMERIC,3000,2368,sfti_6857b2ccc2b0aeffd370990a,cand_5c3c6e805e924c87e2061b8f,paper_b4a526f4cf31b7731a13
T2_NUMERIC,3000,2369,sfti_b0fbdc031a09bdaf65ffd23d,cand_29dbbe56a7ccdc6dca20e30c,paper_e3d8928cee28521c5c57
T2_NUMERIC,3000,2370,sfti_d4de0ea24fc3b5630dabfaa2,cand_ca62ae72a36b599856a7c16b,paper_e1a4e627071aff86f5e1
T2_NUMERIC,3000,2371,sfti_22b1e5fb169bb078b30a97c7,cand_8571c6cfe74ddef71b3e0543,paper_a4bb65c2fe1a69894fbe
T2_NUMERIC,3000,2372,sfti_32d3ec94867c1c9b83c20b49,cand_ece015590f73fd3e77bfe7b3,paper_562f4943c6e8b3a8d804
T2_NUMERIC,3000,2373,sfti_79a77473888925e8a1e99576,cand_b3d87aff462d436f246732a7,paper_f0583650cca2040db9aa
T2_NUMERIC,3000,2374,sfti_a4be3fbbdc57d05f6772831d,cand_340826050cceabdb959a54cc,paper_0bdee45a81a51102cccb
T2_NUMERIC,3000,2375,sfti_c3a4b552f99cd74f7ebfc066,cand_a2b5413fcdb839829260630d,paper_dae165a535b6dc4f98ae
T2_NUMERIC,3000,2376,sfti_9a72a1f7d080d4d75e4c6811,cand_b949c8604b882e12190a893c,paper_c9076bad50255c56eada
T2_NUMERIC,3000,2377,sfti_76963dc05dfe83eebd4a1898,cand_dec4d063df90ca72f8b4a061,paper_d3701df2622169ea49d6
T2_NUMERIC,3000,2378,sfti_6c74ad39d94ffccfbfff7f47,cand_5c92b774ca1f7b6981a7f26b,paper_e64e81499208b440427e
T2_NUMERIC,3000,2379,sfti_73e5d431d3ad3302f9c7e808,cand_310122d2bc2aa6c33a353fe2,paper_06f28f494ab4fc8cbfaf
T2_NUMERIC,3000,2380,sfti_78ca9767ad9396815637954f,cand_39d41b73e542e8ddf0d8f8f2,paper_9b42a9d51098cee184ff
T2_NUMERIC,3000,2381,sfti_d619d315cafc646d377799ee,cand_81a534e8efc2d750212f2f53,paper_d1b552e814f2835253c4
T2_NUMERIC,3000,2382,sfti_d9fc4ef9f5e0a80a91b5edcc,cand_2e9bb7c19b3ce0aa9d7e4806,paper_ebf04dca48b284656891
T2_NUMERIC,3000,2383,sfti_a731fd6f913c3c9ef5346ecd,cand_f28ad1c8e114f388640d2944,paper_cc9ed1f379259d9c2e94
T2_NUMERIC,3000,2384,sfti_f68bcdd8b58c71c1b3555d47,cand_be2292cf43dde674e2b71a89,paper_e2e0c362cc5cf9a852af
T2_NUMERIC,3000,2385,sfti_34e3cfa5ead1971dfc0ac8bd,cand_0a95ddc07f3fc4c2216d604c,paper_f378b66070e11c3c934c
T2_NUMERIC,3000,2386,sfti_909e5558f145fafcdd1b6743,cand_455ceab56b36c7a81369395c,paper_32588ab02863572afb45
T2_NUMERIC,3000,2387,sfti_97ca6f79830ef4312710cba9,cand_9d6a33f864f9a7835a9c0531,paper_254433e21b7170b6b83a
T2_NUMERIC,3000,2388,sfti_2411a9f9c533fd734b51ef9b,cand_e12122b74e2e7c9abeb5b772,paper_5b949d20881bc4e7c88c
T2_NUMERIC,3000,2389,sfti_acb8a5ac008ed7cdb17edb08,cand_fdb5124a8f39d3f14a513442,paper_e8f10ce67050b81e5490
T2_NUMERIC,3000,2390,sfti_50a638260cfbfee5f6834d49,cand_0559dc7d6db90c9939a426eb,paper_f07c5b93cfd2ea6a70f0
T2_NUMERIC,3000,2391,sfti_a0263db729a5c97385745b6b,cand_968a63de02f41965b2c2f7a6,paper_04e03066f4102df0b9bd
T2_NUMERIC,3000,2392,sfti_a86d530d411ae45e4b08abec,cand_1c98a4c9edf828cf6e83b33a,paper_0e2dd7108794ac9b6f39
T2_NUMERIC,3000,2393,sfti_6c10531ff95dad30f2c6d60c,cand_4cc64959afa0db72f456b2fe,paper_d8dac68269c10d6d1dde
T2_NUMERIC,3000,2394,sfti_084cbab9f18cef8d4d1cca1d,cand_2b98b701bcfbb0cf678aa283,paper_47cebef9e3b773142526
T2_NUMERIC,3000,2395,sfti_3cc07cb2984f5bb174638e51,cand_ade82926a0bdef093b9d76ce,paper_3f61f4ceb06e5ae14844
T2_NUMERIC,3000,2396,sfti_deb396d96b183f0f055b15c7,cand_543c61cee267fdd8014d8353,paper_107db4c949cb026c7265
T2_NUMERIC,3000,2397,sfti_ac42c6a861645368be398e0e,cand_65b3edf6a681985ddf5dbb91,paper_99b91e4391be449bdb00
T2_NUMERIC,3000,2398,sfti_44004b54582c6a0e3a72f20d,cand_987d5942a4b7d937a5de65b3,paper_95388a63f2873845bd78
T2_NUMERIC,3000,2399,sfti_d1d48fc51388c4e458492d47,cand_4f1a892cc89a45b0e062b6ee,paper_30af98fd045e6e063607
T2_NUMERIC,3000,2400,sfti_01259d309d2febb0554b36fd,cand_f0fae026e291990f35db34a0,paper_b35bae27d796b009e0df
T2_NUMERIC,3000,2401,sfti_ab643be6066df055eae8bdd1,cand_0aa21b7b4b6bd8a1dcf43232,paper_04e78ff55c7a3c70cd95
T2_NUMERIC,3000,2402,sfti_1dd6206b5ae2a26461f53753,cand_01ac9874aaac07cc9bd01077,paper_711883789f83c2f2a3b5
T2_NUMERIC,3000,2403,sfti_9f22e1c800968195402b274d,cand_ebd2de84bb92aa8ef2bbf3c7,paper_e5c1d63c115e58cfb9fd
T2_NUMERIC,3000,2404,sfti_88295336ea76c4a198e1fe32,cand_dad9e087433823edfaee955d,paper_99b1113a442b4f68d2be
T2_NUMERIC,3000,2405,sfti_c219db2e919de9d1c75e0ec2,cand_b06626e8351d627fd0f181c7,paper_62b3091e260a0767cfbd
T2_NUMERIC,3000,2406,sfti_3265b25cbf45f9a87db170d5,cand_aa5da93316dbe600be062183,paper_3fc5ad888280021a152a
T2_NUMERIC,3000,2407,sfti_dca886ea8256a9db58f4a680,cand_e739dc2bf83cda9ea1af87d5,paper_11d4bce0bb41d66468ff
T2_NUMERIC,3000,2408,sfti_38dac6ab93af92d293869c39,cand_3420b132b5ba25d190de5f6e,paper_86eceedcfd0d5b078898
T2_NUMERIC,3000,2409,sfti_110a465fb8459a2fe49aae91,cand_40d71fc9fc378be28c8ceedd,paper_32c0694947af1a320e1a
T2_NUMERIC,3000,2410,sfti_f23939ff2af4e819f9664162,cand_0a17fb462ce3fef5270128a8,paper_583ba179ad1bd014f19f
T2_NUMERIC,3000,2411,sfti_cecc6c84d44f7916e96938a3,cand_72e5357da9300d351acc4740,paper_3385b1bb39a8e7617d18
T2_NUMERIC,3000,2412,sfti_9aadcd29cd4bde44ca7ffc6a,cand_0b8878e3be1dea1ca7a6ee59,paper_2e5b0db9629fafc6d581
T2_NUMERIC,3000,2413,sfti_be3c8be728e1ebbb5574a616,cand_f7f8dfc154ffbeab121cc585,paper_8895ea6c90c08e015ed4
T2_NUMERIC,3000,2414,sfti_b5189f2e22cd268b62d4d3e2,cand_7b7f756e4a587aa6abce77eb,paper_eadbe456d02d8029883b
T2_NUMERIC,3000,2415,sfti_9d94e1f8101bb6480e7a5cde,cand_588406505a52eeaeca3dd061,paper_4fed03efeda4fa16bd81
T2_NUMERIC,3000,2416,sfti_2a87af3cc6acc6785b532b9a,cand_452658eef745394174068d42,paper_d94c17d2124c8f2c2769
T2_NUMERIC,3000,2417,sfti_2722fa72ab3345ac9d180393,cand_ae715834eda7fa3a17c4463e,paper_ea4267fba8d94a8c033c
T2_NUMERIC,3000,2418,sfti_51f0df95e4ab96efbd8b9bc7,cand_1097a667455385acd56423f8,paper_4a9d2bbe23f05d0a76c1
T2_NUMERIC,3000,2419,sfti_d9ceed6e268bc2a4cf2ea47d,cand_36031c568ab4c4086721879d,paper_b3552b6fdbe0b7700b37
T2_NUMERIC,3000,2420,sfti_f7a95e358dd05b8106a0a9bc,cand_500864a3c805073865a10722,paper_80d6bc43930afa567587
T2_NUMERIC,3000,2421,sfti_dc218aaf44a0b3c6186974bd,cand_145a590810ae5a5c463ee947,paper_14587ed0f5bdfc1a50ee
T2_NUMERIC,3000,2422,sfti_35efffd95758da732b250c79,cand_2597a6b7aad5556882020636,paper_1fd71bfc1f86f56c22a7
T2_NUMERIC,3000,2423,sfti_520bc9f3294a1150af1fc8aa,cand_01e65b1da1a3d9960a7adcdc,paper_bd62057c7302a0ba18e9
T2_NUMERIC,3000,2424,sfti_a2a72288cb49a45212395a68,cand_d44efd2689564b5b15103cb3,paper_494fced5d2e7467e1403
T2_NUMERIC,3000,2425,sfti_23d02c45581238027c9a17cd,cand_3f9dec32dd3576bef4d5b323,paper_3ad4c97acce29985ea25
T2_NUMERIC,3000,2426,sfti_615f8f4542d72c36c985063d,cand_247d3ffb501e4f1e304d9bb1,paper_df2d25df8f7320c47544
T2_NUMERIC,3000,2427,sfti_ba0f126960cc6ca35014f720,cand_21a14ee7d1115a94ae32257a,paper_ce666477947bde040935
T2_NUMERIC,3000,2428,sfti_70bb4fb4a5d7523458e719d5,cand_16b85b71508807495e56b631,paper_1220f0e0209b9579f4d9
T2_NUMERIC,3000,2429,sfti_bd7dc8148c8874b5a8057779,cand_ef705e0b52afb98af2734d80,paper_76a1c8f58debef0e3cb6
T2_NUMERIC,3000,2430,sfti_7f2c74054c4c81e0c0a997b9,cand_2ca5ce172fee4ac61d320baa,paper_9280239db1e4821bc6e9
T2_NUMERIC,3000,2431,sfti_5dc1bb83142bc6a9bda0cc7c,cand_3f8dacd252ead26cd7de8f67,paper_b33dff89ce500841ced0
T2_NUMERIC,3000,2432,sfti_cb84fce250ef016151f2b469,cand_c4d4eea1d06ee68cdc2a5533,paper_7ee211be810b2ec4f105
T2_NUMERIC,3000,2433,sfti_df885b2c76c7316c8d74c3dd,cand_e809e5e6541321551562c2cf,paper_c72db62816eabd2bd52f
T2_NUMERIC,3000,2434,sfti_ae7ee303e726573bff1aac0e,cand_4b99cb5b04f3cd574e02eefa,paper_8dfa0b3f4e18b1fd10c2
T2_NUMERIC,3000,2435,sfti_ec3060ee1e41362d95aaaf24,cand_1aff949343c6ac8ff25305b5,paper_547d4afb8af58742f7f5
T2_NUMERIC,3000,2436,sfti_58c2cf85312f14dd7fad9859,cand_75b1969df9b3afb7ddd55949,paper_5fc6abfc5851266a7bb2
T2_NUMERIC,3000,2437,sfti_5711fea930e7c5d783b32b70,cand_4e17eb98e02b1bc0d59c1d22,paper_fc464ca90bc204fb4fb9
T2_NUMERIC,3000,2438,sfti_81f9f9a34b9b728464f275fa,cand_5f9383c41a58afc61b930a70,paper_dfa4c04d49179c51031d
T2_NUMERIC,3000,2439,sfti_f6afd7a9f0e6fbc9419c2417,cand_73e1423f4e1fa58a21a64d1a,paper_4ad3f9a094b434800a09
T2_NUMERIC,3000,2440,sfti_6b5c83a14d27e3f0aa1cf501,cand_0d57de7e76f886585fdbb6b3,paper_1e45d661065122156bca
T2_NUMERIC,3000,2441,sfti_7df251d10177396fda1790eb,cand_c9d2971a51dc2a028d191bd9,paper_9698880edb2f1fbb0716
T2_NUMERIC,3000,2442,sfti_fc89ae79d136ee3d7679843d,cand_59d58946d92c1424f12baa11,paper_9fd0e80083842c681e91
T2_NUMERIC,3000,2443,sfti_e5e602ca7a3a7477cbf0b13a,cand_cb44aeeb2f4006292541dd3a,paper_39e9d11387f6c55d1652
T2_NUMERIC,3000,2444,sfti_4781371eb4101137e41c4c1b,cand_6d3a434918f1d56d90a07b3b,paper_470a19bc15b33b925872
T2_NUMERIC,3000,2445,sfti_92618ae9b4847732b176c85d,cand_9606b2f716a40661677a4f03,paper_2235d89eca48310afdec
T2_NUMERIC,3000,2446,sfti_0e7cc5d0030a025805b9fca6,cand_dec71139489026029ac7ec0c,paper_b6b0623f2398930e5f5f
T2_NUMERIC,3000,2447,sfti_2d16860a6274d4207eb9e084,cand_d77c52341b75b80cfdd56066,paper_e0bc38afddebf5979ec5
T2_NUMERIC,3000,2448,sfti_ba93be691b22232428e6099d,cand_4a251f3319064e3f4f71f3fe,paper_46b8f27edf61a5ba6af1
T2_NUMERIC,3000,2449,sfti_25a209834b11d97465feaf05,cand_583c7dc2611e3f79c032cd4c,paper_1c6f05ec20958b581f16
T2_NUMERIC,3000,2450,sfti_5b36f903b9acb605bbac20e5,cand_bcf34f5ea2b9771b8b65d03c,paper_dfbade9b3fbcc17ffa87
T2_NUMERIC,3000,2451,sfti_8c332ee5bec45dd73890038e,cand_356e0d83181d3cfa534b67bb,paper_a35f33cae0d6e49f66ae
T2_NUMERIC,3000,2452,sfti_e21fb6558c43ac7093ae3f45,cand_00044589d99439f1c312cefe,paper_1fb34ecfd11bbe4cedc9
T2_NUMERIC,3000,2453,sfti_d447094b9389577c22597696,cand_0ae38927eb8d36e6b2f01d93,paper_5de9ab0019c634acc05d
T2_NUMERIC,3000,2454,sfti_4acd165bc2f56aaff6edd42f,cand_6a6fc822febee35b07d2abc6,paper_db02ad53b325ae25d0b4
T2_NUMERIC,3000,2455,sfti_05c95e723baf93af6322b658,cand_ec6207d21d6abfc287a27f91,paper_dffdbee00caf5a312878
T2_NUMERIC,3000,2456,sfti_34bd44b882d48f27f8cf2c4a,cand_adb9996e350eedba56c748b6,paper_1c8a84b0f4b0a4180368
T2_NUMERIC,3000,2457,sfti_ce68fc627cc22729f0a8a1e7,cand_5bffabeabd963c9a846cf6f0,paper_92f7aa793df6f3d49324
T2_NUMERIC,3000,2458,sfti_6d29a77ca5917bf0ab95ef59,cand_a8f7fd29fb909f87fc82cc96,paper_edf2526887b73f01404b
T2_NUMERIC,3000,2459,sfti_514a3ca369b66d0aa12404eb,cand_2ba82a76df1f571a72adf7ca,paper_d5335a0a272e74fabf30
T2_NUMERIC,3000,2460,sfti_19ee595d1f958ae82ce0451d,cand_ec99423a92ef687d23c39b8f,paper_8f30d3737dcb9bbdb72f
T2_NUMERIC,3000,2461,sfti_6dc6e0f51995268ba46f14ac,cand_100ca76a19e15a4d225ccea7,paper_2fa4ade2a3d21eee9f61
T2_NUMERIC,3000,2462,sfti_ff9f8d86d6362b7ae96a77ff,cand_c095627cff498c9569ef8146,paper_260c6937e35e1e5ecb8a
T2_NUMERIC,3000,2463,sfti_b241d28d04ab909873a4d48a,cand_f4ea2ec51d6e93861515fe5c,paper_1326e03962da71949e0e
T2_NUMERIC,3000,2464,sfti_daec1f7360de2e30fbc4c1f6,cand_327f296fcd7f3f8640ef56c7,paper_8614d958b1fd56258652
T2_NUMERIC,3000,2465,sfti_42aac23d8614a01f164d2fd4,cand_acca5abdcda14d4cdebd5e0b,paper_3d0a6d6a13c05010a8e5
T2_NUMERIC,3000,2466,sfti_3c8b3c3fb29e887c61777984,cand_7603de4e82ed45b62ed43070,paper_276e2d9ca1173f526ae1
T2_NUMERIC,3000,2467,sfti_029566af0c7434a69ca8b933,cand_4cb461dcbbf7efe721f9ba56,paper_cccf0a5d801b597f89a2
T2_NUMERIC,3000,2468,sfti_a99aa59004cfe790a70d6d5b,cand_f4f65196f7988041cd0ba37e,paper_344dbfc5c5b168e02b55
T2_NUMERIC,3000,2469,sfti_baa6d6334a80c329540f5196,cand_2cb467a722a1e670e4850b87,paper_7282fd8c3a5c3092dc85
T2_NUMERIC,3000,2470,sfti_1f7aa38ed275cca182b40380,cand_243da6e976144fe0c4bceb87,paper_8dc5c333e1321b1487f5
T2_NUMERIC,3000,2471,sfti_73ab2f06d272519b8695c0c1,cand_c9f5827fe0899dd91c8299f4,paper_9a0a6ddc3ec36d638255
T2_NUMERIC,3000,2472,sfti_9ff223bf20b3ac93d37459a1,cand_00a8bae5f4d7e242e39e6689,paper_36d7325ec81a4ba108e6
T2_NUMERIC,3000,2473,sfti_aabf25c39debe3ad1abb903c,cand_769f1ad20337a478ea7776f0,paper_94655eefd46272d6c61d
T2_NUMERIC,3000,2474,sfti_4c365abe8914db1def1ade51,cand_5ea5ffa96f7e21a3d3c1ea12,paper_12212fa165cdc8f748f1
T2_NUMERIC,3000,2475,sfti_1db64a6fa37a6649e3e1d786,cand_ed79355273331acac115f84d,paper_ec8873bb62d0b10bc6b8
T2_NUMERIC,3000,2476,sfti_e7c9a17cb739671825098902,cand_9744436f4d6aa3b61c2a5c8b,paper_290f6096e9f482df0c66
T2_NUMERIC,3000,2477,sfti_2730d8549f5837273577d59d,cand_37ac3fa84d2cae4a87b687c8,paper_7c9969be007d847e2a5b
T2_NUMERIC,3000,2478,sfti_bdecf04dbad6b024d7a41d10,cand_fb5f748a7ccb0f97c78c76b1,paper_c84f83ae2a94c240da67
T2_NUMERIC,3000,2479,sfti_69ef51eda60410fd5a579b31,cand_7a8d87e6ba15812862000922,paper_92492c1b36f84428b0a0
T2_NUMERIC,3000,2480,sfti_ee8d423f789cfff86a9d3adf,cand_5129861fa38622e1a5e75443,paper_c677e24671caa0fb90fb
T2_NUMERIC,3000,2481,sfti_280aaba2057413706e46e985,cand_9130d99c2e9fb2eb13f7fdf9,paper_513c448af01021af98d8
T2_NUMERIC,3000,2482,sfti_acd6f3aa262aaea525ac0bc3,cand_07cc96cc56e02d1313eb1ca9,paper_5c211132f97e75987828
T2_NUMERIC,3000,2483,sfti_3994868644ad6757dc769912,cand_bed6f8ff644673db119c4d57,paper_fd19685206cd80b2e8af
T2_NUMERIC,3000,2484,sfti_e63ac191cdc0d2654d776eff,cand_341836f6161117efb6c9f1c9,paper_5e7136f9fee556336842
T2_NUMERIC,3000,2485,sfti_8cf759cc740538b4e95c6820,cand_4c5582650ea22fa0b31347c5,paper_229253424b5d6f2ab1ff
T2_NUMERIC,3000,2486,sfti_6ae769391202febeb1bbdfdb,cand_f843bddf5153b8ab3759b512,paper_ddc1627042a99d4c0665
T2_NUMERIC,3000,2487,sfti_e659670f15e4b0ce492e056e,cand_6147e31009cd21dcb0957f7d,paper_d4237e6fab9b882ccc6a
T2_NUMERIC,3000,2488,sfti_933b399d82238c4cf5b48221,cand_9d56dcdc70f790f755e838d1,paper_e50e8b978761f11e5df6
T2_NUMERIC,3000,2489,sfti_f54bdc40e7dbd361bdd73f6e,cand_2968f72ac00c5da859109abc,paper_5dba6c69f7a50cc6e42d
T2_NUMERIC,3000,2490,sfti_8f2dd4917577115a47847340,cand_b2eb96d44ad6d619ae7fa118,paper_caa94e78df759c34426a
T2_NUMERIC,3000,2491,sfti_a8c195a1a1bd3788dc1637d3,cand_10998f9aee7c21ce4eb6c9b3,paper_f2ac582ab2137c281989
T2_NUMERIC,3000,2492,sfti_03efefc54f64c33d5b9a04b6,cand_41ffbd4639e15f4d08f29015,paper_824b40fcf4f4c73b8a38
T2_NUMERIC,3000,2493,sfti_a55f97f0d3176a367d648773,cand_1ff83a7b2b62d6e63af1fc5a,paper_78521781d2e91d1e798b
T2_NUMERIC,3000,2494,sfti_d9039ee98acb4e5826ab2a45,cand_188c9276b555fea8c1147ca0,paper_b1137dddd2d1c3041dd4
T2_NUMERIC,3000,2495,sfti_683748304e1b311e7f05463a,cand_d634bd86f74d4417bd61d60e,paper_b4dd9247e6ebd7246d8d
T2_NUMERIC,3000,2496,sfti_1cda4e4b9e81c0c9f09400d0,cand_e49d3799951c2cfd365f3b6a,paper_24876507fe1792361408
T2_NUMERIC,3000,2497,sfti_f52f0f9af22509a381a17198,cand_83ee4ab4942e834305266e52,paper_92de99770ad153511885
T2_NUMERIC,3000,2498,sfti_ea730e3bf28aaf64b25bff7c,cand_7bb909baf85566ef7634a325,paper_2e5c90bb6a9fbde934cc
T2_NUMERIC,3000,2499,sfti_780ad9cf7f6f82dbfb7dd74c,cand_c6a27013573af143f028fe5b,paper_dc40c15f69551a6bf4e6
T2_NUMERIC,3000,2500,sfti_4f42f1b900e4c808cb0310c0,cand_781731c16a9c0b6584bbecc3,paper_bea3698e1259b05a513f
T2_NUMERIC,3000,2501,sfti_042b99b57e70374f3ea92439,cand_81bc9aeabe90d3c09012335c,paper_011ae5a30c23e38fafea
T2_NUMERIC,3000,2502,sfti_11b5a96b82e53a5ee3b8e69c,cand_4b7a1222b825a123a4b2d120,paper_a9b8593ef4f77277f3a8
T2_NUMERIC,3000,2503,sfti_cdb3d0d3fe7a46f56bc5eff5,cand_0055ac21a3203631081e8775,paper_4ae8c8128bb1559d140b
T2_NUMERIC,3000,2504,sfti_62a2281a9e60bb8fda200b26,cand_eebb4ffc57c2286687096351,paper_8f19b4cda93b876f475f
T2_NUMERIC,3000,2505,sfti_32733338920bad32f94a34ac,cand_b2e447f7c7564fd927e5fd1a,paper_2f0372a1092eda59e322
T2_NUMERIC,3000,2506,sfti_cc607e440244c22e9e6851ae,cand_374e084f6c8e8e866ddf34dc,paper_506cd366d7f23427e5d4
T2_NUMERIC,3000,2507,sfti_a6537efbd156086952f39997,cand_012495859c3216c76206bdd1,paper_e61f93a45b9dbd4173bb
T2_NUMERIC,3000,2508,sfti_07c8c44d80088cd330fa8183,cand_c67a7b6b9ff3675024c7a9f5,paper_734689d9ad881e3f05c6
T2_NUMERIC,3000,2509,sfti_77e03505adcb41af37ba862d,cand_a5b144d8a9055b8690a7486d,paper_102cf81837ebd8524603
T2_NUMERIC,3000,2510,sfti_9112fd8f64c8d32c08de3578,cand_3934fdab48db09315d7f89b0,paper_d26912d416d0efef20b2
T2_NUMERIC,3000,2511,sfti_5bae9449b6f8dd50b7cb5154,cand_ebb002b9afa9fe71fe879326,paper_d233e8cdb8ca793ee1b6
T2_NUMERIC,3000,2512,sfti_d4c96d2477368bdf74458351,cand_dbe3a4c97057c1e1decea4e8,paper_ced030a0b27c5b68fa5f
T2_NUMERIC,3000,2513,sfti_e8182d7f0feb469bc31edff2,cand_e52d68f4c7c9d48bfa73ce4f,paper_31b1f115b8cc596da7d4
T2_NUMERIC,3000,2514,sfti_16999dd35cd4285b66a1c541,cand_f756fa62778da7f85d51a528,paper_838f47356ba40564b3ac
T2_NUMERIC,3000,2515,sfti_b5503dcbd049b631bc52e0fc,cand_5842fd052be05052898411fd,paper_098454894ffb6b617c9d
T2_NUMERIC,3000,2516,sfti_d78546e75623c4fd700d788d,cand_9d6fa9ab6ce2e2863ac9ccbc,paper_6659f90299fc568992d1
T2_NUMERIC,3000,2517,sfti_18548b93aefd7a3aa8b6e941,cand_e99e8ca868dbba7f18aeddd3,paper_7d92fa5aee2c2b1e19aa
T2_NUMERIC,3000,2518,sfti_7c6b509527dec6d040f7dd74,cand_21d427e808f5f7b093d43f97,paper_8fffa7755c947f926f25
T2_NUMERIC,3000,2519,sfti_1267e84c2c72f0128a34cd7c,cand_e739577756a672f0027fd1fe,paper_b23e7df70840f64e1fa6
T2_NUMERIC,3000,2520,sfti_705176ecc3dbb871c458e636,cand_34b75f697f6912a3f432616f,paper_47eb55cbd779efa686da
T2_NUMERIC,3000,2521,sfti_7b55a2f33ec8cc4072505044,cand_686c5ef26c5bb889d5b23668,paper_0e732bca591d02f4edb1
T2_NUMERIC,3000,2522,sfti_f92f3e15afaebc0aa9715c94,cand_34a5de6be0bdb651fc09dc34,paper_d873ca85f16991a1f582
T2_NUMERIC,3000,2523,sfti_53292ddaec6494850d1e8c39,cand_d596060577d017a4a17386c8,paper_96607ca46d3489528d72
T2_NUMERIC,3000,2524,sfti_1c954683eeccc43594719067,cand_22cf7c62020fa1a9a208ca66,paper_3221ea8e544091c11728
T2_NUMERIC,3000,2525,sfti_484e1f7151e0d1e685ab5639,cand_a87cc4c46a7fb7b888857758,paper_d1323c3c9ab5baa345f5
T2_NUMERIC,3000,2526,sfti_cea3577e0e73369574e738d7,cand_bb6a6103836a4eb4745ca96e,paper_7cf2bb984eaacaed8b12
T2_NUMERIC,3000,2527,sfti_0d7024aef67dbe0e620081c8,cand_b22a1efc1c4121dd65f8dc88,paper_3bdb77b817ab0e39e5e3
T2_NUMERIC,3000,2528,sfti_e26a63cdfd4e3098a0abf3cb,cand_f75b68ceb7b19f2fde62a83e,paper_955110ae6783fdfb11b5
T2_NUMERIC,3000,2529,sfti_693fc074e16dc412775b2723,cand_13ded6f978adcdf76ac33e00,paper_fc1bbdf085b09de0eda2
T2_NUMERIC,3000,2530,sfti_5fb1f5b7b51f65028117f32a,cand_80c9004abfffb245fb479460,paper_00c54464ef9a21d1e80e
T2_NUMERIC,3000,2531,sfti_4b5e83b80197135fd2a0bb8d,cand_8d9ad44a1a5f683cda12b913,paper_1d07631f1981f7bc5e0c
T2_NUMERIC,3000,2532,sfti_ff1a0f63bbf6ca2d21bfa9e6,cand_8b3ef8388021d84146349eb8,paper_e1a9ba013944aad3196e
T2_NUMERIC,3000,2533,sfti_9b87bf008b4730fd545f41a0,cand_3f053274f477127f3d5b774e,paper_7cab5ff6b0a1500077e4
T2_NUMERIC,3000,2534,sfti_596aa476df4039afd8402b5a,cand_ea1ac749ec41f51d186c9f2f,paper_da0ac833f07a1de644ea
T2_NUMERIC,3000,2535,sfti_35833b32db2011b8924cca88,cand_bb30dd23bc314c8a217b81c4,paper_055c30f255961e07a80e
T2_NUMERIC,3000,2536,sfti_5908c282332ad6513b8caba0,cand_352db05f6a739d2136e993d2,paper_4ffc5b48048d021e1815
T2_NUMERIC,3000,2537,sfti_ccb42542b848d342b51da45e,cand_9f6d64a3d61701507e4df782,paper_de0186321a16af47ce1d
T2_NUMERIC,3000,2538,sfti_867d921851cff9d49f145015,cand_dc0966b7f28b603a432b27f1,paper_59d14f7f5c168de48683
T2_NUMERIC,3000,2539,sfti_b536886cac646beb6963801d,cand_ce1a0c3e036e426a91ec270e,paper_e52784c744c30f66d9a7
T2_NUMERIC,3000,2540,sfti_70736be5b904815d329f11db,cand_b66937c710b339b02d06688d,paper_257eb54fddd85f451139
T2_NUMERIC,3000,2541,sfti_28c046597e075c76648a29de,cand_70bdab7bdcd716530df74996,paper_338315c4ce05cecd82c8
T2_NUMERIC,3000,2542,sfti_0fe2f3d34deb7531f83c36c5,cand_a1eac11b2dfaf52549ac157b,paper_ed68ec856c007b57b392
T2_NUMERIC,3000,2543,sfti_810763117c3dceab5c6584d1,cand_0a4b3008955f1a4efb0ef7c7,paper_4caad60a26ac6522fd27
T2_NUMERIC,3000,2544,sfti_36145cdd286b08c44a681b36,cand_353d64508414607110b98ce9,paper_3a9f6563580de478d046
T2_NUMERIC,3000,2545,sfti_54083eda47b12f565c65c082,cand_b981a8e28299af5e56a2a1cf,paper_dd66853710e061bf1743
T2_NUMERIC,3000,2546,sfti_92431970ffb3b2012dcc4a65,cand_f67f4c1ac9dbe4f63d1b541f,paper_420a7c4a1beacd06e82f
T2_NUMERIC,3000,2547,sfti_8f08ab7c71ff2504e18a0dc2,cand_2abf209212ebaddc064c8928,paper_c69af6ceb73b04c2959b
T2_NUMERIC,3000,2548,sfti_6e3a2085529b11e9c14b2805,cand_909d436add08cd242bab74fd,paper_1af66e18c3f897d2957f
T2_NUMERIC,3000,2549,sfti_fa900b190beaf0a548240cea,cand_facbc7c3143f98d0deba13f2,paper_48bccddb5fea3ee0728e
T2_NUMERIC,3000,2550,sfti_99f033d5561d79f720598012,cand_e310c53c1738d1f4b92c3cb2,paper_d29d84f63443160ab720
T2_NUMERIC,3000,2551,sfti_9a839a2083ecccfd6c25330b,cand_7ac114b4e351538079b375df,paper_80b3fa91e229a224aefe
T2_NUMERIC,3000,2552,sfti_d12386c8e414dcb243edae5a,cand_01482394ed72603171ccb1d0,paper_80a68f160df4694a78e4
T2_NUMERIC,3000,2553,sfti_1ec11489c773e042b6f1ffb1,cand_2faf62f462e3048492388a48,paper_d2eac0088861f06e06e3
T2_NUMERIC,3000,2554,sfti_976939b3d39f40489c0128bf,cand_71e21f0ea2adac61d70cc15b,paper_59c8c60a6758aa8e98da
T2_NUMERIC,3000,2555,sfti_20b7ebc025e18098b51f6dbf,cand_0f1061b32c3e41fab3f7a4f8,paper_d87f93dd56fb1098ebcb
T2_NUMERIC,3000,2556,sfti_234c69383bb8dbc8e4281556,cand_b71ef5ca3e33b7a8ab30a09f,paper_271e6a432146914f930d
T2_NUMERIC,3000,2557,sfti_07981c2eec52794792b6948a,cand_0f8ab5ffbdae89148149bb95,paper_68b682c64bdfa515c2d5
T2_NUMERIC,3000,2558,sfti_0bc2a47f4a69bca0fcdf4708,cand_38dc28ff2e3f29f84b413d99,paper_cebee2fe81ebbe1a3c48
T2_NUMERIC,3000,2559,sfti_310c26ca96a08cddd1ef3ea8,cand_cbdc06616d217a83c680cbaa,paper_713279ab4825df51d201
T2_NUMERIC,3000,2560,sfti_fad7de48d38d3b655c24e023,cand_3632fd772e3c52b8bd43fe84,paper_f0e786cb7abc6bd38852
T2_NUMERIC,3000,2561,sfti_b8d50709d81493cb8ce43b4b,cand_2858fae288cc5514e0cd1ae5,paper_900fb6d9761c5ddee474
T2_NUMERIC,3000,2562,sfti_1739002e3fc8233207aaae1d,cand_fe43593247133f76cb31fdab,paper_663c9861204cefb16aa6
T2_NUMERIC,3000,2563,sfti_9102878a7c6a5dfe74f78ccd,cand_199f8be6c2cfbc9ab4e625b2,paper_f2732436a0eceaabb00c
T2_NUMERIC,3000,2564,sfti_957d03ecba539b840693407c,cand_4cdcf59c366aca6bf291386f,paper_826b9125b26490b92083
T2_NUMERIC,3000,2565,sfti_adc57f50429ff148e5c0d31f,cand_8ff01908bb896f9cac81b96d,paper_64b04c99ea635be83301
T2_NUMERIC,3000,2566,sfti_f956b3f5a4ebfa8519e2a112,cand_7c800db9e71aed305e6bf3ee,paper_d4cafb54afe17e7fa6d9
T2_NUMERIC,3000,2567,sfti_d38f1118ee9c1778faba56a2,cand_2902daec5275f81c870529db,paper_98b22e436f52b6233975
T2_NUMERIC,3000,2568,sfti_03b3098a09640a2e5baa0e38,cand_96d1075e731a9cd67409e67b,paper_df08dd2519074eefbb90
T2_NUMERIC,3000,2569,sfti_2f777b49d28807888228a0f7,cand_260e51924fe0bde2bf8d7f22,paper_fd9edcf09c6f7a17bc27
T2_NUMERIC,3000,2570,sfti_6693afd44fcbaae3def0cc90,cand_1fa78daddfd54bc36197df00,paper_a8f5bd84ab7ed289a528
T2_NUMERIC,3000,2571,sfti_08e995c05a02879d74fc3a74,cand_f3ff8550ac50592c546bc879,paper_52e45ae625e87cb51855
T2_NUMERIC,3000,2572,sfti_267621d649a006ae0583744a,cand_b8b3865c9816ad75a9112445,paper_b8fdab800af4bb90c853
T2_NUMERIC,3000,2573,sfti_6a919d97123ca727c1363622,cand_96ec7c21c499efb10328e138,paper_847d39d827c9790807e8
T2_NUMERIC,3000,2574,sfti_863e67bad68e6d1308face8d,cand_2fef3c2709142b022d7a0b48,paper_86eeefc59d1e191de737
T2_NUMERIC,3000,2575,sfti_f4ec6b160669a2d4368492ac,cand_3ee0702b8ed880e34ba269bb,paper_f6b2ad2555ee467dd60b
T2_NUMERIC,3000,2576,sfti_d21d21d7d6e28b399ecf5eaf,cand_c78207bc7adf695343b6fa74,paper_3c08cf90b3f2d280f2f3
T2_NUMERIC,3000,2577,sfti_c9e58205e5cc9a76ad24febf,cand_81a7a4fc999c60b643444a40,paper_b36639ed4689d6f06a08
T2_NUMERIC,3000,2578,sfti_9fc4291d8b018b1aab4f5183,cand_5963b3d8322fb2d887f64d6d,paper_10391aa2210ab4785e17
T2_NUMERIC,3000,2579,sfti_b9f0b00982ae235c44756a3f,cand_6533fcf5fe1b3294674e5712,paper_193327cc5732fd3d01e5
T2_NUMERIC,3000,2580,sfti_91ae41b6be61ec13c3124f9f,cand_35f0b4b106c26926ee3e5672,paper_a51cb7e71e8b1382154c
T2_NUMERIC,3000,2581,sfti_2bdae5c6bfdbbaf4efe6648c,cand_fd36f8f1b2e13aebf2ad6225,paper_25f8891779281d552aed
T2_NUMERIC,3000,2582,sfti_6469d92caa9443780108e8b4,cand_ae9ccdaa24e9def8e80802ee,paper_5e71c72f7a5dc52b2892
T2_NUMERIC,3000,2583,sfti_980ae11332e32c97e3b9d962,cand_e54c5053209c882edaec94d8,paper_f001ee95d934e85b0f40
T2_NUMERIC,3000,2584,sfti_b01cbcdbbd4b26ade628644c,cand_b6ead4b6ddc8a9efb260d0b1,paper_896904b4e70b64dfb974
T2_NUMERIC,3000,2585,sfti_a0e00e856785357f266acdb3,cand_2016c1312147ef557c24bc5f,paper_09c4f2f626f879ade963
T2_NUMERIC,3000,2586,sfti_5acda31055133cf88420926b,cand_833e5c42357dff1ba6ab3e20,paper_5675b30f5cad570acb65
T2_NUMERIC,3000,2587,sfti_efcea0b1de0beca58f6d261d,cand_d1150d2fd6b83237d9454d19,paper_bb625ee9c2bceed76e9a
T2_NUMERIC,3000,2588,sfti_057cffbeb52a817c66b5c07e,cand_cca44d2b783f826a3e33a2c4,paper_2d26b54a49fc7f24b94d
T2_NUMERIC,3000,2589,sfti_0b2ccd35260ce376bbda781b,cand_4c40786618c962b467927011,paper_dd072c7a9a4eb901d770
T2_NUMERIC,3000,2590,sfti_ca936b1b19457db77a26a1ac,cand_368c25cfcba7aca38b105cab,paper_6c857c7f5b054f3ce2d8
T2_NUMERIC,3000,2591,sfti_b7e85365c393f634cc1d0d2b,cand_81509b8acb66b21428de67f8,paper_d50b8aede0d39091b0ee
T2_NUMERIC,3000,2592,sfti_7864414e785b424545663443,cand_1e7a977c96472fa38b99db4a,paper_87f3d7eccc9ceb06ff2f
T2_NUMERIC,3000,2593,sfti_e10c7301c533acbf5f5c0798,cand_d4b54485ec043146a1de4a8d,paper_cf903f949f015c0adc07
T2_NUMERIC,3000,2594,sfti_f84477397167bedbcd581f37,cand_35e4132de01fbfd40c67c929,paper_bf54d15a31f43b340d68
T2_NUMERIC,3000,2595,sfti_645c3ce1346ca9ed61dadb2b,cand_4491b0cb725cf24004cecf6f,paper_00c3ff30718e77e98d96
T2_NUMERIC,3000,2596,sfti_9b340adc1e648afe8b3092e8,cand_a9c0a858bf087f32077ee163,paper_681211614a0b1ba376f9
T2_NUMERIC,3000,2597,sfti_4ef8582d8c36c2cf8e105609,cand_d8715b159890be0e2e126b2c,paper_072bfbd0f8798926c557
T2_NUMERIC,3000,2598,sfti_ac897144173f4eb778ef9081,cand_60b4b2273bb643988bd47946,paper_a3dcf98fe3d5b5b73d1c
T2_NUMERIC,3000,2599,sfti_ff103ae29b0f774afa8aa51b,cand_e2ef2141257e1ebea1042343,paper_e57478bf8eb05ac918ba
T2_NUMERIC,3000,2600,sfti_b77014bbcb9835ebee58d329,cand_295e94ec1c8e37f66cafbe56,paper_16c13df8cf3bc9f0e47f
T2_NUMERIC,3000,2601,sfti_33b7c3f2859059379d35134e,cand_6167fd4771d2ca0f5134677d,paper_2b220ef4a7efc38da340
T2_NUMERIC,3000,2602,sfti_8dcfd3068d9478f15790ae7d,cand_b50895f657f641856bc213e4,paper_e072120be00c97a29167
T2_NUMERIC,3000,2603,sfti_2ac2b63a2c88abe596045763,cand_c9cb51c92933f01dad15c001,paper_a35c80746544bd19d98c
T2_NUMERIC,3000,2604,sfti_b908a15a65a128d5aa1cee89,cand_b08f253a9f1d6aeac4709f45,paper_d79077e7e2e94142e92c
T2_NUMERIC,3000,2605,sfti_ae4893a7fcd8ac0dda73683d,cand_75c3d1e50a8baf4ca4f5445f,paper_1e8373c0fc60886c7495
T2_NUMERIC,3000,2606,sfti_6736bfd385136731bc8e94b4,cand_2352ea09d96be7016b09bf86,paper_860747b92870ed8134b5
T2_NUMERIC,3000,2607,sfti_a5299d8d6691bc7106efcf37,cand_4a91b47bf6388e9f767f2321,paper_87c65faf0be682cf13b8
T2_NUMERIC,3000,2608,sfti_6d2ddaa945cbaa3977a0baad,cand_fa0291c220fdcecd68cc22de,paper_7240b6122ecd6cc368da
T2_NUMERIC,3000,2609,sfti_8673291d13351e7c3a0314b7,cand_9346323211877989c63eb0ef,paper_b153a4108133aedb208f
T2_NUMERIC,3000,2610,sfti_94c2092259edfcdd56a09918,cand_28b01982b591e97d3b77cb6a,paper_3e0d5679b83f65deebe0
T2_NUMERIC,3000,2611,sfti_e737c2d0095b42f442b3ac80,cand_41ea7ee7dbae1d91914f4032,paper_62d201305fdcd3046947
T2_NUMERIC,3000,2612,sfti_65cd381f2471563de6c339f9,cand_06a234a7f39afa090a26d51c,paper_cf6b5a4b3b503636aee2
T2_NUMERIC,3000,2613,sfti_a91af190d26c58f031fcf38d,cand_ece9b54f0b91335e261a4785,paper_fb5352011719292bb656
T2_NUMERIC,3000,2614,sfti_1085f5470d797b8104198143,cand_b3dc38950bee7bea8c018e6c,paper_406e37f76481edf543ab
T2_NUMERIC,3000,2615,sfti_f3041f27e7937f1565aef6e7,cand_8d247ef73846ebc26df89f7d,paper_1cd03f121d79a0c57f50
T2_NUMERIC,3000,2616,sfti_364216532c22a85153b820c5,cand_60f06d840c1ea16d3f85bc9c,paper_daf019871d0aa3d39b39
T2_NUMERIC,3000,2617,sfti_71e5c1230bf2e07fb43d8f77,cand_06ba30935a0dbe5d32781010,paper_7dae2f2b5c43ce9aef0e
T2_NUMERIC,3000,2618,sfti_bb9cee7a14cbc5163fbc704d,cand_e0db3551b83a39e44ed5ad2e,paper_e2410e75ea19291fc9b1
T2_NUMERIC,3000,2619,sfti_cf2500e9abfc88b0dd9e6d37,cand_8f40605d3047946ea9caba2b,paper_75d5824249e114a70cb6
T2_NUMERIC,3000,2620,sfti_12b25a2a77aef7f7334086cc,cand_363356fb4eff7545992c221f,paper_f0d2d28c36b069584342
T2_NUMERIC,3000,2621,sfti_f09f9fcf0c8b3549712aa167,cand_042d9473ca0601b11d096fe3,paper_6202a5d0ab54e3b90fed
T2_NUMERIC,3000,2622,sfti_652e0ed4800d1db99a17077f,cand_3df26a4664e129b30016c0fb,paper_aa644bb19b81f26fb841
T2_NUMERIC,3000,2623,sfti_43ff6f278304e6a032347122,cand_1affe3c8813ad84e489b395c,paper_fbed811a281c252f5a17
T2_NUMERIC,3000,2624,sfti_95b6b62574a0c817edef229a,cand_c3863e750a073507432844e3,paper_5f4d155a7e87fdbcfd57
T2_NUMERIC,3000,2625,sfti_b5b86578f520006a30272e27,cand_5e02e447f6f10cf6ec477874,paper_a7a15a187cddf7b367fc
T2_NUMERIC,3000,2626,sfti_733d819b43dea65f7d0d4d65,cand_cf1989c86d1b92fae586e38f,paper_93cdac17023edefbaae6
T2_NUMERIC,3000,2627,sfti_285c1bd424cae90ea9af4c61,cand_40b393373668817c31708c5a,paper_1d252e6c327bda31dd7e
T2_NUMERIC,3000,2628,sfti_60781b85d8e9fa84f8f47c43,cand_bcca10aa53079dc98252b4f7,paper_190df2258f3e7ef7321c
T2_NUMERIC,3000,2629,sfti_8965ee970d54e7d3e01d1d66,cand_14c4805b2ce9e59e6f858860,paper_03ff7e9def87a030b1a4
T2_NUMERIC,3000,2630,sfti_4cb043a9e49c86e87f612643,cand_09013ffe5bffbc97f9965449,paper_080ae6d04b647d7d027e
T2_NUMERIC,3000,2631,sfti_f6be2ebf95d2b43ae89613f6,cand_525219d6aeda295cb32e3234,paper_35233223488b5f7763d8
T2_NUMERIC,3000,2632,sfti_4b8b88f097a7a6ef37630ad2,cand_addc804bf75d07198310c89a,paper_6df43c48214728454930
T2_NUMERIC,3000,2633,sfti_e375f7a3774feff4aada9fa8,cand_e511149ae8021906e5bab029,paper_a6a71ab05e2677c8001d
T2_NUMERIC,3000,2634,sfti_c8e922779ecb7aaaa03dc33a,cand_1d77533f1af521337fdcd3e7,paper_117c93c9f01087aa7a3e
T2_NUMERIC,3000,2635,sfti_e7d188396344bcf3f8a59497,cand_f07fc8df6452a7f40d98eaf2,paper_8b6b74b78f127ceb59c4
T2_NUMERIC,3000,2636,sfti_1142318b8a47c0226fdc72aa,cand_b0f99f22472f508b3038c116,paper_a33d69153b85c02028d9
T2_NUMERIC,3000,2637,sfti_ba59e8fa2d06fe2f05f1551e,cand_02f31893a53d53cea49a0c34,paper_aefd1f6c29e982b9aba9
T2_NUMERIC,3000,2638,sfti_ba5e61e2f306ff529d705e1d,cand_102c7de54833807e73641300,paper_09a5a6b8d7c4de7c9081
T2_NUMERIC,3000,2639,sfti_62bd6aa01c116d7cfab1e33d,cand_da71104253d87092d0ac2524,paper_6df4b9381be6592f7484
T2_NUMERIC,3000,2640,sfti_18255a6af59208cb95ecd98d,cand_9f38afc36d01d92110c7921d,paper_829ea89148ab3b7af271
T2_NUMERIC,3000,2641,sfti_84be0e95f78fcc804cb88280,cand_c19481c6abb3472e08112a9c,paper_65b7b19882eb5c68826f
T2_NUMERIC,3000,2642,sfti_83647e6acc5743fccdcd9eb2,cand_9bafc4d8dc74ce1babd80b3f,paper_b4d40141243bb11115d6
T2_NUMERIC,3000,2643,sfti_70b899c396f6f416f4d9c673,cand_e06caf644d3ace72f695bd1f,paper_4e3de9e4ca79ed351723
T2_NUMERIC,3000,2644,sfti_7f2b5013291fc6ae680c0fde,cand_ecb5faa4017550ed555c7f7b,paper_ecd6471e7031f96c6dd5
T2_NUMERIC,3000,2645,sfti_8b3c7f8cf4b72d07cb51ef3b,cand_38a20fe7df778c0f9331ea40,paper_2018ada7d8a5bf4f51a9
T2_NUMERIC,3000,2646,sfti_7c93990dba464e8a0085f082,cand_ce6aa9316f790046fa143e16,paper_98e549572ba02d9bdf70
T2_NUMERIC,3000,2647,sfti_a6afeb22a531e433f44fa0f5,cand_bbbfa0f55853a6dccd353e77,paper_e6eb31e0c696987f6709
T2_NUMERIC,3000,2648,sfti_af1e3a23858e95165beda4ce,cand_22b354d07486875e44989741,paper_7661703c927d0e9f12dc
T2_NUMERIC,3000,2649,sfti_95521faab6f960003ba7fa4d,cand_52399dec5ea4c60a8a93f030,paper_2a0c54eb288d2bd6107c
T2_NUMERIC,3000,2650,sfti_9ab4365b4eb68d471d30393a,cand_a28c888f2b6b7d580e05fc11,paper_56d1c041063dd1a9acf3
T2_NUMERIC,3000,2651,sfti_9310c41135a824aebf48b3af,cand_c5e86c6e5b0dc0a14ee4454e,paper_4cbcef64f6b0ab42d544
T2_NUMERIC,3000,2652,sfti_9ccdad64429b6245fdf970b2,cand_c67497858029e334243c4247,paper_2cb6f57951a81f95a6d3
T2_NUMERIC,3000,2653,sfti_71795530f75921cc24c1210d,cand_14fd3eea23cc1fa203f5a326,paper_48f90822105bf111ea1a
T2_NUMERIC,3000,2654,sfti_cf8b8d05e194b69e1d957503,cand_7fa78d719dea29a39890809d,paper_19eb043baf2285e21e04
T2_NUMERIC,3000,2655,sfti_86407a2231cbd4fa001179d3,cand_6034020ef13cff86848766f4,paper_875f2d35bea8cececdda
T2_NUMERIC,3000,2656,sfti_e768e369e050f456ee0a2a6e,cand_b4c1137989dcdd4569f96397,paper_51c9758340f260242d9e
T2_NUMERIC,3000,2657,sfti_e2cf1f8639812f1323e64ebe,cand_505b02975030ea9b84690be2,paper_a6d918b77d863d08418c
T2_NUMERIC,3000,2658,sfti_3bd990a6fad38ef2f45e5a94,cand_d7eddd815ba05dda4a948bdd,paper_541aff79398df3a738ca
T2_NUMERIC,3000,2659,sfti_b4ea37f1e5ff4197389ee3e7,cand_a6cccd7e07021aa3ec12424b,paper_14885a60d70b18d57ffa
T2_NUMERIC,3000,2660,sfti_21d743de3472b0e70f8ceda5,cand_a990bfffaef9622492864b36,paper_04ee90d11a9e2e5995fa
T2_NUMERIC,3000,2661,sfti_3e068d143005c4b893759d6b,cand_ba577b4a80e5f1a4b9216dcd,paper_bc8cf1c27837920034b1
T2_NUMERIC,3000,2662,sfti_66b1d20d54845dda35ec9164,cand_23eb1cb2d66ec209274037dc,paper_3f7b8d5f291072c7e8ae
T2_NUMERIC,3000,2663,sfti_4b90239b3b4564411a31f9de,cand_158bc3ea3488174ac0188daf,paper_8960d35e4e7e918f25b3
T2_NUMERIC,3000,2664,sfti_8d971bd7f4196017a671e738,cand_c69164bc1c87c65183b013a5,paper_a2855be0e32bc908e060
T2_NUMERIC,3000,2665,sfti_8920dc39c8a4ad761b836403,cand_a55ff66c64a182032adab11c,paper_88185f5d588e4f96f362
T2_NUMERIC,3000,2666,sfti_752ad3bbadfa1a6f1dbecba6,cand_6eb1399169151c6dec641a19,paper_1cbea91ab313b361da43
T2_NUMERIC,3000,2667,sfti_3de82ea5d8d2c2ceba879087,cand_d06bc2f7b8b781f209329b3d,paper_6b87b17f9d1a3a845b3a
T2_NUMERIC,3000,2668,sfti_7ff38b3c1fdcdd7caf995433,cand_30593cf9e9e2e7ca3d1ca616,paper_61251b5fda9ffb5dfd3e
T2_NUMERIC,3000,2669,sfti_6488e831c3b32ece3e8bf494,cand_80de2ac247da0ff75727ab0d,paper_a1d177668f0455f920ff
T2_NUMERIC,3000,2670,sfti_1ca3b79a8cf74fd14aaf29c0,cand_60a6b207588366cbf8e7a244,paper_b52a0c44b8cd5eb19780
T2_NUMERIC,3000,2671,sfti_ae92f6d61221b23471a65282,cand_b1fc687c0937897441221e8d,paper_1dba34972cfb5f4469cb
T2_NUMERIC,3000,2672,sfti_2e05bfdbed3eae6c927379e7,cand_2c860ab281a17508d57c0636,paper_eee38bfe14fc10464a64
T2_NUMERIC,3000,2673,sfti_af6f281208ac9afe88572f53,cand_bf5a27532e0c86a3e8926bde,paper_eb11ccf29d2707b726dd
T2_NUMERIC,3000,2674,sfti_5442cd021a8e542702c08214,cand_ced993b70c1e935ca8d15b95,paper_6506f43e232d65d21441
T2_NUMERIC,3000,2675,sfti_3d621f9af18edabc9f2abd3c,cand_3fa787041d24045178cb3633,paper_e39d02baf353eb3e35c5
T2_NUMERIC,3000,2676,sfti_96c6e1c0a12a6a853c6d7465,cand_d7b4ef26f7117af95361b935,paper_485b3fecc88210a2fb80
T2_NUMERIC,3000,2677,sfti_508a7c3c20c14d6d11340992,cand_6d0e58e3d96c9ffbdb48fc6b,paper_242e560e97cb6505f70f
T2_NUMERIC,3000,2678,sfti_9dfcc93db68e8af56eb6ab81,cand_e0a64b2494acbcd9805c7a23,paper_cda09ee73200c86e8531
T2_NUMERIC,3000,2679,sfti_2930257f8968356abe11e1d2,cand_ae74ea949372af3a99c37f47,paper_82ada25e588ffde0797b
T2_NUMERIC,3000,2680,sfti_fabfa30958c2b942215a4fda,cand_2c79945090073af50403cc60,paper_19623e79243d0cf49b1e
T2_NUMERIC,3000,2681,sfti_324ccd6d5b07d48b91a4e85e,cand_61f33b2cddeb8187d20f4785,paper_6011087f571c12a9572f
T2_NUMERIC,3000,2682,sfti_79436649b248ae66b1d67a4f,cand_5da2728c6782c490dc092f7c,paper_edc47b2e1d89bd1d57c6
T2_NUMERIC,3000,2683,sfti_1004808ed53c6e0ef9af2ed9,cand_b60b75789bdd1b400f3cffc2,paper_050e0efec10ad1f0a9fe
T2_NUMERIC,3000,2684,sfti_12a7941e960a64e318546344,cand_88c790492b500f5c8f17a4f7,paper_fd846be4054cb8da1c75
T2_NUMERIC,3000,2685,sfti_a9643b50c2adbbf38e6bb28b,cand_5bc4eeaf5e5a110f8b22e5b3,paper_cf6e681f23fb0fba0c64
T2_NUMERIC,3000,2686,sfti_79e0059934d721b73b4f96c4,cand_5334496ed8a1ab1b51db30a2,paper_d43cca4456936538a369
T2_NUMERIC,3000,2687,sfti_4649e8b66ae133c9815f85d1,cand_b5f90665542cbc5f50008417,paper_8e8402c0398073de8559
T2_NUMERIC,3000,2688,sfti_06f62c86b8243b9f5d9f6dee,cand_7809c476d9eecb3f046849dd,paper_cb918152eb88ac781e99
T2_NUMERIC,3000,2689,sfti_bef9d31cc9e4e1707bb8c04d,cand_ecd93fab224cd95064493693,paper_c3a2a06ddc49daaa4b54
T2_NUMERIC,3000,2690,sfti_97fbfaea0bac5e201b2675c7,cand_ee920317e5d4016b9de3e6e0,paper_62e38605fad8c2e0939c
T2_NUMERIC,3000,2691,sfti_55b2536b11deaa2786f41a19,cand_eb2612df81bf89cca9d29515,paper_0c6ab339e1fc81e69363
T2_NUMERIC,3000,2692,sfti_87f23326a5fc1c0fd0be96d3,cand_15f5a233f2bb48504cfccf58,paper_9eb4667de60036b508b2
T2_NUMERIC,3000,2693,sfti_6bb2db3ef0b146c931921f1d,cand_352292fdebc9f152f6001e8e,paper_07a3b3056cc42097fbf2
T2_NUMERIC,3000,2694,sfti_48bf5fc7c7deb94902ace899,cand_8872111c8fd8b932c379e42a,paper_a7dd1f40e84491df9e74
T2_NUMERIC,3000,2695,sfti_8a1d7108a605d6d3dd3fe35c,cand_3b39892965516233dad565d3,paper_c4de74fafbe248f42d88
T2_NUMERIC,3000,2696,sfti_fb2f96b2df786d1d5c299e11,cand_0be020795aa1038a7ee3f983,paper_5cbb72428f2974a70216
T2_NUMERIC,3000,2697,sfti_e52eaf7800b6518b3e6c9b15,cand_5cf88bf0af224d46d34cf43c,paper_a9d83cb5165427ddab13
T2_NUMERIC,3000,2698,sfti_24cfe9a33fba5fe23b6022f4,cand_b80ddcece8bc0511b1cb26c3,paper_d8a5a42f9d9bc9708adf
T2_NUMERIC,3000,2699,sfti_e27b73b217935c669eb67436,cand_770f368bedd53d4a500864be,paper_2b927acd6b0595e0fbfb
T2_NUMERIC,3000,2700,sfti_b21a2fee5049770d2f2c124e,cand_2e5b834852b5a748e47fe4a2,paper_cd26909a42762f438b18
T2_NUMERIC,3000,2701,sfti_71fe997e4c1b90f5b7369ac9,cand_9449617939509b994c9979da,paper_3bd3c3fc9e9fb1b509ee
T2_NUMERIC,3000,2702,sfti_eba2f71c74b22b61236c3100,cand_1f50d116b205c8327e2163e9,paper_dc139c5a1965f0979f7c
T2_NUMERIC,3000,2703,sfti_d50aac51f4f0245750c4f9d6,cand_93461a57de2b848756e7407e,paper_c74f3cfca89318a59f19
T2_NUMERIC,3000,2704,sfti_68a872f78344e14d07198e86,cand_f74071a0407eb75f13c4a302,paper_f2be3d7faf13aa4b2b38
T2_NUMERIC,3000,2705,sfti_e266fc7df77afe00b88281ff,cand_3ed81f8507a68bbdd1bcf988,paper_ff168db638406d844444
T2_NUMERIC,3000,2706,sfti_d8cd41e8839faf470a03afef,cand_0f973c816dd4e4feb3ad839d,paper_2e79e217cb83ee32a37b
T2_NUMERIC,3000,2707,sfti_9a90bf5b2d5eef53a2f26f7b,cand_d0c6cf3908a3853ef95d2277,paper_e2fe8c3fb17de72a30f6
T2_NUMERIC,3000,2708,sfti_94af838f2cd32e223be15cfe,cand_1b164108bf35f201d88f08c8,paper_73ec927fd13e6964a898
T2_NUMERIC,3000,2709,sfti_0355119f3a17db267b56b9e6,cand_e5cbbbceaed30ac9ad4b321d,paper_18933680bc8a2e259970
T2_NUMERIC,3000,2710,sfti_b535151ffcdad47a817a5c13,cand_dd69664c51192919f5f71bcb,paper_e3a1a7befb994dcb7e6a
T2_NUMERIC,3000,2711,sfti_039875caad3b5f0a046bcf81,cand_e5c5fa43f81fb8d57d41d496,paper_d7aa357dfb15c6a1e39d
T2_NUMERIC,3000,2712,sfti_7299e43737ec77289f1a9eb6,cand_836b2d7627c5d33f88225013,paper_57ace56e0ada3222f3f0
T2_NUMERIC,3000,2713,sfti_1c2485f7e0b02586c692df32,cand_cb601261edd2f71b1fccbb8b,paper_25e647536008b73b1056
T2_NUMERIC,3000,2714,sfti_8a10bb164e6a7610ceacaaed,cand_d2ef6bfda037a894c1d1529e,paper_f41784f6ad24d1bbcf21
T2_NUMERIC,3000,2715,sfti_2a2fe4695281810aa0088200,cand_2070ae4f52115ca1c941d8fd,paper_639f89983dc30d163de4
T2_NUMERIC,3000,2716,sfti_f92dc998d1a0f2e9f1071e41,cand_af9618c801b0d42a4421bb30,paper_6365016e63ccb2f0cb3f
T2_NUMERIC,3000,2717,sfti_13fe88d335c3546aff373ed1,cand_b36dc2e61209872f5ca96f1a,paper_46020a24db82d64c0fdd
T2_NUMERIC,3000,2718,sfti_7c8de50c3241b28135c3313a,cand_64ca3e61be02111239e313ec,paper_2915459eda4b88d763e4
T2_NUMERIC,3000,2719,sfti_6f6f283e32c06c78d0710881,cand_741606d860e5f68a10fba116,paper_83c1908f50bfa8e73253
T2_NUMERIC,3000,2720,sfti_de11784dc8a7c952f8b576df,cand_fdbfc5d3f2dbc4771855e6b6,paper_16dbf623d307897aaef7
T2_NUMERIC,3000,2721,sfti_0c6796076534f358f7c2dbd9,cand_acea0b399a3b424971b8e16a,paper_d3d6bf6212f62c9c3292
T2_NUMERIC,3000,2722,sfti_32747bc130180ff7135e4af0,cand_527e2993076d873e3a899266,paper_0c493d1aba033d49a5c8
T2_NUMERIC,3000,2723,sfti_c5300e7017d3f6adace1997f,cand_a981c84ac59dfa3978f9fe56,paper_abd13107c8ccce629ec5
T2_NUMERIC,3000,2724,sfti_43f26138a3da1468f0e42bc3,cand_55d310144be4204d5f05ac57,paper_c04deb4c3f4bb3dad1f0
T2_NUMERIC,3000,2725,sfti_f0082c533658051b921ffc6d,cand_269b591388710f937fc6916a,paper_64526ba0276feb8256a1
T2_NUMERIC,3000,2726,sfti_c884beda4b0d64ce91e542c7,cand_94c472ecc84cf928763497cd,paper_3322361c95f35e53a49e
T2_NUMERIC,3000,2727,sfti_9df60ac430995b986b326a70,cand_191da8e313556d9ca4fe4dc9,paper_84ae166a6d4c6be26c91
T2_NUMERIC,3000,2728,sfti_a55d8ab029f67de3ee774367,cand_5e892d1c1379cbdc03e296ac,paper_b98a5e3ea66600840019
T2_NUMERIC,3000,2729,sfti_ba3f40fe98ca455ea57cda42,cand_d13cdb4ee18992b1f1aa042a,paper_b93c83b03100d6633e9c
T2_NUMERIC,3000,2730,sfti_ed2b58b848509f85e4ae6e4f,cand_17f734ddc5f248635f5b2fde,paper_cc9b4421cec4c4f430f6
T2_NUMERIC,3000,2731,sfti_67e36d070b971dc8e401dbee,cand_b6754a9d402d060b17079949,paper_13a837f8c0110a1a3b3a
T2_NUMERIC,3000,2732,sfti_671f418b5dc9665608486a39,cand_e6d8ac4d955a349424c76a04,paper_46763484e876b1610d47
T2_NUMERIC,3000,2733,sfti_e68161f2300b2f4594de2ae4,cand_3b71646eadc9ed6a58fa6050,paper_dd00a6ebc17bdfcae203
T2_NUMERIC,3000,2734,sfti_96ea2fb060670c76aa233824,cand_40c508dbcfdc89ed006e95b8,paper_6ac9728a355621c40664
T2_NUMERIC,3000,2735,sfti_f79847af35609ee9def4f8e8,cand_7e0f6ed083dfe1cbf8f5c5d3,paper_f2b2b702187faab70aa4
T2_NUMERIC,3000,2736,sfti_6c6d0c5fa8d13c8d7217a935,cand_4ed4afd266a3cd3a91e7581c,paper_3b52b2355f8e01112a03
T2_NUMERIC,3000,2737,sfti_5554648b42bfd54f75a6c341,cand_b27e9f832b0e84cf59d33049,paper_b5bada64764fec60bada
T2_NUMERIC,3000,2738,sfti_2a06f3b5b6b08816d7d2f732,cand_7a4c01a7ed4fbe6731f5ab1a,paper_5a8aeef4f40fd0952056
T2_NUMERIC,3000,2739,sfti_091a433d2842524c5a983206,cand_e0bb095b2e0d98c15a2a383d,paper_97d1708d31f33264aac8
T2_NUMERIC,3000,2740,sfti_4084d9f04d942c7e3a450a6c,cand_e6af245902203272fc57c7f8,paper_c181c5958148c1d9e857
T2_NUMERIC,3000,2741,sfti_f225134a6cf36053c0f6bcb8,cand_9ca002de7b59dd54a85490cb,paper_f6075846ba4e417ca28c
T2_NUMERIC,3000,2742,sfti_ea2042b5b0ca6148a4645ad3,cand_1f7d2235c7544e91ccd80162,paper_afa3ea7d91650d4e3122
T2_NUMERIC,3000,2743,sfti_6d8d33f48222b40d8332673c,cand_695a55437ebbcd59030f85b6,paper_f33629526b9e8dec9b5e
T2_NUMERIC,3000,2744,sfti_bee7b1764d2642297d9360d7,cand_c9ae47caa63f53fff8e91aa0,paper_aa8deb9a1b3a3361460c
T2_NUMERIC,3000,2745,sfti_9434abe50c03b37b8ec53679,cand_8c6978f7cc1d738d14442efe,paper_012cfffb2443a103e06e
T2_NUMERIC,3000,2746,sfti_b13447c7b09f0cade9271d2d,cand_e682eea7d88515c26bfcf073,paper_23bcd664444706dea015
T2_NUMERIC,3000,2747,sfti_bfbacc23c8ae290ab633e548,cand_781b0f2ad436b55a5c1a2943,paper_87a2bed7ebe05c31f7bc
T2_NUMERIC,3000,2748,sfti_f4a369c718a80031f0e73a14,cand_bfecd469b22ce5b9c05bf361,paper_0f9cb975cd0b7c104b86
T2_NUMERIC,3000,2749,sfti_c974538e1ec57d0b0af64668,cand_5a7489d034eb0b918fe03edf,paper_d1664d57746a7f6eaf35
T2_NUMERIC,3000,2750,sfti_704fe2c85a6470a223958183,cand_8ac3ed20d73a1b742524e080,paper_b1be9d9c2235573dcd95
T2_NUMERIC,3000,2751,sfti_fe2e6abde1bcddf9b9afa983,cand_9af0ca6fe8dd255fb2aec015,paper_308f18501b581689186e
T2_NUMERIC,3000,2752,sfti_fa748da5330e7244b41673f7,cand_903856b826541a51cc729d9d,paper_cfd4f1c04166827fa544
T2_NUMERIC,3000,2753,sfti_04456a0d1abec468de1db104,cand_1997a9a3dfd0f0cac31acd72,paper_1b11e7b26c9ebc36aa86
T2_NUMERIC,3000,2754,sfti_376743a2a6c6cc60dbd170e1,cand_5b9ccc9e0dfa7d82c48cc1be,paper_6b75a0758f7f8e49a5f0
T2_NUMERIC,3000,2755,sfti_0a1f70977070991d4a98edab,cand_184e87c742b75e4d0f0cc727,paper_52464a9d6f2e93910661
T2_NUMERIC,3000,2756,sfti_72de490f837ba9b61a7b3fb2,cand_ee78dce1031abfb74f89cd59,paper_a87575ab3689cf227d88
T2_NUMERIC,3000,2757,sfti_d46959fe3b4a6e1e26178470,cand_5f147642159e4decc8b84ac4,paper_fda3c6da82b26c4d290c
T2_NUMERIC,3000,2758,sfti_614637c87ede0397ae5104b6,cand_9eb0203801d241e3c2df00e1,paper_411c20623e599b3bc130
T2_NUMERIC,3000,2759,sfti_8cf2ed03afe729461ef3cbe9,cand_a87b4b63432280103a63547f,paper_e3e5e74da4d406668197
T2_NUMERIC,3000,2760,sfti_65281ddad20cb4f17fdcc999,cand_90114736b52d9e67751dbc02,paper_0b96938446e7a8a961b5
T2_NUMERIC,3000,2761,sfti_9ff6d1c7eb9a603a6c86b2dc,cand_880b4ac0dbd9c05d3cba6844,paper_1459964ba1bc517623b3
T2_NUMERIC,3000,2762,sfti_4597cbf6856c29d64bd03561,cand_ff0b6eecc5d1344b5898235d,paper_77bb6698199bf1624c46
T2_NUMERIC,3000,2763,sfti_e7f3f409ec42757537dc6385,cand_caf071156cda16c04b23e377,paper_63b2bcff2acd5cb805fc
T2_NUMERIC,3000,2764,sfti_62d46be712a2ad03c996f0b6,cand_b504f6077dbb6057054e410a,paper_5d1d17020e2f0bfca95b
T2_NUMERIC,3000,2765,sfti_0da0aa04db518a6d17eb463d,cand_650e6d5b0d3e1798e8b1749f,paper_cce946fd7f9a51375e1e
T2_NUMERIC,3000,2766,sfti_703fd30bc25929125e480310,cand_36abed3b7e380d183c5935fd,paper_1bf35d19faa763dc9570
T2_NUMERIC,3000,2767,sfti_4d00f251d250894712a84792,cand_ff37b9d698d18c5c32e7dd34,paper_0232cc466c60248dfdc3
T2_NUMERIC,3000,2768,sfti_b402a1ebdd5d2b86e6acadd6,cand_60ac9692eaf56518fa5e0314,paper_366f186e0b2f6a47de9c
T2_NUMERIC,3000,2769,sfti_856051e2b13fd399082f98cd,cand_fd15ad3064f50aced42903b3,paper_e4a88ba35e52ed489087
T2_NUMERIC,3000,2770,sfti_a6b2cbb0f146424ec184047c,cand_01770da9f039d7e0e731e0f5,paper_08cf395c399c4d933099
T2_NUMERIC,3000,2771,sfti_73d3aa009c0259ed02ecf2c5,cand_ea6f1bfa00bf979348c58be6,paper_67c313239cd572c2d80c
T2_NUMERIC,3000,2772,sfti_b23c9d8b478e7080097b022b,cand_0b2142195509aac4221945b1,paper_885e837f21bcf28ca60b
T2_NUMERIC,3000,2773,sfti_5eeef7b04fe6199814bad6a8,cand_ac7f41f235a62ef6fb70d581,paper_4bb04ced1198e17099d2
T2_NUMERIC,3000,2774,sfti_4b32d625e02cbce4ed47e4bd,cand_606c436d39144924a3a3c4d9,paper_75dbd75e4b029ba2987f
T2_NUMERIC,3000,2775,sfti_af40a619fd3bb95f9fb8f459,cand_290eed10b54d29581dcec512,paper_d17dc01908906bfae39f
T2_NUMERIC,3000,2776,sfti_e23a36acc7c4337cddad707b,cand_faa3a464de7f4ed4b2536796,paper_661b1867c0226471dae2
T2_NUMERIC,3000,2777,sfti_564448f87bc50e405a26dc2f,cand_35edab4a2d0db62d3b939d15,paper_5ed85dc4f61a99174a36
T2_NUMERIC,3000,2778,sfti_12c1d25d1971bfbbe583a091,cand_1c6c04a1a8b53315bd1f042d,paper_50a3e9cfd92b2ecacf27
T2_NUMERIC,3000,2779,sfti_fdea27f18ea7873b023f5d42,cand_b502d8b110d307e68ea26333,paper_5622e48049ec2935fe07
T2_NUMERIC,3000,2780,sfti_a92aebc21323a33d7da2ec29,cand_e7d5cbd82ed9db17b9ad7650,paper_16f52298d6daf40db176
T2_NUMERIC,3000,2781,sfti_a5e7a02ec93278f8daa9e9c0,cand_251874963f1f7327d1ca7e4d,paper_861b33b54fdd426c017c
T2_NUMERIC,3000,2782,sfti_803025fa30886fc999b03511,cand_3bb5b1cc772ef9c84021a518,paper_0dfc713c6ddcc04e21ab
T2_NUMERIC,3000,2783,sfti_5ee7675a516c286660aef526,cand_feca05025dd75fa85b87d247,paper_2b7d8c45688607f3563c
T2_NUMERIC,3000,2784,sfti_365c6f653436fc68e385c021,cand_5d95b4e6d9950951961e0d9c,paper_e18ce688c48046a0792a
T2_NUMERIC,3000,2785,sfti_c6297a79e3528dc1c0d30527,cand_85f1eef991950b31c1ba217e,paper_1c21e07003a6a2ace85f
T2_NUMERIC,3000,2786,sfti_5aa112075ea307395cd6e552,cand_b6d5176f0a23f8cefb06b30c,paper_3bafa4a79b7e89fc0a5e
T2_NUMERIC,3000,2787,sfti_d8e67a39a516219327206e12,cand_330757593074598e0c3275ca,paper_c79b045a95db7baea121
T2_NUMERIC,3000,2788,sfti_b107c03ef259910e6d19440f,cand_97a5c6ecdb00e6820f540a28,paper_915e8135f2cd2d3c8c56
T2_NUMERIC,3000,2789,sfti_153b89a94a07ffd40181ca79,cand_5becb34928a83ad6c75cc16f,paper_2c919dff8cd869413822
T2_NUMERIC,3000,2790,sfti_9de9ab941458d140da47e3e2,cand_0f6494132f8dca7471065ac7,paper_4414623e6a5fc13f5979
T2_NUMERIC,3000,2791,sfti_993fc19e628386084b248377,cand_8a91f21710394c8a7e9d4168,paper_c82a7cedff84b7d517ee
T2_NUMERIC,3000,2792,sfti_d5f3020cd5d87cdf927a0a5d,cand_340d438639f9161104022fd7,paper_a60dc9019c65e5a1e08a
T2_NUMERIC,3000,2793,sfti_cab24ea27a2d9892b92a82a5,cand_02b60c9d047ca5481fb052e8,paper_3f6bfa204e1dff930477
T2_NUMERIC,3000,2794,sfti_aad687273ddd669687803dcc,cand_54a591806c7d625152097042,paper_e020c739ba85ea0ff35b
T2_NUMERIC,3000,2795,sfti_c12851e1d9675cff61c3549f,cand_46f91a2a01c1d1b66302ed14,paper_cbb0e6062da18c72ae61
T2_NUMERIC,3000,2796,sfti_7faa01acf016c4de25aed436,cand_3f943e52fab6dc6a490fce8f,paper_da2c1921900f7aaaf916
T2_NUMERIC,3000,2797,sfti_6ed68b31efc5ac413c7eea39,cand_ead1456349ae88e4aac92f9a,paper_8626ff7c68d7bb9ec6b6
T2_NUMERIC,3000,2798,sfti_a5d6972a56590d38ca7e46d5,cand_f1e7562692e75553c26a6ad8,paper_1f58aa11b681339dc396
T2_NUMERIC,3000,2799,sfti_41ca2fe84b94e9d588d5a9b6,cand_bfd97d8eb9fc1f0255a089b2,paper_d678f6fc8a4d5743f615
T2_NUMERIC,3000,2800,sfti_d4f730e59502ffefea650db7,cand_063147cd5586cfaa23e48ce9,paper_c384165a13e05f8ab24b
T2_NUMERIC,3000,2801,sfti_7aa69710065ae5be981ab7e1,cand_0fbd2d69201b96dac50cb2c5,paper_81aa2b919d1c92a07a7d
T2_NUMERIC,3000,2802,sfti_361c39c40e4889876c62df47,cand_2c2b1d5dcce5b66c7cbd4198,paper_4635a9cc7bbcd74bc882
T2_NUMERIC,3000,2803,sfti_46b4defc1cb02a37baaceeba,cand_f46dd98ae541aafa2af1c1e6,paper_035b8930770225ae28f0
T2_NUMERIC,3000,2804,sfti_437fa1185f9ed616e5d4c837,cand_601783e4ea9ecdf925f761bc,paper_236a6718ea5ce8ffeef7
T2_NUMERIC,3000,2805,sfti_e6bb6967ef9d51e5196e3c7c,cand_9b3d283b5b582941a07fdbb2,paper_1167812faa33b036641b
T2_NUMERIC,3000,2806,sfti_d4c7be02020faa6b9fff9361,cand_c921dd9df587546f86ada2e6,paper_54ae55245e1f6a0c207d
T2_NUMERIC,3000,2807,sfti_10723613d39e7dbc34a7c15e,cand_1be37e5e1ae34642074478ce,paper_46fe22a95d6bd3b48195
T2_NUMERIC,3000,2808,sfti_4aa6cf78af6c27b36c98ec28,cand_6f825c06cf5fefd7d4e1641b,paper_05c1d1848050b0570ab8
T2_NUMERIC,3000,2809,sfti_108298a0dda286e507e8fb3f,cand_2ee23b8b05fd4a27c4383ac6,paper_1d8f5052e7c1595ffac3
T2_NUMERIC,3000,2810,sfti_2984e0512d2a746b0ef6db49,cand_06c5d82ae080ecc1be3817cd,paper_1c6055e2b849d2598268
T2_NUMERIC,3000,2811,sfti_9cb05746ccd97a6e9bd48aed,cand_f11960197ae049b357c581af,paper_70eda2eb1a05bdfa7e19
T2_NUMERIC,3000,2812,sfti_588135becf95facb3a060083,cand_a302d9df49b8f7ee97b611b6,paper_33796061924f83a65de1
T2_NUMERIC,3000,2813,sfti_cf42764c2d300314ed4d6fb7,cand_3a8c8aacaacffa26bc1cec3e,paper_54c0115fc01170ba67ec
T2_NUMERIC,3000,2814,sfti_2803e4268acc8b9d221553da,cand_d3de953f63769cd991fc77dc,paper_a7dac2e3bae1747435ba
T2_NUMERIC,3000,2815,sfti_48728e16a34f640034270f4d,cand_e5f951f2d73ac4087f397857,paper_45bffc535c6c75f3735f
T2_NUMERIC,3000,2816,sfti_e450ef3e3d641aaf1042ec7a,cand_562391cb1caaf3c74f370a94,paper_047f3d56832a59d32f3a
T2_NUMERIC,3000,2817,sfti_946b887a8c85eaa8d6c6f9a3,cand_9ba7a08659af81e81dec94f5,paper_4c896a644026ba361bbd
T2_NUMERIC,3000,2818,sfti_09ec0406efd0ae7a56510d18,cand_3c069b6372d97ddff34af097,paper_a179d968d5804bee3736
T2_NUMERIC,3000,2819,sfti_86d28030cbde69f80735b50f,cand_1220c12c39ee495c7fec42e0,paper_084253dae7a7f19e544f
T2_NUMERIC,3000,2820,sfti_e5255c4866ed0425ffccb6bd,cand_5dd9c5e25656994fb4a37ba0,paper_7cbaf3a63f383f04f586
T2_NUMERIC,3000,2821,sfti_50ffb088c1551f6019950b4c,cand_d1b553690a045ab962e636c7,paper_604ab3e72068761d0f8c
T2_NUMERIC,3000,2822,sfti_79e757e21e85d9643783a81e,cand_60e110e86277e018dfdc3e5e,paper_37dd9d9c13d5c83a27e8
T2_NUMERIC,3000,2823,sfti_c1ed2c240fb7ec9791b7341c,cand_7f74b2022e85d698411bae98,paper_c9971f3e963a7ce40c60
T2_NUMERIC,3000,2824,sfti_185f7bf432c21d3dc0e87b21,cand_bc23071ea06bf51abe7034c9,paper_c6ceea1dfa571f4e39a7
T2_NUMERIC,3000,2825,sfti_50f4f36daabfc86e944c6044,cand_a1efd0ac386c6ecb7893ad12,paper_c146dad478613317f96c
T2_NUMERIC,3000,2826,sfti_72ff7ada29d78da3418fb402,cand_92880fcff5be0c05757d11db,paper_6f5456855514128c0fd6
T2_NUMERIC,3000,2827,sfti_4eedcc15a45ccfe3d09ae3b4,cand_c224049e0fec13efe2c781bc,paper_46e8f97f2081552de5f7
T2_NUMERIC,3000,2828,sfti_0014f3347394e5debc30cc00,cand_5c828a1ffb5ec56593966b28,paper_769ae64af226fe449181
T2_NUMERIC,3000,2829,sfti_0955e091e259c04189d618f0,cand_20d875f3966ccb25306864e9,paper_875db547425c669c712f
T2_NUMERIC,3000,2830,sfti_59b397735e6a5f8a9e0203fa,cand_248a22a8365772c79717a402,paper_1feb6909cbbda0d14bb7
T2_NUMERIC,3000,2831,sfti_4530a8acd9c16d4471cebf35,cand_cc59041dcba158839047d050,paper_733dead659ca641cecf9
T2_NUMERIC,3000,2832,sfti_24065f81457972a773a48110,cand_268bcb2e822e2b6ced55725b,paper_68bc91488ec451c8fb7e
T2_NUMERIC,3000,2833,sfti_63396fd2a6f46beb5c2a7943,cand_4c4a89756f54bd69294fc78e,paper_22199bce4c24d6d2a928
T2_NUMERIC,3000,2834,sfti_3543351985dba017d17ab835,cand_ef0b9503c79e87557837a4ed,paper_c6856c356739df0e15f4
T2_NUMERIC,3000,2835,sfti_808d29baf11194ca916ef3f0,cand_a594897100665e88a5b2d24e,paper_053b92fbb32e346bfd2b
T2_NUMERIC,3000,2836,sfti_f84ef9ef36dc83025e2a5d16,cand_0d76c16b54ce72b2ad787d3e,paper_aadc9a2a8ea2dc22b12f
T2_NUMERIC,3000,2837,sfti_417b67b78c6cf7d0c3e7e03f,cand_246d584e7f0cb35629da3088,paper_998e42a7a479e088704e
T2_NUMERIC,3000,2838,sfti_b54c62a91d36d8fd37242866,cand_6b71366db981bbc7a0426d1a,paper_caf83ac6d968d7b42c21
T2_NUMERIC,3000,2839,sfti_0c8a58b4c534bf568ffbb542,cand_d62f905d8d7b6fceb2793ec2,paper_88c706177de14c2ef0f4
T2_NUMERIC,3000,2840,sfti_d306905e814d0d11063ab493,cand_3fd8a7d0e3d53ed787032cf7,paper_5117e27e180792a8db1b
T2_NUMERIC,3000,2841,sfti_a2bdeabe47be9d0e48b2c4d4,cand_3be1de3b03b433db313ccced,paper_0e810425168608981150
T2_NUMERIC,3000,2842,sfti_f1ec8d8ece6e385d22b53801,cand_0209c41a139d662ae2dc8130,paper_c81ade03bd3dfa0f3621
T2_NUMERIC,3000,2843,sfti_a1a6b74b034af8c8cf8298e9,cand_eeadce1daae7c3766035d1ab,paper_5f9e475046ee441302b8
T2_NUMERIC,3000,2844,sfti_32afcd8a9ed81aa583668d6b,cand_1b9abe462985cd4e282aedc4,paper_31cf168c71255530e973
T2_NUMERIC,3000,2845,sfti_027078dc84ad7b06d18f0f59,cand_57309bd7d816e4137508dacc,paper_0f49cd856d017836aa53
T2_NUMERIC,3000,2846,sfti_83ce1c9870f0798777c19c3c,cand_072dcabb05a2a133931b627e,paper_a9f339fccd3c96381e78
T2_NUMERIC,3000,2847,sfti_4d1b06a5584a1e468556900a,cand_e04cde41e7ffb85e1980fe8c,paper_d27746fdbaa397643691
T2_NUMERIC,3000,2848,sfti_b9d3a5df4c7a6dd3a2b2d4a3,cand_fff405f2d64b2e4976b0f657,paper_34d89b2cd8b1d6aef44e
T2_NUMERIC,3000,2849,sfti_2a45695e0f8a3e45194332f7,cand_e7ff840efedcea3fbaf34443,paper_9f6a916d2362364c4772
T2_NUMERIC,3000,2850,sfti_5040493dff33be2fcfb7121a,cand_575fd437304a3bfecc78ba65,paper_1b1cf979f0bda259ce7d
T2_NUMERIC,3000,2851,sfti_244dec922b7b7a5d947f8751,cand_f7a65f611f69717e76e599e4,paper_6a8becc5c88f09b869f3
T2_NUMERIC,3000,2852,sfti_70e2db1903244b74702519fb,cand_0a59d4129a1c588072119c55,paper_d54c96ae609515612b17
T2_NUMERIC,3000,2853,sfti_518afd2385faa1d31f9c96ee,cand_cf649760a3e034c717e99ff0,paper_c03332839fcde61801f7
T2_NUMERIC,3000,2854,sfti_49aca16e219b5ebb08ec7379,cand_57b71118bdea69231341d973,paper_4a55b8938eb9b87e2323
T2_NUMERIC,3000,2855,sfti_00cfef95d99575a7fc130d9a,cand_b37f71ac9c450e6271ebaad2,paper_e5334460cd55c6892d27
T2_NUMERIC,3000,2856,sfti_6545d31748ec71182d5b0000,cand_691131f7bba706db2f0ab6d7,paper_7cf0443fbef6f4ce3e58
T2_NUMERIC,3000,2857,sfti_f0ebba8dc0767693f1a5ace5,cand_bf4a453d432ae5e59da58455,paper_e5e8bbddbeb6098efad0
T2_NUMERIC,3000,2858,sfti_e5fc6e8fab7159a7f1b55605,cand_5bf1c214eb4809ae1db11bba,paper_e8b66608c3d839cf37e7
T2_NUMERIC,3000,2859,sfti_a6796c7db80117a7e6f14644,cand_f714c8ad51dcf00d2cad1361,paper_925df95ce06fa731d89c
T2_NUMERIC,3000,2860,sfti_ed590c9c89561a99d5b42e86,cand_e1e3044e5d7429919c0c882d,paper_33864a2cb500270f3094
T2_NUMERIC,3000,2861,sfti_48b0b77caacc3609d38d1055,cand_b23f37ca8b3f7f535d44d0a8,paper_a4b2d7fa3ccbbb4c6471
T2_NUMERIC,3000,2862,sfti_c3d16f76c6d3b9b0b09b3645,cand_40387b4aada3ea453e25aae0,paper_2a4574fae96e087c2a6b
T2_NUMERIC,3000,2863,sfti_37b510b1e9ee69d9afa76ab6,cand_6fcb20e6a0127af8138c5b9b,paper_bcb1bb37ecd7b206ef6c
T2_NUMERIC,3000,2864,sfti_80e2ed809aea0bc3a4eca379,cand_2886f8ff318755f017672118,paper_6eb1ce358f2c588ab75b
T2_NUMERIC,3000,2865,sfti_aa53c19c5540d78b8826d9c4,cand_eb34c06e380a120bfdd99f05,paper_3509bf41340e8ee49296
T2_NUMERIC,3000,2866,sfti_ce581069493d92742dd2c431,cand_6cff794faafe1b45b818e0b4,paper_fd4964ad03a73958b3ca
T2_NUMERIC,3000,2867,sfti_40fb15874c76d3c36bec69ac,cand_03e6b2705178e3de0239b39d,paper_b005f05d79307aca2e7f
T2_NUMERIC,3000,2868,sfti_93236d1d92e01f86d941335f,cand_612f5acac61f9fde70bc0a2b,paper_97a174f50fd3871256b8
T2_NUMERIC,3000,2869,sfti_a325354029bf76333302f60f,cand_50fd25347eaf4196792c887e,paper_67ab53de6e75a2a2f118
T2_NUMERIC,3000,2870,sfti_4a120ee1039cf0234e72e082,cand_a24fda49f675c84dafb55f80,paper_3992d40727ba7f0c80ba
T2_NUMERIC,3000,2871,sfti_bf238f0183d2eb9f12bd86ef,cand_551ee02ec583b23fd452656b,paper_65a1f093c8c0135bc3bf
T2_NUMERIC,3000,2872,sfti_1717a92b84146a31bfb71a74,cand_83c3caf2f8465c8ffbfef4c3,paper_07fe87a51004b7c9efc0
T2_NUMERIC,3000,2873,sfti_80f8d07cad3b25400538f309,cand_033bd342350dce9084460b5b,paper_5d18114bbf040e836670
T2_NUMERIC,3000,2874,sfti_09aec82441f764b2d40e24bb,cand_7669884b1473b37094085d4f,paper_64dfa37a81a06fd96980
T2_NUMERIC,3000,2875,sfti_20b900f0bce0a396bfe26f47,cand_c43517834e9d97c986a15ec1,paper_9e4aaa1c725080258723
T2_NUMERIC,3000,2876,sfti_775e75bfab9eb8aef995e0d0,cand_3d7dc899f14b4158a362412e,paper_fdb671853a669cdb0e87
T2_NUMERIC,3000,2877,sfti_c678015330ddb60970e48199,cand_d1964dc75449eab5197cbee1,paper_c3bb7c56866fff2e4754
T2_NUMERIC,3000,2878,sfti_d303bdc0d215b04a25a18366,cand_466ea9a27e984320ac1d7a8a,paper_927858d424e2b9cea9ba
T2_NUMERIC,3000,2879,sfti_1b8499a3da9a6c2937472700,cand_038a80c0ad8863dd98028e27,paper_b4d04768d1ae77de921b
T2_NUMERIC,3000,2880,sfti_3abaef974d9b881818930760,cand_2b80e81c2dbe553b1b8303dc,paper_cd61ecaf42eae829f8ef
T2_NUMERIC,3000,2881,sfti_cbb82841443fba2426e09170,cand_4a498e76645f08876614b97a,paper_040aee36b3fa8790d5c8
T2_NUMERIC,3000,2882,sfti_d45113b0ccc7bde7fbc031c0,cand_1a677f57e241f1db12df48f3,paper_d3384a041b7bca380507
T2_NUMERIC,3000,2883,sfti_428ff7940ba60865c8db9054,cand_83de5d010543f322fbe294f4,paper_3cec864523b3855c0a2f
T2_NUMERIC,3000,2884,sfti_148260fc72a6bfb336dc0312,cand_6339e8923dd46ccb418bf37e,paper_c8d9f103a73fcd2c159c
T2_NUMERIC,3000,2885,sfti_23494e03ad452f284d63db22,cand_a44b7208cffe18b1a87a555e,paper_f00cd50c0c8adb622672
T2_NUMERIC,3000,2886,sfti_393b54b887d0016dd0362984,cand_344fca126b9bd5500a87e8ad,paper_454aff797060891be3c6
T2_NUMERIC,3000,2887,sfti_85da50a90031ee18b3f393f5,cand_dfb28220084092284cf3fc2e,paper_d0cda66392b22526445e
T2_NUMERIC,3000,2888,sfti_bc65b68b15b0ae128929602f,cand_87f98d7195c9c6f13dee22af,paper_c43d2e0914f15b4a70e7
T2_NUMERIC,3000,2889,sfti_7b2b8ae00d5e22c0fa7b3b1b,cand_427a187b284bf0d533937815,paper_67304a9245b9d6c41626
T2_NUMERIC,3000,2890,sfti_f66593604a93bdcbefe66328,cand_65f5b67fcfbde2bcda87d90a,paper_731b7c2ef2e17c9e721c
T2_NUMERIC,3000,2891,sfti_561f5b16c62345be452e0bbc,cand_9613fa64bc790f66e337b733,paper_a6c7c43c9bb00b33965a
T2_NUMERIC,3000,2892,sfti_a50720fa3fac35f6b2287d16,cand_0334cbdfede944f0bf0eb774,paper_a35d36b9493ebcd5fa84
T2_NUMERIC,3000,2893,sfti_e35138fad99860f709a47a6e,cand_34bbb0235a1340bb61b685a3,paper_8fecf48988292b0785aa
T2_NUMERIC,3000,2894,sfti_412226aaa3d48d9d9e37db22,cand_9da9cc82ae5772f2e80f3a47,paper_75d794e93419af346c95
T2_NUMERIC,3000,2895,sfti_29912b2c736bb1e48cc290b6,cand_250a3f653d6ce25962c9a27d,paper_8d40d89731d42e529964
T2_NUMERIC,3000,2896,sfti_fe1638367f6dbf7f9e4682eb,cand_bab0a600c2e60f2b18ae889d,paper_5d5120a2cf840faee937
T2_NUMERIC,3000,2897,sfti_b3a1232fd70732a56f72624f,cand_09582c01181bee408f445bd2,paper_ee445c79be8a00b91f8d
T2_NUMERIC,3000,2898,sfti_397ec0a3fc5e800a00441ea2,cand_6ea4fe08217c542263fd293f,paper_3ab1dc47ecf0c400d8e4
T2_NUMERIC,3000,2899,sfti_7eb1942b0a50ccc4dae436a2,cand_f1b45883bbb4851b6d88e43d,paper_493fb857dd45cdb882e0
T2_NUMERIC,3000,2900,sfti_7fd85b072146fbd6f1b2dd22,cand_0a70ca66662a61284708feb2,paper_bd883eabafd2e7b17297
T2_NUMERIC,3000,2901,sfti_e0b65ab1090ff96b21ac1a0f,cand_e0cf693c7121634b7be85df4,paper_1effe763b7ff437e1fc9
T2_NUMERIC,3000,2902,sfti_ebcbccf1ce982f00bd3e5a41,cand_ea6192bd1533725616211b9d,paper_230af28c059ff9e246b4
T2_NUMERIC,3000,2903,sfti_b00e60ad2c56469253862ec8,cand_458e68e4fc5427a3ca318b1e,paper_80494a124ca2656927e6
T2_NUMERIC,3000,2904,sfti_f8a3b412fd0e5df24335cc6a,cand_8d075942abc9e5810017a726,paper_a8c55eceae6ca55a4392
T2_NUMERIC,3000,2905,sfti_1de2b936e3f8c16bd1e22200,cand_c09ba607a50a8fc501bf6a4d,paper_a2eacde7fcf945fa8df6
T2_NUMERIC,3000,2906,sfti_1acc253ac279d08376bf0f0e,cand_98ab8d9d0e90ccf1f2dc1be8,paper_b4bcc0e4ecfb791477ab
T2_NUMERIC,3000,2907,sfti_32f58ff402197ffb4c8654d3,cand_cf7ef760688d8d6f54b179a3,paper_54617090ee3a4ee67d68
T2_NUMERIC,3000,2908,sfti_f260979bbb9d65dbcf3e7ef4,cand_fac92cfb333215e81172a7f2,paper_6195f36858a7f96beff7
T2_NUMERIC,3000,2909,sfti_f81bb4925c360403f9b099cd,cand_b4ff2432052802a9ad8dd325,paper_059fc5b9c39e4fc7ea23
T2_NUMERIC,3000,2910,sfti_8b8b84213c5c67083a59fa75,cand_e81adaf83034777926506542,paper_3ca537be4562a4063d11
T2_NUMERIC,3000,2911,sfti_bf7858451f709ff86f7a8281,cand_75f9543fbf8dbe7ad4fcad91,paper_80f3958782a73e783fe7
T2_NUMERIC,3000,2912,sfti_8df65757009c73f7fa54e532,cand_089b2aa00674eb1181852583,paper_e9cc144b1569d2cdff5b
T2_NUMERIC,3000,2913,sfti_eb209106dcc89f35571daa67,cand_72d1fba0901ead71e9f1a968,paper_e6ae6ab9fb979351c1c2
T2_NUMERIC,3000,2914,sfti_c2222132ed8b0b938de53695,cand_ae6aeb8639b9eb5864f5fb35,paper_7d409e51f42cd8ac656c
T2_NUMERIC,3000,2915,sfti_94dc802397e7f723105fda0b,cand_d70d2e69e850f6f3d3150109,paper_f3afec6e13796b766325
T2_NUMERIC,3000,2916,sfti_b5d3913f1dc3b6e0206aa79c,cand_2b94a02fe70d5fd4155350c2,paper_3a1e1967948ef79e9bc4
T2_NUMERIC,3000,2917,sfti_81a00958bfa54b01f67ef5ac,cand_0782819a426d425bc5d4a871,paper_1505cb58904a14e9acef
T2_NUMERIC,3000,2918,sfti_4d93eae14848f0feef9452aa,cand_a255afdd3e0b8589597e4583,paper_5ab28f5a2e15505dcc9f
T2_NUMERIC,3000,2919,sfti_f46b043dfd62228f711dedb9,cand_f1cac0c005f3ef0ffd66913b,paper_aeda8fb50291efef0433
T2_NUMERIC,3000,2920,sfti_4b2decf8bc42c86871a75802,cand_83c18cf7b43b311e09423160,paper_2731ed413ed15eaf8736
T2_NUMERIC,3000,2921,sfti_76982ee282abcddeb0017deb,cand_3d5307c4918ac762242b34f1,paper_cc53d0299e648e6916ee
T2_NUMERIC,3000,2922,sfti_6c27f6aa4352cdacd6fde349,cand_5250bf42d9528e3ba21ff05f,paper_1bc583c06e4ee3d14b2b
T2_NUMERIC,3000,2923,sfti_2b72d1177ab67b4056406be9,cand_70f9cad86de39cb0359812f7,paper_6ba850a9ab17db2dae58
T2_NUMERIC,3000,2924,sfti_538f5af7fd6acacd3c037449,cand_c26393d3f9966cf8cc3281d5,paper_e93d0eb808f7955cb1f3
T2_NUMERIC,3000,2925,sfti_51fa9486eb126ab1d9d12073,cand_d5425b818a98f538dd18b84c,paper_e794729eb1562a4b7f3a
T2_NUMERIC,3000,2926,sfti_94471e092575918499c61c6a,cand_99370619e93e1e582522aba8,paper_2cf89ece81e90cd3f910
T2_NUMERIC,3000,2927,sfti_59ca3dacd7c091641ca50a98,cand_224098a0f9de0c039659e4b3,paper_56c1618d40a6eb8185c1
T2_NUMERIC,3000,2928,sfti_ec0987af97add0e4c896dbfc,cand_1de77dfe005fc1b35d551c9e,paper_1f4567b736135e989979
T2_NUMERIC,3000,2929,sfti_0f6e29e9fdb5d88c998f516a,cand_e3c07c7f863b056e0b08bde6,paper_35b3eab66de11aeab930
T2_NUMERIC,3000,2930,sfti_4c5f23de3a0bc41b565cbf2b,cand_778c5147502c7b7e5e8bbe24,paper_233f31909fd3f28cf0e8
T2_NUMERIC,3000,2931,sfti_a53db06cc4d3a1a67d23e924,cand_b4d5396daa4df4f2a44f310d,paper_48fe6515d531f9067495
T2_NUMERIC,3000,2932,sfti_26b0fc40a707ec4e6f3673d0,cand_98cc48a8f9061fa1694f7b0a,paper_e365b2946291c86625f8
T2_NUMERIC,3000,2933,sfti_e5129426fa0fccd1176db514,cand_779373c4dc953e982db8a806,paper_c25c9260ec4470115f16
T2_NUMERIC,3000,2934,sfti_f2b98170af8656a5cdd33f4e,cand_0d9bfaf7e65979c330706df1,paper_f29582b34f36217f5245
T2_NUMERIC,3000,2935,sfti_267bcdcc00c7500a7005ba2b,cand_db46adde8f551c52cacbf7f0,paper_1b171a1a4aec0890360c
T2_NUMERIC,3000,2936,sfti_19a9fc0cacfcb4783db065f7,cand_5db08807d5165d614c0e39a2,paper_11881c3333b09bc1adce
T2_NUMERIC,3000,2937,sfti_e5ad775fa10ca3bd4884512a,cand_7da62661fcc3ab13a7fb6ec8,paper_4516ab29b73cc618f530
T2_NUMERIC,3000,2938,sfti_4b37f6d164142858144177ed,cand_35eba33accc8f81da9fe6de9,paper_53fb745495c413ce93d7
T2_NUMERIC,3000,2939,sfti_21413180665c8f7745cc1ddd,cand_e032d64c54d92a8dd9a3e209,paper_12a764f13952eccb5204
T2_NUMERIC,3000,2940,sfti_248f7cb87a96bbf4f6735bed,cand_b0a0d3fe03dde94abb95d0be,paper_21a73e1c5c35bd00e27a
T2_NUMERIC,3000,2941,sfti_bb56e38a82199bcbabd7e245,cand_c53b757ad48180eb0f6ccfde,paper_71526057ddf6ed98608d
T2_NUMERIC,3000,2942,sfti_2f6a4003cae71f79df8a6df1,cand_f4b48291686d3b7030cf9c7b,paper_4c95075e25b3c259ef44
T2_NUMERIC,3000,2943,sfti_4eb5623686281b9cf08770ad,cand_c6bcfe4610909ef22feb0070,paper_221f0c916ee0712cd55f
T2_NUMERIC,3000,2944,sfti_a1c0326aa45006fac3955285,cand_e8fa7ae62cd21629d8a2779c,paper_41421cea964b6e798387
T2_NUMERIC,3000,2945,sfti_00007dfb52c9d77011ba081b,cand_68bbb20e1169611828141309,paper_c750381016e9d48f54f5
T2_NUMERIC,3000,2946,sfti_11ae926e55948baa3b47e6b9,cand_9b19f6c1fe088be9f6ea45ff,paper_dac18f93f70a297cc71f
T2_NUMERIC,3000,2947,sfti_7881a499d87a20d70d1c94e8,cand_c14a1528a7e297a91f631779,paper_5082f5a8326bb484965e
T2_NUMERIC,3000,2948,sfti_93aad6005080412533ca3e49,cand_ec4c8d69b7a9b70db36de7b2,paper_3d69b6ca8bac023a2e37
T2_NUMERIC,3000,2949,sfti_ba97402814cf7d6322613914,cand_cfb9f26484587f26602e2076,paper_77fff62649cc89e70006
T2_NUMERIC,3000,2950,sfti_bd0ff8e53372e40616155f6c,cand_a99ad3661167fcae9dcc6927,paper_2e7c7ada2c0738c9576e
T2_NUMERIC,3000,2951,sfti_982d4b0a8c4270ea860cae58,cand_920fcf55185b4d23a3dc1460,paper_cea263957c803c2be7ac
T2_NUMERIC,3000,2952,sfti_bdb5698ac89ea9b4599fd0cd,cand_d12340e8a8aa1ca1327f0573,paper_855a30d7906bf1696f18
T2_NUMERIC,3000,2953,sfti_f0f8c2f90c38eaac9ab2d900,cand_d406245e730316cd93addb1c,paper_7a234a0942160567de4e
T2_NUMERIC,3000,2954,sfti_9eb53ed991ebcd21bff1507e,cand_57b6e9db7da1605356da1974,paper_8968c63f74386825585f
T2_NUMERIC,3000,2955,sfti_49df9095829b54c4ccb6fb89,cand_5c0e2aec6ba6d44ad4183fcb,paper_b45b8c314fefc9dc2f86
T2_NUMERIC,3000,2956,sfti_8ad2567d94a321bb383fa496,cand_77d0a1a647ef9707a315b0da,paper_936af62bff602375aae5
T2_NUMERIC,3000,2957,sfti_1f48a53cb84921634c0aeae8,cand_de8c15e6cf74b6e3f06cbd44,paper_4095b334fa6e74b81f84
T2_NUMERIC,3000,2958,sfti_65a2ab140a667e1ff9a22326,cand_7560d1c44f71cde74597734c,paper_341d7710302a2b329e63
T2_NUMERIC,3000,2959,sfti_0852892ef9db29da154e3b09,cand_6d3a164c39e69e36f79543d3,paper_5093d6ac5a8e5e472584
T2_NUMERIC,3000,2960,sfti_a91de6caaec5437cb37dcc1d,cand_25333c1bc343896782488654,paper_bfc002e4e2173fc7324d
T2_NUMERIC,3000,2961,sfti_5bfa4034d7c6e65f4536cd0b,cand_46d07bc0d248295f9bc7dae0,paper_5178edc200c7560cc5dd
T2_NUMERIC,3000,2962,sfti_fe8219b077de5829864f5e24,cand_6d5412b6baf9577c956a7581,paper_0d68ecbef45f9fc8cf90
T2_NUMERIC,3000,2963,sfti_f7d201d5c6c7c6ad8a9c36b5,cand_420138e919942c1681d2c889,paper_26adb28c631c5b0f11a0
T2_NUMERIC,3000,2964,sfti_e57ded8527d790edc2e38fed,cand_22ae0bc0835d2b230b0c5d94,paper_80824adaef46809e108f
T2_NUMERIC,3000,2965,sfti_29cde4fbda4b7089b8500fb8,cand_ac5e6d41f6459cb78cd6832e,paper_54e19b6fae0955d86c32
T2_NUMERIC,3000,2966,sfti_bae04b49c469b459e13975b6,cand_7625a489248dbf25d2cfad2b,paper_75ba7a8d3c3e91ae2125
T2_NUMERIC,3000,2967,sfti_26c639b8390416324ecb7aa8,cand_f7d9a6d7bf0a774f0195f187,paper_78d9139681b32b96ff05
T2_NUMERIC,3000,2968,sfti_c6c273ba93bf70e02a02ab7e,cand_52e71d75fbac6aa2ea357eb8,paper_b0b7e2f9a369dc5982ed
T2_NUMERIC,3000,2969,sfti_144562bafae966febd402125,cand_8a72aadd53a27d3a5f496968,paper_b7eb43a1714dfea51b3f
T2_NUMERIC,3000,2970,sfti_dbe55ec56d18f048a435ee39,cand_7a9bb03396443be4235945c5,paper_b00d47de8a46a6c79806
T2_NUMERIC,3000,2971,sfti_ba5b3540beadd3e7b5e10758,cand_ce3b43771f5a4a8abadfd32e,paper_e1119708fab69f9652a3
T2_NUMERIC,3000,2972,sfti_018c3e333803bcb023685cd2,cand_03e8ad0b80e6d9df93e6b40b,paper_9229ac9cd28f9c9cac4e
T2_NUMERIC,3000,2973,sfti_e58d5e2760c0e01189e26846,cand_63bc382784e860629894f117,paper_b97fd1a5935f47e10c77
T2_NUMERIC,3000,2974,sfti_04be8864ce99adfb18fe8014,cand_f9af6016f6b7d5fc81ad0b21,paper_8dc8785106d0600e3d72
T2_NUMERIC,3000,2975,sfti_a30b0f7fa2d6cd6e4db2adad,cand_053cbe89714af3feeaaecfdc,paper_d792d6f81b5dfd11ffa9
T2_NUMERIC,3000,2976,sfti_5105604582c2def0b17c4cc7,cand_764289aa7ad72cc95731d8e7,paper_2816bab6cf493c5dae75
T2_NUMERIC,3000,2977,sfti_722c38c796db9cbc18a27be4,cand_692e68da46de425cb9b5e0fd,paper_41243b2e71035d29da90
T2_NUMERIC,3000,2978,sfti_74fe17ab31cd5c332bbed21a,cand_e11dee7fdf2d5099e23c95fa,paper_2ce6080bc78f6dc4bbee
T2_NUMERIC,3000,2979,sfti_520df0082db603fe4b11f77d,cand_74b5c16b26ba11b5dc057f67,paper_a15d6db1e341ca841faa
T2_NUMERIC,3000,2980,sfti_c1770ab4e70a23fea560660a,cand_7670bd69e2b12672fdb86e33,paper_ed51e9d5b91c7ad9308f
T2_NUMERIC,3000,2981,sfti_cad45467a27247bcfe85d9b0,cand_ff58efd682f9e37faafd32f6,paper_b02b1015a4d81c005688
T2_NUMERIC,3000,2982,sfti_c6c6f445213426db34bc217d,cand_75eb630bd4b8496bc44b26db,paper_0a926d479528ed19bc99
T2_NUMERIC,3000,2983,sfti_d35642279c844d587ec95889,cand_885c56c434dbda36487fa71e,paper_3931b2764d33f08f9b60
T2_NUMERIC,3000,2984,sfti_52745fb3ae6b76234910def8,cand_ccc16ff1d15013abe09aaf51,paper_f70c8739c330b884890d
T2_NUMERIC,3000,2985,sfti_0110d2e6f827f900f69cd661,cand_4b7fb6e441ae54631d6797c4,paper_a3c79491871022da9d5d
T2_NUMERIC,3000,2986,sfti_a51b8eec04aa4906031128f2,cand_18e1f2bd8220da156064b451,paper_9eca70ac9c66a0ecc684
T2_NUMERIC,3000,2987,sfti_a6b28e9cbcbf5cafa5cfac32,cand_ce13b15d06b0a71a550dd4ca,paper_b2d1155ad3ce1f678145
T2_NUMERIC,3000,2988,sfti_96579725110e9e494aee793e,cand_806a0def93d205562ac08cca,paper_d9a7caa927432b9a5d58
T2_NUMERIC,3000,2989,sfti_0295351375e443d2a530c1ad,cand_1157bd47786b4b6907a2e310,paper_780ca30bca1371cb91c6
T2_NUMERIC,3000,2990,sfti_66546392967c42577366afde,cand_501c1bb16e1ffe15d6e2c0b7,paper_1a8139b3d1a58181a74a
T2_NUMERIC,3000,2991,sfti_4db8bd107c8195b523cbcdf9,cand_6bdfb03e6f2e44d79b778d99,paper_8b6c41dd419735fe1e01
T2_NUMERIC,3000,2992,sfti_9c2abd0ce72079493237aee8,cand_4665485c7c21e5ad090db8ec,paper_a29e23e2440fa2936e13
T2_NUMERIC,3000,2993,sfti_9f01e4d15552a0fb0cc2828e,cand_9e56d197e616ea0fd224e3a4,paper_a462119ad795fec5ed0b
T2_NUMERIC,3000,2994,sfti_e93ae1fad7a24d6a21857d48,cand_f6d4e95468fefa18ba0adfb9,paper_4dc2eadc3749a7660e20
T2_NUMERIC,3000,2995,sfti_bb4a2382daf2fb310851093d,cand_21731085bb67706662033ed2,paper_d9833886b4d05e7f2e35
T2_NUMERIC,3000,2996,sfti_7e95948514b66e6dca9203b0,cand_ae14efbed2ba0d2a05b6eeeb,paper_da0c94aa9e114e114416
T2_NUMERIC,3000,2997,sfti_336bf17d0a534094dfa4854c,cand_4c9d73fee62d98042c784160,paper_f268a30c446bf23e6318
T2_NUMERIC,3000,2998,sfti_f9f2ed4f0f03c86c3b3063af,cand_82c76c8aa34252cac730b222,paper_27f10dec8047a843a6ec
T2_NUMERIC,3000,2999,sfti_839d6f15afe3011b58f8c6e9,cand_5023d69bc2daa92aafddd5ac,paper_76ea1bc753a6f3bd627c
T2_NUMERIC,3000,3000,sfti_3c3f3d5ebe0ab23557839715,cand_b8e7de00cfd2f205aa831cfb,paper_1d196ac13fa57b930414
T2_NUMERIC,3678,1,sfti_b8d12c8e14e4b3ef666281f4,cand_8a391a1d44035130fcd2ab5d,paper_6202a5d0ab54e3b90fed
T2_NUMERIC,3678,2,sfti_a222afb5c73ba50a19c4dae1,cand_5346cf32987e0893bcfa6c2a,paper_aa644bb19b81f26fb841
T2_NUMERIC,3678,3,sfti_ddf3aa2d27971d297aca92d1,cand_08b56bb9283a348ee17d867f,paper_fbed811a281c252f5a17
T2_NUMERIC,3678,4,sfti_f6cefdad16d287333cdab907,cand_52b543416efb040b1d31b755,paper_5f4d155a7e87fdbcfd57
T2_NUMERIC,3678,5,sfti_6595050ac5255bff9540dc16,cand_a458f5084ef3e1a08c292966,paper_a7a15a187cddf7b367fc
T2_NUMERIC,3678,6,sfti_5b84d44679f5556a3685d395,cand_1f37de45653c332a22d0a09b,paper_93cdac17023edefbaae6
T2_NUMERIC,3678,7,sfti_e6e7f2088188723678f08e8c,cand_dd2e6ca74e61190ce305f622,paper_1d252e6c327bda31dd7e
T2_NUMERIC,3678,8,sfti_57107ae0a9b95a40be423657,cand_df5fb759bf3c41ff39703442,paper_190df2258f3e7ef7321c
T2_NUMERIC,3678,9,sfti_0a59f93a31c9dad5692f68d8,cand_97f0f029c5fb4f26a8551235,paper_8b99df3455a9e4b7000a
T2_NUMERIC,3678,10,sfti_35a516e4259e436079e0dbfd,cand_29b4e8658977d70e32e58d85,paper_03ff7e9def87a030b1a4
T2_NUMERIC,3678,11,sfti_e60aee9c136c8b7cdbcbf3f2,cand_0b92900cb8d0d59b970ee830,paper_080ae6d04b647d7d027e
T2_NUMERIC,3678,12,sfti_ad89d78cb936e6939e055fe6,cand_c1571649bd0003c3f54c8558,paper_e2971df144864354ab50
T2_NUMERIC,3678,13,sfti_9f4adf56c8f730c0094e11c3,cand_5e7e5c41d095be81125ab16c,paper_35233223488b5f7763d8
T2_NUMERIC,3678,14,sfti_3997cd927eaf29c4b1d2825b,cand_3c9dfca19e5bf5091f30d777,paper_6df43c48214728454930
T2_NUMERIC,3678,15,sfti_67dacbf2939945a5b9cd33b8,cand_610436e3578b2ab4bee2ecb8,paper_a6a71ab05e2677c8001d
T2_NUMERIC,3678,16,sfti_df1b1a9d7a2447977361d5f8,cand_892295c7e1b9a76282df32e7,paper_117c93c9f01087aa7a3e
T2_NUMERIC,3678,17,sfti_f6663e600815ba2a7b634809,cand_8ed6223b5e4ca6e2de4a2a47,paper_8b6b74b78f127ceb59c4
T2_NUMERIC,3678,18,sfti_eebb6d8ecd68d3c382b284af,cand_828dc70e81fdef03003b9b94,paper_a33d69153b85c02028d9
T2_NUMERIC,3678,19,sfti_7f4d5c676f22ca9c23060769,cand_fb5eb9fc0b8556d4274431ec,paper_aefd1f6c29e982b9aba9
T2_NUMERIC,3678,20,sfti_5c246ea4542e3842a2946b4c,cand_97cb2645c747b002fc4d5a96,paper_09a5a6b8d7c4de7c9081
T2_NUMERIC,3678,21,sfti_ea49ed49815c79837d443d42,cand_063ac29264205b11b57c5aa1,paper_6df4b9381be6592f7484
T2_NUMERIC,3678,22,sfti_dddbdf684ea5a9fb001d37a4,cand_03a13004391fa4e19085897c,paper_b9e7a7fc983610a94d2a
T2_NUMERIC,3678,23,sfti_3d780f719c75136e7a50c857,cand_61fc6cf55dcc1e2198503867,paper_9ed7e5dd2d19fdae47dd
T2_NUMERIC,3678,24,sfti_1b23c3e2af4f8eb06be5d56f,cand_fc4e3447706a187c76296fda,paper_829ea89148ab3b7af271
T2_NUMERIC,3678,25,sfti_333c28b0065e5678b455e444,cand_911a6c240a9576f9d0ca26cb,paper_65b7b19882eb5c68826f
T2_NUMERIC,3678,26,sfti_dac769fd8aac9b180196822d,cand_9af5c6bd0f06108898e419e0,paper_b4d40141243bb11115d6
T2_NUMERIC,3678,27,sfti_27ababf746ca9b5b1113fa82,cand_15146aa4f229b61c4278a341,paper_4e3de9e4ca79ed351723
T2_NUMERIC,3678,28,sfti_aa506dfb841671178a3a11ae,cand_2154d8a0d80f416ab61567da,paper_ecd6471e7031f96c6dd5
T2_NUMERIC,3678,29,sfti_aed560c85bd7be7659a7d4b3,cand_1f0ff6c5666e077f7e64e888,paper_6bd65aee24acf9ac5556
T2_NUMERIC,3678,30,sfti_1e3bcf2033cb2b4876f779ef,cand_d19de280eb5ddf4ff6601251,paper_2018ada7d8a5bf4f51a9
T2_NUMERIC,3678,31,sfti_1709ac4935bfb840ea132780,cand_7ee780f5d27fbf1e57f08d28,paper_98e549572ba02d9bdf70
T2_NUMERIC,3678,32,sfti_764cc6ce47552c8b319c33a6,cand_507b7c27126638a21af94930,paper_e6eb31e0c696987f6709
T2_NUMERIC,3678,33,sfti_64847945276ddccbe4d1e074,cand_7ad2fccd711560406c977b2d,paper_7661703c927d0e9f12dc
T2_NUMERIC,3678,34,sfti_8c5868bfaccf77c55da5edda,cand_72dc94605b510206341d7670,paper_2a0c54eb288d2bd6107c
T2_NUMERIC,3678,35,sfti_92cf064950f5c4fb6c81f18d,cand_482e6b65e1cbefc73c32077b,paper_56d1c041063dd1a9acf3
T2_NUMERIC,3678,36,sfti_a7c5c299094fe26a77c561bb,cand_386ff0ad92ae898f3aa9b71b,paper_4cbcef64f6b0ab42d544
T2_NUMERIC,3678,37,sfti_6292a55425eee9353a40b467,cand_1d941cbc1c1969dc1ea14104,paper_2cb6f57951a81f95a6d3
T2_NUMERIC,3678,38,sfti_9795ddfd8eb505d9292c76de,cand_0031ebc2e13087a01b358acf,paper_48f90822105bf111ea1a
T2_NUMERIC,3678,39,sfti_c506789a0bd58961b9dfea68,cand_d1311ea5cf689e1eead2f0b5,paper_29fec20ca5aa045aa277
T2_NUMERIC,3678,40,sfti_be70a1d518c446b6a79f2bc8,cand_bbca9b34bb944de1e9cc65e1,paper_19eb043baf2285e21e04
T2_NUMERIC,3678,41,sfti_f3ab8934b5f5d28043eeb22d,cand_d1c2825c114effc5885ca1b9,paper_480ef6f63ad202e0de3b
T2_NUMERIC,3678,42,sfti_6de2447617d7c4e94c6aa030,cand_76ec9896f624e20dd74ce194,paper_875f2d35bea8cececdda
T2_NUMERIC,3678,43,sfti_376e716071efd2501d98dedf,cand_2ada7e1830155b1288bd0376,paper_51c9758340f260242d9e
T2_NUMERIC,3678,44,sfti_960bf51d81fa86c2c20844ad,cand_39b9570f2d5bf889d178f7e6,paper_4a86ac22a2cab003d131
T2_NUMERIC,3678,45,sfti_dc6a289df181fb5b5e8805e7,cand_93bf6a3d57e940c3b1ead139,paper_a6d918b77d863d08418c
T2_NUMERIC,3678,46,sfti_11a02bec9f823d1ea50e1b70,cand_219e4a5a743b7fa2d9207378,paper_541aff79398df3a738ca
T2_NUMERIC,3678,47,sfti_972c7f8e63d26faf9ce8db22,cand_3050e597490a87c2a09a99ae,paper_14885a60d70b18d57ffa
T2_NUMERIC,3678,48,sfti_330cf9cf0b14be3347ee2125,cand_1bae2b4ba038f0472ccae8c3,paper_0f39b53174dcbddc4a1d
T2_NUMERIC,3678,49,sfti_827772f5de552589ac4b96e4,cand_22f78b82466af215607bcc88,paper_04ee90d11a9e2e5995fa
T2_NUMERIC,3678,50,sfti_c5840e4a099afcb401fcf563,cand_28a49c1b3a7f8013c8e77f4f,paper_c7f4c59a783a734322b2
T2_NUMERIC,3678,51,sfti_5a761c448165b38e1a2a87ce,cand_fb55ae85d2ff015f486cf2d0,paper_bc8cf1c27837920034b1
T2_NUMERIC,3678,52,sfti_bb9eca1edb4afa5c0f156571,cand_fbd8aae8d415b9d25fbbc67f,paper_3f7b8d5f291072c7e8ae
T2_NUMERIC,3678,53,sfti_f70af67701d9f60fc708ef8e,cand_f5ad453609baeb692f3858df,paper_8960d35e4e7e918f25b3
T2_NUMERIC,3678,54,sfti_4e30bde37f44cab0a2dbcd4a,cand_7cb4abe460117b0e1e2a8169,paper_a2855be0e32bc908e060
T2_NUMERIC,3678,55,sfti_a7b1da02320f4bf17aabdc93,cand_b50c8183d2e1ede0d0e161b8,paper_88185f5d588e4f96f362
T2_NUMERIC,3678,56,sfti_b962d328c2ade14704082fe5,cand_b257f1e8189cb8e930de0d32,paper_1cbea91ab313b361da43
T2_NUMERIC,3678,57,sfti_08a19d4d667649067bbf9a6e,cand_98fdfb2472a331de148c276b,paper_6b87b17f9d1a3a845b3a
T2_NUMERIC,3678,58,sfti_4ffb56d55ec2d85e6853f873,cand_a3f33d68654f06f1715f7832,paper_61251b5fda9ffb5dfd3e
T2_NUMERIC,3678,59,sfti_b731cfa82ba7ca151cef3e58,cand_3a2a799677d5a131adb66b7b,paper_a1d177668f0455f920ff
T2_NUMERIC,3678,60,sfti_6fd3835fba3c911260d25693,cand_5f62e04e602ede8781982471,paper_b3ceb4a520b9f342d813
T2_NUMERIC,3678,61,sfti_ae087f28aec829cff05a19c0,cand_7f30b6594d7fef03458e0172,paper_b52a0c44b8cd5eb19780
T2_NUMERIC,3678,62,sfti_27993023aa62dc66345d008b,cand_5df4522bd3542d5e65e18b72,paper_1dba34972cfb5f4469cb
T2_NUMERIC,3678,63,sfti_48047bce4ee447fe3b2a89a5,cand_283e4900fce12620cb888b70,paper_eee38bfe14fc10464a64
T2_NUMERIC,3678,64,sfti_9e16661d7a44c0bd678209c4,cand_1412f5797a2331c714f0b4f3,paper_eb11ccf29d2707b726dd
T2_NUMERIC,3678,65,sfti_2518b69e96bd5e30001044dd,cand_59c6821f294f7a8309da9b80,paper_3ead46de96ae3c9d8a62
T2_NUMERIC,3678,66,sfti_e29e0083c9c0a33de34c36a0,cand_97fdb714812f6e7645e1dbad,paper_6506f43e232d65d21441
T2_NUMERIC,3678,67,sfti_1ee7591873d335807854984a,cand_5bc0cb36784b60d865f35567,paper_e39d02baf353eb3e35c5
T2_NUMERIC,3678,68,sfti_9ba35fc96378b2996dc69232,cand_3271b27092dac7dc2a124206,paper_c3f5f52f4c2a9202c210
T2_NUMERIC,3678,69,sfti_0a9715998d5b7d682d197ce4,cand_74d0b03772848fa5408d34d1,paper_643a6372616ac7c0afc3
T2_NUMERIC,3678,70,sfti_cf8d95a07ad419e1b18c6db8,cand_8ec31b80b45e092aeebe5722,paper_485b3fecc88210a2fb80
T2_NUMERIC,3678,71,sfti_5605b49b15dec7fe1886c843,cand_a1305c3c86ebe380e6b66ab6,paper_242e560e97cb6505f70f
T2_NUMERIC,3678,72,sfti_6f63cfee4fe72cf237537a4b,cand_6f422460e8b6697748bf39ed,paper_cda09ee73200c86e8531
T2_NUMERIC,3678,73,sfti_1ae04c499e415ecf63f5e98c,cand_8013684e11dfced21b959c0e,paper_a389b43553e79e0d8400
T2_NUMERIC,3678,74,sfti_51e6e9afac72893145bda5da,cand_10a31b1958f4f1149ca92e4f,paper_82ada25e588ffde0797b
T2_NUMERIC,3678,75,sfti_5a13ef88dbd46167b959119c,cand_dad762f4f8dcaaf5ea0c5ad7,paper_19623e79243d0cf49b1e
T2_NUMERIC,3678,76,sfti_891be71e2497c6e41b7e7676,cand_a0b8dccb9b9d7f37b98f1da5,paper_6011087f571c12a9572f
T2_NUMERIC,3678,77,sfti_871ace166824d71fae9b1722,cand_86d123d76b93f850808db2d2,paper_edc47b2e1d89bd1d57c6
T2_NUMERIC,3678,78,sfti_8f9a844970a59ca7a036a459,cand_8426579b32728cdece3e86de,paper_b01d11615f92368273dd
T2_NUMERIC,3678,79,sfti_61f1ae994992d3f6cfcc107b,cand_ec2b293f6c8a9f9ffe649bb1,paper_050e0efec10ad1f0a9fe
T2_NUMERIC,3678,80,sfti_d24e581b124f7365c3c34af0,cand_faba171ec4a1225790959cac,paper_08e189125eb0ab93ebb4
T2_NUMERIC,3678,81,sfti_91f9c9c50e739deb7d198740,cand_44006940047d0a7ae2b44055,paper_fd846be4054cb8da1c75
T2_NUMERIC,3678,82,sfti_5987fca34edbdd030dc60feb,cand_c601cf8658c39aea95d58fc6,paper_cf6e681f23fb0fba0c64
T2_NUMERIC,3678,83,sfti_6f02a0fc57e2a1a1cb978d13,cand_8d64dc8b9cbf5c53ac7c8936,paper_d43cca4456936538a369
T2_NUMERIC,3678,84,sfti_f837a89bf231bf6e2f8e8e3e,cand_6fe5d03aff1dad2a1f47d43b,paper_8e8402c0398073de8559
T2_NUMERIC,3678,85,sfti_68459e00ae6cbfb86c51ec36,cand_605b498e2ff1a0a20ca796a5,paper_a4394a188c62cb17c7b1
T2_NUMERIC,3678,86,sfti_21addf632cc9f6034a074307,cand_62363576fc93b21a9ffdda93,paper_b25069bc6310cf49e623
T2_NUMERIC,3678,87,sfti_b046365bb30d4f1791981da8,cand_1e5e5621efd7c66a4782c68e,paper_cb918152eb88ac781e99
T2_NUMERIC,3678,88,sfti_59c02d43516e00543279c931,cand_a052dc6ac508c5adc0813ef5,paper_c3a2a06ddc49daaa4b54
T2_NUMERIC,3678,89,sfti_28b15105aaef6dc2edbc342f,cand_fbb0bc24655de5666df6d6cc,paper_62e38605fad8c2e0939c
T2_NUMERIC,3678,90,sfti_11ca076be87ab073f6b65c39,cand_2ab350bd083e2a72e3d57abb,paper_0c6ab339e1fc81e69363
T2_NUMERIC,3678,91,sfti_51e4d0031a183ec02c84456a,cand_827fd59605277676a6fd70e8,paper_64367c996cd8880aad96
T2_NUMERIC,3678,92,sfti_8e4192098e60ec6a3ca33302,cand_ce95f465014ac6e2930a2405,paper_ad00811f68d163562037
T2_NUMERIC,3678,93,sfti_22ef0ca8aaf52469ea6e348d,cand_4b74f3cb21493b1f02bf6c30,paper_9eb4667de60036b508b2
T2_NUMERIC,3678,94,sfti_22fa6039053f29c54096344f,cand_06c9ae62c339204f2ff6eb79,paper_07a3b3056cc42097fbf2
T2_NUMERIC,3678,95,sfti_f0a52bfa46db24062e55f5e9,cand_2293626026a222ae77772e79,paper_aa28a1c986e09ef13f95
T2_NUMERIC,3678,96,sfti_a41af869b59f1e106b994018,cand_8f43cc342c5012a7c4409720,paper_a7dd1f40e84491df9e74
T2_NUMERIC,3678,97,sfti_3131889da2bf27b6806bf645,cand_5213b4a29bd148d3e5723285,paper_c4de74fafbe248f42d88
T2_NUMERIC,3678,98,sfti_a297c0da8dae865e02c020c7,cand_dfbe70afd3c306970a589e34,paper_be27d188b6e017ce6b22
T2_NUMERIC,3678,99,sfti_999240e0ee22d50701a29e8b,cand_f62df84d9850a143b0485f5c,paper_39426b4aef4770d93ed7
T2_NUMERIC,3678,100,sfti_ce3cc19cec03b6db0a6d7e7d,cand_d2b32facc416bcb93c90d39e,paper_5cbb72428f2974a70216
T2_NUMERIC,3678,101,sfti_7573e24e824a17077b86d9ee,cand_fe19b84528dc2eface2b7736,paper_70f52b65fe6b6074b908
T2_NUMERIC,3678,102,sfti_7841089a16d47e6f48b8840e,cand_81c6beb7a03859f77dc541ff,paper_a9d83cb5165427ddab13
T2_NUMERIC,3678,103,sfti_f243fd26b7a094bc46a0db42,cand_9e60b26ebfcac40e7ca30ce4,paper_d8a5a42f9d9bc9708adf
T2_NUMERIC,3678,104,sfti_0dc27cf5a59fc36cea54ddcf,cand_0c78440abfe5346653219c4d,paper_2b927acd6b0595e0fbfb
T2_NUMERIC,3678,105,sfti_74523b660298d5ca1ded9b32,cand_e73efa502769c535831ed5f6,paper_d707afd32f2376608ebf
T2_NUMERIC,3678,106,sfti_d7f7d122fd63236c101cd9f2,cand_27d9beddfe816fb51e9378e0,paper_cd26909a42762f438b18
T2_NUMERIC,3678,107,sfti_e09245df3d55cdedd2536c97,cand_40b72b430cebbeb4cf858330,paper_3bd3c3fc9e9fb1b509ee
T2_NUMERIC,3678,108,sfti_41e80702b16aed7597f4e694,cand_2314383aae2a7bae65fca277,paper_dc139c5a1965f0979f7c
T2_NUMERIC,3678,109,sfti_612e2ff4757e7228768d9d24,cand_34ce35adbff9d6c717b981c6,paper_c74f3cfca89318a59f19
T2_NUMERIC,3678,110,sfti_606558f85754b59e07e28e39,cand_8eb7bd915de859fb904942cd,paper_f2be3d7faf13aa4b2b38
T2_NUMERIC,3678,111,sfti_95eafdc984382018b7c9135f,cand_d5bf931574c7e5802d0d0a1f,paper_ff168db638406d844444
T2_NUMERIC,3678,112,sfti_cfea833008c1a5ca344a868a,cand_90b452763c2a77f196bf09cc,paper_2e79e217cb83ee32a37b
T2_NUMERIC,3678,113,sfti_6a3c25f0ad071062dbbce66c,cand_c89084de64ec9982176e567c,paper_e2fe8c3fb17de72a30f6
T2_NUMERIC,3678,114,sfti_9da3b3f16e1aa6d2b02a529f,cand_b61ad2ac9790e8ab9eaaf7f0,paper_73ec927fd13e6964a898
T2_NUMERIC,3678,115,sfti_8b7ae97181126bc7dcd5a056,cand_1677886abd47b37b62784927,paper_18933680bc8a2e259970
T2_NUMERIC,3678,116,sfti_68c2eec8962a2d36c3deba1b,cand_d82223fc3fe031e7fd57ff3f,paper_e9ac0d341bdc0d314ea1
T2_NUMERIC,3678,117,sfti_d90d32db9c939fcadda7ce11,cand_dfd23fd441c4f8f251c19927,paper_e3a1a7befb994dcb7e6a
T2_NUMERIC,3678,118,sfti_4e458ac717014d720beb9c77,cand_cad81c70e6055519bae01d0d,paper_d7aa357dfb15c6a1e39d
T2_NUMERIC,3678,119,sfti_55c669f339cdd6b3170a0a53,cand_520a56d95fdc6ae48cdc5df2,paper_57ace56e0ada3222f3f0
T2_NUMERIC,3678,120,sfti_933b134be2ba5284b981778e,cand_cf2ce8428892bf4a58bfff68,paper_25e647536008b73b1056
T2_NUMERIC,3678,121,sfti_7035ca3ee7155c52e0ad3142,cand_f2f6500b9efa26157c2c1a72,paper_f41784f6ad24d1bbcf21
T2_NUMERIC,3678,122,sfti_d3059f0d1fd18768f1b7a341,cand_c1ecc836592de53a71eba312,paper_639f89983dc30d163de4
T2_NUMERIC,3678,123,sfti_9b26f797eab2a3593f354d78,cand_58f4af9afe44b8c0b9e851ec,paper_6365016e63ccb2f0cb3f
T2_NUMERIC,3678,124,sfti_922a55d1692a8e51827cb66d,cand_ece54a4dcfe12d873a598519,paper_46020a24db82d64c0fdd
T2_NUMERIC,3678,125,sfti_561fa6c26b2f4b7b44fb108a,cand_7f898f965d8c16ec88c7f925,paper_2915459eda4b88d763e4
T2_NUMERIC,3678,126,sfti_f56dca9cc8220704681af188,cand_c459a4138503443ee94b8335,paper_83c1908f50bfa8e73253
T2_NUMERIC,3678,127,sfti_5fd5d3251b94e845dedbdfe1,cand_41a5fef71831c2863878aced,paper_5bb169e3d0a7bddf67d2
T2_NUMERIC,3678,128,sfti_4e1a2a6e4de9b6d5e414743d,cand_d981794c5e3a41132f57c465,paper_16dbf623d307897aaef7
T2_NUMERIC,3678,129,sfti_71fa367d203d0bf8de4cffce,cand_b0d7224cabecfd53ec67a762,paper_ab5c480d9ab0f3d8b434
T2_NUMERIC,3678,130,sfti_32e40cac7860bab71df7cbf8,cand_4de958448861f2402207f1df,paper_d3d6bf6212f62c9c3292
T2_NUMERIC,3678,131,sfti_e50b31fc19f700d85d9c6ced,cand_9de1f5dd712bc0dc1d02effb,paper_0c493d1aba033d49a5c8
T2_NUMERIC,3678,132,sfti_589307f2e658f34469f21055,cand_edef34767a3eae47f8812d59,paper_bb9727873709888ef910
T2_NUMERIC,3678,133,sfti_44466f57e2cc9a1b73ad8032,cand_2119b6b113ec967e74333a5d,paper_abd13107c8ccce629ec5
T2_NUMERIC,3678,134,sfti_a562723a2181cbd11fe424e4,cand_3c046dffa0b5888b68962f28,paper_c04deb4c3f4bb3dad1f0
T2_NUMERIC,3678,135,sfti_40d5420a8e895acb60c87485,cand_0582bf75b5250310d248f0d8,paper_64526ba0276feb8256a1
T2_NUMERIC,3678,136,sfti_b27597ba97c98e45ee2bbdba,cand_b30aa220309ce8ccc29c4914,paper_3322361c95f35e53a49e
T2_NUMERIC,3678,137,sfti_89071b0e2d339da31296500c,cand_eab85e56fd47703d8da77437,paper_84ae166a6d4c6be26c91
T2_NUMERIC,3678,138,sfti_52dcb2eb4cd456549b9f26cb,cand_25557b530aaa1fddb3bca000,paper_b98a5e3ea66600840019
T2_NUMERIC,3678,139,sfti_768c125db01c01c5985abc5f,cand_999efb0dd8e75de0eb66eb35,paper_b93c83b03100d6633e9c
T2_NUMERIC,3678,140,sfti_f3fc8743dd8f98bac7eb9f88,cand_bb4209231105e1076b4a91ba,paper_cc9b4421cec4c4f430f6
T2_NUMERIC,3678,141,sfti_06d25652b3d52a3b703ff87a,cand_9eb4decc99e35bbe399b048a,paper_13a837f8c0110a1a3b3a
T2_NUMERIC,3678,142,sfti_2f23b290fe81218cb658f6c7,cand_68f0036f30ab6fb72011dfe7,paper_46763484e876b1610d47
T2_NUMERIC,3678,143,sfti_3d4b8763ca7c0ec038c70ab5,cand_c05c599414a68055c2728557,paper_dd00a6ebc17bdfcae203
T2_NUMERIC,3678,144,sfti_92f96382ce92e0d3f5f56fef,cand_b707c69f10bc98d7306f49c9,paper_6ac9728a355621c40664
T2_NUMERIC,3678,145,sfti_59ee2fb9d2d0327c4b95d943,cand_3e5ef84a10553299ac9bdac6,paper_f2b2b702187faab70aa4
T2_NUMERIC,3678,146,sfti_37ca1619f6871074c5a96070,cand_2960b78e7e31a95ca0c4564d,paper_3b52b2355f8e01112a03
T2_NUMERIC,3678,147,sfti_8e0b645f6451e41823c993df,cand_412c7cd27770ae099464ced5,paper_c27015976f546c132876
T2_NUMERIC,3678,148,sfti_a3a208e3018a849d64725c64,cand_fa135c3b13fb17fe9e6038db,paper_2a476df55e90e42ef6ba
T2_NUMERIC,3678,149,sfti_311e7cfa6fd050817e6f9586,cand_fb050f532b5dc44d373eacbb,paper_b5bada64764fec60bada
T2_NUMERIC,3678,150,sfti_18ea6b51b7364a89a038314b,cand_084a9edfaa7a544abad41396,paper_14fb686f8386f271498e
T2_NUMERIC,3678,151,sfti_03d9f6918830e1a6faabd1f0,cand_b19c9efe4f157d41f1f1de7e,paper_5a8aeef4f40fd0952056
T2_NUMERIC,3678,152,sfti_6b8e24cc26b130a534debc76,cand_f28d84364e459d168eddcc31,paper_97d1708d31f33264aac8
T2_NUMERIC,3678,153,sfti_99431bda1507ccfd0f39df23,cand_1cf377c91db2c057e88b0d10,paper_86d4e5c48ece62a7cf9a
T2_NUMERIC,3678,154,sfti_5774dd31ff65db40e2fb2496,cand_69be75ff2881d8710c512f84,paper_c181c5958148c1d9e857
T2_NUMERIC,3678,155,sfti_6c97c2cc1ce2b2cb6de8baed,cand_6fcca96cccea583f50c2f7c2,paper_f6075846ba4e417ca28c
T2_NUMERIC,3678,156,sfti_d3364df8aaea35ac1a13720e,cand_d53077378c01e57969f97738,paper_afa3ea7d91650d4e3122
T2_NUMERIC,3678,157,sfti_e52a6403453c5abf4c057649,cand_3050b8dc45d9c4c1f8c5dd5f,paper_f33629526b9e8dec9b5e
T2_NUMERIC,3678,158,sfti_aa56caebde31458210ce43d4,cand_e9f282f16d694e9b1eccaffb,paper_aa8deb9a1b3a3361460c
T2_NUMERIC,3678,159,sfti_07c9dcaa49dec811f92f65f5,cand_5fbb4c33071597477dd02eb2,paper_012cfffb2443a103e06e
T2_NUMERIC,3678,160,sfti_5d9bb7b44319ff93a974cc5e,cand_983e998713ff8922ff96c158,paper_97a8687cac5aafc42602
T2_NUMERIC,3678,161,sfti_d77e1535187dc08a86413946,cand_7ba84edfa2f43dbac225cb3c,paper_23bcd664444706dea015
T2_NUMERIC,3678,162,sfti_ce3f4e253a75fb82fd9c4772,cand_ff1796d3a86325ab42e6e31d,paper_87a2bed7ebe05c31f7bc
T2_NUMERIC,3678,163,sfti_36441816c79a536d6e6087c5,cand_b21422a9b144dc81b4ef2391,paper_7aed1b3cc943a6faf148
T2_NUMERIC,3678,164,sfti_8e645290c97486171d409800,cand_a9461aed8a481987158ce032,paper_96ac22b722cc9f3876ef
T2_NUMERIC,3678,165,sfti_4a78c4e07a4e0c9973c82879,cand_f233b2b6ebc2dab3c2e8e805,paper_179f807a6800cc1dc318
T2_NUMERIC,3678,166,sfti_ec619c3409d86a8ef8ce2201,cand_f9c5f3bf92b615a3c3a4f706,paper_0f9cb975cd0b7c104b86
T2_NUMERIC,3678,167,sfti_b13fe2f1f9a554cb6bbe33ff,cand_06031e32f2054fa4b2f2ce5d,paper_d7752a4e96bba3ae0aa8
T2_NUMERIC,3678,168,sfti_955f5cd2a072ac48fb5149c7,cand_086eeb5d414194b908cd3153,paper_ff0974689a099cd63cd5
T2_NUMERIC,3678,169,sfti_d1945245b2d9c2848422a0dc,cand_bd4788f878fd6b8052119c51,paper_d1664d57746a7f6eaf35
T2_NUMERIC,3678,170,sfti_2c83e976b0ff7d42a8a96b72,cand_e52f4d4eba1aa67aac596955,paper_b1be9d9c2235573dcd95
T2_NUMERIC,3678,171,sfti_3c2df5764be2275e833e2b99,cand_18112109925b971cca189751,paper_de85797838101f695e9c
T2_NUMERIC,3678,172,sfti_c0c202b2b301e4809b36157f,cand_531522b510cf03dcf4f53446,paper_308f18501b581689186e
T2_NUMERIC,3678,173,sfti_a7caab01b8bf8420d5fd9bce,cand_c34e5bef8ecce27c5d09c0b0,paper_cfd4f1c04166827fa544
T2_NUMERIC,3678,174,sfti_6775801cf7794e2632de8de1,cand_0d9b01fde64d4b6fdb697d4e,paper_1b11e7b26c9ebc36aa86
T2_NUMERIC,3678,175,sfti_fe8922303be49e45011db380,cand_b1db6e38673768baedcc3a82,paper_6b75a0758f7f8e49a5f0
T2_NUMERIC,3678,176,sfti_7bb029fda0875c33ae19df5a,cand_5171fd7447185a7818ce149c,paper_52464a9d6f2e93910661
T2_NUMERIC,3678,177,sfti_aa51a15ac78a7614a106ca14,cand_eea784cb92cdfd6d7708948a,paper_d2f66cb7f0e060f71b02
T2_NUMERIC,3678,178,sfti_b33f59a91f4ec6e46f831fe5,cand_443c21db209f976899a8e2c5,paper_a87575ab3689cf227d88
T2_NUMERIC,3678,179,sfti_89b8ebbada852286059cd7ba,cand_ba7e9c4566e4c1cb7155af91,paper_fda3c6da82b26c4d290c
T2_NUMERIC,3678,180,sfti_953a642bea6da8a78ebdd033,cand_c17d86d2cb9727a34a1c31e8,paper_411c20623e599b3bc130
T2_NUMERIC,3678,181,sfti_b6bad8d37cdbc14b6e60440f,cand_e07424a96b7e62b7e9850df4,paper_e3e5e74da4d406668197
T2_NUMERIC,3678,182,sfti_fee27115d5a5ee560aecef40,cand_70faaeba1abdeebfcb84b0c5,paper_0b96938446e7a8a961b5
T2_NUMERIC,3678,183,sfti_72abbfc402e06ed51a3c3951,cand_281e2f9ecd1892b5736fef56,paper_1459964ba1bc517623b3
T2_NUMERIC,3678,184,sfti_f555b9bd7e7993985bc47a4b,cand_02ac2650c2fa2c06f04d1d0a,paper_66e9b50a59bd823abcd9
T2_NUMERIC,3678,185,sfti_ce87c5c1a5a90ae1d0687ad5,cand_5366a3ee9bc2bb4a9a2b782e,paper_77bb6698199bf1624c46
T2_NUMERIC,3678,186,sfti_9e350d04fb250faf8384622a,cand_ed21b14fe2bfdfafedd9820d,paper_63b2bcff2acd5cb805fc
T2_NUMERIC,3678,187,sfti_5e6539941fac1caeed7b2e94,cand_532922830542f7d41f230329,paper_5011fcd87c855c7b431d
T2_NUMERIC,3678,188,sfti_e1e2910a790a33d828ba249e,cand_da023b061d60840ecf9be098,paper_5d1d17020e2f0bfca95b
T2_NUMERIC,3678,189,sfti_83a2d6b4a97377972a3fd84c,cand_53dc630d6f836211c270d874,paper_cce946fd7f9a51375e1e
T2_NUMERIC,3678,190,sfti_c88e7270b1944abe75c23fd2,cand_160722fcccdae09ba9a139ab,paper_4b66bda2db884ec62294
T2_NUMERIC,3678,191,sfti_cd17ac5d3e099903ced1a55a,cand_9b4b4074a36de47a537f350b,paper_1bf35d19faa763dc9570
T2_NUMERIC,3678,192,sfti_17bb97135fadfd471f331d7a,cand_b8acfd0da2e324c738543a11,paper_0232cc466c60248dfdc3
T2_NUMERIC,3678,193,sfti_c2bea1eeb8c672d25971a93c,cand_dbeb015d176eb5d8841940c2,paper_f240d9d1ee41e7af2920
T2_NUMERIC,3678,194,sfti_993e5a736bdd7c8eae361cd6,cand_a46f583b7d2d26058fa3e871,paper_366f186e0b2f6a47de9c
T2_NUMERIC,3678,195,sfti_720ccf67c26af39ad7a0799e,cand_542ff63258533ee831d58eaf,paper_e4a88ba35e52ed489087
T2_NUMERIC,3678,196,sfti_5a91ace34b13ea1d8a358464,cand_8726ac2447c02390ef5fd94f,paper_08cf395c399c4d933099
T2_NUMERIC,3678,197,sfti_54443b6f30743cb246a7e9f5,cand_4e99684ffe9abf82efffdf6d,paper_67c313239cd572c2d80c
T2_NUMERIC,3678,198,sfti_3cf5b7bf8c2c55c3c86ecac3,cand_c8c41218379c1feffcc6cb32,paper_79a8dbc19ba88ba81a45
T2_NUMERIC,3678,199,sfti_121f5b91535e5e1540ae06dd,cand_6fbf9d8e8c8a041cdc709d7e,paper_885e837f21bcf28ca60b
T2_NUMERIC,3678,200,sfti_852ce0912c68f6f462517761,cand_15f5182caa9b83b13e480cb1,paper_4bb04ced1198e17099d2
T2_NUMERIC,3678,201,sfti_08eba66c8cc0e37779a19804,cand_ce8986386c4544da7a4bbf94,paper_2930896f3877aba4a97b
T2_NUMERIC,3678,202,sfti_5a9e303a619ce3e7ccdcef07,cand_5fa0e7a0c0c48304815441c3,paper_75dbd75e4b029ba2987f
T2_NUMERIC,3678,203,sfti_23e3bfa13b233b25ee735ae9,cand_86f52466407aad38ce0870fb,paper_d17dc01908906bfae39f
T2_NUMERIC,3678,204,sfti_4667ce2a555a9fc5da6494e8,cand_5105bf58970ba2e76eb4edbc,paper_661b1867c0226471dae2
T2_NUMERIC,3678,205,sfti_5e0f0e9ae5fc55e6ac545e0d,cand_a31f0cfd0d3f3036e8ce8176,paper_5ed85dc4f61a99174a36
T2_NUMERIC,3678,206,sfti_583f2d25d5473db7e88723b2,cand_b3b06ea978d86caf53758dd3,paper_5c5468e8db87cf4687b4
T2_NUMERIC,3678,207,sfti_99f337951d78ac1c18e6cdb3,cand_857a9a6439451ef63c2ed97a,paper_50a3e9cfd92b2ecacf27
T2_NUMERIC,3678,208,sfti_3f27f62384139d9a7c249f17,cand_7dd5d16c2a2bbf5ad9550683,paper_5622e48049ec2935fe07
T2_NUMERIC,3678,209,sfti_e32bc78a6120c171568e2cf5,cand_be16551dfe1a302d8a0e407c,paper_16f52298d6daf40db176
T2_NUMERIC,3678,210,sfti_7d836cf5586730b9b307af56,cand_0d5a6b14d1b487fc9ecfff2d,paper_fde0dbf7d82a9cdda7c7
T2_NUMERIC,3678,211,sfti_6abe0daf1820e7ec07bb84ba,cand_13e9fadc81393b944e41490c,paper_861b33b54fdd426c017c
T2_NUMERIC,3678,212,sfti_a855b48484ba834ddc1a8c84,cand_e75753c586ed6e8ea4cd078d,paper_0dfc713c6ddcc04e21ab
T2_NUMERIC,3678,213,sfti_875ca22a11b0872e097fb9b9,cand_656d5e69fdd8148b3910c454,paper_2b7d8c45688607f3563c
T2_NUMERIC,3678,214,sfti_d170d77b8422190d3c3a7e06,cand_5af31ba19dd9ff4291a677d8,paper_297b7e0fb913db1e36c5
T2_NUMERIC,3678,215,sfti_ac1b046bfb2cd97d1a65c18c,cand_fb402da444a688cbc40c7522,paper_e18ce688c48046a0792a
T2_NUMERIC,3678,216,sfti_8abd1b27908d30fcaaa0a304,cand_45d6b3775b066e4b1f743e1e,paper_e2007791cc10c41715b8
T2_NUMERIC,3678,217,sfti_e1f7ecaa8375b706670ca454,cand_aa58817d8995127794f5ef36,paper_1c21e07003a6a2ace85f
T2_NUMERIC,3678,218,sfti_a4470f46473abe30312f32c6,cand_be691c3058ea9292fb9e1bdb,paper_3bafa4a79b7e89fc0a5e
T2_NUMERIC,3678,219,sfti_bfa87500af6b163010d12d64,cand_524498ed0497dfa58b6ed2e7,paper_c79b045a95db7baea121
T2_NUMERIC,3678,220,sfti_97cf67421a9d38e2967363a4,cand_5a8088ff1189eda09f94c7d3,paper_915e8135f2cd2d3c8c56
T2_NUMERIC,3678,221,sfti_61ccabd1258165c9c47914f6,cand_692f9f47feadf9d23c175abb,paper_2c919dff8cd869413822
T2_NUMERIC,3678,222,sfti_bc2302f81570d6e46dea862c,cand_8c45170297794eb2e00b12a4,paper_4414623e6a5fc13f5979
T2_NUMERIC,3678,223,sfti_02389ddacd1872f38aea50d7,cand_665cf9befbad8c407e8592bd,paper_c82a7cedff84b7d517ee
T2_NUMERIC,3678,224,sfti_6dffaae77525eb11abde0e64,cand_700a64d0e94b20bdbcf52fcd,paper_f046f3ee54ac53d2c6d6
T2_NUMERIC,3678,225,sfti_742336206617da487a85f099,cand_fc21d1445846a12b2deef0c8,paper_a60dc9019c65e5a1e08a
T2_NUMERIC,3678,226,sfti_700026699e0cfa75a0362488,cand_ac5fed1adbbf5c2aebd306da,paper_3f6bfa204e1dff930477
T2_NUMERIC,3678,227,sfti_d1058fb44f5a783787c0aaf2,cand_edeef9c9d13b0470ccc08a5c,paper_5bca1bd05633e9cb1ac3
T2_NUMERIC,3678,228,sfti_5cc63cee75b1579cffeb0947,cand_37644ec531d9bf13f49e6680,paper_e020c739ba85ea0ff35b
T2_NUMERIC,3678,229,sfti_6fb594cda5f27e6e93372313,cand_d47d1e9004cda68f20eb461b,paper_06a2493d2817612638e9
T2_NUMERIC,3678,230,sfti_f55fb91d838fdc5b1b2d82d5,cand_abdaaa6dd0b0d2163465ddbe,paper_cbb0e6062da18c72ae61
T2_NUMERIC,3678,231,sfti_fb617033cdeb1964d2f8799f,cand_704db90d3f96c6fd15851e1a,paper_9da2bc17ec9305bccac4
T2_NUMERIC,3678,232,sfti_4ede2e4ce3cf0c8281281db7,cand_f69d7276d6a978491371f4e9,paper_fd4f44b26db058b07e2e
T2_NUMERIC,3678,233,sfti_9ea0164001d51d8eb4b05fff,cand_d2d3f7150a932384c0ea14b4,paper_da2c1921900f7aaaf916
T2_NUMERIC,3678,234,sfti_e96c1451808ddc692aff515d,cand_7838461c8f30cae0905ba42b,paper_8626ff7c68d7bb9ec6b6
T2_NUMERIC,3678,235,sfti_bad9643ef113c6b347420105,cand_26160d029908deca9a764ef9,paper_df4f5b6d769e24884e34
T2_NUMERIC,3678,236,sfti_7d72dcd4f2e67f977dce278d,cand_05466f64d4678e4bde3224de,paper_8640f23aabb16c409f47
T2_NUMERIC,3678,237,sfti_bc7d1f3aa14c2a7d0ab7b1f3,cand_d7483b44edf6fe00412a8211,paper_1f58aa11b681339dc396
T2_NUMERIC,3678,238,sfti_bca76540649dbe53cec1bb5e,cand_59e7e3a96bf4438e13b9d855,paper_d678f6fc8a4d5743f615
T2_NUMERIC,3678,239,sfti_af27d68b38331d9e85606653,cand_3dc03482b608d205378d8ae6,paper_c384165a13e05f8ab24b
T2_NUMERIC,3678,240,sfti_f62b80023d41a84253eb4e3d,cand_faef098d5afb000b914b56bd,paper_7ba24873e76b8536a7d2
T2_NUMERIC,3678,241,sfti_f86385188d31df8fcee1bf86,cand_e8729d50749918e51c7de113,paper_81aa2b919d1c92a07a7d
T2_NUMERIC,3678,242,sfti_c3d88b78715efb488b8bf1fb,cand_d602f23485bd05b997b78a97,paper_4635a9cc7bbcd74bc882
T2_NUMERIC,3678,243,sfti_1037497dc13404de2924fed3,cand_4fc075db33106cc36faac89e,paper_035b8930770225ae28f0
T2_NUMERIC,3678,244,sfti_8e1c431cb209d28dc426de08,cand_a04c2a7eb3325b1bd59e2692,paper_236a6718ea5ce8ffeef7
T2_NUMERIC,3678,245,sfti_d1e92902c0268253d027f3c5,cand_7c487551d60a04383738a397,paper_1167812faa33b036641b
T2_NUMERIC,3678,246,sfti_66476df984e92b98b9b47416,cand_b919ddf8e1a1a023081afde6,paper_54ae55245e1f6a0c207d
T2_NUMERIC,3678,247,sfti_8af3b8df04b85ce885970b1e,cand_ab17a92871f1386ea5c2fb31,paper_46fe22a95d6bd3b48195
T2_NUMERIC,3678,248,sfti_a823fb6c6ae0cd6bdc625e08,cand_227a814e1a9c840b5bdec3f3,paper_05c1d1848050b0570ab8
T2_NUMERIC,3678,249,sfti_ee2f96b380bf56c348d546f8,cand_3ad97ae868327ffb6c666c62,paper_963a69cfb2dd14d59cfb
T2_NUMERIC,3678,250,sfti_d13cf180a37b48a8b4f4cc3f,cand_cbf911180cd33f0bdc9943c1,paper_1d8f5052e7c1595ffac3
T2_NUMERIC,3678,251,sfti_886b2acb66620ccf06569e93,cand_aed1ee2f519bd6bdeca15e91,paper_1c6055e2b849d2598268
T2_NUMERIC,3678,252,sfti_06b03749247492919e4c1c0a,cand_98560bdf3785b624aeea115c,paper_70eda2eb1a05bdfa7e19
T2_NUMERIC,3678,253,sfti_f18f2917c08e940ad55e5170,cand_f9b0bdf63f13e12e96fc05f1,paper_33796061924f83a65de1
T2_NUMERIC,3678,254,sfti_49583e115a0cd0a374b1e854,cand_dc77f5d0b2de79512e638490,paper_83ca826490ae45e8980a
T2_NUMERIC,3678,255,sfti_170dbc029a516cb2072267f7,cand_27e697f6769a052600600100,paper_54c0115fc01170ba67ec
T2_NUMERIC,3678,256,sfti_4e72ff8be5489defcb8dc884,cand_c74f8679d769450b139ad820,paper_a7dac2e3bae1747435ba
T2_NUMERIC,3678,257,sfti_b6f2128b6e84da589c7a2134,cand_b9f370423bec782d19d198af,paper_45bffc535c6c75f3735f
T2_NUMERIC,3678,258,sfti_3e2653c8a248cf2fc7221ad4,cand_92194f0f3b892216f2654c94,paper_047f3d56832a59d32f3a
T2_NUMERIC,3678,259,sfti_b36081c246296e325b37868f,cand_7d7ad87267aba7a52b9d1231,paper_4c896a644026ba361bbd
T2_NUMERIC,3678,260,sfti_a36d7d3098b8cf4e3ff29984,cand_ce4c3e7afd7eb7a9748c8b8b,paper_a179d968d5804bee3736
T2_NUMERIC,3678,261,sfti_3ce3ad4137a58496856ffbb1,cand_8382f9a405f92b198d63208d,paper_084253dae7a7f19e544f
T2_NUMERIC,3678,262,sfti_b9b4e9cf79656fc02d6ee07b,cand_29192962ebfc5118f93d3b79,paper_7cbaf3a63f383f04f586
T2_NUMERIC,3678,263,sfti_d4b85a9b54ab06a9e9c72490,cand_af211307c4c1e261b3a67cdb,paper_604ab3e72068761d0f8c
T2_NUMERIC,3678,264,sfti_3ac9b42eeac8f1273ff3588d,cand_0fad2c4f770019ff74cb8dc0,paper_37dd9d9c13d5c83a27e8
T2_NUMERIC,3678,265,sfti_98ab5b1e18301d14cff05715,cand_c3ec7367d1c5833ccffa2c2d,paper_c9971f3e963a7ce40c60
T2_NUMERIC,3678,266,sfti_2de1ee20ed77191abc45754b,cand_bbd2e8384cd54336c1115048,paper_c6ceea1dfa571f4e39a7
T2_NUMERIC,3678,267,sfti_4dafe17039c0ef2a793c8653,cand_f3a9ab6ce9fd7b3becde1793,paper_c146dad478613317f96c
T2_NUMERIC,3678,268,sfti_b00040e2e90cdf3499d46d0e,cand_e00b87a74e5061117d9632b4,paper_6f5456855514128c0fd6
T2_NUMERIC,3678,269,sfti_26efae05ed54314be1865040,cand_3e267b031df336bd520249ab,paper_46e8f97f2081552de5f7
T2_NUMERIC,3678,270,sfti_37e3062d6e55af62cae285e5,cand_289d173723ef8a79af839e69,paper_769ae64af226fe449181
T2_NUMERIC,3678,271,sfti_a17cd96cfaa60898c031e0e7,cand_9c34cfb9e9090d472e84c8ec,paper_875db547425c669c712f
T2_NUMERIC,3678,272,sfti_fdd782b8c92f5e15196d2a84,cand_9c015ce87d19a6c0d4c53b06,paper_5a8f097e6159fed3e1dc
T2_NUMERIC,3678,273,sfti_79b1be08337fb3981d95f1cf,cand_32fe02b80f7e24b40f9cad80,paper_1feb6909cbbda0d14bb7
T2_NUMERIC,3678,274,sfti_ad4ad697d9f10d5f8131ba13,cand_54947ef6251798d76ac62b81,paper_733dead659ca641cecf9
T2_NUMERIC,3678,275,sfti_8035d9b72f226ee0d0bb92b2,cand_1084392c4a65a13c81ed0896,paper_68bc91488ec451c8fb7e
T2_NUMERIC,3678,276,sfti_9826d9bbd71063000f0d5903,cand_704f88ec9318286fe281cc33,paper_47baea05186d61b02ef1
T2_NUMERIC,3678,277,sfti_40d7c9d56d382333fc6b85e9,cand_060f51bf1034e36d68306d97,paper_22199bce4c24d6d2a928
T2_NUMERIC,3678,278,sfti_233e35383d0c0de81d7aeebd,cand_0a72f601ea3c480da2104b40,paper_c6856c356739df0e15f4
T2_NUMERIC,3678,279,sfti_88f0a401026762e104ec7296,cand_869a9c931013ce7932b188eb,paper_053b92fbb32e346bfd2b
T2_NUMERIC,3678,280,sfti_328f3ec10b752a719009f2d7,cand_ed08871d270b1a34650f6056,paper_aadc9a2a8ea2dc22b12f
T2_NUMERIC,3678,281,sfti_8770b9a4ace58620060f35b3,cand_afcc85063377522ada9ca8a7,paper_998e42a7a479e088704e
T2_NUMERIC,3678,282,sfti_06971737698ee25734e92681,cand_12474241b6ec1dde4ea0757b,paper_caf83ac6d968d7b42c21
T2_NUMERIC,3678,283,sfti_1675c346c5b6eb457c78c9ea,cand_041031590104a4b8e3872615,paper_88c706177de14c2ef0f4
T2_NUMERIC,3678,284,sfti_ec63b75c49e499d566e736b1,cand_9f9c86c5c5edbdd0ed049326,paper_66cf6798a853095c2776
T2_NUMERIC,3678,285,sfti_fcd197fdbc0e408d20a7639a,cand_613837e299fa8b76dcfc4786,paper_50c23e22863d3b23264b
T2_NUMERIC,3678,286,sfti_2f7d43593866a4383a6e598e,cand_730ef1d31eb33c2d690e7902,paper_5117e27e180792a8db1b
T2_NUMERIC,3678,287,sfti_5bdb97e9f327b8873e5b72d0,cand_e9c3515833bd7350d253592b,paper_0e810425168608981150
T2_NUMERIC,3678,288,sfti_1f7dcd0d70e72ed68817ad6d,cand_d5da542a83f63eaba855be80,paper_c81ade03bd3dfa0f3621
T2_NUMERIC,3678,289,sfti_bfa79d782e89f27b02aff62d,cand_def9f2e522d04b17f6a94ff8,paper_5f9e475046ee441302b8
T2_NUMERIC,3678,290,sfti_291b523625f9e6aa47d3fecd,cand_daec709f643499d7a2708c2d,paper_31cf168c71255530e973
T2_NUMERIC,3678,291,sfti_87309e32c519bfdbd731d797,cand_8ce7ebbb4fb262be04dd038d,paper_0f49cd856d017836aa53
T2_NUMERIC,3678,292,sfti_cb8df8eb67f2e26861a93d6f,cand_8eb7188db6b169b4f3a10443,paper_b40cd8a118e16e0b2c43
T2_NUMERIC,3678,293,sfti_9a37187aedc691aabf4b2b3c,cand_4cf65105bdf259764d99b486,paper_a9f339fccd3c96381e78
T2_NUMERIC,3678,294,sfti_5720b37ee53b1342cc623937,cand_8b808fcbc56f292c97282899,paper_d27746fdbaa397643691
T2_NUMERIC,3678,295,sfti_c06d08e39d3f47d1faed92b5,cand_6224f2e326a13f99ae9d6362,paper_34d89b2cd8b1d6aef44e
T2_NUMERIC,3678,296,sfti_a5d35fcd52e3491d80619d97,cand_00b503f68913426bf6964577,paper_9f6a916d2362364c4772
T2_NUMERIC,3678,297,sfti_71b701817dd0d52302b6e235,cand_055b726b59b8328d1ebcff0c,paper_6dc8fab0b2f8787538a0
T2_NUMERIC,3678,298,sfti_ce463885f4c4104e10553be1,cand_7d1217271bcd1b7ead3d571c,paper_49141abea7fbb090c4e1
T2_NUMERIC,3678,299,sfti_2855e5646b8e7c03f07a10a6,cand_e542ee0226eaf93f7b09ef73,paper_1b1cf979f0bda259ce7d
T2_NUMERIC,3678,300,sfti_0140895937ff7a4eb5ff92d0,cand_aec35fe186750cab869b69bf,paper_6a8becc5c88f09b869f3
T2_NUMERIC,3678,301,sfti_7aa159a6d9c9268209ae4a06,cand_59d3c65147787844816410bc,paper_228ae7746c6384c3588b
T2_NUMERIC,3678,302,sfti_c70a990894d077f4f686b254,cand_a13324b9a1e2df2b7315dba8,paper_58ff33777204f4c8bb8c
T2_NUMERIC,3678,303,sfti_ffa3b09986211559f09534a8,cand_7b5adc18911b9bdf2e6f6fe8,paper_f766d0e99ef832cea663
T2_NUMERIC,3678,304,sfti_344ae290b6b54edb8b3357c7,cand_ea5c8a955e3bd626bdd5cf8a,paper_3c99e282d4bc4d094822
T2_NUMERIC,3678,305,sfti_14f2c31f1e6d19c8038ab25e,cand_89347898072220b4d9d295c9,paper_d54c96ae609515612b17
T2_NUMERIC,3678,306,sfti_0cc2b8d277e4ff7636410b53,cand_1ed017a32903c1c1fce6c171,paper_e6e9f5edbec363fa18b1
T2_NUMERIC,3678,307,sfti_3c2568301a40b686979c6fce,cand_0395f8d19a5d8bca91b41b61,paper_c03332839fcde61801f7
T2_NUMERIC,3678,308,sfti_34270959c381b51c24e1deb9,cand_5f37e143218f38cfdd35932d,paper_4a55b8938eb9b87e2323
T2_NUMERIC,3678,309,sfti_94a4e7f30c8aae7a6b5688d0,cand_2d728f3c9dad577385c1c0d9,paper_e5334460cd55c6892d27
T2_NUMERIC,3678,310,sfti_a4aee228a7b0768fe2f06f35,cand_e5e82419d4c8d4a01472a705,paper_7cf0443fbef6f4ce3e58
T2_NUMERIC,3678,311,sfti_7b9f7431dcd9e28cce3477fa,cand_c9ce56a0721157643e5d0704,paper_e5e8bbddbeb6098efad0
T2_NUMERIC,3678,312,sfti_b4d2965bb9a1cd59b29f2190,cand_615acb3fab0c92abf70b81d0,paper_e8b66608c3d839cf37e7
T2_NUMERIC,3678,313,sfti_3d471008dadf94aac8d8f991,cand_3296123de37f9ce41c0fe95b,paper_925df95ce06fa731d89c
T2_NUMERIC,3678,314,sfti_e04d17186573ae5457521863,cand_cd2a7f7040b3d1a3b1b1a381,paper_bf590173ea587621d8ad
T2_NUMERIC,3678,315,sfti_29df0ff788be25aef8a028ef,cand_473fd7e2a867e418db6cd5c9,paper_33864a2cb500270f3094
T2_NUMERIC,3678,316,sfti_44e9b5d12b1139cbd4fc1f75,cand_5cb8e3f3e90cbeb6df8858fc,paper_2d7ca05313fc6630b325
T2_NUMERIC,3678,317,sfti_93eddd54e17191370b8e0ef4,cand_1f268b79d86127ae15b89f56,paper_a4b2d7fa3ccbbb4c6471
T2_NUMERIC,3678,318,sfti_1015f30a99a5559f9c98537b,cand_3c034f710027f98a3a05004c,paper_73576f4bbe0b9bcc0958
T2_NUMERIC,3678,319,sfti_e4fe77d17d6d1e0edf92da96,cand_c7658eee4fce65f625b94df2,paper_2a4574fae96e087c2a6b
T2_NUMERIC,3678,320,sfti_a43c75e2df2372f6a606a6b3,cand_092ef0fe7938e525af69fca5,paper_bcb1bb37ecd7b206ef6c
T2_NUMERIC,3678,321,sfti_4d7595ecacff3c97a10e6121,cand_acb9efef130267ab5ac1f96b,paper_206a17fb35940b06d973
T2_NUMERIC,3678,322,sfti_79f02638903639e22b8bbbc3,cand_eac58357eac301c467278218,paper_6eb1ce358f2c588ab75b
T2_NUMERIC,3678,323,sfti_1af9781a008e4c383ff8f7b4,cand_60a803c6fdbfe5a6979145ca,paper_3509bf41340e8ee49296
T2_NUMERIC,3678,324,sfti_a0ddc8e74d06cd5c45f39d8a,cand_614b4d4f195a50cba289b695,paper_b3bdc644128eaefe47e3
T2_NUMERIC,3678,325,sfti_5d854873a214fa92b4ceff1c,cand_37a04d87639ab759ed5c71db,paper_fd4964ad03a73958b3ca
T2_NUMERIC,3678,326,sfti_b4ef64357b0eccadac196eb9,cand_c019a8ac52cd1c17baa39d2e,paper_b005f05d79307aca2e7f
T2_NUMERIC,3678,327,sfti_7861f3f17cf5bac7d108a02f,cand_fef9e3f90e79222606211afd,paper_97a174f50fd3871256b8
T2_NUMERIC,3678,328,sfti_f4aae71dac8bd77777421116,cand_9eff91a87713eba4773cd65c,paper_67ab53de6e75a2a2f118
T2_NUMERIC,3678,329,sfti_eea11090b0064af2bd43a739,cand_fd336e2672c0c5a5d5843f3d,paper_3992d40727ba7f0c80ba
T2_NUMERIC,3678,330,sfti_d0fa3ac508c024b3dc6eddbe,cand_8c015822d9e2da5c956769c1,paper_65a1f093c8c0135bc3bf
T2_NUMERIC,3678,331,sfti_31fe50cd78092b73b078ac37,cand_38da378497237430fcf7dbf8,paper_07fe87a51004b7c9efc0
T2_NUMERIC,3678,332,sfti_29a073c35ed290ccc83796a4,cand_ebd5cde69bd2cc1a14c4ba8b,paper_5d18114bbf040e836670
T2_NUMERIC,3678,333,sfti_ccef242e2c332faf9158b3aa,cand_5869fc74a2a8eff4f31a7273,paper_64dfa37a81a06fd96980
T2_NUMERIC,3678,334,sfti_710f6b91b7da8c7771db8870,cand_ab8f0116fd5a2914d8fec16e,paper_9e4aaa1c725080258723
T2_NUMERIC,3678,335,sfti_350d61cd800b21760c9ba171,cand_9f8010d655f909f93d7c3374,paper_fdb671853a669cdb0e87
T2_NUMERIC,3678,336,sfti_8d281c90773b2cfb6440daa0,cand_c66343d26b310eddc6420b33,paper_f9d3d9d540aa15aa3b2e
T2_NUMERIC,3678,337,sfti_cd09232af2acc65d8031f517,cand_f900cf53de268c40e8a9afac,paper_c3bb7c56866fff2e4754
T2_NUMERIC,3678,338,sfti_b85c93c2304493bcb68c2b94,cand_36625a2f2e06a3740b5f13d6,paper_927858d424e2b9cea9ba
T2_NUMERIC,3678,339,sfti_aab3180a95da5b75e20478e2,cand_2c761805e22f146942e46035,paper_b4d04768d1ae77de921b
T2_NUMERIC,3678,340,sfti_5a1bc44be66e5dad355e39d1,cand_326e03c5aef109cfa192e7d4,paper_cd61ecaf42eae829f8ef
T2_NUMERIC,3678,341,sfti_0db114969fa9f5c97cdc041d,cand_528a4869715be9145aaa90ab,paper_2d099084242b939a3af5
T2_NUMERIC,3678,342,sfti_49a0a1bab8694d787842f4f1,cand_5057efcbbd5d0305626c5c1e,paper_040aee36b3fa8790d5c8
T2_NUMERIC,3678,343,sfti_b154439606801b2991ec6545,cand_63fe7148c19b3a111dce4827,paper_d3384a041b7bca380507
T2_NUMERIC,3678,344,sfti_1eda4f5e3ed115474e90a438,cand_ef2db5861b81b0dcaa2d55ca,paper_3cec864523b3855c0a2f
T2_NUMERIC,3678,345,sfti_2434d133df5b769e9117c7ea,cand_e738dbee16e6edc92ff33d4e,paper_c8d9f103a73fcd2c159c
T2_NUMERIC,3678,346,sfti_397482066bb6f98468ac8095,cand_846ce2d262fe07c000205e52,paper_f00cd50c0c8adb622672
T2_NUMERIC,3678,347,sfti_123c8554dfc28d01667cf686,cand_71225f692c99158749ad1f95,paper_454aff797060891be3c6
T2_NUMERIC,3678,348,sfti_e106acb3e977095cc61ebcb4,cand_aa66ba1a213d8748b04a95d3,paper_d0cda66392b22526445e
T2_NUMERIC,3678,349,sfti_32d9580494a9f9f0464c037b,cand_d343daf3f74a09562e022804,paper_c43d2e0914f15b4a70e7
T2_NUMERIC,3678,350,sfti_adb282ac062354ac3c1e2587,cand_4cba2190992ae5c642214736,paper_67304a9245b9d6c41626
T2_NUMERIC,3678,351,sfti_5b51eb02a429ddb383b902d8,cand_a4e618e13bf5b8524fb1ae79,paper_731b7c2ef2e17c9e721c
T2_NUMERIC,3678,352,sfti_67b60d4ad5beb098616190a2,cand_d7c35596c165a2274bd1673f,paper_a6c7c43c9bb00b33965a
T2_NUMERIC,3678,353,sfti_2621f390168a94ae362dbbec,cand_45c4b44853d648aaab96827a,paper_a35d36b9493ebcd5fa84
T2_NUMERIC,3678,354,sfti_74aa6a4c71ff60fb743a0342,cand_63a90207b166250f93ecf0d3,paper_8fecf48988292b0785aa
T2_NUMERIC,3678,355,sfti_b02772abc2ce006a62b126bb,cand_d5d0536a1731f82c5d543e6e,paper_75d794e93419af346c95
T2_NUMERIC,3678,356,sfti_ecd4bc43ab8aefbbc0d0a51b,cand_4fcffccb446739589669e0c1,paper_8d40d89731d42e529964
T2_NUMERIC,3678,357,sfti_4a7e2dc43191a362131fbf68,cand_2a83467dc5fa823efef4a3ed,paper_5d5120a2cf840faee937
T2_NUMERIC,3678,358,sfti_3913056435540137b623ed10,cand_9a58b91de2638000c6914c7c,paper_ee445c79be8a00b91f8d
T2_NUMERIC,3678,359,sfti_68617cbb0e1c1d7d5faa674a,cand_9f7a0a72abb8f3a5c0e6a97e,paper_3ab1dc47ecf0c400d8e4
T2_NUMERIC,3678,360,sfti_8db988c0b5cb6d74e5084296,cand_aedb5ccbf3e6b1aa0d5f68bf,paper_493fb857dd45cdb882e0
T2_NUMERIC,3678,361,sfti_9d4a7524992cb88ea58a1a3f,cand_9408aa1d5274e702a4f26733,paper_bd883eabafd2e7b17297
T2_NUMERIC,3678,362,sfti_5f6c97b311522d0fc8dabd6c,cand_666d0c94b4b4d52ba6564c8e,paper_1effe763b7ff437e1fc9
T2_NUMERIC,3678,363,sfti_e7a316857368121fd6c2239f,cand_2c59bd436ce244bc44826f09,paper_230af28c059ff9e246b4
T2_NUMERIC,3678,364,sfti_2ec9f765dca2c6d8b5f9e087,cand_47504a0c6f56770e2f40a1b6,paper_80494a124ca2656927e6
T2_NUMERIC,3678,365,sfti_37a2cdeea51db695f005c075,cand_a31d46a4af7c1ba1874d4669,paper_71d95dc9a2f9d34f71ae
T2_NUMERIC,3678,366,sfti_05269c1a1dc5f7cd5ff527f4,cand_e77c209c838cac509b962355,paper_a8c55eceae6ca55a4392
T2_NUMERIC,3678,367,sfti_466dd2e99c47b9265e3dbed1,cand_45709b6a24d9199e4e5f7e91,paper_a2eacde7fcf945fa8df6
T2_NUMERIC,3678,368,sfti_877a61f02829eadc35a30907,cand_727210da497db7379f730750,paper_b4bcc0e4ecfb791477ab
T2_NUMERIC,3678,369,sfti_2269cbec3e37c9af1c74eb19,cand_502a2f741ff1aa2ac01e4a68,paper_54617090ee3a4ee67d68
T2_NUMERIC,3678,370,sfti_7f27ce0f96ac8aa91392860b,cand_c59bad6325db023c7a44a33c,paper_ab042b6e501f115d6d6f
T2_NUMERIC,3678,371,sfti_79d42063c768a7b493d243f7,cand_44725ace24133a4e6e376a8e,paper_6195f36858a7f96beff7
T2_NUMERIC,3678,372,sfti_0939a013d434ca5bd3b9d2fb,cand_8ca5f13b38e0c71110248265,paper_059fc5b9c39e4fc7ea23
T2_NUMERIC,3678,373,sfti_bd263af674e0bf0c8f8a7b32,cand_44892fa79c35d22521e18661,paper_3ca537be4562a4063d11
T2_NUMERIC,3678,374,sfti_5a72cfff640c5bcacbccec53,cand_089373dc28cfbe133400beb1,paper_f3b42bb14867c07e4aef
T2_NUMERIC,3678,375,sfti_c15d4a9850c6152d8f6b8103,cand_cb6c49b45eac062066d86be5,paper_80f3958782a73e783fe7
T2_NUMERIC,3678,376,sfti_1ed7e3f75b7e65050a5a0066,cand_4351f24ebfa643e01552c783,paper_e9cc144b1569d2cdff5b
T2_NUMERIC,3678,377,sfti_0faca9ce189f46ada8b37efd,cand_e6f4d4ad1dd80ce9cff85c44,paper_e6ae6ab9fb979351c1c2
T2_NUMERIC,3678,378,sfti_a79db485d01ff1295c44b49e,cand_584a4d103fceb994d2f930dc,paper_d4eec71007c44517072f
T2_NUMERIC,3678,379,sfti_5bc22d3715b54f929d0eb7c2,cand_3f0e3b73617457acba656e80,paper_7d409e51f42cd8ac656c
T2_NUMERIC,3678,380,sfti_545f2f2d9e336cf7042052c0,cand_a2d02c1078f542be6e46ca62,paper_f3afec6e13796b766325
T2_NUMERIC,3678,381,sfti_931953ade039c7a7ba15e449,cand_05d70435cd7c81107ea28318,paper_3a1e1967948ef79e9bc4
T2_NUMERIC,3678,382,sfti_ec90720accccfa5d2d2b29ef,cand_2ea7ba71ffff55b3b93b946d,paper_1505cb58904a14e9acef
T2_NUMERIC,3678,383,sfti_4f33334ff9d1d4ce1d1a299d,cand_2d07a260f27f85cd2cddefd0,paper_5ab28f5a2e15505dcc9f
T2_NUMERIC,3678,384,sfti_b226d65dad3436cd45a9c70f,cand_bd28e69ce42e38bf5f7dcfc2,paper_aba23cbfef580e6ad9ba
T2_NUMERIC,3678,385,sfti_174157293432286723737340,cand_fd429f27ad2b4539f038a103,paper_aeda8fb50291efef0433
T2_NUMERIC,3678,386,sfti_dd08151d51d87e6d7a8f21ec,cand_3888acf7992b6bfe27180223,paper_2731ed413ed15eaf8736
T2_NUMERIC,3678,387,sfti_5393cbf6d46d8089188be940,cand_03038f15b4d52b0032ab2226,paper_cc53d0299e648e6916ee
T2_NUMERIC,3678,388,sfti_a31710ca85ae8c2d128c28ee,cand_25d0a36b230ae897d2dc5ebd,paper_cad4056b1e168f18b713
T2_NUMERIC,3678,389,sfti_23dd877fd65ed81e70533686,cand_c13bdb0849ecf18af7aea274,paper_1bc583c06e4ee3d14b2b
T2_NUMERIC,3678,390,sfti_5c9b1b2b26ce668dbd4f31f6,cand_7738ba073a2df204a583af15,paper_6ba850a9ab17db2dae58
T2_NUMERIC,3678,391,sfti_ab27cd83a59a746a92044826,cand_40bf7de1f03d0cc90be8776d,paper_e93d0eb808f7955cb1f3
T2_NUMERIC,3678,392,sfti_1f762f3f03056b3ed4dd5308,cand_c617ccc5a42ab1dee2e51918,paper_e794729eb1562a4b7f3a
T2_NUMERIC,3678,393,sfti_2bb884ee4dfcd3236bd67ecf,cand_7e913ec9f7e3df77fde2626f,paper_6f4ca55294d5886cdb1c
T2_NUMERIC,3678,394,sfti_e54344d9115adb66712a47f5,cand_3750b46bfd52c26b39dfc4de,paper_2cf89ece81e90cd3f910
T2_NUMERIC,3678,395,sfti_7d1d214e998df5aa616f3315,cand_22520fce95156d6dc4689a7d,paper_56c1618d40a6eb8185c1
T2_NUMERIC,3678,396,sfti_4d5320c2b019f606cad746b0,cand_5a588dbfa89de6feaacc32d4,paper_1f4567b736135e989979
T2_NUMERIC,3678,397,sfti_d0cf14b8c2594df31e0c8f48,cand_09d472c5b155597caaab4107,paper_35b3eab66de11aeab930
T2_NUMERIC,3678,398,sfti_554c441fbcc02211ad1a5e8c,cand_66b706eb3e14a19d3f070d13,paper_cdd128adfb5f643d39be
T2_NUMERIC,3678,399,sfti_af80510acb1085806ad314ab,cand_4ea230608cd2e2aba8c4fbf2,paper_233f31909fd3f28cf0e8
T2_NUMERIC,3678,400,sfti_70d02f6eeb8b95b9010e9006,cand_2e807b7261e2d2e7eada84a2,paper_48fe6515d531f9067495
T2_NUMERIC,3678,401,sfti_1142d17e09a61c3b9d7efa1a,cand_aebea5028c2a3610bf8b08a1,paper_e365b2946291c86625f8
T2_NUMERIC,3678,402,sfti_164c49078fdb4ba177d053e6,cand_34b6a36ef5eda3b4224404d7,paper_c25c9260ec4470115f16
T2_NUMERIC,3678,403,sfti_5cfaade0f267ca9a420558e9,cand_514c8551a2cf37511486084c,paper_f29582b34f36217f5245
T2_NUMERIC,3678,404,sfti_c5935332abe43dcb06daf8a4,cand_728017038101237cb68ed793,paper_1b171a1a4aec0890360c
T2_NUMERIC,3678,405,sfti_d7f52e2da2bc8b044db2346f,cand_3b7de1fd020a834c2af3ad2d,paper_11881c3333b09bc1adce
T2_NUMERIC,3678,406,sfti_baa49de550f6e5a1a4c0131a,cand_7a25f4425ec8abfa6a268538,paper_4516ab29b73cc618f530
T2_NUMERIC,3678,407,sfti_06f67e9960c2a492bf9faa28,cand_9a204f3610d0e8accea33135,paper_53fb745495c413ce93d7
T2_NUMERIC,3678,408,sfti_efdcb52893fcd939d3c09b57,cand_e438f49a0b50ec19a0b131ce,paper_12a764f13952eccb5204
T2_NUMERIC,3678,409,sfti_c60c087775a35d0e6418ae7c,cand_e68b4a5780d61f488a89eb3e,paper_21a73e1c5c35bd00e27a
T2_NUMERIC,3678,410,sfti_46f74d4ad09d842f615b541e,cand_e021168c72c694ffda450395,paper_71526057ddf6ed98608d
T2_NUMERIC,3678,411,sfti_709a904e11b530bdea447d71,cand_87a5fb09ce3dcb5fdaeee035,paper_4c95075e25b3c259ef44
T2_NUMERIC,3678,412,sfti_c0fa4e2dbed54a5028fcb1f7,cand_09513de00b6754832f15afa1,paper_3172c8ea2d5c6256445f
T2_NUMERIC,3678,413,sfti_ae756cb46aceef86492fdd3a,cand_d9170d0b05b2f37529404f7a,paper_221f0c916ee0712cd55f
T2_NUMERIC,3678,414,sfti_ef3e98323a2b3ec5af5c8d43,cand_bced162f8fc8e7d04a514057,paper_41421cea964b6e798387
T2_NUMERIC,3678,415,sfti_7d81ad4d9f3911909ce98748,cand_93908c91aa6b34d7937c0115,paper_c750381016e9d48f54f5
T2_NUMERIC,3678,416,sfti_33b0c1d1ae6871f5319c62d0,cand_6571596e28a03ff66d597652,paper_dac18f93f70a297cc71f
T2_NUMERIC,3678,417,sfti_dcc01d0d9579565d38fc69ca,cand_7d648e5e72878a584a64db4d,paper_5082f5a8326bb484965e
T2_NUMERIC,3678,418,sfti_273d0708f60711a016dbe5d5,cand_ce7fb30eafa58b4db83b3ac0,paper_3d69b6ca8bac023a2e37
T2_NUMERIC,3678,419,sfti_eca735de9e7a79e861aaca6e,cand_ae5004bf6884a254df0723dc,paper_77fff62649cc89e70006
T2_NUMERIC,3678,420,sfti_e884c53cd6057b3e9039eba7,cand_f3c0e43eb1c3828ba44e6610,paper_2e7c7ada2c0738c9576e
T2_NUMERIC,3678,421,sfti_0d19aaccdc9b966e4af88ef7,cand_71d188fbc4d0331c3ddef4af,paper_cea263957c803c2be7ac
T2_NUMERIC,3678,422,sfti_7d5633e2c676a4f2878ef9b5,cand_d945fcee98f02e1ac389beee,paper_fcd41940e6c1c398ce6e
T2_NUMERIC,3678,423,sfti_1e0b61cd746bfff5e31514ca,cand_b88035a2a577db9844da5233,paper_855a30d7906bf1696f18
T2_NUMERIC,3678,424,sfti_c5658806d126df348e6a207d,cand_71baa70e2151360e743b49e8,paper_7a234a0942160567de4e
T2_NUMERIC,3678,425,sfti_b548f9cb7e4ebe486eb0ac3d,cand_5e4f6199d46473e76a61c0cc,paper_8968c63f74386825585f
T2_NUMERIC,3678,426,sfti_a4593f60f2fc30391a5356f8,cand_e5d64b3abae83dbf06fe673d,paper_b45b8c314fefc9dc2f86
T2_NUMERIC,3678,427,sfti_6919265d31a4ee41577d51b6,cand_a219ef43824c3990c30ba1d2,paper_936af62bff602375aae5
T2_NUMERIC,3678,428,sfti_44d39e14cc90c3a2155cafe3,cand_01a9cc733f35b3b9f0965185,paper_4095b334fa6e74b81f84
T2_NUMERIC,3678,429,sfti_072618b70a4fd8e7d4dab417,cand_c67a8616950b9ab19f2ebfce,paper_341d7710302a2b329e63
T2_NUMERIC,3678,430,sfti_7b5e7ddf1f225ae252bcb9f8,cand_a66af01ad462362f336b15f5,paper_5093d6ac5a8e5e472584
T2_NUMERIC,3678,431,sfti_a81a0c3f6a0a80074926f57a,cand_251b347d78b320871a21085e,paper_bfc002e4e2173fc7324d
T2_NUMERIC,3678,432,sfti_9f8f96a6e403b00de2d7b914,cand_1b9a27492caf814d9e9383bb,paper_5178edc200c7560cc5dd
T2_NUMERIC,3678,433,sfti_7698bb649fb7a2b9c56dc7eb,cand_1d9b56e4429be1fae8e5de3b,paper_0d68ecbef45f9fc8cf90
T2_NUMERIC,3678,434,sfti_d16115744eb584197e6cc1cd,cand_16a43882ac7b7daf95882ab2,paper_26adb28c631c5b0f11a0
T2_NUMERIC,3678,435,sfti_544d1ff9614407c842c4ac86,cand_47a45e82811951bb4d825e1a,paper_80824adaef46809e108f
T2_NUMERIC,3678,436,sfti_23b928adc23d251aee0b8977,cand_5bef0f6a9bb1f0da9e0aea84,paper_ac38b317c822295aa2fe
T2_NUMERIC,3678,437,sfti_c65286c465dc20ecf14f738c,cand_f58f3b86c23149c08e9e86df,paper_54e19b6fae0955d86c32
T2_NUMERIC,3678,438,sfti_9a1b261037db2c3ffef4480b,cand_575cfffc68eb22e33b365d10,paper_75ba7a8d3c3e91ae2125
T2_NUMERIC,3678,439,sfti_68410d310df9b1d84d070b8a,cand_e51288baf51af8f02ec43a5a,paper_78d9139681b32b96ff05
T2_NUMERIC,3678,440,sfti_adbeb5d32e810aee6aaf4fca,cand_89b335ed8e6efb7b8e59c96a,paper_624527ca377befda900c
T2_NUMERIC,3678,441,sfti_8ca4f8a7af4dd98f05fb6958,cand_d70f2bbeebb4710b3ab7a52c,paper_b0b7e2f9a369dc5982ed
T2_NUMERIC,3678,442,sfti_36565d9e05b497ec20b51238,cand_db19219b7f4e2e00848a7b72,paper_b7eb43a1714dfea51b3f
T2_NUMERIC,3678,443,sfti_b1a400317b7ad4e98f649156,cand_6db3f2d9e68fad73ea3a693f,paper_b00d47de8a46a6c79806
T2_NUMERIC,3678,444,sfti_258d8e22762e0def297075a8,cand_6ae74c057e3e5bce6c089f0b,paper_e1119708fab69f9652a3
T2_NUMERIC,3678,445,sfti_0aa251ce3fdb18beb13066e4,cand_8cdcbdd455ed56cb57dce2c5,paper_9229ac9cd28f9c9cac4e
T2_NUMERIC,3678,446,sfti_2d65e3879ba3b022946f98df,cand_b6cd832c142d806686897953,paper_b97fd1a5935f47e10c77
T2_NUMERIC,3678,447,sfti_11ed732ad7ec487196978f44,cand_9bc6fbd07341f8b4356b29d1,paper_8dc8785106d0600e3d72
T2_NUMERIC,3678,448,sfti_3271178e6054d568a66d30e0,cand_c33fc580ddbe136886eff68b,paper_d792d6f81b5dfd11ffa9
T2_NUMERIC,3678,449,sfti_b4a793273b858d825d90a826,cand_b3a1cb8d40e5058074e94c67,paper_2816bab6cf493c5dae75
T2_NUMERIC,3678,450,sfti_d7d00753f85d76e7565a12da,cand_0ddefe9408fb93791529d547,paper_c98ae0a78fde0cd2da77
T2_NUMERIC,3678,451,sfti_05c778bd8c1b158d4c78e249,cand_f4fd0f73b88407387bbc76be,paper_41243b2e71035d29da90
T2_NUMERIC,3678,452,sfti_792a73d542be03a52faeb5cb,cand_1b122b25b7ec76f0fe4d5726,paper_2ce6080bc78f6dc4bbee
T2_NUMERIC,3678,453,sfti_e185228fa6230c4745ee03f2,cand_83383c0eb3105ca19107e7fa,paper_a15d6db1e341ca841faa
T2_NUMERIC,3678,454,sfti_1e38af5c19c7d770cbd5ab4a,cand_645ba089ed6e78a11f98959b,paper_ed51e9d5b91c7ad9308f
T2_NUMERIC,3678,455,sfti_b453d5c937472fc94077b55e,cand_d12804a4c2bc91b2c2fbe2ac,paper_b02b1015a4d81c005688
T2_NUMERIC,3678,456,sfti_74c9df09c7c61dbae0e55645,cand_2565da3cc4ac7dacdfa35f97,paper_0a926d479528ed19bc99
T2_NUMERIC,3678,457,sfti_d24e25152e05a22b3bd388a6,cand_b8d101c2c85dc8a11e899724,paper_3931b2764d33f08f9b60
T2_NUMERIC,3678,458,sfti_00fb4cc6d104950228c53a5e,cand_0d5281008d7bbcd7e90aee15,paper_f70c8739c330b884890d
T2_NUMERIC,3678,459,sfti_629b4117382d5f6c2986bce2,cand_429c08aa2c7c262f9663805c,paper_a3c79491871022da9d5d
T2_NUMERIC,3678,460,sfti_d9a9aef5ce176f759341041e,cand_a9a4853076c62ad53ae53098,paper_4f264f36aaa27725d764
T2_NUMERIC,3678,461,sfti_f6067f1a100876bc916d340d,cand_ac896b19d28dfe2e05103dab,paper_9eca70ac9c66a0ecc684
T2_NUMERIC,3678,462,sfti_28a5eaea2ee39200e94fe02d,cand_6f8eef75591547be821e88ce,paper_b2d1155ad3ce1f678145
T2_NUMERIC,3678,463,sfti_6c485e73d167f37e573654ac,cand_8de086b1044fad30e9cca7ba,paper_d9a7caa927432b9a5d58
T2_NUMERIC,3678,464,sfti_0899d08e441dbe7fab979750,cand_41289ebe85d2549fd1827598,paper_601bc12e30c57fc9e58d
T2_NUMERIC,3678,465,sfti_cc53af27090f6d59bfaeeb3f,cand_86bf25f1f6512765880238dc,paper_780ca30bca1371cb91c6
T2_NUMERIC,3678,466,sfti_1d4855ca1dc7956ae581403c,cand_aef8f062012077e838d7ac99,paper_1a8139b3d1a58181a74a
T2_NUMERIC,3678,467,sfti_f95c641a44781f069fee6b7f,cand_ed099951a90f64e7a82f8db8,paper_8b6c41dd419735fe1e01
T2_NUMERIC,3678,468,sfti_cbcd64f8abd509f9e2988d80,cand_6346ec8d946757ebf0772e2c,paper_a29e23e2440fa2936e13
T2_NUMERIC,3678,469,sfti_185bd154b7c63abef6cc846d,cand_1f3e386c35dca1d171a9ab48,paper_68cee94333b5ee318c5f
T2_NUMERIC,3678,470,sfti_ff07ba729c477f76670da1cb,cand_6a89107f3738cf6e5ca18266,paper_a462119ad795fec5ed0b
T2_NUMERIC,3678,471,sfti_d873b090bcdfd64d1481f306,cand_f368cb4373ef4bf01afd5982,paper_4dc2eadc3749a7660e20
T2_NUMERIC,3678,472,sfti_1edbcb5bb378881ddd80b0ae,cand_a28c0cdc42979d73c1648ed2,paper_d9833886b4d05e7f2e35
T2_NUMERIC,3678,473,sfti_1074eefc0692c5a6b5498f18,cand_023503b6286026166ee0b3cb,paper_da0c94aa9e114e114416
T2_NUMERIC,3678,474,sfti_0386490f350e796d49b69aa9,cand_75cb1c39397c159cdf1525b5,paper_f268a30c446bf23e6318
T2_NUMERIC,3678,475,sfti_64deb234b047690fe5c144a5,cand_3510b63809c402b457242d63,paper_27f10dec8047a843a6ec
T2_NUMERIC,3678,476,sfti_03d5a64874b52407c06ae556,cand_4c8ae2d6d2af2919b6267448,paper_60859c18d1b677dfeea1
T2_NUMERIC,3678,477,sfti_b2d995b82161c0736d305a8c,cand_b4d5f16d0623b8aa6e4523ca,paper_76ea1bc753a6f3bd627c
T2_NUMERIC,3678,478,sfti_f1dde874687c54d7a4875cfc,cand_0a8df280cf9a73e70442265f,paper_1d196ac13fa57b930414
T2_NUMERIC,3678,479,sfti_c0411bff4a54798e4f8926e0,cand_76307a4b6469162523db8544,paper_523bf9cac06b97bc6deb
T2_NUMERIC,3678,480,sfti_76012ac70255e72975d82b9b,cand_a1e72ad51e0a6eb5a1cffd8c,paper_5402d0c9bc6929b9ebbf
T2_NUMERIC,3678,481,sfti_b59e54b6cc7bbae09c422a68,cand_0689be2b9dd3a651146be598,paper_011f61f82937545da1fe
T2_NUMERIC,3678,482,sfti_8561ef46c31a28975e6807dd,cand_0e9469ebcfb78970faca7ceb,paper_d8e4d2ebb449ff45541d
T2_NUMERIC,3678,483,sfti_761bd9981964f43a58bdde77,cand_7d040800eaf9514014b21c38,paper_a10b7a021d06c267c421
T2_NUMERIC,3678,484,sfti_94dcb935379591f495b5550b,cand_1403a288801a49b2f475367a,paper_a3ba67ec77c49d653ebb
T2_NUMERIC,3678,485,sfti_d00eb0b26d9c94b613ac3318,cand_1169773cf4ae023c5f073781,paper_78c0ed038711160919ae
T2_NUMERIC,3678,486,sfti_4dfa5694e6b5575519838743,cand_c11c9238c7dc77fe36cbcaf9,paper_aa476f4b57cf73cdac62
T2_NUMERIC,3678,487,sfti_483c326c9c5b4b2522b2721b,cand_6369a66b18024f6b3184dde1,paper_31574d46962b0f0e1fa9
T2_NUMERIC,3678,488,sfti_3849fbe402c03e9add8a23ef,cand_3d472ddb0dc301b0714d7580,paper_49853d61ac9e78b09d27
T2_NUMERIC,3678,489,sfti_3920cf5c520461a8aec85081,cand_e773defbc90b291a30daa7a4,paper_4d0337b843a1c2be1c2d
T2_NUMERIC,3678,490,sfti_5ff7082b77f2f83da0542617,cand_a00501678809b95be5e4ac76,paper_204dc0c975ccb06e9f3a
T2_NUMERIC,3678,491,sfti_76934c344a7fd5a2a1c01759,cand_15a42ad6178f7b4f4527d3af,paper_32d318d230fb473bc762
T2_NUMERIC,3678,492,sfti_520173a39d8bbc8aed4d10cd,cand_78a3d44a09043aa2ee732586,paper_df87e85f2ad904ecb786
T2_NUMERIC,3678,493,sfti_40d25e87f867054b2268afe4,cand_4e22aad99891d184ec79f710,paper_3a30f676a58dc9a464f9
T2_NUMERIC,3678,494,sfti_4fa51d5be300a6e1f2e6dd9d,cand_207a89645c9a823cd3d409aa,paper_a0adf00e90a5c04d75d5
T2_NUMERIC,3678,495,sfti_0ac1f2d80fa54f2500d6dc3d,cand_73aeda60bfe4bf22c232b175,paper_abdcf3b1f6f194333726
T2_NUMERIC,3678,496,sfti_9414e43f12ff829fcf0d6060,cand_34663292e0e90ed377e89a92,paper_cdcf8c0ec6e244c9da7d
T2_NUMERIC,3678,497,sfti_9eb846b0d063299bdc7e7314,cand_2c700df34dd34fccaee76816,paper_62c06fe656b0bf41bbe1
T2_NUMERIC,3678,498,sfti_dc158cd8e65dec1c9188a93a,cand_ac7449a248763f906a6b4316,paper_4b85962af18143d5abdf
T2_NUMERIC,3678,499,sfti_12a8db229af62ec744b367ba,cand_c0b161be5cf6db803ca94bc0,paper_9ecf94b62655b1c23adb
T2_NUMERIC,3678,500,sfti_f7a5d189ade8f9cbfcb8d292,cand_51c7326c188a1ef16f5776e0,paper_47024cbbcdb16ac50eb1
T2_NUMERIC,3678,501,sfti_22e04e157580b0bfbecb0c0b,cand_f0c0d8266e077030a7fc68b4,paper_ccfcdd53b9fac7e46b8c
T2_NUMERIC,3678,502,sfti_0ba901017b134fdb155725d3,cand_5b4c7653791a5d8545c2bbe9,paper_8ba295c2e16a973f8058
T2_NUMERIC,3678,503,sfti_0aea7ab8053431764aabbe19,cand_3cd03b64dc41d80361345d8e,paper_9744040006c757b714ce
T2_NUMERIC,3678,504,sfti_a1415b6f255938dfcd95e7d3,cand_0698139ea69c2b97dd2eb7d2,paper_4c38206e083c0aacbc47
T2_NUMERIC,3678,505,sfti_4051102c4698f7d1273da219,cand_3d81cdccad56c6d97cbee52c,paper_e134753847abd81208e2
T2_NUMERIC,3678,506,sfti_b6ad88af9f938dedd3394c6c,cand_146d7b1ae4a89d0bdef118ef,paper_cbd6f37a37686d0e5adc
T2_NUMERIC,3678,507,sfti_3327cbc12ff57b78a4c55e0a,cand_e41753113847dd14a938ce6b,paper_4da9480afde49d0b39b6
T2_NUMERIC,3678,508,sfti_b5f5d81173deda2f708e3479,cand_ff20e84dcaeff2e368330061,paper_edceda0c326e8eb1ac2d
T2_NUMERIC,3678,509,sfti_d2dac2c9cf55a68545e97de9,cand_80e87047877e5eee39437765,paper_789a6d1ad075245bcb69
T2_NUMERIC,3678,510,sfti_03fd9a763e77efc4f53140e2,cand_a93715d9ba0d6193702459d4,paper_27cb55815739afd98af7
T2_NUMERIC,3678,511,sfti_4f5d90bead78e87f10a77ece,cand_9ce19d60aa4ca976cd2ba61d,paper_0ed9f754b3e6923e604c
T2_NUMERIC,3678,512,sfti_35b9eb40ff7cc265a4c0a095,cand_badc3d6955b556e93e3c6285,paper_946d4c2b5781949689cf
T2_NUMERIC,3678,513,sfti_dbd3d7de8b0ddec1cfcdbc8b,cand_be5facc2717e7d56aed9aee2,paper_b06cab9034f967174a3b
T2_NUMERIC,3678,514,sfti_a0128d06a7b21ebeedfdf27c,cand_bff8c89cd6b6851a9fdf3b45,paper_97acf7f1735788135ab2
T2_NUMERIC,3678,515,sfti_774227b2d2aefae8067cfc0d,cand_beea126f345af9d4cf0d46e1,paper_8887b871f470f66c3361
T2_NUMERIC,3678,516,sfti_0198823a0b01a84e55675b21,cand_3f6bbfeb0403335e07ae38d3,paper_8bd9081f061e68e47e08
T2_NUMERIC,3678,517,sfti_9a7d3a9e3c4ccd78d7649bf1,cand_fd3b761cc9c36cd442bcd67f,paper_aa20e44800f1e436506d
T2_NUMERIC,3678,518,sfti_e6f3e778a57e7bb943530691,cand_a2c5ee8816c99f7c29ad7e48,paper_0048220346024fc71775
T2_NUMERIC,3678,519,sfti_a6c899a1200053f7bfbaffd0,cand_269237f7d080b1feb70dee42,paper_b78f0ad273c0f3734d07
T2_NUMERIC,3678,520,sfti_cae505717b404708c15bfe3e,cand_1bc22997729f6c45f6c45c62,paper_7d9f28a4e6c574da1959
T2_NUMERIC,3678,521,sfti_bc5a8c94254bf19cc68bc8cb,cand_2a739bb6b65e74c204d72c8d,paper_ff9b82de434c6ec0f4b0
T2_NUMERIC,3678,522,sfti_92f01eef288f9f314b37da54,cand_2458e4b51ae1255d4f18cca3,paper_8d683bd872e36ab148f1
T2_NUMERIC,3678,523,sfti_752b3782c221b0e8e4c18f3a,cand_bab9df68dbb38365ce9946f2,paper_e0e569e36087955e0b06
T2_NUMERIC,3678,524,sfti_2c571654dadab3542c8b9afc,cand_23b53ede8cf34045cdb72f20,paper_cbcccf219bd7c6074e8f
T2_NUMERIC,3678,525,sfti_9d8381ffc68e53818796437d,cand_03791114dcaab14474cfaaae,paper_e15473cb8033ba3e230e
T2_NUMERIC,3678,526,sfti_d694b161521c1db07fbe13ba,cand_3660c29f35e08104ad845238,paper_316995de6816ef27d70d
T2_NUMERIC,3678,527,sfti_3e01873e64431ec7f1a8c4a4,cand_fc6e270f6c2e8814460371c5,paper_1a1142f66516739f76d7
T2_NUMERIC,3678,528,sfti_b5335c33f5f17d58f6dad386,cand_d1afbc907613db922b3d265f,paper_427c674a5ba07d6d0b9f
T2_NUMERIC,3678,529,sfti_eb81c3c4e428e9962ab58bff,cand_92d487b4a01479eff89c132f,paper_2a6a270bb59934ec3ff6
T2_NUMERIC,3678,530,sfti_eb43e84eb361cac3865fc23b,cand_899a99d240ad90bac300375d,paper_48bdcdab69ea39f7f2f1
T2_NUMERIC,3678,531,sfti_cec8a5f167f1631767117c1a,cand_f4ce52d06aa5a41673914321,paper_5b0673e9ff09192b1dee
T2_NUMERIC,3678,532,sfti_2b132b72f2964f8979561da5,cand_803dc3f9a382ed444d41a240,paper_8fe005ac3249a086f07e
T2_NUMERIC,3678,533,sfti_82c9371cae4c7f2028b6c949,cand_d426fca4c11a34324d9eed7f,paper_f7fde946891c3a207f64
T2_NUMERIC,3678,534,sfti_75826d34d49237535e1f5b9f,cand_9d0c925708a756dac6029f49,paper_71207db0d83368572f67
T2_NUMERIC,3678,535,sfti_8ab2865188391145200b090f,cand_406489abd060c863e89cb380,paper_8e2073558413f59f9196
T2_NUMERIC,3678,536,sfti_ee2e0261aef5e0f073c43876,cand_03e50c835c7ad945b3b2fc6b,paper_a26ecb38a15492aa8b60
T2_NUMERIC,3678,537,sfti_a5e1a876921097cb67af6015,cand_9443d759f00ca7408ad2c7d4,paper_8dafbce5fb34e25f3bf6
T2_NUMERIC,3678,538,sfti_6e3526412e39f18aa619714b,cand_9b702a662950f67c0887c06c,paper_6d2c20d9a4b4a6edade7
T2_NUMERIC,3678,539,sfti_65d3e0c9ae5be33724ffc611,cand_e2d97274856ec322159e2a29,paper_2990213101a302c6829d
T2_NUMERIC,3678,540,sfti_c00d990b550b609a1346f9e4,cand_e672180cd73b8c37aa983750,paper_6c5c6b112e0865b22bb2
T2_NUMERIC,3678,541,sfti_30a01ae818d1fe3af0f785dd,cand_3341d10b70b9a16eb1ee7fc1,paper_74e1a086c8cbbca52bb4
T2_NUMERIC,3678,542,sfti_5b7fb6de1951543b02f17b35,cand_496600b4248442c1014f8829,paper_8b945006f5be45871ad5
T2_NUMERIC,3678,543,sfti_fd275e3323116d241f94a640,cand_01202e6c1bf6959b6b11abc0,paper_ff9bcddc9e61e49488cd
T2_NUMERIC,3678,544,sfti_3d4a8342105a03ac338a2f04,cand_126a4145a42aa6f89f43ab52,paper_a0cd7ea49cb2b30a2c1a
T2_NUMERIC,3678,545,sfti_8791ec0ed0c63aa799c4d23a,cand_c20ff5cf6e244a26ff0b0c22,paper_87f744f573ecdefa9ac9
T2_NUMERIC,3678,546,sfti_c728a6e4de41fa2c1cf65377,cand_aab1499663a123bb1c2fa9f1,paper_54666dff53c384cd7509
T2_NUMERIC,3678,547,sfti_57013b049a5dc80f29f2bd01,cand_57eac68cded051fe4bd4974b,paper_303091be2da1043584f5
T2_NUMERIC,3678,548,sfti_c4a6412e0aff2df2707d633f,cand_b18de216642ab8f5ba560e51,paper_c6717e49ec3e5a60cde8
T2_NUMERIC,3678,549,sfti_5d228f1c879cfe7351849b21,cand_11cd77bf0321ca5c8a3e85bb,paper_fcaf441cb221e2b6404c
T2_NUMERIC,3678,550,sfti_26cdae08ac56d616db06c6c1,cand_8f606919ca0a0a2ca2852c11,paper_ffb77e56b0c059fd6ad0
T2_NUMERIC,3678,551,sfti_da61d29b9caac0ab9a86063a,cand_6064ecc68fa60f2a85407acb,paper_92169ac77d0b042008ac
T2_NUMERIC,3678,552,sfti_83748dd0a69ac4b9fd8a66bf,cand_1f9b94cecc50802d2e466c6d,paper_83d6440ad70ea0a7d858
T2_NUMERIC,3678,553,sfti_5b2adc40ec1052cf6606b44e,cand_f962822a160c5bf9ee1abc5c,paper_b2309671ad25bdaac8dd
T2_NUMERIC,3678,554,sfti_c9ca72511dd62be7fa8f21ec,cand_419c932d253fde9c7c652c58,paper_eebf3854a3fb0b3a28f8
T2_NUMERIC,3678,555,sfti_bc7e03c7ef2b5e3e7cd736a6,cand_6425c01f73d839f4d1aff1de,paper_3f0e855d24d6dc79c1e3
T2_NUMERIC,3678,556,sfti_77b7a6b8db17ef3c6decc93d,cand_8723b02e87758b9f7c82df42,paper_6aeec59adf7bbd4cde2c
T2_NUMERIC,3678,557,sfti_550812768a8c027333866f95,cand_d809a8f6f6525ff40df11342,paper_7734cbe4a04d563059d5
T2_NUMERIC,3678,558,sfti_632cc1e7e268401c22560eb9,cand_f3005b9f290e76bddf487807,paper_8bb002fe8cccfd64ca1e
T2_NUMERIC,3678,559,sfti_2865593d0647b2bc9c136e42,cand_206427fd73fcb92bcb321314,paper_8691c723d50c80ac5bef
T2_NUMERIC,3678,560,sfti_db87d53f145bc6714fd3ad6b,cand_74f9922595dbe8a5e3da8ca9,paper_bd359ec88ae2f7b2171b
T2_NUMERIC,3678,561,sfti_83c92b80476f5a1976d40ba8,cand_3180ba6aae5bb901e9e46c70,paper_1372d5c8a2a6b2f5439f
T2_NUMERIC,3678,562,sfti_ea3ccb166a3c7c6eb88efcac,cand_d41a43655ce5f69fbe296b0d,paper_f3358996f1aa09154e84
T2_NUMERIC,3678,563,sfti_fc3cf663155fb3e2a3ef3633,cand_19df0cab4b777d9bbd7f406b,paper_1e65e9d0a8786fa0982f
T2_NUMERIC,3678,564,sfti_41865e12e006ab3c6078f61d,cand_c2ee4acb6f1ebb967cfe6d30,paper_54e89ad05f8c4b91f7ea
T2_NUMERIC,3678,565,sfti_4a112caccecd5ce59610907d,cand_054e186f6b6aee8ccc85110e,paper_f601e8a12be51a3dd8e1
T2_NUMERIC,3678,566,sfti_902ba131ab14712a15150c87,cand_209d2ec4de1f242aae236368,paper_72149d18c080d4a16b73
T2_NUMERIC,3678,567,sfti_30d2a3cbb4ccbf4983c14379,cand_52049802897e6e4c7b598e08,paper_0475da2955b53fdb6606
T2_NUMERIC,3678,568,sfti_fb716b7128bb98553f71dcd2,cand_e91106013a5f577832a0029f,paper_950a799313e78c49d6cf
T2_NUMERIC,3678,569,sfti_476b81e7d4157ad70a639c1c,cand_aeecf950f51876e24443b372,paper_d21f5d7ebe96b45203db
T2_NUMERIC,3678,570,sfti_a86a8925bcf2026bed0c473e,cand_2fa79dcb213a2c0e9552b0e2,paper_70a33f00de4d371b40b6
T2_NUMERIC,3678,571,sfti_c465f504aad9142f1d4319d3,cand_07c14859abb4b469dfeda551,paper_4611789ef7e3c08c3ac9
T2_NUMERIC,3678,572,sfti_6eb05df88d928e8216f20634,cand_262e1eced27a87ee094cdeeb,paper_ef33c31cea19815c1c79
T2_NUMERIC,3678,573,sfti_570b0752d775662bbaace0a0,cand_bd4eac4986605da946693802,paper_6a6a4f61a4cef808023f
T2_NUMERIC,3678,574,sfti_3ba55b7675dd40d8c99e3a89,cand_336d5104d3fc0a525d009dcf,paper_7b8afc890a3e2f1390fe
T2_NUMERIC,3678,575,sfti_1855285efe7d9bf8a0498161,cand_0b2064cf94e2fad3bcd10317,paper_f45797a88c262068bdbc
T2_NUMERIC,3678,576,sfti_9ae0b53897c6542ddb98a58e,cand_6af1f3b66bb3eb79047565df,paper_1457112dc99c723c0947
T2_NUMERIC,3678,577,sfti_a53e11429350ef7f5b15d6bb,cand_ca72b22865ee7bffb459ee13,paper_80d36bad09e524926b91
T2_NUMERIC,3678,578,sfti_65d98eccc35d19a43c90f379,cand_93ba75a482aaf2300e2646ec,paper_64f6bb931de628c36b22
T2_NUMERIC,3678,579,sfti_76cbef1bde294ad98ee9f4d9,cand_12ee04584685235122161b50,paper_ad960a099664c9384385
T2_NUMERIC,3678,580,sfti_f11c9d04762a5e026621280f,cand_47c0bf25be59b1b158bf1856,paper_44e0d5bcb4ae4c4e36b0
T2_NUMERIC,3678,581,sfti_1c6c2422c8036ae891c4b626,cand_8beff4083018d6bccae23c20,paper_879cd01f80e1e8f539ed
T2_NUMERIC,3678,582,sfti_c137fc80b289896b12444f01,cand_529070337d3eef46981d1216,paper_3b63921dc7b40442b746
T2_NUMERIC,3678,583,sfti_c8f70f30dc766450b23e03b7,cand_80f0e537e9b64a43bedb2f22,paper_9d036f816105712cf14d
T2_NUMERIC,3678,584,sfti_74fdda88397dcc19bed56306,cand_40fb2a1b22efcca18580ed1b,paper_c8ae2c8db4e9cbb06f0f
T2_NUMERIC,3678,585,sfti_735fd6d35025cdb90121d189,cand_385cba0b5b8b1a9673a1181c,paper_5cfd274b7e7db8058b35
T2_NUMERIC,3678,586,sfti_d8c94ffc5b9999228bc9a06a,cand_2e994be2e03be247c62850de,paper_29263f13859eec1bb821
T2_NUMERIC,3678,587,sfti_4cd846886a9448dd4de96f88,cand_5e2c72201b5be0e9b1be7822,paper_66ca7dab0efb8628c218
T2_NUMERIC,3678,588,sfti_73179c2ea798fbf77fd07d67,cand_05389b8628e80cbb4d227796,paper_19daba2982570ad40c44
T2_NUMERIC,3678,589,sfti_16d7f287b8e5a1177b8cbd69,cand_358724fed84980f8042a9cd3,paper_775561e5dc791ef2cb02
T2_NUMERIC,3678,590,sfti_8754774980732a6dfe5cd09b,cand_ad97eeafdd6976cb4bac2a00,paper_4135aaa949a7342e60c0
T2_NUMERIC,3678,591,sfti_6cbc1806f4be463ce4de11a5,cand_f409578753beb3087a9d9a68,paper_d416d61532bdecbfaccb
T2_NUMERIC,3678,592,sfti_3275b9faeb9e663ebebd67e5,cand_73c4e4f165f2a725471f48e0,paper_814885c7706c9991ec46
T2_NUMERIC,3678,593,sfti_bdef996d0e78a3edaaa59920,cand_92c261d49a601a99dc5ec192,paper_c12924d3071f576e0c31
T2_NUMERIC,3678,594,sfti_fdee62d8a2a0ff0e0b88762f,cand_8096276118117b7849aaae38,paper_0d660ed882f95ed7cfef
T2_NUMERIC,3678,595,sfti_8ae13568cfc8cccf567f67e1,cand_57e947bb0521556882886df9,paper_94c7e4b56b7cb18769b0
T2_NUMERIC,3678,596,sfti_9233b813e1c964a6bd87dc32,cand_e8a1707537a9267416095eee,paper_4b3e2d7da58e94877ec3
T2_NUMERIC,3678,597,sfti_7f0c2d6643c935f645fafb93,cand_1331292e627336706dcc240f,paper_a426e3e98e6061d7b10b
T2_NUMERIC,3678,598,sfti_38629ae58680f4394f315288,cand_108817a80bbb30e13715ed6d,paper_33d29fa4c709b83e9173
T2_NUMERIC,3678,599,sfti_d26aff17146d26097ac4ded9,cand_d56670a90b67212def10f930,paper_57070c9df2bbb7169952
T2_NUMERIC,3678,600,sfti_4e70f1a009f4a124fe9ef633,cand_f726cd41e6157a34afb8eea5,paper_b8ddd96d66bc3769a35d
T2_NUMERIC,3678,601,sfti_ce04d05e39e15c446a8cf7fc,cand_db7046cfd9ee0a6df4c2eae7,paper_cc53b0e72fd307d78825
T2_NUMERIC,3678,602,sfti_10bdc88eb814231d482250cd,cand_e442ee18b22f5c66d4db8043,paper_105b9b987c104bf5cb6f
T2_NUMERIC,3678,603,sfti_2f92511b2ec4f1971297479b,cand_c7b222fb6a041c21c87b1f3b,paper_41ca79d98776e33910af
T2_NUMERIC,3678,604,sfti_871d1ea43c16faf67bf86d09,cand_26244ae2e3204a1bf2da6e30,paper_888d630bcdb565561a56
T2_NUMERIC,3678,605,sfti_0fb7b4844bdd5158b707277d,cand_2b446fd28c6190b0a4892e1f,paper_09975f20216dae5ee14c
T2_NUMERIC,3678,606,sfti_775c0e0bb69e8a099636dc68,cand_e0192d136ab5058263e31feb,paper_f127962446e96a02507f
T2_NUMERIC,3678,607,sfti_5d002282fd7b6113cd0ab040,cand_2391381ca309e695c28ae17e,paper_a18c3e1dd508021eeb67
T2_NUMERIC,3678,608,sfti_6d035e2ebb08cce3a5f4ca44,cand_c4919611f25fdb74ffe823e1,paper_4b2d4a71a16ea1e9c2c7
T2_NUMERIC,3678,609,sfti_20625219990eba79d2f3669c,cand_2b62f019faf754b234ec8d76,paper_1bcacd02dc9d094de149
T2_NUMERIC,3678,610,sfti_8a6e9ad31b9a34b1a44371cf,cand_219d1443570ecb29aa75a104,paper_a321253be2df8e289b95
T2_NUMERIC,3678,611,sfti_d9fe2f28cbae7579934f5fb8,cand_f89c36111d3ba36026227ba8,paper_772843d89b24948dd741
T2_NUMERIC,3678,612,sfti_b4ab7a4682501429af518f07,cand_49b679cfa2b497e074097b75,paper_bfbee9103060405ddf4a
T2_NUMERIC,3678,613,sfti_0d5808cf60d3ecc078324b8f,cand_da46e83ed990201287577d8f,paper_5a2b4cc8b25bcc431e57
T2_NUMERIC,3678,614,sfti_84f9146c1988db1c51909a1d,cand_baa5c5b0c783bc3623e8edb3,paper_8af876bb4b710a9e6b04
T2_NUMERIC,3678,615,sfti_3ed10707a12e08add28f6f2c,cand_ea9cfa914cb3e68c49572765,paper_5d67a811c441e45c0ef1
T2_NUMERIC,3678,616,sfti_b890321e58d07dcd59e502f5,cand_0ae119b3946106df0f718d64,paper_a9b7cccd95ca07156fb7
T2_NUMERIC,3678,617,sfti_fd6acd0bea54d971204dfd72,cand_806dee20df149807ed6abec4,paper_22e2b4a6a3827317eea9
T2_NUMERIC,3678,618,sfti_74fbf28449c56aeb35763f6c,cand_4f41f3b3ac3ec9cd0041f770,paper_13fc56a51dfe60a5074e
T2_NUMERIC,3678,619,sfti_c60c01d32d8826b2e80fee03,cand_925e8e2cf77a58862c5d7ab1,paper_3d161fef9d71e18b98ab
T2_NUMERIC,3678,620,sfti_fe4c0f2d1493f5eaffe01c88,cand_ca3ea874c35d69d49a43144d,paper_b8edc7930b5c5f8e22f4
T2_NUMERIC,3678,621,sfti_9dcf3709b097fb4225eec718,cand_68d825f2ff1eee68dc1dc5d4,paper_42ede648fd3ee44ee32c
T2_NUMERIC,3678,622,sfti_3d3f44a11c0978e8acd39ca8,cand_58dde538201b47c3d8277f93,paper_2cead7bf3791c2b24bcd
T2_NUMERIC,3678,623,sfti_784a7cbc3c3624e5bcf57c86,cand_ed54183bd27b3de1ada1233a,paper_cd430a12c79af147592a
T2_NUMERIC,3678,624,sfti_481c0d659fa26c7409dc26aa,cand_05ae5f8f1d97d1a5288d181e,paper_f58eacffb09f17790ad5
T2_NUMERIC,3678,625,sfti_c9f1fbf82e1a8491d8a2dbe2,cand_7f97f2c78acae13e8476c191,paper_b32b648f3c2ffeaead45
T2_NUMERIC,3678,626,sfti_b9d0ec196ba47f573c5ff72f,cand_a6e37e9b64f9f03b0a58c115,paper_576d45aef8ed66b05849
T2_NUMERIC,3678,627,sfti_e5ea3da12b3d40377f3136cd,cand_c89758fe28ea7008465f38d1,paper_89ea92aa5842a2c088a5
T2_NUMERIC,3678,628,sfti_f6c945a1a60d7d0e7662e8e4,cand_9fa8128881a749768ccf829d,paper_654a44c8e94205f86a24
T2_NUMERIC,3678,629,sfti_a342370e2d8f0e9d4975dd08,cand_ab0d6163943df448b0fb3a78,paper_3d61da838c57a1fe15ef
T2_NUMERIC,3678,630,sfti_7e243082f2e25b847be64ff9,cand_db004c8e15cb08fcfddc919b,paper_9cfcfcd2ed71c0ca6a56
T2_NUMERIC,3678,631,sfti_243006e0bbd01dde7271853d,cand_0eb882ff63af1319a6a6d7c2,paper_33df1a35a12b14084cbc
T2_NUMERIC,3678,632,sfti_cf2fbbb5904c52d7599e78fa,cand_142a9f6d7ddae81ecefed084,paper_8c08bcd6a22c0c9d7824
T2_NUMERIC,3678,633,sfti_09c1e2276993ee4d2e45ca6f,cand_4b96fa217e53d850c363030f,paper_8313683e31ffdfb17404
T2_NUMERIC,3678,634,sfti_1738d26fc9c8144abdbef48d,cand_11775c53d51704dbb27c0ea6,paper_8378092c91046db513a1
T2_NUMERIC,3678,635,sfti_7bb94837261359d5d3c7edd9,cand_e58764759feb53bde883b1fd,paper_178d19045333bd4d2565
T2_NUMERIC,3678,636,sfti_9c9050a1fd555725f910c328,cand_2d727ef4aaa829a18e3b10fa,paper_72aa787d4e6e06cdcaeb
T2_NUMERIC,3678,637,sfti_43e74972e89dfe72f0ae82c7,cand_7497c7017ee3f27aabcda1ae,paper_fb7b63214de684b2f11d
T2_NUMERIC,3678,638,sfti_c3df4cf3723a30b3958364f3,cand_8c1ba35ceca866de32d0afcf,paper_155f03396b28757938db
T2_NUMERIC,3678,639,sfti_feb5bd020c51de420d83f70f,cand_6ea9bb95ce24610bf577ea1d,paper_a687762c5556fb915b19
T2_NUMERIC,3678,640,sfti_12d53e6a872acfb76171eac5,cand_951a5e92d962b150df1f33e5,paper_3c32c12bfdc4fe56f015
T2_NUMERIC,3678,641,sfti_3f85d9bce5e997d03be8e642,cand_38cba36649a577b304ceb144,paper_d390a5f36458d70517fc
T2_NUMERIC,3678,642,sfti_5bf7bf5e98a948dde223bbde,cand_1b72da10c0af497287c7ec7c,paper_871172d21a3f1d64dae1
T2_NUMERIC,3678,643,sfti_8b64854dc3e36d4e4a16ba77,cand_9586aaa1f8b04a34f9fbbf12,paper_0e8628887f1d22aeb17d
T2_NUMERIC,3678,644,sfti_0d81e775217e38ffb9efa469,cand_aaffa88dcdec662e8be7a84e,paper_70c25393cf57bb9d618f
T2_NUMERIC,3678,645,sfti_5885de076ab9ebbad897643e,cand_83fe18b00c340dd5ea6bec4e,paper_624dd7d7645dc4e39220
T2_NUMERIC,3678,646,sfti_8b3e46968d85434c72dbbf8f,cand_323e5f4e09a9bf7920f26257,paper_0ca1a64ca43828e8bc89
T2_NUMERIC,3678,647,sfti_27ce429463860b0ab957d3ff,cand_46ccaac179759c2dc72fc2df,paper_dce85d264393d934c1c2
T2_NUMERIC,3678,648,sfti_83e2f3ac04503c055c176f48,cand_44902ce2c1e42c16809776ad,paper_720b22498f414f802bbf
T2_NUMERIC,3678,649,sfti_8feb8c82a97126f7dfe6e4c3,cand_09ea1578644eab7a5abc0525,paper_2a77513d8432605df47a
T2_NUMERIC,3678,650,sfti_5fdb34edc870d9fae94bead1,cand_b2e4c4d3e9c17c6fe78c33db,paper_cd7bd86e9372991efbcf
T2_NUMERIC,3678,651,sfti_97f9f01157104af011a324d3,cand_7c8a112cd5133c0044faaf00,paper_5349ecd090956229107a
T2_NUMERIC,3678,652,sfti_08cd95599c83a5d87e89bb3b,cand_10892d0571224e2d112e17a6,paper_da44c61204fbe98bc3c1
T2_NUMERIC,3678,653,sfti_66aa94878de872e76195c8fc,cand_2b08afc913c442dd09b4566e,paper_0c8fe79b1c0c17ae6ae2
T2_NUMERIC,3678,654,sfti_9de22c56b5e13d56ed6f9e58,cand_320f477b24830927ebcf2bbc,paper_ff188907dc0778979d1c
T2_NUMERIC,3678,655,sfti_6f8dc88715e38a367cc3d060,cand_b523e6b242ad20bca9b9211c,paper_527a780511b23ba51453
T2_NUMERIC,3678,656,sfti_8e49bee054f15a1ef394d09a,cand_23c9a6402951d73b75693293,paper_0962973634343215e4d9
T2_NUMERIC,3678,657,sfti_2817b5d5c93f5f74ed2f87a6,cand_98b7ed3add2ae9259667b04d,paper_8ccd91a72bef8f3d8945
T2_NUMERIC,3678,658,sfti_febd5e62aa0e0cf3eec29fdc,cand_4f8e4fff1dc7025497b18fee,paper_ceadc9933a3d9d4c5c07
T2_NUMERIC,3678,659,sfti_ea6d378de6160b662f420284,cand_89890f4bd6eb30bf9e755be0,paper_c70f3e6133978235b579
T2_NUMERIC,3678,660,sfti_44193d82cacfcf2f6cf40886,cand_8842b0867f0c10db9e27fcb9,paper_f1d7cd92d2e39bad89e7
T2_NUMERIC,3678,661,sfti_dd316732f55702f449ac9cc2,cand_a8e40ed810d0983ce78e7d0d,paper_54c941327d5770443b5b
T2_NUMERIC,3678,662,sfti_c907131e2c65384801d95624,cand_83f8e6fe741064368205487e,paper_43fcd55dc92a638d1039
T2_NUMERIC,3678,663,sfti_bcffda123c697f74f0f7ef44,cand_21d40b2a076fd3c5bb66f0e5,paper_c2c1d5f2b1e1dce72557
T2_NUMERIC,3678,664,sfti_d1e8af9abf43176ea92d92c6,cand_aaca60e6c0f59a76b38d5882,paper_30665dd11d87f523f8c5
T2_NUMERIC,3678,665,sfti_51a60a1eacdbad774c22aa70,cand_67e4f0baeff2f9909b555a0d,paper_fb3ca2b9915274b899b1
T2_NUMERIC,3678,666,sfti_03b493e101864913543a1dca,cand_fe7198b022c44e95230c3ba4,paper_ef887352855c8b0457da
T2_NUMERIC,3678,667,sfti_05a0bb023b1a0ff080587077,cand_d9af7a76390993409e0f4c28,paper_bd4546a641a1bdd72a78
T2_NUMERIC,3678,668,sfti_6e4ae8f3d580d036cbbd8627,cand_7bf594f49f34b7b3f9d90e91,paper_5d9ec214dc67ffded139
T2_NUMERIC,3678,669,sfti_4e0012188e494ccba0769802,cand_54135005767bdf3a7fe1edbd,paper_7ae0d732d9684142659c
T2_NUMERIC,3678,670,sfti_9b99ef1d22d83320308aaa18,cand_b8cf1911e7700c76e8e0214f,paper_e6973e2b099a57d76505
T2_NUMERIC,3678,671,sfti_b4ae81f844a63b5a2ea695c8,cand_a9b8dcd63fd113f5b9ab26cf,paper_bd33e8fd432779663ca7
T2_NUMERIC,3678,672,sfti_438e98b1348b2f335fc73b72,cand_debe6b7559373a0909587791,paper_37a7e2db9bbcaed1144d
T2_NUMERIC,3678,673,sfti_6c7b02819d33e2aa1c589634,cand_cbe75174dc731d080847c4d6,paper_4859ded345b5dbd2b97c
T2_NUMERIC,3678,674,sfti_10ea83d489c4dc5285c7c49d,cand_52182647383a989b83b080f1,paper_19d6d130654a2931c231
T2_NUMERIC,3678,675,sfti_04136a977f66b6d69b2ecd6a,cand_8693738faf833135d117aaed,paper_2632347fc19d40ee9b79
T2_NUMERIC,3678,676,sfti_cf02093d893555863203a37f,cand_941d39f48c6dd005c08ec356,paper_bd3299bd8d04dbc1f635
T2_NUMERIC,3678,677,sfti_a1cc1829c46c5f96b939660b,cand_d905b34a4210909485361545,paper_77c64d4a9868be28d5b9
T2_NUMERIC,3678,678,sfti_35af6d4a6cbb0f0bae33f63c,cand_de5a0b7124e4676c9a4d92d8,paper_8754a14fda22035d6860
T2_NUMERIC,3678,679,sfti_c701d0f04c0edc82215cbaeb,cand_3f95a5d10b6b69f6bf714f6a,paper_7485d66327d3f92e041b
T2_NUMERIC,3678,680,sfti_b655587f74a27f2545f821dc,cand_baf05d05cd6c781472c12559,paper_8b46e4cd6754ee0428f9
T2_NUMERIC,3678,681,sfti_3a72d8650c61f158b7dc752c,cand_57bade73a56752eb8141f465,paper_3824e02ea70998383a7e
T2_NUMERIC,3678,682,sfti_59bb996ba65aaf009c42e18c,cand_4146d191b77591681ef95058,paper_8a13100af2dfd41eb756
T2_NUMERIC,3678,683,sfti_801d05b95a96759d922bff6e,cand_a9d4ba264dbd4aacb51bc514,paper_036120c861457dcce7d9
T2_NUMERIC,3678,684,sfti_fb2347617f29bef8995b0647,cand_e58ea76509ddfb1bf3902ff6,paper_bf328a6639cdd954adfc
T2_NUMERIC,3678,685,sfti_54d3d246ba5ea9d3773f367c,cand_69a2f9e3a923885b9694dbf4,paper_5ccb84180e28ca26531b
T2_NUMERIC,3678,686,sfti_94b7885e31592ec0c0491c97,cand_2d1de876ee160dd9bd9c8c7d,paper_251e893761028cd925f7
T2_NUMERIC,3678,687,sfti_a9748025fb5a311707edf703,cand_78ee56ded8ed4d84dfd786b5,paper_28bff144273ff621c448
T2_NUMERIC,3678,688,sfti_a0056f881212282f672bf0c6,cand_a04a90e041ef9e4c8d916d12,paper_d664bf3efe04a2cc2688
T2_NUMERIC,3678,689,sfti_77e0e28dc2e172b3917cad9b,cand_86afc7bed636ae3db1069f1b,paper_90f76598ff64ace34b11
T2_NUMERIC,3678,690,sfti_8b0627f89ea5e47010f14b8d,cand_9ee9f5d56a16836f30e30141,paper_cc76a19258ed00e477ce
T2_NUMERIC,3678,691,sfti_980f9aacc2fff6a7b9cbb783,cand_88d17c4eb0b4dfe68894fa13,paper_ff210780ebf46f6c43d7
T2_NUMERIC,3678,692,sfti_1a802defe47c1c8a3897a731,cand_09586a5759d2c79b5dea8572,paper_bc441e9581da32646cbe
T2_NUMERIC,3678,693,sfti_42631140d687f65385a301a2,cand_bddf2a949a4e014dd1248701,paper_19b61bfed1e7420aa0cb
T2_NUMERIC,3678,694,sfti_4333f1e11d09a0f20e173cae,cand_a2f9dd4addd4e6b319a8e72a,paper_a3eefdee2e6756587843
T2_NUMERIC,3678,695,sfti_2edbaf938ecb2ae13f3cfa40,cand_0f1087bfa3c861efc8fac5b7,paper_521a166cf33467abb4c9
T2_NUMERIC,3678,696,sfti_c64aef54ef06afc54237c140,cand_7853d3e5e58a10d3a23ad357,paper_91d141d39bddc018a22d
T2_NUMERIC,3678,697,sfti_b9299043fa9b8afb7eefcda7,cand_4d8c683db29cd43e1184f60a,paper_44bc96df746b0dabdfc1
T2_NUMERIC,3678,698,sfti_475b54cacd21307a09aab62f,cand_09a20237605d5b280f326405,paper_d5d65745a63e07efd9af
T2_NUMERIC,3678,699,sfti_11fb5ecd7078a7e28637e1a1,cand_09b4a3e67aa3e99f9335a9bd,paper_e5dc74b751031ccb7720
T2_NUMERIC,3678,700,sfti_6e68a9935baea362c0d6f70f,cand_858be4fcd319536f26035ccd,paper_432eedb7b5721b207e27
T2_NUMERIC,3678,701,sfti_c0bc0b8feae5a48ce8262363,cand_3fcf739c27d29fc95da861d2,paper_fa3071671d8d8d7ea55e
T2_NUMERIC,3678,702,sfti_b46d630cd8e20f42a503de0e,cand_bfaa584fb7371397f251c83d,paper_a448b4f3a849af9cad96
T2_NUMERIC,3678,703,sfti_4d7a36d538714aad076717ad,cand_73d1bade21eb250c5b735e5d,paper_4a02daf09222671bb343
T2_NUMERIC,3678,704,sfti_f01b7c921a52072e5a599f40,cand_73b243c621dea073173ebcad,paper_eee7ac052c3ad5dbac4d
T2_NUMERIC,3678,705,sfti_7c970fae3afff78742bcb260,cand_904e4a5e924f924bd6936aaa,paper_1573d812af2dce87ef91
T2_NUMERIC,3678,706,sfti_b50d7c6c91aea3dbacfdf829,cand_4ce80a083dbe39ae49ba0a62,paper_06216ba1fd679f581e9b
T2_NUMERIC,3678,707,sfti_b7c1e77bf0c4e6dda1768633,cand_65c30bcb21f47c6648b942ab,paper_5fefae153331fd9cc0e9
T2_NUMERIC,3678,708,sfti_43d2dc3660fc2dd1289a339b,cand_c5df596140a235d916f2632e,paper_c2ac44375b1d92f4f814
T2_NUMERIC,3678,709,sfti_68bfbc710615910ad175171d,cand_cb53544d56b8f58d6f1fbc50,paper_56467e511c7c5531b99a
T2_NUMERIC,3678,710,sfti_1f56b415b7529573a02c0a3c,cand_c09a9a05e1ba708928485fa0,paper_c493ee04650e24bc9262
T2_NUMERIC,3678,711,sfti_ead1963584cdeb41671d6cec,cand_a700eca99bab25b3940095cf,paper_336f39b2c3d001757e43
T2_NUMERIC,3678,712,sfti_e8584a46d27716f06f7ce76b,cand_e166e8853d6e7a4357bf3563,paper_90b73384b7f4312f3880
T2_NUMERIC,3678,713,sfti_37d76bf55af8acf430efe239,cand_66d69f0ea07b6ba4b8162529,paper_6ffe7bc6827797347dff
T2_NUMERIC,3678,714,sfti_465b626973c1e29f883ff28f,cand_10b2f03c2179dbdb0ce08e72,paper_4e8617b2de076d610f2d
T2_NUMERIC,3678,715,sfti_01e6a7d481b2185decf3151a,cand_804206d9c06c6cf4dcd160cc,paper_065b61f3c3a2aa5dce46
T2_NUMERIC,3678,716,sfti_033a3f8f3c2cd45b89090b3c,cand_55369d22291f8cf277a87057,paper_cdadb1e14bce744e6547
T2_NUMERIC,3678,717,sfti_4abad35c871730462e031307,cand_74979082d4cf583acdd2637b,paper_ce55e30ff5f95d5e96ef
T2_NUMERIC,3678,718,sfti_3d8887786ada159756a55b83,cand_89e9b08c7a51376f5798a313,paper_ae239eecc5d7ced94f2b
T2_NUMERIC,3678,719,sfti_6ab28597688851249912418f,cand_b95d58297d192549a35c4177,paper_890343a4524e020964d0
T2_NUMERIC,3678,720,sfti_2a0c4a742d43de75b3804635,cand_aad78f335f1f6077059e9a83,paper_2a42f1ff9bd9c93161c2
T2_NUMERIC,3678,721,sfti_03b976fdb74a45a23342a238,cand_0ab816b3d97408782e37f75f,paper_3fd6b65e358d7c3c8e29
T2_NUMERIC,3678,722,sfti_39fd0e000a0a834de645174c,cand_d5332e6d1b172b86fed43b35,paper_356f10d0ab2550ac5a9f
T2_NUMERIC,3678,723,sfti_ef25601d2684aa4b8d1350ae,cand_d87505c3e08282cfcf7b181e,paper_6937cc47e2b2f2fc2447
T2_NUMERIC,3678,724,sfti_b93a8e940558ad6d0a0b38bb,cand_56d7fa4999065c76f3067cca,paper_0b4dfb06065388f00cfd
T2_NUMERIC,3678,725,sfti_442bb26b3614e6c15fb83a02,cand_122623a07dbec0bb8c308a1b,paper_02f7f943c282b24bea61
T2_NUMERIC,3678,726,sfti_cd9863b20f08beaf4b2acf7e,cand_02ee3a2e9d62e835d9b8aa80,paper_a99200a23f30fc79e362
T2_NUMERIC,3678,727,sfti_ab86b68426168db070518d65,cand_bbb3894f43e4e1cc3e7c3408,paper_1e6221d350bec18f02d2
T2_NUMERIC,3678,728,sfti_48232b47b5e179d4db9b6039,cand_e0c678cd99191f81e17786b5,paper_e979bea55b68466950a5
T2_NUMERIC,3678,729,sfti_3ce195d92ae99e0f5fc60118,cand_b0f480172ca0750e573be663,paper_3002a48c3ad4d8b7828e
T2_NUMERIC,3678,730,sfti_309adc1a2c8ab297bc2b9820,cand_92d3a1bfe28100f1fcd3cbec,paper_b00e1ebe06b61db493f4
T2_NUMERIC,3678,731,sfti_0163768efb9569c89ed69d46,cand_c103d970310e85cb6d5dd855,paper_af8ba896d46f910daa80
T2_NUMERIC,3678,732,sfti_55963fe60456d8bbeaa21862,cand_0bc10d21737defc71b979776,paper_a07be0b922a6a4d5a1e9
T2_NUMERIC,3678,733,sfti_67a8b6a912196410bd676526,cand_b1c3904e8c5fba8aa50d86be,paper_5bfff58e2d219b2f51ec
T2_NUMERIC,3678,734,sfti_3789bc63db2bad7e307c4636,cand_9397b7b927f703f395baa55b,paper_b3d33d8ef68936f98277
T2_NUMERIC,3678,735,sfti_ddcc784bcd73f8e4fb61a580,cand_70b23f196f10f6b53dbc2148,paper_cfc832cf29893a5c93be
T2_NUMERIC,3678,736,sfti_fc477e1a5a8513c975cf5e77,cand_2c255e0e7e2160d77ed5c2fb,paper_1b844234ac51fc5e241d
T2_NUMERIC,3678,737,sfti_d0bb61c63224842e3d771517,cand_95245554a0dc291075cfd9ee,paper_c8f09dfd076f3e2b5a53
T2_NUMERIC,3678,738,sfti_330156cc5de4f22068ee97f4,cand_b2782593f0848e6544069b38,paper_d552f1c82ca1263f1680
T2_NUMERIC,3678,739,sfti_dbfba5f75418c0841d20374d,cand_c79e6c1ec1c9acaa304abb26,paper_52b24e4b78c3befdc508
T2_NUMERIC,3678,740,sfti_5a9795dd11afe5715a3619e0,cand_b1772ee143851bb7d40cc04d,paper_c332c59b62a7c6bc99db
T2_NUMERIC,3678,741,sfti_84e0aac5c6d511f3f38fd8cd,cand_2d02ef36ee36ed43a1ec5c32,paper_5072f1c6202eda6da90d
T2_NUMERIC,3678,742,sfti_4d4762ed3ea8a134f5274d61,cand_422d2d91efb068c16306c65d,paper_b1cf5c1ae7bd5bb2f927
T2_NUMERIC,3678,743,sfti_6c7b5826998d9719c285d81c,cand_6e6de3b0dcff631130762050,paper_3b2abe7e7bc9f7b43e93
T2_NUMERIC,3678,744,sfti_4678ab87555a4e80028b63f6,cand_ffd25f32310e4cdbed6f50f9,paper_0c8802876de96d138888
T2_NUMERIC,3678,745,sfti_7c6d4262d8db3b79f61b456a,cand_71cbc2e85d87fb45f6a37937,paper_2e5a03834a4cdece4a66
T2_NUMERIC,3678,746,sfti_1e6fe249da6817a7f571c265,cand_7508b8eb3786018fc8ea91ec,paper_e67419316565cb79b105
T2_NUMERIC,3678,747,sfti_456767ba91a939aa7c645e46,cand_814b815a0e5ee07eb7702139,paper_fe9da01c92833fdf2b4f
T2_NUMERIC,3678,748,sfti_a16349939599193d0986e201,cand_c7bf1d1e00aeb0995d0eaf84,paper_0a6c690dca5ed2adc9b5
T2_NUMERIC,3678,749,sfti_898b83bf3ee60b95e46b9e0e,cand_bc4cab3d4e367856b978de6e,paper_899264c07796c6d9aab5
T2_NUMERIC,3678,750,sfti_4f8550f744ad050c9add427e,cand_81e05676b5d75466c653296c,paper_b0a953422591639eafd8
T2_NUMERIC,3678,751,sfti_b1ba3816b5d799ccafa481fa,cand_8d3e5daf03518ee8d6d12ce5,paper_8700bcc123dc5d3b937a
T2_NUMERIC,3678,752,sfti_eea0ee2d04b1cdf078615805,cand_958ddd04483b1a0dd94977c5,paper_c15832fcb3eb74f0db4f
T2_NUMERIC,3678,753,sfti_dfdcf1fe349b162d48afd049,cand_6c5028f7daa611aabd455a35,paper_b77b159f8f12131d26af
T2_NUMERIC,3678,754,sfti_7fbf465479388119634fd3f0,cand_dd659ef51b6c1be3c5c7ed9f,paper_2910bf55c20bb603f151
T2_NUMERIC,3678,755,sfti_0cd4ce1ced6af935eb729117,cand_45e1b73a5718400158cf1b7b,paper_1734f2d4e8637ff96940
T2_NUMERIC,3678,756,sfti_ebdb036042f221e31b542557,cand_cd5936277d11a0d19bbb553a,paper_20f430853797efd028b9
T2_NUMERIC,3678,757,sfti_0912965d0cd412fc251c5c59,cand_234ba63725886e4261696479,paper_e66ace61c008f0ebbeae
T2_NUMERIC,3678,758,sfti_0a73464d42a4b8ec13e87489,cand_60042e95889a7e4bb958fa33,paper_8395968a688a8ba84b76
T2_NUMERIC,3678,759,sfti_dfc6d6136df3f2d7263c0840,cand_557fb1a6ecdff87c95afe776,paper_c24dcbeeaf0e0de9dae1
T2_NUMERIC,3678,760,sfti_7bbfdc8d36a7307776d2e903,cand_a9ecc7a7991343daf8c46b9f,paper_66cbcc9c22c0c4d645cb
T2_NUMERIC,3678,761,sfti_92ff550344adc0b5e2685bec,cand_be23b46ba6f72c6141e3e22b,paper_22518db42557aa33c075
T2_NUMERIC,3678,762,sfti_ee091669165a2b7a6f5a76a4,cand_70274c6d61393a70ad6cff47,paper_29631482265a23ae9c5c
T2_NUMERIC,3678,763,sfti_5fafa97782faf6ec7be9fa64,cand_392a6b205882e65a4f3ba913,paper_782f0a0f6237b3871019
T2_NUMERIC,3678,764,sfti_d39937a0efe7d3a00c1a34b9,cand_27daff95e3ee36d1c79ce76c,paper_b77cf25cfcce558611e0
T2_NUMERIC,3678,765,sfti_e9e57296127ff294079b97bf,cand_db69677eed07a256defa82c2,paper_0053bcca6f8f67a57ad5
T2_NUMERIC,3678,766,sfti_7e5aba7c62118427c0d33ae5,cand_b1a3326e4cf36f47827af623,paper_6942ae89b7ad7f833112
T2_NUMERIC,3678,767,sfti_3e572c25b4b19b31747ba7e8,cand_7cdc6cf28e7536d3c13fe568,paper_e9451b99f1bd10a70827
T2_NUMERIC,3678,768,sfti_282b73ba2e7b28a5d020cb63,cand_7ecda870d13f2305aebf8a11,paper_e92614718c7b5ee969ba
T2_NUMERIC,3678,769,sfti_d63f9dc2e1b9531265eb90c5,cand_a4a4ba9b580b0d9baf788daf,paper_c9545a7faa3c0ccf935f
T2_NUMERIC,3678,770,sfti_e88080b3f5debf6079e1d881,cand_13accda743cbad8e93417cd5,paper_28b41abcd26dc4562ec3
T2_NUMERIC,3678,771,sfti_5fc98abc4a9cc20bd36f4a07,cand_091f59f32db4085b74ce398c,paper_964e9a4598bfe6895f73
T2_NUMERIC,3678,772,sfti_edc4230e2f8a7456df5f0757,cand_0166bbe5f022bc976493284f,paper_ed1226d165d2ad665a0d
T2_NUMERIC,3678,773,sfti_0a3466377b309fab2797b176,cand_6b9e8300a52c2421617480a6,paper_e9c48eb3301ebda88216
T2_NUMERIC,3678,774,sfti_e231e5761bec499f2baf2bb8,cand_c297f761fc22c2215332408f,paper_8ff54d2a19ffa09c6e44
T2_NUMERIC,3678,775,sfti_b963f4fcb0cdb5e61ae30969,cand_3ad6db4246947ab4cbf22d29,paper_baf7e482899e4dc7153e
T2_NUMERIC,3678,776,sfti_9667087c5db96d4bfd27e52f,cand_bb024bf881df7b9c9dbc526f,paper_0b8596b48a890a9f2feb
T2_NUMERIC,3678,777,sfti_8de2fff499aa929a6008d08c,cand_94df0d06c7543b81ea2de880,paper_bf59dfbde51b13c41d72
T2_NUMERIC,3678,778,sfti_3a521092942dfb5a4fb64049,cand_b4cc75c6b49f138f1a31c240,paper_32f9f4fea8cbf3bf5a54
T2_NUMERIC,3678,779,sfti_7735d88bb85424b792053504,cand_2c4133de18ed30fa73b96eb9,paper_2c4e6e492f2def8cd020
T2_NUMERIC,3678,780,sfti_af37bab962395b4c0c304cd7,cand_a32ba4a163ea631679e7a434,paper_11a21ed88cf7ce283fcd
T2_NUMERIC,3678,781,sfti_3edd0966dfd78de8c388c499,cand_7d2657c63032c2b169ec9810,paper_5ca5aa1d06192397111a
T2_NUMERIC,3678,782,sfti_17628aaff0679ce02de8b762,cand_d51d6f777a26fddc29e9b4e2,paper_62ba056f9b96eb71a5ef
T2_NUMERIC,3678,783,sfti_8d2d2c8406cda233bc7133b8,cand_307f27137c2a095f0f7ea1bd,paper_07f0e3315516c7475a67
T2_NUMERIC,3678,784,sfti_6ab7ae53c4c36ae45c4b0c82,cand_3f54ecc53fd59887ebfa6cbd,paper_97aa61ef09c6239ca708
T2_NUMERIC,3678,785,sfti_1ea7340d0d2a399be6eaf30a,cand_8351ae5e2b85a3d79d7f4d3b,paper_36163f27241605cac35e
T2_NUMERIC,3678,786,sfti_5650cb7e1a8f064dba9067b7,cand_380b13a4fff2f78be7efa11c,paper_4cbcd513356a1d2d7b3e
T2_NUMERIC,3678,787,sfti_52f0a68ed06076a4501e84e7,cand_24488073eb477611ba7e3394,paper_09b9fe96046cdf192d6b
T2_NUMERIC,3678,788,sfti_1f97b8fb552c500bbd27d107,cand_c92f82ea3d6b3fab474d831b,paper_7d5aebf7dad543650e12
T2_NUMERIC,3678,789,sfti_b019d84ef0c6072e635da343,cand_a893812f7fb4e78c2c429f95,paper_890ef2be2fd45f1127d6
T2_NUMERIC,3678,790,sfti_e2f520b7db6b4a7b77e7f9cd,cand_6095d72869b7173657974cb9,paper_bc82aaaf60e66f5468da
T2_NUMERIC,3678,791,sfti_622a13f5e26157d62feeef0e,cand_802d2d3f2f5954d649e698b8,paper_8c89891cdaa55dcdff15
T2_NUMERIC,3678,792,sfti_5d0ab790e66e42a978bac45d,cand_8f2b2433cda3f29be70cfeeb,paper_97054b57472bb028ae26
T2_NUMERIC,3678,793,sfti_bb30e1e235bb2f2fcf0b4d72,cand_c1d50c53cf417fa1e83c82d5,paper_366543203c025501ed60
T2_NUMERIC,3678,794,sfti_4b535aa45ea25ef10d17f9d2,cand_686e22b276dacd13f6c2e57e,paper_6730bf81b0e9dacc6f71
T2_NUMERIC,3678,795,sfti_853a36f84832284d91ac9edd,cand_33ba564473fb655ef38849b1,paper_2d881cb8d1a1376b394c
T2_NUMERIC,3678,796,sfti_3260fecea6fb03c53288a451,cand_03e9f087dd681fdbb1c798fc,paper_908b6ec651f9c3279ecd
T2_NUMERIC,3678,797,sfti_eef4d0b26def65842de87cf5,cand_04ff87f463322417e2ae457b,paper_4f31c328a7c95c22c4de
T2_NUMERIC,3678,798,sfti_f9d75db9e2e70912a54435d8,cand_ec5e8b61482cbf469ab6e288,paper_545b45f788f24062a345
T2_NUMERIC,3678,799,sfti_190fb4609a5faf9caf5e3aa7,cand_788e26ca69500858fd4acf1e,paper_ba893a0b287fc0db68c1
T2_NUMERIC,3678,800,sfti_29f29ab2413ae2b6f19da62a,cand_3884627e81ed728c45fe5667,paper_5a9b7e5a9f7c8c1ba166
T2_NUMERIC,3678,801,sfti_09de17d1811d7bd06d578d6c,cand_c110f60c54241f666fc9d29b,paper_fea55ea95297375b89d0
T2_NUMERIC,3678,802,sfti_e240f9ac954b1d1bc1b25938,cand_2ae39535429e0b389afe3e6f,paper_61b3e2b332fc7c0c5fac
T2_NUMERIC,3678,803,sfti_e92ddc639b4c3c8893a3c3eb,cand_45f909b8475f274d7d85c09a,paper_94955909662fc0f4ebf4
T2_NUMERIC,3678,804,sfti_b10d27d40eebfa16d458e0c4,cand_10bb2fb1f4deac90b61bff02,paper_0ce613e2f32acae68fe5
T2_NUMERIC,3678,805,sfti_d228d2ea279dcc60f3450cc8,cand_5326c1e2c412cf3d682cd80f,paper_166727dca4c31311fb06
T2_NUMERIC,3678,806,sfti_ad461ce5ab29c36d39a28480,cand_d7096c5dae439ff91980592e,paper_3b5376f517a21dde4409
T2_NUMERIC,3678,807,sfti_e8a4e401aa1975a7b96a443f,cand_5f8d4472441db16d118932b9,paper_5adcc8e2ca04bcfc87d9
T2_NUMERIC,3678,808,sfti_8fb8184cbb70581bf2557c80,cand_825134df9daa2177a104ffeb,paper_50eeb1ec2837eb632dc7
T2_NUMERIC,3678,809,sfti_2f37ea5678f93181d6a35320,cand_efdeb1c15f8d57d282a0dfba,paper_2175732ba55339f5c6f5
T2_NUMERIC,3678,810,sfti_4790d9293cb840af5449301a,cand_8f9c0ea20114ccf0f8659259,paper_86c706cc7c1b31c5b704
T2_NUMERIC,3678,811,sfti_6229696b79b9c6700efdbb89,cand_f1c57af72018b5b95a4f8eb0,paper_d4ec7d296adf27d47a89
T2_NUMERIC,3678,812,sfti_3923ba7573c56079ab356958,cand_287b20178c51c571c055d618,paper_5565b4dc086c1ca4d22d
T2_NUMERIC,3678,813,sfti_39b72ab14e701c3199380a32,cand_159aa783c49b67c82d5a6971,paper_a9dd875727810e20e480
T2_NUMERIC,3678,814,sfti_6eff0e37d20dea11c3cce848,cand_b7709073582002252fe0ef83,paper_cd99825e674af93f54a0
T2_NUMERIC,3678,815,sfti_cb26ad9c6ba73deb21f6a61c,cand_19c9c32f99d182ec5509817b,paper_23dce9b08be913b037dd
T2_NUMERIC,3678,816,sfti_c95f2ee43f741806d8fdf888,cand_5b46b9734874eccc629b17e4,paper_d1e6094c69cf04df5d74
T2_NUMERIC,3678,817,sfti_d74bb7970c729cdd06086b40,cand_d436411dae957c3b1aa0a41a,paper_0e42ce275b00cae15eee
T2_NUMERIC,3678,818,sfti_decfc04cb60042ac32ec45e6,cand_b77dd9342bfd4a2918a4b3b0,paper_671daf0e5afd51aed570
T2_NUMERIC,3678,819,sfti_8baa7d62616de04e58a7b41c,cand_de36e9ef54a615c487fdb838,paper_b9c2648598a28dbc45e5
T2_NUMERIC,3678,820,sfti_aba390382bb7c36e36ca2c11,cand_cad472567802af61a44a84d2,paper_d0057ec9692b59e85878
T2_NUMERIC,3678,821,sfti_9afcff2ae4ce3623e867278d,cand_c78d54283f807ba31fb74798,paper_e0741239e6b4af7e9060
T2_NUMERIC,3678,822,sfti_a80716e55b250b202fd6de97,cand_879732e63ab851cb3961e4cf,paper_75028984950c883d55ee
T2_NUMERIC,3678,823,sfti_08f47b4ada69f73537a1f5df,cand_2c60d54115e3f9f76b88c969,paper_d0635a46f2116c940eab
T2_NUMERIC,3678,824,sfti_941e66c08a5ceaafe59284c3,cand_152941f6f95a3771b546fb7d,paper_a0f697f2769682f05941
T2_NUMERIC,3678,825,sfti_37725e91d6d83fc027e328ed,cand_dfd2b8ba7b949b6bb93e9fa2,paper_85c49445cc84be9508d8
T2_NUMERIC,3678,826,sfti_63aec893e49c76fb52b7439d,cand_4b3ae3782c628296da55a7d9,paper_6cb01085fce48cd8b2e3
T2_NUMERIC,3678,827,sfti_1a41002f7334936d7af09a2d,cand_b1a4bca1faeaf2c0a67d3798,paper_15fe252af04f747cd417
T2_NUMERIC,3678,828,sfti_a92dc04f9cddfabddf4fdc53,cand_15d0e898ae20623ab725006d,paper_aaafd1cf52290be1e187
T2_NUMERIC,3678,829,sfti_cbc87b1a63e5731dc5d57382,cand_a6beec765b6ada02f626cee9,paper_0711aea5c961dd8c374d
T2_NUMERIC,3678,830,sfti_02d689a06ae298eba582c267,cand_f3a0527778eb79f3295caf2a,paper_b818e1ab3266976a8db9
T2_NUMERIC,3678,831,sfti_9045b4aeea43004d57409503,cand_3a22573a9b2090bc508d9c47,paper_36e100af2733ee6a2ae6
T2_NUMERIC,3678,832,sfti_18c8d78e5ca0ec8f7d99bc36,cand_e36a9d4a98b0992f421848eb,paper_d62c80d90844c772db99
T2_NUMERIC,3678,833,sfti_b8784d4670cff6d38fe10afa,cand_bad5bcbeadc3003a69921c66,paper_9638a9b9407457710066
T2_NUMERIC,3678,834,sfti_2ffb83446a554dc54b485ae9,cand_baa933696d072b4eb2d3478c,paper_c7495d7c09eec5e52ed8
T2_NUMERIC,3678,835,sfti_c61f1d3a9de1d540c2a5e0c1,cand_376a407e19b0c897dee5502a,paper_f8503ebcd0d534154ebf
T2_NUMERIC,3678,836,sfti_712562096b5df964567bb493,cand_15a2eb50d5adc950c9cad116,paper_f30f6ee41d1bce340228
T2_NUMERIC,3678,837,sfti_834ab71021ec74e2a3d517a1,cand_88414dacbfe2f5aa1bf123a0,paper_c49ccb174fbc496a5b58
T2_NUMERIC,3678,838,sfti_c8fe2ed9c5d202c336a933fb,cand_e0f8ecbc40052bf91370ac05,paper_083fa62561b4443889cc
T2_NUMERIC,3678,839,sfti_d92f8a7dd62cdbf21963e259,cand_263b1b6b761696955cb2bb1d,paper_7aff078d2e9781c2b640
T2_NUMERIC,3678,840,sfti_9a048197c7474a163bd5912e,cand_8de026e16a39c1673cf7e198,paper_ce9dec4ed831452472f3
T2_NUMERIC,3678,841,sfti_a9970da699805199200e31a2,cand_4feef60cc719892913f681e4,paper_f75a51877cad3bfac087
T2_NUMERIC,3678,842,sfti_e9315fa1721460b680fe3cb4,cand_7d0377c6dac7891dd88b6672,paper_fb4e7a3a63bf54771fa1
T2_NUMERIC,3678,843,sfti_50f45f0d470e98dfa5aa0109,cand_1ab07ddfb3aa29e97fc75a6f,paper_169d152bd78e1f0e9b49
T2_NUMERIC,3678,844,sfti_a7a46c5f0e41ffb0de92de0d,cand_b2a5a8fb14f430db76f7b330,paper_370b9de0cafa2df70ca1
T2_NUMERIC,3678,845,sfti_f1e6a43fd91dca29a70f090d,cand_9283be90efdb4a3b2c36de87,paper_27881da4624b6a406df0
T2_NUMERIC,3678,846,sfti_588510c3c457fcbc41664149,cand_5630b037abfba6a2e77113c7,paper_b12e54a4828575cf2d3c
T2_NUMERIC,3678,847,sfti_da07557b42b4b9730b09d267,cand_1d90dfd7e776d3f75a452904,paper_8a5acc89d7b1cbb5da6a
T2_NUMERIC,3678,848,sfti_b49e34e48436ab4ca5227025,cand_3f16edacbe133133a4ceaf25,paper_39dc0e0683b33639f89f
T2_NUMERIC,3678,849,sfti_4c2f55f019861d49957e3d47,cand_e20c85d02834c30c5293f23b,paper_b4060e490d5e7ece7232
T2_NUMERIC,3678,850,sfti_7454e3d377ac1545f5d51b0d,cand_076bba20898e42c63e5d708a,paper_60df40936b7a7b4cec2d
T2_NUMERIC,3678,851,sfti_54b600139730432cdc45c83c,cand_e4bfb660689b309870eb5f96,paper_9fe3574541257f9f6861
T2_NUMERIC,3678,852,sfti_f9fa21db4d9d5ed72dc65ac4,cand_b9956785fd7d556c738c2777,paper_2fa76b57fa652824daf1
T2_NUMERIC,3678,853,sfti_42098779d997402e57e93f99,cand_358f2d259607b28c1292f50d,paper_e5d9d6c267fc21d77d2b
T2_NUMERIC,3678,854,sfti_4798d3752f03f869bb9e5d2a,cand_bbccdb992f98365f75293022,paper_2a5e403c4e09f892efd2
T2_NUMERIC,3678,855,sfti_183990448bae06d57eff8b1c,cand_835a8b5f0ebfdba70dd5dea3,paper_fb930d159272344a0721
T2_NUMERIC,3678,856,sfti_dbaf620a4a579fbef1e77e5d,cand_9b9e87ebac010c448dde9af8,paper_e8cec3b5129bb5312ae8
T2_NUMERIC,3678,857,sfti_46e3af7a81697610a8260787,cand_2062926257dbfde8d525412b,paper_74360882a4fd3ef23b19
T2_NUMERIC,3678,858,sfti_b8a8ae10cf1d4f3f1e274b45,cand_84de91d6048bae6268eae043,paper_f381f9a0a52c01466fef
T2_NUMERIC,3678,859,sfti_b520a6969acb4d40585af095,cand_89809d34e8ad79c2f455f0f7,paper_8a046c008c29850c937b
T2_NUMERIC,3678,860,sfti_16b6b2ec2d1ef5d10280ee0f,cand_5addbc7329a7b4a7ee1049f1,paper_5e4f95cfed598276c079
T2_NUMERIC,3678,861,sfti_506baade8528141ba8477b66,cand_7975be5d4c8f8237e457accc,paper_3d90170a02ec76d9ceea
T2_NUMERIC,3678,862,sfti_d05f7ad360089423408d2cbb,cand_8503e5d5ad69a0033e3e1d12,paper_2f0ed310f194dc58ba32
T2_NUMERIC,3678,863,sfti_987cd4170d7df1bd12d80bd1,cand_e179c485ba173d339330f27f,paper_df45d253c3a9b25b03cb
T2_NUMERIC,3678,864,sfti_d2231ebb5fe74c1ba47ada05,cand_6138df70aaa8c2e95a7be03a,paper_be916dbf47bd1190bfac
T2_NUMERIC,3678,865,sfti_2541cbbe92c6fc2f7bd7792c,cand_e0dd84bbc347c67ac247293e,paper_67f4876ffc226b423149
T2_NUMERIC,3678,866,sfti_3ebe5c26c924e3f8e4c260e3,cand_583d695f8f72c64a55d000d3,paper_f65e1cf061dc75a3b817
T2_NUMERIC,3678,867,sfti_6025091b96c681678e00ce31,cand_3a064084cb2390b38d2a4005,paper_36276ee9d44792005ff8
T2_NUMERIC,3678,868,sfti_a580c188bf533637b0ad5e36,cand_f57a771952382c0e79b37296,paper_83a94f1c88011ed1464f
T2_NUMERIC,3678,869,sfti_ec4262132d541940b40e8dee,cand_61aa2d5b37636994907acea8,paper_2fb2efaeb9b40547dbba
T2_NUMERIC,3678,870,sfti_ecb3ec93368c69d22e8b13dc,cand_7c16d8cc7da5f15330372220,paper_0c9b21dc345f17575dc6
T2_NUMERIC,3678,871,sfti_47b144e5d06653384268202f,cand_73b2b11ea425e14856db3196,paper_6aabe31ff814c94de9be
T2_NUMERIC,3678,872,sfti_49f704b20d909e38b0b8a082,cand_9043afb7101504a06006dbda,paper_817baf95fed9d0fdcad7
T2_NUMERIC,3678,873,sfti_0c301cbe1b85ea0869dcedd7,cand_e8c1ee3d025046685bfa2071,paper_5ce355c8f4c399651bf5
T2_NUMERIC,3678,874,sfti_dcdb79a83f31505ecd19878e,cand_dc555e26252eb1279d3ea4fd,paper_f958223ca2563b6c2ee0
T2_NUMERIC,3678,875,sfti_6db5ee15519eef4ee3faefa9,cand_4235cbb906c9ec71ae1d7bb9,paper_d5bb0856ca7695b7aedb
T2_NUMERIC,3678,876,sfti_9b3b6258aa7fedcfab85540b,cand_2bf3dc80aab84e851092e006,paper_ee17b77f49c39b4459ff
T2_NUMERIC,3678,877,sfti_5ced1eb6c35d715fd843947a,cand_8ef241aabd1247ccab827851,paper_229a70bda75d65e03878
T2_NUMERIC,3678,878,sfti_6b8cba05bec6f555d0c3c6b9,cand_938025bfda311269c27461fd,paper_171bbac0ef4b02866477
T2_NUMERIC,3678,879,sfti_d8ddede2d487cc5bc66ef146,cand_c0396ab5971e910717a452ee,paper_083453b34b1f4bf3a511
T2_NUMERIC,3678,880,sfti_ca6583528f5aeed09747ac42,cand_46553b088b2bb11f990b4217,paper_c88fa716da4fb68afa81
T2_NUMERIC,3678,881,sfti_95cbeb9964a05884e5c7ed49,cand_6b7f2544e3252dc9a20896ef,paper_6549ab238decd77f0d36
T2_NUMERIC,3678,882,sfti_cc9c4fb9fe0853a97fb16030,cand_26f1cfe2fc5bfc5005d1f562,paper_d82adf03b07ce22c3b54
T2_NUMERIC,3678,883,sfti_099a8077b363b30e0ec5a829,cand_64fd81597014b784342fef4b,paper_2b56bf1fad41ce819b04
T2_NUMERIC,3678,884,sfti_1acc034f3c87757d875cc4eb,cand_e3bdeb9aec1f7d842261f655,paper_2f4030b1e5c2b75fa04a
T2_NUMERIC,3678,885,sfti_de2c6f87be0a6a050dfbd7b3,cand_067e8fe4695883295981075d,paper_974fb714ec6870c7868d
T2_NUMERIC,3678,886,sfti_421b03c13ed140fff779b4c3,cand_4d3eb6c111d4e92e55c5a303,paper_d0916bb0e72843b26dae
T2_NUMERIC,3678,887,sfti_72ce7087e5c9405087cf6f3d,cand_e15a58ca697850f051b2899a,paper_0b034a0d6b0a5bf01d4d
T2_NUMERIC,3678,888,sfti_f0f592cf7a503c6456740eaf,cand_d7f8015d830a5c0e7fff3c8d,paper_7dba6cb3e3d5e86994a3
T2_NUMERIC,3678,889,sfti_f57ce9fde345ccad364179dc,cand_fa5c2f2f2ba7eb115451f225,paper_9a54738a99b16009b844
T2_NUMERIC,3678,890,sfti_f4d8c08b180f7e0c2a995abb,cand_4356d05d686ad0980d896bad,paper_76b5dd38ce3ab801e549
T2_NUMERIC,3678,891,sfti_6aef79ec459590fc820e515f,cand_ff08a25df1c776a2688c7d50,paper_4fdf48b1c1f6829863fa
T2_NUMERIC,3678,892,sfti_bd226f962db4e8934e7ac094,cand_cab65ba002932223d124df51,paper_89fda2b1fae52af29ea2
T2_NUMERIC,3678,893,sfti_a8b85dbf015285267f77b0cf,cand_d1f4df61aa938de6eccbbd72,paper_1929f7cd87eef5deef5a
T2_NUMERIC,3678,894,sfti_9ff4c08abae310783974ea66,cand_7e083ceeb5bebb482300ca45,paper_660368a4127cdf5bd6ee
T2_NUMERIC,3678,895,sfti_d201762446d6c6ee24b2db27,cand_248b9ccf072f9b475d5c43c1,paper_664bbbd2927cf5a8c793
T2_NUMERIC,3678,896,sfti_a9df0e4fcfe1807e3be1623c,cand_2305be9a33c7e20b0ead645e,paper_81b4e1ea1b99d3abd617
T2_NUMERIC,3678,897,sfti_95e5608627d71d7ddebcb843,cand_010db06989369eeef00e3cca,paper_bc125e70842da3448cfd
T2_NUMERIC,3678,898,sfti_bab9e8fdd4dc545635a4855a,cand_660418e641b3c7b2526326ae,paper_3e108b41eee96bc84a73
T2_NUMERIC,3678,899,sfti_a2499b48f7b1bd19180c1819,cand_756c34cee01872c340f46636,paper_7aaade949bb14c05bfe7
T2_NUMERIC,3678,900,sfti_6f674f21f56905d723793919,cand_76edb526b1c3678a0b69ca2a,paper_8e32e74457d3a767dfc5
T2_NUMERIC,3678,901,sfti_9f888db095bd2327da79eeed,cand_1d74352fa90a891f4aee3bc5,paper_4f1ab823cfd9f70682e6
T2_NUMERIC,3678,902,sfti_82a3b8d87d6fce66e81d92a5,cand_18d7c8aaab4af2af45fb846b,paper_89e5d5d70972f39a5320
T2_NUMERIC,3678,903,sfti_b820cd0f9914a0080210ed0c,cand_3daa7849dea1791be74d2cf4,paper_6bcf74cbd6b92531a34f
T2_NUMERIC,3678,904,sfti_e5cb817ee848999c863bce88,cand_c4efc7de3c8693c8fee0112f,paper_6a3930f614a5b0685194
T2_NUMERIC,3678,905,sfti_9b20d1efe9f8f8acbdfc4a0b,cand_65c0fca01eed7de0062c39ed,paper_0199bd2da3a1c6ae84f4
T2_NUMERIC,3678,906,sfti_819ffbc18087f6602dfb8301,cand_5745bf0de3ae5da483e21924,paper_b90f1d01f87532c03ee1
T2_NUMERIC,3678,907,sfti_faa4c23e0ff02f63f5e79653,cand_93a46d14c6054593c86ecb7e,paper_69f7388134bb5baddc3c
T2_NUMERIC,3678,908,sfti_1b83edda2fb51889a1f9789d,cand_de6596f52aaa5bfcc9967126,paper_063a8027d8086e50cb66
T2_NUMERIC,3678,909,sfti_033df64c19ccb0bfbac36d32,cand_3ab717a1a58ba9852ee73636,paper_258756920680bd1f8b41
T2_NUMERIC,3678,910,sfti_4ff569bede8068856f0109d7,cand_c9d62cfb3ecc8ad8194586c7,paper_92969607871cfe57fe43
T2_NUMERIC,3678,911,sfti_4650f784f3c43b2c1e3dac12,cand_5c7b86f4ff9f32a0eba9a226,paper_0c794859356c0884a5e4
T2_NUMERIC,3678,912,sfti_49aba48aa3347375f33e9f15,cand_57d6aca90775703bb75c8619,paper_7249aa5b34be37b5061a
T2_NUMERIC,3678,913,sfti_ac1d0f326d73d4e7253f4d64,cand_c6e6e30303f97a93c0fac7f2,paper_e3892e7e8caa66ec339f
T2_NUMERIC,3678,914,sfti_1ed97b4a907748bcf173d282,cand_1e98382e0f197bc240cda8b5,paper_5cb8db5c0d334bb45ec9
T2_NUMERIC,3678,915,sfti_190c0537bb2cc15511400069,cand_cc4d132fcb83aee0245dddcb,paper_c883fb07780c18c56d51
T2_NUMERIC,3678,916,sfti_ddf01610eb86c252ece41933,cand_e0bd4449b0c6106baf8288b5,paper_369353ad961a699d2837
T2_NUMERIC,3678,917,sfti_cc87e4128c0cab4ad33e7ea4,cand_314dc9111c30dccb1e923ed3,paper_8c839b9120e4ee048bb7
T2_NUMERIC,3678,918,sfti_4ff1e6566dc26081215bea4f,cand_6517276c2cd2e9a57623f73a,paper_2cdf2c4c1a28280b7e7e
T2_NUMERIC,3678,919,sfti_a6b67ec30dec135091c9b672,cand_aa3d5fb82a119b9bc7bb6249,paper_f458cadda44351f46cb6
T2_NUMERIC,3678,920,sfti_db89fd81ea3925be5887e794,cand_43dc6dc98161b4d422ac975d,paper_a94d2ad962132cfd24cc
T2_NUMERIC,3678,921,sfti_27b2d3fe61d2d3548ac1a777,cand_2599c7b1a940c0e16df975c2,paper_cee2d0d3e1876eb73b39
T2_NUMERIC,3678,922,sfti_d44f0ad0a495ebada54f18b3,cand_b7d352584cffabd1f9ab0fe5,paper_aea223f0ad33690bdefb
T2_NUMERIC,3678,923,sfti_d7fa70cb1d3c5e6f7c1e765b,cand_bfe585f30bdef686a6d58990,paper_94dee75e64b89bf47143
T2_NUMERIC,3678,924,sfti_d1adffb0ef4bb7305aaaab59,cand_ec50ac869f63df522bcb75c3,paper_a7848c6c4a9124568eeb
T2_NUMERIC,3678,925,sfti_831af1186a2160223bed46ff,cand_1b4d9d0276ff7ef2de637d82,paper_aadd6adaf7e7776d1f64
T2_NUMERIC,3678,926,sfti_a8b0560fcf351f0e8bcc6b33,cand_45545cec0246f4aef07e93dd,paper_81299702e47fe70c2f7d
T2_NUMERIC,3678,927,sfti_2821346e67ab701ceec53025,cand_ffb4df4431e3e4200ca0a4a3,paper_44d79256d8a5312b7ada
T2_NUMERIC,3678,928,sfti_ea9dc1c481b23673a2a7c69b,cand_c5dd6b4f2a31cdd3466709ac,paper_e64d61732e6aa5e667ac
T2_NUMERIC,3678,929,sfti_c9bb6747c3c9e2d30ecbf1b8,cand_75ae86f55a3154633f084399,paper_7dc23c11a92281e380a2
T2_NUMERIC,3678,930,sfti_37d0feba638944db5b498c99,cand_e8843138992cd498b851cb39,paper_6ab82d7f74d54ba2b45b
T2_NUMERIC,3678,931,sfti_1dc591a8ca627f3b214e5d83,cand_a8dea41e975753f29c6eb9b5,paper_be0e7d5b81995f9db5e7
T2_NUMERIC,3678,932,sfti_25c8c33d07bdaaec9b2fa6d0,cand_75c6746efe3acb4909912f4b,paper_b0bb506c29582306cc25
T2_NUMERIC,3678,933,sfti_e6d8bb766d9aadf399257d18,cand_16290870780df1d03353e5e1,paper_48b7ec807069e8d2c488
T2_NUMERIC,3678,934,sfti_c338c129072b646210af9c3a,cand_07f7c5aec2f90e2b7c0ded40,paper_7389c18aa7fbdb9182cf
T2_NUMERIC,3678,935,sfti_5d086ed0a468d249f4aae916,cand_588066cab8948289c6f57b88,paper_f5290df23f6ebbf4d530
T2_NUMERIC,3678,936,sfti_a830533b8e19680019835bd0,cand_9dfb8839dc66a33e70d67206,paper_3215e9f1742562ad079b
T2_NUMERIC,3678,937,sfti_b30ce9a9f504a2ddeeca41c9,cand_0629d810e1beb3c436c25917,paper_4fe3a499c98362690104
T2_NUMERIC,3678,938,sfti_615c10c2bfc0478e81058b41,cand_846c643943aa511b880e1259,paper_bfc0c8414856513ea244
T2_NUMERIC,3678,939,sfti_45668fa800fcc500b1669c50,cand_c1d088e73fd19697c415b103,paper_d4cdccfc8cc1d77cc1ce
T2_NUMERIC,3678,940,sfti_f5645dd2859e85827ddbb93c,cand_7ffb4c45335df84677e685bb,paper_672820ba66c7092900cd
T2_NUMERIC,3678,941,sfti_0cd9506c54cc92a2f662f806,cand_41f8bc5706c4251e5bf17a7b,paper_73dc6842ac0f62ccc904
T2_NUMERIC,3678,942,sfti_ad44c2f9aecb6df05b17dc24,cand_270ac96710fab0fade4956c1,paper_56c871a48eef1bc45564
T2_NUMERIC,3678,943,sfti_b7afc5f7e03a81b47d48086f,cand_4f003ebced0498b7881b6e9e,paper_1099000f012657a4a58c
T2_NUMERIC,3678,944,sfti_ae2070c5f619a4d06cae29e0,cand_33e9f7f0f9be036c6c09c727,paper_acef42607abe11ef888b
T2_NUMERIC,3678,945,sfti_2d6e3fe66d32b6716faa8f9d,cand_542fc3be7e5ec60096cb5083,paper_5a3e71193efaa78970bc
T2_NUMERIC,3678,946,sfti_49066b1667ab5d3015980c86,cand_191310bf1cf98b84ea0bb571,paper_6dea042420858e16f3b7
T2_NUMERIC,3678,947,sfti_4df531012437d4b529b0c4ff,cand_2b95b91a3ea1287ce56f14e5,paper_1481b40c44e6e5e2973d
T2_NUMERIC,3678,948,sfti_cb65a26558714d4452e818d5,cand_e4f004e836852945df536220,paper_eddc5d22611e6979656e
T2_NUMERIC,3678,949,sfti_fee6dc79ac5ac2f16e76ef78,cand_b5ebe434c058d1a3442f8552,paper_7d74f52644d513698ed3
T2_NUMERIC,3678,950,sfti_7605e3d5a7e457682828375c,cand_f10a444594d4814a80e864ee,paper_5a950095cd27f4047930
T2_NUMERIC,3678,951,sfti_a7cada7ca53098f2de0a6295,cand_85fe57094ba2a25ef139f6b1,paper_fe3a5ab86b7888190097
T2_NUMERIC,3678,952,sfti_7f06cd58590a08b6e2f9c08d,cand_080337a15b919fd0691ee43a,paper_3eaca8f4077da8e86595
T2_NUMERIC,3678,953,sfti_4fb3d7792f75c3c669983f69,cand_4f02bf2de7b38378932ee5af,paper_a1519868149566c09b85
T2_NUMERIC,3678,954,sfti_6f1e88725f2c72df811a9994,cand_f2639f4f0054b0811ea89df7,paper_5089be4b16f8df84fd34
T2_NUMERIC,3678,955,sfti_029830dc96e1cbd3acef664a,cand_c9fb5b6145b3c79e147b3f2c,paper_122ce5784931a01456a5
T2_NUMERIC,3678,956,sfti_2f81f7e652e2f8a6ba7bf00c,cand_3b6d602e4d2ec326e98d2e4f,paper_32ea73c0ca7c36f3722d
T2_NUMERIC,3678,957,sfti_d629803c92a3f2aae86e7f39,cand_35600fc5537d365829280bc9,paper_7cd1f80ae0395836d825
T2_NUMERIC,3678,958,sfti_d1294757c4db6eda6a78964f,cand_54c360c4408257b2b4034109,paper_1a5a5643c69613aa0d3c
T2_NUMERIC,3678,959,sfti_63bf2e4045503a59e4a15c53,cand_1c7cd82fe9401c46cde2dc47,paper_226c3f8c333a117c19f2
T2_NUMERIC,3678,960,sfti_b193d5c7f37c9a7d72f4fa75,cand_edfbd93081b3c5b0f0e8cfd9,paper_2a007f0eb896c97e483a
T2_NUMERIC,3678,961,sfti_f8997e9a450e21803b1493af,cand_69c30b1bd2b8cd7283ebec0a,paper_53745b1a37f0f605a819
T2_NUMERIC,3678,962,sfti_a5121bb71fa40d1461165485,cand_5ef4009beda20bbe4c857e6a,paper_5be19bce69768241e503
T2_NUMERIC,3678,963,sfti_ff76f117355863682a1af16c,cand_7f97ccecfa912808c93c1bc1,paper_3f3d0e48546e4ff42f4c
T2_NUMERIC,3678,964,sfti_a378cf63d8931201d4e90f38,cand_3674a32ace52df0ff41dbe5c,paper_c182b34bda7dc629ef5a
T2_NUMERIC,3678,965,sfti_0de2bf7bf43696030bc6a758,cand_ce27ab2b9b3ad8254ba7ad80,paper_e32ff121a88635b9567c
T2_NUMERIC,3678,966,sfti_17efb767d5e8688601ca5d2d,cand_93559854f0da6840a397c74b,paper_5a677972ee4e2affa5cb
T2_NUMERIC,3678,967,sfti_d1877b6569faf74969c3520f,cand_8935f196f785c2a8b56be9e7,paper_bfafb1f783cf1c10b709
T2_NUMERIC,3678,968,sfti_aacd3fbbea04f9746a5db4e8,cand_44d21adc4f06cec9fc846b85,paper_0ec8a1fff8943d1ae2df
T2_NUMERIC,3678,969,sfti_2d59e60b0b1f21dfa8bc0741,cand_bdf98b52559fd2faae118a97,paper_3fa14c53e2d79e3ad20a
T2_NUMERIC,3678,970,sfti_ae51bbd16f5dfe9baaebc479,cand_4c5cdac19517a27eb599a0a0,paper_dec8e545ef1e3441ee9b
T2_NUMERIC,3678,971,sfti_1cf263252570e52889589eee,cand_1a4f28ef0bae6527987b823d,paper_ca020b57ac7dedaa6980
T2_NUMERIC,3678,972,sfti_3315dd25b9e8c0af60b238a2,cand_bd73cebf0f22bce2e2f3b098,paper_ce1163eb5c6947b3d79a
T2_NUMERIC,3678,973,sfti_75c18461e6f8e5de29d23ca6,cand_64c3de163c7e1bebd685ad9b,paper_6cf5f6f38da91c39d03f
T2_NUMERIC,3678,974,sfti_43bc0dbf0098a783fdfeaa47,cand_511a64794729fc6ac31b082c,paper_abe7697bd530fa52a28f
T2_NUMERIC,3678,975,sfti_1d760119931251e7f94b38e4,cand_02f25f2a70708b387a28a2f3,paper_b0e9eb2848ba1c224022
T2_NUMERIC,3678,976,sfti_8431af7d4c3940144e4b11d7,cand_157405e68241f10d94dbc433,paper_aba6a50b0e33123b60f3
T2_NUMERIC,3678,977,sfti_32f205b307ed51d2ffdda81d,cand_893d7b60fb9098f3763bf8a1,paper_41969b2a5efedb22cfed
T2_NUMERIC,3678,978,sfti_68fa475a74ddce489e9efa50,cand_7890b3e620b6ebe44fd1c087,paper_867248425c354151c78a
T2_NUMERIC,3678,979,sfti_20058624b7bf67eea9c9b6c9,cand_fa49f035c50cdf09ac500f01,paper_53d17039ee6ced32c298
T2_NUMERIC,3678,980,sfti_d8ab30d943b57d316cd51aa7,cand_72dca8d01c0336b66efa20a8,paper_39478f8dbc9276d1b5ff
T2_NUMERIC,3678,981,sfti_05c9ebe925dce4a954663496,cand_7e9992340153148d60603e2b,paper_6445b8c71cfc27098a19
T2_NUMERIC,3678,982,sfti_393c49247091a2274b98287c,cand_6cfa0197946b48e820a879f7,paper_57e0d2b061547e81fe80
T2_NUMERIC,3678,983,sfti_d77977c985cd7af578994903,cand_62903173372bec23ade3f802,paper_71efa30c4894c1d655f8
T2_NUMERIC,3678,984,sfti_a6708df226fc8469ea872725,cand_0008e7c05de38261429ccd29,paper_93ab30d33d5d512908f9
T2_NUMERIC,3678,985,sfti_7e8f50f6af465b40faed7927,cand_4f07d37271d0b2d399fb70a6,paper_9dda9fd662e16f63aea6
T2_NUMERIC,3678,986,sfti_efc4a84b54b54133ec01fcbb,cand_e8fb96a92a8b574d12af3500,paper_0a7d6170833642992e54
T2_NUMERIC,3678,987,sfti_84353d72b3c1c6844b1239c7,cand_19219b8d6a40da3776d517c7,paper_87938812c0715e3e4672
T2_NUMERIC,3678,988,sfti_03d9d02e9a4ad6d11eaa7314,cand_abdd34be59ac296d8518d5b6,paper_462564d91183c05007a4
T2_NUMERIC,3678,989,sfti_f6ce295640a6a3698695b456,cand_1b26368362608ea22053e592,paper_767cf025ca3c15e068b9
T2_NUMERIC,3678,990,sfti_f1bce983a00fbfcc7b7f29ad,cand_eedf127c27760189cafe0743,paper_76556fecca66ba0e9e6a
T2_NUMERIC,3678,991,sfti_ec080297fcf1803eba10421c,cand_a4ac580c5e1a2087e9b051b2,paper_d6098e7c24a35a215597
T2_NUMERIC,3678,992,sfti_f13b7b49c457545d4bebc1d0,cand_d170eb30ec15ec4082511f0b,paper_e924e456ceaca93fa45c
T2_NUMERIC,3678,993,sfti_f8f6cd4a57cfbb1304e90b0c,cand_e4908b4da0929b7ebec91310,paper_214d06fafbe5b2033c31
T2_NUMERIC,3678,994,sfti_8b04072329e7e28de05876f8,cand_9c4c56ad0690c61f6455619b,paper_a029fe615c3acdd6ae56
T2_NUMERIC,3678,995,sfti_87a7af5ae195787fd52d167c,cand_0c48e29de135468d59f6391c,paper_4f56eb43f6a9f68765d6
T2_NUMERIC,3678,996,sfti_5cd0ca8a9e88f7722e5e3267,cand_5101d7157017b6f69465d43f,paper_edf34128fd562d5d7109
T2_NUMERIC,3678,997,sfti_013043f3c71672f49dbb2dc9,cand_53a631f3c113d08cf34da2cb,paper_bf3e76e2793a39a4b709
T2_NUMERIC,3678,998,sfti_87dabafe4a5b5c8b083eee29,cand_7d0da4d559013652bd6781cb,paper_01ae4cd09750e14709a0
T2_NUMERIC,3678,999,sfti_6e55e7ca29aac887296c1131,cand_678576b0422cec406a1f264c,paper_87be139223c2bd606a81
T2_NUMERIC,3678,1000,sfti_5f74d375f76c301e199f71df,cand_5d0b9f7f21b346c2e4f43410,paper_40ad1ca31f69049b9c34
T2_NUMERIC,3678,1001,sfti_b54338494239a16d20874e92,cand_d5078504d6914af8d4742106,paper_31f1cb4fdb10b6110e78
T2_NUMERIC,3678,1002,sfti_9bbfa163869e896c60e63d57,cand_71713a449121984b7e0466f1,paper_4877825c00e174f1190a
T2_NUMERIC,3678,1003,sfti_d5635b2cca34c733fc935fb6,cand_ac970c9fb187874cf4d471ce,paper_3af5860f6f122a895eb2
T2_NUMERIC,3678,1004,sfti_ae42497ac52d53a3b546dc7f,cand_256dd01accf04bae3a1bb56d,paper_c9fdc8cedb5be40f0dc1
T2_NUMERIC,3678,1005,sfti_df8774383b602c36fb4ef93d,cand_4aacd2f48bf889709d1d6500,paper_06d9e29054e6f8bf85d7
T2_NUMERIC,3678,1006,sfti_3a6fb3926383f84a25858ba0,cand_73f868b17ca33e5ea8f15713,paper_aa9d7fc4331799659cfe
T2_NUMERIC,3678,1007,sfti_88870769e724d97318829d20,cand_914f871c62e50b72c740bc94,paper_ab4bbcc8857ba3557148
T2_NUMERIC,3678,1008,sfti_57b7498c6ec76aca1140c321,cand_438266e0536110bce5985c6a,paper_44c900579a80dc2c3e19
T2_NUMERIC,3678,1009,sfti_662b72e6c73aea57bb19e851,cand_f35729915904d75ac3e767a3,paper_2fcc3dcbe371ec40710f
T2_NUMERIC,3678,1010,sfti_bed567f1444d4b5ff8f028a7,cand_5f25c8a5955c0fc1cf3c1410,paper_0cf5a0ec78df6032a89d
T2_NUMERIC,3678,1011,sfti_4cd7aa0662e1a1728f9a54ab,cand_a53e658db7831b835c1088af,paper_c982d4182089a90e2a96
T2_NUMERIC,3678,1012,sfti_d9b56f43bc2ba7aa46ec12a0,cand_8931752f4b111ff66e67fa13,paper_347a5b1658801d734112
T2_NUMERIC,3678,1013,sfti_2a57f792a1b67460a8615efc,cand_50ef112212c448d7a9ff679a,paper_a39e2e13b6afca086191
T2_NUMERIC,3678,1014,sfti_6d7efae5b812bd65c7baf9a4,cand_8e482cef930cb044c708f1f3,paper_922e19bc2468753745b5
T2_NUMERIC,3678,1015,sfti_e980eb12190fb3337b78d4b8,cand_16dbc5af03103ba3f35faa49,paper_a5f1e11de5f0448369f5
T2_NUMERIC,3678,1016,sfti_0f8e9f3a291d5b66dfbea643,cand_af315d72e141a69efcd71aef,paper_c937bb1393cbcef323d9
T2_NUMERIC,3678,1017,sfti_143433357e644d541aa58e49,cand_b654b231593fde25c1d905fd,paper_7a141eb7ef1f59f479cb
T2_NUMERIC,3678,1018,sfti_d2f71e8cc13a328ae7a236b0,cand_3593623ba6ccec2edec9a3a8,paper_1f775b57bd412a071844
T2_NUMERIC,3678,1019,sfti_7e824cf4fa5363e3f4b4b414,cand_885fb3a3321da432332d8e3d,paper_a090533a9bc941a8e914
T2_NUMERIC,3678,1020,sfti_7c7125bf3d7fa9c483e9728a,cand_a6ca787c683766d2278edf9d,paper_af86becd1d44297317eb
T2_NUMERIC,3678,1021,sfti_e43c486a48e4c5e51f84c4ac,cand_4d43ad1a615d40ed45a5a04f,paper_62eb7922d1e559ef503c
T2_NUMERIC,3678,1022,sfti_36847d1106933406b1187e30,cand_227b16f3df592ead16d46ad2,paper_9fabef626ef961aa28c9
T2_NUMERIC,3678,1023,sfti_3a04e867911e0bf7725d7484,cand_191e2cb21a75385b9454c258,paper_a568110ddfe8b61d62ce
T2_NUMERIC,3678,1024,sfti_2dc650d5fcee69aad0a2d063,cand_d2cc3d8ccd559919d889c037,paper_f913304731279218e7c3
T2_NUMERIC,3678,1025,sfti_e0c246ebee673d2176a5ad83,cand_b11f2fcd8c6c5e985c7d4aa8,paper_4504bb0b1f6752d2176c
T2_NUMERIC,3678,1026,sfti_3eabbbcc50dd599ced312662,cand_01225f21d3b519380b9087ba,paper_def9d9309b4003de0ded
T2_NUMERIC,3678,1027,sfti_dd088a3954d6468520d4e1e8,cand_e387cba2857175a7ffd581cd,paper_752b87d11b844759f3ca
T2_NUMERIC,3678,1028,sfti_6fea20652893a17fcd641b9f,cand_b1ad7b74e513f338a470e355,paper_ce646a57e074e1cdd0d7
T2_NUMERIC,3678,1029,sfti_0ff60dc140888848af378d27,cand_265640e9f9d816cb39ae9879,paper_eb53a568018997d7a5a4
T2_NUMERIC,3678,1030,sfti_25343185c0d4a3aaff56da69,cand_45e6db0f902548086c583977,paper_d7a0aeadcd3541bb384e
T2_NUMERIC,3678,1031,sfti_b459783b04daac082f688070,cand_3b72615810f04c9ddc3d6c41,paper_36d630f627cf67853127
T2_NUMERIC,3678,1032,sfti_0f089cf2e7c3060089075a87,cand_320f27f5c243417311606c12,paper_6a2566344144df787916
T2_NUMERIC,3678,1033,sfti_ffbead8e732dab039bb684ca,cand_e882185fb90ffb90c4c8c252,paper_e74918395456cb11f56d
T2_NUMERIC,3678,1034,sfti_c98b04a48c9d24022764af9b,cand_25d0c64b16966d80d232b1a4,paper_6f3d4a5d21e0ed96c7f4
T2_NUMERIC,3678,1035,sfti_ed31c77df80ac0c9756900c2,cand_d5acb459187b4f86b5c53e50,paper_23bc6223ed3b36fa514e
T2_NUMERIC,3678,1036,sfti_30c7588e071bbab88780feec,cand_8c7bd8c453c6c7a748191b60,paper_201ccd1a0144f8ac3399
T2_NUMERIC,3678,1037,sfti_1da40cd59161cfc55c33eca8,cand_f7e542412f8009c52ef25a50,paper_783174359f20ba253383
T2_NUMERIC,3678,1038,sfti_ccdebcee3be09c4a4b4f205c,cand_00339d81cb052aabb6eda039,paper_35daa3771be2bd2112a0
T2_NUMERIC,3678,1039,sfti_bc04ffc95bf3c825e8ff540a,cand_82abc83b047f5bf6b3f224f3,paper_1850d9d0595fc4db1d19
T2_NUMERIC,3678,1040,sfti_eed2054ad5cf4a43d439a4a2,cand_26dbca3ebc6d2fe7681de194,paper_1818ec3ee88fcf4ec16b
T2_NUMERIC,3678,1041,sfti_c3d252108b0d0db2f2a9513a,cand_3ebefa18418aae3d626a12fb,paper_d70ed00ebaa890cfda32
T2_NUMERIC,3678,1042,sfti_168071c6ec4ed9bd2fb9f464,cand_e636be207d4c30f732d2e2f0,paper_869e1908a0428f3ad7c4
T2_NUMERIC,3678,1043,sfti_1b5e5f5e03cd2b7c50395863,cand_b54b2a80cf11df9e1e3449df,paper_eb85f70cd612e1e282fa
T2_NUMERIC,3678,1044,sfti_5faeb6bc30f32cdc18e181da,cand_58108e4c468b8fed2d4a8aba,paper_b85cbfed3a7df0f91bff
T2_NUMERIC,3678,1045,sfti_366f6ff0871cf5e8ce746b3f,cand_b008a54a0684f7fa52470855,paper_c6d38c3088f9d3f12a73
T2_NUMERIC,3678,1046,sfti_c1060f300884f1906fab9f6d,cand_840b76c12f83d6bad86557ea,paper_bddeaedeae51b7fcb2c8
T2_NUMERIC,3678,1047,sfti_bcf575e201a10089b11c37c4,cand_76e01afd737899613f87cc8d,paper_ab640ac2150e06496e16
T2_NUMERIC,3678,1048,sfti_60c84918c3358bd80db275eb,cand_fc400366c942fd0f69ed4173,paper_009e1ffb00faff097f0a
T2_NUMERIC,3678,1049,sfti_5f1fe0f9ad42224c9c7220df,cand_cef2bc875d2d89ab97199f9e,paper_f656dadd65e5d8d9c09c
T2_NUMERIC,3678,1050,sfti_2ebd4ca5c6e053c950ca08f8,cand_30365ad8671fdd3d53d69aa3,paper_782ce051c047673034e3
T2_NUMERIC,3678,1051,sfti_dec17f7a59871a799e66299f,cand_1e865241ecd0e53e72751041,paper_03cdba0d9cb94685678b
T2_NUMERIC,3678,1052,sfti_6b2ee72a32ba8e06c579f81c,cand_4880ef238cc93bd9c9ba4e4d,paper_f6efd567918cb5b94869
T2_NUMERIC,3678,1053,sfti_8026b61e4a33df0c6c787a45,cand_22da8684284ed117d37c566c,paper_69fa8302ed65d234bceb
T2_NUMERIC,3678,1054,sfti_73ed757f92ba7b723bdfe3a2,cand_a08205c45a03e0c1cb70b995,paper_7cc40044e8e7c820958f
T2_NUMERIC,3678,1055,sfti_14a31b19c556064e3c814307,cand_4b1609e16a45c67a92bce313,paper_0c7faa8670b4eda51f88
T2_NUMERIC,3678,1056,sfti_f195c63fd16ad34a474fca16,cand_a3f6118213f95d6c8fbfa49e,paper_7344d9e42f81f8d6383d
T2_NUMERIC,3678,1057,sfti_99ee0edb318dc22a0e13caa7,cand_aaa6bfb4ae5a606bb0b24435,paper_a09a8082d3f2f6bb58f3
T2_NUMERIC,3678,1058,sfti_ae1b798b1cfcbc0af7adfc05,cand_00fc9c6dd8a5f5412ed9ef45,paper_c84490476cf833bb6ee5
T2_NUMERIC,3678,1059,sfti_67f5c8d4dc7f0c3b81d86284,cand_0b49078a8b2dbde294876e20,paper_a15261b81ed3632a5f9e
T2_NUMERIC,3678,1060,sfti_08742b0a17cb66e3f94052e7,cand_ac2b719143bba76e08905422,paper_e0541593a359d8a87a28
T2_NUMERIC,3678,1061,sfti_af734013f85e5862312b08f1,cand_a69d81445f0ab6993094e83d,paper_c0fbf7e54518e5b9cde9
T2_NUMERIC,3678,1062,sfti_b2f312573b7a0ad015222dfc,cand_684a00f333367114f05c2a9a,paper_585a1342fa701de95a25
T2_NUMERIC,3678,1063,sfti_226f526440e3f190854ea681,cand_510581549fb196f3f0e1b85e,paper_6482013036e9e86dec50
T2_NUMERIC,3678,1064,sfti_5b5b7c008f02b3ea99ab4bb3,cand_c506c3b3853803c937d0ace8,paper_a26f7bca44a5957af749
T2_NUMERIC,3678,1065,sfti_995dc0a1f276e3bf606fab7b,cand_51d240079d4056aa1a5d665f,paper_67263ac32429edb026a5
T2_NUMERIC,3678,1066,sfti_baa321760402bf0e10476c75,cand_a1ab147e8ad669183bf27602,paper_131f8159c96f54d575a2
T2_NUMERIC,3678,1067,sfti_f3163cf48fbe053cb0772a9a,cand_1251fb3a7c83d89a00e6b718,paper_e54c44f6cdbaf1703df1
T2_NUMERIC,3678,1068,sfti_9d353870fb3628209ca0f467,cand_1f05bbb2a926f7ac1211bd17,paper_ce5f00d82605fcb001c4
T2_NUMERIC,3678,1069,sfti_cca145d985d6feba95256016,cand_4f16b33f9904f57d6ae99034,paper_6b75ffeb53b95e1996b1
T2_NUMERIC,3678,1070,sfti_2842f9cc3abeb4c01d9e2b16,cand_5c0fcc0f433dbe95f8ab1061,paper_fa6d8b29b5bd32048979
T2_NUMERIC,3678,1071,sfti_1110f277d81bb9f215a5c30e,cand_df9fb1098a79667abec02c97,paper_71f603e6d51c12630385
T2_NUMERIC,3678,1072,sfti_19baec2de66850677a49dfab,cand_89746999472f3bfa7a832f0f,paper_16e3b97c39963ad0d408
T2_NUMERIC,3678,1073,sfti_2942bc3dc210627a59b81d15,cand_4f22d94f1e659e6884463f4d,paper_7948b462948f5b111cc2
T2_NUMERIC,3678,1074,sfti_7df908abe2aa23f7203a26ea,cand_6f9b12c91702528597efd8a7,paper_1feff77d842c50d00d5a
T2_NUMERIC,3678,1075,sfti_cdba9ea5f6e28d9c7ef91dd7,cand_9cd3a1de73b7e1517babb358,paper_0126a2cadbceb87b4495
T2_NUMERIC,3678,1076,sfti_92f7e32fd954c0dda27b9d48,cand_699395c2f6c8051031f65bca,paper_60f2e60b844747fe802d
T2_NUMERIC,3678,1077,sfti_207603a53009acd400a80ebe,cand_80887565ce00fa7263f3e349,paper_0f02388cc6596059d73d
T2_NUMERIC,3678,1078,sfti_0310ec71d0f9ae53306c97c5,cand_e7379d2362252897c77e1c1e,paper_61dde0d2a2a09708c269
T2_NUMERIC,3678,1079,sfti_dad8642dc0c3d012bb13d9aa,cand_87d15ba831d1c6c44eb9c474,paper_dc0c386d86694de2da69
T2_NUMERIC,3678,1080,sfti_ddac911651244e38c641b642,cand_f2b80ea91dfe9acbbf897073,paper_2132468aaf51509ba44a
T2_NUMERIC,3678,1081,sfti_4ed6e3ad0240ec3e3632dae5,cand_e6251ee2f167709e17d1be02,paper_8db0fa20c03e47048f72
T2_NUMERIC,3678,1082,sfti_c533dd8b37e7f468d4f7a4fd,cand_4b94104ed3ff03f41f0d3d67,paper_220a124e6cb07f9f4a46
T2_NUMERIC,3678,1083,sfti_60dc6196ef7dfcf60eb1f118,cand_0e54d58c31275a2643bcece9,paper_4776df45999b42cf21fe
T2_NUMERIC,3678,1084,sfti_02306e6dca08a6aba82d6a9f,cand_9426abfbb509c7338057c40c,paper_ad6c3aa9145b1a08c543
T2_NUMERIC,3678,1085,sfti_bfe0fef924f424d6e3bcc605,cand_f6a9dae069ee2f5f9351bd76,paper_00ce7fde2c30dd5b48ab
T2_NUMERIC,3678,1086,sfti_7033fc849df6497bfe39f6a7,cand_bf3a4ada813d3850957ff849,paper_ea0d0996e01f5ba956c4
T2_NUMERIC,3678,1087,sfti_f054db8ff71f06ed6fbddc84,cand_60ca3271b81daa640fe4e66b,paper_ac4d2f9b1c56feb41b26
T2_NUMERIC,3678,1088,sfti_a9679ca98114846df731f9d7,cand_a9c2ae4bed4bba885d54e4c6,paper_ca5062f04a73b5342113
T2_NUMERIC,3678,1089,sfti_4b97b8b11cd92f749fc08103,cand_f5da77ae38dbe3acc73cb585,paper_2dd21d283cb3890b0651
T2_NUMERIC,3678,1090,sfti_849989ac3e7f24affcf33912,cand_6dea1f929315aa630eb9ff51,paper_471d115d1a36a551996f
T2_NUMERIC,3678,1091,sfti_582ab6bafe3e7316776bc6fe,cand_c2529f34d33047477d136a0e,paper_3c8fc2365c64f7a1a9f8
T2_NUMERIC,3678,1092,sfti_58818fe4e1e7c892b1002766,cand_0afadc831ba424fb6e0be984,paper_c35f24f154d422c07108
T2_NUMERIC,3678,1093,sfti_acd94bf9e94fe410867a7b6b,cand_c52aebce546a07cf8d57e443,paper_8af94154beb2a5df2697
T2_NUMERIC,3678,1094,sfti_765e7a670783b0a02563f3cb,cand_d119c1101f008cbd2630b658,paper_4c2d2f3557f22a5addf1
T2_NUMERIC,3678,1095,sfti_57fbdb01239170ed223aa8ef,cand_8de81d623c3cf40308c18b86,paper_717c27ed0f4ae381c164
T2_NUMERIC,3678,1096,sfti_3c5f3aa135f294f16c436e42,cand_7a5609c24c4cca0e7a800b43,paper_1718c709beef596baf15
T2_NUMERIC,3678,1097,sfti_a5adf197b84c69cf18ef11af,cand_0f87039d55e4a44805f26dfe,paper_cd2731529183196f2bcf
T2_NUMERIC,3678,1098,sfti_3792fd1e6a24070c5b8bef63,cand_6b11bdcfd3dc7a363af5eba4,paper_ffd162dab133003ee535
T2_NUMERIC,3678,1099,sfti_81d0d1fb674d5335d570068a,cand_4799f52f722e484f683470f8,paper_b4a526f4cf31b7731a13
T2_NUMERIC,3678,1100,sfti_2f7b1c38ae79df55b62ce763,cand_a74543cfe62b2c45a82fcfe2,paper_e3d8928cee28521c5c57
T2_NUMERIC,3678,1101,sfti_c3c3aece40f26f550e161097,cand_19bbc434e8b4b9f683c4fe4e,paper_e1a4e627071aff86f5e1
T2_NUMERIC,3678,1102,sfti_c726e2612c54398a0435eb91,cand_c99ac0f3a2782556b44c806f,paper_a4bb65c2fe1a69894fbe
T2_NUMERIC,3678,1103,sfti_2cf5ac547c165f0fce9bc5ec,cand_f3beee98787a6200e25e7745,paper_562f4943c6e8b3a8d804
T2_NUMERIC,3678,1104,sfti_1439d652bb4c27a3bbc76f82,cand_943367ce1f36e4f048d301b9,paper_f0583650cca2040db9aa
T2_NUMERIC,3678,1105,sfti_6ef58fd1d2696ed8561f3d41,cand_5fabb5451a4114422a5676dc,paper_0bdee45a81a51102cccb
T2_NUMERIC,3678,1106,sfti_178331db525970a29417cc3e,cand_9c1884176d556c0d8fee68d9,paper_dae165a535b6dc4f98ae
T2_NUMERIC,3678,1107,sfti_91a0d714b104ec75abebfc49,cand_0cf3f5563dae8b980e270b86,paper_c9076bad50255c56eada
T2_NUMERIC,3678,1108,sfti_45189de05461b806ec589ce0,cand_c01a2faad403ad395d9c0c1c,paper_d3701df2622169ea49d6
T2_NUMERIC,3678,1109,sfti_255dd16fb9539e71190a435a,cand_07b86ca51f71ed4b092b9028,paper_e64e81499208b440427e
T2_NUMERIC,3678,1110,sfti_5f4a73e09d0b8bf18c1f6aa5,cand_2e6b0c170f656fea6c2f5198,paper_37194af53f35694697e8
T2_NUMERIC,3678,1111,sfti_dbdb3508375e471f6fb3fe36,cand_d25c3e6e050badbe7daa1d6a,paper_06f28f494ab4fc8cbfaf
T2_NUMERIC,3678,1112,sfti_53c819a28269cd215c696edd,cand_2fa74fa53c6da69a443288c2,paper_9b42a9d51098cee184ff
T2_NUMERIC,3678,1113,sfti_9e3954767dec437a2ff1b801,cand_64d6703a9a65db49b52cea19,paper_d1b552e814f2835253c4
T2_NUMERIC,3678,1114,sfti_205ad922cbb7a6a0aefead58,cand_a9940d255b42d37fa32d9dfb,paper_ebf04dca48b284656891
T2_NUMERIC,3678,1115,sfti_f3958bc0a20562da78f2f130,cand_c807e1b6849288717c4c325c,paper_cc9ed1f379259d9c2e94
T2_NUMERIC,3678,1116,sfti_a436b924aafc024dc517b226,cand_23f8dc7bab4a1574625deda4,paper_e2e0c362cc5cf9a852af
T2_NUMERIC,3678,1117,sfti_2eed86f42650de2fb6bdaa33,cand_fd1ba51ac2edfdcf6d1c34da,paper_f378b66070e11c3c934c
T2_NUMERIC,3678,1118,sfti_6d235caff3e4d0566645e3a9,cand_ea1772fe10a55bb12e9819ec,paper_32588ab02863572afb45
T2_NUMERIC,3678,1119,sfti_6c13725e7c9badc9ae0557c9,cand_9319618bfd654ea714977d80,paper_254433e21b7170b6b83a
T2_NUMERIC,3678,1120,sfti_c5575d87179863c261b53697,cand_615dc29677b9fca0f6d52671,paper_5b949d20881bc4e7c88c
T2_NUMERIC,3678,1121,sfti_87dc028970fd9b1c345d6c0f,cand_13f11c6a897c595e704d377b,paper_e8f10ce67050b81e5490
T2_NUMERIC,3678,1122,sfti_4c6da0d38cacd05b21e9787e,cand_bf7aa74c82807920b92daa11,paper_f07c5b93cfd2ea6a70f0
T2_NUMERIC,3678,1123,sfti_ef0492c8e3e7d0da68680b6a,cand_b0d6c4cb0c8620db07691eba,paper_04e03066f4102df0b9bd
T2_NUMERIC,3678,1124,sfti_2322ab77875d8bc860e0d0b4,cand_25fbba5748031e0e8a403851,paper_0e2dd7108794ac9b6f39
T2_NUMERIC,3678,1125,sfti_4fed76eb6141d4ba4688aeb2,cand_a7fd6a4c4f1856c936d3ef02,paper_d8dac68269c10d6d1dde
T2_NUMERIC,3678,1126,sfti_357c1cc9fdf41e82074884dd,cand_89c58f1a181ab8ce3f9ee967,paper_47cebef9e3b773142526
T2_NUMERIC,3678,1127,sfti_c137684f8143580372aace36,cand_90d01f252c543fcbbb9640bb,paper_3f61f4ceb06e5ae14844
T2_NUMERIC,3678,1128,sfti_25beea226c59b1470c4fec12,cand_03f29a66d2700c79052340e8,paper_107db4c949cb026c7265
T2_NUMERIC,3678,1129,sfti_e910865de101713227a299b5,cand_5ecc73afaa08bb67ff1b8ba5,paper_2485cc3b0b3e093b7107
T2_NUMERIC,3678,1130,sfti_8e3135a707f107b2c09b4dfc,cand_b77dd5c2f57431b941647f19,paper_99b91e4391be449bdb00
T2_NUMERIC,3678,1131,sfti_1099979d8a02a5da4e8bc3f1,cand_4aa236a2309d65786b80faab,paper_95388a63f2873845bd78
T2_NUMERIC,3678,1132,sfti_207442caca6cfb5e941648fa,cand_54bbe3150098058940aebdce,paper_30af98fd045e6e063607
T2_NUMERIC,3678,1133,sfti_70c516c9843639fc00871071,cand_01f0e3a8d0202aa0cecb28ba,paper_b35bae27d796b009e0df
T2_NUMERIC,3678,1134,sfti_fab5589c658cd7d1148ff2e1,cand_aed7861640968a2485f4e832,paper_04e78ff55c7a3c70cd95
T2_NUMERIC,3678,1135,sfti_d3fd6774f82590745b579e20,cand_07d81e5cd7638bb4b6e4e92e,paper_711883789f83c2f2a3b5
T2_NUMERIC,3678,1136,sfti_8c226a6e1e80a7000e14b57b,cand_5600846d50639ee92a68878c,paper_e5c1d63c115e58cfb9fd
T2_NUMERIC,3678,1137,sfti_c60f5e14d5d2b6fa53c2ad01,cand_57a95d07cc7783248088d7b6,paper_d29c71e3e69f4f648307
T2_NUMERIC,3678,1138,sfti_42993ed50be684a24fdfd968,cand_3a2a8b53bdd927eb436dc954,paper_99b1113a442b4f68d2be
T2_NUMERIC,3678,1139,sfti_16a808e3863468377a285e57,cand_d4a8cd7a996eb11a72843695,paper_62b3091e260a0767cfbd
T2_NUMERIC,3678,1140,sfti_230566889ddf64425022edec,cand_0ee7763915f532fc0287de61,paper_3fc5ad888280021a152a
T2_NUMERIC,3678,1141,sfti_ef231a5aea98bcd7c263e9d7,cand_3f05513fb0372b62782947bf,paper_11d4bce0bb41d66468ff
T2_NUMERIC,3678,1142,sfti_65593d1a8dcc30079b4f0af9,cand_b90288e001b6154ec3a1f70b,paper_86eceedcfd0d5b078898
T2_NUMERIC,3678,1143,sfti_230ec359fa0d75f9e13b7552,cand_4775a7a0c4cc86c77d431756,paper_32c0694947af1a320e1a
T2_NUMERIC,3678,1144,sfti_af35d0208e5e7e697e10d913,cand_82d8ab47a44378c7963ca10b,paper_583ba179ad1bd014f19f
T2_NUMERIC,3678,1145,sfti_4645bae813481e0ef1360987,cand_905099c31ef34c243c27a854,paper_3385b1bb39a8e7617d18
T2_NUMERIC,3678,1146,sfti_03a9f6554f44bf13063bbfb4,cand_175ff18a9d03da46cb522892,paper_2e5b0db9629fafc6d581
T2_NUMERIC,3678,1147,sfti_02a6561bf3cb40ec95f68e0c,cand_d97be9975d97a218331c9fc8,paper_8895ea6c90c08e015ed4
T2_NUMERIC,3678,1148,sfti_1611a0d81c2ea4dd89a7bd2d,cand_3bb5ff377dcaed9f06004d9a,paper_eadbe456d02d8029883b
T2_NUMERIC,3678,1149,sfti_9675cf0fbe3c88e9c60274a7,cand_2c3defcaa8d8bc5ed221514e,paper_a1bff7fefde21c114512
T2_NUMERIC,3678,1150,sfti_cbd2113241a332e56e774bd6,cand_15555d1a0030887c35a791d4,paper_4fed03efeda4fa16bd81
T2_NUMERIC,3678,1151,sfti_45f18217d4aabc156f518865,cand_13826cb036a0e577dc05c1cd,paper_d94c17d2124c8f2c2769
T2_NUMERIC,3678,1152,sfti_3ea6c2f7dc1af99ac96793ac,cand_01e7e762568710ab28cc4afa,paper_ea4267fba8d94a8c033c
T2_NUMERIC,3678,1153,sfti_87e514e4cdae4b5509b0997e,cand_46b468a315e8c6f619480852,paper_4a9d2bbe23f05d0a76c1
T2_NUMERIC,3678,1154,sfti_68557f32f23eda1857fad699,cand_fcaa468d4dfae4e767b82a40,paper_b3552b6fdbe0b7700b37
T2_NUMERIC,3678,1155,sfti_6427a345f9c4ada15243afbd,cand_59d24080217f59cccf59eab7,paper_80d6bc43930afa567587
T2_NUMERIC,3678,1156,sfti_b4efabfc090f3e56fffe09d4,cand_36c5b50a8b610fd964825194,paper_14587ed0f5bdfc1a50ee
T2_NUMERIC,3678,1157,sfti_14629c8d4e2644dbbc0c4a5d,cand_6b42ff8e4b76834549c0819e,paper_1fd71bfc1f86f56c22a7
T2_NUMERIC,3678,1158,sfti_c11497f025f973c7f5a2d7c6,cand_0f01c818770013b6b7d3fb86,paper_bd62057c7302a0ba18e9
T2_NUMERIC,3678,1159,sfti_5d4aa3b3b8af7afa10d2e188,cand_6921d009926b8c339226b944,paper_494fced5d2e7467e1403
T2_NUMERIC,3678,1160,sfti_a2a2a3e14436d7ba4f769762,cand_deb2f5c2992981aef264f591,paper_3ad4c97acce29985ea25
T2_NUMERIC,3678,1161,sfti_d432db325f9bc62b596535a8,cand_d6c7690424a915901a9c1c26,paper_df2d25df8f7320c47544
T2_NUMERIC,3678,1162,sfti_87458c22057f6208977bb602,cand_e96aa7a44455fc8ba38bcb51,paper_ce666477947bde040935
T2_NUMERIC,3678,1163,sfti_5bebfbc10375ed185d25501b,cand_4df1fe7af48ac6be87549cce,paper_1220f0e0209b9579f4d9
T2_NUMERIC,3678,1164,sfti_7076a63fe3a3a08cff4faccd,cand_5ffb39745f28cd7abf661dec,paper_76a1c8f58debef0e3cb6
T2_NUMERIC,3678,1165,sfti_10fd83c86a2acd26ce68c557,cand_e934d743a0bcdc12a0d085e5,paper_9280239db1e4821bc6e9
T2_NUMERIC,3678,1166,sfti_6c58d2201d5f39a070f66fb1,cand_749fcd9e42fd0099b54e8e7b,paper_b33dff89ce500841ced0
T2_NUMERIC,3678,1167,sfti_f24de77276b9eb0a23f63ef1,cand_235c9f168f3ec726e37ee19d,paper_7ee211be810b2ec4f105
T2_NUMERIC,3678,1168,sfti_22400c69d7f8f9866ac3fb58,cand_b176a64b079e9d3649718ee5,paper_c72db62816eabd2bd52f
T2_NUMERIC,3678,1169,sfti_75471dd472fe57b8623aeaaf,cand_506c8e6ef6ca2df609dc851a,paper_2409eb94a07222c8a7f7
T2_NUMERIC,3678,1170,sfti_344936fcc7909b3268eea497,cand_137000a340c19078d1c46c65,paper_8dfa0b3f4e18b1fd10c2
T2_NUMERIC,3678,1171,sfti_631053ae57837caf1571419b,cand_1c6c9e3cf477a186163fdb2e,paper_547d4afb8af58742f7f5
T2_NUMERIC,3678,1172,sfti_9448c5dbb5ccad74d60923b0,cand_3aae0cb3c1d9445218c934aa,paper_5fc6abfc5851266a7bb2
T2_NUMERIC,3678,1173,sfti_70bdd267b0a7b83c39c6260a,cand_d47ce3f732ead6c523d0e670,paper_fc464ca90bc204fb4fb9
T2_NUMERIC,3678,1174,sfti_47f35a0cdb5ae2a2cd51d659,cand_faf8da512ced732255a2b2e2,paper_dfa4c04d49179c51031d
T2_NUMERIC,3678,1175,sfti_e8f0ad77ffeaa2ce3a061835,cand_a0f1adf82e936e30dc8b4a47,paper_4ad3f9a094b434800a09
T2_NUMERIC,3678,1176,sfti_5566358eef6f8e9d87093678,cand_ed8e9b0bf2acd10bb18124ee,paper_1e45d661065122156bca
T2_NUMERIC,3678,1177,sfti_449474cea7c3d53d15e36ce6,cand_f83fa6c0a245fb51954afb26,paper_9698880edb2f1fbb0716
T2_NUMERIC,3678,1178,sfti_3eeb478dbf24083555511f5c,cand_0e1884c0cb951d62c897706f,paper_9fd0e80083842c681e91
T2_NUMERIC,3678,1179,sfti_88bb9ae58a1418c6545057ec,cand_afb843c82b4de45d3604ca4c,paper_39e9d11387f6c55d1652
T2_NUMERIC,3678,1180,sfti_52d63db8cb5bf9264de38c8a,cand_d933ff3fea71d9634aa5c261,paper_470a19bc15b33b925872
T2_NUMERIC,3678,1181,sfti_2f5752c1fba0e2e7cd7740af,cand_7c0f9aa28287c2feba2e7520,paper_2235d89eca48310afdec
T2_NUMERIC,3678,1182,sfti_7d447227a421fd1d0475ef4f,cand_3089b5899aa008d8f04fba29,paper_b6b0623f2398930e5f5f
T2_NUMERIC,3678,1183,sfti_4c51c47f1417a9d2d92bf395,cand_37e27a6864210d89fbb89f10,paper_e0bc38afddebf5979ec5
T2_NUMERIC,3678,1184,sfti_0c63a51b0a231d3f0d26ce50,cand_4e92cee7b18142697621d333,paper_46b8f27edf61a5ba6af1
T2_NUMERIC,3678,1185,sfti_17ba869300f445231dad2cec,cand_599d04840b50cf6884af3a9e,paper_8c5d90b4ef3df0a6a79f
T2_NUMERIC,3678,1186,sfti_a5bc687b1551832f09c4694d,cand_e6b757d81be34a8827a134b4,paper_1c6f05ec20958b581f16
T2_NUMERIC,3678,1187,sfti_d520a2aeecf76c8862da33ac,cand_a08213df8abe310cd917e4ce,paper_dfbade9b3fbcc17ffa87
T2_NUMERIC,3678,1188,sfti_d5101ce217e7c373038ae880,cand_d6a79a5e4a8b5d558186e5dc,paper_a35f33cae0d6e49f66ae
T2_NUMERIC,3678,1189,sfti_ada5dc61dc9a706f8bc54430,cand_48b85536c0bd55d19d1979da,paper_4df470ebcfb07bebccac
T2_NUMERIC,3678,1190,sfti_a3d47185a0ca2c9ff2f98279,cand_166e231de7a9b3e12c20081f,paper_1fb34ecfd11bbe4cedc9
T2_NUMERIC,3678,1191,sfti_ced62c3db7402ba832c9e8d2,cand_f17d4f003dcd718e88604a0d,paper_5de9ab0019c634acc05d
T2_NUMERIC,3678,1192,sfti_6cc3beba427f34dd0e15486d,cand_89c055f03dd0d4cc9c40057e,paper_db02ad53b325ae25d0b4
T2_NUMERIC,3678,1193,sfti_0ff82ccd429655a33a73fdbb,cand_2aa993823748200201904ba8,paper_dffdbee00caf5a312878
T2_NUMERIC,3678,1194,sfti_4122c19c5980ddf7dbc3e40b,cand_73d8d0750fb8f1d2f73702be,paper_1c8a84b0f4b0a4180368
T2_NUMERIC,3678,1195,sfti_add4b1205fb98637e900d90f,cand_37bbef71b8698585fc38220c,paper_92f7aa793df6f3d49324
T2_NUMERIC,3678,1196,sfti_c05d1fa98f459a2bbd907155,cand_8c8e83b102bba60008933dc5,paper_edf2526887b73f01404b
T2_NUMERIC,3678,1197,sfti_43839739c915a7096edf1f15,cand_919084561b8c21ed20eba143,paper_d5335a0a272e74fabf30
T2_NUMERIC,3678,1198,sfti_7e012fa29350707649df1613,cand_c2542947b0bb4fda1f2413eb,paper_8f30d3737dcb9bbdb72f
T2_NUMERIC,3678,1199,sfti_4acd8ec8fff0fb2474b8879b,cand_e3a373ce21f9d5ef313f4c64,paper_2fa4ade2a3d21eee9f61
T2_NUMERIC,3678,1200,sfti_44db7640c97616f714eba08c,cand_32b7909b48117d346a5bdb17,paper_260c6937e35e1e5ecb8a
T2_NUMERIC,3678,1201,sfti_099d7751775aea66c60b1276,cand_a19c5e9af7378f08d131f0d7,paper_1326e03962da71949e0e
T2_NUMERIC,3678,1202,sfti_67bf8f3ef6b09067d9ee48fc,cand_51cccda9f934b8143ef86864,paper_8614d958b1fd56258652
T2_NUMERIC,3678,1203,sfti_0be1b36fecceb1e40151cbba,cand_7be99bdd71c9ea08d9be2448,paper_3d0a6d6a13c05010a8e5
T2_NUMERIC,3678,1204,sfti_f88d3fb3e0dd62744ede9588,cand_0436b091a3268bc496ea97ca,paper_276e2d9ca1173f526ae1
T2_NUMERIC,3678,1205,sfti_729e2a9e2b948e314ee76383,cand_d14beba21a594b8d5e789590,paper_cccf0a5d801b597f89a2
T2_NUMERIC,3678,1206,sfti_80518abbd63cef812f68ba75,cand_8fb307293f308fb9edede033,paper_344dbfc5c5b168e02b55
T2_NUMERIC,3678,1207,sfti_fe0945dfb34c8db7d062bb7b,cand_7735493bd69737b21d8cca3a,paper_7282fd8c3a5c3092dc85
T2_NUMERIC,3678,1208,sfti_961c85fa24bcc4c96c90a366,cand_839b0e4df25ee8dee9eae715,paper_8dc5c333e1321b1487f5
T2_NUMERIC,3678,1209,sfti_d4c6a0a3e750955a98256f8e,cand_7ad50a81b62cb0ab191ceef1,paper_9a0a6ddc3ec36d638255
T2_NUMERIC,3678,1210,sfti_12b3e84cf1279daf170096a2,cand_80d260c9e5a79323fe536b06,paper_36d7325ec81a4ba108e6
T2_NUMERIC,3678,1211,sfti_eb546513f6e722739772e0b7,cand_64454c19fc620d9003ca7072,paper_94655eefd46272d6c61d
T2_NUMERIC,3678,1212,sfti_3288bf60e727b145485ff640,cand_31e02349c743cd19abc5d690,paper_12212fa165cdc8f748f1
T2_NUMERIC,3678,1213,sfti_4fe31074df5af8703a04b1f4,cand_8ed1edc7f54f2b13d8501d2b,paper_ec8873bb62d0b10bc6b8
T2_NUMERIC,3678,1214,sfti_e3e1030c3abcd799d5140f2c,cand_955da8267cbb58e8fe8c1adb,paper_290f6096e9f482df0c66
T2_NUMERIC,3678,1215,sfti_6eacf985bbf55bc6be8def2f,cand_20ffa8566220e10b1e2b6efe,paper_7c9969be007d847e2a5b
T2_NUMERIC,3678,1216,sfti_0388a0c9a550b98e9020fe54,cand_3abd9bfb9860a2f4026ef212,paper_c84f83ae2a94c240da67
T2_NUMERIC,3678,1217,sfti_3dd5d412fd8454ea036f655b,cand_106ff3b06464be28117261c7,paper_92492c1b36f84428b0a0
T2_NUMERIC,3678,1218,sfti_c954e3e814add32a918dd65c,cand_6a56c3a833c36a728d5c6043,paper_c677e24671caa0fb90fb
T2_NUMERIC,3678,1219,sfti_79efd52b2c2820c2979e0cd1,cand_3677ae27ddad8a140c6cd96f,paper_513c448af01021af98d8
T2_NUMERIC,3678,1220,sfti_eee62016f75392d2caff6beb,cand_07ffa7919d5115f2385a3302,paper_5c211132f97e75987828
T2_NUMERIC,3678,1221,sfti_161ed93da81c7a7c37451b5d,cand_022366c48a5133624317e461,paper_fd19685206cd80b2e8af
T2_NUMERIC,3678,1222,sfti_9f8cbe2c36cb2db35a65ea29,cand_2810e73ca6505d279efd4233,paper_a79382eb4ad67c8ce4d3
T2_NUMERIC,3678,1223,sfti_d0d7ea99d6dcf87d6f65ec45,cand_f5efee91da48131d35b7509a,paper_5e7136f9fee556336842
T2_NUMERIC,3678,1224,sfti_4a8feaa6fb14131edc992f7f,cand_d098b130cf957f3356dbef7c,paper_229253424b5d6f2ab1ff
T2_NUMERIC,3678,1225,sfti_205b86b54959cc10309e0653,cand_fdcd65868fb67155e6159e6c,paper_ddc1627042a99d4c0665
T2_NUMERIC,3678,1226,sfti_b8c7e72eb83795506b155b1d,cand_44fcae308e4c98c5519458d5,paper_d4237e6fab9b882ccc6a
T2_NUMERIC,3678,1227,sfti_79acb984b4329e76cce3f2ae,cand_53870458aa86423e97e717b2,paper_e50e8b978761f11e5df6
T2_NUMERIC,3678,1228,sfti_3e79f51d0488de99b8c21e80,cand_8b5cd256549f85ea744765fb,paper_5dba6c69f7a50cc6e42d
T2_NUMERIC,3678,1229,sfti_aea2b9dbc24214842d864115,cand_086dd7016fc8faef09566d6c,paper_caa94e78df759c34426a
T2_NUMERIC,3678,1230,sfti_da3650a890e9719bc7fc2206,cand_3db6d065958b155189583b6c,paper_f2ac582ab2137c281989
T2_NUMERIC,3678,1231,sfti_0bb5f1bae7ebbdfdc287eef9,cand_443baa55a001822da66054c7,paper_824b40fcf4f4c73b8a38
T2_NUMERIC,3678,1232,sfti_cca3fe3596db277e37ed04da,cand_a716d940ecc84a4b76043ccd,paper_78521781d2e91d1e798b
T2_NUMERIC,3678,1233,sfti_8f21f544f3f09824b30c8fcc,cand_f02520406ce1040b7bcd67c5,paper_b1137dddd2d1c3041dd4
T2_NUMERIC,3678,1234,sfti_c2a7f8d28e400eebb3d6cf91,cand_f78f28a76d5ac5ac876e0d43,paper_b4dd9247e6ebd7246d8d
T2_NUMERIC,3678,1235,sfti_e4fbba7ec6c73f688f36ccf3,cand_581532b3bc5654562516481a,paper_24876507fe1792361408
T2_NUMERIC,3678,1236,sfti_6bc1d5a7be8e4d98c9a40c0c,cand_9818fbd9a89fadfe6156c90c,paper_92de99770ad153511885
T2_NUMERIC,3678,1237,sfti_57ccaa53108e26433718d145,cand_bf6c568ce0cf877f5de9584d,paper_2e5c90bb6a9fbde934cc
T2_NUMERIC,3678,1238,sfti_40ced303d30ac966425e6c22,cand_e0cb7aea93be511aedf1e595,paper_dc40c15f69551a6bf4e6
T2_NUMERIC,3678,1239,sfti_0fb21ed297eb08d74c4a1601,cand_2d0cfb0c80cf3930a2a429e4,paper_bea3698e1259b05a513f
T2_NUMERIC,3678,1240,sfti_5ef2ade169665c06e53c16e6,cand_e743edb7c5d5267ea0534fed,paper_7d2722982c6d5e49f32f
T2_NUMERIC,3678,1241,sfti_d9f88db07903e6bc4f134261,cand_ad85ed5e2f3da83e86e5c3df,paper_011ae5a30c23e38fafea
T2_NUMERIC,3678,1242,sfti_ec602c037ee4ba6660499551,cand_d81948028ea2dbd1717daee3,paper_a9b8593ef4f77277f3a8
T2_NUMERIC,3678,1243,sfti_74e85c2b7d2b7a803f4e3e1d,cand_2d7b0e253e1331ccf8345238,paper_4ae8c8128bb1559d140b
T2_NUMERIC,3678,1244,sfti_9ef1cc3d80020460811c3bbd,cand_d02191c12e0a3d00e911fc68,paper_8f19b4cda93b876f475f
T2_NUMERIC,3678,1245,sfti_a044249aac6b01d244d41c08,cand_ff7e88ca158ee1601ca33c9d,paper_2f0372a1092eda59e322
T2_NUMERIC,3678,1246,sfti_5d9e827e00d974b63f162764,cand_b4cfc3cdbac39d5e66538b50,paper_506cd366d7f23427e5d4
T2_NUMERIC,3678,1247,sfti_2ebf6259f203cda4a73d7457,cand_ea0475def5a918ff3111e643,paper_e61f93a45b9dbd4173bb
T2_NUMERIC,3678,1248,sfti_89f8944aa8e126e926de1c57,cand_254949837afd0ae5f439f798,paper_734689d9ad881e3f05c6
T2_NUMERIC,3678,1249,sfti_ebb27860562b3c9b5c1628f3,cand_0c4633f394c52a74b3606d17,paper_102cf81837ebd8524603
T2_NUMERIC,3678,1250,sfti_76a3638b36735096a759b155,cand_48346813586d6bbacefc330b,paper_ff0c331a8a77ddf76be8
T2_NUMERIC,3678,1251,sfti_9677099d04684a556e3427bb,cand_36873474e98a72d146aa9f89,paper_d26912d416d0efef20b2
T2_NUMERIC,3678,1252,sfti_02ad75e578c652e0e521f737,cand_f476f0a9cd6d6d512d3c05d2,paper_d233e8cdb8ca793ee1b6
T2_NUMERIC,3678,1253,sfti_8db7263b1e83c084f7be6b70,cand_9d89650ba222104e0160814a,paper_ced030a0b27c5b68fa5f
T2_NUMERIC,3678,1254,sfti_424198e0e0657a7d3c103ee1,cand_3219135698a24411ff1bd442,paper_31b1f115b8cc596da7d4
T2_NUMERIC,3678,1255,sfti_2c7986843a5ddd53d2b4d12e,cand_63d459152c5f283097532418,paper_838f47356ba40564b3ac
T2_NUMERIC,3678,1256,sfti_ef3ee8b89729231d2f4a6bc0,cand_08c4cc5a508451f7720778b9,paper_098454894ffb6b617c9d
T2_NUMERIC,3678,1257,sfti_1551434feec2db35492126f2,cand_74c03746c5acc3a2dae65420,paper_6659f90299fc568992d1
T2_NUMERIC,3678,1258,sfti_90832aa8d06e70d202f961ee,cand_12accaf4c9144788176a092b,paper_7d92fa5aee2c2b1e19aa
T2_NUMERIC,3678,1259,sfti_8bce8ddf3994e54a174694e8,cand_e74f44a95ea929ca5d98e69b,paper_8fffa7755c947f926f25
T2_NUMERIC,3678,1260,sfti_8cb2cf3b7878fac0b85db12c,cand_597524c7fdefa46791c2e8a2,paper_b23e7df70840f64e1fa6
T2_NUMERIC,3678,1261,sfti_7a08bb3094c6feeb2131f4bc,cand_ee71dcdd18240fd84d91380d,paper_47eb55cbd779efa686da
T2_NUMERIC,3678,1262,sfti_0355663b426bdfe0dfc2e7c9,cand_a907ad7259356400925c05df,paper_0e732bca591d02f4edb1
T2_NUMERIC,3678,1263,sfti_9ba7bf85c1acfc6c677e72d3,cand_72c37b2fc1102367a4a39498,paper_c59024ff0db6a1d90594
T2_NUMERIC,3678,1264,sfti_16de1e074ce86ca1ca375a70,cand_eaf8a34d8b5c16639f1ae1ac,paper_b2dfc0b6e405dcfbbd41
T2_NUMERIC,3678,1265,sfti_66b1acd7508ff5eefdca8a41,cand_9649bef765def7b7e19e74b6,paper_d873ca85f16991a1f582
T2_NUMERIC,3678,1266,sfti_30c4342072447777ab89ca95,cand_8d79793b36fcf08bfd4a9287,paper_96607ca46d3489528d72
T2_NUMERIC,3678,1267,sfti_a3dc8259e4aacbb442053738,cand_15cfb4e4c4a65eaae3855572,paper_3221ea8e544091c11728
T2_NUMERIC,3678,1268,sfti_d10b9dd7d23b12fb227416ab,cand_8c688ba5828e3437fda53165,paper_d1323c3c9ab5baa345f5
T2_NUMERIC,3678,1269,sfti_6bfd0be4004d310a78c4d688,cand_2f864db76a4721319fa3a56d,paper_7cf2bb984eaacaed8b12
T2_NUMERIC,3678,1270,sfti_3cd8ca6266c75de4a0dc4d1e,cand_42c07e283586e9ea76b5b788,paper_3bdb77b817ab0e39e5e3
T2_NUMERIC,3678,1271,sfti_9aee998b3a2b0e191e2dd8a5,cand_180b6f8ee483c7390e48b061,paper_8576f7b959b92e605aad
T2_NUMERIC,3678,1272,sfti_c96f4069ae11b456b27d0d86,cand_fc7e583fc570092bffd421ea,paper_955110ae6783fdfb11b5
T2_NUMERIC,3678,1273,sfti_e53f3b5c87c84b930abf23d9,cand_2117a9201259e0ddd49a2421,paper_fc1bbdf085b09de0eda2
T2_NUMERIC,3678,1274,sfti_d6142430e4080259205aae50,cand_dff7b8a9a67a0c635567343a,paper_00c54464ef9a21d1e80e
T2_NUMERIC,3678,1275,sfti_368fd1d1700d061dc7d0094e,cand_8dddd556b290be238342a355,paper_1d07631f1981f7bc5e0c
T2_NUMERIC,3678,1276,sfti_3ac97a68fb999115aab8b254,cand_3ba359509cb2019c452a1342,paper_e1a9ba013944aad3196e
T2_NUMERIC,3678,1277,sfti_9dbfa6f74793432ae1a8e99d,cand_bafb81dabc56160861a08e88,paper_11c16d5f80d944fde4f9
T2_NUMERIC,3678,1278,sfti_8042cc635cd0aa614a725bbd,cand_a87d09e90d909564249bba62,paper_7cab5ff6b0a1500077e4
T2_NUMERIC,3678,1279,sfti_7d45186ae7db73dc8c94896f,cand_6ba3fb8a4459947857948af2,paper_da0ac833f07a1de644ea
T2_NUMERIC,3678,1280,sfti_f7d520e629f57471bd1aa93e,cand_b54104eebb9609cf0242147a,paper_055c30f255961e07a80e
T2_NUMERIC,3678,1281,sfti_266fa582da59adf5074c0ba1,cand_ad8e6d1fb07a7fa851748f37,paper_4ffc5b48048d021e1815
T2_NUMERIC,3678,1282,sfti_be9f7b25ca58e83ee4aee9c6,cand_c4718cae8bcfb23bc868f4a1,paper_de0186321a16af47ce1d
T2_NUMERIC,3678,1283,sfti_57a53d660a95c7fa1359c526,cand_17684aa1560d29648ae1325b,paper_59d14f7f5c168de48683
T2_NUMERIC,3678,1284,sfti_acff0a1be6eef38ddad8c6bd,cand_f596d14410b5cd70e94f3c37,paper_e52784c744c30f66d9a7
T2_NUMERIC,3678,1285,sfti_a1804dd6772ee88e8c1d2d77,cand_231a40ef785f3eeeb2437bf2,paper_257eb54fddd85f451139
T2_NUMERIC,3678,1286,sfti_3ef86a302ff149470aea3bf2,cand_e4f5258331ce1d9125b5d31f,paper_338315c4ce05cecd82c8
T2_NUMERIC,3678,1287,sfti_8fe61342c552d61a1ac2eaa9,cand_b7845fd50de67e9618eea0df,paper_ed68ec856c007b57b392
T2_NUMERIC,3678,1288,sfti_ab3f976e71f10c98f87f7266,cand_596636e62a46bf61544a91b2,paper_4caad60a26ac6522fd27
T2_NUMERIC,3678,1289,sfti_de05532b5166140928f19c28,cand_30c2326ac472484971b13ed3,paper_3a9f6563580de478d046
T2_NUMERIC,3678,1290,sfti_296a6e0004d4107c869c920d,cand_c14b44ed216fe97ab1753e52,paper_dd66853710e061bf1743
T2_NUMERIC,3678,1291,sfti_4020ed65a2fc32d060bb9744,cand_5eccd2520fd6ec7be11c8111,paper_420a7c4a1beacd06e82f
T2_NUMERIC,3678,1292,sfti_38f4af5ded417c4900b78b13,cand_cd9abd8b309a80b36ccdcb1b,paper_c69af6ceb73b04c2959b
T2_NUMERIC,3678,1293,sfti_30c7d27208b21194c147a8c8,cand_b61a88a15484f18b37f556c4,paper_1af66e18c3f897d2957f
T2_NUMERIC,3678,1294,sfti_d7ba8c4d0d0bfbe4f0ebf544,cand_0a9b14d92bde386364cd205e,paper_48bccddb5fea3ee0728e
T2_NUMERIC,3678,1295,sfti_1f3b280e239c57df9fc772d0,cand_c3eeb05ad515ecf8fa84542f,paper_df72b530993943ce67bd
T2_NUMERIC,3678,1296,sfti_e1f168c53ead27382a2c9a45,cand_6d47719e7aababda33cd91f5,paper_d29d84f63443160ab720
T2_NUMERIC,3678,1297,sfti_d32a077605e098ab8f4cf050,cand_bc6ffd2c8fc0aac4e9dab925,paper_80b3fa91e229a224aefe
T2_NUMERIC,3678,1298,sfti_5ae22110200c85d25f53052e,cand_08c3148fb5e2fe9087fe5d1e,paper_80a68f160df4694a78e4
T2_NUMERIC,3678,1299,sfti_563de13fb74c51c2595d0d16,cand_3eeecba097d4a172896f01ea,paper_d2eac0088861f06e06e3
T2_NUMERIC,3678,1300,sfti_1eb6cf7819e509b65763fe5f,cand_a877f1af409380c35435bd4c,paper_59c8c60a6758aa8e98da
T2_NUMERIC,3678,1301,sfti_19be25220806a8882182b89a,cand_3cf6cad202c444060072739f,paper_d87f93dd56fb1098ebcb
T2_NUMERIC,3678,1302,sfti_6c7ed41d3977ef29461975bd,cand_c252685fb7012e15f9bdc42c,paper_271e6a432146914f930d
T2_NUMERIC,3678,1303,sfti_80ed68f60d15c1c06e03d62e,cand_bf3fd2a2294e90f1f04c2e8b,paper_68b682c64bdfa515c2d5
T2_NUMERIC,3678,1304,sfti_fb0410904a5c2f30e70aa0dc,cand_761f8c4ab3d6bc47ba7f348f,paper_18d798cf5baa417ae2fb
T2_NUMERIC,3678,1305,sfti_39f242f609a0818b3ee30695,cand_ab0dcacbce8e526fde24b7ba,paper_cebee2fe81ebbe1a3c48
T2_NUMERIC,3678,1306,sfti_111b1e6a0a1f3cb1519e27ad,cand_71abdf8b2463f8ded4b5e34d,paper_713279ab4825df51d201
T2_NUMERIC,3678,1307,sfti_49757109450e75521dd951d2,cand_729ea3002becc08ba15ff24b,paper_f0e786cb7abc6bd38852
T2_NUMERIC,3678,1308,sfti_ed154f364c3bc10529046b13,cand_51851ff8e38041a4cffba36a,paper_900fb6d9761c5ddee474
T2_NUMERIC,3678,1309,sfti_abba61a656adb37a8b63fbb9,cand_572b83b816f97d27d5929a66,paper_fa75a4f2748abb5e22fe
T2_NUMERIC,3678,1310,sfti_3c21f7ac52ab3dd6e385b7da,cand_92fc634d08736de56e055665,paper_663c9861204cefb16aa6
T2_NUMERIC,3678,1311,sfti_60629d21f3a26f7681c3b101,cand_2da7fb7b2e3b745ade68da2f,paper_f2732436a0eceaabb00c
T2_NUMERIC,3678,1312,sfti_b0a7c15a27b7ec105f16d3a7,cand_953e4dd4c2d2975d1c193a58,paper_826b9125b26490b92083
T2_NUMERIC,3678,1313,sfti_5dd5105e6fd469bf214d2c28,cand_7ff8e8bd9665a0107e4eac9f,paper_64b04c99ea635be83301
T2_NUMERIC,3678,1314,sfti_f596b8151ffbab1bb3bd63ed,cand_7c2939ffb80a538e1ab5d021,paper_d4cafb54afe17e7fa6d9
T2_NUMERIC,3678,1315,sfti_5996a704dbe99acd6ccf5e4e,cand_b393320980294d32a5f02936,paper_98b22e436f52b6233975
T2_NUMERIC,3678,1316,sfti_2c236db26e882dd75f460e6a,cand_49a47dd270ff0686a421dd6e,paper_df08dd2519074eefbb90
T2_NUMERIC,3678,1317,sfti_73febcef00557d97400f2dce,cand_b25c558bab3390a5e07ee954,paper_fd9edcf09c6f7a17bc27
T2_NUMERIC,3678,1318,sfti_51385f80fcac3567cf4b3d5d,cand_dd0508877077069efdac159e,paper_a8f5bd84ab7ed289a528
T2_NUMERIC,3678,1319,sfti_c44e68154461157c18129fe5,cand_fbb995654058606a52c870c8,paper_52e45ae625e87cb51855
T2_NUMERIC,3678,1320,sfti_4f7ad45551158865916dca74,cand_8338a665f7e2d8a8d037ffd8,paper_b8fdab800af4bb90c853
T2_NUMERIC,3678,1321,sfti_fbab5f8e0392dcff39dad61e,cand_8daaf123d959467faca491dd,paper_847d39d827c9790807e8
T2_NUMERIC,3678,1322,sfti_d035e342891d240b08d73bb7,cand_3846d8c315b966e7a2d29c0f,paper_86eeefc59d1e191de737
T2_NUMERIC,3678,1323,sfti_0f5310629f383e4a1710c6dd,cand_c78aec317af260d3744de821,paper_f6b2ad2555ee467dd60b
T2_NUMERIC,3678,1324,sfti_48f408e5bc8c36dd06838579,cand_ed81122a3d2c2dca1702a170,paper_985fcd185ed02e5bf0c9
T2_NUMERIC,3678,1325,sfti_aa9d8a89fb31f303fc0da9b1,cand_7e49fe79dc39c1d267928083,paper_40e3cd75e93f814f97a0
T2_NUMERIC,3678,1326,sfti_773ead4793fc27c3f09ac89e,cand_02fad4da7363c57aa0523217,paper_3c08cf90b3f2d280f2f3
T2_NUMERIC,3678,1327,sfti_c860671127357cbc0e1f44ca,cand_df25dafe32ea1c02a6e8dd01,paper_b36639ed4689d6f06a08
T2_NUMERIC,3678,1328,sfti_5b323a04d41c748d0c2de7c6,cand_78055fde17b285aad45b2a98,paper_ac4bfb5f517ae06eb2b2
T2_NUMERIC,3678,1329,sfti_a117f7fee514ae8c9d3d51da,cand_6942f3451436ba720ebc114d,paper_10391aa2210ab4785e17
T2_NUMERIC,3678,1330,sfti_fdfb06d35e7ffedb45884906,cand_c4a56d91cd463f6eff5675c8,paper_193327cc5732fd3d01e5
T2_NUMERIC,3678,1331,sfti_2ef381a4b6d1ac4ae18b89a8,cand_f6fcf927c4378347776d026c,paper_a51cb7e71e8b1382154c
T2_NUMERIC,3678,1332,sfti_0ca936b8e196475be92e08ab,cand_e1a7c327adf8795d47d832fa,paper_25f8891779281d552aed
T2_NUMERIC,3678,1333,sfti_9702a9cf4549d72a54de3723,cand_93f07b0728d36429cf87bfad,paper_5e71c72f7a5dc52b2892
T2_NUMERIC,3678,1334,sfti_fa2793a7bef6d20b1a57d89e,cand_b392e1c5861bf74ae7102515,paper_f001ee95d934e85b0f40
T2_NUMERIC,3678,1335,sfti_1d3af3ce65303b881fcb9178,cand_1c54150bc476cfbdb25f2b35,paper_896904b4e70b64dfb974
T2_NUMERIC,3678,1336,sfti_db9829bd158cc59fa271eac6,cand_86cd4d36f7ed51c2a2d1b6da,paper_09c4f2f626f879ade963
T2_NUMERIC,3678,1337,sfti_f3a79967d4a6e0a2e862a110,cand_0858e2a99133ca1e8ad1f0e3,paper_5675b30f5cad570acb65
T2_NUMERIC,3678,1338,sfti_ef2e38017d7e63f5376eef9c,cand_8b9217e87e4498e584e0caaf,paper_bb625ee9c2bceed76e9a
T2_NUMERIC,3678,1339,sfti_ad70f1830e197799da7b5a7f,cand_d80c6c176d66811e665de68c,paper_2d26b54a49fc7f24b94d
T2_NUMERIC,3678,1340,sfti_03fd31be26f7f528c875ffd1,cand_e47c946c119c2099869f226d,paper_d597e7de0ce251217022
T2_NUMERIC,3678,1341,sfti_a170b0bb7cd6a6077bb46734,cand_a15170c0678c497313298065,paper_dd072c7a9a4eb901d770
T2_NUMERIC,3678,1342,sfti_36eadc903417c2d222340b3c,cand_5336f89c05384242f9de003d,paper_6c857c7f5b054f3ce2d8
T2_NUMERIC,3678,1343,sfti_a447f02e4e29bba515cf94c6,cand_c4b8b503a736116b179e503d,paper_d50b8aede0d39091b0ee
T2_NUMERIC,3678,1344,sfti_5d8490ce7dff9235ceb71196,cand_6349a19b6837154109c4e6f7,paper_87f3d7eccc9ceb06ff2f
T2_NUMERIC,3678,1345,sfti_0ffffeb3bccd1abd44327223,cand_41b8ffeac8df394ab47456b1,paper_cf903f949f015c0adc07
T2_NUMERIC,3678,1346,sfti_5fc9ac608a477227f9530a47,cand_41b3822d5be34bd0573b2d41,paper_bf54d15a31f43b340d68
T2_NUMERIC,3678,1347,sfti_e9e5f52430787b86bdee4c97,cand_95d68c447adff5707a465b57,paper_00c3ff30718e77e98d96
T2_NUMERIC,3678,1348,sfti_af97f913232f6630d1df33d3,cand_fa00d885452f8970afd96934,paper_681211614a0b1ba376f9
T2_NUMERIC,3678,1349,sfti_3642442930f71c497ab8cf62,cand_790f1590ddcfafc403477919,paper_072bfbd0f8798926c557
T2_NUMERIC,3678,1350,sfti_b3557959f1e356b82c10d713,cand_f4cbef16819f89849c8f6d74,paper_55b4b2bdafbd819c7d8a
T2_NUMERIC,3678,1351,sfti_7d5836350cc5a3a309f1b7ce,cand_ad219a4484319b0145f25d85,paper_a3dcf98fe3d5b5b73d1c
T2_NUMERIC,3678,1352,sfti_ec9b7379cca005a7df7486b1,cand_e387b368b128f0b035c006c1,paper_e57478bf8eb05ac918ba
T2_NUMERIC,3678,1353,sfti_e3f0dd3fe4a66aa86f8656a7,cand_22aa64475d0cd74f95c880a2,paper_16c13df8cf3bc9f0e47f
T2_NUMERIC,3678,1354,sfti_36a4c101f7feef298effe8fe,cand_beb38b761ad0825f7ef62773,paper_2b220ef4a7efc38da340
T2_NUMERIC,3678,1355,sfti_0516f3789fd25559c577d421,cand_c47174d2285de5d8a0661ffd,paper_e072120be00c97a29167
T2_NUMERIC,3678,1356,sfti_9184f42d2466f1a349391ced,cand_38254f5ce31b2d583952dc7f,paper_a35c80746544bd19d98c
T2_NUMERIC,3678,1357,sfti_1bd74844534e7f780f01ef3f,cand_37ad2b553e70421d12ab40c6,paper_d79077e7e2e94142e92c
T2_NUMERIC,3678,1358,sfti_1ca457e4ff3fc4f0cf00f035,cand_2fd1c9abe3c36705affe0e84,paper_1e8373c0fc60886c7495
T2_NUMERIC,3678,1359,sfti_0af3d3e6aabfa436e81cc901,cand_a14ac0f5b2bfb17041c4b97b,paper_860747b92870ed8134b5
T2_NUMERIC,3678,1360,sfti_8e30c8c8f501f3e416066c06,cand_b91e7d7d993bc79635939220,paper_87c65faf0be682cf13b8
T2_NUMERIC,3678,1361,sfti_b52e4db60291bfe792809558,cand_0c5cace2300b61bb31241e79,paper_7240b6122ecd6cc368da
T2_NUMERIC,3678,1362,sfti_a00a0a8cad58f0adb8119964,cand_497fb80630cecea66c5a9ba7,paper_b153a4108133aedb208f
T2_NUMERIC,3678,1363,sfti_05539b66d6aa3cf9dd51c858,cand_067b8f95313ad4d93b95f5d6,paper_3e0d5679b83f65deebe0
T2_NUMERIC,3678,1364,sfti_a447fd158a8c2498de9d2555,cand_cc6f2ee3ddefb1b9bbb42874,paper_76b794811fee9ac07dd8
T2_NUMERIC,3678,1365,sfti_deb790388f65b07063f1c1ff,cand_4511f13ba30612af125805f2,paper_62d201305fdcd3046947
T2_NUMERIC,3678,1366,sfti_c647c74a00cf36a32210c8ea,cand_f1eca92002b2e850f8836efb,paper_cf6b5a4b3b503636aee2
T2_NUMERIC,3678,1367,sfti_bc6a24c9fb1222edc50e9193,cand_49c348a4fc00677696167bd3,paper_fb5352011719292bb656
T2_NUMERIC,3678,1368,sfti_de72d57b6d00ed3ee59f18ca,cand_dc3a3b4ce2fb3814ed64e42c,paper_406e37f76481edf543ab
T2_NUMERIC,3678,1369,sfti_e69b10395b939ec59dd6a931,cand_95c4364ab06577ba628396aa,paper_1cd03f121d79a0c57f50
T2_NUMERIC,3678,1370,sfti_5fcf844beaa7cdf066a17f0d,cand_6f5692c5ba31244b9663b2a4,paper_daf019871d0aa3d39b39
T2_NUMERIC,3678,1371,sfti_0980df2e9002478146903360,cand_943923502ed7ca8e9e74692d,paper_7dae2f2b5c43ce9aef0e
T2_NUMERIC,3678,1372,sfti_a6b58916c50c77372e21f0e7,cand_e96e9e931a752ce9f67035ea,paper_e2410e75ea19291fc9b1
T2_NUMERIC,3678,1373,sfti_6874ddbc57cc4c416c3ea666,cand_98a380c08093068590c4d50e,paper_75d5824249e114a70cb6
T2_NUMERIC,3678,1374,sfti_0c8951b86fed0f4d7514152b,cand_b3aea30dfee8ce114f576b79,paper_f0d2d28c36b069584342
T2_NUMERIC,3678,1375,sfti_4cc3a43b8277d1876e11017c,cand_701a2478389799b0f8082ab9,paper_6202a5d0ab54e3b90fed
T2_NUMERIC,3678,1376,sfti_9f056c643dd1ca8ce919d0c0,cand_ecebbd2b6d4883273f8cc3ca,paper_aa644bb19b81f26fb841
T2_NUMERIC,3678,1377,sfti_0867b9737db9457120112e5c,cand_b24fe07631f18e74afd76fa1,paper_fbed811a281c252f5a17
T2_NUMERIC,3678,1378,sfti_530cd1dab27bfc541f05b31b,cand_8321152ed813dbd254b5b42d,paper_5f4d155a7e87fdbcfd57
T2_NUMERIC,3678,1379,sfti_aa87ba118dbbba4e8a95110b,cand_6ff5cbfac99a77fc5dc12ae9,paper_a7a15a187cddf7b367fc
T2_NUMERIC,3678,1380,sfti_ca685ea3002d3068d43c54c0,cand_ad0072bdcdedd5f7a7ec4266,paper_93cdac17023edefbaae6
T2_NUMERIC,3678,1381,sfti_718ed66819df1ee074402c71,cand_e396fbbb536ed16d654cb82a,paper_1d252e6c327bda31dd7e
T2_NUMERIC,3678,1382,sfti_5e1869a85f148d1b56247e03,cand_aacc4ed43dc1b9b544dcd648,paper_190df2258f3e7ef7321c
T2_NUMERIC,3678,1383,sfti_39ad66b70eea915ca723b85d,cand_017966cd0e03adcb076e4a68,paper_8b99df3455a9e4b7000a
T2_NUMERIC,3678,1384,sfti_9e3a455e99ba1d9abfec25b2,cand_6e28f074106fda4274cca267,paper_03ff7e9def87a030b1a4
T2_NUMERIC,3678,1385,sfti_5663c22dfd5b3711d9c8de91,cand_c53cde871fdb68426606ba27,paper_080ae6d04b647d7d027e
T2_NUMERIC,3678,1386,sfti_6d618e01e0989e5a48301ab9,cand_4101f05a6a42d434588f3e86,paper_e2971df144864354ab50
T2_NUMERIC,3678,1387,sfti_d4ff0542355565ac9e19885a,cand_a157776632d26acfbbd8e1ee,paper_35233223488b5f7763d8
T2_NUMERIC,3678,1388,sfti_89caaa60cd007751336d6ced,cand_16df5273189090bd6f25ecd1,paper_6df43c48214728454930
T2_NUMERIC,3678,1389,sfti_5ab45290289bc8fa5856db9b,cand_51a9729d84f4ba0f2f60d318,paper_a6a71ab05e2677c8001d
T2_NUMERIC,3678,1390,sfti_f2ce852453541b8c722386c0,cand_3c8778a742af8b6c5d18a40e,paper_117c93c9f01087aa7a3e
T2_NUMERIC,3678,1391,sfti_6d20fe4dfca69eb200e78bfc,cand_6490d0d321ab2a5030944b94,paper_8b6b74b78f127ceb59c4
T2_NUMERIC,3678,1392,sfti_254aac448ea92e4b8bc6fd82,cand_ded7e01731af225530e0fab8,paper_a33d69153b85c02028d9
T2_NUMERIC,3678,1393,sfti_735dc92e423aa7b6738a43ca,cand_924a07d62a14a1359904d111,paper_aefd1f6c29e982b9aba9
T2_NUMERIC,3678,1394,sfti_4646a787e839cd624e9514a1,cand_06748d60929e6896cb18f74e,paper_09a5a6b8d7c4de7c9081
T2_NUMERIC,3678,1395,sfti_2dacf14fdd62a0b1e962c076,cand_11a8a8c89c14e06ca4c92ff2,paper_6df4b9381be6592f7484
T2_NUMERIC,3678,1396,sfti_a1e847683e40b55d5b504456,cand_674e983df0a9432824959161,paper_9ed7e5dd2d19fdae47dd
T2_NUMERIC,3678,1397,sfti_8782905b57c17e7237846f61,cand_77dbd1f01d1d93ae26863297,paper_829ea89148ab3b7af271
T2_NUMERIC,3678,1398,sfti_5a74b9d1f963dfbe84202262,cand_283beb97de11011c763ac35d,paper_65b7b19882eb5c68826f
T2_NUMERIC,3678,1399,sfti_b0c4936e7a7c2a660e22997d,cand_a16e12d0e7e9af972ac69ccb,paper_b4d40141243bb11115d6
T2_NUMERIC,3678,1400,sfti_6fe6074907efdf5f2a0ee502,cand_d6092b91b2a3b1a115e94643,paper_4e3de9e4ca79ed351723
T2_NUMERIC,3678,1401,sfti_c30aac92adc046c22b4c2613,cand_1dd870b24f12070380fe5d1b,paper_ecd6471e7031f96c6dd5
T2_NUMERIC,3678,1402,sfti_93426bad3fadf15bba259f03,cand_62c129d0b8f01270ab10afe0,paper_2018ada7d8a5bf4f51a9
T2_NUMERIC,3678,1403,sfti_c4f34bda1637997269143856,cand_4b165a8c1b52717a00428b91,paper_98e549572ba02d9bdf70
T2_NUMERIC,3678,1404,sfti_50ab440f3d280311db73cc76,cand_1f0dcdff3bb008970156ec8f,paper_e6eb31e0c696987f6709
T2_NUMERIC,3678,1405,sfti_f063f1138c27fd56d3aa2c37,cand_d0ba2bc9f964f1665bfe3551,paper_7661703c927d0e9f12dc
T2_NUMERIC,3678,1406,sfti_ac8ca8bc48e5598da671085b,cand_e05b3a1434ede0c8a472953a,paper_2a0c54eb288d2bd6107c
T2_NUMERIC,3678,1407,sfti_0343af8fc6228e175b8bc3c8,cand_025bdeef2ee70d1abf6f2a32,paper_56d1c041063dd1a9acf3
T2_NUMERIC,3678,1408,sfti_eab741d9bce09a847a5504ca,cand_85c132e66c9b9f0660094ef4,paper_4cbcef64f6b0ab42d544
T2_NUMERIC,3678,1409,sfti_6ab71e7f32aa57ee43afb3c7,cand_f88ec5e230c7b872fd3b9c1a,paper_2cb6f57951a81f95a6d3
T2_NUMERIC,3678,1410,sfti_3796c53f64745e079ad89b7f,cand_c14c81d595cd6e64643dd902,paper_48f90822105bf111ea1a
T2_NUMERIC,3678,1411,sfti_59d6751a3d2dd8ad684d36f2,cand_c4692c294562e35c5ae98cda,paper_29fec20ca5aa045aa277
T2_NUMERIC,3678,1412,sfti_7c7f28f511bebcdf02e6b296,cand_77aacd1aae9309ac33ed7422,paper_19eb043baf2285e21e04
T2_NUMERIC,3678,1413,sfti_ff30f00b1c54684678d032ee,cand_562f300922651fcc6c42fde7,paper_875f2d35bea8cececdda
T2_NUMERIC,3678,1414,sfti_caa837b25e923a8547f0d813,cand_d8ff4c3e9b0daf4f0bb4191d,paper_51c9758340f260242d9e
T2_NUMERIC,3678,1415,sfti_f4c48a04ec09aab736b7373f,cand_9ff227cd6f3b9e2d66cf89bb,paper_a6d918b77d863d08418c
T2_NUMERIC,3678,1416,sfti_cd33d8f32fcf478e48a2c2f6,cand_3cf58d29a1ae313d3f432e7f,paper_541aff79398df3a738ca
T2_NUMERIC,3678,1417,sfti_0b3156aabe2910a89e140575,cand_85522535dfbb5baacb42f09f,paper_14885a60d70b18d57ffa
T2_NUMERIC,3678,1418,sfti_aaea007d9992bec7bb895a99,cand_f5f70733dd37367c6975c04c,paper_0f39b53174dcbddc4a1d
T2_NUMERIC,3678,1419,sfti_36dfbac0b6315c147553ad69,cand_71173c421917203a0d5e8212,paper_04ee90d11a9e2e5995fa
T2_NUMERIC,3678,1420,sfti_1ca20d7902329e4527990949,cand_5f4b3c6495ce09639284fffd,paper_c7f4c59a783a734322b2
T2_NUMERIC,3678,1421,sfti_e3d3c05490d907ee3199e8f7,cand_e5efa15a88bef5013f904e88,paper_bc8cf1c27837920034b1
T2_NUMERIC,3678,1422,sfti_3efe7b013334549401b36a23,cand_4251e1ae7ef099324b4095bc,paper_3f7b8d5f291072c7e8ae
T2_NUMERIC,3678,1423,sfti_4e597b44bcf8981f79e51222,cand_b34273552ec8b8324fbadb59,paper_8960d35e4e7e918f25b3
T2_NUMERIC,3678,1424,sfti_67b40c3bea7946d39912442c,cand_3b8139484da9bf737a24765f,paper_a2855be0e32bc908e060
T2_NUMERIC,3678,1425,sfti_9c75b6803c3ceac33a7d8402,cand_0a4f050ddd93dea812494b7e,paper_88185f5d588e4f96f362
T2_NUMERIC,3678,1426,sfti_faca918b0cf65a4e52ef5160,cand_fd18d5557abd746e600b53f0,paper_1cbea91ab313b361da43
T2_NUMERIC,3678,1427,sfti_a6798ec9587b41d3677f4d8f,cand_1e3c3534131079ec695ff2fe,paper_6b87b17f9d1a3a845b3a
T2_NUMERIC,3678,1428,sfti_246884af7261e098f677a9fd,cand_d12b498b91a8f695b51a0732,paper_61251b5fda9ffb5dfd3e
T2_NUMERIC,3678,1429,sfti_c02c10ac0f1a52290d753e5d,cand_352f396d05a9902c75ebabd3,paper_a1d177668f0455f920ff
T2_NUMERIC,3678,1430,sfti_be0921d208c7cc3dab3474b3,cand_58fa89186fde46eb875f903d,paper_b3ceb4a520b9f342d813
T2_NUMERIC,3678,1431,sfti_b851cf184143bd9deff4d86c,cand_f233903b0da36ad2528b0ae9,paper_b52a0c44b8cd5eb19780
T2_NUMERIC,3678,1432,sfti_6e909f491fd631c6c93f5a43,cand_e24fcda0450102db8a70c26c,paper_1dba34972cfb5f4469cb
T2_NUMERIC,3678,1433,sfti_38313aaa9d3726512972ca5f,cand_783fafdb2325f2052092eda1,paper_eee38bfe14fc10464a64
T2_NUMERIC,3678,1434,sfti_40c3983614a78ff691b7dd27,cand_d500254a7108352638f7b716,paper_eb11ccf29d2707b726dd
T2_NUMERIC,3678,1435,sfti_41e2ed518b97a4812e517342,cand_9d2877d8fbd178bde0b7738b,paper_3ead46de96ae3c9d8a62
T2_NUMERIC,3678,1436,sfti_f7f542bab5432e4458755ec4,cand_511e804c8d5f39e4954f1ad0,paper_6506f43e232d65d21441
T2_NUMERIC,3678,1437,sfti_3a69816ce4e75cdd14fbb00c,cand_d20b1ad39b8712ebade08b34,paper_e39d02baf353eb3e35c5
T2_NUMERIC,3678,1438,sfti_7ddf5dfd741a62956f782203,cand_65f34ff4b27ee5202edef23f,paper_485b3fecc88210a2fb80
T2_NUMERIC,3678,1439,sfti_c1af83d56b6384ce564478dd,cand_557672a12b85b95ad32d15ee,paper_242e560e97cb6505f70f
T2_NUMERIC,3678,1440,sfti_2619325223711bd83ebd9a94,cand_6f511a2355eff6c1d6ed7e9c,paper_cda09ee73200c86e8531
T2_NUMERIC,3678,1441,sfti_b8d1f6fe90772fb731ebdb9d,cand_7296994d6e4e9d0c828e8ddb,paper_82ada25e588ffde0797b
T2_NUMERIC,3678,1442,sfti_4d474fb73994aff34d848469,cand_39e0fc0d5dfafa9fcd041d1e,paper_19623e79243d0cf49b1e
T2_NUMERIC,3678,1443,sfti_5b83bb4d1e987af73bc3bb5e,cand_ad0a409d09040d776a7c21ab,paper_6011087f571c12a9572f
T2_NUMERIC,3678,1444,sfti_3b73a120305dc2e368c80304,cand_a6e52534e4364765ede8388d,paper_edc47b2e1d89bd1d57c6
T2_NUMERIC,3678,1445,sfti_60d8e394f8d024e85a289591,cand_d45627661731635f0cb00092,paper_b01d11615f92368273dd
T2_NUMERIC,3678,1446,sfti_3d3f05870e3f7ef11219ac29,cand_69b80e91b1530981b5bba4b9,paper_050e0efec10ad1f0a9fe
T2_NUMERIC,3678,1447,sfti_197498c329ea99570369c4a3,cand_447669a237e1a6cc52fcd71f,paper_08e189125eb0ab93ebb4
T2_NUMERIC,3678,1448,sfti_ea13e2957da8e4d04be0c984,cand_fa961f36a32ff2c078660ccc,paper_fd846be4054cb8da1c75
T2_NUMERIC,3678,1449,sfti_399fa219d389000e85b37a17,cand_a04b0219c89596f53e76e1b0,paper_cf6e681f23fb0fba0c64
T2_NUMERIC,3678,1450,sfti_3a5ccc2d7a0d63857a486d1a,cand_c4044309aff2314b761fb520,paper_d43cca4456936538a369
T2_NUMERIC,3678,1451,sfti_165cac059d93b7c69022354b,cand_125ff563727ed7772bcc2d41,paper_8e8402c0398073de8559
T2_NUMERIC,3678,1452,sfti_eedb80a50f2019293557b3f9,cand_080a789467229da1e1cdcfa3,paper_a4394a188c62cb17c7b1
T2_NUMERIC,3678,1453,sfti_cc7fd3b99062a88517719abf,cand_3bd5d505f5b21e5444ba9516,paper_cb918152eb88ac781e99
T2_NUMERIC,3678,1454,sfti_4d2965ad8d8425b520b5f2bf,cand_2f57d9743182e5e0ba7fba7a,paper_c3a2a06ddc49daaa4b54
T2_NUMERIC,3678,1455,sfti_0b57272c896b2fbfec73b2c8,cand_c352a5e60fe3bb3ee9b04d71,paper_62e38605fad8c2e0939c
T2_NUMERIC,3678,1456,sfti_8134948a73775a3fcf65bf61,cand_d0d42f035a77b2aca9ebfbcc,paper_0c6ab339e1fc81e69363
T2_NUMERIC,3678,1457,sfti_18563b09f1f0cbc6b5592417,cand_6a0b3f3cfad18d9f9cf12c5d,paper_ad00811f68d163562037
T2_NUMERIC,3678,1458,sfti_6d6c5226dca7dfb0540b3484,cand_1e0ebb9d525eec6ab78fe885,paper_9eb4667de60036b508b2
T2_NUMERIC,3678,1459,sfti_f4481be68b75f721a4147a26,cand_f0b3788d7d2cfebfa2ea8c8e,paper_07a3b3056cc42097fbf2
T2_NUMERIC,3678,1460,sfti_665bcfb33200335d5ef74d1b,cand_b551d8088c9c355047d719b6,paper_aa28a1c986e09ef13f95
T2_NUMERIC,3678,1461,sfti_542553492af51e975682130a,cand_391f636f8d603b51b2888296,paper_a7dd1f40e84491df9e74
T2_NUMERIC,3678,1462,sfti_c2e6814e47e765ad0605ce0b,cand_42212a7b2c3fbeb0fcc14784,paper_c4de74fafbe248f42d88
T2_NUMERIC,3678,1463,sfti_16bb703d2477471d6eb3b8e1,cand_79687bb96a70c6046daaceee,paper_be27d188b6e017ce6b22
T2_NUMERIC,3678,1464,sfti_ce54acbb3d1ecf403d2d5d01,cand_479b0e147dd3e7e4eb047370,paper_5cbb72428f2974a70216
T2_NUMERIC,3678,1465,sfti_557f5237644c74e594dd3c40,cand_55ea05ae1dd241c1aade29ee,paper_a9d83cb5165427ddab13
T2_NUMERIC,3678,1466,sfti_a1e660d33161d1988fe31e1b,cand_280ee9e2c4b3c74c55d0b5a6,paper_d8a5a42f9d9bc9708adf
T2_NUMERIC,3678,1467,sfti_58b967a5adcc3f28df570891,cand_d0e7422b3eb244e9bf451293,paper_2b927acd6b0595e0fbfb
T2_NUMERIC,3678,1468,sfti_2b8645864d726e3c41b165e0,cand_37687a6a7de633673eecdc1d,paper_d707afd32f2376608ebf
T2_NUMERIC,3678,1469,sfti_0350a53e6b833675771b7f38,cand_45c46c40bfe66fd1df875dd6,paper_cd26909a42762f438b18
T2_NUMERIC,3678,1470,sfti_40fc82d17360117a05644273,cand_4b0772dc7ebeae61c196b61b,paper_3bd3c3fc9e9fb1b509ee
T2_NUMERIC,3678,1471,sfti_090d1f838f2af187417d1731,cand_799fd6f08a8799d0a56b08ca,paper_dc139c5a1965f0979f7c
T2_NUMERIC,3678,1472,sfti_b08b0bf2da99bf820cecaf72,cand_76d685e3828457bcd960f2fa,paper_c74f3cfca89318a59f19
T2_NUMERIC,3678,1473,sfti_91a68c4648577ed6a8d821c8,cand_8417333fd01550a27332ba9a,paper_f2be3d7faf13aa4b2b38
T2_NUMERIC,3678,1474,sfti_0c5c147e5bc6a7fd47b30fbb,cand_337fc4da503d1ed234ce4162,paper_ff168db638406d844444
T2_NUMERIC,3678,1475,sfti_bc184313c6aab8e59a8c11db,cand_39fa9fa49e9a15d2d0bc24a6,paper_2e79e217cb83ee32a37b
T2_NUMERIC,3678,1476,sfti_3e1b5e968697827ec6fd12bd,cand_75d35529e5900574dd6783ba,paper_e2fe8c3fb17de72a30f6
T2_NUMERIC,3678,1477,sfti_191e9a368a1b54346b725d6e,cand_a51d55ef9ce71396b293a58c,paper_73ec927fd13e6964a898
T2_NUMERIC,3678,1478,sfti_f5a06e4908743a3c10b37d68,cand_f2327025e71cdd55aabf9f82,paper_18933680bc8a2e259970
T2_NUMERIC,3678,1479,sfti_41e9fcbd8aeed739cd2113d2,cand_e2d9dbe3f45de8f672cc197a,paper_e9ac0d341bdc0d314ea1
T2_NUMERIC,3678,1480,sfti_bc9619d08a33a95899bf2766,cand_b45ab0b7b73b9471e665d4ea,paper_e3a1a7befb994dcb7e6a
T2_NUMERIC,3678,1481,sfti_1b2c7b3f7c345af1ff93497c,cand_ce5c388b168cdaabc4bb1ad4,paper_d7aa357dfb15c6a1e39d
T2_NUMERIC,3678,1482,sfti_2701f17c334993e1b938d4b7,cand_c3a5388625de1c04a2136d7a,paper_57ace56e0ada3222f3f0
T2_NUMERIC,3678,1483,sfti_24f361d51b70dd38dad4ab25,cand_e3f242c74c399077123ea470,paper_25e647536008b73b1056
T2_NUMERIC,3678,1484,sfti_2fa7ca2720459ad969786db5,cand_d0054fc6d9223671d39376f2,paper_f41784f6ad24d1bbcf21
T2_NUMERIC,3678,1485,sfti_46b08c712d51cd668047f064,cand_89fe987c0fe8d08ccf2a2c27,paper_639f89983dc30d163de4
T2_NUMERIC,3678,1486,sfti_b7ab862568cae288f720a973,cand_d5a8e9964072d439eaf5f27d,paper_6365016e63ccb2f0cb3f
T2_NUMERIC,3678,1487,sfti_d1d20b76602f6d860bc8fadb,cand_ebceb25713495e6315a039bd,paper_46020a24db82d64c0fdd
T2_NUMERIC,3678,1488,sfti_8a9f924c6a3e4e5f82141681,cand_a476b3d681563f67c5040508,paper_2915459eda4b88d763e4
T2_NUMERIC,3678,1489,sfti_c3d219f2e655a843ca5a4203,cand_a265db55ddf0add243d4477d,paper_83c1908f50bfa8e73253
T2_NUMERIC,3678,1490,sfti_e172c3c89cb0bd4125827ac8,cand_b8c6866480650b0d8752b21d,paper_5bb169e3d0a7bddf67d2
T2_NUMERIC,3678,1491,sfti_c24ffeb3d3ff18d43d8e9863,cand_50b842868979204162fc9e71,paper_16dbf623d307897aaef7
T2_NUMERIC,3678,1492,sfti_ec23e50aa30048c2bf2cfd3e,cand_1c5744fc6bc964d638eeac6e,paper_d3d6bf6212f62c9c3292
T2_NUMERIC,3678,1493,sfti_0b0fc780e20a0528e4e44c44,cand_a97e7322661e880d6272e18e,paper_0c493d1aba033d49a5c8
T2_NUMERIC,3678,1494,sfti_997b068f968e621663603ea1,cand_23a147cc1e60d1c6f4424899,paper_abd13107c8ccce629ec5
T2_NUMERIC,3678,1495,sfti_b4524f3e2087729f061b0b8f,cand_cc8d510f3090a8e338d6fec8,paper_c04deb4c3f4bb3dad1f0
T2_NUMERIC,3678,1496,sfti_2063d4ed1ac926614d1e9672,cand_ea7e375161aba4d7b57bc7ae,paper_64526ba0276feb8256a1
T2_NUMERIC,3678,1497,sfti_102ca28072f761edbea2a314,cand_f2097a41470b68db04a1af6f,paper_3322361c95f35e53a49e
T2_NUMERIC,3678,1498,sfti_98cffe0823390a6d4f60a2d6,cand_6bc07457fa4283b3e2e7a9c4,paper_84ae166a6d4c6be26c91
T2_NUMERIC,3678,1499,sfti_961ea805018412121db89726,cand_685e0ab9e67139ed23d253cf,paper_b98a5e3ea66600840019
T2_NUMERIC,3678,1500,sfti_485cd6cee6f497be9d9b7229,cand_14eea1f7c7886dc037019a12,paper_b93c83b03100d6633e9c
T2_NUMERIC,3678,1501,sfti_592193a1ce3e6d195c5524b7,cand_31d6a09cb2781fc110d4899a,paper_cc9b4421cec4c4f430f6
T2_NUMERIC,3678,1502,sfti_2faf18f58c67bac59ec2a421,cand_e3b3de2829be5ee66bb85d9a,paper_13a837f8c0110a1a3b3a
T2_NUMERIC,3678,1503,sfti_56c60e96aec47a0e626a65d9,cand_7cd9724737b5ac12aa345e62,paper_46763484e876b1610d47
T2_NUMERIC,3678,1504,sfti_b7100db6e366237635fcee49,cand_0c813d07b9709626378e14aa,paper_dd00a6ebc17bdfcae203
T2_NUMERIC,3678,1505,sfti_756210e64fcad3e969ebd2cd,cand_86fab772502d644789ebb729,paper_6ac9728a355621c40664
T2_NUMERIC,3678,1506,sfti_dbe2d2c7eb1b0a387fdaff50,cand_6bd4396e131f9bc3b25cb5d6,paper_f2b2b702187faab70aa4
T2_NUMERIC,3678,1507,sfti_81a790d1576fac837d2f5d41,cand_d0f84c153e1ab0d4749965bf,paper_3b52b2355f8e01112a03
T2_NUMERIC,3678,1508,sfti_b4d7b3f46e5cf94e7144ae86,cand_fda941f3c6278101c13d79ac,paper_c27015976f546c132876
T2_NUMERIC,3678,1509,sfti_ad73f123b0da30ebb8124583,cand_76a94efa8bed498c8bb149b3,paper_b5bada64764fec60bada
T2_NUMERIC,3678,1510,sfti_0965bb0a76722d8957904b38,cand_37146e65e8196827c5a2024c,paper_14fb686f8386f271498e
T2_NUMERIC,3678,1511,sfti_9ad9305d75ed557aa36b79b6,cand_60ca5b6da6f58300fa575893,paper_5a8aeef4f40fd0952056
T2_NUMERIC,3678,1512,sfti_3397a7678f2c3a8b3504f335,cand_9f76b318a5ce98158fd29cc4,paper_97d1708d31f33264aac8
T2_NUMERIC,3678,1513,sfti_afa2803736b6fb9004ee8515,cand_add4818f460e7d2997af87a4,paper_86d4e5c48ece62a7cf9a
T2_NUMERIC,3678,1514,sfti_7ec618208bf9bfd99ce62f0d,cand_6988e8458f8af25bcd718b92,paper_c181c5958148c1d9e857
T2_NUMERIC,3678,1515,sfti_524bf109b7ab697d824384cc,cand_00f1f76f7873ad3b75d7d94f,paper_f6075846ba4e417ca28c
T2_NUMERIC,3678,1516,sfti_53c1403f6dd468902f7d0a4c,cand_6f2951bf8cc7a5a17422c2a3,paper_afa3ea7d91650d4e3122
T2_NUMERIC,3678,1517,sfti_fd7f2fbd6b75b10912ec179b,cand_78ddf89bc78a1c92457b1356,paper_f33629526b9e8dec9b5e
T2_NUMERIC,3678,1518,sfti_8bd059dbc8e08342a9a92137,cand_71f7d958f7bb5f82bb28b605,paper_aa8deb9a1b3a3361460c
T2_NUMERIC,3678,1519,sfti_db364c4c39baa4d95662ddd6,cand_a6788e37d7d17834cef2d677,paper_012cfffb2443a103e06e
T2_NUMERIC,3678,1520,sfti_6c551d0b76c6de374aa44dca,cand_de423e7130476de698d37a26,paper_23bcd664444706dea015
T2_NUMERIC,3678,1521,sfti_e66f33edf49a3636c071f246,cand_6ec6bf4d91f45984b96728a3,paper_87a2bed7ebe05c31f7bc
T2_NUMERIC,3678,1522,sfti_6969167cdadf244c1791a3bc,cand_d86c498b21b2ba2a078bac85,paper_7aed1b3cc943a6faf148
T2_NUMERIC,3678,1523,sfti_d1d14f14ab01ddabd1e9c964,cand_334f7d6985e1245ee83e40ab,paper_96ac22b722cc9f3876ef
T2_NUMERIC,3678,1524,sfti_76e27c3915a732a37ac88478,cand_2158dc25d2274e01986e0f5d,paper_179f807a6800cc1dc318
T2_NUMERIC,3678,1525,sfti_91e597af5a4772d030919952,cand_2235eeeefb9c3b5097d678c9,paper_0f9cb975cd0b7c104b86
T2_NUMERIC,3678,1526,sfti_627043a8bededc4a11484e06,cand_a2a7036d5140a9f2669ba275,paper_d1664d57746a7f6eaf35
T2_NUMERIC,3678,1527,sfti_61e17212530860a13545f8b1,cand_df5b0b319bd133f6554eee0b,paper_b1be9d9c2235573dcd95
T2_NUMERIC,3678,1528,sfti_0a9fc7e853dfac3c24719586,cand_294f957bb68a71cedd2632f1,paper_de85797838101f695e9c
T2_NUMERIC,3678,1529,sfti_125f7c8ab18ed9f31187e38c,cand_ed7f380b83d500bb6f9857e4,paper_308f18501b581689186e
T2_NUMERIC,3678,1530,sfti_3543ed2b4dbaa45a6050cb43,cand_d9826b2071daa9c0cca7aae3,paper_cfd4f1c04166827fa544
T2_NUMERIC,3678,1531,sfti_997dae3cf12149a1c686c020,cand_9b7bc611de772bc261419e28,paper_1b11e7b26c9ebc36aa86
T2_NUMERIC,3678,1532,sfti_43731bfd4d16e93b80982190,cand_6df7dd7e09d1ceaec23ef955,paper_6b75a0758f7f8e49a5f0
T2_NUMERIC,3678,1533,sfti_06dcd1f6362f106e42c5ace5,cand_15a06868f842e128940f1289,paper_52464a9d6f2e93910661
T2_NUMERIC,3678,1534,sfti_dac29df5abcc09a9678f1b58,cand_b89f44fd02b73500bc8e4296,paper_a87575ab3689cf227d88
T2_NUMERIC,3678,1535,sfti_cb4c32c62b97a53a46989087,cand_01590f406d8d1696532b11df,paper_fda3c6da82b26c4d290c
T2_NUMERIC,3678,1536,sfti_6a4fcb5eaabe21d113e1c2b4,cand_70b4196211ec458931bd659f,paper_411c20623e599b3bc130
T2_NUMERIC,3678,1537,sfti_1fe3870611099961b216efe6,cand_86fdcafb1c7fd069ce8d267e,paper_e3e5e74da4d406668197
T2_NUMERIC,3678,1538,sfti_336a36152fd199dd3b0bf25b,cand_ed09b7b254fdbd8306f87df7,paper_0b96938446e7a8a961b5
T2_NUMERIC,3678,1539,sfti_be5ce873ab35edbbbc593466,cand_269f21592a20890748505837,paper_1459964ba1bc517623b3
T2_NUMERIC,3678,1540,sfti_ea7dbaf91bd61cad2f1ad5a0,cand_073a16889dacebd865304c96,paper_66e9b50a59bd823abcd9
T2_NUMERIC,3678,1541,sfti_c7b1f78254c9b154a90f9adb,cand_4fadf2cf871cf79c015e4c01,paper_77bb6698199bf1624c46
T2_NUMERIC,3678,1542,sfti_30faafd333607336a168d58d,cand_75c86e9ca38f1082c4e33a15,paper_63b2bcff2acd5cb805fc
T2_NUMERIC,3678,1543,sfti_4706d4b69c649e421925692e,cand_414d96d803aaebba624243c5,paper_5011fcd87c855c7b431d
T2_NUMERIC,3678,1544,sfti_5c8c53260e2101ef1601ce4f,cand_167072f7143c46b3cea0c12c,paper_5d1d17020e2f0bfca95b
T2_NUMERIC,3678,1545,sfti_afb3ad1e44b0ce083fc31ae2,cand_37675752b95a7b08cfe96778,paper_cce946fd7f9a51375e1e
T2_NUMERIC,3678,1546,sfti_7b1066279fc134525909179e,cand_96427b2bb612664137f3487a,paper_1bf35d19faa763dc9570
T2_NUMERIC,3678,1547,sfti_c65409e862fe0897c6c1706e,cand_b5dfc76cc3cb26b404246d6c,paper_0232cc466c60248dfdc3
T2_NUMERIC,3678,1548,sfti_d7b0e4dd28d62898049b7b06,cand_bdd5eca041a9e63a4581bba7,paper_366f186e0b2f6a47de9c
T2_NUMERIC,3678,1549,sfti_64b29225571da4bf30962756,cand_c562fe82e7ac3c75c1179616,paper_e4a88ba35e52ed489087
T2_NUMERIC,3678,1550,sfti_04564dcceb1efa7fbcbd5658,cand_a3ea9892e664b81917a036b6,paper_08cf395c399c4d933099
T2_NUMERIC,3678,1551,sfti_8501868bbb73a291e9b78202,cand_7d2b327c4986fcf302bd135c,paper_67c313239cd572c2d80c
T2_NUMERIC,3678,1552,sfti_77a52dbdc25ec00966a1acd8,cand_24c871723e0a91c8b8800919,paper_885e837f21bcf28ca60b
T2_NUMERIC,3678,1553,sfti_ac6cf455f62647fdb5fac809,cand_16f086917b3a4f050e5a838a,paper_4bb04ced1198e17099d2
T2_NUMERIC,3678,1554,sfti_25ac9902e353868dcefe0374,cand_2ca580f00d4e4560b9d12dc4,paper_75dbd75e4b029ba2987f
T2_NUMERIC,3678,1555,sfti_49820bf31afd8862152349a5,cand_0789a4c7531f840675e26b7d,paper_d17dc01908906bfae39f
T2_NUMERIC,3678,1556,sfti_8f471d474e96f353fd6d0e3b,cand_1ab8d2e199336f1b96c6e10a,paper_661b1867c0226471dae2
T2_NUMERIC,3678,1557,sfti_1b24a81fb67066a7d043a9aa,cand_e874eb4c04f7e916a1c64c18,paper_5ed85dc4f61a99174a36
T2_NUMERIC,3678,1558,sfti_b38799cb252ecf50dfd004f6,cand_0dd72371e6f0829f8b72b4bc,paper_50a3e9cfd92b2ecacf27
T2_NUMERIC,3678,1559,sfti_80cfc83a63a28c309dab0c33,cand_917a3bd177aeffef990a4716,paper_5622e48049ec2935fe07
T2_NUMERIC,3678,1560,sfti_9883d84af0b71430e300378e,cand_6db7ee38c17d1728082dcb48,paper_16f52298d6daf40db176
T2_NUMERIC,3678,1561,sfti_8dc475fa7112d24cf0c37eb5,cand_8235de6c14a6800a3911adef,paper_fde0dbf7d82a9cdda7c7
T2_NUMERIC,3678,1562,sfti_f3aff175d6bd0583f6ee466b,cand_b44beafd2313f75887b84ed2,paper_861b33b54fdd426c017c
T2_NUMERIC,3678,1563,sfti_0aaee73bcdbf7e4d6eb4ca67,cand_6ebc233a03c549a5734d887e,paper_0dfc713c6ddcc04e21ab
T2_NUMERIC,3678,1564,sfti_0c25a642d634083a408c7131,cand_28141207bddbf96698a0b6aa,paper_2b7d8c45688607f3563c
T2_NUMERIC,3678,1565,sfti_7f0f0bff71397a142592bb66,cand_add63ca32c231d071c427839,paper_297b7e0fb913db1e36c5
T2_NUMERIC,3678,1566,sfti_07e9cbe718b60515d2f0395e,cand_14ca98350a2d4a1cd1438bef,paper_e18ce688c48046a0792a
T2_NUMERIC,3678,1567,sfti_23f401fbdcd173def137cf5b,cand_2a6538a647e547d16c19d524,paper_e2007791cc10c41715b8
T2_NUMERIC,3678,1568,sfti_f0e4f6f416f00f6bab4bc9ac,cand_9b8f04e1908204009187f007,paper_1c21e07003a6a2ace85f
T2_NUMERIC,3678,1569,sfti_584c22b31865589e2e5fdbc8,cand_d60c987025842e90fa5aabdf,paper_3bafa4a79b7e89fc0a5e
T2_NUMERIC,3678,1570,sfti_6a42a54ef022d9fa53389de7,cand_414bf3e8c50c6d7cba137f36,paper_c79b045a95db7baea121
T2_NUMERIC,3678,1571,sfti_87c8fc4e10e31105c8f3a7e6,cand_618322ff0f0b5f4c19462c3e,paper_915e8135f2cd2d3c8c56
T2_NUMERIC,3678,1572,sfti_a70a4cccf2fd127d1dcd8599,cand_7f96d51fe1e8bfaa4c2b6c12,paper_2c919dff8cd869413822
T2_NUMERIC,3678,1573,sfti_8c3f9c6d94782cbabfcf5801,cand_32dd27765a45bf067f8762fd,paper_4414623e6a5fc13f5979
T2_NUMERIC,3678,1574,sfti_3a4daa91b26eda227b4de3dd,cand_6d64270be35e2f2e21b3d4d9,paper_c82a7cedff84b7d517ee
T2_NUMERIC,3678,1575,sfti_3192a19b568d5efa5ef61c9f,cand_5727620b69d660acdf90eb44,paper_f046f3ee54ac53d2c6d6
T2_NUMERIC,3678,1576,sfti_4f3afa86b301938d6c445086,cand_3b05713be69ebc803b83761f,paper_a60dc9019c65e5a1e08a
T2_NUMERIC,3678,1577,sfti_f0480db5e017e11f925b9515,cand_343e923f5016deea6dea9af7,paper_3f6bfa204e1dff930477
T2_NUMERIC,3678,1578,sfti_8ab0ef2482d53fe5f59bc836,cand_9002c5dd912365c32123a341,paper_e020c739ba85ea0ff35b
T2_NUMERIC,3678,1579,sfti_71c11e929199d17142af2cf5,cand_a8f076075d2bb7812af5e797,paper_cbb0e6062da18c72ae61
T2_NUMERIC,3678,1580,sfti_cc769530060ee35a5c0215fc,cand_bee162fb08a0366a3eaf02fa,paper_9da2bc17ec9305bccac4
T2_NUMERIC,3678,1581,sfti_a3bf87fd8961c45bf79704d4,cand_42493b7f27aedc0b3dbe3634,paper_fd4f44b26db058b07e2e
T2_NUMERIC,3678,1582,sfti_ed7678b58544cbca6c5c8838,cand_83debc63acdbe97aa35e2cf1,paper_da2c1921900f7aaaf916
T2_NUMERIC,3678,1583,sfti_04ab8c91ef07da26fbe52296,cand_945165a5df78dd377c04b585,paper_8626ff7c68d7bb9ec6b6
T2_NUMERIC,3678,1584,sfti_2117592ec344437df9bea064,cand_f723b04941b8d0fba4119d36,paper_df4f5b6d769e24884e34
T2_NUMERIC,3678,1585,sfti_ff760ada3227c7f0165de16f,cand_20b4b9fdb4e539cded876c54,paper_1f58aa11b681339dc396
T2_NUMERIC,3678,1586,sfti_cff39a2f20c3f301cf499dcc,cand_451e4dd20d28bfa9472ba813,paper_d678f6fc8a4d5743f615
T2_NUMERIC,3678,1587,sfti_cf2e437d85dd3a1e76cf303e,cand_394fa2e8db7491498f357dee,paper_c384165a13e05f8ab24b
T2_NUMERIC,3678,1588,sfti_f4ce5cf4f09d3945581e8c60,cand_0606e11dc9736f3c3c6acac2,paper_7ba24873e76b8536a7d2
T2_NUMERIC,3678,1589,sfti_7a743f6539696b38e0d4fcaa,cand_e399d87368eb7088cda0a9e8,paper_81aa2b919d1c92a07a7d
T2_NUMERIC,3678,1590,sfti_1af94f18704c86aeeffe4b6b,cand_a1b3b38f194b9b1d15327d33,paper_4635a9cc7bbcd74bc882
T2_NUMERIC,3678,1591,sfti_9270fb85faf0c249d2e31c84,cand_e891c650c00c1f62332363fd,paper_035b8930770225ae28f0
T2_NUMERIC,3678,1592,sfti_238b2ead11cb2b903f845ccc,cand_950155cee1618296d7c3a6d4,paper_236a6718ea5ce8ffeef7
T2_NUMERIC,3678,1593,sfti_51733e5a58f58c6b9040623e,cand_af9f7fccf092009a159851f3,paper_1167812faa33b036641b
T2_NUMERIC,3678,1594,sfti_a01fd8e0b3900f93f334baf6,cand_c9d05c29c0dc609bae6a19ec,paper_54ae55245e1f6a0c207d
T2_NUMERIC,3678,1595,sfti_c242a846e418aa8e04fd85d2,cand_b0ade45ad720974f5eaa0f72,paper_46fe22a95d6bd3b48195
T2_NUMERIC,3678,1596,sfti_f1ca3b8bb2c01ed8461e643b,cand_9936374fa2e464d2862f1293,paper_05c1d1848050b0570ab8
T2_NUMERIC,3678,1597,sfti_3dbedfc7c35f616b486c7617,cand_0c191d506c146b19011e93fc,paper_1d8f5052e7c1595ffac3
T2_NUMERIC,3678,1598,sfti_6f35b82984a9dc0d14a4efc9,cand_8e0d1e4d54cbdbe508e78e24,paper_1c6055e2b849d2598268
T2_NUMERIC,3678,1599,sfti_e6184dd15abb177bd0eb6815,cand_e3eb88839b19f562d92c7895,paper_70eda2eb1a05bdfa7e19
T2_NUMERIC,3678,1600,sfti_22d196c03394e02d031bc8f8,cand_4ddbe1ad14faee4e6a99a085,paper_33796061924f83a65de1
T2_NUMERIC,3678,1601,sfti_fd878ddac8896fbf33bbe626,cand_2e6488b06e111ccbbe0e8db1,paper_54c0115fc01170ba67ec
T2_NUMERIC,3678,1602,sfti_a9183d9fe096df701cf16b8e,cand_2746d9bde32473011f3507cd,paper_a7dac2e3bae1747435ba
T2_NUMERIC,3678,1603,sfti_a176849df8de8ef2438a2884,cand_225661f7917377035e330477,paper_45bffc535c6c75f3735f
T2_NUMERIC,3678,1604,sfti_e29fd8160f0f3bd944afd3a9,cand_5efe83df5efa2189ab56daac,paper_047f3d56832a59d32f3a
T2_NUMERIC,3678,1605,sfti_f5d4acd3e10cf2426e1d4fa4,cand_a1f5703d9b0855994740a5f8,paper_4c896a644026ba361bbd
T2_NUMERIC,3678,1606,sfti_5f9c37ab6fe64826b07a1d23,cand_1cdcbfe812f9823565ffa482,paper_a179d968d5804bee3736
T2_NUMERIC,3678,1607,sfti_63144b6158d2fe4130d0b41c,cand_24b7130d02049d28861b8fa4,paper_084253dae7a7f19e544f
T2_NUMERIC,3678,1608,sfti_75ea75910891fb4559436ef2,cand_497ea4649c5b06a62fa75c4f,paper_7cbaf3a63f383f04f586
T2_NUMERIC,3678,1609,sfti_7d43fb8f35c2f41d4cd7a93d,cand_037ecdf268dddc759432faa1,paper_604ab3e72068761d0f8c
T2_NUMERIC,3678,1610,sfti_6732cd608fb4ec62e3326194,cand_038965bf15b639f847771dcc,paper_37dd9d9c13d5c83a27e8
T2_NUMERIC,3678,1611,sfti_2d2f7784bc28557521850ad3,cand_8876ef303c6d249b085c35f5,paper_c9971f3e963a7ce40c60
T2_NUMERIC,3678,1612,sfti_24fab3801232050653234371,cand_e3dbc23a610ddc38bd8f7a0e,paper_c6ceea1dfa571f4e39a7
T2_NUMERIC,3678,1613,sfti_2b43c495db77b6fb50b8c53f,cand_6256059fc8c5e168035382fb,paper_c146dad478613317f96c
T2_NUMERIC,3678,1614,sfti_87a8dd1bfa82439d1ab1a3db,cand_bcf57db853ee0183914dd622,paper_6f5456855514128c0fd6
T2_NUMERIC,3678,1615,sfti_c3c7fc1496755e448f8d6cf8,cand_83983975e5b92be95551d4ce,paper_46e8f97f2081552de5f7
T2_NUMERIC,3678,1616,sfti_07e9c5f4b92464dabc7c0f42,cand_192060648cf69999d7470b30,paper_769ae64af226fe449181
T2_NUMERIC,3678,1617,sfti_8d10dc2096f6ff1b11c55421,cand_ce88fc3014c7e58280da414d,paper_875db547425c669c712f
T2_NUMERIC,3678,1618,sfti_5f57011d33d3a5d7f184bade,cand_00e0c12825c4f8c2d7f2dad1,paper_5a8f097e6159fed3e1dc
T2_NUMERIC,3678,1619,sfti_1c12f250dfd6bf34aa6aedd2,cand_896915b9fc671b76aa913935,paper_1feb6909cbbda0d14bb7
T2_NUMERIC,3678,1620,sfti_30c7cc2d102955a4df4092c9,cand_70b25aea4e5341967522e66f,paper_733dead659ca641cecf9
T2_NUMERIC,3678,1621,sfti_57e605de28793df713ca8cba,cand_1dbcf621f54c2be4d8b10ec5,paper_68bc91488ec451c8fb7e
T2_NUMERIC,3678,1622,sfti_e843a4ad9dcd80b7d487cc3a,cand_9c2d428f2ec3d7278a7ff2c7,paper_22199bce4c24d6d2a928
T2_NUMERIC,3678,1623,sfti_6f727279cde3cc7dc1f9e8a6,cand_23119c907038cd6ee943b4fb,paper_c6856c356739df0e15f4
T2_NUMERIC,3678,1624,sfti_71b79356d929f98e5c787c85,cand_2913d2142d0b7a34af2e7372,paper_053b92fbb32e346bfd2b
T2_NUMERIC,3678,1625,sfti_46b9d7655cd34ea7d9dbe3bb,cand_3ed0b075274a5f50550400b9,paper_aadc9a2a8ea2dc22b12f
T2_NUMERIC,3678,1626,sfti_a3636865d75913518eccfc9f,cand_2740746a7d187ecf3bf5c85b,paper_998e42a7a479e088704e
T2_NUMERIC,3678,1627,sfti_ac5f9b0acebf44f5fe1e3f7f,cand_1064cb6dd3c2591757986f10,paper_caf83ac6d968d7b42c21
T2_NUMERIC,3678,1628,sfti_66bca49cb020936ca47c4a27,cand_f18ee0c6741ce870eac95a95,paper_88c706177de14c2ef0f4
T2_NUMERIC,3678,1629,sfti_ae8ed646401de82e564cd73b,cand_9874ba9642eb1451eb67f3c5,paper_66cf6798a853095c2776
T2_NUMERIC,3678,1630,sfti_bdd0c52fe86ef22490b23b70,cand_043249dded7a6037ef441d51,paper_5117e27e180792a8db1b
T2_NUMERIC,3678,1631,sfti_ee7293b03f4c3a9582423eb5,cand_3953c5d63b1ed8b0c847ec78,paper_0e810425168608981150
T2_NUMERIC,3678,1632,sfti_82ee27340768437029ac8c32,cand_3d4683233d19f981f121832a,paper_c81ade03bd3dfa0f3621
T2_NUMERIC,3678,1633,sfti_bdfb8d0fab80b17dfd12992c,cand_ccdf865997ff91c23f7caa33,paper_5f9e475046ee441302b8
T2_NUMERIC,3678,1634,sfti_d5a4b8753df74f8609a53424,cand_7e51a09cfcc0bede0ea19414,paper_31cf168c71255530e973
T2_NUMERIC,3678,1635,sfti_e447f07f9a3228458616192c,cand_1e630ea01dfb4c31924a1377,paper_0f49cd856d017836aa53
T2_NUMERIC,3678,1636,sfti_9d73241ad8db5bb11f20f4ed,cand_984eaa7fa8be99945504c0a2,paper_b40cd8a118e16e0b2c43
T2_NUMERIC,3678,1637,sfti_9900e2b71f59c02f837c38b4,cand_94605d30f2cf6aab57eeac98,paper_a9f339fccd3c96381e78
T2_NUMERIC,3678,1638,sfti_261f7fa5dab0effae220d478,cand_0dc036382450e63fbf62c597,paper_d27746fdbaa397643691
T2_NUMERIC,3678,1639,sfti_4ce94cf9151bd5e4ab2cc736,cand_a3f06e7d22b14e2abbb9accc,paper_34d89b2cd8b1d6aef44e
T2_NUMERIC,3678,1640,sfti_3ca3f9ba0017d9f8249b5f52,cand_6a93795022e646e7490f27d7,paper_9f6a916d2362364c4772
T2_NUMERIC,3678,1641,sfti_2b0ba885e59198c2d4c2693e,cand_ef2a38debda7df6b12716b3e,paper_49141abea7fbb090c4e1
T2_NUMERIC,3678,1642,sfti_85f8ac10203cf91f7bd119a9,cand_b9005c1b2b682ec074c68fad,paper_1b1cf979f0bda259ce7d
T2_NUMERIC,3678,1643,sfti_d40ec7d84dc2a1045e25b41d,cand_751a99498a11fcc3eaf083a8,paper_6a8becc5c88f09b869f3
T2_NUMERIC,3678,1644,sfti_996e58db9117722a9bb0dd08,cand_9f135e2da356836aa341d194,paper_58ff33777204f4c8bb8c
T2_NUMERIC,3678,1645,sfti_790e2ca5dd0e4528f5097ff1,cand_3d489d3d6d9a0452631ccea8,paper_f766d0e99ef832cea663
T2_NUMERIC,3678,1646,sfti_67bbe1060fd27f90438f0c34,cand_e9505138060785f80f8f37f2,paper_d54c96ae609515612b17
T2_NUMERIC,3678,1647,sfti_1f5ad74dfa3e00d857a4a9b2,cand_7ef47dd4daffb9647d1e842e,paper_c03332839fcde61801f7
T2_NUMERIC,3678,1648,sfti_9e3b75f60f0e4f0329792638,cand_b682553222b7195a3bbab677,paper_4a55b8938eb9b87e2323
T2_NUMERIC,3678,1649,sfti_3108d655e1c7233f9f2dbbac,cand_54f04e1cc45b2538bc0d9cec,paper_e5334460cd55c6892d27
T2_NUMERIC,3678,1650,sfti_7e6fd9e1157e43179748f050,cand_7afc4198a91bf2f2b7092306,paper_7cf0443fbef6f4ce3e58
T2_NUMERIC,3678,1651,sfti_a3ca9e0f29b716eb6d8d2347,cand_7aeda51b8695e482bc718ca9,paper_e5e8bbddbeb6098efad0
T2_NUMERIC,3678,1652,sfti_784b29448c3aa8b905461668,cand_bb273720039718f25a5f6ba2,paper_e8b66608c3d839cf37e7
T2_NUMERIC,3678,1653,sfti_b7b6366119b9e8be01ad499e,cand_1a2580e35d42627f62febb83,paper_925df95ce06fa731d89c
T2_NUMERIC,3678,1654,sfti_6aef59f011e1ac89b7970b75,cand_0f85afa54f4b7cc8f6b545f5,paper_bf590173ea587621d8ad
T2_NUMERIC,3678,1655,sfti_bb21dc28008175d822bd1c84,cand_ce7121d1d1a6911066c38a8f,paper_33864a2cb500270f3094
T2_NUMERIC,3678,1656,sfti_3f577d6bd8bee57417b7d82b,cand_a51717dde13aecbfb7364404,paper_2d7ca05313fc6630b325
T2_NUMERIC,3678,1657,sfti_0ab854fc87cef39fc389e8c2,cand_08b716992c908eb417d80392,paper_a4b2d7fa3ccbbb4c6471
T2_NUMERIC,3678,1658,sfti_f4009afad9324e9cfd5e5f41,cand_57b744d9cd00f3cdca317dc0,paper_2a4574fae96e087c2a6b
T2_NUMERIC,3678,1659,sfti_9e3916d3164d74abc4314cad,cand_6eea89938598abeeff64e634,paper_bcb1bb37ecd7b206ef6c
T2_NUMERIC,3678,1660,sfti_9626dfece57ca6fa85d66c2e,cand_2c7e15785686ccf4b9be437f,paper_6eb1ce358f2c588ab75b
T2_NUMERIC,3678,1661,sfti_13bb20b996f77fbfab612821,cand_38b220e30424521537aeeb1e,paper_3509bf41340e8ee49296
T2_NUMERIC,3678,1662,sfti_07fa1f33df3e7a31bc8ce5d5,cand_69db1cba2bf783347855d14c,paper_fd4964ad03a73958b3ca
T2_NUMERIC,3678,1663,sfti_3bc72864c4428d25accdf7b2,cand_fc5bbada49030a72b50a7c16,paper_b005f05d79307aca2e7f
T2_NUMERIC,3678,1664,sfti_8b86ee68ffa3ef32c913692d,cand_25c3cbcf541f4342afde76a6,paper_97a174f50fd3871256b8
T2_NUMERIC,3678,1665,sfti_19f0379fc34d42fb6aa90ecc,cand_34f7c5d6369c2e62452661bb,paper_67ab53de6e75a2a2f118
T2_NUMERIC,3678,1666,sfti_b664a5e5f25569043ba68a5f,cand_d351dc11fb14c072c386eb78,paper_3992d40727ba7f0c80ba
T2_NUMERIC,3678,1667,sfti_7b5e137bcffb3f39ad32594b,cand_4b45b3a75e54a3cb4f102f13,paper_65a1f093c8c0135bc3bf
T2_NUMERIC,3678,1668,sfti_0cdc7ada54616c756c1aef50,cand_669f07a1af61fa9c6683f2e8,paper_07fe87a51004b7c9efc0
T2_NUMERIC,3678,1669,sfti_adce1e5ad317ecb1008ab8f0,cand_ac24ec368cf86b92b5542787,paper_5d18114bbf040e836670
T2_NUMERIC,3678,1670,sfti_e59e4346999b17415f504cbe,cand_470f598874a3b24b7f49a3de,paper_64dfa37a81a06fd96980
T2_NUMERIC,3678,1671,sfti_1e3c694474bd65105272bb98,cand_12985891124607e0275ee81c,paper_9e4aaa1c725080258723
T2_NUMERIC,3678,1672,sfti_214d6d703e22b611387a032f,cand_bbd374abbc9457e8f4fdb029,paper_fdb671853a669cdb0e87
T2_NUMERIC,3678,1673,sfti_ff326f5189d88f2bb02a16b3,cand_04cc78cf9172a355089fde4c,paper_c3bb7c56866fff2e4754
T2_NUMERIC,3678,1674,sfti_07f0e08ecbc006cab251225c,cand_a6d27cb8fce0810fd84e9629,paper_927858d424e2b9cea9ba
T2_NUMERIC,3678,1675,sfti_df853e8cdebe402457a0963c,cand_9eafeeefd8db3bfb510e1d09,paper_b4d04768d1ae77de921b
T2_NUMERIC,3678,1676,sfti_dbc8edbcf679e53ffc63f022,cand_80fc7b1f5dd55b71d0adc486,paper_cd61ecaf42eae829f8ef
T2_NUMERIC,3678,1677,sfti_fb9c0f411233a63c7d09783e,cand_441dd845b204a068dbbbbac8,paper_040aee36b3fa8790d5c8
T2_NUMERIC,3678,1678,sfti_bcb2d982ead496b6f4d1b75b,cand_427e20dba285d3683c953549,paper_d3384a041b7bca380507
T2_NUMERIC,3678,1679,sfti_c0b70b1762901c083615e5e8,cand_5ebc49ed4c5d441f1dcd6ed2,paper_3cec864523b3855c0a2f
T2_NUMERIC,3678,1680,sfti_d5991c89d4f8ffc7a93c66fa,cand_fdb57abdb79c0553ec41778a,paper_c8d9f103a73fcd2c159c
T2_NUMERIC,3678,1681,sfti_3076f29ed9656f21f493f94a,cand_235c3b71c6a3eff6d96009ab,paper_f00cd50c0c8adb622672
T2_NUMERIC,3678,1682,sfti_937eda42a24bef7389ab8055,cand_dca5da0a270e84649b23426a,paper_454aff797060891be3c6
T2_NUMERIC,3678,1683,sfti_609742278f87188cd339c76c,cand_17771440ed1f867e76ded494,paper_d0cda66392b22526445e
T2_NUMERIC,3678,1684,sfti_69e1da72a11d2e1d9cd39b4e,cand_966971745f8a633b19c1e7e8,paper_c43d2e0914f15b4a70e7
T2_NUMERIC,3678,1685,sfti_48e068116521898117aa83d9,cand_3c33d41a767256cbb93c7030,paper_67304a9245b9d6c41626
T2_NUMERIC,3678,1686,sfti_eb330e01d275bec385899657,cand_0c2ead7f4876d563bab57875,paper_731b7c2ef2e17c9e721c
T2_NUMERIC,3678,1687,sfti_25eb9de35974e1f371f60125,cand_f4ea84d13f66a4104aafb38d,paper_a6c7c43c9bb00b33965a
T2_NUMERIC,3678,1688,sfti_233551f7787c11e35ad05b2b,cand_839d149fca264b303a237299,paper_a35d36b9493ebcd5fa84
T2_NUMERIC,3678,1689,sfti_bea8bc0a933755859b9e08da,cand_c6cf2459502bf2424408cb06,paper_8fecf48988292b0785aa
T2_NUMERIC,3678,1690,sfti_3c0b22522a3184e779768b46,cand_4b4f7cf2020284f203fff223,paper_75d794e93419af346c95
T2_NUMERIC,3678,1691,sfti_fd178a6c812807445f70c246,cand_2df8900a8187f0edea83b5e8,paper_8d40d89731d42e529964
T2_NUMERIC,3678,1692,sfti_61d72fdd66dacb3d2c559120,cand_507bcb8eded12536ee4572cc,paper_5d5120a2cf840faee937
T2_NUMERIC,3678,1693,sfti_b8882327e37619cf785316b5,cand_843d7f1e7992438e94320fa5,paper_ee445c79be8a00b91f8d
T2_NUMERIC,3678,1694,sfti_1e7837e8df8245b295a30e9b,cand_b9fa8247f3ab1f1f68d2bc96,paper_3ab1dc47ecf0c400d8e4
T2_NUMERIC,3678,1695,sfti_20c449611a78a07cf669a579,cand_a388ffcbaf28ee7e93c2e1fa,paper_493fb857dd45cdb882e0
T2_NUMERIC,3678,1696,sfti_7afc138fb329cf74a33a9bca,cand_f27bab583cb5533f88dccf4b,paper_bd883eabafd2e7b17297
T2_NUMERIC,3678,1697,sfti_aed65b20437a2bee70ebc5ab,cand_c07c04ab5171d085d2f51c07,paper_1effe763b7ff437e1fc9
T2_NUMERIC,3678,1698,sfti_8cfbf5e030dfbbd265ea7c24,cand_93f33778e05a508f819fd014,paper_230af28c059ff9e246b4
T2_NUMERIC,3678,1699,sfti_b20db6effd1747de90528ace,cand_dc0b8b356f03aae99861b8ab,paper_80494a124ca2656927e6
T2_NUMERIC,3678,1700,sfti_319cdad0a92dcce95033af32,cand_09d4b3264ec4c5dcbb68deb2,paper_71d95dc9a2f9d34f71ae
T2_NUMERIC,3678,1701,sfti_2edd2a25ec72e52d766f0e31,cand_5011b88876fbbfbb3546ce78,paper_a8c55eceae6ca55a4392
T2_NUMERIC,3678,1702,sfti_cb48b8cfe08010eadd86f688,cand_34b0568d2b6fec2250ac4775,paper_a2eacde7fcf945fa8df6
T2_NUMERIC,3678,1703,sfti_b2450bd38c0416d2c44636e4,cand_4ab79135e9314767d7637479,paper_b4bcc0e4ecfb791477ab
T2_NUMERIC,3678,1704,sfti_fe54d55cfa9a7e0ed30fab10,cand_9d88a7dad1dfa1a8ad209484,paper_54617090ee3a4ee67d68
T2_NUMERIC,3678,1705,sfti_4de03a00e0595acf4a3f920e,cand_918ba4d1bc31567e44c64bef,paper_6195f36858a7f96beff7
T2_NUMERIC,3678,1706,sfti_542f79dc5420ffa84e4aade0,cand_ba527169225bdb35cd399b1b,paper_059fc5b9c39e4fc7ea23
T2_NUMERIC,3678,1707,sfti_f8b6c07163a8ee1894005fb4,cand_8358af8c2fcea4224917d846,paper_3ca537be4562a4063d11
T2_NUMERIC,3678,1708,sfti_59c9ab440584824fc1cefb92,cand_ebbe34b6eeb96c15589c99e7,paper_80f3958782a73e783fe7
T2_NUMERIC,3678,1709,sfti_62723b2f338a33ab38d4d78e,cand_5086919ab19a2d7986079532,paper_e9cc144b1569d2cdff5b
T2_NUMERIC,3678,1710,sfti_bcee478e30729eb9ef36db9c,cand_587a442089d8c273c4977b66,paper_e6ae6ab9fb979351c1c2
T2_NUMERIC,3678,1711,sfti_8ad457f67dfab875d3c0204a,cand_5d3ccf9bf5573c7249a87889,paper_d4eec71007c44517072f
T2_NUMERIC,3678,1712,sfti_341599fbc4dedd717dba6930,cand_75567779ca46318a7fa88ca3,paper_7d409e51f42cd8ac656c
T2_NUMERIC,3678,1713,sfti_4c91f60d2c8c9c8528a3e058,cand_830bf3dcfb360791196c85b3,paper_f3afec6e13796b766325
T2_NUMERIC,3678,1714,sfti_1009f5090c6a02694282f249,cand_2c0967aedc8c1839e472f54c,paper_3a1e1967948ef79e9bc4
T2_NUMERIC,3678,1715,sfti_10ab14728a938cfc586d38f3,cand_b48f189e783b95533bf299e8,paper_1505cb58904a14e9acef
T2_NUMERIC,3678,1716,sfti_d6b3c7bf256e4e431dfe0708,cand_89a2ad7c82160a92c1472266,paper_5ab28f5a2e15505dcc9f
T2_NUMERIC,3678,1717,sfti_c9d69a8f42e2d1658b9ef4be,cand_c78023e9e6d89b0e36565197,paper_aba23cbfef580e6ad9ba
T2_NUMERIC,3678,1718,sfti_e8c2a6aeea6583a7547de938,cand_54a5e8bfde201b30b09b3648,paper_aeda8fb50291efef0433
T2_NUMERIC,3678,1719,sfti_e4be769ccf4836f4caa5c8d9,cand_7c5dc5254763959e2bbffa3c,paper_2731ed413ed15eaf8736
T2_NUMERIC,3678,1720,sfti_4f4a82395d658b5b9e7d14e5,cand_c6fd7d542282c3105f4e1f89,paper_cc53d0299e648e6916ee
T2_NUMERIC,3678,1721,sfti_a871c59451199865da907111,cand_08fe19078ecb60d0185c3cc0,paper_cad4056b1e168f18b713
T2_NUMERIC,3678,1722,sfti_6274ea05aa8932618a05ca93,cand_36393acf241324ca31ca98f9,paper_1bc583c06e4ee3d14b2b
T2_NUMERIC,3678,1723,sfti_8e0eb7fe09dddb822ec3e069,cand_a054b57bfc63fe49afc6865d,paper_6ba850a9ab17db2dae58
T2_NUMERIC,3678,1724,sfti_8bed135df7576b5896532c1f,cand_7f20b48123b4a702e384be50,paper_e93d0eb808f7955cb1f3
T2_NUMERIC,3678,1725,sfti_955963caddf3daf11c4a9a80,cand_00fd2a13c0aec792c7b9df2c,paper_e794729eb1562a4b7f3a
T2_NUMERIC,3678,1726,sfti_20ab478529e731934039ea5d,cand_f9a1e1a6a9697acf806d9ee1,paper_6f4ca55294d5886cdb1c
T2_NUMERIC,3678,1727,sfti_f641bea82828b1213dcc67ab,cand_950ad589b36439fa32a472ab,paper_2cf89ece81e90cd3f910
T2_NUMERIC,3678,1728,sfti_708ddb057c63ea14985af91c,cand_0af179d183f4e1497e28d937,paper_56c1618d40a6eb8185c1
T2_NUMERIC,3678,1729,sfti_a3e566acf3d8212ac0d112be,cand_b699ca7d830abb21915ced89,paper_1f4567b736135e989979
T2_NUMERIC,3678,1730,sfti_fe2697920ec577db61e2084e,cand_639d020aa6227702648ca99c,paper_35b3eab66de11aeab930
T2_NUMERIC,3678,1731,sfti_b8d0b091f02a5b4e726cf4f4,cand_4420e284eb02b358996aa0b8,paper_233f31909fd3f28cf0e8
T2_NUMERIC,3678,1732,sfti_e7214de15b5b65e81d0039a1,cand_eb914c139c97cb1c2a81324b,paper_48fe6515d531f9067495
T2_NUMERIC,3678,1733,sfti_f86d9b0047b5a63c7167595c,cand_af4e7fad50c1cc9c81b2b75c,paper_e365b2946291c86625f8
T2_NUMERIC,3678,1734,sfti_666722be6187e0e6d3216c89,cand_9e6c460787169a0854ccf412,paper_c25c9260ec4470115f16
T2_NUMERIC,3678,1735,sfti_27b21082ef3c303092785bbc,cand_cfa278e26f6b296860e8e3b0,paper_f29582b34f36217f5245
T2_NUMERIC,3678,1736,sfti_1145d491d2f5d274bd0192b8,cand_ec5cc8bfb955a38ba041e434,paper_1b171a1a4aec0890360c
T2_NUMERIC,3678,1737,sfti_d1c521b89195cc2b5ed22942,cand_0aeb08ad76afd64dc1ecfb56,paper_11881c3333b09bc1adce
T2_NUMERIC,3678,1738,sfti_88d442806df640396dc2e87a,cand_f268c406b20b3622529aefd7,paper_4516ab29b73cc618f530
T2_NUMERIC,3678,1739,sfti_338066afbee8c65f38510387,cand_4ee9d1311ae25b0ffd9a1f99,paper_53fb745495c413ce93d7
T2_NUMERIC,3678,1740,sfti_2f5b83d4896de8dfd2d55821,cand_209b666a93a31d9a367adecd,paper_12a764f13952eccb5204
T2_NUMERIC,3678,1741,sfti_6b852d16be8c2bfbc5f00887,cand_2e7f02a6d014516066d2df2b,paper_21a73e1c5c35bd00e27a
T2_NUMERIC,3678,1742,sfti_ffc8dbdc0089795ed6b5932b,cand_457d0208e05a0440bbb422eb,paper_71526057ddf6ed98608d
T2_NUMERIC,3678,1743,sfti_1284cb9e061c08087b415672,cand_b9c51b8d5ac13308338ef0bc,paper_4c95075e25b3c259ef44
T2_NUMERIC,3678,1744,sfti_42771051c46a4d2fb02bd890,cand_0e2c4030591d75173ec0adb9,paper_3172c8ea2d5c6256445f
T2_NUMERIC,3678,1745,sfti_d47e548b6b1b9932ed5e72a9,cand_6d9d23ce6d2d45de2305f4c8,paper_221f0c916ee0712cd55f
T2_NUMERIC,3678,1746,sfti_05eccd9c0f222aea85bfe18d,cand_ac0943c29927e4587a01aad8,paper_41421cea964b6e798387
T2_NUMERIC,3678,1747,sfti_3c87dea7ef84550ed30fd3b0,cand_97bb531f690092dcf9a910e9,paper_c750381016e9d48f54f5
T2_NUMERIC,3678,1748,sfti_6729bbac11b019e58f4d95ed,cand_de187857a7498066aa013367,paper_dac18f93f70a297cc71f
T2_NUMERIC,3678,1749,sfti_84e2625dc86dddc6669ff1cc,cand_7c28de704fad4af5ba126892,paper_5082f5a8326bb484965e
T2_NUMERIC,3678,1750,sfti_8263612a715cc601d63f6b62,cand_2a7b04997d86ac6a8360b344,paper_3d69b6ca8bac023a2e37
T2_NUMERIC,3678,1751,sfti_cea4b753d55e899b1d255c61,cand_46e207fd78983b51daca8e71,paper_77fff62649cc89e70006
T2_NUMERIC,3678,1752,sfti_7fe32a9df80eb3f83e306782,cand_586951298b4d3bee6680c0c7,paper_2e7c7ada2c0738c9576e
T2_NUMERIC,3678,1753,sfti_fa312084c52b2adbd28d6434,cand_a077d5b24dcfea59d15cb1fe,paper_cea263957c803c2be7ac
T2_NUMERIC,3678,1754,sfti_0ff45d63f8913d71fd597086,cand_4a007b639cc5c6608852f999,paper_fcd41940e6c1c398ce6e
T2_NUMERIC,3678,1755,sfti_99ac89f0bd4547b7ac6af68c,cand_58c8c1c4701fe2894b66802e,paper_855a30d7906bf1696f18
T2_NUMERIC,3678,1756,sfti_9c4a582d236dd2fded4ba231,cand_58c6873e1fc74550f7b298ca,paper_7a234a0942160567de4e
T2_NUMERIC,3678,1757,sfti_9114506bcd250fd1d363c1da,cand_c2627e347bb5d9a285ea0a9f,paper_8968c63f74386825585f
T2_NUMERIC,3678,1758,sfti_39e4c9ed9f3d2416a5c53922,cand_1424f94e4f7b42593336edf2,paper_b45b8c314fefc9dc2f86
T2_NUMERIC,3678,1759,sfti_efc1b558782356ca88878e02,cand_d8f71d240a48109cd99d0763,paper_936af62bff602375aae5
T2_NUMERIC,3678,1760,sfti_ea8138573914d930aceea845,cand_012c969d197a894f1592854c,paper_4095b334fa6e74b81f84
T2_NUMERIC,3678,1761,sfti_e9d21b66a6f2c0f937c33118,cand_a40b2cba4abe1a35a0bd0d94,paper_341d7710302a2b329e63
T2_NUMERIC,3678,1762,sfti_9926d0ef439f0167e8b3c034,cand_ea34e31c1c58bbce199b4d2a,paper_5093d6ac5a8e5e472584
T2_NUMERIC,3678,1763,sfti_6969c74d4c781b44b6c4a31a,cand_d655d123e4fd7a71a8a931d5,paper_bfc002e4e2173fc7324d
T2_NUMERIC,3678,1764,sfti_d74b22d59cff1f74db6ab8bb,cand_cefb8bc8be5d5721f9ec3143,paper_5178edc200c7560cc5dd
T2_NUMERIC,3678,1765,sfti_ea2eec68ff264567152d9c33,cand_a1bfdc6306a2ed3107f6625b,paper_0d68ecbef45f9fc8cf90
T2_NUMERIC,3678,1766,sfti_eec618212e528855b686a443,cand_4a663f8466f27cc76a1fa55d,paper_26adb28c631c5b0f11a0
T2_NUMERIC,3678,1767,sfti_0e85784eb6fa93b1ce4dec0f,cand_2ba0d2a07c746d2ad0f13b51,paper_80824adaef46809e108f
T2_NUMERIC,3678,1768,sfti_77917858991b543e97fd5c99,cand_9297f9e1661898cb3ca3ae98,paper_ac38b317c822295aa2fe
T2_NUMERIC,3678,1769,sfti_bfc5badc89f64d526a0fd89a,cand_dc99defc2a544ad763a12946,paper_54e19b6fae0955d86c32
T2_NUMERIC,3678,1770,sfti_ffd3f45cd53d782efa617296,cand_11dcf657cc409e73f52d1be4,paper_75ba7a8d3c3e91ae2125
T2_NUMERIC,3678,1771,sfti_103860884f26a5c401d9936b,cand_bb1daf8c47ef3e595621a9d8,paper_78d9139681b32b96ff05
T2_NUMERIC,3678,1772,sfti_fccf87ccbf098e93bbfa407c,cand_a3daddc1efc6da29340be6f4,paper_624527ca377befda900c
T2_NUMERIC,3678,1773,sfti_2940e63d7c0a6099a73a225b,cand_9ac600f19aec36667e62a976,paper_b0b7e2f9a369dc5982ed
T2_NUMERIC,3678,1774,sfti_10f04fab09be192b8553fcea,cand_2daaa4d75d867dbab67e34f8,paper_b7eb43a1714dfea51b3f
T2_NUMERIC,3678,1775,sfti_926a5725940ab5985bc147d2,cand_38b32fe028654850437d3742,paper_b00d47de8a46a6c79806
T2_NUMERIC,3678,1776,sfti_d27f279c57b8e43215d5f4d4,cand_c6f801abfe923ae5b66a770a,paper_e1119708fab69f9652a3
T2_NUMERIC,3678,1777,sfti_e565451a8aa3404cf1bb9570,cand_c5c8e26929369ed881b872c0,paper_9229ac9cd28f9c9cac4e
T2_NUMERIC,3678,1778,sfti_024013b5587b21bda5921879,cand_708018ec039454882b5aa9f0,paper_b97fd1a5935f47e10c77
T2_NUMERIC,3678,1779,sfti_6d26a6386cd439cca3244872,cand_0cbf1409efc54440825b428a,paper_8dc8785106d0600e3d72
T2_NUMERIC,3678,1780,sfti_a14d46bd85d2d602b62b9c7f,cand_c4a972c8389cec1030dabd2f,paper_d792d6f81b5dfd11ffa9
T2_NUMERIC,3678,1781,sfti_c7e67964e8ae22841704bca8,cand_226ec49681431672e294b210,paper_2816bab6cf493c5dae75
T2_NUMERIC,3678,1782,sfti_a598e2e9c804e4af4f6f64d7,cand_ed1d39dc39f5a300c52ad66d,paper_c98ae0a78fde0cd2da77
T2_NUMERIC,3678,1783,sfti_4a77b2a51749d981f7c7f7b8,cand_efb08eefd271b5ca7eea24d6,paper_41243b2e71035d29da90
T2_NUMERIC,3678,1784,sfti_11d032d2f6102a3c33d5bcb8,cand_a576d06a19318b6797f50155,paper_2ce6080bc78f6dc4bbee
T2_NUMERIC,3678,1785,sfti_e2fb916f3cbe48a13600d897,cand_771abcdca636653395f29e93,paper_a15d6db1e341ca841faa
T2_NUMERIC,3678,1786,sfti_c853cf592e80397b750ef14b,cand_9ba2edc0afd3c390082b0f64,paper_ed51e9d5b91c7ad9308f
T2_NUMERIC,3678,1787,sfti_37718b694aefcc33c21d33a5,cand_2ef194837ecddd3963be12af,paper_b02b1015a4d81c005688
T2_NUMERIC,3678,1788,sfti_8e7aecc0667c96aefbafd452,cand_30098ba8db43064a009fa1c2,paper_0a926d479528ed19bc99
T2_NUMERIC,3678,1789,sfti_07dc54fac2130017a5cb5cea,cand_81da2ad4fbf861793cdf2d94,paper_3931b2764d33f08f9b60
T2_NUMERIC,3678,1790,sfti_448d742e1709340c15654416,cand_2613e830a3038beba47cf0e1,paper_f70c8739c330b884890d
T2_NUMERIC,3678,1791,sfti_adc59d200da50f22edcc9b7b,cand_ca786cdf7f5f31f650615421,paper_a3c79491871022da9d5d
T2_NUMERIC,3678,1792,sfti_20f9c3db7083be2d14043248,cand_583008b84b79e451262c15c9,paper_4f264f36aaa27725d764
T2_NUMERIC,3678,1793,sfti_99b24e246c9691543d65edec,cand_e0e4bd7614192da7f64f377f,paper_9eca70ac9c66a0ecc684
T2_NUMERIC,3678,1794,sfti_2d5ec96401cc7969b617609d,cand_394bbb07020329de4951d091,paper_b2d1155ad3ce1f678145
T2_NUMERIC,3678,1795,sfti_8983807c7cad0d0f115c27cb,cand_f5e4c32cdfda397617121f61,paper_d9a7caa927432b9a5d58
T2_NUMERIC,3678,1796,sfti_66810bbd00de2550c269f4dd,cand_aafd9a441dd0b2708faa3255,paper_601bc12e30c57fc9e58d
T2_NUMERIC,3678,1797,sfti_4b2fc1dfc7cb8bf8bcc9c32c,cand_96b74789aa40d94d1b4a42b3,paper_780ca30bca1371cb91c6
T2_NUMERIC,3678,1798,sfti_43a104e758d62a251346172d,cand_53f694cbfd4e6e004163dc09,paper_1a8139b3d1a58181a74a
T2_NUMERIC,3678,1799,sfti_2cce069f064f12ebfe745b3e,cand_49d1212e4b252e62026a8ae2,paper_8b6c41dd419735fe1e01
T2_NUMERIC,3678,1800,sfti_e7bee996ff02c65869f20f40,cand_b8b5cc6c06104a5a16e0b7b0,paper_a29e23e2440fa2936e13
T2_NUMERIC,3678,1801,sfti_41bfce8aec6dd2d70de4203c,cand_0a2305f0cac7b0d59a183d3f,paper_a462119ad795fec5ed0b
T2_NUMERIC,3678,1802,sfti_9a1b508cd51e4b812809f145,cand_1a2cf2f46558c7714bd58176,paper_4dc2eadc3749a7660e20
T2_NUMERIC,3678,1803,sfti_c8c6589c466881d33c43ecf4,cand_5435be70d3e49b6601907ea3,paper_d9833886b4d05e7f2e35
T2_NUMERIC,3678,1804,sfti_9562c1030ec1dd26befc929c,cand_57ea71ee870c9402ee892b34,paper_da0c94aa9e114e114416
T2_NUMERIC,3678,1805,sfti_dcef86d1e70e0628bae91415,cand_7070c0e2e630e936ddba55d3,paper_f268a30c446bf23e6318
T2_NUMERIC,3678,1806,sfti_faf31ad6381c49f2d877baad,cand_567a170efa5acca3c2f75b08,paper_27f10dec8047a843a6ec
T2_NUMERIC,3678,1807,sfti_3059ac161392b76937a826a5,cand_9263f2fd7513ca93fb8288ce,paper_60859c18d1b677dfeea1
T2_NUMERIC,3678,1808,sfti_7e5baa89db5fe6edfa69ed61,cand_62e0c15501a78d9efeb54872,paper_76ea1bc753a6f3bd627c
T2_NUMERIC,3678,1809,sfti_75a2ae96a14695eb8fa12bc7,cand_67c96f46ca2f83e6a209fcb5,paper_1d196ac13fa57b930414
T2_NUMERIC,3678,1810,sfti_81253c69e748ad90227da611,cand_29687fe1a5b18edc184c35bb,paper_523bf9cac06b97bc6deb
T2_NUMERIC,3678,1811,sfti_3982dbfa13744dd7f2937696,cand_ee4fe90fbcaf1575cdb57356,paper_5402d0c9bc6929b9ebbf
T2_NUMERIC,3678,1812,sfti_53b72a98029825352f65c851,cand_17346ab42567a22cf6d59cbd,paper_011f61f82937545da1fe
T2_NUMERIC,3678,1813,sfti_a680a1ea6c89e74a9e74529c,cand_208b230336e45f4531e8a66b,paper_d8e4d2ebb449ff45541d
T2_NUMERIC,3678,1814,sfti_8211c64cb28c0280241000fd,cand_0e1a0d86062cabc4f84528a6,paper_a10b7a021d06c267c421
T2_NUMERIC,3678,1815,sfti_5cff8d872ae10e32f3f4e883,cand_399992df504bfb0c02d95e76,paper_78c0ed038711160919ae
T2_NUMERIC,3678,1816,sfti_81cba15b919ca18b51ae65ea,cand_3d723612f22b11f349ae7eca,paper_aa476f4b57cf73cdac62
T2_NUMERIC,3678,1817,sfti_2aa23c6d1bd45225ae5e39f9,cand_eb893422376dd89af8259a59,paper_31574d46962b0f0e1fa9
T2_NUMERIC,3678,1818,sfti_9b6cd6c7a6b02fc30456443b,cand_c29159a4d558a253a81d547f,paper_49853d61ac9e78b09d27
T2_NUMERIC,3678,1819,sfti_3e7a5874cab902f7d58e7904,cand_4b35cef613596eca55d4df6a,paper_4d0337b843a1c2be1c2d
T2_NUMERIC,3678,1820,sfti_3e14f7fc12a99ff5ebbc99ab,cand_d9c1e9abe2395e04bf1ba01d,paper_204dc0c975ccb06e9f3a
T2_NUMERIC,3678,1821,sfti_380f484cf08360bc889fd286,cand_a69a678b4d60ce79180b3ef9,paper_32d318d230fb473bc762
T2_NUMERIC,3678,1822,sfti_69d0a0d5c8cdff9c3f7053dc,cand_f3057bab3d51f399f4444d8a,paper_df87e85f2ad904ecb786
T2_NUMERIC,3678,1823,sfti_639a9c397c63b08c915f4e18,cand_90221599579d686e3f905ddd,paper_a0adf00e90a5c04d75d5
T2_NUMERIC,3678,1824,sfti_757c1c65abb19773305b000f,cand_e671bf22113973e1028bb713,paper_abdcf3b1f6f194333726
T2_NUMERIC,3678,1825,sfti_3c889fff68b7288b95f28c80,cand_167e684deb1c395c80e776a3,paper_cdcf8c0ec6e244c9da7d
T2_NUMERIC,3678,1826,sfti_2d0957449ea5c92419933215,cand_c17f56ed8eb6ebe82a3e9299,paper_62c06fe656b0bf41bbe1
T2_NUMERIC,3678,1827,sfti_51e54ea612879ca5446032fa,cand_62b2bbd807ac6db916b2ff2e,paper_4b85962af18143d5abdf
T2_NUMERIC,3678,1828,sfti_a8ac74f9c70794f3e80a80da,cand_724a9115595324ce66608508,paper_9ecf94b62655b1c23adb
T2_NUMERIC,3678,1829,sfti_b763d49ac7bf6c99d8ddd55f,cand_ca4efc12db691d33c2945eee,paper_47024cbbcdb16ac50eb1
T2_NUMERIC,3678,1830,sfti_ef1e78bf37112a660dc53ef5,cand_207cda365cfff0a4dce825a4,paper_ccfcdd53b9fac7e46b8c
T2_NUMERIC,3678,1831,sfti_54b72e24c5e2b8c019bab3ba,cand_0b8f6fb703ccfdb573118a84,paper_8ba295c2e16a973f8058
T2_NUMERIC,3678,1832,sfti_6332d302d627ea5aa4ffac87,cand_1831ae26bc226de411df3bb0,paper_9744040006c757b714ce
T2_NUMERIC,3678,1833,sfti_726a983a2405291262be86fd,cand_24306967510b7e048c34bec0,paper_e134753847abd81208e2
T2_NUMERIC,3678,1834,sfti_61f94d447451dfbbe2b2e6fe,cand_21f5341f5dc1e9449b99027d,paper_cbd6f37a37686d0e5adc
T2_NUMERIC,3678,1835,sfti_4f0f814d0a37642ac43a8d90,cand_1a8b41359e95c282adbcea5e,paper_4da9480afde49d0b39b6
T2_NUMERIC,3678,1836,sfti_bc297910f1de94456f849e4e,cand_3d2f67175b20c9f0a0bd781e,paper_edceda0c326e8eb1ac2d
T2_NUMERIC,3678,1837,sfti_f9a7114e7d80ca2582a40c59,cand_e73597e4ceb4bdf5e5c86ef1,paper_789a6d1ad075245bcb69
T2_NUMERIC,3678,1838,sfti_0a9d5cff8b1150373f5a8883,cand_597cb3c785823afbfba13632,paper_27cb55815739afd98af7
T2_NUMERIC,3678,1839,sfti_43e188e63d51a21f9dd291c8,cand_fd0ca17ee91173904acfae95,paper_0ed9f754b3e6923e604c
T2_NUMERIC,3678,1840,sfti_ad051476ddd78aa6a8f76e64,cand_4e30744220b8e97d247291f1,paper_946d4c2b5781949689cf
T2_NUMERIC,3678,1841,sfti_468913a196bd58cf1431ec03,cand_8b60fa412c1e31e15b9413a8,paper_b06cab9034f967174a3b
T2_NUMERIC,3678,1842,sfti_b02ed275e8095c25ad443279,cand_5985dd81a41fe49ef248b2f9,paper_97acf7f1735788135ab2
T2_NUMERIC,3678,1843,sfti_9f48009bb84c554dc189e2c2,cand_49c28641c8384ade840a6afe,paper_8887b871f470f66c3361
T2_NUMERIC,3678,1844,sfti_21d7837ede8f653b6a1b52bb,cand_f3ee5c3fb73f165b35d1d2e1,paper_aa20e44800f1e436506d
T2_NUMERIC,3678,1845,sfti_d192cb90e8aca0eb206978e7,cand_151886bea3098153d1d4f0c0,paper_b78f0ad273c0f3734d07
T2_NUMERIC,3678,1846,sfti_84200b9a5cc6cdc349d33595,cand_7ea9c85c2e7213afc2eb4bd1,paper_7d9f28a4e6c574da1959
T2_NUMERIC,3678,1847,sfti_58c1baa6659dac2bc8c88681,cand_f74c415ae9c5f6a36a01e43a,paper_ff9b82de434c6ec0f4b0
T2_NUMERIC,3678,1848,sfti_6835ec394b68ffae74c37cce,cand_44892248db54f1f06c3dd5b7,paper_8d683bd872e36ab148f1
T2_NUMERIC,3678,1849,sfti_9e732d80c8419078d66743d2,cand_26792c3ba4d9e41780ac7c4b,paper_e0e569e36087955e0b06
T2_NUMERIC,3678,1850,sfti_f0dd21df6264c7b32f3fc8ad,cand_5642e701ec5ab2ae764b4c63,paper_cbcccf219bd7c6074e8f
T2_NUMERIC,3678,1851,sfti_4fb33df10bb9cd440d05effd,cand_f0f0b2490081a060865c298a,paper_e15473cb8033ba3e230e
T2_NUMERIC,3678,1852,sfti_914e2e6205d32170318f33c0,cand_e9d6495206963f019bff6fd4,paper_316995de6816ef27d70d
T2_NUMERIC,3678,1853,sfti_35d506a4fb06b7049b9ccac9,cand_3f81c51a97a5d3946d0f15d3,paper_1a1142f66516739f76d7
T2_NUMERIC,3678,1854,sfti_b3f03126340bd2f3f5a0c4c1,cand_0c17a1ca0385c76b5d2124c0,paper_427c674a5ba07d6d0b9f
T2_NUMERIC,3678,1855,sfti_ff70bc100dcd1ebd83d15059,cand_982cfca75aea2ddd2eeb4e97,paper_2a6a270bb59934ec3ff6
T2_NUMERIC,3678,1856,sfti_3fa9507218698e134ad0f543,cand_e9816169a4f56b37e727172a,paper_48bdcdab69ea39f7f2f1
T2_NUMERIC,3678,1857,sfti_29943d4aef04045ada4df1cc,cand_8b778a9d192f4231a78cae76,paper_71207db0d83368572f67
T2_NUMERIC,3678,1858,sfti_0586cd8b3df6a4ee399d8d36,cand_b195c2ef7f5590decb784ba0,paper_8e2073558413f59f9196
T2_NUMERIC,3678,1859,sfti_a23cb9e7463fc2933c8f50d7,cand_842773f8d7d35ce722858e4f,paper_a26ecb38a15492aa8b60
T2_NUMERIC,3678,1860,sfti_1dbc5f56611956385c243ac2,cand_90128e5d82533654bd577757,paper_8dafbce5fb34e25f3bf6
T2_NUMERIC,3678,1861,sfti_41eadcb69bc6a46091751bfe,cand_f55b66519dde1ac2e3b5b779,paper_6d2c20d9a4b4a6edade7
T2_NUMERIC,3678,1862,sfti_ea1fd18201bd8489e58f7dfc,cand_d003b4374f8f0650ba61465f,paper_2990213101a302c6829d
T2_NUMERIC,3678,1863,sfti_0499fa2a14103567d4ee13b7,cand_e82af44ae307b54cb1d8a986,paper_6c5c6b112e0865b22bb2
T2_NUMERIC,3678,1864,sfti_ea503ec69d047ae2fdb23a5e,cand_8cfa5f638cec00aea9b9cd44,paper_74e1a086c8cbbca52bb4
T2_NUMERIC,3678,1865,sfti_2c9259754a880e0455b5d192,cand_ca9387b7af39c23a66246300,paper_8b945006f5be45871ad5
T2_NUMERIC,3678,1866,sfti_7bf066736099ad36e8ecbf0d,cand_2be280e4129ffe44e7e89ca6,paper_ff9bcddc9e61e49488cd
T2_NUMERIC,3678,1867,sfti_d412c058e2d170cc8c149872,cand_27cf72dd38e7c0e6cc378390,paper_87f744f573ecdefa9ac9
T2_NUMERIC,3678,1868,sfti_dcdfe38b0d1cce31a23dfb4c,cand_b67c5d0bfc0bed2da11beb03,paper_54666dff53c384cd7509
T2_NUMERIC,3678,1869,sfti_88e83501865616b40e61a9f7,cand_b6f9daa2cf3be1e95ef82b1a,paper_303091be2da1043584f5
T2_NUMERIC,3678,1870,sfti_fad5a4d07646fc35343326f8,cand_3ad9b0783109d834136961f6,paper_c6717e49ec3e5a60cde8
T2_NUMERIC,3678,1871,sfti_1e8ea93b5c9d67c87367599c,cand_2d1f0c967cc485c986538169,paper_fcaf441cb221e2b6404c
T2_NUMERIC,3678,1872,sfti_641caccdc73ddf881d6f590f,cand_8db15b5a40d5897a65f10a31,paper_ffb77e56b0c059fd6ad0
T2_NUMERIC,3678,1873,sfti_ada1d0d2e9fff49655473441,cand_19c9b5daa2cd2cb7cacbd9bf,paper_92169ac77d0b042008ac
T2_NUMERIC,3678,1874,sfti_3bc4500c6447be25efaf965a,cand_cb5996f605e7026afa493eda,paper_83d6440ad70ea0a7d858
T2_NUMERIC,3678,1875,sfti_8ca551c09dd2a0d20f13a14a,cand_da140bdf51b9402ca91dd54a,paper_eebf3854a3fb0b3a28f8
T2_NUMERIC,3678,1876,sfti_37c8286051f9d4281b35a056,cand_da07adb910fd367e7c815f15,paper_3f0e855d24d6dc79c1e3
T2_NUMERIC,3678,1877,sfti_d8d53df8d8df06ac007e9561,cand_8c5cf23b2e72315f7a0b5f12,paper_6aeec59adf7bbd4cde2c
T2_NUMERIC,3678,1878,sfti_10015558897106cda9bb58ad,cand_eca45ad827149f1312255255,paper_7734cbe4a04d563059d5
T2_NUMERIC,3678,1879,sfti_5115cf8b5b4762f036d546ee,cand_ca396cc639742733cccdb400,paper_8bb002fe8cccfd64ca1e
T2_NUMERIC,3678,1880,sfti_f6403d2ffe38ad33a0e8b48f,cand_505c9bbfacff5fc91773088c,paper_8691c723d50c80ac5bef
T2_NUMERIC,3678,1881,sfti_969e4ffd295993bfdb05cc67,cand_b82d6f6241c74146d43d73e4,paper_bd359ec88ae2f7b2171b
T2_NUMERIC,3678,1882,sfti_3d4b75434c58c06f2a42f4ac,cand_9492c350a4802e9dca43551d,paper_1372d5c8a2a6b2f5439f
T2_NUMERIC,3678,1883,sfti_f21d21c5f529ce7609425e76,cand_b8260c5512bc8f158d3f2722,paper_f3358996f1aa09154e84
T2_NUMERIC,3678,1884,sfti_c58345f8f747eec325c42912,cand_564ca4aaa528aa1e0ee96318,paper_1e65e9d0a8786fa0982f
T2_NUMERIC,3678,1885,sfti_d1c9b36f99a0f1fbf32b6f34,cand_1bc4104d2222b6d97f1b8044,paper_54e89ad05f8c4b91f7ea
T2_NUMERIC,3678,1886,sfti_b2a6e67d46ed05ae9ebab177,cand_a537337e2f9b1e0e7ba2d6a2,paper_f601e8a12be51a3dd8e1
T2_NUMERIC,3678,1887,sfti_a1006c34a27d51cad9c392b5,cand_3bde650b3b385e9f7a750fe8,paper_72149d18c080d4a16b73
T2_NUMERIC,3678,1888,sfti_769ad66381bcc9534f3c8f28,cand_17b1caee3193d88afa884ca3,paper_0475da2955b53fdb6606
T2_NUMERIC,3678,1889,sfti_4b11f000ce8d5def0290b11d,cand_9d616ca221cf064628932913,paper_950a799313e78c49d6cf
T2_NUMERIC,3678,1890,sfti_3d1497c70992605d245c4914,cand_915ee9fcb6f970d2ff65ad9a,paper_d21f5d7ebe96b45203db
T2_NUMERIC,3678,1891,sfti_b8b179bff00363f88671b969,cand_08debbe70458002bad77452b,paper_70a33f00de4d371b40b6
T2_NUMERIC,3678,1892,sfti_6ffc2bb89db331a7f78a37d2,cand_ff23eaaa464d9339d5e9cdf4,paper_4611789ef7e3c08c3ac9
T2_NUMERIC,3678,1893,sfti_ef55029405212fa096d15ef4,cand_dd5b918b37de6643bb26eed4,paper_ef33c31cea19815c1c79
T2_NUMERIC,3678,1894,sfti_e69010e71b55361a37a9668f,cand_3ea1d7d5801ac337177371d7,paper_f45797a88c262068bdbc
T2_NUMERIC,3678,1895,sfti_07cf6c08980b52829f9bb93b,cand_20534d5e5528d02a944969be,paper_1457112dc99c723c0947
T2_NUMERIC,3678,1896,sfti_4a8fb3870fcb7029b885de93,cand_26aeaf69bc07d8f22b045744,paper_ad960a099664c9384385
T2_NUMERIC,3678,1897,sfti_ce58993d7590cd329700cfd3,cand_2239fd86df6ddca04f18a288,paper_44e0d5bcb4ae4c4e36b0
T2_NUMERIC,3678,1898,sfti_909d7ca6506b112cd1257d1d,cand_be69d09f8b071f6e48181f05,paper_3b63921dc7b40442b746
T2_NUMERIC,3678,1899,sfti_5323180b0363cf6771a32555,cand_45d92a7cc89e8439c678c339,paper_9d036f816105712cf14d
T2_NUMERIC,3678,1900,sfti_cf385b5cf96a449da9c8da7e,cand_3ae2de3237a6406097e6577f,paper_c8ae2c8db4e9cbb06f0f
T2_NUMERIC,3678,1901,sfti_2bfb267bd31ab5c2a77d40a2,cand_56e8311b090dd203d549d862,paper_5cfd274b7e7db8058b35
T2_NUMERIC,3678,1902,sfti_c9b16ed8dcacbf71f1e1c873,cand_d48000bac6c483e4ffec359e,paper_29263f13859eec1bb821
T2_NUMERIC,3678,1903,sfti_128819e14b6e6d7f007316e7,cand_43f172c183bd25b8dc15adf8,paper_66ca7dab0efb8628c218
T2_NUMERIC,3678,1904,sfti_7b0b0d6b071cf380f530143c,cand_8a6558ee28305c582758da2c,paper_19daba2982570ad40c44
T2_NUMERIC,3678,1905,sfti_d40c96e2fb1d150c8226be44,cand_cd85365269bdc7ffddd39eda,paper_775561e5dc791ef2cb02
T2_NUMERIC,3678,1906,sfti_9ea0c03194b9573ea2aa8212,cand_2b5c162c315d1773ff69aaae,paper_4135aaa949a7342e60c0
T2_NUMERIC,3678,1907,sfti_1820aab1fdc6f8596c0b3a84,cand_9fe3f59b5202993370752bed,paper_d416d61532bdecbfaccb
T2_NUMERIC,3678,1908,sfti_04c0ce3e420fb5a882e05255,cand_9fbf9871f2c60a11458d43b1,paper_814885c7706c9991ec46
T2_NUMERIC,3678,1909,sfti_b199b00ccb3dbf69ddbe1ee8,cand_3dcec6d8a1d2c3c31ecbc4be,paper_c12924d3071f576e0c31
T2_NUMERIC,3678,1910,sfti_ec8520054faca448e1168e13,cand_7f4066dd5e44aab3f5c5c7e0,paper_0d660ed882f95ed7cfef
T2_NUMERIC,3678,1911,sfti_46f4038be373342b9dafe583,cand_af13d758b769114695f5e77a,paper_94c7e4b56b7cb18769b0
T2_NUMERIC,3678,1912,sfti_56caa11d53092f29f4be29f1,cand_8e4d34ba40eb5301087c0fa5,paper_4b3e2d7da58e94877ec3
T2_NUMERIC,3678,1913,sfti_e61e296efb76b3abe95a4bff,cand_7092174780b02d4b3ca9075d,paper_a426e3e98e6061d7b10b
T2_NUMERIC,3678,1914,sfti_de969426d03ef8da0ea5fd8b,cand_027a13cea7c604e615caaf66,paper_33d29fa4c709b83e9173
T2_NUMERIC,3678,1915,sfti_e610b2e99e8f6100ab63ba7f,cand_7e50f558a194078f7cf635a8,paper_57070c9df2bbb7169952
T2_NUMERIC,3678,1916,sfti_e8f3f571ac0e121c86462ef9,cand_9292e83413999c51b53744b4,paper_b8ddd96d66bc3769a35d
T2_NUMERIC,3678,1917,sfti_63f240c7141fb5d618c64e57,cand_dd32f2b34d81a5a5eaf7333a,paper_cc53b0e72fd307d78825
T2_NUMERIC,3678,1918,sfti_add8f63a76265da5652e3f29,cand_87d04b3956f8f2ea59ef941b,paper_105b9b987c104bf5cb6f
T2_NUMERIC,3678,1919,sfti_ab487a6cea991825af1b80c9,cand_d1e5674660bf300a76789f6f,paper_41ca79d98776e33910af
T2_NUMERIC,3678,1920,sfti_b77d04215d235ae7a9750ca5,cand_594904358c550f48211146ab,paper_888d630bcdb565561a56
T2_NUMERIC,3678,1921,sfti_b844e128bed9cef70eccd65b,cand_a9a6ddceb289c284bd6dfb89,paper_f127962446e96a02507f
T2_NUMERIC,3678,1922,sfti_d358f799a3f24c35c805c98d,cand_0eb772d06b54d7a386b358ef,paper_4b2d4a71a16ea1e9c2c7
T2_NUMERIC,3678,1923,sfti_e5b4a0161fd91a52f329ff50,cand_26514f74952f64d1b148a883,paper_1bcacd02dc9d094de149
T2_NUMERIC,3678,1924,sfti_39834e11a5da38bf6302952f,cand_0ffa59a5a15d5942d4bf8244,paper_a321253be2df8e289b95
T2_NUMERIC,3678,1925,sfti_5a17010134648799f10afe42,cand_e52461e1c6e600eb7522e494,paper_772843d89b24948dd741
T2_NUMERIC,3678,1926,sfti_a284c759e8fc107ac8de9ff2,cand_f4b1482631945ed88ad20ad6,paper_bfbee9103060405ddf4a
T2_NUMERIC,3678,1927,sfti_d9d446a356b246b765e5fbeb,cand_2b3b1ece4a0f9482d6640203,paper_5a2b4cc8b25bcc431e57
T2_NUMERIC,3678,1928,sfti_96fffe6caaaba1cf11ea0405,cand_e0391df6daaa683836070455,paper_8af876bb4b710a9e6b04
T2_NUMERIC,3678,1929,sfti_90cba88a7ae6f5a32ac12feb,cand_a7bb036dc5a9bacfa89ac4ce,paper_5d67a811c441e45c0ef1
T2_NUMERIC,3678,1930,sfti_68e56b16786dbd038908ccd2,cand_ecf32d047c20e82b76c95b04,paper_a9b7cccd95ca07156fb7
T2_NUMERIC,3678,1931,sfti_3858e753a95b54d70ecebbf9,cand_0cc21e72cfe28636da67a670,paper_22e2b4a6a3827317eea9
T2_NUMERIC,3678,1932,sfti_7b8b8e2f57e9e5d9011be07b,cand_9e225c69a3e2c21e805c8553,paper_13fc56a51dfe60a5074e
T2_NUMERIC,3678,1933,sfti_e9ed712a96769231e50f7cab,cand_da94fb99f35a1dadff6925bc,paper_3d161fef9d71e18b98ab
T2_NUMERIC,3678,1934,sfti_c9efc98eb3e97f87b85e0930,cand_da9f826fd3621f0db68b74e0,paper_b8edc7930b5c5f8e22f4
T2_NUMERIC,3678,1935,sfti_d655ef992b18459010af37a0,cand_2798c26f466f23a6dc5e5349,paper_42ede648fd3ee44ee32c
T2_NUMERIC,3678,1936,sfti_bc5eb3e7048adf9c76dbb1fa,cand_e27081d4dab6501add0a6369,paper_2cead7bf3791c2b24bcd
T2_NUMERIC,3678,1937,sfti_5bfbf51ff81f8c985cb78434,cand_6acbb58749be81ab1bdaef06,paper_cd430a12c79af147592a
T2_NUMERIC,3678,1938,sfti_cc94108015b248f4fdc517d2,cand_9944b87b7826fc1b822113b7,paper_f58eacffb09f17790ad5
T2_NUMERIC,3678,1939,sfti_647f3dec95e4922ee545a385,cand_afd1f8a19899586aefd9e90b,paper_576d45aef8ed66b05849
T2_NUMERIC,3678,1940,sfti_65a8eb1d072847ea4b77753d,cand_73a431cc8eee13a208194dfc,paper_89ea92aa5842a2c088a5
T2_NUMERIC,3678,1941,sfti_8f09f7971cb042b3876bcfcc,cand_c3b6324173751f6f271c1842,paper_654a44c8e94205f86a24
T2_NUMERIC,3678,1942,sfti_1e4e546a6b73e76af0f17f14,cand_5a8d14d73a057d6b97f651de,paper_3d61da838c57a1fe15ef
T2_NUMERIC,3678,1943,sfti_7bd76fa22e7f87a863b47e7d,cand_12221dbb1ee6a85974fc7f89,paper_9cfcfcd2ed71c0ca6a56
T2_NUMERIC,3678,1944,sfti_241e6c935e59631c3a801e27,cand_6531ea63409910485b6a4072,paper_33df1a35a12b14084cbc
T2_NUMERIC,3678,1945,sfti_b8911e53f595f0fcf271c7bf,cand_aaf42966461a66fe956eb70e,paper_8c08bcd6a22c0c9d7824
T2_NUMERIC,3678,1946,sfti_f22c66b8a91392425a2e09ef,cand_029fba6ee4c79e0d080c0917,paper_8313683e31ffdfb17404
T2_NUMERIC,3678,1947,sfti_5381b7fc8de662ec9a674998,cand_d82c07eb0302edf4435b2b85,paper_8378092c91046db513a1
T2_NUMERIC,3678,1948,sfti_4a2eded68527fd0baa2b2f7b,cand_1172068dbfb008d36c8a7918,paper_72aa787d4e6e06cdcaeb
T2_NUMERIC,3678,1949,sfti_ad6080bb969acb58a498e38a,cand_1d0e7313449ff0a6487b1638,paper_fb7b63214de684b2f11d
T2_NUMERIC,3678,1950,sfti_f04cd67065ede755ec414511,cand_89020c12418ff392621d1a4d,paper_155f03396b28757938db
T2_NUMERIC,3678,1951,sfti_c32b954020b48f60f9f2b6b9,cand_f8798766dbd5d4ab2a0356d2,paper_a687762c5556fb915b19
T2_NUMERIC,3678,1952,sfti_450595f417cfa9379929677c,cand_cb021cde943772e44e48eb28,paper_3c32c12bfdc4fe56f015
T2_NUMERIC,3678,1953,sfti_4336032ada57dcde328cab8b,cand_c1870e91bdc566e12b84bd30,paper_d390a5f36458d70517fc
T2_NUMERIC,3678,1954,sfti_287c9eb4ca2088763e66f500,cand_5469b0adf42e7a9eed705bde,paper_871172d21a3f1d64dae1
T2_NUMERIC,3678,1955,sfti_3b6e1c64f87243c7213b1454,cand_3bcf6c8818c087464f4f5168,paper_0e8628887f1d22aeb17d
T2_NUMERIC,3678,1956,sfti_cdbcdbdc887c07848fcab4d7,cand_8394c31d1daaf34ca25bb338,paper_70c25393cf57bb9d618f
T2_NUMERIC,3678,1957,sfti_4bf3477ee728a48d68a75b98,cand_3a2fbcc27c34b6c86ce6187c,paper_624dd7d7645dc4e39220
T2_NUMERIC,3678,1958,sfti_f33b8cafc2ac75b5d079195c,cand_1c2364347507c92214b4da63,paper_0ca1a64ca43828e8bc89
T2_NUMERIC,3678,1959,sfti_3d365ae856bfe9a192677744,cand_975e12454eec3ed92fe0fdea,paper_dce85d264393d934c1c2
T2_NUMERIC,3678,1960,sfti_30977f422e83b2f9cb04eb9b,cand_48f4f4dba30af89c4089b937,paper_720b22498f414f802bbf
T2_NUMERIC,3678,1961,sfti_f5b9289afa26752b46a60b49,cand_239c93c239316b95e62a4758,paper_2a77513d8432605df47a
T2_NUMERIC,3678,1962,sfti_dbc7ca75dda48d36adb6d201,cand_dea19d5d1a420056586d6b3e,paper_cd7bd86e9372991efbcf
T2_NUMERIC,3678,1963,sfti_087cefd4f5ea33bea530af32,cand_71ddfe781234f2b3be93c5f7,paper_5349ecd090956229107a
T2_NUMERIC,3678,1964,sfti_4d6bdf62b86436ae77eb67ee,cand_d88b457ed3b5e41230f0956c,paper_da44c61204fbe98bc3c1
T2_NUMERIC,3678,1965,sfti_16110db58836e5be00694b70,cand_c36629ce048fd33667d1a51d,paper_0c8fe79b1c0c17ae6ae2
T2_NUMERIC,3678,1966,sfti_ef2629ac110cce1e52d8fecc,cand_bb7aa775cf1cf9ed777f1844,paper_ff188907dc0778979d1c
T2_NUMERIC,3678,1967,sfti_c77a21d2df8a81c2ef21676b,cand_d0e89e847b40402383671e98,paper_527a780511b23ba51453
T2_NUMERIC,3678,1968,sfti_3211103afdb4f16ef6e6c67a,cand_ee57cae020acdc2984332cd6,paper_0962973634343215e4d9
T2_NUMERIC,3678,1969,sfti_021ab0135fcdbe75cbcbaa11,cand_4fff00e95f062196f7710b40,paper_8ccd91a72bef8f3d8945
T2_NUMERIC,3678,1970,sfti_b0ecd568b87c6ca918482923,cand_ab2420b027b5dfeefb77184d,paper_ceadc9933a3d9d4c5c07
T2_NUMERIC,3678,1971,sfti_02a719452b09aedbd40b38e2,cand_f38e9f8982835c32bfd15899,paper_c70f3e6133978235b579
T2_NUMERIC,3678,1972,sfti_133d3e40b78f7716bf60d914,cand_4e457b3184732fa4400a5ad6,paper_f1d7cd92d2e39bad89e7
T2_NUMERIC,3678,1973,sfti_63eaf44a76870d21e2c3d774,cand_ada68f9db28267952b9bcb1a,paper_54c941327d5770443b5b
T2_NUMERIC,3678,1974,sfti_b55fddae2acca5e5011d1c4d,cand_cd474480299973b12678ce43,paper_c2c1d5f2b1e1dce72557
T2_NUMERIC,3678,1975,sfti_39508d838aeb85c52b94325f,cand_80b075b0bec2ffeeb0298a82,paper_30665dd11d87f523f8c5
T2_NUMERIC,3678,1976,sfti_d68486361cf71f06c375bd4e,cand_0d6622fc80015e397cac1b86,paper_fb3ca2b9915274b899b1
T2_NUMERIC,3678,1977,sfti_94abc129c923f6acf95f4603,cand_f2ca8b88be6cea473f53691b,paper_ef887352855c8b0457da
T2_NUMERIC,3678,1978,sfti_ea4a643207add24e3abe3ba7,cand_3d69b82c21be6b3a444270f3,paper_bd4546a641a1bdd72a78
T2_NUMERIC,3678,1979,sfti_04d8972b65875dd2bb4c724e,cand_3fd1d11f4c00e73d2e5fb960,paper_5d9ec214dc67ffded139
T2_NUMERIC,3678,1980,sfti_0eb0615fbc822d303a57f3f7,cand_b277cca8dc6a66a1e7ab2b60,paper_7ae0d732d9684142659c
T2_NUMERIC,3678,1981,sfti_74d3422b2f867221e70804e6,cand_acf1db2279665653a2002fe3,paper_e6973e2b099a57d76505
T2_NUMERIC,3678,1982,sfti_e36d18c86b95d125d9c2f92f,cand_4194e4a2c7221e283805d39f,paper_bd33e8fd432779663ca7
T2_NUMERIC,3678,1983,sfti_49f4883e520ac30849b15726,cand_20b758a64bc96f3a8ed7feff,paper_2632347fc19d40ee9b79
T2_NUMERIC,3678,1984,sfti_e3006da9cf958c9570b2325a,cand_08a4455ea3148dadedd87dc1,paper_bd3299bd8d04dbc1f635
T2_NUMERIC,3678,1985,sfti_f26338acaba805ff67d01cc3,cand_5fdf2877de9ae971e8345da8,paper_77c64d4a9868be28d5b9
T2_NUMERIC,3678,1986,sfti_ef5267d07c203497eef8b373,cand_1b10526cb2f4e8d83239270b,paper_8754a14fda22035d6860
T2_NUMERIC,3678,1987,sfti_ef655e7db42470bd209740f4,cand_132a82c4304b0f4fc3016cf8,paper_8b46e4cd6754ee0428f9
T2_NUMERIC,3678,1988,sfti_559737dc36815af344695e21,cand_5d14958d2fbd79447d9d1842,paper_3824e02ea70998383a7e
T2_NUMERIC,3678,1989,sfti_9919bc87f2c283b551396822,cand_c8292860c07a11b7d42dab6c,paper_8a13100af2dfd41eb756
T2_NUMERIC,3678,1990,sfti_552319b81d387e13d2031975,cand_b5cdc3b8c494a1c2a3462f0e,paper_036120c861457dcce7d9
T2_NUMERIC,3678,1991,sfti_554f53f264ee0c504ebb5209,cand_65826c8ff608ace0de804d0b,paper_bf328a6639cdd954adfc
T2_NUMERIC,3678,1992,sfti_8a169c280498d352ff92c9b5,cand_108f887a460e8b1b8796ca3f,paper_5ccb84180e28ca26531b
T2_NUMERIC,3678,1993,sfti_0645f8ba0804d031ae082b91,cand_1eafde174fa7d6faafdcc4e7,paper_251e893761028cd925f7
T2_NUMERIC,3678,1994,sfti_ee0a2056d261c8305657900d,cand_df06fbf616d0be9aa03370b0,paper_28bff144273ff621c448
T2_NUMERIC,3678,1995,sfti_f0be8a1634d011bf5191b904,cand_a08d8f901ad9f10a9e279bdf,paper_d664bf3efe04a2cc2688
T2_NUMERIC,3678,1996,sfti_7e9529fd3a866d86a7dc0e03,cand_7a33bdb2a77b18e75c9160da,paper_90f76598ff64ace34b11
T2_NUMERIC,3678,1997,sfti_32a3b2a483113b8ad9198b38,cand_ff2c0607e5bf925d52759bb4,paper_cc76a19258ed00e477ce
T2_NUMERIC,3678,1998,sfti_1dbef1e4788cba4dd1404128,cand_88eb6eb90920b8af7a553333,paper_bc441e9581da32646cbe
T2_NUMERIC,3678,1999,sfti_cc4c5477b3e0c89b06a986f5,cand_ec5a39f76ce4a532ddbf3944,paper_19b61bfed1e7420aa0cb
T2_NUMERIC,3678,2000,sfti_94c6c9b3a95d2f703defed10,cand_0c0ba4d60c54504ff26af369,paper_a3eefdee2e6756587843
T2_NUMERIC,3678,2001,sfti_82744292ffc979fafc500972,cand_81494c29c46ac69ac7f7a115,paper_91d141d39bddc018a22d
T2_NUMERIC,3678,2002,sfti_23f4ab7630c97a18f70a52af,cand_be6b8fee33e496c686b7f882,paper_44bc96df746b0dabdfc1
T2_NUMERIC,3678,2003,sfti_bd220584a16e52937f976973,cand_1af58c87469e04f236c71575,paper_d5d65745a63e07efd9af
T2_NUMERIC,3678,2004,sfti_3c78358ea0148c15cacedc12,cand_5360635db78a7038323f9a90,paper_e5dc74b751031ccb7720
T2_NUMERIC,3678,2005,sfti_e3d3d98ed209b43ccd22cf6a,cand_687b0c29bf087cf790b7e897,paper_432eedb7b5721b207e27
T2_NUMERIC,3678,2006,sfti_805a2ad5aa830a2ff68081c3,cand_abf68efce32be1b4fbdbacf8,paper_fa3071671d8d8d7ea55e
T2_NUMERIC,3678,2007,sfti_a2d8dd3fb467c9edeb47a411,cand_e473a34c5fb865072467c7fe,paper_a448b4f3a849af9cad96
T2_NUMERIC,3678,2008,sfti_040fc00a88407b4d6c3a55ac,cand_ae371437790c31199ed46bec,paper_4a02daf09222671bb343
T2_NUMERIC,3678,2009,sfti_b6b7bc02d5017d0eb84b033c,cand_4758a9dbf37a0c5dbebe97f2,paper_eee7ac052c3ad5dbac4d
T2_NUMERIC,3678,2010,sfti_c52ff49d8e391152873e8b71,cand_c84da1b10eb381a9ad7c2169,paper_1573d812af2dce87ef91
T2_NUMERIC,3678,2011,sfti_54a816cdaa775b78e4df02cd,cand_61c91341770c580e33f083e4,paper_06216ba1fd679f581e9b
T2_NUMERIC,3678,2012,sfti_23776c0f76e2a7c11f23d733,cand_c1bd08d1123fd7046f958e77,paper_5fefae153331fd9cc0e9
T2_NUMERIC,3678,2013,sfti_674cc132ec5b08ed1836ebe2,cand_3d6cd28bd311eae05d24da9c,paper_c2ac44375b1d92f4f814
T2_NUMERIC,3678,2014,sfti_895aa2c9f11b99d43b730ebe,cand_2a82e179ece0030820e155fc,paper_56467e511c7c5531b99a
T2_NUMERIC,3678,2015,sfti_a8a7cde667b86d78a321a263,cand_504eb2a22885cad016c5df29,paper_c493ee04650e24bc9262
T2_NUMERIC,3678,2016,sfti_d4c89aefe723f10f7e1ab0d4,cand_c4fcad67a532980deae0bf98,paper_336f39b2c3d001757e43
T2_NUMERIC,3678,2017,sfti_89eb5aa9dfdc342ecb54ab50,cand_434721daaa0bbd3cb6c6091e,paper_90b73384b7f4312f3880
T2_NUMERIC,3678,2018,sfti_7e00ff5c26238cd0a274871c,cand_34cfe3e39d544429f4460764,paper_6ffe7bc6827797347dff
T2_NUMERIC,3678,2019,sfti_86b0e10c152d8d2b7147afdc,cand_ff697cf110e32a8adec4ae06,paper_4e8617b2de076d610f2d
T2_NUMERIC,3678,2020,sfti_844a87ae9d35a032201aa467,cand_7ee1d0396e7141b71d5ba300,paper_065b61f3c3a2aa5dce46
T2_NUMERIC,3678,2021,sfti_635ce73d8a771f36769d4866,cand_379e8f646925892bb596762b,paper_cdadb1e14bce744e6547
T2_NUMERIC,3678,2022,sfti_b1199ba91179a5fdb133ebf5,cand_fa98045751bab4b607b69af4,paper_ce55e30ff5f95d5e96ef
T2_NUMERIC,3678,2023,sfti_cfe50ddba6d6d5c960dde8be,cand_b12abc376a1754083593f421,paper_ae239eecc5d7ced94f2b
T2_NUMERIC,3678,2024,sfti_f6bc999a812d973394703821,cand_6841d6a2fc53cb125f0d755d,paper_890343a4524e020964d0
T2_NUMERIC,3678,2025,sfti_226c4c416c16d18ae35f3c93,cand_ee98aa7a4cb9d1417ad92456,paper_2a42f1ff9bd9c93161c2
T2_NUMERIC,3678,2026,sfti_e3ae080b2b5cf8a3aacc6b0b,cand_1a1b9008824d18a206ea451a,paper_3fd6b65e358d7c3c8e29
T2_NUMERIC,3678,2027,sfti_bbf4e9268e1c3e1f72d8631e,cand_bd78e5503dc82a9a1a8196f9,paper_356f10d0ab2550ac5a9f
T2_NUMERIC,3678,2028,sfti_e75ffd65fe24deca8b7d8934,cand_e719685cb72e0a31e27274bb,paper_6937cc47e2b2f2fc2447
T2_NUMERIC,3678,2029,sfti_9c8a812859c57d5eb13a15cc,cand_6085b284ba4cc09fdcaf71c0,paper_0b4dfb06065388f00cfd
T2_NUMERIC,3678,2030,sfti_4209e2c52d18e9d98179ffce,cand_36465cebce80d06af0053be7,paper_02f7f943c282b24bea61
T2_NUMERIC,3678,2031,sfti_1ded403ffdeba7abc7a2b942,cand_14d7cec708f7ef988af6479b,paper_a99200a23f30fc79e362
T2_NUMERIC,3678,2032,sfti_7e9d30525e7df8aacfbf4add,cand_05aee81fd30379d6058384f9,paper_1e6221d350bec18f02d2
T2_NUMERIC,3678,2033,sfti_1c77040dd953493523207e3f,cand_fb911b5cfc2a43ebfb788883,paper_e979bea55b68466950a5
T2_NUMERIC,3678,2034,sfti_ef741577a441a606b7b14283,cand_9cb785831251c78f33008ef7,paper_3002a48c3ad4d8b7828e
T2_NUMERIC,3678,2035,sfti_d714c2b7d5acd03524f83d88,cand_6fb4ff0dcc392907bdbea942,paper_b00e1ebe06b61db493f4
T2_NUMERIC,3678,2036,sfti_764e187f25a3cb3ee34bb52b,cand_33554900e5ec0ca495da41b5,paper_af8ba896d46f910daa80
T2_NUMERIC,3678,2037,sfti_5c4bd3d5014bda1e9eb1ac56,cand_18d1ed3180f24be2acadcf0c,paper_a07be0b922a6a4d5a1e9
T2_NUMERIC,3678,2038,sfti_82d454cddac2977d092120e1,cand_75fe26e394202f412ec504d0,paper_5bfff58e2d219b2f51ec
T2_NUMERIC,3678,2039,sfti_9411662d1ff33fda3121e7c4,cand_69a3e1a9f1160b6af54b954f,paper_b3d33d8ef68936f98277
T2_NUMERIC,3678,2040,sfti_5382ef47eef4d3c6a0b92af1,cand_274c19f82b671af2524c19db,paper_cfc832cf29893a5c93be
T2_NUMERIC,3678,2041,sfti_cdbb5f0d7beeadab395dd98c,cand_c5e0f7ef64d5681a0a9ba713,paper_1b844234ac51fc5e241d
T2_NUMERIC,3678,2042,sfti_b42163eb6a362f9489b329fc,cand_3f2b575ddffa4b6d83829fc8,paper_c8f09dfd076f3e2b5a53
T2_NUMERIC,3678,2043,sfti_74f412c7bfa1887c2f495afc,cand_00a59d41c560a0dbc10d0433,paper_d552f1c82ca1263f1680
T2_NUMERIC,3678,2044,sfti_caab674cdcf289c4262848ae,cand_374b3e8212ee9d453df87a35,paper_52b24e4b78c3befdc508
T2_NUMERIC,3678,2045,sfti_2674809a4762594db494bae7,cand_cf0ec4cb8968961be3a2d32d,paper_c332c59b62a7c6bc99db
T2_NUMERIC,3678,2046,sfti_9af693828e386eadf8d70321,cand_9f28479fb7961da642419b25,paper_5072f1c6202eda6da90d
T2_NUMERIC,3678,2047,sfti_eeb70ad334ec26f26e34cf4a,cand_e2f2fe0ab4b9fead9a7b1778,paper_b1cf5c1ae7bd5bb2f927
T2_NUMERIC,3678,2048,sfti_6649eea62171b0bdaec52359,cand_37284ab2c28bbe9e60ab2511,paper_0c8802876de96d138888
T2_NUMERIC,3678,2049,sfti_cc6e909f0d8f3f8a6e08b1aa,cand_29ce7507e40a6d22f1fcd176,paper_2e5a03834a4cdece4a66
T2_NUMERIC,3678,2050,sfti_c9cfcb3018dae8abf9ef785b,cand_4d7d0a10592dbd5c645d4ee5,paper_e67419316565cb79b105
T2_NUMERIC,3678,2051,sfti_ab95d67a75dfa849b2e8b9fb,cand_afcc13c24b779411f61f2db4,paper_0a6c690dca5ed2adc9b5
T2_NUMERIC,3678,2052,sfti_5b47b72275d57c81fb9ba3f9,cand_59e1db3e442c4c04db65fca4,paper_899264c07796c6d9aab5
T2_NUMERIC,3678,2053,sfti_5fa5726d8ac7d987e732cdc4,cand_4d693a5bc2578218f8222015,paper_c15832fcb3eb74f0db4f
T2_NUMERIC,3678,2054,sfti_3651dd14de64e19fed9864ea,cand_8c331f4467dd30c7838ed21c,paper_b77b159f8f12131d26af
T2_NUMERIC,3678,2055,sfti_a0af11ecacab0812581fd029,cand_1b113f69bbb757870c0ab154,paper_2910bf55c20bb603f151
T2_NUMERIC,3678,2056,sfti_3c909eb4e9725c9a6311b803,cand_f47a800ca9ec5712d359e894,paper_1734f2d4e8637ff96940
T2_NUMERIC,3678,2057,sfti_2ca450a138a5ee4c106243fb,cand_e20f7ddc35e6224d4d85a473,paper_20f430853797efd028b9
T2_NUMERIC,3678,2058,sfti_fd23a06c2bb564753ef09510,cand_ef68cbf51db0820a83736849,paper_e66ace61c008f0ebbeae
T2_NUMERIC,3678,2059,sfti_6ec8ff2d26f99365d2a4fa05,cand_ff652f5dc59fbb64af00b32d,paper_c24dcbeeaf0e0de9dae1
T2_NUMERIC,3678,2060,sfti_38ed4b4bac4025ab75ab0f0d,cand_d6ed37b548b5dd118c493e98,paper_66cbcc9c22c0c4d645cb
T2_NUMERIC,3678,2061,sfti_cd406933d6110cf63a233869,cand_aa4fb99fa73aa9220aa67f8f,paper_22518db42557aa33c075
T2_NUMERIC,3678,2062,sfti_d66a73ad807e985b1d44e45a,cand_827042ca27a4debf5c6f61ea,paper_29631482265a23ae9c5c
T2_NUMERIC,3678,2063,sfti_c75ca97ce06d861b85a30ccf,cand_accbaf39c366446b2be0b174,paper_782f0a0f6237b3871019
T2_NUMERIC,3678,2064,sfti_719cb3eec0fbc2dfd3837cc0,cand_eca05aa19662d1de908b9665,paper_b77cf25cfcce558611e0
T2_NUMERIC,3678,2065,sfti_72157d554662662876aaf172,cand_40a377327624aba44cef992f,paper_0053bcca6f8f67a57ad5
T2_NUMERIC,3678,2066,sfti_2449963f14304ad2fa3dc1fb,cand_777611160df69e8af49bc4f7,paper_6942ae89b7ad7f833112
T2_NUMERIC,3678,2067,sfti_12d6fc77ddf405812f2d73b7,cand_49501171d5d9338b5951d803,paper_e9451b99f1bd10a70827
T2_NUMERIC,3678,2068,sfti_687dc304b4737ec420a86230,cand_756ae45444c16c7ca314387c,paper_e92614718c7b5ee969ba
T2_NUMERIC,3678,2069,sfti_f8f2d2a5f02c420c9939dab2,cand_36754d5c7dff26a05ff73bf1,paper_c9545a7faa3c0ccf935f
T2_NUMERIC,3678,2070,sfti_7422d4d9ecca02931d42d834,cand_225f7ad619a1ea2c11dd4c7c,paper_28b41abcd26dc4562ec3
T2_NUMERIC,3678,2071,sfti_128ebac8d33f5cec298e966a,cand_8db517c474d3c9cf37629cd1,paper_964e9a4598bfe6895f73
T2_NUMERIC,3678,2072,sfti_dfb83fff4a0be6342564a920,cand_a73d10e9f8bab772d5764287,paper_ed1226d165d2ad665a0d
T2_NUMERIC,3678,2073,sfti_38232b8afaa0620616c12ed4,cand_bb83af7bb58011bb4367ec04,paper_e9c48eb3301ebda88216
T2_NUMERIC,3678,2074,sfti_8edc3e3da8db4463ed3e7f9e,cand_f4df123a44e05636b1178974,paper_8ff54d2a19ffa09c6e44
T2_NUMERIC,3678,2075,sfti_e6a8668195010328a9faa876,cand_25bfc7753c9d107725d783dd,paper_baf7e482899e4dc7153e
T2_NUMERIC,3678,2076,sfti_5c0ede032b5e00a515fe4ac0,cand_3626e63500ad6a990d995d27,paper_0b8596b48a890a9f2feb
T2_NUMERIC,3678,2077,sfti_2af8221530610d186591d9e0,cand_55668e06a605fac8b41db563,paper_bf59dfbde51b13c41d72
T2_NUMERIC,3678,2078,sfti_368f393e264722f9327ccfc5,cand_4f525ea032d46451c7a6bdd9,paper_32f9f4fea8cbf3bf5a54
T2_NUMERIC,3678,2079,sfti_287b2b8cb1ac45143b72d07e,cand_1f6b656e4eaa4682f00c0c63,paper_2c4e6e492f2def8cd020
T2_NUMERIC,3678,2080,sfti_7d8f929534b87d78b529e6d7,cand_249f7572f9e01e315167c21b,paper_5ca5aa1d06192397111a
T2_NUMERIC,3678,2081,sfti_1f5f74276929f364a7222e8f,cand_1cdbf2f959ac9ea9ca40f7ad,paper_62ba056f9b96eb71a5ef
T2_NUMERIC,3678,2082,sfti_73b54ec020897adec3a0a066,cand_bd49d7fa5e63024611c72094,paper_07f0e3315516c7475a67
T2_NUMERIC,3678,2083,sfti_336565928ca2e9186358f013,cand_c3d2722d1ff87e42cf464baf,paper_97aa61ef09c6239ca708
T2_NUMERIC,3678,2084,sfti_e39ab65681ccfa1aa1583b7c,cand_db4020368fd3277489253882,paper_36163f27241605cac35e
T2_NUMERIC,3678,2085,sfti_7284f3d1e73f7c18dd9d8fa8,cand_39e2b93865c82a90f64caab3,paper_4cbcd513356a1d2d7b3e
T2_NUMERIC,3678,2086,sfti_b828e770e6a0451b030bd708,cand_7db415735889db7d76a72b99,paper_09b9fe96046cdf192d6b
T2_NUMERIC,3678,2087,sfti_bc04194cc58bba7e639f7bbe,cand_90b62cd6489f063b8fe57830,paper_7d5aebf7dad543650e12
T2_NUMERIC,3678,2088,sfti_74bd725b4fda4785ea98504f,cand_31dca15acecfc721807a6223,paper_890ef2be2fd45f1127d6
T2_NUMERIC,3678,2089,sfti_0f30c41036b858f6ebdfb069,cand_c94859229185988e79d79995,paper_bc82aaaf60e66f5468da
T2_NUMERIC,3678,2090,sfti_bd6b37b114b02fdf5ce571f3,cand_05af3a0be25c143ec865b075,paper_8c89891cdaa55dcdff15
T2_NUMERIC,3678,2091,sfti_c63f508628b15dacc2231595,cand_96dbdc9520738c65e00c6dc1,paper_97054b57472bb028ae26
T2_NUMERIC,3678,2092,sfti_d7439b45115ba400317ac240,cand_f43cc798c17b6b0c2e2de217,paper_366543203c025501ed60
T2_NUMERIC,3678,2093,sfti_1e34994627c262826ff5935f,cand_951a5d54e7c7e38d75e97f75,paper_6730bf81b0e9dacc6f71
T2_NUMERIC,3678,2094,sfti_a7af8e037de7c85143f6d9c4,cand_b5c3c4c779d8e64aa0a5798a,paper_2d881cb8d1a1376b394c
T2_NUMERIC,3678,2095,sfti_ed679335fe1b3fd1766c9981,cand_43c938f4697e18df694d6ba6,paper_908b6ec651f9c3279ecd
T2_NUMERIC,3678,2096,sfti_7340c1160d8b5b43af87832f,cand_4dfb1c841b956940f11ffbab,paper_4f31c328a7c95c22c4de
T2_NUMERIC,3678,2097,sfti_003daf8b76aa6b1ab3a34260,cand_880cb0f26cea2c3d65375561,paper_545b45f788f24062a345
T2_NUMERIC,3678,2098,sfti_7b8a164f9bf2529fe2a4c003,cand_c62da6095cddc67790d22201,paper_ba893a0b287fc0db68c1
T2_NUMERIC,3678,2099,sfti_046af96d8e7c45660ce97086,cand_d27c4d8d590c900fe73a8e9c,paper_5a9b7e5a9f7c8c1ba166
T2_NUMERIC,3678,2100,sfti_a3b5e3953353c845eeffcfde,cand_e4fc22d2d9d88e4390eb19fe,paper_fea55ea95297375b89d0
T2_NUMERIC,3678,2101,sfti_8c9e8ba5ded17c523806cee1,cand_0802fbfa2cff306add2e5110,paper_61b3e2b332fc7c0c5fac
T2_NUMERIC,3678,2102,sfti_c3f8d2159c151eaf25f75313,cand_22ae129e5450a713f8bbf463,paper_94955909662fc0f4ebf4
T2_NUMERIC,3678,2103,sfti_06475c4602b65f5c02b3d72c,cand_73194d1944ac4d2cb3226137,paper_0ce613e2f32acae68fe5
T2_NUMERIC,3678,2104,sfti_96b03322ad6e8bbfe4dba40c,cand_6ecfe5728fd27dd1796cb66a,paper_166727dca4c31311fb06
T2_NUMERIC,3678,2105,sfti_ecae697a287ea01bbb6abf5b,cand_dc9d961ef2ec9aa529a3e91c,paper_3b5376f517a21dde4409
T2_NUMERIC,3678,2106,sfti_230b49588a90217f504a28a7,cand_d2aad90c3a17d434e125a461,paper_5adcc8e2ca04bcfc87d9
T2_NUMERIC,3678,2107,sfti_c3a01996eedd1bf433be31a8,cand_f73881f9af3d6f750fcb6213,paper_50eeb1ec2837eb632dc7
T2_NUMERIC,3678,2108,sfti_6a67e3d98203b9a5a9362246,cand_5393dfec78510ec4bbccc2ac,paper_2175732ba55339f5c6f5
T2_NUMERIC,3678,2109,sfti_82fe9a7ece1661786ea3263b,cand_4b96b03117d0245610349af5,paper_86c706cc7c1b31c5b704
T2_NUMERIC,3678,2110,sfti_71f0068a7505ee044a164a50,cand_564610b0c07fd0e8bab227cf,paper_d4ec7d296adf27d47a89
T2_NUMERIC,3678,2111,sfti_4f340745ba5f48b655ddf87b,cand_2e83e16f03a12fdc36e72a7f,paper_5565b4dc086c1ca4d22d
T2_NUMERIC,3678,2112,sfti_10f0bc0133bdc0534626ae29,cand_0c1639aba95a0bd20a205510,paper_a9dd875727810e20e480
T2_NUMERIC,3678,2113,sfti_f9c0a56b58cbb64e94bf9178,cand_f77a2bc2eb7f6b169ed108eb,paper_cd99825e674af93f54a0
T2_NUMERIC,3678,2114,sfti_15dd2d3af7590726458d974b,cand_222c629cfbad06b5b6e3f0f6,paper_23dce9b08be913b037dd
T2_NUMERIC,3678,2115,sfti_89ff13e6160942f0c9134808,cand_9b612bdf2e6598b8d40dbfeb,paper_d1e6094c69cf04df5d74
T2_NUMERIC,3678,2116,sfti_f2f4d6e82bf290b434c99625,cand_2f1fda2f417dc4133f1886cf,paper_0e42ce275b00cae15eee
T2_NUMERIC,3678,2117,sfti_fcd971dd1862f7831ea828f0,cand_23eddef31693516f6cbccf91,paper_671daf0e5afd51aed570
T2_NUMERIC,3678,2118,sfti_b912d8ffda079e0e3993b377,cand_159a83081af106b78f8a07fc,paper_b9c2648598a28dbc45e5
T2_NUMERIC,3678,2119,sfti_9678e37df1b68cb7d66017c6,cand_d0da610f8d56833eef38a8ca,paper_d0057ec9692b59e85878
T2_NUMERIC,3678,2120,sfti_bdee589a41d1323993293f65,cand_4a872032fae9cf1cf1f8eba7,paper_e0741239e6b4af7e9060
T2_NUMERIC,3678,2121,sfti_d57a013f1711878d661ab624,cand_59100b7addfae5744c565e74,paper_75028984950c883d55ee
T2_NUMERIC,3678,2122,sfti_7bbee10b334a5917f0b8621a,cand_5a334faaf0117c207c5591d5,paper_d0635a46f2116c940eab
T2_NUMERIC,3678,2123,sfti_e255ab3d10cbce85a36a69a7,cand_22b6098507fe2459cb798c8b,paper_a0f697f2769682f05941
T2_NUMERIC,3678,2124,sfti_6b79f722e57871ef033c54eb,cand_cd39e6943ce5ec5cf9495703,paper_85c49445cc84be9508d8
T2_NUMERIC,3678,2125,sfti_5556226e2beb4861545a917c,cand_fc1dc89b8869c633d7ec73d6,paper_6cb01085fce48cd8b2e3
T2_NUMERIC,3678,2126,sfti_309bc36dea43a26e609a6a88,cand_768a3682537eda6e22655a09,paper_15fe252af04f747cd417
T2_NUMERIC,3678,2127,sfti_ff695e10fcf319498365cf3a,cand_505a9fd5c4ba564efdbf61a1,paper_aaafd1cf52290be1e187
T2_NUMERIC,3678,2128,sfti_56838a9072e8589a207781a3,cand_0e64485fb8c170b330ca34c0,paper_0711aea5c961dd8c374d
T2_NUMERIC,3678,2129,sfti_86dcc375b65bdb640912799c,cand_0f5cdbc4990a55665d026b5c,paper_b818e1ab3266976a8db9
T2_NUMERIC,3678,2130,sfti_9e45df38b2d6e38ca9c0c4e8,cand_d44148eda0be48a75e268ae9,paper_36e100af2733ee6a2ae6
T2_NUMERIC,3678,2131,sfti_aa1de85c98c7a6f5fd2c907f,cand_0239c447c1af18bbcf4296ca,paper_d62c80d90844c772db99
T2_NUMERIC,3678,2132,sfti_43c4d0342c051a02740c837b,cand_6b7ff3323c073efab767839c,paper_9638a9b9407457710066
T2_NUMERIC,3678,2133,sfti_3b56acd0bc480407719d7b98,cand_e2a0884d09955c4b41f978ae,paper_c7495d7c09eec5e52ed8
T2_NUMERIC,3678,2134,sfti_1170792508373edd6d732b34,cand_354f49d6851058ef0fe35efe,paper_f8503ebcd0d534154ebf
T2_NUMERIC,3678,2135,sfti_dd4634bdb527548b1b0b1328,cand_c88840e6032ae1f6f6926374,paper_f30f6ee41d1bce340228
T2_NUMERIC,3678,2136,sfti_8302ece9e4fa548ed4d614f8,cand_a790757920b23b47d37050d5,paper_c49ccb174fbc496a5b58
T2_NUMERIC,3678,2137,sfti_fae53974a831f25d2f832701,cand_24e2ed36d73527a19953798d,paper_083fa62561b4443889cc
T2_NUMERIC,3678,2138,sfti_64439e417d50c98f9cb80d52,cand_a7798f5bd2a307be974f02ec,paper_7aff078d2e9781c2b640
T2_NUMERIC,3678,2139,sfti_bbec86b65272c1266a8a3200,cand_ed8022c9f24acc0270d8d6ca,paper_ce9dec4ed831452472f3
T2_NUMERIC,3678,2140,sfti_4791f2e0ab001ed863b01cbd,cand_010413f4c47fe31fa9ced8eb,paper_f75a51877cad3bfac087
T2_NUMERIC,3678,2141,sfti_905525b23b53431e022748a9,cand_426f2f5ac403893314da4898,paper_fb4e7a3a63bf54771fa1
T2_NUMERIC,3678,2142,sfti_e2b62374e8fbc9e9818b5441,cand_8d94ba0ecbb0d4a3f9683b38,paper_169d152bd78e1f0e9b49
T2_NUMERIC,3678,2143,sfti_8beaa70b9daa657a069c2e3c,cand_dfc5eb0a4dc8316b4b50cffc,paper_370b9de0cafa2df70ca1
T2_NUMERIC,3678,2144,sfti_f06244cb0b3dad2391c4aa04,cand_0aa5871151a4429f3232ca72,paper_27881da4624b6a406df0
T2_NUMERIC,3678,2145,sfti_09b2be65016d12241149acc5,cand_3a2ba496a5f270edcbc2f20d,paper_b12e54a4828575cf2d3c
T2_NUMERIC,3678,2146,sfti_019448c20497c26b71d840e9,cand_8d67e36979a49346cff6c3a4,paper_b4060e490d5e7ece7232
T2_NUMERIC,3678,2147,sfti_02b80fa9590f0ab8dc780226,cand_81455fe7d4f3aac2ecc37598,paper_9fe3574541257f9f6861
T2_NUMERIC,3678,2148,sfti_0c5c1775f32581cc81f5e103,cand_36d85f9736bbc889bc72b7d2,paper_2fa76b57fa652824daf1
T2_NUMERIC,3678,2149,sfti_3a7b334fa18dd9c1c55a7624,cand_0845d3f1b5647796bbaad997,paper_e5d9d6c267fc21d77d2b
T2_NUMERIC,3678,2150,sfti_47b382ed914be373b06268cd,cand_dc805c9d0e45dd0fe5b0a06b,paper_fb930d159272344a0721
T2_NUMERIC,3678,2151,sfti_9a6f5d9dfa1059150ec1eaa1,cand_b64f8c166a573cba32be5c89,paper_e8cec3b5129bb5312ae8
T2_NUMERIC,3678,2152,sfti_06df6ffeb3cdd6cd0505cd5a,cand_6564c10421f6cbf58eb2fd1d,paper_74360882a4fd3ef23b19
T2_NUMERIC,3678,2153,sfti_46990e9de050d96e1ac55774,cand_75f1298fa6b199aa42f79189,paper_f381f9a0a52c01466fef
T2_NUMERIC,3678,2154,sfti_ac0df908dea66be574ac47c2,cand_563224fbfa1fd529d520f9ee,paper_8a046c008c29850c937b
T2_NUMERIC,3678,2155,sfti_83508e760bf543a9194407cb,cand_2ccfe5d43bba01c467e8a040,paper_5e4f95cfed598276c079
T2_NUMERIC,3678,2156,sfti_66f1f29b11e2f0b99831d519,cand_793e03ac0d8307afd1c31e13,paper_3d90170a02ec76d9ceea
T2_NUMERIC,3678,2157,sfti_c982027c4e5db0c794f5c6dc,cand_4e98a8513cb9e29484fa5555,paper_2f0ed310f194dc58ba32
T2_NUMERIC,3678,2158,sfti_9f15eae1fa2b03c8ff077e36,cand_135f42023b85dae4453ecdc7,paper_df45d253c3a9b25b03cb
T2_NUMERIC,3678,2159,sfti_d901acf1c5334e557a6eaf95,cand_84bcf765ce8c5a7153f84b64,paper_be916dbf47bd1190bfac
T2_NUMERIC,3678,2160,sfti_a4e910c0caf85f0bd12e8eb9,cand_8c18e07f5186d2320a8d27e1,paper_f65e1cf061dc75a3b817
T2_NUMERIC,3678,2161,sfti_15a86a69664cae92216bb14c,cand_8c1bbc3118b429d38b41591f,paper_2fb2efaeb9b40547dbba
T2_NUMERIC,3678,2162,sfti_e94451954c9d97be8eb33b02,cand_e02a684a303c1aa893bf0c14,paper_0c9b21dc345f17575dc6
T2_NUMERIC,3678,2163,sfti_99bed16b34b65bb2e3fce1c3,cand_28b8526a7c721d5394df2c46,paper_6aabe31ff814c94de9be
T2_NUMERIC,3678,2164,sfti_6172430a6a27a05f868183c4,cand_9b9213f94f8c77eb3c35749a,paper_817baf95fed9d0fdcad7
T2_NUMERIC,3678,2165,sfti_e69b2574e14de0d0aff1b917,cand_e7d1ef0ae17240a3d9d98a22,paper_5ce355c8f4c399651bf5
T2_NUMERIC,3678,2166,sfti_cec1a15709d5bce8792a9c55,cand_ba924154aba11a71de701d3e,paper_f958223ca2563b6c2ee0
T2_NUMERIC,3678,2167,sfti_9817458d7593253dfa7a97d2,cand_331660cad63893dcc40825b7,paper_d5bb0856ca7695b7aedb
T2_NUMERIC,3678,2168,sfti_03bb436860bf7c2350a9a1fd,cand_99d8014fc8d61e7250058bcb,paper_ee17b77f49c39b4459ff
T2_NUMERIC,3678,2169,sfti_4e1d475fcc5b84a1f8a1a888,cand_cfa46e2ed5f0b7106f421db2,paper_229a70bda75d65e03878
T2_NUMERIC,3678,2170,sfti_ee2265f0dfea94bb7ab179b9,cand_55ab25663b643fd97c815db9,paper_171bbac0ef4b02866477
T2_NUMERIC,3678,2171,sfti_d939eb6c312b71f36e190299,cand_1e4b2993b6686af2cf7f6e49,paper_083453b34b1f4bf3a511
T2_NUMERIC,3678,2172,sfti_dc4f7e7957e0395abd7bc5a5,cand_b30dc3f9e6c05a7b402d20d8,paper_c88fa716da4fb68afa81
T2_NUMERIC,3678,2173,sfti_570c2e0863ae97a38f4eb570,cand_031489e7319d4c1b5af2351c,paper_6549ab238decd77f0d36
T2_NUMERIC,3678,2174,sfti_91bb3aba92ebed111692a532,cand_ddb5446927166ee68cd98207,paper_d82adf03b07ce22c3b54
T2_NUMERIC,3678,2175,sfti_47b388b947c5e800d564d28a,cand_e28f3a9d0418f4fabfd7da5e,paper_2b56bf1fad41ce819b04
T2_NUMERIC,3678,2176,sfti_51ba3511b32cc5340fe666dd,cand_fb853bd3efa586d30a7a5e49,paper_2f4030b1e5c2b75fa04a
T2_NUMERIC,3678,2177,sfti_573f353a8695a9b501f75885,cand_7408761fcb7b1e8c559192dd,paper_974fb714ec6870c7868d
T2_NUMERIC,3678,2178,sfti_9efcc355d480fae16ad68fd8,cand_10befaf1586fe15406021592,paper_0b034a0d6b0a5bf01d4d
T2_NUMERIC,3678,2179,sfti_cbec56486400c4148f790d57,cand_2854db1ab0ecd65848617690,paper_7dba6cb3e3d5e86994a3
T2_NUMERIC,3678,2180,sfti_b90fe754395542622817cace,cand_ce30660fe77d2e860ab93608,paper_4fdf48b1c1f6829863fa
T2_NUMERIC,3678,2181,sfti_3633f55479de0630347ba35c,cand_3ac4bb2e9a23aea540aac9ae,paper_89fda2b1fae52af29ea2
T2_NUMERIC,3678,2182,sfti_ca46c659c187f4fb7ad5092c,cand_e3b2436dc6cf0a8233d58421,paper_1929f7cd87eef5deef5a
T2_NUMERIC,3678,2183,sfti_8bb4d16dfd30ca8db567cf2a,cand_780282f4cd2e3f81df563de5,paper_660368a4127cdf5bd6ee
T2_NUMERIC,3678,2184,sfti_e707f33945d6c03cd5994705,cand_2ff1423fa55acb23169fb805,paper_664bbbd2927cf5a8c793
T2_NUMERIC,3678,2185,sfti_f256fcd83afa2f35ae8f43fc,cand_552a777f4696d46ba136cd06,paper_81b4e1ea1b99d3abd617
T2_NUMERIC,3678,2186,sfti_5f10955f7a690febbf43f4d8,cand_4deb80a7f5961a51ff99c8e3,paper_bc125e70842da3448cfd
T2_NUMERIC,3678,2187,sfti_6cdb6e4d749b0ea0c65818ae,cand_61c92e2de283f1702c73ab03,paper_7aaade949bb14c05bfe7
T2_NUMERIC,3678,2188,sfti_8e1d4d93d3f37f798a7a9632,cand_6a66a362c3da3836fd24f5ce,paper_8e32e74457d3a767dfc5
T2_NUMERIC,3678,2189,sfti_d001f6a44c78b02b2cfd8c97,cand_28a1de2176664b22a5101ae2,paper_4f1ab823cfd9f70682e6
T2_NUMERIC,3678,2190,sfti_14777c2f2a2245f31c516136,cand_6592c5c41aabc63c48a9ce83,paper_89e5d5d70972f39a5320
T2_NUMERIC,3678,2191,sfti_5359086fa0eb5fdea7bbf25f,cand_6cb5c82b6410d11d0c12686e,paper_6bcf74cbd6b92531a34f
T2_NUMERIC,3678,2192,sfti_30a7d218068f1659c3178a0b,cand_c2e2ae1ae8a86fe9220334a6,paper_6a3930f614a5b0685194
T2_NUMERIC,3678,2193,sfti_d3b794dc2cb24072d649900f,cand_6da44f68c04ed3ffeebdf59b,paper_0199bd2da3a1c6ae84f4
T2_NUMERIC,3678,2194,sfti_6b000d2ac2d6e45386ab5260,cand_06bf372f203d7c0e0b9d20bb,paper_b90f1d01f87532c03ee1
T2_NUMERIC,3678,2195,sfti_72a690a986669dc1983cf14c,cand_a011b3ce30658b89e542cc70,paper_69f7388134bb5baddc3c
T2_NUMERIC,3678,2196,sfti_344e739130fddf32833a8590,cand_1f24c2be7b6690a09b18e063,paper_063a8027d8086e50cb66
T2_NUMERIC,3678,2197,sfti_513a81c94ded04dd2d4ed2f7,cand_53cf8e38348051ecacf2f456,paper_258756920680bd1f8b41
T2_NUMERIC,3678,2198,sfti_9d64c6d8406fb726937b717c,cand_09881e40b7bd1c6a5ba3151a,paper_92969607871cfe57fe43
T2_NUMERIC,3678,2199,sfti_2bfb81fa05f265dfd442cde5,cand_bcd10ef761b7076ffbc7c749,paper_0c794859356c0884a5e4
T2_NUMERIC,3678,2200,sfti_cbd692ef4b9041f2515d8346,cand_b7dc1ca6500cf84cb3dcc911,paper_7249aa5b34be37b5061a
T2_NUMERIC,3678,2201,sfti_7e9f825455e39cc917499797,cand_e4c1c516bd340a41259dca66,paper_e3892e7e8caa66ec339f
T2_NUMERIC,3678,2202,sfti_a65bf634d6993d5a6d4726e9,cand_3a53e920a618de980b1b3400,paper_5cb8db5c0d334bb45ec9
T2_NUMERIC,3678,2203,sfti_6f51c866f9ef5a78f069fab1,cand_c9ff04b0cfc21bd54b662231,paper_369353ad961a699d2837
T2_NUMERIC,3678,2204,sfti_f2c2198606eac8d53b1ee033,cand_f659502ff6c478803275d425,paper_8c839b9120e4ee048bb7
T2_NUMERIC,3678,2205,sfti_e68c434fca36e68fa9c43551,cand_6ec2ef8a36ca862c0f60d200,paper_2cdf2c4c1a28280b7e7e
T2_NUMERIC,3678,2206,sfti_3dd18ac25ec3d7e0bd64654f,cand_b9159e41ab237c85b58059dd,paper_f458cadda44351f46cb6
T2_NUMERIC,3678,2207,sfti_4b3947d75a73822edeb5a973,cand_cee055516dade1c5ef24e6e8,paper_a94d2ad962132cfd24cc
T2_NUMERIC,3678,2208,sfti_828f3faca61c1ba1cda064ea,cand_2431dc5689c45fc7836cbe2f,paper_cee2d0d3e1876eb73b39
T2_NUMERIC,3678,2209,sfti_ca98e8cf1fc0a98bbcb39711,cand_823da95ce283c94c3e19d725,paper_aea223f0ad33690bdefb
T2_NUMERIC,3678,2210,sfti_1321af5dfd5fa3aac0b66cee,cand_8af6e5b6d06507e6a98cfc6f,paper_94dee75e64b89bf47143
T2_NUMERIC,3678,2211,sfti_eb83b6d89ea2a09efa5d85ac,cand_48e3195df067b18bb1de6162,paper_a7848c6c4a9124568eeb
T2_NUMERIC,3678,2212,sfti_0a15e175f5a8eecfe324f72a,cand_0b2bbb4bbca8dc03d5fa56c4,paper_aadd6adaf7e7776d1f64
T2_NUMERIC,3678,2213,sfti_0bafa5e729ae45f0f35260a5,cand_68807d8d1f4713c4d66228b1,paper_81299702e47fe70c2f7d
T2_NUMERIC,3678,2214,sfti_39581724c39ef9831e65b9cc,cand_3dd0425dcb7d6d5ae7c94549,paper_44d79256d8a5312b7ada
T2_NUMERIC,3678,2215,sfti_0b52b3f4d6a70b94a62aa14d,cand_415b3a3ee39bd36a72fc6805,paper_e64d61732e6aa5e667ac
T2_NUMERIC,3678,2216,sfti_ee4bdccba73d76b61afda46d,cand_3cdd23c69caad54e21a97240,paper_7dc23c11a92281e380a2
T2_NUMERIC,3678,2217,sfti_d06d272c98779fa8a2f5ec0f,cand_8b16b955b29c797fc0137f2e,paper_6ab82d7f74d54ba2b45b
T2_NUMERIC,3678,2218,sfti_54317ef792869669805a7be6,cand_c59d8ff08073d4e3bb5991e2,paper_be0e7d5b81995f9db5e7
T2_NUMERIC,3678,2219,sfti_a53d5228b3becd72f2f202fb,cand_210c8baa070455bdbe75ae38,paper_b0bb506c29582306cc25
T2_NUMERIC,3678,2220,sfti_bb6ba594fbc59e00e4b2386b,cand_aa9b4a852764035932427060,paper_7389c18aa7fbdb9182cf
T2_NUMERIC,3678,2221,sfti_3313f8ceda71aea2a6ac16dc,cand_c3f19c1b70c3e7b436c2d153,paper_f5290df23f6ebbf4d530
T2_NUMERIC,3678,2222,sfti_e37da7817c9ff6c9218b13bb,cand_2754f14461fe2d283d464b1c,paper_3215e9f1742562ad079b
T2_NUMERIC,3678,2223,sfti_4f86697dc5b0cfd7c59c05f1,cand_824c499328e3b10d45f08df0,paper_4fe3a499c98362690104
T2_NUMERIC,3678,2224,sfti_43ec2fa4c552d1a54b9a1e5d,cand_fb543a166354304483f909d1,paper_bfc0c8414856513ea244
T2_NUMERIC,3678,2225,sfti_bcd2bdfdd3cae8dd31914d6f,cand_a9588019661e7b63a56dd6c3,paper_672820ba66c7092900cd
T2_NUMERIC,3678,2226,sfti_479ba0f732273e03770ec25a,cand_1249a39c6bd774ec871edb49,paper_73dc6842ac0f62ccc904
T2_NUMERIC,3678,2227,sfti_6261750f061d29714a5cfe28,cand_434da0a5cd3bb644534b4aaa,paper_56c871a48eef1bc45564
T2_NUMERIC,3678,2228,sfti_1a989f7eda298892abff09dd,cand_0f6df4bddf0f1f2b79eef2c8,paper_1099000f012657a4a58c
T2_NUMERIC,3678,2229,sfti_c100a7d94991f415cae0f03b,cand_dc0aa42e3240368da5ebbc06,paper_acef42607abe11ef888b
T2_NUMERIC,3678,2230,sfti_ebe80b6b562701e02ee194fe,cand_8f6e1d19d4bfa99a6b7e03c2,paper_5a3e71193efaa78970bc
T2_NUMERIC,3678,2231,sfti_454ffeeab850eafcb2c27479,cand_425a866b3a251b43f78b9265,paper_6dea042420858e16f3b7
T2_NUMERIC,3678,2232,sfti_d8fdafc6c07f9bc1b518552d,cand_31a797afb5185f5f77eaef02,paper_1481b40c44e6e5e2973d
T2_NUMERIC,3678,2233,sfti_5a3ab112afdc9e30ba53da28,cand_737b7e4a8a943f4e60af6865,paper_eddc5d22611e6979656e
T2_NUMERIC,3678,2234,sfti_2be9be6e89cf8accbe0bd321,cand_26fec2db23811695a0dc9f6e,paper_7d74f52644d513698ed3
T2_NUMERIC,3678,2235,sfti_336ea8820d1f9fd35089039f,cand_5de0381b8d82afcc17369afe,paper_5a950095cd27f4047930
T2_NUMERIC,3678,2236,sfti_27faef3ab2256ee3a74199f1,cand_30dd2c39e8e66905a042448e,paper_fe3a5ab86b7888190097
T2_NUMERIC,3678,2237,sfti_14a3caa6ef9a90660fe39fe8,cand_07f4e56f9eebfd9b05eedbd8,paper_3eaca8f4077da8e86595
T2_NUMERIC,3678,2238,sfti_223c93132ff806776dfef80f,cand_4cc68467cd634403a0f33a99,paper_122ce5784931a01456a5
T2_NUMERIC,3678,2239,sfti_abe759ea9510c98f62933c38,cand_42c18fdf45e5f4f393ed8e2b,paper_32ea73c0ca7c36f3722d
T2_NUMERIC,3678,2240,sfti_cdb11a31989d0ecc29fff02b,cand_16c976f4647d237148601ae2,paper_7cd1f80ae0395836d825
T2_NUMERIC,3678,2241,sfti_6cd71623a59e65e6fcdaf2ad,cand_71b9e240c64b1e5f9a30bdc4,paper_1a5a5643c69613aa0d3c
T2_NUMERIC,3678,2242,sfti_988f82e24a560ecef85180ed,cand_88f75bed595d0f37bbdf9441,paper_226c3f8c333a117c19f2
T2_NUMERIC,3678,2243,sfti_403f6d6fef2aeb785a884d8d,cand_bd9421dbcbd99f14f1391f6f,paper_2a007f0eb896c97e483a
T2_NUMERIC,3678,2244,sfti_6c9c5e29d2aad4b1b932865a,cand_e9ab2d19e4c0807dd71f8b95,paper_53745b1a37f0f605a819
T2_NUMERIC,3678,2245,sfti_f3fe6791ea79a600964f5364,cand_4151b26d487819be9e79b9b9,paper_5be19bce69768241e503
T2_NUMERIC,3678,2246,sfti_e36ac14892a90b1f96a76aa7,cand_ff038ca23319878d1095727e,paper_3f3d0e48546e4ff42f4c
T2_NUMERIC,3678,2247,sfti_5eb83d308a9f93c2eb17b1cf,cand_e99e504ca209df8063798161,paper_c182b34bda7dc629ef5a
T2_NUMERIC,3678,2248,sfti_239e4c87cbeb0c5b9fd26d22,cand_78ad9bdb707c84aa5a91553e,paper_e32ff121a88635b9567c
T2_NUMERIC,3678,2249,sfti_26738fa8b4ce91e243eb98da,cand_5da4add3ba022770c4173667,paper_bfafb1f783cf1c10b709
T2_NUMERIC,3678,2250,sfti_a75b458ee86409c4d2dd865e,cand_358b92e62c012301a651a6b8,paper_0ec8a1fff8943d1ae2df
T2_NUMERIC,3678,2251,sfti_610e895cad42ba288839b3ed,cand_26880df6ee090af723b78cee,paper_3fa14c53e2d79e3ad20a
T2_NUMERIC,3678,2252,sfti_bb1173883596c865668b394b,cand_1d73315e8ffe87331bd6e4f8,paper_dec8e545ef1e3441ee9b
T2_NUMERIC,3678,2253,sfti_8f0e4a802c02bd5220d05318,cand_44894f8f893a70e6784d4343,paper_ce1163eb5c6947b3d79a
T2_NUMERIC,3678,2254,sfti_ca2d5fc9fb8a502ecd4740a9,cand_13f5559d30e0b69ef7e0a189,paper_6cf5f6f38da91c39d03f
T2_NUMERIC,3678,2255,sfti_b4cdf31e812adc6792117348,cand_82c9b8dc702d8bf5117186c5,paper_abe7697bd530fa52a28f
T2_NUMERIC,3678,2256,sfti_ea5efdf34be4ec88aacd57c0,cand_915d80e0bcf2cd1f1e27058e,paper_b0e9eb2848ba1c224022
T2_NUMERIC,3678,2257,sfti_1f5ea726832919d7ca583d7f,cand_f856b14d7c089c7503cfb440,paper_41969b2a5efedb22cfed
T2_NUMERIC,3678,2258,sfti_015487446020232647ba1966,cand_68fdaaa4009ef6cbb1c2d7f1,paper_867248425c354151c78a
T2_NUMERIC,3678,2259,sfti_efd396cdaa146f698fb953a7,cand_c1c5566a9f46799d5deb2cac,paper_39478f8dbc9276d1b5ff
T2_NUMERIC,3678,2260,sfti_4c74ba09ae9171cc925e782f,cand_ae52066d1dc4b471e3257a6f,paper_6445b8c71cfc27098a19
T2_NUMERIC,3678,2261,sfti_f2e026a93d01ebe51417858c,cand_8e2294c44ac091c683c4f124,paper_57e0d2b061547e81fe80
T2_NUMERIC,3678,2262,sfti_b211afb59053f648fe758ea4,cand_7d8c791935e2c109ce62e9b7,paper_71efa30c4894c1d655f8
T2_NUMERIC,3678,2263,sfti_84989ca0ed07fc6a9b5dd669,cand_09984e2257e83291cfaed81c,paper_93ab30d33d5d512908f9
T2_NUMERIC,3678,2264,sfti_d64277abff419dd5217e1ee5,cand_0a18f6b9e11ffba32418ed49,paper_0a7d6170833642992e54
T2_NUMERIC,3678,2265,sfti_6519b4130cbdba5528663aa2,cand_72da61b89c1e626e964277e2,paper_87938812c0715e3e4672
T2_NUMERIC,3678,2266,sfti_4bc2942ec1796e3e2b7527ca,cand_4b4bb5efb9ff7133e23941bc,paper_462564d91183c05007a4
T2_NUMERIC,3678,2267,sfti_f5ad17f4f8807f7bc659fa39,cand_eb749b1c35a78a574d071543,paper_767cf025ca3c15e068b9
T2_NUMERIC,3678,2268,sfti_2d10114493aa596e072bf69f,cand_15685e3a75ca1cc681981387,paper_76556fecca66ba0e9e6a
T2_NUMERIC,3678,2269,sfti_b3db245d7dc4dfbae61fccfc,cand_be24ef34b96daa40544cdfc5,paper_d6098e7c24a35a215597
T2_NUMERIC,3678,2270,sfti_39b876a96b8df5499c848c81,cand_93a92d1c89de0f505c7bb6da,paper_214d06fafbe5b2033c31
T2_NUMERIC,3678,2271,sfti_c90c7d9e60b47e91b1e18ef2,cand_165ce8a262735ea1c7a38d31,paper_a029fe615c3acdd6ae56
T2_NUMERIC,3678,2272,sfti_fd17c72bf2dd4fc9d7b9ab18,cand_1059a990db05515203977a79,paper_4f56eb43f6a9f68765d6
T2_NUMERIC,3678,2273,sfti_46547aebf2f9e4c450bd0ad1,cand_f585c5f84c11e59328e45204,paper_edf34128fd562d5d7109
T2_NUMERIC,3678,2274,sfti_bfcdb562195d6d8ac7f5edd1,cand_c7c43f7f2837abd430249d21,paper_bf3e76e2793a39a4b709
T2_NUMERIC,3678,2275,sfti_b5260ba964d283ca67a9bdb5,cand_95668edcd43d14b72c1c8f21,paper_01ae4cd09750e14709a0
T2_NUMERIC,3678,2276,sfti_fd24971259fabfac3c497e13,cand_89268e2518c5d02691800214,paper_87be139223c2bd606a81
T2_NUMERIC,3678,2277,sfti_c8c603f7c4c357ed48f56dc6,cand_75b81589bc08fb6584deb983,paper_40ad1ca31f69049b9c34
T2_NUMERIC,3678,2278,sfti_fa7e850c04cffb0e85db529c,cand_9ddc57ff0c7e291e5ce8f161,paper_31f1cb4fdb10b6110e78
T2_NUMERIC,3678,2279,sfti_a688b851dee0a7d278181408,cand_cc522e1ef83575c4018f8c4b,paper_3af5860f6f122a895eb2
T2_NUMERIC,3678,2280,sfti_acad725f4f7a280cf00e7123,cand_de622ce25d5f1509622a4a9c,paper_c9fdc8cedb5be40f0dc1
T2_NUMERIC,3678,2281,sfti_60b5dff5374bee4c40c19a1e,cand_e7c7dc80e939380da6efc8ec,paper_06d9e29054e6f8bf85d7
T2_NUMERIC,3678,2282,sfti_87e0afbf70973ebc6dc3f73b,cand_b675199f8a9dea246150b5ff,paper_aa9d7fc4331799659cfe
T2_NUMERIC,3678,2283,sfti_a647bd79753b4fa773013b8e,cand_1991e0397c4e2095563eb568,paper_ab4bbcc8857ba3557148
T2_NUMERIC,3678,2284,sfti_751c718af16c628f73db0a08,cand_882394283acb531e65a97fba,paper_44c900579a80dc2c3e19
T2_NUMERIC,3678,2285,sfti_93a0fb4aab258f11dea1f4b7,cand_b79e34cee746969686bdca47,paper_2fcc3dcbe371ec40710f
T2_NUMERIC,3678,2286,sfti_4db8bc2fb0b38dc14cccc88b,cand_378555429e2761d444857dff,paper_c982d4182089a90e2a96
T2_NUMERIC,3678,2287,sfti_b663794936423e3a83c89453,cand_ce8b35106285cc23afaec4b9,paper_347a5b1658801d734112
T2_NUMERIC,3678,2288,sfti_4ee8545594e8994535d8b617,cand_4f66158616d88a3871ebae3f,paper_a39e2e13b6afca086191
T2_NUMERIC,3678,2289,sfti_b5ed521bf09d7b47ff964525,cand_7787efdeb0a012f90ba6f90d,paper_922e19bc2468753745b5
T2_NUMERIC,3678,2290,sfti_74f03ce0b96c44a05d1f70c0,cand_0bb8f5918d26b353ec668c3c,paper_a5f1e11de5f0448369f5
T2_NUMERIC,3678,2291,sfti_ba1cc24515ac4575eec210b2,cand_5e1b3357a7bcbbc036a29f28,paper_7a141eb7ef1f59f479cb
T2_NUMERIC,3678,2292,sfti_9d129a3f84198ae314d4b9a8,cand_ad3a1a74f1dfe51df98a06ae,paper_1f775b57bd412a071844
T2_NUMERIC,3678,2293,sfti_938d75cd172475c88eb9c069,cand_fe1252378fa892b02f33d12b,paper_a090533a9bc941a8e914
T2_NUMERIC,3678,2294,sfti_72ba463a2dcb5d40bd7b569e,cand_03ec13d69995441592913a7e,paper_af86becd1d44297317eb
T2_NUMERIC,3678,2295,sfti_734e680feee841b2e54a908c,cand_d1b579a0a29fbad26f5db0dd,paper_62eb7922d1e559ef503c
T2_NUMERIC,3678,2296,sfti_91906382f46c987700716bb7,cand_a15a6331667710754df7b0f3,paper_9fabef626ef961aa28c9
T2_NUMERIC,3678,2297,sfti_0eec9639c8063d5937a485a0,cand_10daad90f6e8de37a05af7a4,paper_a568110ddfe8b61d62ce
T2_NUMERIC,3678,2298,sfti_7c1569a14a66d29f12f7fd03,cand_cb13218aa7b6660b5e2281c6,paper_f913304731279218e7c3
T2_NUMERIC,3678,2299,sfti_b19bf9efba5d5437cf8c6d99,cand_62366f2c08e9dffbd2ca9c1d,paper_def9d9309b4003de0ded
T2_NUMERIC,3678,2300,sfti_1f4c5dfda0241643fef270ca,cand_c7b2be88e0bcc9c3286c1f95,paper_752b87d11b844759f3ca
T2_NUMERIC,3678,2301,sfti_ee913fbec05e452a9f982a34,cand_ec001fefd5d6c4ad17e74a16,paper_ce646a57e074e1cdd0d7
T2_NUMERIC,3678,2302,sfti_8f07f5d5942c2b314f146c49,cand_0195446d64fa41171f56902b,paper_eb53a568018997d7a5a4
T2_NUMERIC,3678,2303,sfti_61daead40a2d2f62a047a013,cand_8ae1e04c2b741e46f8830139,paper_d7a0aeadcd3541bb384e
T2_NUMERIC,3678,2304,sfti_3a65c9d1b966d7372750b583,cand_afdc1a0291e3b2cd844c99cd,paper_36d630f627cf67853127
T2_NUMERIC,3678,2305,sfti_3d01ddf7df1c39b203dd8d87,cand_16cfdd214f8ef2e64b4a1126,paper_6a2566344144df787916
T2_NUMERIC,3678,2306,sfti_d2c193118a1dfd4a96be2714,cand_d9237d2798356a8bc68e7498,paper_e74918395456cb11f56d
T2_NUMERIC,3678,2307,sfti_39ddd92e323e57ee53e0e433,cand_6552889005fe830e5158024d,paper_23bc6223ed3b36fa514e
T2_NUMERIC,3678,2308,sfti_71313c5650bca15322c08a47,cand_538cc163fd1a4d93edb0e8cd,paper_201ccd1a0144f8ac3399
T2_NUMERIC,3678,2309,sfti_f74fcbd4565a8fbd00161fff,cand_57c61d8ef32ff8b877621ec0,paper_783174359f20ba253383
T2_NUMERIC,3678,2310,sfti_5669d67b74eec2883cb95d96,cand_53bd09edbf79cf3f5770443b,paper_35daa3771be2bd2112a0
T2_NUMERIC,3678,2311,sfti_d139d8d4d996d5f65c972ffd,cand_345ae3b8f275a0ccf150b14d,paper_1850d9d0595fc4db1d19
T2_NUMERIC,3678,2312,sfti_4fc2de9c9b4c7c98abef53ad,cand_29f13169a503e20dce520ea6,paper_1818ec3ee88fcf4ec16b
T2_NUMERIC,3678,2313,sfti_a2f3763911cd8e4438e37f06,cand_0363be79362ffc124a81e6d7,paper_d70ed00ebaa890cfda32
T2_NUMERIC,3678,2314,sfti_eb457aeb2a0ac4b9bc59a3b4,cand_1e20505e07f554aa8c8500c5,paper_869e1908a0428f3ad7c4
T2_NUMERIC,3678,2315,sfti_fd3a79795f31349415c9cd94,cand_11ca49bfd18a799783ed8061,paper_eb85f70cd612e1e282fa
T2_NUMERIC,3678,2316,sfti_a8d99cfd5e2a0913821f8bc5,cand_9b0d2a8c1732dd17388ee0f1,paper_b85cbfed3a7df0f91bff
T2_NUMERIC,3678,2317,sfti_a811988fb75e1efee9253dfe,cand_c23edfa3aaf1fc2106733ef4,paper_c6d38c3088f9d3f12a73
T2_NUMERIC,3678,2318,sfti_2dfa04fd1c869d7b13dbf4b7,cand_8dfade59ea9420b5514fd3d4,paper_bddeaedeae51b7fcb2c8
T2_NUMERIC,3678,2319,sfti_137b98874c3db1fcb05b190e,cand_5e741660e7d8e1b4542c9164,paper_ab640ac2150e06496e16
T2_NUMERIC,3678,2320,sfti_d6c05c6ad3b0932248def090,cand_efc2a537f6fdbee17a0c3c8b,paper_009e1ffb00faff097f0a
T2_NUMERIC,3678,2321,sfti_ebc43b824d2c39d3ffa61513,cand_6dc51a2915d3ded48a246c21,paper_f656dadd65e5d8d9c09c
T2_NUMERIC,3678,2322,sfti_f0085b8e13ba0577b2c20905,cand_3a5bbb74950630061d364751,paper_782ce051c047673034e3
T2_NUMERIC,3678,2323,sfti_3382c7aa87dced027029ea16,cand_b710788241f75de8bdd37101,paper_03cdba0d9cb94685678b
T2_NUMERIC,3678,2324,sfti_c09e6eaf63f5800bd113fb15,cand_acdcdd548ddc6fa1c4ad09ec,paper_f6efd567918cb5b94869
T2_NUMERIC,3678,2325,sfti_9e8f7ebf6c9fe0cb34bd6726,cand_09a2c1b9a1bec54e4b69be90,paper_69fa8302ed65d234bceb
T2_NUMERIC,3678,2326,sfti_f0fff88f9cf582f0333182a4,cand_0d190abec98133957415d138,paper_7cc40044e8e7c820958f
T2_NUMERIC,3678,2327,sfti_1b0e098724c070e6e9e3e9ab,cand_92cff650c65a5dcf4961a9f6,paper_0c7faa8670b4eda51f88
T2_NUMERIC,3678,2328,sfti_c70d048167b16303b440465f,cand_1a97e173c676d45c9a863e8f,paper_7344d9e42f81f8d6383d
T2_NUMERIC,3678,2329,sfti_6a6f3ef697f48e4b45202745,cand_c3af975906a8a61f0caf879a,paper_a09a8082d3f2f6bb58f3
T2_NUMERIC,3678,2330,sfti_505ad8db2aa03b082465db58,cand_bee84ab7b99a5a7372a9ea1d,paper_c84490476cf833bb6ee5
T2_NUMERIC,3678,2331,sfti_db702254bba1c873cbcf1f17,cand_e3ac093702ee4c2dbb21494c,paper_a15261b81ed3632a5f9e
T2_NUMERIC,3678,2332,sfti_16550040f1b6a3af303aefb5,cand_d8337ab5387741ced7ad1e34,paper_e0541593a359d8a87a28
T2_NUMERIC,3678,2333,sfti_dec1644b399cecfced563caf,cand_3ca29598edd63ef40ef27b3a,paper_c0fbf7e54518e5b9cde9
T2_NUMERIC,3678,2334,sfti_dfa6f330f87245ff3114b417,cand_3f5156cadc492fc92d0a35b1,paper_585a1342fa701de95a25
T2_NUMERIC,3678,2335,sfti_1db09107b0540e736be5bbf7,cand_ebf6facfece7c0150c33872c,paper_6482013036e9e86dec50
T2_NUMERIC,3678,2336,sfti_7dbef82dfc1a179b5eeee716,cand_6b765b10b2837c137b197088,paper_a26f7bca44a5957af749
T2_NUMERIC,3678,2337,sfti_367815dd698b10b2f0ed5c0b,cand_8ce130dc4c62aac3581957de,paper_131f8159c96f54d575a2
T2_NUMERIC,3678,2338,sfti_c0dea3e07a0afcc94329766c,cand_0a41113f7fb98d953f383983,paper_ce5f00d82605fcb001c4
T2_NUMERIC,3678,2339,sfti_85d5f84172a7ae4cec3b89e2,cand_be8542580f4380d37793e845,paper_6b75ffeb53b95e1996b1
T2_NUMERIC,3678,2340,sfti_8550220ce932c51b4525abcb,cand_cf5542ee73793d2bd70639ba,paper_fa6d8b29b5bd32048979
T2_NUMERIC,3678,2341,sfti_90f65c7e8e632f81427fc4a1,cand_a0b853e1cd89ddaba3b9a8d4,paper_71f603e6d51c12630385
T2_NUMERIC,3678,2342,sfti_74107fcd7ea9b02251211205,cand_8c8a8596c383d1c71c7ed199,paper_16e3b97c39963ad0d408
T2_NUMERIC,3678,2343,sfti_dbdf748559d09c986c2edaff,cand_63e3c1d95a924838fe9e54c2,paper_7948b462948f5b111cc2
T2_NUMERIC,3678,2344,sfti_df148bcf2a8b536561178578,cand_c44206de942f74ec7f22944c,paper_1feff77d842c50d00d5a
T2_NUMERIC,3678,2345,sfti_53f38872e8362623e54cb497,cand_c1f36dc77cc267eb67b127af,paper_0126a2cadbceb87b4495
T2_NUMERIC,3678,2346,sfti_70b7f9a12e5b46422f61187b,cand_e18058e2c1cc046aac5ac26f,paper_60f2e60b844747fe802d
T2_NUMERIC,3678,2347,sfti_e1726c5e8d9e16d3e5782630,cand_35d953a76248dde9000447ed,paper_0f02388cc6596059d73d
T2_NUMERIC,3678,2348,sfti_f86589147db76876818768e6,cand_37730f4a76b72ceb47a10135,paper_61dde0d2a2a09708c269
T2_NUMERIC,3678,2349,sfti_43b1c1bce7202deea1a43d01,cand_bee6a467b8ddb6772441bcbf,paper_2132468aaf51509ba44a
T2_NUMERIC,3678,2350,sfti_8b0efd50d4eb72248f9dcfc7,cand_d94bbd7c650e98c55d264627,paper_8db0fa20c03e47048f72
T2_NUMERIC,3678,2351,sfti_82964bfec1eb46c5dab15e11,cand_2d49f6a8b42d4e004b5a1e27,paper_220a124e6cb07f9f4a46
T2_NUMERIC,3678,2352,sfti_0b1b15d2cdf4a567f4b0c228,cand_46b3efca61ece18180fee1c2,paper_4776df45999b42cf21fe
T2_NUMERIC,3678,2353,sfti_5eb5e6ef9f5da0d1cb261d5a,cand_d6f6fbe6262b91a394ce1278,paper_ad6c3aa9145b1a08c543
T2_NUMERIC,3678,2354,sfti_a03396578becda5113aa5a8a,cand_f0b2f1a23f27c8a428e8e9a6,paper_00ce7fde2c30dd5b48ab
T2_NUMERIC,3678,2355,sfti_c19f7da3c5705c1c3b9ca445,cand_e1aeddea95fdbbeb83237550,paper_ea0d0996e01f5ba956c4
T2_NUMERIC,3678,2356,sfti_0ed514a17a6a770537dbce47,cand_b5008c84afa8296438c5f8f4,paper_ac4d2f9b1c56feb41b26
T2_NUMERIC,3678,2357,sfti_7e9614f6b4f218fcdd27369c,cand_465da7dc318306902877561d,paper_ca5062f04a73b5342113
T2_NUMERIC,3678,2358,sfti_628108f64e22818a55bc48a6,cand_44fe261e495b366bf863791c,paper_2dd21d283cb3890b0651
T2_NUMERIC,3678,2359,sfti_b7103f75439ade947e464925,cand_5811dec9e5f194817d9c78ac,paper_471d115d1a36a551996f
T2_NUMERIC,3678,2360,sfti_9aa4ea015b007bf40892aa37,cand_7ea48b2ac0d50525edefd43a,paper_3c8fc2365c64f7a1a9f8
T2_NUMERIC,3678,2361,sfti_47a5e7d542ac421df7ec1b8a,cand_f35d687d390842e869b82e10,paper_c35f24f154d422c07108
T2_NUMERIC,3678,2362,sfti_5b0f3222d51bda20fa4eb890,cand_dbced1168dc771e2ba8b4509,paper_8af94154beb2a5df2697
T2_NUMERIC,3678,2363,sfti_1adbbe31fe1e3d54fbfd6049,cand_44f57713e1c415837774f1b0,paper_4c2d2f3557f22a5addf1
T2_NUMERIC,3678,2364,sfti_8e999bc74051ba93dd78adec,cand_c54b48d2b496be126fa43d33,paper_717c27ed0f4ae381c164
T2_NUMERIC,3678,2365,sfti_5953bdfe9fc81f19549d1517,cand_4108f5e3ffd9610263144b79,paper_1718c709beef596baf15
T2_NUMERIC,3678,2366,sfti_1393ed9c0962b4eb1e0146b7,cand_6894399f0eaa3a592e062453,paper_cd2731529183196f2bcf
T2_NUMERIC,3678,2367,sfti_2c75b75aecbfc6d773e34907,cand_c7547602f0e9e3526260243b,paper_ffd162dab133003ee535
T2_NUMERIC,3678,2368,sfti_6857b2ccc2b0aeffd370990a,cand_5c3c6e805e924c87e2061b8f,paper_b4a526f4cf31b7731a13
T2_NUMERIC,3678,2369,sfti_b0fbdc031a09bdaf65ffd23d,cand_29dbbe56a7ccdc6dca20e30c,paper_e3d8928cee28521c5c57
T2_NUMERIC,3678,2370,sfti_d4de0ea24fc3b5630dabfaa2,cand_ca62ae72a36b599856a7c16b,paper_e1a4e627071aff86f5e1
T2_NUMERIC,3678,2371,sfti_22b1e5fb169bb078b30a97c7,cand_8571c6cfe74ddef71b3e0543,paper_a4bb65c2fe1a69894fbe
T2_NUMERIC,3678,2372,sfti_32d3ec94867c1c9b83c20b49,cand_ece015590f73fd3e77bfe7b3,paper_562f4943c6e8b3a8d804
T2_NUMERIC,3678,2373,sfti_79a77473888925e8a1e99576,cand_b3d87aff462d436f246732a7,paper_f0583650cca2040db9aa
T2_NUMERIC,3678,2374,sfti_a4be3fbbdc57d05f6772831d,cand_340826050cceabdb959a54cc,paper_0bdee45a81a51102cccb
T2_NUMERIC,3678,2375,sfti_c3a4b552f99cd74f7ebfc066,cand_a2b5413fcdb839829260630d,paper_dae165a535b6dc4f98ae
T2_NUMERIC,3678,2376,sfti_9a72a1f7d080d4d75e4c6811,cand_b949c8604b882e12190a893c,paper_c9076bad50255c56eada
T2_NUMERIC,3678,2377,sfti_76963dc05dfe83eebd4a1898,cand_dec4d063df90ca72f8b4a061,paper_d3701df2622169ea49d6
T2_NUMERIC,3678,2378,sfti_6c74ad39d94ffccfbfff7f47,cand_5c92b774ca1f7b6981a7f26b,paper_e64e81499208b440427e
T2_NUMERIC,3678,2379,sfti_73e5d431d3ad3302f9c7e808,cand_310122d2bc2aa6c33a353fe2,paper_06f28f494ab4fc8cbfaf
T2_NUMERIC,3678,2380,sfti_78ca9767ad9396815637954f,cand_39d41b73e542e8ddf0d8f8f2,paper_9b42a9d51098cee184ff
T2_NUMERIC,3678,2381,sfti_d619d315cafc646d377799ee,cand_81a534e8efc2d750212f2f53,paper_d1b552e814f2835253c4
T2_NUMERIC,3678,2382,sfti_d9fc4ef9f5e0a80a91b5edcc,cand_2e9bb7c19b3ce0aa9d7e4806,paper_ebf04dca48b284656891
T2_NUMERIC,3678,2383,sfti_a731fd6f913c3c9ef5346ecd,cand_f28ad1c8e114f388640d2944,paper_cc9ed1f379259d9c2e94
T2_NUMERIC,3678,2384,sfti_f68bcdd8b58c71c1b3555d47,cand_be2292cf43dde674e2b71a89,paper_e2e0c362cc5cf9a852af
T2_NUMERIC,3678,2385,sfti_34e3cfa5ead1971dfc0ac8bd,cand_0a95ddc07f3fc4c2216d604c,paper_f378b66070e11c3c934c
T2_NUMERIC,3678,2386,sfti_909e5558f145fafcdd1b6743,cand_455ceab56b36c7a81369395c,paper_32588ab02863572afb45
T2_NUMERIC,3678,2387,sfti_97ca6f79830ef4312710cba9,cand_9d6a33f864f9a7835a9c0531,paper_254433e21b7170b6b83a
T2_NUMERIC,3678,2388,sfti_2411a9f9c533fd734b51ef9b,cand_e12122b74e2e7c9abeb5b772,paper_5b949d20881bc4e7c88c
T2_NUMERIC,3678,2389,sfti_acb8a5ac008ed7cdb17edb08,cand_fdb5124a8f39d3f14a513442,paper_e8f10ce67050b81e5490
T2_NUMERIC,3678,2390,sfti_50a638260cfbfee5f6834d49,cand_0559dc7d6db90c9939a426eb,paper_f07c5b93cfd2ea6a70f0
T2_NUMERIC,3678,2391,sfti_a0263db729a5c97385745b6b,cand_968a63de02f41965b2c2f7a6,paper_04e03066f4102df0b9bd
T2_NUMERIC,3678,2392,sfti_a86d530d411ae45e4b08abec,cand_1c98a4c9edf828cf6e83b33a,paper_0e2dd7108794ac9b6f39
T2_NUMERIC,3678,2393,sfti_6c10531ff95dad30f2c6d60c,cand_4cc64959afa0db72f456b2fe,paper_d8dac68269c10d6d1dde
T2_NUMERIC,3678,2394,sfti_084cbab9f18cef8d4d1cca1d,cand_2b98b701bcfbb0cf678aa283,paper_47cebef9e3b773142526
T2_NUMERIC,3678,2395,sfti_3cc07cb2984f5bb174638e51,cand_ade82926a0bdef093b9d76ce,paper_3f61f4ceb06e5ae14844
T2_NUMERIC,3678,2396,sfti_deb396d96b183f0f055b15c7,cand_543c61cee267fdd8014d8353,paper_107db4c949cb026c7265
T2_NUMERIC,3678,2397,sfti_ac42c6a861645368be398e0e,cand_65b3edf6a681985ddf5dbb91,paper_99b91e4391be449bdb00
T2_NUMERIC,3678,2398,sfti_44004b54582c6a0e3a72f20d,cand_987d5942a4b7d937a5de65b3,paper_95388a63f2873845bd78
T2_NUMERIC,3678,2399,sfti_d1d48fc51388c4e458492d47,cand_4f1a892cc89a45b0e062b6ee,paper_30af98fd045e6e063607
T2_NUMERIC,3678,2400,sfti_01259d309d2febb0554b36fd,cand_f0fae026e291990f35db34a0,paper_b35bae27d796b009e0df
T2_NUMERIC,3678,2401,sfti_ab643be6066df055eae8bdd1,cand_0aa21b7b4b6bd8a1dcf43232,paper_04e78ff55c7a3c70cd95
T2_NUMERIC,3678,2402,sfti_1dd6206b5ae2a26461f53753,cand_01ac9874aaac07cc9bd01077,paper_711883789f83c2f2a3b5
T2_NUMERIC,3678,2403,sfti_9f22e1c800968195402b274d,cand_ebd2de84bb92aa8ef2bbf3c7,paper_e5c1d63c115e58cfb9fd
T2_NUMERIC,3678,2404,sfti_88295336ea76c4a198e1fe32,cand_dad9e087433823edfaee955d,paper_99b1113a442b4f68d2be
T2_NUMERIC,3678,2405,sfti_c219db2e919de9d1c75e0ec2,cand_b06626e8351d627fd0f181c7,paper_62b3091e260a0767cfbd
T2_NUMERIC,3678,2406,sfti_3265b25cbf45f9a87db170d5,cand_aa5da93316dbe600be062183,paper_3fc5ad888280021a152a
T2_NUMERIC,3678,2407,sfti_dca886ea8256a9db58f4a680,cand_e739dc2bf83cda9ea1af87d5,paper_11d4bce0bb41d66468ff
T2_NUMERIC,3678,2408,sfti_38dac6ab93af92d293869c39,cand_3420b132b5ba25d190de5f6e,paper_86eceedcfd0d5b078898
T2_NUMERIC,3678,2409,sfti_110a465fb8459a2fe49aae91,cand_40d71fc9fc378be28c8ceedd,paper_32c0694947af1a320e1a
T2_NUMERIC,3678,2410,sfti_f23939ff2af4e819f9664162,cand_0a17fb462ce3fef5270128a8,paper_583ba179ad1bd014f19f
T2_NUMERIC,3678,2411,sfti_cecc6c84d44f7916e96938a3,cand_72e5357da9300d351acc4740,paper_3385b1bb39a8e7617d18
T2_NUMERIC,3678,2412,sfti_9aadcd29cd4bde44ca7ffc6a,cand_0b8878e3be1dea1ca7a6ee59,paper_2e5b0db9629fafc6d581
T2_NUMERIC,3678,2413,sfti_be3c8be728e1ebbb5574a616,cand_f7f8dfc154ffbeab121cc585,paper_8895ea6c90c08e015ed4
T2_NUMERIC,3678,2414,sfti_b5189f2e22cd268b62d4d3e2,cand_7b7f756e4a587aa6abce77eb,paper_eadbe456d02d8029883b
T2_NUMERIC,3678,2415,sfti_9d94e1f8101bb6480e7a5cde,cand_588406505a52eeaeca3dd061,paper_4fed03efeda4fa16bd81
T2_NUMERIC,3678,2416,sfti_2a87af3cc6acc6785b532b9a,cand_452658eef745394174068d42,paper_d94c17d2124c8f2c2769
T2_NUMERIC,3678,2417,sfti_2722fa72ab3345ac9d180393,cand_ae715834eda7fa3a17c4463e,paper_ea4267fba8d94a8c033c
T2_NUMERIC,3678,2418,sfti_51f0df95e4ab96efbd8b9bc7,cand_1097a667455385acd56423f8,paper_4a9d2bbe23f05d0a76c1
T2_NUMERIC,3678,2419,sfti_d9ceed6e268bc2a4cf2ea47d,cand_36031c568ab4c4086721879d,paper_b3552b6fdbe0b7700b37
T2_NUMERIC,3678,2420,sfti_f7a95e358dd05b8106a0a9bc,cand_500864a3c805073865a10722,paper_80d6bc43930afa567587
T2_NUMERIC,3678,2421,sfti_dc218aaf44a0b3c6186974bd,cand_145a590810ae5a5c463ee947,paper_14587ed0f5bdfc1a50ee
T2_NUMERIC,3678,2422,sfti_35efffd95758da732b250c79,cand_2597a6b7aad5556882020636,paper_1fd71bfc1f86f56c22a7
T2_NUMERIC,3678,2423,sfti_520bc9f3294a1150af1fc8aa,cand_01e65b1da1a3d9960a7adcdc,paper_bd62057c7302a0ba18e9
T2_NUMERIC,3678,2424,sfti_a2a72288cb49a45212395a68,cand_d44efd2689564b5b15103cb3,paper_494fced5d2e7467e1403
T2_NUMERIC,3678,2425,sfti_23d02c45581238027c9a17cd,cand_3f9dec32dd3576bef4d5b323,paper_3ad4c97acce29985ea25
T2_NUMERIC,3678,2426,sfti_615f8f4542d72c36c985063d,cand_247d3ffb501e4f1e304d9bb1,paper_df2d25df8f7320c47544
T2_NUMERIC,3678,2427,sfti_ba0f126960cc6ca35014f720,cand_21a14ee7d1115a94ae32257a,paper_ce666477947bde040935
T2_NUMERIC,3678,2428,sfti_70bb4fb4a5d7523458e719d5,cand_16b85b71508807495e56b631,paper_1220f0e0209b9579f4d9
T2_NUMERIC,3678,2429,sfti_bd7dc8148c8874b5a8057779,cand_ef705e0b52afb98af2734d80,paper_76a1c8f58debef0e3cb6
T2_NUMERIC,3678,2430,sfti_7f2c74054c4c81e0c0a997b9,cand_2ca5ce172fee4ac61d320baa,paper_9280239db1e4821bc6e9
T2_NUMERIC,3678,2431,sfti_5dc1bb83142bc6a9bda0cc7c,cand_3f8dacd252ead26cd7de8f67,paper_b33dff89ce500841ced0
T2_NUMERIC,3678,2432,sfti_cb84fce250ef016151f2b469,cand_c4d4eea1d06ee68cdc2a5533,paper_7ee211be810b2ec4f105
T2_NUMERIC,3678,2433,sfti_df885b2c76c7316c8d74c3dd,cand_e809e5e6541321551562c2cf,paper_c72db62816eabd2bd52f
T2_NUMERIC,3678,2434,sfti_ae7ee303e726573bff1aac0e,cand_4b99cb5b04f3cd574e02eefa,paper_8dfa0b3f4e18b1fd10c2
T2_NUMERIC,3678,2435,sfti_ec3060ee1e41362d95aaaf24,cand_1aff949343c6ac8ff25305b5,paper_547d4afb8af58742f7f5
T2_NUMERIC,3678,2436,sfti_58c2cf85312f14dd7fad9859,cand_75b1969df9b3afb7ddd55949,paper_5fc6abfc5851266a7bb2
T2_NUMERIC,3678,2437,sfti_5711fea930e7c5d783b32b70,cand_4e17eb98e02b1bc0d59c1d22,paper_fc464ca90bc204fb4fb9
T2_NUMERIC,3678,2438,sfti_81f9f9a34b9b728464f275fa,cand_5f9383c41a58afc61b930a70,paper_dfa4c04d49179c51031d
T2_NUMERIC,3678,2439,sfti_f6afd7a9f0e6fbc9419c2417,cand_73e1423f4e1fa58a21a64d1a,paper_4ad3f9a094b434800a09
T2_NUMERIC,3678,2440,sfti_6b5c83a14d27e3f0aa1cf501,cand_0d57de7e76f886585fdbb6b3,paper_1e45d661065122156bca
T2_NUMERIC,3678,2441,sfti_7df251d10177396fda1790eb,cand_c9d2971a51dc2a028d191bd9,paper_9698880edb2f1fbb0716
T2_NUMERIC,3678,2442,sfti_fc89ae79d136ee3d7679843d,cand_59d58946d92c1424f12baa11,paper_9fd0e80083842c681e91
T2_NUMERIC,3678,2443,sfti_e5e602ca7a3a7477cbf0b13a,cand_cb44aeeb2f4006292541dd3a,paper_39e9d11387f6c55d1652
T2_NUMERIC,3678,2444,sfti_4781371eb4101137e41c4c1b,cand_6d3a434918f1d56d90a07b3b,paper_470a19bc15b33b925872
T2_NUMERIC,3678,2445,sfti_92618ae9b4847732b176c85d,cand_9606b2f716a40661677a4f03,paper_2235d89eca48310afdec
T2_NUMERIC,3678,2446,sfti_0e7cc5d0030a025805b9fca6,cand_dec71139489026029ac7ec0c,paper_b6b0623f2398930e5f5f
T2_NUMERIC,3678,2447,sfti_2d16860a6274d4207eb9e084,cand_d77c52341b75b80cfdd56066,paper_e0bc38afddebf5979ec5
T2_NUMERIC,3678,2448,sfti_ba93be691b22232428e6099d,cand_4a251f3319064e3f4f71f3fe,paper_46b8f27edf61a5ba6af1
T2_NUMERIC,3678,2449,sfti_25a209834b11d97465feaf05,cand_583c7dc2611e3f79c032cd4c,paper_1c6f05ec20958b581f16
T2_NUMERIC,3678,2450,sfti_5b36f903b9acb605bbac20e5,cand_bcf34f5ea2b9771b8b65d03c,paper_dfbade9b3fbcc17ffa87
T2_NUMERIC,3678,2451,sfti_8c332ee5bec45dd73890038e,cand_356e0d83181d3cfa534b67bb,paper_a35f33cae0d6e49f66ae
T2_NUMERIC,3678,2452,sfti_e21fb6558c43ac7093ae3f45,cand_00044589d99439f1c312cefe,paper_1fb34ecfd11bbe4cedc9
T2_NUMERIC,3678,2453,sfti_d447094b9389577c22597696,cand_0ae38927eb8d36e6b2f01d93,paper_5de9ab0019c634acc05d
T2_NUMERIC,3678,2454,sfti_4acd165bc2f56aaff6edd42f,cand_6a6fc822febee35b07d2abc6,paper_db02ad53b325ae25d0b4
T2_NUMERIC,3678,2455,sfti_05c95e723baf93af6322b658,cand_ec6207d21d6abfc287a27f91,paper_dffdbee00caf5a312878
T2_NUMERIC,3678,2456,sfti_34bd44b882d48f27f8cf2c4a,cand_adb9996e350eedba56c748b6,paper_1c8a84b0f4b0a4180368
T2_NUMERIC,3678,2457,sfti_ce68fc627cc22729f0a8a1e7,cand_5bffabeabd963c9a846cf6f0,paper_92f7aa793df6f3d49324
T2_NUMERIC,3678,2458,sfti_6d29a77ca5917bf0ab95ef59,cand_a8f7fd29fb909f87fc82cc96,paper_edf2526887b73f01404b
T2_NUMERIC,3678,2459,sfti_514a3ca369b66d0aa12404eb,cand_2ba82a76df1f571a72adf7ca,paper_d5335a0a272e74fabf30
T2_NUMERIC,3678,2460,sfti_19ee595d1f958ae82ce0451d,cand_ec99423a92ef687d23c39b8f,paper_8f30d3737dcb9bbdb72f
T2_NUMERIC,3678,2461,sfti_6dc6e0f51995268ba46f14ac,cand_100ca76a19e15a4d225ccea7,paper_2fa4ade2a3d21eee9f61
T2_NUMERIC,3678,2462,sfti_ff9f8d86d6362b7ae96a77ff,cand_c095627cff498c9569ef8146,paper_260c6937e35e1e5ecb8a
T2_NUMERIC,3678,2463,sfti_b241d28d04ab909873a4d48a,cand_f4ea2ec51d6e93861515fe5c,paper_1326e03962da71949e0e
T2_NUMERIC,3678,2464,sfti_daec1f7360de2e30fbc4c1f6,cand_327f296fcd7f3f8640ef56c7,paper_8614d958b1fd56258652
T2_NUMERIC,3678,2465,sfti_42aac23d8614a01f164d2fd4,cand_acca5abdcda14d4cdebd5e0b,paper_3d0a6d6a13c05010a8e5
T2_NUMERIC,3678,2466,sfti_3c8b3c3fb29e887c61777984,cand_7603de4e82ed45b62ed43070,paper_276e2d9ca1173f526ae1
T2_NUMERIC,3678,2467,sfti_029566af0c7434a69ca8b933,cand_4cb461dcbbf7efe721f9ba56,paper_cccf0a5d801b597f89a2
T2_NUMERIC,3678,2468,sfti_a99aa59004cfe790a70d6d5b,cand_f4f65196f7988041cd0ba37e,paper_344dbfc5c5b168e02b55
T2_NUMERIC,3678,2469,sfti_baa6d6334a80c329540f5196,cand_2cb467a722a1e670e4850b87,paper_7282fd8c3a5c3092dc85
T2_NUMERIC,3678,2470,sfti_1f7aa38ed275cca182b40380,cand_243da6e976144fe0c4bceb87,paper_8dc5c333e1321b1487f5
T2_NUMERIC,3678,2471,sfti_73ab2f06d272519b8695c0c1,cand_c9f5827fe0899dd91c8299f4,paper_9a0a6ddc3ec36d638255
T2_NUMERIC,3678,2472,sfti_9ff223bf20b3ac93d37459a1,cand_00a8bae5f4d7e242e39e6689,paper_36d7325ec81a4ba108e6
T2_NUMERIC,3678,2473,sfti_aabf25c39debe3ad1abb903c,cand_769f1ad20337a478ea7776f0,paper_94655eefd46272d6c61d
T2_NUMERIC,3678,2474,sfti_4c365abe8914db1def1ade51,cand_5ea5ffa96f7e21a3d3c1ea12,paper_12212fa165cdc8f748f1
T2_NUMERIC,3678,2475,sfti_1db64a6fa37a6649e3e1d786,cand_ed79355273331acac115f84d,paper_ec8873bb62d0b10bc6b8
T2_NUMERIC,3678,2476,sfti_e7c9a17cb739671825098902,cand_9744436f4d6aa3b61c2a5c8b,paper_290f6096e9f482df0c66
T2_NUMERIC,3678,2477,sfti_2730d8549f5837273577d59d,cand_37ac3fa84d2cae4a87b687c8,paper_7c9969be007d847e2a5b
T2_NUMERIC,3678,2478,sfti_bdecf04dbad6b024d7a41d10,cand_fb5f748a7ccb0f97c78c76b1,paper_c84f83ae2a94c240da67
T2_NUMERIC,3678,2479,sfti_69ef51eda60410fd5a579b31,cand_7a8d87e6ba15812862000922,paper_92492c1b36f84428b0a0
T2_NUMERIC,3678,2480,sfti_ee8d423f789cfff86a9d3adf,cand_5129861fa38622e1a5e75443,paper_c677e24671caa0fb90fb
T2_NUMERIC,3678,2481,sfti_280aaba2057413706e46e985,cand_9130d99c2e9fb2eb13f7fdf9,paper_513c448af01021af98d8
T2_NUMERIC,3678,2482,sfti_acd6f3aa262aaea525ac0bc3,cand_07cc96cc56e02d1313eb1ca9,paper_5c211132f97e75987828
T2_NUMERIC,3678,2483,sfti_3994868644ad6757dc769912,cand_bed6f8ff644673db119c4d57,paper_fd19685206cd80b2e8af
T2_NUMERIC,3678,2484,sfti_e63ac191cdc0d2654d776eff,cand_341836f6161117efb6c9f1c9,paper_5e7136f9fee556336842
T2_NUMERIC,3678,2485,sfti_8cf759cc740538b4e95c6820,cand_4c5582650ea22fa0b31347c5,paper_229253424b5d6f2ab1ff
T2_NUMERIC,3678,2486,sfti_6ae769391202febeb1bbdfdb,cand_f843bddf5153b8ab3759b512,paper_ddc1627042a99d4c0665
T2_NUMERIC,3678,2487,sfti_e659670f15e4b0ce492e056e,cand_6147e31009cd21dcb0957f7d,paper_d4237e6fab9b882ccc6a
T2_NUMERIC,3678,2488,sfti_933b399d82238c4cf5b48221,cand_9d56dcdc70f790f755e838d1,paper_e50e8b978761f11e5df6
T2_NUMERIC,3678,2489,sfti_f54bdc40e7dbd361bdd73f6e,cand_2968f72ac00c5da859109abc,paper_5dba6c69f7a50cc6e42d
T2_NUMERIC,3678,2490,sfti_8f2dd4917577115a47847340,cand_b2eb96d44ad6d619ae7fa118,paper_caa94e78df759c34426a
T2_NUMERIC,3678,2491,sfti_a8c195a1a1bd3788dc1637d3,cand_10998f9aee7c21ce4eb6c9b3,paper_f2ac582ab2137c281989
T2_NUMERIC,3678,2492,sfti_03efefc54f64c33d5b9a04b6,cand_41ffbd4639e15f4d08f29015,paper_824b40fcf4f4c73b8a38
T2_NUMERIC,3678,2493,sfti_a55f97f0d3176a367d648773,cand_1ff83a7b2b62d6e63af1fc5a,paper_78521781d2e91d1e798b
T2_NUMERIC,3678,2494,sfti_d9039ee98acb4e5826ab2a45,cand_188c9276b555fea8c1147ca0,paper_b1137dddd2d1c3041dd4
T2_NUMERIC,3678,2495,sfti_683748304e1b311e7f05463a,cand_d634bd86f74d4417bd61d60e,paper_b4dd9247e6ebd7246d8d
T2_NUMERIC,3678,2496,sfti_1cda4e4b9e81c0c9f09400d0,cand_e49d3799951c2cfd365f3b6a,paper_24876507fe1792361408
T2_NUMERIC,3678,2497,sfti_f52f0f9af22509a381a17198,cand_83ee4ab4942e834305266e52,paper_92de99770ad153511885
T2_NUMERIC,3678,2498,sfti_ea730e3bf28aaf64b25bff7c,cand_7bb909baf85566ef7634a325,paper_2e5c90bb6a9fbde934cc
T2_NUMERIC,3678,2499,sfti_780ad9cf7f6f82dbfb7dd74c,cand_c6a27013573af143f028fe5b,paper_dc40c15f69551a6bf4e6
T2_NUMERIC,3678,2500,sfti_4f42f1b900e4c808cb0310c0,cand_781731c16a9c0b6584bbecc3,paper_bea3698e1259b05a513f
T2_NUMERIC,3678,2501,sfti_042b99b57e70374f3ea92439,cand_81bc9aeabe90d3c09012335c,paper_011ae5a30c23e38fafea
T2_NUMERIC,3678,2502,sfti_11b5a96b82e53a5ee3b8e69c,cand_4b7a1222b825a123a4b2d120,paper_a9b8593ef4f77277f3a8
T2_NUMERIC,3678,2503,sfti_cdb3d0d3fe7a46f56bc5eff5,cand_0055ac21a3203631081e8775,paper_4ae8c8128bb1559d140b
T2_NUMERIC,3678,2504,sfti_62a2281a9e60bb8fda200b26,cand_eebb4ffc57c2286687096351,paper_8f19b4cda93b876f475f
T2_NUMERIC,3678,2505,sfti_32733338920bad32f94a34ac,cand_b2e447f7c7564fd927e5fd1a,paper_2f0372a1092eda59e322
T2_NUMERIC,3678,2506,sfti_cc607e440244c22e9e6851ae,cand_374e084f6c8e8e866ddf34dc,paper_506cd366d7f23427e5d4
T2_NUMERIC,3678,2507,sfti_a6537efbd156086952f39997,cand_012495859c3216c76206bdd1,paper_e61f93a45b9dbd4173bb
T2_NUMERIC,3678,2508,sfti_07c8c44d80088cd330fa8183,cand_c67a7b6b9ff3675024c7a9f5,paper_734689d9ad881e3f05c6
T2_NUMERIC,3678,2509,sfti_77e03505adcb41af37ba862d,cand_a5b144d8a9055b8690a7486d,paper_102cf81837ebd8524603
T2_NUMERIC,3678,2510,sfti_9112fd8f64c8d32c08de3578,cand_3934fdab48db09315d7f89b0,paper_d26912d416d0efef20b2
T2_NUMERIC,3678,2511,sfti_5bae9449b6f8dd50b7cb5154,cand_ebb002b9afa9fe71fe879326,paper_d233e8cdb8ca793ee1b6
T2_NUMERIC,3678,2512,sfti_d4c96d2477368bdf74458351,cand_dbe3a4c97057c1e1decea4e8,paper_ced030a0b27c5b68fa5f
T2_NUMERIC,3678,2513,sfti_e8182d7f0feb469bc31edff2,cand_e52d68f4c7c9d48bfa73ce4f,paper_31b1f115b8cc596da7d4
T2_NUMERIC,3678,2514,sfti_16999dd35cd4285b66a1c541,cand_f756fa62778da7f85d51a528,paper_838f47356ba40564b3ac
T2_NUMERIC,3678,2515,sfti_b5503dcbd049b631bc52e0fc,cand_5842fd052be05052898411fd,paper_098454894ffb6b617c9d
T2_NUMERIC,3678,2516,sfti_d78546e75623c4fd700d788d,cand_9d6fa9ab6ce2e2863ac9ccbc,paper_6659f90299fc568992d1
T2_NUMERIC,3678,2517,sfti_18548b93aefd7a3aa8b6e941,cand_e99e8ca868dbba7f18aeddd3,paper_7d92fa5aee2c2b1e19aa
T2_NUMERIC,3678,2518,sfti_7c6b509527dec6d040f7dd74,cand_21d427e808f5f7b093d43f97,paper_8fffa7755c947f926f25
T2_NUMERIC,3678,2519,sfti_1267e84c2c72f0128a34cd7c,cand_e739577756a672f0027fd1fe,paper_b23e7df70840f64e1fa6
T2_NUMERIC,3678,2520,sfti_705176ecc3dbb871c458e636,cand_34b75f697f6912a3f432616f,paper_47eb55cbd779efa686da
T2_NUMERIC,3678,2521,sfti_7b55a2f33ec8cc4072505044,cand_686c5ef26c5bb889d5b23668,paper_0e732bca591d02f4edb1
T2_NUMERIC,3678,2522,sfti_f92f3e15afaebc0aa9715c94,cand_34a5de6be0bdb651fc09dc34,paper_d873ca85f16991a1f582
T2_NUMERIC,3678,2523,sfti_53292ddaec6494850d1e8c39,cand_d596060577d017a4a17386c8,paper_96607ca46d3489528d72
T2_NUMERIC,3678,2524,sfti_1c954683eeccc43594719067,cand_22cf7c62020fa1a9a208ca66,paper_3221ea8e544091c11728
T2_NUMERIC,3678,2525,sfti_484e1f7151e0d1e685ab5639,cand_a87cc4c46a7fb7b888857758,paper_d1323c3c9ab5baa345f5
T2_NUMERIC,3678,2526,sfti_cea3577e0e73369574e738d7,cand_bb6a6103836a4eb4745ca96e,paper_7cf2bb984eaacaed8b12
T2_NUMERIC,3678,2527,sfti_0d7024aef67dbe0e620081c8,cand_b22a1efc1c4121dd65f8dc88,paper_3bdb77b817ab0e39e5e3
T2_NUMERIC,3678,2528,sfti_e26a63cdfd4e3098a0abf3cb,cand_f75b68ceb7b19f2fde62a83e,paper_955110ae6783fdfb11b5
T2_NUMERIC,3678,2529,sfti_693fc074e16dc412775b2723,cand_13ded6f978adcdf76ac33e00,paper_fc1bbdf085b09de0eda2
T2_NUMERIC,3678,2530,sfti_5fb1f5b7b51f65028117f32a,cand_80c9004abfffb245fb479460,paper_00c54464ef9a21d1e80e
T2_NUMERIC,3678,2531,sfti_4b5e83b80197135fd2a0bb8d,cand_8d9ad44a1a5f683cda12b913,paper_1d07631f1981f7bc5e0c
T2_NUMERIC,3678,2532,sfti_ff1a0f63bbf6ca2d21bfa9e6,cand_8b3ef8388021d84146349eb8,paper_e1a9ba013944aad3196e
T2_NUMERIC,3678,2533,sfti_9b87bf008b4730fd545f41a0,cand_3f053274f477127f3d5b774e,paper_7cab5ff6b0a1500077e4
T2_NUMERIC,3678,2534,sfti_596aa476df4039afd8402b5a,cand_ea1ac749ec41f51d186c9f2f,paper_da0ac833f07a1de644ea
T2_NUMERIC,3678,2535,sfti_35833b32db2011b8924cca88,cand_bb30dd23bc314c8a217b81c4,paper_055c30f255961e07a80e
T2_NUMERIC,3678,2536,sfti_5908c282332ad6513b8caba0,cand_352db05f6a739d2136e993d2,paper_4ffc5b48048d021e1815
T2_NUMERIC,3678,2537,sfti_ccb42542b848d342b51da45e,cand_9f6d64a3d61701507e4df782,paper_de0186321a16af47ce1d
T2_NUMERIC,3678,2538,sfti_867d921851cff9d49f145015,cand_dc0966b7f28b603a432b27f1,paper_59d14f7f5c168de48683
T2_NUMERIC,3678,2539,sfti_b536886cac646beb6963801d,cand_ce1a0c3e036e426a91ec270e,paper_e52784c744c30f66d9a7
T2_NUMERIC,3678,2540,sfti_70736be5b904815d329f11db,cand_b66937c710b339b02d06688d,paper_257eb54fddd85f451139
T2_NUMERIC,3678,2541,sfti_28c046597e075c76648a29de,cand_70bdab7bdcd716530df74996,paper_338315c4ce05cecd82c8
T2_NUMERIC,3678,2542,sfti_0fe2f3d34deb7531f83c36c5,cand_a1eac11b2dfaf52549ac157b,paper_ed68ec856c007b57b392
T2_NUMERIC,3678,2543,sfti_810763117c3dceab5c6584d1,cand_0a4b3008955f1a4efb0ef7c7,paper_4caad60a26ac6522fd27
T2_NUMERIC,3678,2544,sfti_36145cdd286b08c44a681b36,cand_353d64508414607110b98ce9,paper_3a9f6563580de478d046
T2_NUMERIC,3678,2545,sfti_54083eda47b12f565c65c082,cand_b981a8e28299af5e56a2a1cf,paper_dd66853710e061bf1743
T2_NUMERIC,3678,2546,sfti_92431970ffb3b2012dcc4a65,cand_f67f4c1ac9dbe4f63d1b541f,paper_420a7c4a1beacd06e82f
T2_NUMERIC,3678,2547,sfti_8f08ab7c71ff2504e18a0dc2,cand_2abf209212ebaddc064c8928,paper_c69af6ceb73b04c2959b
T2_NUMERIC,3678,2548,sfti_6e3a2085529b11e9c14b2805,cand_909d436add08cd242bab74fd,paper_1af66e18c3f897d2957f
T2_NUMERIC,3678,2549,sfti_fa900b190beaf0a548240cea,cand_facbc7c3143f98d0deba13f2,paper_48bccddb5fea3ee0728e
T2_NUMERIC,3678,2550,sfti_99f033d5561d79f720598012,cand_e310c53c1738d1f4b92c3cb2,paper_d29d84f63443160ab720
T2_NUMERIC,3678,2551,sfti_9a839a2083ecccfd6c25330b,cand_7ac114b4e351538079b375df,paper_80b3fa91e229a224aefe
T2_NUMERIC,3678,2552,sfti_d12386c8e414dcb243edae5a,cand_01482394ed72603171ccb1d0,paper_80a68f160df4694a78e4
T2_NUMERIC,3678,2553,sfti_1ec11489c773e042b6f1ffb1,cand_2faf62f462e3048492388a48,paper_d2eac0088861f06e06e3
T2_NUMERIC,3678,2554,sfti_976939b3d39f40489c0128bf,cand_71e21f0ea2adac61d70cc15b,paper_59c8c60a6758aa8e98da
T2_NUMERIC,3678,2555,sfti_20b7ebc025e18098b51f6dbf,cand_0f1061b32c3e41fab3f7a4f8,paper_d87f93dd56fb1098ebcb
T2_NUMERIC,3678,2556,sfti_234c69383bb8dbc8e4281556,cand_b71ef5ca3e33b7a8ab30a09f,paper_271e6a432146914f930d
T2_NUMERIC,3678,2557,sfti_07981c2eec52794792b6948a,cand_0f8ab5ffbdae89148149bb95,paper_68b682c64bdfa515c2d5
T2_NUMERIC,3678,2558,sfti_0bc2a47f4a69bca0fcdf4708,cand_38dc28ff2e3f29f84b413d99,paper_cebee2fe81ebbe1a3c48
T2_NUMERIC,3678,2559,sfti_310c26ca96a08cddd1ef3ea8,cand_cbdc06616d217a83c680cbaa,paper_713279ab4825df51d201
T2_NUMERIC,3678,2560,sfti_fad7de48d38d3b655c24e023,cand_3632fd772e3c52b8bd43fe84,paper_f0e786cb7abc6bd38852
T2_NUMERIC,3678,2561,sfti_b8d50709d81493cb8ce43b4b,cand_2858fae288cc5514e0cd1ae5,paper_900fb6d9761c5ddee474
T2_NUMERIC,3678,2562,sfti_1739002e3fc8233207aaae1d,cand_fe43593247133f76cb31fdab,paper_663c9861204cefb16aa6
T2_NUMERIC,3678,2563,sfti_9102878a7c6a5dfe74f78ccd,cand_199f8be6c2cfbc9ab4e625b2,paper_f2732436a0eceaabb00c
T2_NUMERIC,3678,2564,sfti_957d03ecba539b840693407c,cand_4cdcf59c366aca6bf291386f,paper_826b9125b26490b92083
T2_NUMERIC,3678,2565,sfti_adc57f50429ff148e5c0d31f,cand_8ff01908bb896f9cac81b96d,paper_64b04c99ea635be83301
T2_NUMERIC,3678,2566,sfti_f956b3f5a4ebfa8519e2a112,cand_7c800db9e71aed305e6bf3ee,paper_d4cafb54afe17e7fa6d9
T2_NUMERIC,3678,2567,sfti_d38f1118ee9c1778faba56a2,cand_2902daec5275f81c870529db,paper_98b22e436f52b6233975
T2_NUMERIC,3678,2568,sfti_03b3098a09640a2e5baa0e38,cand_96d1075e731a9cd67409e67b,paper_df08dd2519074eefbb90
T2_NUMERIC,3678,2569,sfti_2f777b49d28807888228a0f7,cand_260e51924fe0bde2bf8d7f22,paper_fd9edcf09c6f7a17bc27
T2_NUMERIC,3678,2570,sfti_6693afd44fcbaae3def0cc90,cand_1fa78daddfd54bc36197df00,paper_a8f5bd84ab7ed289a528
T2_NUMERIC,3678,2571,sfti_08e995c05a02879d74fc3a74,cand_f3ff8550ac50592c546bc879,paper_52e45ae625e87cb51855
T2_NUMERIC,3678,2572,sfti_267621d649a006ae0583744a,cand_b8b3865c9816ad75a9112445,paper_b8fdab800af4bb90c853
T2_NUMERIC,3678,2573,sfti_6a919d97123ca727c1363622,cand_96ec7c21c499efb10328e138,paper_847d39d827c9790807e8
T2_NUMERIC,3678,2574,sfti_863e67bad68e6d1308face8d,cand_2fef3c2709142b022d7a0b48,paper_86eeefc59d1e191de737
T2_NUMERIC,3678,2575,sfti_f4ec6b160669a2d4368492ac,cand_3ee0702b8ed880e34ba269bb,paper_f6b2ad2555ee467dd60b
T2_NUMERIC,3678,2576,sfti_d21d21d7d6e28b399ecf5eaf,cand_c78207bc7adf695343b6fa74,paper_3c08cf90b3f2d280f2f3
T2_NUMERIC,3678,2577,sfti_c9e58205e5cc9a76ad24febf,cand_81a7a4fc999c60b643444a40,paper_b36639ed4689d6f06a08
T2_NUMERIC,3678,2578,sfti_9fc4291d8b018b1aab4f5183,cand_5963b3d8322fb2d887f64d6d,paper_10391aa2210ab4785e17
T2_NUMERIC,3678,2579,sfti_b9f0b00982ae235c44756a3f,cand_6533fcf5fe1b3294674e5712,paper_193327cc5732fd3d01e5
T2_NUMERIC,3678,2580,sfti_91ae41b6be61ec13c3124f9f,cand_35f0b4b106c26926ee3e5672,paper_a51cb7e71e8b1382154c
T2_NUMERIC,3678,2581,sfti_2bdae5c6bfdbbaf4efe6648c,cand_fd36f8f1b2e13aebf2ad6225,paper_25f8891779281d552aed
T2_NUMERIC,3678,2582,sfti_6469d92caa9443780108e8b4,cand_ae9ccdaa24e9def8e80802ee,paper_5e71c72f7a5dc52b2892
T2_NUMERIC,3678,2583,sfti_980ae11332e32c97e3b9d962,cand_e54c5053209c882edaec94d8,paper_f001ee95d934e85b0f40
T2_NUMERIC,3678,2584,sfti_b01cbcdbbd4b26ade628644c,cand_b6ead4b6ddc8a9efb260d0b1,paper_896904b4e70b64dfb974
T2_NUMERIC,3678,2585,sfti_a0e00e856785357f266acdb3,cand_2016c1312147ef557c24bc5f,paper_09c4f2f626f879ade963
T2_NUMERIC,3678,2586,sfti_5acda31055133cf88420926b,cand_833e5c42357dff1ba6ab3e20,paper_5675b30f5cad570acb65
T2_NUMERIC,3678,2587,sfti_efcea0b1de0beca58f6d261d,cand_d1150d2fd6b83237d9454d19,paper_bb625ee9c2bceed76e9a
T2_NUMERIC,3678,2588,sfti_057cffbeb52a817c66b5c07e,cand_cca44d2b783f826a3e33a2c4,paper_2d26b54a49fc7f24b94d
T2_NUMERIC,3678,2589,sfti_0b2ccd35260ce376bbda781b,cand_4c40786618c962b467927011,paper_dd072c7a9a4eb901d770
T2_NUMERIC,3678,2590,sfti_ca936b1b19457db77a26a1ac,cand_368c25cfcba7aca38b105cab,paper_6c857c7f5b054f3ce2d8
T2_NUMERIC,3678,2591,sfti_b7e85365c393f634cc1d0d2b,cand_81509b8acb66b21428de67f8,paper_d50b8aede0d39091b0ee
T2_NUMERIC,3678,2592,sfti_7864414e785b424545663443,cand_1e7a977c96472fa38b99db4a,paper_87f3d7eccc9ceb06ff2f
T2_NUMERIC,3678,2593,sfti_e10c7301c533acbf5f5c0798,cand_d4b54485ec043146a1de4a8d,paper_cf903f949f015c0adc07
T2_NUMERIC,3678,2594,sfti_f84477397167bedbcd581f37,cand_35e4132de01fbfd40c67c929,paper_bf54d15a31f43b340d68
T2_NUMERIC,3678,2595,sfti_645c3ce1346ca9ed61dadb2b,cand_4491b0cb725cf24004cecf6f,paper_00c3ff30718e77e98d96
T2_NUMERIC,3678,2596,sfti_9b340adc1e648afe8b3092e8,cand_a9c0a858bf087f32077ee163,paper_681211614a0b1ba376f9
T2_NUMERIC,3678,2597,sfti_4ef8582d8c36c2cf8e105609,cand_d8715b159890be0e2e126b2c,paper_072bfbd0f8798926c557
T2_NUMERIC,3678,2598,sfti_ac897144173f4eb778ef9081,cand_60b4b2273bb643988bd47946,paper_a3dcf98fe3d5b5b73d1c
T2_NUMERIC,3678,2599,sfti_ff103ae29b0f774afa8aa51b,cand_e2ef2141257e1ebea1042343,paper_e57478bf8eb05ac918ba
T2_NUMERIC,3678,2600,sfti_b77014bbcb9835ebee58d329,cand_295e94ec1c8e37f66cafbe56,paper_16c13df8cf3bc9f0e47f
T2_NUMERIC,3678,2601,sfti_33b7c3f2859059379d35134e,cand_6167fd4771d2ca0f5134677d,paper_2b220ef4a7efc38da340
T2_NUMERIC,3678,2602,sfti_8dcfd3068d9478f15790ae7d,cand_b50895f657f641856bc213e4,paper_e072120be00c97a29167
T2_NUMERIC,3678,2603,sfti_2ac2b63a2c88abe596045763,cand_c9cb51c92933f01dad15c001,paper_a35c80746544bd19d98c
T2_NUMERIC,3678,2604,sfti_b908a15a65a128d5aa1cee89,cand_b08f253a9f1d6aeac4709f45,paper_d79077e7e2e94142e92c
T2_NUMERIC,3678,2605,sfti_ae4893a7fcd8ac0dda73683d,cand_75c3d1e50a8baf4ca4f5445f,paper_1e8373c0fc60886c7495
T2_NUMERIC,3678,2606,sfti_6736bfd385136731bc8e94b4,cand_2352ea09d96be7016b09bf86,paper_860747b92870ed8134b5
T2_NUMERIC,3678,2607,sfti_a5299d8d6691bc7106efcf37,cand_4a91b47bf6388e9f767f2321,paper_87c65faf0be682cf13b8
T2_NUMERIC,3678,2608,sfti_6d2ddaa945cbaa3977a0baad,cand_fa0291c220fdcecd68cc22de,paper_7240b6122ecd6cc368da
T2_NUMERIC,3678,2609,sfti_8673291d13351e7c3a0314b7,cand_9346323211877989c63eb0ef,paper_b153a4108133aedb208f
T2_NUMERIC,3678,2610,sfti_94c2092259edfcdd56a09918,cand_28b01982b591e97d3b77cb6a,paper_3e0d5679b83f65deebe0
T2_NUMERIC,3678,2611,sfti_e737c2d0095b42f442b3ac80,cand_41ea7ee7dbae1d91914f4032,paper_62d201305fdcd3046947
T2_NUMERIC,3678,2612,sfti_65cd381f2471563de6c339f9,cand_06a234a7f39afa090a26d51c,paper_cf6b5a4b3b503636aee2
T2_NUMERIC,3678,2613,sfti_a91af190d26c58f031fcf38d,cand_ece9b54f0b91335e261a4785,paper_fb5352011719292bb656
T2_NUMERIC,3678,2614,sfti_1085f5470d797b8104198143,cand_b3dc38950bee7bea8c018e6c,paper_406e37f76481edf543ab
T2_NUMERIC,3678,2615,sfti_f3041f27e7937f1565aef6e7,cand_8d247ef73846ebc26df89f7d,paper_1cd03f121d79a0c57f50
T2_NUMERIC,3678,2616,sfti_364216532c22a85153b820c5,cand_60f06d840c1ea16d3f85bc9c,paper_daf019871d0aa3d39b39
T2_NUMERIC,3678,2617,sfti_71e5c1230bf2e07fb43d8f77,cand_06ba30935a0dbe5d32781010,paper_7dae2f2b5c43ce9aef0e
T2_NUMERIC,3678,2618,sfti_bb9cee7a14cbc5163fbc704d,cand_e0db3551b83a39e44ed5ad2e,paper_e2410e75ea19291fc9b1
T2_NUMERIC,3678,2619,sfti_cf2500e9abfc88b0dd9e6d37,cand_8f40605d3047946ea9caba2b,paper_75d5824249e114a70cb6
T2_NUMERIC,3678,2620,sfti_12b25a2a77aef7f7334086cc,cand_363356fb4eff7545992c221f,paper_f0d2d28c36b069584342
T2_NUMERIC,3678,2621,sfti_f09f9fcf0c8b3549712aa167,cand_042d9473ca0601b11d096fe3,paper_6202a5d0ab54e3b90fed
T2_NUMERIC,3678,2622,sfti_652e0ed4800d1db99a17077f,cand_3df26a4664e129b30016c0fb,paper_aa644bb19b81f26fb841
T2_NUMERIC,3678,2623,sfti_43ff6f278304e6a032347122,cand_1affe3c8813ad84e489b395c,paper_fbed811a281c252f5a17
T2_NUMERIC,3678,2624,sfti_95b6b62574a0c817edef229a,cand_c3863e750a073507432844e3,paper_5f4d155a7e87fdbcfd57
T2_NUMERIC,3678,2625,sfti_b5b86578f520006a30272e27,cand_5e02e447f6f10cf6ec477874,paper_a7a15a187cddf7b367fc
T2_NUMERIC,3678,2626,sfti_733d819b43dea65f7d0d4d65,cand_cf1989c86d1b92fae586e38f,paper_93cdac17023edefbaae6
T2_NUMERIC,3678,2627,sfti_285c1bd424cae90ea9af4c61,cand_40b393373668817c31708c5a,paper_1d252e6c327bda31dd7e
T2_NUMERIC,3678,2628,sfti_60781b85d8e9fa84f8f47c43,cand_bcca10aa53079dc98252b4f7,paper_190df2258f3e7ef7321c
T2_NUMERIC,3678,2629,sfti_8965ee970d54e7d3e01d1d66,cand_14c4805b2ce9e59e6f858860,paper_03ff7e9def87a030b1a4
T2_NUMERIC,3678,2630,sfti_4cb043a9e49c86e87f612643,cand_09013ffe5bffbc97f9965449,paper_080ae6d04b647d7d027e
T2_NUMERIC,3678,2631,sfti_f6be2ebf95d2b43ae89613f6,cand_525219d6aeda295cb32e3234,paper_35233223488b5f7763d8
T2_NUMERIC,3678,2632,sfti_4b8b88f097a7a6ef37630ad2,cand_addc804bf75d07198310c89a,paper_6df43c48214728454930
T2_NUMERIC,3678,2633,sfti_e375f7a3774feff4aada9fa8,cand_e511149ae8021906e5bab029,paper_a6a71ab05e2677c8001d
T2_NUMERIC,3678,2634,sfti_c8e922779ecb7aaaa03dc33a,cand_1d77533f1af521337fdcd3e7,paper_117c93c9f01087aa7a3e
T2_NUMERIC,3678,2635,sfti_e7d188396344bcf3f8a59497,cand_f07fc8df6452a7f40d98eaf2,paper_8b6b74b78f127ceb59c4
T2_NUMERIC,3678,2636,sfti_1142318b8a47c0226fdc72aa,cand_b0f99f22472f508b3038c116,paper_a33d69153b85c02028d9
T2_NUMERIC,3678,2637,sfti_ba59e8fa2d06fe2f05f1551e,cand_02f31893a53d53cea49a0c34,paper_aefd1f6c29e982b9aba9
T2_NUMERIC,3678,2638,sfti_ba5e61e2f306ff529d705e1d,cand_102c7de54833807e73641300,paper_09a5a6b8d7c4de7c9081
T2_NUMERIC,3678,2639,sfti_62bd6aa01c116d7cfab1e33d,cand_da71104253d87092d0ac2524,paper_6df4b9381be6592f7484
T2_NUMERIC,3678,2640,sfti_18255a6af59208cb95ecd98d,cand_9f38afc36d01d92110c7921d,paper_829ea89148ab3b7af271
T2_NUMERIC,3678,2641,sfti_84be0e95f78fcc804cb88280,cand_c19481c6abb3472e08112a9c,paper_65b7b19882eb5c68826f
T2_NUMERIC,3678,2642,sfti_83647e6acc5743fccdcd9eb2,cand_9bafc4d8dc74ce1babd80b3f,paper_b4d40141243bb11115d6
T2_NUMERIC,3678,2643,sfti_70b899c396f6f416f4d9c673,cand_e06caf644d3ace72f695bd1f,paper_4e3de9e4ca79ed351723
T2_NUMERIC,3678,2644,sfti_7f2b5013291fc6ae680c0fde,cand_ecb5faa4017550ed555c7f7b,paper_ecd6471e7031f96c6dd5
T2_NUMERIC,3678,2645,sfti_8b3c7f8cf4b72d07cb51ef3b,cand_38a20fe7df778c0f9331ea40,paper_2018ada7d8a5bf4f51a9
T2_NUMERIC,3678,2646,sfti_7c93990dba464e8a0085f082,cand_ce6aa9316f790046fa143e16,paper_98e549572ba02d9bdf70
T2_NUMERIC,3678,2647,sfti_a6afeb22a531e433f44fa0f5,cand_bbbfa0f55853a6dccd353e77,paper_e6eb31e0c696987f6709
T2_NUMERIC,3678,2648,sfti_af1e3a23858e95165beda4ce,cand_22b354d07486875e44989741,paper_7661703c927d0e9f12dc
T2_NUMERIC,3678,2649,sfti_95521faab6f960003ba7fa4d,cand_52399dec5ea4c60a8a93f030,paper_2a0c54eb288d2bd6107c
T2_NUMERIC,3678,2650,sfti_9ab4365b4eb68d471d30393a,cand_a28c888f2b6b7d580e05fc11,paper_56d1c041063dd1a9acf3
T2_NUMERIC,3678,2651,sfti_9310c41135a824aebf48b3af,cand_c5e86c6e5b0dc0a14ee4454e,paper_4cbcef64f6b0ab42d544
T2_NUMERIC,3678,2652,sfti_9ccdad64429b6245fdf970b2,cand_c67497858029e334243c4247,paper_2cb6f57951a81f95a6d3
T2_NUMERIC,3678,2653,sfti_71795530f75921cc24c1210d,cand_14fd3eea23cc1fa203f5a326,paper_48f90822105bf111ea1a
T2_NUMERIC,3678,2654,sfti_cf8b8d05e194b69e1d957503,cand_7fa78d719dea29a39890809d,paper_19eb043baf2285e21e04
T2_NUMERIC,3678,2655,sfti_86407a2231cbd4fa001179d3,cand_6034020ef13cff86848766f4,paper_875f2d35bea8cececdda
T2_NUMERIC,3678,2656,sfti_e768e369e050f456ee0a2a6e,cand_b4c1137989dcdd4569f96397,paper_51c9758340f260242d9e
T2_NUMERIC,3678,2657,sfti_e2cf1f8639812f1323e64ebe,cand_505b02975030ea9b84690be2,paper_a6d918b77d863d08418c
T2_NUMERIC,3678,2658,sfti_3bd990a6fad38ef2f45e5a94,cand_d7eddd815ba05dda4a948bdd,paper_541aff79398df3a738ca
T2_NUMERIC,3678,2659,sfti_b4ea37f1e5ff4197389ee3e7,cand_a6cccd7e07021aa3ec12424b,paper_14885a60d70b18d57ffa
T2_NUMERIC,3678,2660,sfti_21d743de3472b0e70f8ceda5,cand_a990bfffaef9622492864b36,paper_04ee90d11a9e2e5995fa
T2_NUMERIC,3678,2661,sfti_3e068d143005c4b893759d6b,cand_ba577b4a80e5f1a4b9216dcd,paper_bc8cf1c27837920034b1
T2_NUMERIC,3678,2662,sfti_66b1d20d54845dda35ec9164,cand_23eb1cb2d66ec209274037dc,paper_3f7b8d5f291072c7e8ae
T2_NUMERIC,3678,2663,sfti_4b90239b3b4564411a31f9de,cand_158bc3ea3488174ac0188daf,paper_8960d35e4e7e918f25b3
T2_NUMERIC,3678,2664,sfti_8d971bd7f4196017a671e738,cand_c69164bc1c87c65183b013a5,paper_a2855be0e32bc908e060
T2_NUMERIC,3678,2665,sfti_8920dc39c8a4ad761b836403,cand_a55ff66c64a182032adab11c,paper_88185f5d588e4f96f362
T2_NUMERIC,3678,2666,sfti_752ad3bbadfa1a6f1dbecba6,cand_6eb1399169151c6dec641a19,paper_1cbea91ab313b361da43
T2_NUMERIC,3678,2667,sfti_3de82ea5d8d2c2ceba879087,cand_d06bc2f7b8b781f209329b3d,paper_6b87b17f9d1a3a845b3a
T2_NUMERIC,3678,2668,sfti_7ff38b3c1fdcdd7caf995433,cand_30593cf9e9e2e7ca3d1ca616,paper_61251b5fda9ffb5dfd3e
T2_NUMERIC,3678,2669,sfti_6488e831c3b32ece3e8bf494,cand_80de2ac247da0ff75727ab0d,paper_a1d177668f0455f920ff
T2_NUMERIC,3678,2670,sfti_1ca3b79a8cf74fd14aaf29c0,cand_60a6b207588366cbf8e7a244,paper_b52a0c44b8cd5eb19780
T2_NUMERIC,3678,2671,sfti_ae92f6d61221b23471a65282,cand_b1fc687c0937897441221e8d,paper_1dba34972cfb5f4469cb
T2_NUMERIC,3678,2672,sfti_2e05bfdbed3eae6c927379e7,cand_2c860ab281a17508d57c0636,paper_eee38bfe14fc10464a64
T2_NUMERIC,3678,2673,sfti_af6f281208ac9afe88572f53,cand_bf5a27532e0c86a3e8926bde,paper_eb11ccf29d2707b726dd
T2_NUMERIC,3678,2674,sfti_5442cd021a8e542702c08214,cand_ced993b70c1e935ca8d15b95,paper_6506f43e232d65d21441
T2_NUMERIC,3678,2675,sfti_3d621f9af18edabc9f2abd3c,cand_3fa787041d24045178cb3633,paper_e39d02baf353eb3e35c5
T2_NUMERIC,3678,2676,sfti_96c6e1c0a12a6a853c6d7465,cand_d7b4ef26f7117af95361b935,paper_485b3fecc88210a2fb80
T2_NUMERIC,3678,2677,sfti_508a7c3c20c14d6d11340992,cand_6d0e58e3d96c9ffbdb48fc6b,paper_242e560e97cb6505f70f
T2_NUMERIC,3678,2678,sfti_9dfcc93db68e8af56eb6ab81,cand_e0a64b2494acbcd9805c7a23,paper_cda09ee73200c86e8531
T2_NUMERIC,3678,2679,sfti_2930257f8968356abe11e1d2,cand_ae74ea949372af3a99c37f47,paper_82ada25e588ffde0797b
T2_NUMERIC,3678,2680,sfti_fabfa30958c2b942215a4fda,cand_2c79945090073af50403cc60,paper_19623e79243d0cf49b1e
T2_NUMERIC,3678,2681,sfti_324ccd6d5b07d48b91a4e85e,cand_61f33b2cddeb8187d20f4785,paper_6011087f571c12a9572f
T2_NUMERIC,3678,2682,sfti_79436649b248ae66b1d67a4f,cand_5da2728c6782c490dc092f7c,paper_edc47b2e1d89bd1d57c6
T2_NUMERIC,3678,2683,sfti_1004808ed53c6e0ef9af2ed9,cand_b60b75789bdd1b400f3cffc2,paper_050e0efec10ad1f0a9fe
T2_NUMERIC,3678,2684,sfti_12a7941e960a64e318546344,cand_88c790492b500f5c8f17a4f7,paper_fd846be4054cb8da1c75
T2_NUMERIC,3678,2685,sfti_a9643b50c2adbbf38e6bb28b,cand_5bc4eeaf5e5a110f8b22e5b3,paper_cf6e681f23fb0fba0c64
T2_NUMERIC,3678,2686,sfti_79e0059934d721b73b4f96c4,cand_5334496ed8a1ab1b51db30a2,paper_d43cca4456936538a369
T2_NUMERIC,3678,2687,sfti_4649e8b66ae133c9815f85d1,cand_b5f90665542cbc5f50008417,paper_8e8402c0398073de8559
T2_NUMERIC,3678,2688,sfti_06f62c86b8243b9f5d9f6dee,cand_7809c476d9eecb3f046849dd,paper_cb918152eb88ac781e99
T2_NUMERIC,3678,2689,sfti_bef9d31cc9e4e1707bb8c04d,cand_ecd93fab224cd95064493693,paper_c3a2a06ddc49daaa4b54
T2_NUMERIC,3678,2690,sfti_97fbfaea0bac5e201b2675c7,cand_ee920317e5d4016b9de3e6e0,paper_62e38605fad8c2e0939c
T2_NUMERIC,3678,2691,sfti_55b2536b11deaa2786f41a19,cand_eb2612df81bf89cca9d29515,paper_0c6ab339e1fc81e69363
T2_NUMERIC,3678,2692,sfti_87f23326a5fc1c0fd0be96d3,cand_15f5a233f2bb48504cfccf58,paper_9eb4667de60036b508b2
T2_NUMERIC,3678,2693,sfti_6bb2db3ef0b146c931921f1d,cand_352292fdebc9f152f6001e8e,paper_07a3b3056cc42097fbf2
T2_NUMERIC,3678,2694,sfti_48bf5fc7c7deb94902ace899,cand_8872111c8fd8b932c379e42a,paper_a7dd1f40e84491df9e74
T2_NUMERIC,3678,2695,sfti_8a1d7108a605d6d3dd3fe35c,cand_3b39892965516233dad565d3,paper_c4de74fafbe248f42d88
T2_NUMERIC,3678,2696,sfti_fb2f96b2df786d1d5c299e11,cand_0be020795aa1038a7ee3f983,paper_5cbb72428f2974a70216
T2_NUMERIC,3678,2697,sfti_e52eaf7800b6518b3e6c9b15,cand_5cf88bf0af224d46d34cf43c,paper_a9d83cb5165427ddab13
T2_NUMERIC,3678,2698,sfti_24cfe9a33fba5fe23b6022f4,cand_b80ddcece8bc0511b1cb26c3,paper_d8a5a42f9d9bc9708adf
T2_NUMERIC,3678,2699,sfti_e27b73b217935c669eb67436,cand_770f368bedd53d4a500864be,paper_2b927acd6b0595e0fbfb
T2_NUMERIC,3678,2700,sfti_b21a2fee5049770d2f2c124e,cand_2e5b834852b5a748e47fe4a2,paper_cd26909a42762f438b18
T2_NUMERIC,3678,2701,sfti_71fe997e4c1b90f5b7369ac9,cand_9449617939509b994c9979da,paper_3bd3c3fc9e9fb1b509ee
T2_NUMERIC,3678,2702,sfti_eba2f71c74b22b61236c3100,cand_1f50d116b205c8327e2163e9,paper_dc139c5a1965f0979f7c
T2_NUMERIC,3678,2703,sfti_d50aac51f4f0245750c4f9d6,cand_93461a57de2b848756e7407e,paper_c74f3cfca89318a59f19
T2_NUMERIC,3678,2704,sfti_68a872f78344e14d07198e86,cand_f74071a0407eb75f13c4a302,paper_f2be3d7faf13aa4b2b38
T2_NUMERIC,3678,2705,sfti_e266fc7df77afe00b88281ff,cand_3ed81f8507a68bbdd1bcf988,paper_ff168db638406d844444
T2_NUMERIC,3678,2706,sfti_d8cd41e8839faf470a03afef,cand_0f973c816dd4e4feb3ad839d,paper_2e79e217cb83ee32a37b
T2_NUMERIC,3678,2707,sfti_9a90bf5b2d5eef53a2f26f7b,cand_d0c6cf3908a3853ef95d2277,paper_e2fe8c3fb17de72a30f6
T2_NUMERIC,3678,2708,sfti_94af838f2cd32e223be15cfe,cand_1b164108bf35f201d88f08c8,paper_73ec927fd13e6964a898
T2_NUMERIC,3678,2709,sfti_0355119f3a17db267b56b9e6,cand_e5cbbbceaed30ac9ad4b321d,paper_18933680bc8a2e259970
T2_NUMERIC,3678,2710,sfti_b535151ffcdad47a817a5c13,cand_dd69664c51192919f5f71bcb,paper_e3a1a7befb994dcb7e6a
T2_NUMERIC,3678,2711,sfti_039875caad3b5f0a046bcf81,cand_e5c5fa43f81fb8d57d41d496,paper_d7aa357dfb15c6a1e39d
T2_NUMERIC,3678,2712,sfti_7299e43737ec77289f1a9eb6,cand_836b2d7627c5d33f88225013,paper_57ace56e0ada3222f3f0
T2_NUMERIC,3678,2713,sfti_1c2485f7e0b02586c692df32,cand_cb601261edd2f71b1fccbb8b,paper_25e647536008b73b1056
T2_NUMERIC,3678,2714,sfti_8a10bb164e6a7610ceacaaed,cand_d2ef6bfda037a894c1d1529e,paper_f41784f6ad24d1bbcf21
T2_NUMERIC,3678,2715,sfti_2a2fe4695281810aa0088200,cand_2070ae4f52115ca1c941d8fd,paper_639f89983dc30d163de4
T2_NUMERIC,3678,2716,sfti_f92dc998d1a0f2e9f1071e41,cand_af9618c801b0d42a4421bb30,paper_6365016e63ccb2f0cb3f
T2_NUMERIC,3678,2717,sfti_13fe88d335c3546aff373ed1,cand_b36dc2e61209872f5ca96f1a,paper_46020a24db82d64c0fdd
T2_NUMERIC,3678,2718,sfti_7c8de50c3241b28135c3313a,cand_64ca3e61be02111239e313ec,paper_2915459eda4b88d763e4
T2_NUMERIC,3678,2719,sfti_6f6f283e32c06c78d0710881,cand_741606d860e5f68a10fba116,paper_83c1908f50bfa8e73253
T2_NUMERIC,3678,2720,sfti_de11784dc8a7c952f8b576df,cand_fdbfc5d3f2dbc4771855e6b6,paper_16dbf623d307897aaef7
T2_NUMERIC,3678,2721,sfti_0c6796076534f358f7c2dbd9,cand_acea0b399a3b424971b8e16a,paper_d3d6bf6212f62c9c3292
T2_NUMERIC,3678,2722,sfti_32747bc130180ff7135e4af0,cand_527e2993076d873e3a899266,paper_0c493d1aba033d49a5c8
T2_NUMERIC,3678,2723,sfti_c5300e7017d3f6adace1997f,cand_a981c84ac59dfa3978f9fe56,paper_abd13107c8ccce629ec5
T2_NUMERIC,3678,2724,sfti_43f26138a3da1468f0e42bc3,cand_55d310144be4204d5f05ac57,paper_c04deb4c3f4bb3dad1f0
T2_NUMERIC,3678,2725,sfti_f0082c533658051b921ffc6d,cand_269b591388710f937fc6916a,paper_64526ba0276feb8256a1
T2_NUMERIC,3678,2726,sfti_c884beda4b0d64ce91e542c7,cand_94c472ecc84cf928763497cd,paper_3322361c95f35e53a49e
T2_NUMERIC,3678,2727,sfti_9df60ac430995b986b326a70,cand_191da8e313556d9ca4fe4dc9,paper_84ae166a6d4c6be26c91
T2_NUMERIC,3678,2728,sfti_a55d8ab029f67de3ee774367,cand_5e892d1c1379cbdc03e296ac,paper_b98a5e3ea66600840019
T2_NUMERIC,3678,2729,sfti_ba3f40fe98ca455ea57cda42,cand_d13cdb4ee18992b1f1aa042a,paper_b93c83b03100d6633e9c
T2_NUMERIC,3678,2730,sfti_ed2b58b848509f85e4ae6e4f,cand_17f734ddc5f248635f5b2fde,paper_cc9b4421cec4c4f430f6
T2_NUMERIC,3678,2731,sfti_67e36d070b971dc8e401dbee,cand_b6754a9d402d060b17079949,paper_13a837f8c0110a1a3b3a
T2_NUMERIC,3678,2732,sfti_671f418b5dc9665608486a39,cand_e6d8ac4d955a349424c76a04,paper_46763484e876b1610d47
T2_NUMERIC,3678,2733,sfti_e68161f2300b2f4594de2ae4,cand_3b71646eadc9ed6a58fa6050,paper_dd00a6ebc17bdfcae203
T2_NUMERIC,3678,2734,sfti_96ea2fb060670c76aa233824,cand_40c508dbcfdc89ed006e95b8,paper_6ac9728a355621c40664
T2_NUMERIC,3678,2735,sfti_f79847af35609ee9def4f8e8,cand_7e0f6ed083dfe1cbf8f5c5d3,paper_f2b2b702187faab70aa4
T2_NUMERIC,3678,2736,sfti_6c6d0c5fa8d13c8d7217a935,cand_4ed4afd266a3cd3a91e7581c,paper_3b52b2355f8e01112a03
T2_NUMERIC,3678,2737,sfti_5554648b42bfd54f75a6c341,cand_b27e9f832b0e84cf59d33049,paper_b5bada64764fec60bada
T2_NUMERIC,3678,2738,sfti_2a06f3b5b6b08816d7d2f732,cand_7a4c01a7ed4fbe6731f5ab1a,paper_5a8aeef4f40fd0952056
T2_NUMERIC,3678,2739,sfti_091a433d2842524c5a983206,cand_e0bb095b2e0d98c15a2a383d,paper_97d1708d31f33264aac8
T2_NUMERIC,3678,2740,sfti_4084d9f04d942c7e3a450a6c,cand_e6af245902203272fc57c7f8,paper_c181c5958148c1d9e857
T2_NUMERIC,3678,2741,sfti_f225134a6cf36053c0f6bcb8,cand_9ca002de7b59dd54a85490cb,paper_f6075846ba4e417ca28c
T2_NUMERIC,3678,2742,sfti_ea2042b5b0ca6148a4645ad3,cand_1f7d2235c7544e91ccd80162,paper_afa3ea7d91650d4e3122
T2_NUMERIC,3678,2743,sfti_6d8d33f48222b40d8332673c,cand_695a55437ebbcd59030f85b6,paper_f33629526b9e8dec9b5e
T2_NUMERIC,3678,2744,sfti_bee7b1764d2642297d9360d7,cand_c9ae47caa63f53fff8e91aa0,paper_aa8deb9a1b3a3361460c
T2_NUMERIC,3678,2745,sfti_9434abe50c03b37b8ec53679,cand_8c6978f7cc1d738d14442efe,paper_012cfffb2443a103e06e
T2_NUMERIC,3678,2746,sfti_b13447c7b09f0cade9271d2d,cand_e682eea7d88515c26bfcf073,paper_23bcd664444706dea015
T2_NUMERIC,3678,2747,sfti_bfbacc23c8ae290ab633e548,cand_781b0f2ad436b55a5c1a2943,paper_87a2bed7ebe05c31f7bc
T2_NUMERIC,3678,2748,sfti_f4a369c718a80031f0e73a14,cand_bfecd469b22ce5b9c05bf361,paper_0f9cb975cd0b7c104b86
T2_NUMERIC,3678,2749,sfti_c974538e1ec57d0b0af64668,cand_5a7489d034eb0b918fe03edf,paper_d1664d57746a7f6eaf35
T2_NUMERIC,3678,2750,sfti_704fe2c85a6470a223958183,cand_8ac3ed20d73a1b742524e080,paper_b1be9d9c2235573dcd95
T2_NUMERIC,3678,2751,sfti_fe2e6abde1bcddf9b9afa983,cand_9af0ca6fe8dd255fb2aec015,paper_308f18501b581689186e
T2_NUMERIC,3678,2752,sfti_fa748da5330e7244b41673f7,cand_903856b826541a51cc729d9d,paper_cfd4f1c04166827fa544
T2_NUMERIC,3678,2753,sfti_04456a0d1abec468de1db104,cand_1997a9a3dfd0f0cac31acd72,paper_1b11e7b26c9ebc36aa86
T2_NUMERIC,3678,2754,sfti_376743a2a6c6cc60dbd170e1,cand_5b9ccc9e0dfa7d82c48cc1be,paper_6b75a0758f7f8e49a5f0
T2_NUMERIC,3678,2755,sfti_0a1f70977070991d4a98edab,cand_184e87c742b75e4d0f0cc727,paper_52464a9d6f2e93910661
T2_NUMERIC,3678,2756,sfti_72de490f837ba9b61a7b3fb2,cand_ee78dce1031abfb74f89cd59,paper_a87575ab3689cf227d88
T2_NUMERIC,3678,2757,sfti_d46959fe3b4a6e1e26178470,cand_5f147642159e4decc8b84ac4,paper_fda3c6da82b26c4d290c
T2_NUMERIC,3678,2758,sfti_614637c87ede0397ae5104b6,cand_9eb0203801d241e3c2df00e1,paper_411c20623e599b3bc130
T2_NUMERIC,3678,2759,sfti_8cf2ed03afe729461ef3cbe9,cand_a87b4b63432280103a63547f,paper_e3e5e74da4d406668197
T2_NUMERIC,3678,2760,sfti_65281ddad20cb4f17fdcc999,cand_90114736b52d9e67751dbc02,paper_0b96938446e7a8a961b5
T2_NUMERIC,3678,2761,sfti_9ff6d1c7eb9a603a6c86b2dc,cand_880b4ac0dbd9c05d3cba6844,paper_1459964ba1bc517623b3
T2_NUMERIC,3678,2762,sfti_4597cbf6856c29d64bd03561,cand_ff0b6eecc5d1344b5898235d,paper_77bb6698199bf1624c46
T2_NUMERIC,3678,2763,sfti_e7f3f409ec42757537dc6385,cand_caf071156cda16c04b23e377,paper_63b2bcff2acd5cb805fc
T2_NUMERIC,3678,2764,sfti_62d46be712a2ad03c996f0b6,cand_b504f6077dbb6057054e410a,paper_5d1d17020e2f0bfca95b
T2_NUMERIC,3678,2765,sfti_0da0aa04db518a6d17eb463d,cand_650e6d5b0d3e1798e8b1749f,paper_cce946fd7f9a51375e1e
T2_NUMERIC,3678,2766,sfti_703fd30bc25929125e480310,cand_36abed3b7e380d183c5935fd,paper_1bf35d19faa763dc9570
T2_NUMERIC,3678,2767,sfti_4d00f251d250894712a84792,cand_ff37b9d698d18c5c32e7dd34,paper_0232cc466c60248dfdc3
T2_NUMERIC,3678,2768,sfti_b402a1ebdd5d2b86e6acadd6,cand_60ac9692eaf56518fa5e0314,paper_366f186e0b2f6a47de9c
T2_NUMERIC,3678,2769,sfti_856051e2b13fd399082f98cd,cand_fd15ad3064f50aced42903b3,paper_e4a88ba35e52ed489087
T2_NUMERIC,3678,2770,sfti_a6b2cbb0f146424ec184047c,cand_01770da9f039d7e0e731e0f5,paper_08cf395c399c4d933099
T2_NUMERIC,3678,2771,sfti_73d3aa009c0259ed02ecf2c5,cand_ea6f1bfa00bf979348c58be6,paper_67c313239cd572c2d80c
T2_NUMERIC,3678,2772,sfti_b23c9d8b478e7080097b022b,cand_0b2142195509aac4221945b1,paper_885e837f21bcf28ca60b
T2_NUMERIC,3678,2773,sfti_5eeef7b04fe6199814bad6a8,cand_ac7f41f235a62ef6fb70d581,paper_4bb04ced1198e17099d2
T2_NUMERIC,3678,2774,sfti_4b32d625e02cbce4ed47e4bd,cand_606c436d39144924a3a3c4d9,paper_75dbd75e4b029ba2987f
T2_NUMERIC,3678,2775,sfti_af40a619fd3bb95f9fb8f459,cand_290eed10b54d29581dcec512,paper_d17dc01908906bfae39f
T2_NUMERIC,3678,2776,sfti_e23a36acc7c4337cddad707b,cand_faa3a464de7f4ed4b2536796,paper_661b1867c0226471dae2
T2_NUMERIC,3678,2777,sfti_564448f87bc50e405a26dc2f,cand_35edab4a2d0db62d3b939d15,paper_5ed85dc4f61a99174a36
T2_NUMERIC,3678,2778,sfti_12c1d25d1971bfbbe583a091,cand_1c6c04a1a8b53315bd1f042d,paper_50a3e9cfd92b2ecacf27
T2_NUMERIC,3678,2779,sfti_fdea27f18ea7873b023f5d42,cand_b502d8b110d307e68ea26333,paper_5622e48049ec2935fe07
T2_NUMERIC,3678,2780,sfti_a92aebc21323a33d7da2ec29,cand_e7d5cbd82ed9db17b9ad7650,paper_16f52298d6daf40db176
T2_NUMERIC,3678,2781,sfti_a5e7a02ec93278f8daa9e9c0,cand_251874963f1f7327d1ca7e4d,paper_861b33b54fdd426c017c
T2_NUMERIC,3678,2782,sfti_803025fa30886fc999b03511,cand_3bb5b1cc772ef9c84021a518,paper_0dfc713c6ddcc04e21ab
T2_NUMERIC,3678,2783,sfti_5ee7675a516c286660aef526,cand_feca05025dd75fa85b87d247,paper_2b7d8c45688607f3563c
T2_NUMERIC,3678,2784,sfti_365c6f653436fc68e385c021,cand_5d95b4e6d9950951961e0d9c,paper_e18ce688c48046a0792a
T2_NUMERIC,3678,2785,sfti_c6297a79e3528dc1c0d30527,cand_85f1eef991950b31c1ba217e,paper_1c21e07003a6a2ace85f
T2_NUMERIC,3678,2786,sfti_5aa112075ea307395cd6e552,cand_b6d5176f0a23f8cefb06b30c,paper_3bafa4a79b7e89fc0a5e
T2_NUMERIC,3678,2787,sfti_d8e67a39a516219327206e12,cand_330757593074598e0c3275ca,paper_c79b045a95db7baea121
T2_NUMERIC,3678,2788,sfti_b107c03ef259910e6d19440f,cand_97a5c6ecdb00e6820f540a28,paper_915e8135f2cd2d3c8c56
T2_NUMERIC,3678,2789,sfti_153b89a94a07ffd40181ca79,cand_5becb34928a83ad6c75cc16f,paper_2c919dff8cd869413822
T2_NUMERIC,3678,2790,sfti_9de9ab941458d140da47e3e2,cand_0f6494132f8dca7471065ac7,paper_4414623e6a5fc13f5979
T2_NUMERIC,3678,2791,sfti_993fc19e628386084b248377,cand_8a91f21710394c8a7e9d4168,paper_c82a7cedff84b7d517ee
T2_NUMERIC,3678,2792,sfti_d5f3020cd5d87cdf927a0a5d,cand_340d438639f9161104022fd7,paper_a60dc9019c65e5a1e08a
T2_NUMERIC,3678,2793,sfti_cab24ea27a2d9892b92a82a5,cand_02b60c9d047ca5481fb052e8,paper_3f6bfa204e1dff930477
T2_NUMERIC,3678,2794,sfti_aad687273ddd669687803dcc,cand_54a591806c7d625152097042,paper_e020c739ba85ea0ff35b
T2_NUMERIC,3678,2795,sfti_c12851e1d9675cff61c3549f,cand_46f91a2a01c1d1b66302ed14,paper_cbb0e6062da18c72ae61
T2_NUMERIC,3678,2796,sfti_7faa01acf016c4de25aed436,cand_3f943e52fab6dc6a490fce8f,paper_da2c1921900f7aaaf916
T2_NUMERIC,3678,2797,sfti_6ed68b31efc5ac413c7eea39,cand_ead1456349ae88e4aac92f9a,paper_8626ff7c68d7bb9ec6b6
T2_NUMERIC,3678,2798,sfti_a5d6972a56590d38ca7e46d5,cand_f1e7562692e75553c26a6ad8,paper_1f58aa11b681339dc396
T2_NUMERIC,3678,2799,sfti_41ca2fe84b94e9d588d5a9b6,cand_bfd97d8eb9fc1f0255a089b2,paper_d678f6fc8a4d5743f615
T2_NUMERIC,3678,2800,sfti_d4f730e59502ffefea650db7,cand_063147cd5586cfaa23e48ce9,paper_c384165a13e05f8ab24b
T2_NUMERIC,3678,2801,sfti_7aa69710065ae5be981ab7e1,cand_0fbd2d69201b96dac50cb2c5,paper_81aa2b919d1c92a07a7d
T2_NUMERIC,3678,2802,sfti_361c39c40e4889876c62df47,cand_2c2b1d5dcce5b66c7cbd4198,paper_4635a9cc7bbcd74bc882
T2_NUMERIC,3678,2803,sfti_46b4defc1cb02a37baaceeba,cand_f46dd98ae541aafa2af1c1e6,paper_035b8930770225ae28f0
T2_NUMERIC,3678,2804,sfti_437fa1185f9ed616e5d4c837,cand_601783e4ea9ecdf925f761bc,paper_236a6718ea5ce8ffeef7
T2_NUMERIC,3678,2805,sfti_e6bb6967ef9d51e5196e3c7c,cand_9b3d283b5b582941a07fdbb2,paper_1167812faa33b036641b
T2_NUMERIC,3678,2806,sfti_d4c7be02020faa6b9fff9361,cand_c921dd9df587546f86ada2e6,paper_54ae55245e1f6a0c207d
T2_NUMERIC,3678,2807,sfti_10723613d39e7dbc34a7c15e,cand_1be37e5e1ae34642074478ce,paper_46fe22a95d6bd3b48195
T2_NUMERIC,3678,2808,sfti_4aa6cf78af6c27b36c98ec28,cand_6f825c06cf5fefd7d4e1641b,paper_05c1d1848050b0570ab8
T2_NUMERIC,3678,2809,sfti_108298a0dda286e507e8fb3f,cand_2ee23b8b05fd4a27c4383ac6,paper_1d8f5052e7c1595ffac3
T2_NUMERIC,3678,2810,sfti_2984e0512d2a746b0ef6db49,cand_06c5d82ae080ecc1be3817cd,paper_1c6055e2b849d2598268
T2_NUMERIC,3678,2811,sfti_9cb05746ccd97a6e9bd48aed,cand_f11960197ae049b357c581af,paper_70eda2eb1a05bdfa7e19
T2_NUMERIC,3678,2812,sfti_588135becf95facb3a060083,cand_a302d9df49b8f7ee97b611b6,paper_33796061924f83a65de1
T2_NUMERIC,3678,2813,sfti_cf42764c2d300314ed4d6fb7,cand_3a8c8aacaacffa26bc1cec3e,paper_54c0115fc01170ba67ec
T2_NUMERIC,3678,2814,sfti_2803e4268acc8b9d221553da,cand_d3de953f63769cd991fc77dc,paper_a7dac2e3bae1747435ba
T2_NUMERIC,3678,2815,sfti_48728e16a34f640034270f4d,cand_e5f951f2d73ac4087f397857,paper_45bffc535c6c75f3735f
T2_NUMERIC,3678,2816,sfti_e450ef3e3d641aaf1042ec7a,cand_562391cb1caaf3c74f370a94,paper_047f3d56832a59d32f3a
T2_NUMERIC,3678,2817,sfti_946b887a8c85eaa8d6c6f9a3,cand_9ba7a08659af81e81dec94f5,paper_4c896a644026ba361bbd
T2_NUMERIC,3678,2818,sfti_09ec0406efd0ae7a56510d18,cand_3c069b6372d97ddff34af097,paper_a179d968d5804bee3736
T2_NUMERIC,3678,2819,sfti_86d28030cbde69f80735b50f,cand_1220c12c39ee495c7fec42e0,paper_084253dae7a7f19e544f
T2_NUMERIC,3678,2820,sfti_e5255c4866ed0425ffccb6bd,cand_5dd9c5e25656994fb4a37ba0,paper_7cbaf3a63f383f04f586
T2_NUMERIC,3678,2821,sfti_50ffb088c1551f6019950b4c,cand_d1b553690a045ab962e636c7,paper_604ab3e72068761d0f8c
T2_NUMERIC,3678,2822,sfti_79e757e21e85d9643783a81e,cand_60e110e86277e018dfdc3e5e,paper_37dd9d9c13d5c83a27e8
T2_NUMERIC,3678,2823,sfti_c1ed2c240fb7ec9791b7341c,cand_7f74b2022e85d698411bae98,paper_c9971f3e963a7ce40c60
T2_NUMERIC,3678,2824,sfti_185f7bf432c21d3dc0e87b21,cand_bc23071ea06bf51abe7034c9,paper_c6ceea1dfa571f4e39a7
T2_NUMERIC,3678,2825,sfti_50f4f36daabfc86e944c6044,cand_a1efd0ac386c6ecb7893ad12,paper_c146dad478613317f96c
T2_NUMERIC,3678,2826,sfti_72ff7ada29d78da3418fb402,cand_92880fcff5be0c05757d11db,paper_6f5456855514128c0fd6
T2_NUMERIC,3678,2827,sfti_4eedcc15a45ccfe3d09ae3b4,cand_c224049e0fec13efe2c781bc,paper_46e8f97f2081552de5f7
T2_NUMERIC,3678,2828,sfti_0014f3347394e5debc30cc00,cand_5c828a1ffb5ec56593966b28,paper_769ae64af226fe449181
T2_NUMERIC,3678,2829,sfti_0955e091e259c04189d618f0,cand_20d875f3966ccb25306864e9,paper_875db547425c669c712f
T2_NUMERIC,3678,2830,sfti_59b397735e6a5f8a9e0203fa,cand_248a22a8365772c79717a402,paper_1feb6909cbbda0d14bb7
T2_NUMERIC,3678,2831,sfti_4530a8acd9c16d4471cebf35,cand_cc59041dcba158839047d050,paper_733dead659ca641cecf9
T2_NUMERIC,3678,2832,sfti_24065f81457972a773a48110,cand_268bcb2e822e2b6ced55725b,paper_68bc91488ec451c8fb7e
T2_NUMERIC,3678,2833,sfti_63396fd2a6f46beb5c2a7943,cand_4c4a89756f54bd69294fc78e,paper_22199bce4c24d6d2a928
T2_NUMERIC,3678,2834,sfti_3543351985dba017d17ab835,cand_ef0b9503c79e87557837a4ed,paper_c6856c356739df0e15f4
T2_NUMERIC,3678,2835,sfti_808d29baf11194ca916ef3f0,cand_a594897100665e88a5b2d24e,paper_053b92fbb32e346bfd2b
T2_NUMERIC,3678,2836,sfti_f84ef9ef36dc83025e2a5d16,cand_0d76c16b54ce72b2ad787d3e,paper_aadc9a2a8ea2dc22b12f
T2_NUMERIC,3678,2837,sfti_417b67b78c6cf7d0c3e7e03f,cand_246d584e7f0cb35629da3088,paper_998e42a7a479e088704e
T2_NUMERIC,3678,2838,sfti_b54c62a91d36d8fd37242866,cand_6b71366db981bbc7a0426d1a,paper_caf83ac6d968d7b42c21
T2_NUMERIC,3678,2839,sfti_0c8a58b4c534bf568ffbb542,cand_d62f905d8d7b6fceb2793ec2,paper_88c706177de14c2ef0f4
T2_NUMERIC,3678,2840,sfti_d306905e814d0d11063ab493,cand_3fd8a7d0e3d53ed787032cf7,paper_5117e27e180792a8db1b
T2_NUMERIC,3678,2841,sfti_a2bdeabe47be9d0e48b2c4d4,cand_3be1de3b03b433db313ccced,paper_0e810425168608981150
T2_NUMERIC,3678,2842,sfti_f1ec8d8ece6e385d22b53801,cand_0209c41a139d662ae2dc8130,paper_c81ade03bd3dfa0f3621
T2_NUMERIC,3678,2843,sfti_a1a6b74b034af8c8cf8298e9,cand_eeadce1daae7c3766035d1ab,paper_5f9e475046ee441302b8
T2_NUMERIC,3678,2844,sfti_32afcd8a9ed81aa583668d6b,cand_1b9abe462985cd4e282aedc4,paper_31cf168c71255530e973
T2_NUMERIC,3678,2845,sfti_027078dc84ad7b06d18f0f59,cand_57309bd7d816e4137508dacc,paper_0f49cd856d017836aa53
T2_NUMERIC,3678,2846,sfti_83ce1c9870f0798777c19c3c,cand_072dcabb05a2a133931b627e,paper_a9f339fccd3c96381e78
T2_NUMERIC,3678,2847,sfti_4d1b06a5584a1e468556900a,cand_e04cde41e7ffb85e1980fe8c,paper_d27746fdbaa397643691
T2_NUMERIC,3678,2848,sfti_b9d3a5df4c7a6dd3a2b2d4a3,cand_fff405f2d64b2e4976b0f657,paper_34d89b2cd8b1d6aef44e
T2_NUMERIC,3678,2849,sfti_2a45695e0f8a3e45194332f7,cand_e7ff840efedcea3fbaf34443,paper_9f6a916d2362364c4772
T2_NUMERIC,3678,2850,sfti_5040493dff33be2fcfb7121a,cand_575fd437304a3bfecc78ba65,paper_1b1cf979f0bda259ce7d
T2_NUMERIC,3678,2851,sfti_244dec922b7b7a5d947f8751,cand_f7a65f611f69717e76e599e4,paper_6a8becc5c88f09b869f3
T2_NUMERIC,3678,2852,sfti_70e2db1903244b74702519fb,cand_0a59d4129a1c588072119c55,paper_d54c96ae609515612b17
T2_NUMERIC,3678,2853,sfti_518afd2385faa1d31f9c96ee,cand_cf649760a3e034c717e99ff0,paper_c03332839fcde61801f7
T2_NUMERIC,3678,2854,sfti_49aca16e219b5ebb08ec7379,cand_57b71118bdea69231341d973,paper_4a55b8938eb9b87e2323
T2_NUMERIC,3678,2855,sfti_00cfef95d99575a7fc130d9a,cand_b37f71ac9c450e6271ebaad2,paper_e5334460cd55c6892d27
T2_NUMERIC,3678,2856,sfti_6545d31748ec71182d5b0000,cand_691131f7bba706db2f0ab6d7,paper_7cf0443fbef6f4ce3e58
T2_NUMERIC,3678,2857,sfti_f0ebba8dc0767693f1a5ace5,cand_bf4a453d432ae5e59da58455,paper_e5e8bbddbeb6098efad0
T2_NUMERIC,3678,2858,sfti_e5fc6e8fab7159a7f1b55605,cand_5bf1c214eb4809ae1db11bba,paper_e8b66608c3d839cf37e7
T2_NUMERIC,3678,2859,sfti_a6796c7db80117a7e6f14644,cand_f714c8ad51dcf00d2cad1361,paper_925df95ce06fa731d89c
T2_NUMERIC,3678,2860,sfti_ed590c9c89561a99d5b42e86,cand_e1e3044e5d7429919c0c882d,paper_33864a2cb500270f3094
T2_NUMERIC,3678,2861,sfti_48b0b77caacc3609d38d1055,cand_b23f37ca8b3f7f535d44d0a8,paper_a4b2d7fa3ccbbb4c6471
T2_NUMERIC,3678,2862,sfti_c3d16f76c6d3b9b0b09b3645,cand_40387b4aada3ea453e25aae0,paper_2a4574fae96e087c2a6b
T2_NUMERIC,3678,2863,sfti_37b510b1e9ee69d9afa76ab6,cand_6fcb20e6a0127af8138c5b9b,paper_bcb1bb37ecd7b206ef6c
T2_NUMERIC,3678,2864,sfti_80e2ed809aea0bc3a4eca379,cand_2886f8ff318755f017672118,paper_6eb1ce358f2c588ab75b
T2_NUMERIC,3678,2865,sfti_aa53c19c5540d78b8826d9c4,cand_eb34c06e380a120bfdd99f05,paper_3509bf41340e8ee49296
T2_NUMERIC,3678,2866,sfti_ce581069493d92742dd2c431,cand_6cff794faafe1b45b818e0b4,paper_fd4964ad03a73958b3ca
T2_NUMERIC,3678,2867,sfti_40fb15874c76d3c36bec69ac,cand_03e6b2705178e3de0239b39d,paper_b005f05d79307aca2e7f
T2_NUMERIC,3678,2868,sfti_93236d1d92e01f86d941335f,cand_612f5acac61f9fde70bc0a2b,paper_97a174f50fd3871256b8
T2_NUMERIC,3678,2869,sfti_a325354029bf76333302f60f,cand_50fd25347eaf4196792c887e,paper_67ab53de6e75a2a2f118
T2_NUMERIC,3678,2870,sfti_4a120ee1039cf0234e72e082,cand_a24fda49f675c84dafb55f80,paper_3992d40727ba7f0c80ba
T2_NUMERIC,3678,2871,sfti_bf238f0183d2eb9f12bd86ef,cand_551ee02ec583b23fd452656b,paper_65a1f093c8c0135bc3bf
T2_NUMERIC,3678,2872,sfti_1717a92b84146a31bfb71a74,cand_83c3caf2f8465c8ffbfef4c3,paper_07fe87a51004b7c9efc0
T2_NUMERIC,3678,2873,sfti_80f8d07cad3b25400538f309,cand_033bd342350dce9084460b5b,paper_5d18114bbf040e836670
T2_NUMERIC,3678,2874,sfti_09aec82441f764b2d40e24bb,cand_7669884b1473b37094085d4f,paper_64dfa37a81a06fd96980
T2_NUMERIC,3678,2875,sfti_20b900f0bce0a396bfe26f47,cand_c43517834e9d97c986a15ec1,paper_9e4aaa1c725080258723
T2_NUMERIC,3678,2876,sfti_775e75bfab9eb8aef995e0d0,cand_3d7dc899f14b4158a362412e,paper_fdb671853a669cdb0e87
T2_NUMERIC,3678,2877,sfti_c678015330ddb60970e48199,cand_d1964dc75449eab5197cbee1,paper_c3bb7c56866fff2e4754
T2_NUMERIC,3678,2878,sfti_d303bdc0d215b04a25a18366,cand_466ea9a27e984320ac1d7a8a,paper_927858d424e2b9cea9ba
T2_NUMERIC,3678,2879,sfti_1b8499a3da9a6c2937472700,cand_038a80c0ad8863dd98028e27,paper_b4d04768d1ae77de921b
T2_NUMERIC,3678,2880,sfti_3abaef974d9b881818930760,cand_2b80e81c2dbe553b1b8303dc,paper_cd61ecaf42eae829f8ef
T2_NUMERIC,3678,2881,sfti_cbb82841443fba2426e09170,cand_4a498e76645f08876614b97a,paper_040aee36b3fa8790d5c8
T2_NUMERIC,3678,2882,sfti_d45113b0ccc7bde7fbc031c0,cand_1a677f57e241f1db12df48f3,paper_d3384a041b7bca380507
T2_NUMERIC,3678,2883,sfti_428ff7940ba60865c8db9054,cand_83de5d010543f322fbe294f4,paper_3cec864523b3855c0a2f
T2_NUMERIC,3678,2884,sfti_148260fc72a6bfb336dc0312,cand_6339e8923dd46ccb418bf37e,paper_c8d9f103a73fcd2c159c
T2_NUMERIC,3678,2885,sfti_23494e03ad452f284d63db22,cand_a44b7208cffe18b1a87a555e,paper_f00cd50c0c8adb622672
T2_NUMERIC,3678,2886,sfti_393b54b887d0016dd0362984,cand_344fca126b9bd5500a87e8ad,paper_454aff797060891be3c6
T2_NUMERIC,3678,2887,sfti_85da50a90031ee18b3f393f5,cand_dfb28220084092284cf3fc2e,paper_d0cda66392b22526445e
T2_NUMERIC,3678,2888,sfti_bc65b68b15b0ae128929602f,cand_87f98d7195c9c6f13dee22af,paper_c43d2e0914f15b4a70e7
T2_NUMERIC,3678,2889,sfti_7b2b8ae00d5e22c0fa7b3b1b,cand_427a187b284bf0d533937815,paper_67304a9245b9d6c41626
T2_NUMERIC,3678,2890,sfti_f66593604a93bdcbefe66328,cand_65f5b67fcfbde2bcda87d90a,paper_731b7c2ef2e17c9e721c
T2_NUMERIC,3678,2891,sfti_561f5b16c62345be452e0bbc,cand_9613fa64bc790f66e337b733,paper_a6c7c43c9bb00b33965a
T2_NUMERIC,3678,2892,sfti_a50720fa3fac35f6b2287d16,cand_0334cbdfede944f0bf0eb774,paper_a35d36b9493ebcd5fa84
T2_NUMERIC,3678,2893,sfti_e35138fad99860f709a47a6e,cand_34bbb0235a1340bb61b685a3,paper_8fecf48988292b0785aa
T2_NUMERIC,3678,2894,sfti_412226aaa3d48d9d9e37db22,cand_9da9cc82ae5772f2e80f3a47,paper_75d794e93419af346c95
T2_NUMERIC,3678,2895,sfti_29912b2c736bb1e48cc290b6,cand_250a3f653d6ce25962c9a27d,paper_8d40d89731d42e529964
T2_NUMERIC,3678,2896,sfti_fe1638367f6dbf7f9e4682eb,cand_bab0a600c2e60f2b18ae889d,paper_5d5120a2cf840faee937
T2_NUMERIC,3678,2897,sfti_b3a1232fd70732a56f72624f,cand_09582c01181bee408f445bd2,paper_ee445c79be8a00b91f8d
T2_NUMERIC,3678,2898,sfti_397ec0a3fc5e800a00441ea2,cand_6ea4fe08217c542263fd293f,paper_3ab1dc47ecf0c400d8e4
T2_NUMERIC,3678,2899,sfti_7eb1942b0a50ccc4dae436a2,cand_f1b45883bbb4851b6d88e43d,paper_493fb857dd45cdb882e0
T2_NUMERIC,3678,2900,sfti_7fd85b072146fbd6f1b2dd22,cand_0a70ca66662a61284708feb2,paper_bd883eabafd2e7b17297
T2_NUMERIC,3678,2901,sfti_e0b65ab1090ff96b21ac1a0f,cand_e0cf693c7121634b7be85df4,paper_1effe763b7ff437e1fc9
T2_NUMERIC,3678,2902,sfti_ebcbccf1ce982f00bd3e5a41,cand_ea6192bd1533725616211b9d,paper_230af28c059ff9e246b4
T2_NUMERIC,3678,2903,sfti_b00e60ad2c56469253862ec8,cand_458e68e4fc5427a3ca318b1e,paper_80494a124ca2656927e6
T2_NUMERIC,3678,2904,sfti_f8a3b412fd0e5df24335cc6a,cand_8d075942abc9e5810017a726,paper_a8c55eceae6ca55a4392
T2_NUMERIC,3678,2905,sfti_1de2b936e3f8c16bd1e22200,cand_c09ba607a50a8fc501bf6a4d,paper_a2eacde7fcf945fa8df6
T2_NUMERIC,3678,2906,sfti_1acc253ac279d08376bf0f0e,cand_98ab8d9d0e90ccf1f2dc1be8,paper_b4bcc0e4ecfb791477ab
T2_NUMERIC,3678,2907,sfti_32f58ff402197ffb4c8654d3,cand_cf7ef760688d8d6f54b179a3,paper_54617090ee3a4ee67d68
T2_NUMERIC,3678,2908,sfti_f260979bbb9d65dbcf3e7ef4,cand_fac92cfb333215e81172a7f2,paper_6195f36858a7f96beff7
T2_NUMERIC,3678,2909,sfti_f81bb4925c360403f9b099cd,cand_b4ff2432052802a9ad8dd325,paper_059fc5b9c39e4fc7ea23
T2_NUMERIC,3678,2910,sfti_8b8b84213c5c67083a59fa75,cand_e81adaf83034777926506542,paper_3ca537be4562a4063d11
T2_NUMERIC,3678,2911,sfti_bf7858451f709ff86f7a8281,cand_75f9543fbf8dbe7ad4fcad91,paper_80f3958782a73e783fe7
T2_NUMERIC,3678,2912,sfti_8df65757009c73f7fa54e532,cand_089b2aa00674eb1181852583,paper_e9cc144b1569d2cdff5b
T2_NUMERIC,3678,2913,sfti_eb209106dcc89f35571daa67,cand_72d1fba0901ead71e9f1a968,paper_e6ae6ab9fb979351c1c2
T2_NUMERIC,3678,2914,sfti_c2222132ed8b0b938de53695,cand_ae6aeb8639b9eb5864f5fb35,paper_7d409e51f42cd8ac656c
T2_NUMERIC,3678,2915,sfti_94dc802397e7f723105fda0b,cand_d70d2e69e850f6f3d3150109,paper_f3afec6e13796b766325
T2_NUMERIC,3678,2916,sfti_b5d3913f1dc3b6e0206aa79c,cand_2b94a02fe70d5fd4155350c2,paper_3a1e1967948ef79e9bc4
T2_NUMERIC,3678,2917,sfti_81a00958bfa54b01f67ef5ac,cand_0782819a426d425bc5d4a871,paper_1505cb58904a14e9acef
T2_NUMERIC,3678,2918,sfti_4d93eae14848f0feef9452aa,cand_a255afdd3e0b8589597e4583,paper_5ab28f5a2e15505dcc9f
T2_NUMERIC,3678,2919,sfti_f46b043dfd62228f711dedb9,cand_f1cac0c005f3ef0ffd66913b,paper_aeda8fb50291efef0433
T2_NUMERIC,3678,2920,sfti_4b2decf8bc42c86871a75802,cand_83c18cf7b43b311e09423160,paper_2731ed413ed15eaf8736
T2_NUMERIC,3678,2921,sfti_76982ee282abcddeb0017deb,cand_3d5307c4918ac762242b34f1,paper_cc53d0299e648e6916ee
T2_NUMERIC,3678,2922,sfti_6c27f6aa4352cdacd6fde349,cand_5250bf42d9528e3ba21ff05f,paper_1bc583c06e4ee3d14b2b
T2_NUMERIC,3678,2923,sfti_2b72d1177ab67b4056406be9,cand_70f9cad86de39cb0359812f7,paper_6ba850a9ab17db2dae58
T2_NUMERIC,3678,2924,sfti_538f5af7fd6acacd3c037449,cand_c26393d3f9966cf8cc3281d5,paper_e93d0eb808f7955cb1f3
T2_NUMERIC,3678,2925,sfti_51fa9486eb126ab1d9d12073,cand_d5425b818a98f538dd18b84c,paper_e794729eb1562a4b7f3a
T2_NUMERIC,3678,2926,sfti_94471e092575918499c61c6a,cand_99370619e93e1e582522aba8,paper_2cf89ece81e90cd3f910
T2_NUMERIC,3678,2927,sfti_59ca3dacd7c091641ca50a98,cand_224098a0f9de0c039659e4b3,paper_56c1618d40a6eb8185c1
T2_NUMERIC,3678,2928,sfti_ec0987af97add0e4c896dbfc,cand_1de77dfe005fc1b35d551c9e,paper_1f4567b736135e989979
T2_NUMERIC,3678,2929,sfti_0f6e29e9fdb5d88c998f516a,cand_e3c07c7f863b056e0b08bde6,paper_35b3eab66de11aeab930
T2_NUMERIC,3678,2930,sfti_4c5f23de3a0bc41b565cbf2b,cand_778c5147502c7b7e5e8bbe24,paper_233f31909fd3f28cf0e8
T2_NUMERIC,3678,2931,sfti_a53db06cc4d3a1a67d23e924,cand_b4d5396daa4df4f2a44f310d,paper_48fe6515d531f9067495
T2_NUMERIC,3678,2932,sfti_26b0fc40a707ec4e6f3673d0,cand_98cc48a8f9061fa1694f7b0a,paper_e365b2946291c86625f8
T2_NUMERIC,3678,2933,sfti_e5129426fa0fccd1176db514,cand_779373c4dc953e982db8a806,paper_c25c9260ec4470115f16
T2_NUMERIC,3678,2934,sfti_f2b98170af8656a5cdd33f4e,cand_0d9bfaf7e65979c330706df1,paper_f29582b34f36217f5245
T2_NUMERIC,3678,2935,sfti_267bcdcc00c7500a7005ba2b,cand_db46adde8f551c52cacbf7f0,paper_1b171a1a4aec0890360c
T2_NUMERIC,3678,2936,sfti_19a9fc0cacfcb4783db065f7,cand_5db08807d5165d614c0e39a2,paper_11881c3333b09bc1adce
T2_NUMERIC,3678,2937,sfti_e5ad775fa10ca3bd4884512a,cand_7da62661fcc3ab13a7fb6ec8,paper_4516ab29b73cc618f530
T2_NUMERIC,3678,2938,sfti_4b37f6d164142858144177ed,cand_35eba33accc8f81da9fe6de9,paper_53fb745495c413ce93d7
T2_NUMERIC,3678,2939,sfti_21413180665c8f7745cc1ddd,cand_e032d64c54d92a8dd9a3e209,paper_12a764f13952eccb5204
T2_NUMERIC,3678,2940,sfti_248f7cb87a96bbf4f6735bed,cand_b0a0d3fe03dde94abb95d0be,paper_21a73e1c5c35bd00e27a
T2_NUMERIC,3678,2941,sfti_bb56e38a82199bcbabd7e245,cand_c53b757ad48180eb0f6ccfde,paper_71526057ddf6ed98608d
T2_NUMERIC,3678,2942,sfti_2f6a4003cae71f79df8a6df1,cand_f4b48291686d3b7030cf9c7b,paper_4c95075e25b3c259ef44
T2_NUMERIC,3678,2943,sfti_4eb5623686281b9cf08770ad,cand_c6bcfe4610909ef22feb0070,paper_221f0c916ee0712cd55f
T2_NUMERIC,3678,2944,sfti_a1c0326aa45006fac3955285,cand_e8fa7ae62cd21629d8a2779c,paper_41421cea964b6e798387
T2_NUMERIC,3678,2945,sfti_00007dfb52c9d77011ba081b,cand_68bbb20e1169611828141309,paper_c750381016e9d48f54f5
T2_NUMERIC,3678,2946,sfti_11ae926e55948baa3b47e6b9,cand_9b19f6c1fe088be9f6ea45ff,paper_dac18f93f70a297cc71f
T2_NUMERIC,3678,2947,sfti_7881a499d87a20d70d1c94e8,cand_c14a1528a7e297a91f631779,paper_5082f5a8326bb484965e
T2_NUMERIC,3678,2948,sfti_93aad6005080412533ca3e49,cand_ec4c8d69b7a9b70db36de7b2,paper_3d69b6ca8bac023a2e37
T2_NUMERIC,3678,2949,sfti_ba97402814cf7d6322613914,cand_cfb9f26484587f26602e2076,paper_77fff62649cc89e70006
T2_NUMERIC,3678,2950,sfti_bd0ff8e53372e40616155f6c,cand_a99ad3661167fcae9dcc6927,paper_2e7c7ada2c0738c9576e
T2_NUMERIC,3678,2951,sfti_982d4b0a8c4270ea860cae58,cand_920fcf55185b4d23a3dc1460,paper_cea263957c803c2be7ac
T2_NUMERIC,3678,2952,sfti_bdb5698ac89ea9b4599fd0cd,cand_d12340e8a8aa1ca1327f0573,paper_855a30d7906bf1696f18
T2_NUMERIC,3678,2953,sfti_f0f8c2f90c38eaac9ab2d900,cand_d406245e730316cd93addb1c,paper_7a234a0942160567de4e
T2_NUMERIC,3678,2954,sfti_9eb53ed991ebcd21bff1507e,cand_57b6e9db7da1605356da1974,paper_8968c63f74386825585f
T2_NUMERIC,3678,2955,sfti_49df9095829b54c4ccb6fb89,cand_5c0e2aec6ba6d44ad4183fcb,paper_b45b8c314fefc9dc2f86
T2_NUMERIC,3678,2956,sfti_8ad2567d94a321bb383fa496,cand_77d0a1a647ef9707a315b0da,paper_936af62bff602375aae5
T2_NUMERIC,3678,2957,sfti_1f48a53cb84921634c0aeae8,cand_de8c15e6cf74b6e3f06cbd44,paper_4095b334fa6e74b81f84
T2_NUMERIC,3678,2958,sfti_65a2ab140a667e1ff9a22326,cand_7560d1c44f71cde74597734c,paper_341d7710302a2b329e63
T2_NUMERIC,3678,2959,sfti_0852892ef9db29da154e3b09,cand_6d3a164c39e69e36f79543d3,paper_5093d6ac5a8e5e472584
T2_NUMERIC,3678,2960,sfti_a91de6caaec5437cb37dcc1d,cand_25333c1bc343896782488654,paper_bfc002e4e2173fc7324d
T2_NUMERIC,3678,2961,sfti_5bfa4034d7c6e65f4536cd0b,cand_46d07bc0d248295f9bc7dae0,paper_5178edc200c7560cc5dd
T2_NUMERIC,3678,2962,sfti_fe8219b077de5829864f5e24,cand_6d5412b6baf9577c956a7581,paper_0d68ecbef45f9fc8cf90
T2_NUMERIC,3678,2963,sfti_f7d201d5c6c7c6ad8a9c36b5,cand_420138e919942c1681d2c889,paper_26adb28c631c5b0f11a0
T2_NUMERIC,3678,2964,sfti_e57ded8527d790edc2e38fed,cand_22ae0bc0835d2b230b0c5d94,paper_80824adaef46809e108f
T2_NUMERIC,3678,2965,sfti_29cde4fbda4b7089b8500fb8,cand_ac5e6d41f6459cb78cd6832e,paper_54e19b6fae0955d86c32
T2_NUMERIC,3678,2966,sfti_bae04b49c469b459e13975b6,cand_7625a489248dbf25d2cfad2b,paper_75ba7a8d3c3e91ae2125
T2_NUMERIC,3678,2967,sfti_26c639b8390416324ecb7aa8,cand_f7d9a6d7bf0a774f0195f187,paper_78d9139681b32b96ff05
T2_NUMERIC,3678,2968,sfti_c6c273ba93bf70e02a02ab7e,cand_52e71d75fbac6aa2ea357eb8,paper_b0b7e2f9a369dc5982ed
T2_NUMERIC,3678,2969,sfti_144562bafae966febd402125,cand_8a72aadd53a27d3a5f496968,paper_b7eb43a1714dfea51b3f
T2_NUMERIC,3678,2970,sfti_dbe55ec56d18f048a435ee39,cand_7a9bb03396443be4235945c5,paper_b00d47de8a46a6c79806
T2_NUMERIC,3678,2971,sfti_ba5b3540beadd3e7b5e10758,cand_ce3b43771f5a4a8abadfd32e,paper_e1119708fab69f9652a3
T2_NUMERIC,3678,2972,sfti_018c3e333803bcb023685cd2,cand_03e8ad0b80e6d9df93e6b40b,paper_9229ac9cd28f9c9cac4e
T2_NUMERIC,3678,2973,sfti_e58d5e2760c0e01189e26846,cand_63bc382784e860629894f117,paper_b97fd1a5935f47e10c77
T2_NUMERIC,3678,2974,sfti_04be8864ce99adfb18fe8014,cand_f9af6016f6b7d5fc81ad0b21,paper_8dc8785106d0600e3d72
T2_NUMERIC,3678,2975,sfti_a30b0f7fa2d6cd6e4db2adad,cand_053cbe89714af3feeaaecfdc,paper_d792d6f81b5dfd11ffa9
T2_NUMERIC,3678,2976,sfti_5105604582c2def0b17c4cc7,cand_764289aa7ad72cc95731d8e7,paper_2816bab6cf493c5dae75
T2_NUMERIC,3678,2977,sfti_722c38c796db9cbc18a27be4,cand_692e68da46de425cb9b5e0fd,paper_41243b2e71035d29da90
T2_NUMERIC,3678,2978,sfti_74fe17ab31cd5c332bbed21a,cand_e11dee7fdf2d5099e23c95fa,paper_2ce6080bc78f6dc4bbee
T2_NUMERIC,3678,2979,sfti_520df0082db603fe4b11f77d,cand_74b5c16b26ba11b5dc057f67,paper_a15d6db1e341ca841faa
T2_NUMERIC,3678,2980,sfti_c1770ab4e70a23fea560660a,cand_7670bd69e2b12672fdb86e33,paper_ed51e9d5b91c7ad9308f
T2_NUMERIC,3678,2981,sfti_cad45467a27247bcfe85d9b0,cand_ff58efd682f9e37faafd32f6,paper_b02b1015a4d81c005688
T2_NUMERIC,3678,2982,sfti_c6c6f445213426db34bc217d,cand_75eb630bd4b8496bc44b26db,paper_0a926d479528ed19bc99
T2_NUMERIC,3678,2983,sfti_d35642279c844d587ec95889,cand_885c56c434dbda36487fa71e,paper_3931b2764d33f08f9b60
T2_NUMERIC,3678,2984,sfti_52745fb3ae6b76234910def8,cand_ccc16ff1d15013abe09aaf51,paper_f70c8739c330b884890d
T2_NUMERIC,3678,2985,sfti_0110d2e6f827f900f69cd661,cand_4b7fb6e441ae54631d6797c4,paper_a3c79491871022da9d5d
T2_NUMERIC,3678,2986,sfti_a51b8eec04aa4906031128f2,cand_18e1f2bd8220da156064b451,paper_9eca70ac9c66a0ecc684
T2_NUMERIC,3678,2987,sfti_a6b28e9cbcbf5cafa5cfac32,cand_ce13b15d06b0a71a550dd4ca,paper_b2d1155ad3ce1f678145
T2_NUMERIC,3678,2988,sfti_96579725110e9e494aee793e,cand_806a0def93d205562ac08cca,paper_d9a7caa927432b9a5d58
T2_NUMERIC,3678,2989,sfti_0295351375e443d2a530c1ad,cand_1157bd47786b4b6907a2e310,paper_780ca30bca1371cb91c6
T2_NUMERIC,3678,2990,sfti_66546392967c42577366afde,cand_501c1bb16e1ffe15d6e2c0b7,paper_1a8139b3d1a58181a74a
T2_NUMERIC,3678,2991,sfti_4db8bd107c8195b523cbcdf9,cand_6bdfb03e6f2e44d79b778d99,paper_8b6c41dd419735fe1e01
T2_NUMERIC,3678,2992,sfti_9c2abd0ce72079493237aee8,cand_4665485c7c21e5ad090db8ec,paper_a29e23e2440fa2936e13
T2_NUMERIC,3678,2993,sfti_9f01e4d15552a0fb0cc2828e,cand_9e56d197e616ea0fd224e3a4,paper_a462119ad795fec5ed0b
T2_NUMERIC,3678,2994,sfti_e93ae1fad7a24d6a21857d48,cand_f6d4e95468fefa18ba0adfb9,paper_4dc2eadc3749a7660e20
T2_NUMERIC,3678,2995,sfti_bb4a2382daf2fb310851093d,cand_21731085bb67706662033ed2,paper_d9833886b4d05e7f2e35
T2_NUMERIC,3678,2996,sfti_7e95948514b66e6dca9203b0,cand_ae14efbed2ba0d2a05b6eeeb,paper_da0c94aa9e114e114416
T2_NUMERIC,3678,2997,sfti_336bf17d0a534094dfa4854c,cand_4c9d73fee62d98042c784160,paper_f268a30c446bf23e6318
T2_NUMERIC,3678,2998,sfti_f9f2ed4f0f03c86c3b3063af,cand_82c76c8aa34252cac730b222,paper_27f10dec8047a843a6ec
T2_NUMERIC,3678,2999,sfti_839d6f15afe3011b58f8c6e9,cand_5023d69bc2daa92aafddd5ac,paper_76ea1bc753a6f3bd627c
T2_NUMERIC,3678,3000,sfti_3c3f3d5ebe0ab23557839715,cand_b8e7de00cfd2f205aa831cfb,paper_1d196ac13fa57b930414
T2_NUMERIC,3678,3001,sfti_176fb9670784547267ee0086,cand_4886a8518ea60cc9745b69cc,paper_523bf9cac06b97bc6deb
T2_NUMERIC,3678,3002,sfti_d394d26724fb6e6809dc6a07,cand_675b511731f139e70bd01510,paper_5402d0c9bc6929b9ebbf
T2_NUMERIC,3678,3003,sfti_b5d4b919ed00efd2ad863703,cand_ec376e0a2deeaf42b7f1922a,paper_d8e4d2ebb449ff45541d
T2_NUMERIC,3678,3004,sfti_8e03c72622d590eefdc5e035,cand_2efef0932f6e29c43bb3074d,paper_78c0ed038711160919ae
T2_NUMERIC,3678,3005,sfti_1a64eeafddaaf0f31021c56e,cand_0af7ea3052a7503d33206f30,paper_aa476f4b57cf73cdac62
T2_NUMERIC,3678,3006,sfti_e59678f9deec3c87ff904288,cand_59a3e804be0be3751904e767,paper_31574d46962b0f0e1fa9
T2_NUMERIC,3678,3007,sfti_e7bc00c5c8c757175ee97a8a,cand_57ba54783662b33deefec283,paper_49853d61ac9e78b09d27
T2_NUMERIC,3678,3008,sfti_ad44ff38c7f6a42170a0fea5,cand_a14165db30c28b2678ed937e,paper_4d0337b843a1c2be1c2d
T2_NUMERIC,3678,3009,sfti_4016e7028b5cb84e6bc9a5e0,cand_da623337bf182fde3dc6e9f5,paper_204dc0c975ccb06e9f3a
T2_NUMERIC,3678,3010,sfti_c79cb7761816e47dae76fe0c,cand_847b76e51da45849916ddb6a,paper_32d318d230fb473bc762
T2_NUMERIC,3678,3011,sfti_25bc788d234779922d5f5d7e,cand_46e97f210ac7dcc4be470355,paper_df87e85f2ad904ecb786
T2_NUMERIC,3678,3012,sfti_f150a9916b6cc0ff94e196e0,cand_966a27354ea0f41febeba638,paper_a0adf00e90a5c04d75d5
T2_NUMERIC,3678,3013,sfti_528adcba09cbac2f5b8cbd53,cand_5f03fe6749cb8a182448de9a,paper_cdcf8c0ec6e244c9da7d
T2_NUMERIC,3678,3014,sfti_59b4f1fa2c9334111550c2f3,cand_b191625fc92e0a9a1746e115,paper_62c06fe656b0bf41bbe1
T2_NUMERIC,3678,3015,sfti_00b3b9c72702a9daad31fb22,cand_79bcaecd8a9ede267c13602a,paper_4b85962af18143d5abdf
T2_NUMERIC,3678,3016,sfti_a72b7d414c647f2390990b60,cand_697bfce70f4dc6d0c59e9093,paper_9ecf94b62655b1c23adb
T2_NUMERIC,3678,3017,sfti_8c7c81deb35d12d298e4d55d,cand_eaf339db67b695f9b9021a9d,paper_ccfcdd53b9fac7e46b8c
T2_NUMERIC,3678,3018,sfti_09246b7894863670d1e75570,cand_5991f5c1f52a0ec66180ce0e,paper_9744040006c757b714ce
T2_NUMERIC,3678,3019,sfti_80df86744c57dabfd3b1c586,cand_f5bb4bd7d44a6b36c4f853ff,paper_e134753847abd81208e2
T2_NUMERIC,3678,3020,sfti_57ffd17ec215a16fbbedf118,cand_b85d9490cc2e9eb6be383ce0,paper_cbd6f37a37686d0e5adc
T2_NUMERIC,3678,3021,sfti_a34810df15bfe166e631d6ec,cand_51184c46a484bcc27aa3d843,paper_4da9480afde49d0b39b6
T2_NUMERIC,3678,3022,sfti_1473e2f6ccb183db1f45f811,cand_0e32d95aaa80d4824d1f5cce,paper_edceda0c326e8eb1ac2d
T2_NUMERIC,3678,3023,sfti_5e83077fec83f68c032f86fa,cand_687e2a4e4880634001325720,paper_789a6d1ad075245bcb69
T2_NUMERIC,3678,3024,sfti_521f17ead16643b9645a0c4a,cand_a6b31aa99a622d2f33e37852,paper_27cb55815739afd98af7
T2_NUMERIC,3678,3025,sfti_53c6e49584462543b290eed6,cand_56c31bc462f136ee1df03081,paper_0ed9f754b3e6923e604c
T2_NUMERIC,3678,3026,sfti_b6eabd3d7e77a40b5866a235,cand_8ffccc587e985c492107989c,paper_946d4c2b5781949689cf
T2_NUMERIC,3678,3027,sfti_b18d35ef392b1bf8a0bc6d38,cand_c4308175a32a47c14ce5b1ae,paper_b06cab9034f967174a3b
T2_NUMERIC,3678,3028,sfti_b56cafc6f971f8b7ae40f74d,cand_26788723e5c532216a65b4de,paper_8887b871f470f66c3361
T2_NUMERIC,3678,3029,sfti_2ab352e4b358da30038fa701,cand_54fe31dc6cd34340b7f7e681,paper_aa20e44800f1e436506d
T2_NUMERIC,3678,3030,sfti_1246f1a3e614df10565d67ec,cand_82db06affbb653d10d263b27,paper_7d9f28a4e6c574da1959
T2_NUMERIC,3678,3031,sfti_14c48e1e6acc03d08258401e,cand_f7d6bd0a0d0332cc0dd4075c,paper_ff9b82de434c6ec0f4b0
T2_NUMERIC,3678,3032,sfti_9f05db08b1d3929e2cf892e9,cand_e05d596aca5be9e43f5a226a,paper_8d683bd872e36ab148f1
T2_NUMERIC,3678,3033,sfti_3689f3ded26c42fefba41f38,cand_0763bd503f28706e26109ab3,paper_e0e569e36087955e0b06
T2_NUMERIC,3678,3034,sfti_bc4fb171d4eafb7dd4cc9841,cand_e22d4fe322547df4dd6c3d97,paper_cbcccf219bd7c6074e8f
T2_NUMERIC,3678,3035,sfti_dbc5e83e4e2418fcc816c569,cand_9bba257cfc50943755fa5748,paper_e15473cb8033ba3e230e
T2_NUMERIC,3678,3036,sfti_79331012b84ef0b1a758ea92,cand_e3a6155af20d21b9f0d2c769,paper_316995de6816ef27d70d
T2_NUMERIC,3678,3037,sfti_6c399db02a7af1b92e953256,cand_f7f557c0779e2b2a46c0d599,paper_1a1142f66516739f76d7
T2_NUMERIC,3678,3038,sfti_08570bd77ea02547e8fddee3,cand_44f017788b26b5b7c557b478,paper_427c674a5ba07d6d0b9f
T2_NUMERIC,3678,3039,sfti_6e17afc938c94c0347e9f486,cand_b5532a13c701a0e6b1b23d87,paper_2a6a270bb59934ec3ff6
T2_NUMERIC,3678,3040,sfti_362c605a13fe7f98d72a640e,cand_f0f09ec0d2e5275b14e25257,paper_48bdcdab69ea39f7f2f1
T2_NUMERIC,3678,3041,sfti_0207cf3ee6799fc654113f43,cand_d0ebca2621e657fd502f0553,paper_71207db0d83368572f67
T2_NUMERIC,3678,3042,sfti_9bd080c2ce7fc9e86f24c531,cand_f5fa7c20b04eca209970f5d3,paper_8e2073558413f59f9196
T2_NUMERIC,3678,3043,sfti_8c532ac9fe739012fc4b3c08,cand_422a3184db30aeb8e6b72427,paper_a26ecb38a15492aa8b60
T2_NUMERIC,3678,3044,sfti_6390ccb23c73b2d8bff16ec4,cand_24d56773531e435b2ea867ac,paper_8dafbce5fb34e25f3bf6
T2_NUMERIC,3678,3045,sfti_52a6d3d0e1aca85995363ebd,cand_b0108dff9bb69e85dcc7169b,paper_6d2c20d9a4b4a6edade7
T2_NUMERIC,3678,3046,sfti_c1964f7e1a7f96957af50e6d,cand_5612366db9de9f0de1d4cc14,paper_2990213101a302c6829d
T2_NUMERIC,3678,3047,sfti_199d9ca9c755b7f8cfe2b1ea,cand_51a09ee38c55a620152cbd37,paper_6c5c6b112e0865b22bb2
T2_NUMERIC,3678,3048,sfti_552773e3ec75f3906f67fc64,cand_c48f3455b433b5e70aa78d12,paper_8b945006f5be45871ad5
T2_NUMERIC,3678,3049,sfti_508b1f917a300c125bf4de38,cand_ffb5c8eecc8e249adb35bbcb,paper_ff9bcddc9e61e49488cd
T2_NUMERIC,3678,3050,sfti_a2f03dadad7238556e8a3920,cand_47a4ddf624a3a2e57bd28bdb,paper_87f744f573ecdefa9ac9
T2_NUMERIC,3678,3051,sfti_d3744ef5251658e24927e39e,cand_bfb02973e5c73b5d4762d42f,paper_54666dff53c384cd7509
T2_NUMERIC,3678,3052,sfti_44ee0cf8a0c6763f4e2343ad,cand_c772a8d23c04a1ef5119c315,paper_303091be2da1043584f5
T2_NUMERIC,3678,3053,sfti_da961c8a501f8cf18520040e,cand_a31abbe12fb828e9b3b1206c,paper_c6717e49ec3e5a60cde8
T2_NUMERIC,3678,3054,sfti_08db5c0cb39a81c62f01d4b1,cand_7d4ee444793041e6acd25aa4,paper_ffb77e56b0c059fd6ad0
T2_NUMERIC,3678,3055,sfti_f6602b291fbc05e52763ff64,cand_2205b393f18483b1b79f9a3f,paper_92169ac77d0b042008ac
T2_NUMERIC,3678,3056,sfti_36ddf6c88b9e3073e04f623c,cand_3a60e9399e0d194fa1e8405f,paper_83d6440ad70ea0a7d858
T2_NUMERIC,3678,3057,sfti_ba07d09c25e329cd7cdddf21,cand_1becb2fb81e0f8e774dc05bf,paper_eebf3854a3fb0b3a28f8
T2_NUMERIC,3678,3058,sfti_45745fa164bafa9d7334a494,cand_d993e3f36898562558b6783a,paper_3f0e855d24d6dc79c1e3
T2_NUMERIC,3678,3059,sfti_0157631cbefd524988a762b3,cand_b8dc9335b3a5368ecd52bd48,paper_7734cbe4a04d563059d5
T2_NUMERIC,3678,3060,sfti_2f05b834c53052b4359e4433,cand_5176325360ba8f4ffceecb08,paper_8bb002fe8cccfd64ca1e
T2_NUMERIC,3678,3061,sfti_a52c8693d31717baeafd5bfe,cand_cdb07bd9657ec90789f73085,paper_8691c723d50c80ac5bef
T2_NUMERIC,3678,3062,sfti_4320d5fc5f5ed458b21bc98e,cand_8dd2b25b1d04187c1217423f,paper_bd359ec88ae2f7b2171b
T2_NUMERIC,3678,3063,sfti_bb94c8326ab4f0a64f7e5261,cand_e71ee7fe40a5322df07b2ae5,paper_1372d5c8a2a6b2f5439f
T2_NUMERIC,3678,3064,sfti_f51cb1dd271fadd7f6d01965,cand_5d6694dc44bc1ddecb519ee9,paper_f3358996f1aa09154e84
T2_NUMERIC,3678,3065,sfti_66a3091f3fab3caef6bb8287,cand_7f976074f03728c7dc9d0a74,paper_1e65e9d0a8786fa0982f
T2_NUMERIC,3678,3066,sfti_560d6e7f64d72dc806dc4dc2,cand_2cdf9bb255c1b6c5e7fce916,paper_54e89ad05f8c4b91f7ea
T2_NUMERIC,3678,3067,sfti_05ffe16a48d04a6c3260ef86,cand_0b7d098fdfe4ecf2ab1a33f5,paper_f601e8a12be51a3dd8e1
T2_NUMERIC,3678,3068,sfti_b744d6e97caf16f25d00799c,cand_c3bcb0504419cbad72fb80d7,paper_0475da2955b53fdb6606
T2_NUMERIC,3678,3069,sfti_f1b94c17a7e1853df0a2b195,cand_0f4b81f79a98f20fc2d1f4f8,paper_950a799313e78c49d6cf
T2_NUMERIC,3678,3070,sfti_f29668846fe039bc148de6b6,cand_d78fb9dbed980b5e3b18bab3,paper_d21f5d7ebe96b45203db
T2_NUMERIC,3678,3071,sfti_83451cea64ac1cf5a118d3bd,cand_bb75577244c45c95c0296f27,paper_4611789ef7e3c08c3ac9
T2_NUMERIC,3678,3072,sfti_33ac12527ca2ee3d3efcb8ea,cand_d9c79590f6790acd0981cbf6,paper_ef33c31cea19815c1c79
T2_NUMERIC,3678,3073,sfti_3ccc836be83641565ae76740,cand_01494993f9a33bab04f509b3,paper_1457112dc99c723c0947
T2_NUMERIC,3678,3074,sfti_f8a47f8be3f18753b0100a50,cand_8592a702e405a41d9a04a1e3,paper_ad960a099664c9384385
T2_NUMERIC,3678,3075,sfti_5420b91dd09bf6fb461c02a4,cand_35c9e069c47b6d173ea78d40,paper_44e0d5bcb4ae4c4e36b0
T2_NUMERIC,3678,3076,sfti_8e3ad1709ef3bc4652bbb548,cand_9a09d4b0c4b5233c8c767665,paper_3b63921dc7b40442b746
T2_NUMERIC,3678,3077,sfti_2fca17f72ce91baf034c1541,cand_9ed3bfd46241bdfb41204b90,paper_9d036f816105712cf14d
T2_NUMERIC,3678,3078,sfti_d5c4bcbf72c5a952741e3789,cand_996b3a9c90cd1e97141eb0fd,paper_c8ae2c8db4e9cbb06f0f
T2_NUMERIC,3678,3079,sfti_91343ae1acec17c859732b82,cand_656c180136b2110b9b5668f8,paper_5cfd274b7e7db8058b35
T2_NUMERIC,3678,3080,sfti_d574f641ad975f4705016489,cand_13af43af60fd6c6112927f6d,paper_19daba2982570ad40c44
T2_NUMERIC,3678,3081,sfti_5d7816a39f808137ef8c8f8f,cand_9945cce84671ee5e28413759,paper_775561e5dc791ef2cb02
T2_NUMERIC,3678,3082,sfti_3ce84af535e17e8e65e196b4,cand_6dbc349cdf5a978bd377ab40,paper_4135aaa949a7342e60c0
T2_NUMERIC,3678,3083,sfti_277daca24bfb3c6bdc7e6123,cand_651019e10bd2592a55cfa571,paper_d416d61532bdecbfaccb
T2_NUMERIC,3678,3084,sfti_e539021b4547d91b01d60e84,cand_7428fac370ee383b96a00616,paper_814885c7706c9991ec46
T2_NUMERIC,3678,3085,sfti_08de8cc9462e8924c7d4da2a,cand_3a8dbaa4a56a89642365d2f2,paper_c12924d3071f576e0c31
T2_NUMERIC,3678,3086,sfti_b26bc4420fee86b07efae3c2,cand_206d0d3f567aa6b806baa016,paper_0d660ed882f95ed7cfef
T2_NUMERIC,3678,3087,sfti_f0630c11d61e525e66d2fa8a,cand_61b4f97994f02e8322973323,paper_94c7e4b56b7cb18769b0
T2_NUMERIC,3678,3088,sfti_dd27d38c0fdd9eacc4a71021,cand_59c8aeac67688382c02aa406,paper_4b3e2d7da58e94877ec3
T2_NUMERIC,3678,3089,sfti_7bc135c158d457f15cd5a504,cand_1a075e7e74b6afa28db44154,paper_a426e3e98e6061d7b10b
T2_NUMERIC,3678,3090,sfti_7a3c7797d94f675fd49a7019,cand_013e8288767d601f42f2934d,paper_33d29fa4c709b83e9173
T2_NUMERIC,3678,3091,sfti_2283ec0000f4f650b2071801,cand_b5e10ad5948b331c0d2f9656,paper_57070c9df2bbb7169952
T2_NUMERIC,3678,3092,sfti_e7cefe8cc7d899e38be1350a,cand_35f0f3ff4696c531fd3f5b2e,paper_105b9b987c104bf5cb6f
T2_NUMERIC,3678,3093,sfti_e187d2b4cdb7e6f945d7a99f,cand_6492b759a79bf9ef145120ae,paper_f127962446e96a02507f
T2_NUMERIC,3678,3094,sfti_eb6a6ead1acd84ecad370f34,cand_616369156f203c8e91ce7714,paper_4b2d4a71a16ea1e9c2c7
T2_NUMERIC,3678,3095,sfti_50e706b7acf901c052df9683,cand_ee443a403811621a564f5d93,paper_1bcacd02dc9d094de149
T2_NUMERIC,3678,3096,sfti_b72d8d854c80f16155e44573,cand_4964bacf55a991149ae7b655,paper_a321253be2df8e289b95
T2_NUMERIC,3678,3097,sfti_12b29bfa10fc8b7a52247a5d,cand_3cdcebf4557423df8188f67a,paper_772843d89b24948dd741
T2_NUMERIC,3678,3098,sfti_97af494b5cf7d91d6f3d0d86,cand_211f2a7951bb60e93e6ecae0,paper_bfbee9103060405ddf4a
T2_NUMERIC,3678,3099,sfti_4b9cbcb079807645bb0e8d3f,cand_0bedc6b9a9a45611159da0a4,paper_5d67a811c441e45c0ef1
T2_NUMERIC,3678,3100,sfti_c4d7e76c1551b20d1fdcf359,cand_4febe1adf19b1f97f60d45e1,paper_a9b7cccd95ca07156fb7
T2_NUMERIC,3678,3101,sfti_4291fae332973b054a25261d,cand_eca962108e8f0dd820066213,paper_22e2b4a6a3827317eea9
T2_NUMERIC,3678,3102,sfti_d43a19477f5c133a835fabd7,cand_3cf6d0be26bd6cd9b79a6fd4,paper_13fc56a51dfe60a5074e
T2_NUMERIC,3678,3103,sfti_3aefdcc894a33bfdaed1c5b0,cand_4ad34c69ed3a288f9107efcc,paper_3d161fef9d71e18b98ab
T2_NUMERIC,3678,3104,sfti_8d7b8e88d01f6b58a40c8f9d,cand_5c13453638a939de7eb844f4,paper_b8edc7930b5c5f8e22f4
T2_NUMERIC,3678,3105,sfti_d8a174448b0812cdffbace6d,cand_0d1cc52317f219529929c2f9,paper_42ede648fd3ee44ee32c
T2_NUMERIC,3678,3106,sfti_1ebf6a4b2fbb8d89b649593a,cand_feac93323e8eafd21dce784d,paper_f58eacffb09f17790ad5
T2_NUMERIC,3678,3107,sfti_3909d6d644913493f3cbfd36,cand_c2232bde6b5b5af4bc0d5d97,paper_576d45aef8ed66b05849
T2_NUMERIC,3678,3108,sfti_0804893ba01f3040846adc87,cand_f96506271beac019916f474d,paper_89ea92aa5842a2c088a5
T2_NUMERIC,3678,3109,sfti_b1c109f49e47092fff3580ef,cand_f5c45d662e345ed54cd48c9c,paper_654a44c8e94205f86a24
T2_NUMERIC,3678,3110,sfti_8ffa5b7d7ccd998fb793dedd,cand_c147eb52736c77c5f64be981,paper_3d61da838c57a1fe15ef
T2_NUMERIC,3678,3111,sfti_31348739de7142246a2c8d95,cand_1cb2f566f65d4b4734936f49,paper_9cfcfcd2ed71c0ca6a56
T2_NUMERIC,3678,3112,sfti_5ed293db88c16137146fec8c,cand_fa2acfa8318b49cd9040a642,paper_33df1a35a12b14084cbc
T2_NUMERIC,3678,3113,sfti_e664fbaeb186db7c6048b498,cand_2b404b643d6ee51e76687549,paper_8313683e31ffdfb17404
T2_NUMERIC,3678,3114,sfti_1d52b22125bb0fe2b247d6c6,cand_1daa8be39379a8e881446a71,paper_72aa787d4e6e06cdcaeb
T2_NUMERIC,3678,3115,sfti_5fcc8c30ed6c25ec1ae1a66a,cand_fae0b116c2123416afe03c0a,paper_fb7b63214de684b2f11d
T2_NUMERIC,3678,3116,sfti_d50200b6b5f74bcfe0cfd23c,cand_c018b632488e2f32131583cc,paper_155f03396b28757938db
T2_NUMERIC,3678,3117,sfti_0722d6cb0fca13d6c5b753b0,cand_3db8612a9c9385084528990f,paper_a687762c5556fb915b19
T2_NUMERIC,3678,3118,sfti_99cc6b92205bb70b4cf752f8,cand_c0e529b59a86787323a474da,paper_3c32c12bfdc4fe56f015
T2_NUMERIC,3678,3119,sfti_ae3775934dfa6d932323186f,cand_b27a0130384fcc13ea5970a0,paper_d390a5f36458d70517fc
T2_NUMERIC,3678,3120,sfti_d0f492abdcaf2de2d4672151,cand_44577278b673394652fb71b7,paper_0e8628887f1d22aeb17d
T2_NUMERIC,3678,3121,sfti_20f05ee12b15108e216f8659,cand_9fdff250a3546213f445c809,paper_70c25393cf57bb9d618f
T2_NUMERIC,3678,3122,sfti_a474149b285a9a27011efd52,cand_775405996b6df4801330cb42,paper_624dd7d7645dc4e39220
T2_NUMERIC,3678,3123,sfti_08f77107bf4b7d4f946f578a,cand_e52869bca3bceff9ba64bf96,paper_0ca1a64ca43828e8bc89
T2_NUMERIC,3678,3124,sfti_9252934a67b2f16d4d00c91f,cand_6bd42db47c1c874ae21b069c,paper_dce85d264393d934c1c2
T2_NUMERIC,3678,3125,sfti_92e9c6dbd793f3b68d87854b,cand_5611abb183f5df285ce8f44c,paper_720b22498f414f802bbf
T2_NUMERIC,3678,3126,sfti_8b88f1197e5b6a174f8e6e4d,cand_49b6642ce13abb5608e23ac0,paper_2a77513d8432605df47a
T2_NUMERIC,3678,3127,sfti_0aaa588b309eb8ac4ac10ab1,cand_f21e4868110008292772efb2,paper_cd7bd86e9372991efbcf
T2_NUMERIC,3678,3128,sfti_1d6c6a3b552afb4a38c876fc,cand_2dde7e883d804f6f616ace16,paper_5349ecd090956229107a
T2_NUMERIC,3678,3129,sfti_1e16be8e69b829e6df1a4173,cand_737a675bb78013d46b6acf4c,paper_da44c61204fbe98bc3c1
T2_NUMERIC,3678,3130,sfti_dffa5ff0103cf7c432592b80,cand_bf1710dbade72254feb0b1a5,paper_ff188907dc0778979d1c
T2_NUMERIC,3678,3131,sfti_76a916dbcdad164afeba09d2,cand_0e09a667f73d08a540171f25,paper_527a780511b23ba51453
T2_NUMERIC,3678,3132,sfti_0ea1046eed07eba792a4f2bd,cand_4df6d2a47fa44f5f2d806a76,paper_0962973634343215e4d9
T2_NUMERIC,3678,3133,sfti_cb32df6246305b2cc9438c84,cand_e284d8e6a28fdb21b44c4098,paper_8ccd91a72bef8f3d8945
T2_NUMERIC,3678,3134,sfti_4d43469a3e57d26628792880,cand_ffc7326ce4f012f7af66fbb7,paper_ceadc9933a3d9d4c5c07
T2_NUMERIC,3678,3135,sfti_6879a56ed6985b6bd7184760,cand_891da42658d4a8f7b6cb0817,paper_c70f3e6133978235b579
T2_NUMERIC,3678,3136,sfti_21bb18d1155e8b672df29246,cand_34e8b4fafbc66fc0f23a0f77,paper_f1d7cd92d2e39bad89e7
T2_NUMERIC,3678,3137,sfti_c78862c6a96fbe8fb0572771,cand_557816269c9e5673737737b8,paper_30665dd11d87f523f8c5
T2_NUMERIC,3678,3138,sfti_f5db85acf70ff0bacd39229d,cand_b661b3320c7bcd1eab237b87,paper_ef887352855c8b0457da
T2_NUMERIC,3678,3139,sfti_24e8e89190f88e392a34cc1b,cand_097eeb1e7508e391232b01a0,paper_bd4546a641a1bdd72a78
T2_NUMERIC,3678,3140,sfti_531d2e91ec730856f6b1511f,cand_c38b2e2fa7e010ba7ffc4faa,paper_5d9ec214dc67ffded139
T2_NUMERIC,3678,3141,sfti_624cc18bd1016b9032f8fcac,cand_8fb2f3669861390299a864d0,paper_7ae0d732d9684142659c
T2_NUMERIC,3678,3142,sfti_db2cbc8031a7ba84b3e0f947,cand_2dec32e6743e6fbba395fbf2,paper_e6973e2b099a57d76505
T2_NUMERIC,3678,3143,sfti_3173a27e690722517738007e,cand_d821f2b3d2d05b39f0fc7a01,paper_bd33e8fd432779663ca7
T2_NUMERIC,3678,3144,sfti_59dc4304b5894c0cd6ba9585,cand_7b35b94772e0907f9d6210f9,paper_2632347fc19d40ee9b79
T2_NUMERIC,3678,3145,sfti_313f7392c3fad94462c1ab83,cand_d1c6320ace2b718f4cdb2293,paper_bd3299bd8d04dbc1f635
T2_NUMERIC,3678,3146,sfti_0969fc929f5267de0cca1089,cand_14f259217f20cefcc2bc821e,paper_8754a14fda22035d6860
T2_NUMERIC,3678,3147,sfti_ffaa41ce5d5f2ec84fb37752,cand_769d8f8a07d629123c8307c5,paper_8b46e4cd6754ee0428f9
T2_NUMERIC,3678,3148,sfti_f7e33a39a903eff98d00578a,cand_dbb23feab6f49e213beb06b3,paper_3824e02ea70998383a7e
T2_NUMERIC,3678,3149,sfti_c26f45793f42e31ab8da75c4,cand_b6da197e744d14cba3a62a8a,paper_8a13100af2dfd41eb756
T2_NUMERIC,3678,3150,sfti_cb6b52863d2c112ec4fb83d2,cand_4bfb33e61ae3681d82d28f7a,paper_036120c861457dcce7d9
T2_NUMERIC,3678,3151,sfti_7428433b2ea0a1c08e2808df,cand_b4c6ee6765a0af1d5e65a25b,paper_bf328a6639cdd954adfc
T2_NUMERIC,3678,3152,sfti_7274faa6d8dcf1b19d19b543,cand_9bad927591786de1b21bea71,paper_5ccb84180e28ca26531b
T2_NUMERIC,3678,3153,sfti_dba997a5469e1892c3ad6783,cand_404e576e1f7fb9a92cccc34c,paper_251e893761028cd925f7
T2_NUMERIC,3678,3154,sfti_ee72461656fdd88b3ac56c91,cand_5d513c19ecafabbe2bcff592,paper_28bff144273ff621c448
T2_NUMERIC,3678,3155,sfti_7b2a60fa5e4d58956139f00e,cand_f0a4b249470095f64bc2679f,paper_d664bf3efe04a2cc2688
T2_NUMERIC,3678,3156,sfti_769dd7b124b8323233fbea2d,cand_2b69f1446686ceab55b6332a,paper_90f76598ff64ace34b11
T2_NUMERIC,3678,3157,sfti_b406a3006f0150039a441c13,cand_f65db3ff166c2a439dbb2631,paper_cc76a19258ed00e477ce
T2_NUMERIC,3678,3158,sfti_2e8710fe0085a99bb3fd59f6,cand_b1d2911c48aee22d1d8d0854,paper_bc441e9581da32646cbe
T2_NUMERIC,3678,3159,sfti_d5810e8244f8236be569b1b6,cand_d2f1366f0a87272568f91769,paper_19b61bfed1e7420aa0cb
T2_NUMERIC,3678,3160,sfti_e267fafbbeba710ea1f009e6,cand_641bbe95d572b3fb67861870,paper_a3eefdee2e6756587843
T2_NUMERIC,3678,3161,sfti_512818536153effd61c04cd2,cand_a8766f37e5aa393129369553,paper_44bc96df746b0dabdfc1
T2_NUMERIC,3678,3162,sfti_b1bfb245fa4d0ffe1e1f5309,cand_46125fe00b1ef5f93e1d0cc9,paper_d5d65745a63e07efd9af
T2_NUMERIC,3678,3163,sfti_d5a8444d99a807948776917d,cand_ea528bacdf8b1cd6a57b86aa,paper_e5dc74b751031ccb7720
T2_NUMERIC,3678,3164,sfti_d31fda01eb347f5cd61deb75,cand_7bdf3507982fec0b462c096f,paper_432eedb7b5721b207e27
T2_NUMERIC,3678,3165,sfti_edd6ccdb10c7992010986470,cand_8987fbaba8b3f4da73211f24,paper_fa3071671d8d8d7ea55e
T2_NUMERIC,3678,3166,sfti_582293c9e9d9677b806e3f1e,cand_d392baba72e0f0e1b2044c89,paper_a448b4f3a849af9cad96
T2_NUMERIC,3678,3167,sfti_543bdf50779870d534fba92c,cand_4cc718291b1454d049edc626,paper_4a02daf09222671bb343
T2_NUMERIC,3678,3168,sfti_8228a1d484242a42b00b2e50,cand_9702ccced00c365d46c70060,paper_06216ba1fd679f581e9b
T2_NUMERIC,3678,3169,sfti_b30a0a113a46c4022067f0a7,cand_0fab145edcaee768e94ec6c5,paper_5fefae153331fd9cc0e9
T2_NUMERIC,3678,3170,sfti_460e51ff96afdf75d5394ea1,cand_ddd5dec2164253f1bba6916a,paper_56467e511c7c5531b99a
T2_NUMERIC,3678,3171,sfti_a881cbfcb0ee6eeee2b4e08a,cand_3e50d86cbb389fc88aa38b4b,paper_c493ee04650e24bc9262
T2_NUMERIC,3678,3172,sfti_56c02cc6ffb02ba443e1bf09,cand_965cc86526a2b1316d38ae30,paper_336f39b2c3d001757e43
T2_NUMERIC,3678,3173,sfti_8e73be408ec7c33cc33d3b32,cand_1b6400f8758052e9c9f3489c,paper_90b73384b7f4312f3880
T2_NUMERIC,3678,3174,sfti_139ef3af52ed848cedc85282,cand_6b946eaba29313944adb2b27,paper_6ffe7bc6827797347dff
T2_NUMERIC,3678,3175,sfti_67b6df4fdca5d36c9162c26e,cand_ba159faf10e4ae5b8f36dbeb,paper_4e8617b2de076d610f2d
T2_NUMERIC,3678,3176,sfti_e95d7ed6ccd22c7465652e13,cand_28fef3ae04b730f2053536e7,paper_065b61f3c3a2aa5dce46
T2_NUMERIC,3678,3177,sfti_6aa6ea73710b224da34a2ea0,cand_c634f7794e83035d9e709c58,paper_cdadb1e14bce744e6547
T2_NUMERIC,3678,3178,sfti_b16b0acb964810bb3f18be90,cand_33fdfd66d5d7a2ec04ea0353,paper_ce55e30ff5f95d5e96ef
T2_NUMERIC,3678,3179,sfti_a8feadc8e7db15e0f08a3776,cand_cd8d0a474b285b14ea84a0e3,paper_ae239eecc5d7ced94f2b
T2_NUMERIC,3678,3180,sfti_147091d716864974e22327d3,cand_56b4d7164bd8be6d8a7bc8b6,paper_890343a4524e020964d0
T2_NUMERIC,3678,3181,sfti_36a808f00a441f365b68161d,cand_a3f5fe17d03ed0d0f084738f,paper_2a42f1ff9bd9c93161c2
T2_NUMERIC,3678,3182,sfti_702f2abda1e51f0cc92829d6,cand_ca89dd359b21fc08780b7275,paper_3fd6b65e358d7c3c8e29
T2_NUMERIC,3678,3183,sfti_b4cd8a10905087cba9d3d0b9,cand_40678445f19388ace189e86b,paper_6937cc47e2b2f2fc2447
T2_NUMERIC,3678,3184,sfti_a842ca34d385891aa1c75e53,cand_eb7498217c539a83afd9e4a8,paper_0b4dfb06065388f00cfd
T2_NUMERIC,3678,3185,sfti_93e991f5daae08eac1536aa8,cand_2571bd332e26e75ad5efa531,paper_a99200a23f30fc79e362
T2_NUMERIC,3678,3186,sfti_2ce90a3fdf394fccc5a7af95,cand_cfff128cdabdeb6d9bf24fdb,paper_1e6221d350bec18f02d2
T2_NUMERIC,3678,3187,sfti_1005c4c2d61f0ba5d2d634c1,cand_7630b5303690850ec73b514f,paper_e979bea55b68466950a5
T2_NUMERIC,3678,3188,sfti_120d122867ae2a030e604c4b,cand_69429713b33633ae7218487c,paper_3002a48c3ad4d8b7828e
T2_NUMERIC,3678,3189,sfti_8eaba4c299ed39d0e6ad719a,cand_8da99111a257021084a0591e,paper_b00e1ebe06b61db493f4
T2_NUMERIC,3678,3190,sfti_0c2c2d7775797cbddac12e19,cand_475bd8b0eb05e32df2779f10,paper_af8ba896d46f910daa80
T2_NUMERIC,3678,3191,sfti_ac1ced3e94b141564b29f8ec,cand_b2895c6c9edebc73799ce166,paper_a07be0b922a6a4d5a1e9
T2_NUMERIC,3678,3192,sfti_6249d46aaed607d834b71f23,cand_42cd64ecf90bd86011aacdf2,paper_5bfff58e2d219b2f51ec
T2_NUMERIC,3678,3193,sfti_06a548985effec5d45ec77fb,cand_8e26b419c25ba1d3d9e0391c,paper_b3d33d8ef68936f98277
T2_NUMERIC,3678,3194,sfti_7c4147f440e79e46209021be,cand_e40977ce402bd9c61126421d,paper_c8f09dfd076f3e2b5a53
T2_NUMERIC,3678,3195,sfti_110bb99889eacf2804829576,cand_aac04d749a05ad9fd359efdd,paper_d552f1c82ca1263f1680
T2_NUMERIC,3678,3196,sfti_300f89495b596bd4c83d5896,cand_8fdc80d62ec728855a9e740c,paper_52b24e4b78c3befdc508
T2_NUMERIC,3678,3197,sfti_27f6f1db087f1cab7efc81f8,cand_b4617ecf10b3121d4aa73454,paper_c332c59b62a7c6bc99db
T2_NUMERIC,3678,3198,sfti_cc473d58b9366a44cc1447ca,cand_ece6bece09f4f704a384369d,paper_5072f1c6202eda6da90d
T2_NUMERIC,3678,3199,sfti_53a8b6438245e30cc62d4fca,cand_04ab892cbe9a4887089204d8,paper_b1cf5c1ae7bd5bb2f927
T2_NUMERIC,3678,3200,sfti_aefe49e7fa4002df6c285d77,cand_717e934bbcaea57186daa9c1,paper_0c8802876de96d138888
T2_NUMERIC,3678,3201,sfti_a24402b1de3aae36f247306a,cand_e8906b7e43a9137890d6ef7b,paper_2e5a03834a4cdece4a66
T2_NUMERIC,3678,3202,sfti_33dfd3bd3cfe08fc1ee037ff,cand_4bf688331caa3eda6f3f498a,paper_e67419316565cb79b105
T2_NUMERIC,3678,3203,sfti_feb21cdb8efb28913c63a498,cand_35da6987cff91e56eac1e4d0,paper_0a6c690dca5ed2adc9b5
T2_NUMERIC,3678,3204,sfti_be4a7a650c22f8d50bf2b1ec,cand_ebdf07bfceb474ea35f5083f,paper_b77b159f8f12131d26af
T2_NUMERIC,3678,3205,sfti_37d7464c67be4ede97accb22,cand_be55b475a5a53b88721208af,paper_2910bf55c20bb603f151
T2_NUMERIC,3678,3206,sfti_1037d5d8f9726e2933e97e88,cand_f11168664b0d721bc4b9d5b5,paper_1734f2d4e8637ff96940
T2_NUMERIC,3678,3207,sfti_52e1d819e5eed96648e37348,cand_e9de54276e3d3481e41c18cb,paper_20f430853797efd028b9
T2_NUMERIC,3678,3208,sfti_aa0387ecafbf83aca6e9750b,cand_ad570208670ac32acf1a149c,paper_e66ace61c008f0ebbeae
T2_NUMERIC,3678,3209,sfti_9bc53caf4551fd03cb701ea5,cand_d1994f6123d98d4e30c4b2c9,paper_c24dcbeeaf0e0de9dae1
T2_NUMERIC,3678,3210,sfti_7bef6e12e8a43b6df629727f,cand_c151191af4637a3512df2ef6,paper_66cbcc9c22c0c4d645cb
T2_NUMERIC,3678,3211,sfti_04667957368f9a2c8dc3e82a,cand_6a0b8e2baa820849b160242c,paper_22518db42557aa33c075
T2_NUMERIC,3678,3212,sfti_f68e61a18a0bae603bc38f4e,cand_92828dc60efc4acdde4bf721,paper_29631482265a23ae9c5c
T2_NUMERIC,3678,3213,sfti_274731079ca07b22d2e062fb,cand_f8abd1e0ea824991845e23f9,paper_782f0a0f6237b3871019
T2_NUMERIC,3678,3214,sfti_bb50be2abd3b845b95632ccc,cand_642a7f0442d7fc1cdd230058,paper_e9451b99f1bd10a70827
T2_NUMERIC,3678,3215,sfti_458eb95ceb09da1d79d8065d,cand_9587bc34f32af07e0dfa98c9,paper_e92614718c7b5ee969ba
T2_NUMERIC,3678,3216,sfti_9d5a89f329ea1fdd0f26066d,cand_2dc446fc3d0c1c80dd7810aa,paper_964e9a4598bfe6895f73
T2_NUMERIC,3678,3217,sfti_53af98686ca13b2a791a998c,cand_4eedf83d0088e046575d7155,paper_ed1226d165d2ad665a0d
T2_NUMERIC,3678,3218,sfti_e2bd72c451f380b956183653,cand_045fbca24849b85e9c1e2caa,paper_e9c48eb3301ebda88216
T2_NUMERIC,3678,3219,sfti_06993e25e8fe1ce3d1030895,cand_49e8fb3a15495a1a4e07fcb1,paper_8ff54d2a19ffa09c6e44
T2_NUMERIC,3678,3220,sfti_147793faab0ccf2975f78ec5,cand_df48bd5efa62914da309d3d3,paper_baf7e482899e4dc7153e
T2_NUMERIC,3678,3221,sfti_22b4199f6c3b99c2d57586fc,cand_3d1b215267dfb4628d33a5dd,paper_32f9f4fea8cbf3bf5a54
T2_NUMERIC,3678,3222,sfti_4bbfe2bb51a806547320f480,cand_e3b4de5f6b26f1e6b932c6b2,paper_2c4e6e492f2def8cd020
T2_NUMERIC,3678,3223,sfti_29d0c52c438169155526ae6a,cand_f18506ffb3f1051566db89d3,paper_5ca5aa1d06192397111a
T2_NUMERIC,3678,3224,sfti_84dbda66e697585af8b57b18,cand_c9969cbe0dfdde06c5c60d79,paper_62ba056f9b96eb71a5ef
T2_NUMERIC,3678,3225,sfti_4c6d1a0f609558dde9105b8c,cand_4f2ebc8237a4c04303b59c66,paper_07f0e3315516c7475a67
T2_NUMERIC,3678,3226,sfti_a16efd75a687b157d9053079,cand_fa738ddd03a17c0cba2b10e9,paper_4cbcd513356a1d2d7b3e
T2_NUMERIC,3678,3227,sfti_d6312b3541d7b4e8fcfbeb5c,cand_378160544ec3651d97931d81,paper_09b9fe96046cdf192d6b
T2_NUMERIC,3678,3228,sfti_73a987fa32ba6358d7045689,cand_11a07a9e7db8b3272396991c,paper_7d5aebf7dad543650e12
T2_NUMERIC,3678,3229,sfti_4c2748a380ba2e0b06b97ae7,cand_a5bfc24912bb188c6d406c01,paper_890ef2be2fd45f1127d6
T2_NUMERIC,3678,3230,sfti_e4c36b2c9ef34f583d6810a7,cand_e7b34a6ed6847c3f1394b299,paper_bc82aaaf60e66f5468da
T2_NUMERIC,3678,3231,sfti_6a8fcbbf75da319d00cebd4b,cand_2d34b29384755618ae5ccd46,paper_8c89891cdaa55dcdff15
T2_NUMERIC,3678,3232,sfti_5208476bb89a62a87f87b672,cand_81d33d93aed25c9fb39c871e,paper_97054b57472bb028ae26
T2_NUMERIC,3678,3233,sfti_4ac1ae03635857fba5b48f6f,cand_d305ffb4663f768fec0679cb,paper_366543203c025501ed60
T2_NUMERIC,3678,3234,sfti_1d91bf78d78b81bc58255636,cand_396b0151ae1674d214d9de31,paper_2d881cb8d1a1376b394c
T2_NUMERIC,3678,3235,sfti_bad60a731a25d6890d197957,cand_ab1b1b057b9346a28d28fc81,paper_908b6ec651f9c3279ecd
T2_NUMERIC,3678,3236,sfti_0753f2ce404c9f0cccda3bbb,cand_85d5529c0c892b592ef5d06c,paper_4f31c328a7c95c22c4de
T2_NUMERIC,3678,3237,sfti_6a8f029e3fed322d7bc14d1f,cand_aaa49c9c9e444cebef2fac72,paper_545b45f788f24062a345
T2_NUMERIC,3678,3238,sfti_89fc7a522917f4b46a1ee5b6,cand_529b8331cce46b9fa348e5bb,paper_ba893a0b287fc0db68c1
T2_NUMERIC,3678,3239,sfti_ba9c565a11e8b39af39e24f1,cand_17787f433675d254d749cae9,paper_5a9b7e5a9f7c8c1ba166
T2_NUMERIC,3678,3240,sfti_f16a4304d865c36ffb471126,cand_0f8f9fcbf74d9f2204469c09,paper_fea55ea95297375b89d0
T2_NUMERIC,3678,3241,sfti_2d42e1c98fa8a3f7ca4d2c49,cand_8df2ae9341e39f6cb6359331,paper_94955909662fc0f4ebf4
T2_NUMERIC,3678,3242,sfti_632aa0442b87fb8a2a409e07,cand_3d9a5e16c932d4f102dbdb45,paper_0ce613e2f32acae68fe5
T2_NUMERIC,3678,3243,sfti_cd05cc653d15525dda9da18a,cand_6c38297ebb0f1a8f4b7d1c20,paper_166727dca4c31311fb06
T2_NUMERIC,3678,3244,sfti_65837c4e1bb482af516bf305,cand_f13a06146bd6885937cb3588,paper_3b5376f517a21dde4409
T2_NUMERIC,3678,3245,sfti_bb9dbd5d0bb026f3a8a7cf9e,cand_d1e01adf7848a82155598632,paper_5adcc8e2ca04bcfc87d9
T2_NUMERIC,3678,3246,sfti_320d6d7649454ffcc58651c7,cand_140be7c149d03edfc9365dc0,paper_2175732ba55339f5c6f5
T2_NUMERIC,3678,3247,sfti_50963d246e002caa67810136,cand_fb162f4a4e1bbaa3cb22e04d,paper_86c706cc7c1b31c5b704
T2_NUMERIC,3678,3248,sfti_464cbea376172e4f770d8688,cand_9f7b4f72bc2f16e06231fc1e,paper_d4ec7d296adf27d47a89
T2_NUMERIC,3678,3249,sfti_e40016f7f26673fa0063c87a,cand_92dfb7c5557e433df818d4b7,paper_5565b4dc086c1ca4d22d
T2_NUMERIC,3678,3250,sfti_d0a2226fb75eecee917b551b,cand_a07d9ba243346386f0e4132f,paper_a9dd875727810e20e480
T2_NUMERIC,3678,3251,sfti_cdb49377168d637f601ab7ef,cand_5954d7ecb773d643f777c9b9,paper_cd99825e674af93f54a0
T2_NUMERIC,3678,3252,sfti_029801ec587d8c0d33365a0c,cand_83a6403296d33ae44ac436d1,paper_23dce9b08be913b037dd
T2_NUMERIC,3678,3253,sfti_b40440ec18cd503f6d6a3087,cand_953e5b37067e4fb7b4733d8d,paper_d1e6094c69cf04df5d74
T2_NUMERIC,3678,3254,sfti_2f0e0a707b5aff337e99e001,cand_5528cb784f424b88c035049b,paper_0e42ce275b00cae15eee
T2_NUMERIC,3678,3255,sfti_464fbccc4544398a5eb088e4,cand_6542359c633593d026c55b38,paper_b9c2648598a28dbc45e5
T2_NUMERIC,3678,3256,sfti_a5d3da6dd02b3d54c605028a,cand_06bdfc12cdc9dfd52da93aa6,paper_d0057ec9692b59e85878
T2_NUMERIC,3678,3257,sfti_06678cbf4c76617634c97b07,cand_89d0d29a9cbb8a1325ce9466,paper_e0741239e6b4af7e9060
T2_NUMERIC,3678,3258,sfti_6e146535b93b11fbaa30be82,cand_7c75b63019c75d214cedeba9,paper_75028984950c883d55ee
T2_NUMERIC,3678,3259,sfti_2e8be83236d906577d418896,cand_24c43ca19c49b766ac5c4918,paper_d0635a46f2116c940eab
T2_NUMERIC,3678,3260,sfti_616f61bac495f79c898e0e02,cand_e751a8271844132af090edf7,paper_a0f697f2769682f05941
T2_NUMERIC,3678,3261,sfti_18e97a8b46737cecc6e0f160,cand_dfaa7bf8dd98af8ad50c30fa,paper_85c49445cc84be9508d8
T2_NUMERIC,3678,3262,sfti_cb2a8c3d9c7cc2121604bcf2,cand_cfdbc9f0f3328fbe7ad2adaa,paper_6cb01085fce48cd8b2e3
T2_NUMERIC,3678,3263,sfti_0c8455b50b07b061f3cb7e76,cand_387447bc486a1d42e6dcf448,paper_15fe252af04f747cd417
T2_NUMERIC,3678,3264,sfti_22ab89e1537bfb5b037e1bfb,cand_2981615c2000e2081409a0ed,paper_aaafd1cf52290be1e187
T2_NUMERIC,3678,3265,sfti_e4b95cc492c6ba4d0d3a3d66,cand_8031ce7876648f454f80380a,paper_36e100af2733ee6a2ae6
T2_NUMERIC,3678,3266,sfti_aa7dd01dedf8145e3cb8fbba,cand_e5a028785984cb9cc2475468,paper_d62c80d90844c772db99
T2_NUMERIC,3678,3267,sfti_4cefb05b0ab86a259e965c08,cand_9e70b6c5fee8bbaf8df39cee,paper_9638a9b9407457710066
T2_NUMERIC,3678,3268,sfti_0f20a85b03e9348ffaa82708,cand_63d21bd524bbf5d9f23d861e,paper_c7495d7c09eec5e52ed8
T2_NUMERIC,3678,3269,sfti_9b02d252ca032bf98bf6cd3c,cand_2e54a32e3b0290d4f93a54d6,paper_f8503ebcd0d534154ebf
T2_NUMERIC,3678,3270,sfti_0a5b8a3aedb453cd6a41be8e,cand_41765387c404e0bbe29bd4d7,paper_f30f6ee41d1bce340228
T2_NUMERIC,3678,3271,sfti_34980d162840a6b2052e4b05,cand_c1fa6173bf49e05fecaa26ec,paper_c49ccb174fbc496a5b58
T2_NUMERIC,3678,3272,sfti_bce7666c7d1c851d518e29ca,cand_6492d0aa792592783b7ba014,paper_083fa62561b4443889cc
T2_NUMERIC,3678,3273,sfti_5b635f49e16daeb44f8dd77c,cand_1216366cb2de016216c8a74b,paper_7aff078d2e9781c2b640
T2_NUMERIC,3678,3274,sfti_0bb5dae539adf2981d58d362,cand_090aceb4bbfce94170a07903,paper_ce9dec4ed831452472f3
T2_NUMERIC,3678,3275,sfti_7021505beafe94031a62d2cb,cand_64c02f0f6731ab4d6767244b,paper_f75a51877cad3bfac087
T2_NUMERIC,3678,3276,sfti_6b32d97f0f19f785e19eb8ea,cand_1611271667a11083e69867ae,paper_fb4e7a3a63bf54771fa1
T2_NUMERIC,3678,3277,sfti_7d38942702d51b6a737f3d24,cand_fdc59aab17a9f3ae2596f472,paper_169d152bd78e1f0e9b49
T2_NUMERIC,3678,3278,sfti_0062d7d0eafcb83da17956d9,cand_426cbed6c2acb924cad69d6e,paper_370b9de0cafa2df70ca1
T2_NUMERIC,3678,3279,sfti_bfa3f0bb9917ed432705d4a4,cand_c90b0c3a866096f5aee5ceee,paper_27881da4624b6a406df0
T2_NUMERIC,3678,3280,sfti_0feb020890fbabdf925e05a5,cand_a4a8d796044e6f89e63a0105,paper_b4060e490d5e7ece7232
T2_NUMERIC,3678,3281,sfti_d5b289b5499e363fa018619c,cand_b834848462659fc4c2206caa,paper_e5d9d6c267fc21d77d2b
T2_NUMERIC,3678,3282,sfti_f5d764058ecfa47d24fa1f92,cand_844ac30ed3ae3e9f74eb458d,paper_fb930d159272344a0721
T2_NUMERIC,3678,3283,sfti_5f2241e18c1c90c905e764b3,cand_e519f46acfbcba436f18594c,paper_e8cec3b5129bb5312ae8
T2_NUMERIC,3678,3284,sfti_2ed35c2ba666aa18dccdbadb,cand_11b7702c3e37e17e725f13cc,paper_74360882a4fd3ef23b19
T2_NUMERIC,3678,3285,sfti_9a9e3315afc9de0af23a0b39,cand_0146ce092209a94629d1eb5a,paper_f381f9a0a52c01466fef
T2_NUMERIC,3678,3286,sfti_e2314cbefc5a38f9a772bf9d,cand_8fbe1a71d5b5ac10d19b084f,paper_8a046c008c29850c937b
T2_NUMERIC,3678,3287,sfti_1a647d187a637ebcc3fdac49,cand_757f02edd17bf35adab5b00c,paper_5e4f95cfed598276c079
T2_NUMERIC,3678,3288,sfti_d6de3f659c68aa1adcad5fcf,cand_11c7d47d53590db2a9eaeb44,paper_3d90170a02ec76d9ceea
T2_NUMERIC,3678,3289,sfti_42cad2e82bdd5f7b1b4f7885,cand_0b64294495f8cc9ec638b87e,paper_df45d253c3a9b25b03cb
T2_NUMERIC,3678,3290,sfti_c3863634ef8acab8adfff3cb,cand_67478b72082f07c85e7e7ca9,paper_be916dbf47bd1190bfac
T2_NUMERIC,3678,3291,sfti_2344d253429782e6d2e3ef65,cand_fb2764e214b5699bc22e1aa1,paper_f65e1cf061dc75a3b817
T2_NUMERIC,3678,3292,sfti_0aa00ada254bf0b8e1710b8f,cand_84db425e30958a04a2e2f5d1,paper_2fb2efaeb9b40547dbba
T2_NUMERIC,3678,3293,sfti_13f31462c1ae6236da5ede84,cand_d62ac03d3a8d2a1934c4197b,paper_0c9b21dc345f17575dc6
T2_NUMERIC,3678,3294,sfti_d6e59120d9a07c580f86ac80,cand_4a73bfcb8453555295f37693,paper_6aabe31ff814c94de9be
T2_NUMERIC,3678,3295,sfti_6558334ccaed2764d8d65917,cand_303c11177592fff8c0668109,paper_817baf95fed9d0fdcad7
T2_NUMERIC,3678,3296,sfti_dcf940d58a638ff2afcbb7d8,cand_737594f96aeaf51c21df185e,paper_5ce355c8f4c399651bf5
T2_NUMERIC,3678,3297,sfti_4426eed1ce29898b87f9c3ea,cand_3505b57d0e2cc1016e8f0651,paper_f958223ca2563b6c2ee0
T2_NUMERIC,3678,3298,sfti_dd9dc84dfce03ad12aec7209,cand_b35129c2142145531adcd34c,paper_d5bb0856ca7695b7aedb
T2_NUMERIC,3678,3299,sfti_5908d71924390e16b38d8d66,cand_6b193db097a3da74ea3cd450,paper_229a70bda75d65e03878
T2_NUMERIC,3678,3300,sfti_3497c61e9925bde14ac83a08,cand_e9a4ab4fc16dc31cf72c48e8,paper_171bbac0ef4b02866477
T2_NUMERIC,3678,3301,sfti_aa6c96e9ddab838b2b04b20d,cand_571d8866d7c555241bc57f48,paper_083453b34b1f4bf3a511
T2_NUMERIC,3678,3302,sfti_f2158717ada668ed2d7515d4,cand_c0bfe6c33029498a260eeba6,paper_c88fa716da4fb68afa81
T2_NUMERIC,3678,3303,sfti_1b2c14594dab72dc38c9a982,cand_70c295510e6fbcadde146a00,paper_6549ab238decd77f0d36
T2_NUMERIC,3678,3304,sfti_326a36ad43dd49af888ea0cb,cand_ef8339750a958e56af381fc4,paper_d82adf03b07ce22c3b54
T2_NUMERIC,3678,3305,sfti_78a0093a5e5131b15558921a,cand_3f265682f33b47dcc2fb92e3,paper_2b56bf1fad41ce819b04
T2_NUMERIC,3678,3306,sfti_c08a54ec58a509c102e65d91,cand_49fbd294ed7444720ebe5f3b,paper_2f4030b1e5c2b75fa04a
T2_NUMERIC,3678,3307,sfti_f5de6ad2469908517359a58c,cand_a5178ab499c61082bfd2ad77,paper_974fb714ec6870c7868d
T2_NUMERIC,3678,3308,sfti_3da29b7963d6d284a88592d7,cand_f0fd0f3e2dd9a068653a51f7,paper_0b034a0d6b0a5bf01d4d
T2_NUMERIC,3678,3309,sfti_6c953a9ef7fb3c4145032c72,cand_0a1e661614180922f00dcdd7,paper_7dba6cb3e3d5e86994a3
T2_NUMERIC,3678,3310,sfti_86d910498acd729941043c0b,cand_58c6e7daebbb1cb1e6837911,paper_4fdf48b1c1f6829863fa
T2_NUMERIC,3678,3311,sfti_7bd935ad5a793efc70cdc315,cand_89445414e8103d6bccdfbace,paper_89fda2b1fae52af29ea2
T2_NUMERIC,3678,3312,sfti_bc0b5a1e36cac8c15f54f667,cand_e7eae11417c7b33ae6ef8366,paper_1929f7cd87eef5deef5a
T2_NUMERIC,3678,3313,sfti_66e7ec2c7c78eca56126eb92,cand_0bb85501adbba124349334fa,paper_660368a4127cdf5bd6ee
T2_NUMERIC,3678,3314,sfti_68018322160e080d32872c2e,cand_67aee10f1c30947a15b5eff0,paper_664bbbd2927cf5a8c793
T2_NUMERIC,3678,3315,sfti_6efaa77b96625cfc49c4f3fd,cand_75f315da4c25215ce60ed8df,paper_81b4e1ea1b99d3abd617
T2_NUMERIC,3678,3316,sfti_aae71c7842fe20ce90fb21e6,cand_edef079f70d42425939fb6ea,paper_7aaade949bb14c05bfe7
T2_NUMERIC,3678,3317,sfti_e63cfa799f9fef647a27d15d,cand_e5014f3eb7e644e813f2a09f,paper_8e32e74457d3a767dfc5
T2_NUMERIC,3678,3318,sfti_ba9d94d23147ea97c812c25e,cand_f3c804536238eb1d716ce01a,paper_4f1ab823cfd9f70682e6
T2_NUMERIC,3678,3319,sfti_28667c75653e5cbd97b52512,cand_50a0ea6b4eee0350a8529652,paper_89e5d5d70972f39a5320
T2_NUMERIC,3678,3320,sfti_1dae17e41a39cc96a0c2d303,cand_c65c0f031033dbd554675a82,paper_6bcf74cbd6b92531a34f
T2_NUMERIC,3678,3321,sfti_e76c8d7721d911b26176e0e9,cand_a9a0c97a515b351fc113d16e,paper_6a3930f614a5b0685194
T2_NUMERIC,3678,3322,sfti_de88d7e0936e6ce70b0da633,cand_bacadfaa9b8af4ae27e023e0,paper_0199bd2da3a1c6ae84f4
T2_NUMERIC,3678,3323,sfti_0e17c0c95e170e17a464bd37,cand_6d03057d372aba3a456e5af0,paper_b90f1d01f87532c03ee1
T2_NUMERIC,3678,3324,sfti_e53f72ee473782ac250fafa2,cand_4586e13a36018e2bd6403003,paper_69f7388134bb5baddc3c
T2_NUMERIC,3678,3325,sfti_52b7beaf99985c614bceecc5,cand_0b538ff067d61a3b6be8f297,paper_063a8027d8086e50cb66
T2_NUMERIC,3678,3326,sfti_2054499121a11eca9ccd26af,cand_3d37c75f77c23804174a9509,paper_258756920680bd1f8b41
T2_NUMERIC,3678,3327,sfti_1b7ee3b7397f844381505d84,cand_2718120d6b2582e027ecd64e,paper_5cb8db5c0d334bb45ec9
T2_NUMERIC,3678,3328,sfti_f7c89f7b040d2c7cda65f537,cand_ab9db8e11b2397e148368f77,paper_369353ad961a699d2837
T2_NUMERIC,3678,3329,sfti_e081a6c6b6dd4744fd7480d4,cand_23fa134e52632d9f906590aa,paper_8c839b9120e4ee048bb7
T2_NUMERIC,3678,3330,sfti_b1eb09b1ee7d38c2fd7c23c2,cand_cc5fb803ad7b1b27800c3b1e,paper_2cdf2c4c1a28280b7e7e
T2_NUMERIC,3678,3331,sfti_6bf409a6cb922bba8b42f083,cand_887d20b07eb364ff7d2ff9be,paper_a94d2ad962132cfd24cc
T2_NUMERIC,3678,3332,sfti_7949558f8ace331b45acf7e5,cand_43c73313713ab0d6704a44cf,paper_cee2d0d3e1876eb73b39
T2_NUMERIC,3678,3333,sfti_ec23ab56d67183e3ae4d60c2,cand_e3a21b6bf09224a7d10162c3,paper_aea223f0ad33690bdefb
T2_NUMERIC,3678,3334,sfti_4454ee07dab4a5b014b07bad,cand_42afdb585702f9ec4989cff1,paper_a7848c6c4a9124568eeb
T2_NUMERIC,3678,3335,sfti_c8d9247c35952580cf0147d0,cand_5549347ec50a81479730feab,paper_aadd6adaf7e7776d1f64
T2_NUMERIC,3678,3336,sfti_42a6fd027563f786ba4566e6,cand_dee4017003bebd9eb1c325a7,paper_81299702e47fe70c2f7d
T2_NUMERIC,3678,3337,sfti_2858d46ec43d5b047760e20d,cand_0a17b9c74eb6f48ee4e127c1,paper_44d79256d8a5312b7ada
T2_NUMERIC,3678,3338,sfti_15d08af5f80cbb7847f8d7ff,cand_07f7b4c3c41722d837652c5b,paper_e64d61732e6aa5e667ac
T2_NUMERIC,3678,3339,sfti_358504e8e8c7def195e5f7f3,cand_b8110171bb3f0f340df59f7f,paper_7dc23c11a92281e380a2
T2_NUMERIC,3678,3340,sfti_8c8f94502b1bc67b5e034bd7,cand_8767373e07c1d427ab0a197f,paper_6ab82d7f74d54ba2b45b
T2_NUMERIC,3678,3341,sfti_53c0629ca011c0c10ff2e6df,cand_1b06c32eb5dfde44c8b2a1fa,paper_be0e7d5b81995f9db5e7
T2_NUMERIC,3678,3342,sfti_870ab6414a71bb30004991e7,cand_2973b798c84dac867e5a2959,paper_b0bb506c29582306cc25
T2_NUMERIC,3678,3343,sfti_1599f0abf151c8f8916b49b0,cand_66a0fb06790af9a0b5f39a9d,paper_f5290df23f6ebbf4d530
T2_NUMERIC,3678,3344,sfti_af2255c316f98e8a660447a0,cand_852aaf466f769b122e4a88a1,paper_3215e9f1742562ad079b
T2_NUMERIC,3678,3345,sfti_eb183576146979f075bf9f13,cand_77750c69975026b0805ad24d,paper_4fe3a499c98362690104
T2_NUMERIC,3678,3346,sfti_ce75d3f9ec3f0d63e4ec104b,cand_65c8d5c4eea9dd777e44c090,paper_bfc0c8414856513ea244
T2_NUMERIC,3678,3347,sfti_9067b067895197c4d1319f23,cand_4345366302e25a5a8738320d,paper_672820ba66c7092900cd
T2_NUMERIC,3678,3348,sfti_3bc0b6fc06b03b99292223eb,cand_679c7ebfdfa48a20528df4cb,paper_73dc6842ac0f62ccc904
T2_NUMERIC,3678,3349,sfti_ecb043099c84c8d363cde7b0,cand_f0ea19b9a93f618d812c536a,paper_acef42607abe11ef888b
T2_NUMERIC,3678,3350,sfti_9db5156499ef6ed4db0f4dcc,cand_720eefecb03861e8233405d0,paper_5a3e71193efaa78970bc
T2_NUMERIC,3678,3351,sfti_54dd421c1acf2fbec30aad66,cand_c44efc8992093281c392f49a,paper_6dea042420858e16f3b7
T2_NUMERIC,3678,3352,sfti_223281476dbf987aaeb56f73,cand_1cc228c8e7c9db39d1b4b25b,paper_eddc5d22611e6979656e
T2_NUMERIC,3678,3353,sfti_ac81622d5f5cf49f2fd59173,cand_54900e6050f76c115efab6ff,paper_7d74f52644d513698ed3
T2_NUMERIC,3678,3354,sfti_8cbe17edadb1e83810c6e45d,cand_65f87f9baff2cc6bdfada4a0,paper_5a950095cd27f4047930
T2_NUMERIC,3678,3355,sfti_1596663a0071d4f77a01ce3b,cand_eedc87adb4b54a5f67bd2b60,paper_fe3a5ab86b7888190097
T2_NUMERIC,3678,3356,sfti_7dbb278fcdcffe1749a69d41,cand_e0083b50084abcc27d06519f,paper_3eaca8f4077da8e86595
T2_NUMERIC,3678,3357,sfti_2ffe08dba094f5ff096552f8,cand_343062c4c2b6853225c5a678,paper_122ce5784931a01456a5
T2_NUMERIC,3678,3358,sfti_0700638c649157a5fefedfcc,cand_d56586024a73bfde0633ce00,paper_32ea73c0ca7c36f3722d
T2_NUMERIC,3678,3359,sfti_572500e1101c98fabda1ad69,cand_f9a05e7b6a65624c12f30e25,paper_7cd1f80ae0395836d825
T2_NUMERIC,3678,3360,sfti_28e903b23e870febcfc98270,cand_6ddb08906ed61270421a6fda,paper_1a5a5643c69613aa0d3c
T2_NUMERIC,3678,3361,sfti_331647ce28c0222cefdf367c,cand_a23665496ad963b3f6a1dcee,paper_226c3f8c333a117c19f2
T2_NUMERIC,3678,3362,sfti_399e1d04714d32b592e7f149,cand_329f7467ba3519090d3af284,paper_53745b1a37f0f605a819
T2_NUMERIC,3678,3363,sfti_151c69a2536cff3fef27677d,cand_3b316f9ac4d892810ae90698,paper_3f3d0e48546e4ff42f4c
T2_NUMERIC,3678,3364,sfti_81320be0032d6797df791745,cand_b3937f9d5210424db5ca3b3b,paper_c182b34bda7dc629ef5a
T2_NUMERIC,3678,3365,sfti_ae39927a9d1faeff149fa085,cand_ee72fbd6f14d3dd89ef3d4fc,paper_e32ff121a88635b9567c
T2_NUMERIC,3678,3366,sfti_e1119fb9152714f262a30641,cand_96e22cbb16732bb5259d5fd1,paper_bfafb1f783cf1c10b709
T2_NUMERIC,3678,3367,sfti_111705ff29522ccedcd99fee,cand_8ac1f6011857b1f9c1b5eda9,paper_0ec8a1fff8943d1ae2df
T2_NUMERIC,3678,3368,sfti_903f8d0071d1ec6b1858c100,cand_f332d30ff5049b8441fea73d,paper_3fa14c53e2d79e3ad20a
T2_NUMERIC,3678,3369,sfti_7b0da434a4536b410fdbafdb,cand_cf97897ce974b37695cae395,paper_dec8e545ef1e3441ee9b
T2_NUMERIC,3678,3370,sfti_4ffcca702447cc42a0fa8b0d,cand_b8205d21d102300e35229400,paper_ce1163eb5c6947b3d79a
T2_NUMERIC,3678,3371,sfti_22b6b2fa4c9e7623abaed229,cand_963b0510f5804d84e4b6edd5,paper_6cf5f6f38da91c39d03f
T2_NUMERIC,3678,3372,sfti_f5094b86ac46c10f12bd0509,cand_3c8e4420a9ae5e33c38d2786,paper_abe7697bd530fa52a28f
T2_NUMERIC,3678,3373,sfti_cb459abb8251a0c796fcad25,cand_15ae18d327a71a6ff351ce02,paper_b0e9eb2848ba1c224022
T2_NUMERIC,3678,3374,sfti_753e5d1df9efdcfc2779e6c4,cand_e1c0c4859cc69f5df7dcd5bb,paper_41969b2a5efedb22cfed
T2_NUMERIC,3678,3375,sfti_943a4f4b326e8af00bd06010,cand_4186e3b4efab45b7f4552fd2,paper_867248425c354151c78a
T2_NUMERIC,3678,3376,sfti_4ea3a6bbdd8646310b68966f,cand_c593ba8112031e622144992c,paper_39478f8dbc9276d1b5ff
T2_NUMERIC,3678,3377,sfti_017316eb03cbbe9f8ed7bd89,cand_197519f0dd61e48cb3e74a24,paper_6445b8c71cfc27098a19
T2_NUMERIC,3678,3378,sfti_bf412ad2d4e72fd0afb863b5,cand_d65173db2672ef37e20649f0,paper_57e0d2b061547e81fe80
T2_NUMERIC,3678,3379,sfti_5c86e8a8a8ffaae53074f1d7,cand_6767f8e34cee44ef793cb775,paper_71efa30c4894c1d655f8
T2_NUMERIC,3678,3380,sfti_da5d4eebb4dbcd9aef492bd2,cand_5b099115ca22046fd9a4fd6b,paper_93ab30d33d5d512908f9
T2_NUMERIC,3678,3381,sfti_33f049f84eb78f96948ab7f7,cand_7df83e02933f8b3a8e9434f3,paper_87938812c0715e3e4672
T2_NUMERIC,3678,3382,sfti_78c32b4961c9e8958d425d6a,cand_1d0cfc36b072c69040ebe113,paper_462564d91183c05007a4
T2_NUMERIC,3678,3383,sfti_d5464d914cc0f0a83188e4ca,cand_8925bf79a934196afc36eee7,paper_76556fecca66ba0e9e6a
T2_NUMERIC,3678,3384,sfti_6f839201a8125d2ccad753dc,cand_704c862e6810807c957c0bda,paper_214d06fafbe5b2033c31
T2_NUMERIC,3678,3385,sfti_b596fadd5f5fa1b2f122b2a5,cand_4386b9e0003c2e9eb42112e8,paper_a029fe615c3acdd6ae56
T2_NUMERIC,3678,3386,sfti_32f9a196232068d07ab57031,cand_71b5a02481bda66110334802,paper_4f56eb43f6a9f68765d6
T2_NUMERIC,3678,3387,sfti_8f18157b8da346dce4bb61fa,cand_11f7cbda2bd84291cf8d7be0,paper_edf34128fd562d5d7109
T2_NUMERIC,3678,3388,sfti_e9913028d9846eae508d9c61,cand_2321d57130c0a338f1a0f0d7,paper_bf3e76e2793a39a4b709
T2_NUMERIC,3678,3389,sfti_f9d39b1fe5a9062215999420,cand_416b068ca1a4316d1dd3912a,paper_01ae4cd09750e14709a0
T2_NUMERIC,3678,3390,sfti_cc65827957ec37f11a7b9b4b,cand_69b618800f4418662ddb7ed5,paper_87be139223c2bd606a81
T2_NUMERIC,3678,3391,sfti_8e941aaa45d2dc0f99bee195,cand_8bd7866776924546c433d70d,paper_40ad1ca31f69049b9c34
T2_NUMERIC,3678,3392,sfti_42a38ec6526227071fc53c39,cand_382ba6f1c8753ddc7cdf8224,paper_3af5860f6f122a895eb2
T2_NUMERIC,3678,3393,sfti_5b50a984825f390176caa726,cand_9f1903d3aac43674bb15b101,paper_c9fdc8cedb5be40f0dc1
T2_NUMERIC,3678,3394,sfti_051b61646c47b0f68dc86be3,cand_d26704ad6def66b419d35890,paper_06d9e29054e6f8bf85d7
T2_NUMERIC,3678,3395,sfti_a16abba41405dda1ecce9740,cand_ab81ef309dd10e0c7ccfff2b,paper_aa9d7fc4331799659cfe
T2_NUMERIC,3678,3396,sfti_1e303f157c8fddf249965cce,cand_a742b1311ac143375504d186,paper_ab4bbcc8857ba3557148
T2_NUMERIC,3678,3397,sfti_bc5268a13515f435a85fe0cf,cand_c4506969c7f237f0e259cd38,paper_44c900579a80dc2c3e19
T2_NUMERIC,3678,3398,sfti_3a41ef50271ae8b15f7ec121,cand_28af60e2c10624ea7a1de54b,paper_2fcc3dcbe371ec40710f
T2_NUMERIC,3678,3399,sfti_220b31d1f4a7620e7a85d0db,cand_ceb8c3e1f5191fb2381537e3,paper_c982d4182089a90e2a96
T2_NUMERIC,3678,3400,sfti_e3fd2f4cf33c5b9441c27401,cand_58a2744f3c8328960e5dc43f,paper_347a5b1658801d734112
T2_NUMERIC,3678,3401,sfti_9d5d2050a2cdf913a8c3f1b5,cand_a1ce303aecee81fe7303792c,paper_922e19bc2468753745b5
T2_NUMERIC,3678,3402,sfti_e408f87edf657c9fbd0e759f,cand_7405d90623e42a081e73f5b8,paper_a5f1e11de5f0448369f5
T2_NUMERIC,3678,3403,sfti_400132adeaa4ee29cfbacab9,cand_38b045a3606904436d0b1c9c,paper_7a141eb7ef1f59f479cb
T2_NUMERIC,3678,3404,sfti_562f8f22525b5a70644e7e62,cand_95dcc088ba757b96d0575e40,paper_1f775b57bd412a071844
T2_NUMERIC,3678,3405,sfti_c214a822d11ebe774ce745b2,cand_b839f4eb29377006cfb0b049,paper_a090533a9bc941a8e914
T2_NUMERIC,3678,3406,sfti_e8df2ca449be8721ca4131c6,cand_8edd7fbb0c600525191c0a93,paper_af86becd1d44297317eb
T2_NUMERIC,3678,3407,sfti_d34af0eda545fabab90be8b8,cand_b0ed031416683c30ad2d9862,paper_62eb7922d1e559ef503c
T2_NUMERIC,3678,3408,sfti_6d4030c8b1705f87ab00c8bc,cand_22a3aefd5ff2b3e55780bbcb,paper_9fabef626ef961aa28c9
T2_NUMERIC,3678,3409,sfti_a71042454ed131347d3b03da,cand_ba028f88a1cba32be195c0ce,paper_f913304731279218e7c3
T2_NUMERIC,3678,3410,sfti_8771405f0d800cd4e65646eb,cand_00d6dd3e2db4e525caa48f5d,paper_def9d9309b4003de0ded
T2_NUMERIC,3678,3411,sfti_ecce512e1bb83bedd573f194,cand_63ee6f65b1737ede382a6a94,paper_752b87d11b844759f3ca
T2_NUMERIC,3678,3412,sfti_8365837197a22bb0681f09fc,cand_650c31d2607c92afd615b6d8,paper_ce646a57e074e1cdd0d7
T2_NUMERIC,3678,3413,sfti_f6ac3f5a00ac8beaec329437,cand_69a56f68b4ecf3bd6224f15f,paper_eb53a568018997d7a5a4
T2_NUMERIC,3678,3414,sfti_d571151f8efb2b8a1e946358,cand_5bba152eb8f203ef8996a2cf,paper_d7a0aeadcd3541bb384e
T2_NUMERIC,3678,3415,sfti_4882f7c36123ea7f9963c893,cand_54fac8cbb37fd2b5e586caab,paper_36d630f627cf67853127
T2_NUMERIC,3678,3416,sfti_1f379c19e71ad8d613e12f56,cand_dbc9e78c851064e8a6b432fe,paper_6a2566344144df787916
T2_NUMERIC,3678,3417,sfti_89fe8e9ff1b23d0b9e3cf8ee,cand_cadc5da1905b484ff72e4850,paper_23bc6223ed3b36fa514e
T2_NUMERIC,3678,3418,sfti_6d562f1f8a809ea30b93f733,cand_97a4b30c15a1c15b11e81531,paper_201ccd1a0144f8ac3399
T2_NUMERIC,3678,3419,sfti_0eae3eec121b562a42e7cb82,cand_efb616bd1160259d31ff994a,paper_783174359f20ba253383
T2_NUMERIC,3678,3420,sfti_677bd88dfa575ee1be1b99a4,cand_c94cb8c4632227fb688911c1,paper_1850d9d0595fc4db1d19
T2_NUMERIC,3678,3421,sfti_61db308dad72d78af3abe314,cand_8f80f38606e9987c69df6f22,paper_1818ec3ee88fcf4ec16b
T2_NUMERIC,3678,3422,sfti_9d880dd4f68474985c7058ea,cand_5ccceff2947ab69f45ccfac9,paper_d70ed00ebaa890cfda32
T2_NUMERIC,3678,3423,sfti_954d2a0cc303d82066823f0f,cand_23040172a9240558d86e1cfc,paper_869e1908a0428f3ad7c4
T2_NUMERIC,3678,3424,sfti_eb0b0cf49ba096d8f8d596ac,cand_4e85219e500f5d935a302615,paper_eb85f70cd612e1e282fa
T2_NUMERIC,3678,3425,sfti_625b2e80b32343bc248c884f,cand_6be0a2941b59f19c8698de41,paper_b85cbfed3a7df0f91bff
T2_NUMERIC,3678,3426,sfti_c5f75701e36044429bb6c1d4,cand_d9009141f2db0dc564827f39,paper_c6d38c3088f9d3f12a73
T2_NUMERIC,3678,3427,sfti_8f2c14109504c6651dec6169,cand_dc3f44bfdf7c7e1dd9fc5e7e,paper_bddeaedeae51b7fcb2c8
T2_NUMERIC,3678,3428,sfti_3830f3cba65f07526808fdbc,cand_9bcc2b6b41392e8fbe8145c0,paper_ab640ac2150e06496e16
T2_NUMERIC,3678,3429,sfti_82746e5b269b6ca8e5226b5d,cand_8867102203d6e1df591599ef,paper_009e1ffb00faff097f0a
T2_NUMERIC,3678,3430,sfti_c70ea889ea08170f58f383b0,cand_844ca4afa0a3dd3e6836bb0b,paper_f656dadd65e5d8d9c09c
T2_NUMERIC,3678,3431,sfti_002c98154d4944afe8a1e848,cand_d10e3fea1e28ef1fb1cf4a34,paper_03cdba0d9cb94685678b
T2_NUMERIC,3678,3432,sfti_6a38631ea37aedefaa96738e,cand_be75d4f1602f74a579d25207,paper_69fa8302ed65d234bceb
T2_NUMERIC,3678,3433,sfti_4ac695795d27252b76cb9514,cand_7a1eeec51ea83f1a625ca233,paper_0c7faa8670b4eda51f88
T2_NUMERIC,3678,3434,sfti_eed3922e1b720cd98e9a6f80,cand_e0d2c85097d9ec5eae5b0c6e,paper_7344d9e42f81f8d6383d
T2_NUMERIC,3678,3435,sfti_e973e62712af4a6acf8d9725,cand_504e09396e62ac5de14612c1,paper_a15261b81ed3632a5f9e
T2_NUMERIC,3678,3436,sfti_4ae1413e425d1f3bb81a0e87,cand_878270ee62b8a3e3ec34569c,paper_e0541593a359d8a87a28
T2_NUMERIC,3678,3437,sfti_e5b02bb8e88032525866e27e,cand_32b27e782f4238bb0a3620ba,paper_c0fbf7e54518e5b9cde9
T2_NUMERIC,3678,3438,sfti_59e542868ea449926e61a039,cand_b7c77bf60ad8cdc784a98c42,paper_585a1342fa701de95a25
T2_NUMERIC,3678,3439,sfti_c5ab6935f8e5bf08f7815782,cand_c13325b0e2b3c0711e09337c,paper_6482013036e9e86dec50
T2_NUMERIC,3678,3440,sfti_51725a33445de4a209cbbb23,cand_8da58fb4ea99e6103e9bfe7a,paper_a26f7bca44a5957af749
T2_NUMERIC,3678,3441,sfti_d452c4bf36a40224760f1522,cand_7f12b484f4ca35a858ee1397,paper_131f8159c96f54d575a2
T2_NUMERIC,3678,3442,sfti_a0d80a6b34c163535a52bba4,cand_4d483481fda43e0cf44d7965,paper_ce5f00d82605fcb001c4
T2_NUMERIC,3678,3443,sfti_0e37fb0c1e5a36c242db53c5,cand_dd7fbc9fbefb84bec5e47fa2,paper_fa6d8b29b5bd32048979
T2_NUMERIC,3678,3444,sfti_776a525f9f21501cce4cba9f,cand_dda12b7c75fd88e2197039f4,paper_16e3b97c39963ad0d408
T2_NUMERIC,3678,3445,sfti_dafe847df172d57982163576,cand_1c90c8103c3815de189fd3a4,paper_7948b462948f5b111cc2
T2_NUMERIC,3678,3446,sfti_b95da45595eccdc18e238734,cand_fd9244794740d4fcc3b8cca2,paper_0126a2cadbceb87b4495
T2_NUMERIC,3678,3447,sfti_c3c62192777dabf319c72565,cand_5f0419aa4bca30e9db527946,paper_60f2e60b844747fe802d
T2_NUMERIC,3678,3448,sfti_c8d1d781bc2c6621f5257bd8,cand_4f8c7848b0ae4ad61567cbd4,paper_0f02388cc6596059d73d
T2_NUMERIC,3678,3449,sfti_b14e3fea8f80e28c8f4b442c,cand_755ad21567ca42fb5eab0a51,paper_61dde0d2a2a09708c269
T2_NUMERIC,3678,3450,sfti_b4102633b779e82cfdfea7c9,cand_ecf02d6ed6ac4be6d926db9c,paper_2132468aaf51509ba44a
T2_NUMERIC,3678,3451,sfti_9400db4f38b04e4b67c07107,cand_8746f2e3d8f0df418d1740a7,paper_8db0fa20c03e47048f72
T2_NUMERIC,3678,3452,sfti_03365ef59f20e75439b98138,cand_1112edd7643b03a698d0383a,paper_220a124e6cb07f9f4a46
T2_NUMERIC,3678,3453,sfti_23de9fe124a8b3da8130c366,cand_70d20428abd3696df103896f,paper_4776df45999b42cf21fe
T2_NUMERIC,3678,3454,sfti_646c303525938362ca54fb2a,cand_e42b5c85d8a6316be3f86b0f,paper_00ce7fde2c30dd5b48ab
T2_NUMERIC,3678,3455,sfti_9096dd5f98b0e5d509129191,cand_1ec1f005df3dcd5ecf10c166,paper_ea0d0996e01f5ba956c4
T2_NUMERIC,3678,3456,sfti_2ec15fab78c1011a9960d152,cand_dd81839f1691938a830bbd49,paper_ac4d2f9b1c56feb41b26
T2_NUMERIC,3678,3457,sfti_ff1745fb2fe443a7aa62f163,cand_badb39114db3936dd63d02f3,paper_ca5062f04a73b5342113
T2_NUMERIC,3678,3458,sfti_5e6f58a232185d47c9cedcfe,cand_298757306e8f54dc05c60720,paper_2dd21d283cb3890b0651
T2_NUMERIC,3678,3459,sfti_1087e81d4cfcd3d75b5dec70,cand_d9e583f8de4e0003256e6fa7,paper_471d115d1a36a551996f
T2_NUMERIC,3678,3460,sfti_2037f2fa5b973cdf397ca60b,cand_89755faa6d95eced45def891,paper_3c8fc2365c64f7a1a9f8
T2_NUMERIC,3678,3461,sfti_07d6035d2024aab397ec36eb,cand_f316d054ea02afdd5692df06,paper_c35f24f154d422c07108
T2_NUMERIC,3678,3462,sfti_9b8d2a8c6be4c7178650fe13,cand_8d56d6be761c55cde918b4ff,paper_8af94154beb2a5df2697
T2_NUMERIC,3678,3463,sfti_c7b6bed32942f7e98d45bf98,cand_ae4edef071b63a688bf4ef3b,paper_4c2d2f3557f22a5addf1
T2_NUMERIC,3678,3464,sfti_88c28a650959971b9e1348ee,cand_8e3fffce57db3bd246554727,paper_717c27ed0f4ae381c164
T2_NUMERIC,3678,3465,sfti_4dccc12c0ab9964384b05cb7,cand_4175d5da1b2c2956dfe15c90,paper_cd2731529183196f2bcf
T2_NUMERIC,3678,3466,sfti_f541b25caa2c757d84704533,cand_74856bf7abce19a9618a8acd,paper_ffd162dab133003ee535
T2_NUMERIC,3678,3467,sfti_f65b7bc6911b214c68bd2dbe,cand_8a70301fedff51e4ea4aa4d7,paper_e3d8928cee28521c5c57
T2_NUMERIC,3678,3468,sfti_f86817d9af57103d1f0ecba5,cand_52236c56abf0cdad565db08a,paper_e1a4e627071aff86f5e1
T2_NUMERIC,3678,3469,sfti_01b6abf79a58ff2a62fb77af,cand_f5fbe65ffd2a3d934079bcea,paper_a4bb65c2fe1a69894fbe
T2_NUMERIC,3678,3470,sfti_734e3e8517c8153a9bb6dadf,cand_863b3e615bf788eee6f31ea6,paper_562f4943c6e8b3a8d804
T2_NUMERIC,3678,3471,sfti_03b5d1c15fe4f3a74d2cbbe7,cand_0a5469056211bfc881947c55,paper_f0583650cca2040db9aa
T2_NUMERIC,3678,3472,sfti_affb4dc60ebf00f9126c1247,cand_a0151b4d104f8962bcdd0a8b,paper_0bdee45a81a51102cccb
T2_NUMERIC,3678,3473,sfti_cb0dc8f444e003745ff16465,cand_043668dfd52729cde1a33550,paper_dae165a535b6dc4f98ae
T2_NUMERIC,3678,3474,sfti_c9140ea211f13dbe552a7f11,cand_4c982a24140735515e71be4a,paper_c9076bad50255c56eada
T2_NUMERIC,3678,3475,sfti_5a28f9c7c5fd1546b74ed458,cand_036519f8254df6e0b708e9ef,paper_d3701df2622169ea49d6
T2_NUMERIC,3678,3476,sfti_22506467668de53d66c7f075,cand_6a84612e9d80c0bb8a058178,paper_e64e81499208b440427e
T2_NUMERIC,3678,3477,sfti_863c9303905e708ec89a317c,cand_53ebe3e409ee1daa8efd3f53,paper_06f28f494ab4fc8cbfaf
T2_NUMERIC,3678,3478,sfti_1a5fbf1a1aa7b6550c546b39,cand_44857cf1cbb8c3cb289b67b9,paper_9b42a9d51098cee184ff
T2_NUMERIC,3678,3479,sfti_ece0522e4ccad5e3f4c3db5e,cand_3117408ccb5bbb2b7ae84b51,paper_d1b552e814f2835253c4
T2_NUMERIC,3678,3480,sfti_77e95b1ec25ded0af8fc72c6,cand_a05a2c0c2b0e5928aa9f31f6,paper_cc9ed1f379259d9c2e94
T2_NUMERIC,3678,3481,sfti_74126fb35f063e3b08533251,cand_100dff22dd6f851305e1cb2d,paper_e2e0c362cc5cf9a852af
T2_NUMERIC,3678,3482,sfti_364daa35f6fd6b3867835a2e,cand_37b9161eef0bc6f42b7c7fb4,paper_f378b66070e11c3c934c
T2_NUMERIC,3678,3483,sfti_e0141901ac29fd8ed59651f9,cand_cf0455b5856db4fb7c239105,paper_32588ab02863572afb45
T2_NUMERIC,3678,3484,sfti_fb099a7794248c29a5c07327,cand_7dfd616176ef98dee06060c5,paper_5b949d20881bc4e7c88c
T2_NUMERIC,3678,3485,sfti_c03045992e85ac123e6a324d,cand_b79476e01eb76fb9305222c3,paper_e8f10ce67050b81e5490
T2_NUMERIC,3678,3486,sfti_46eb555369c1da90a16c7689,cand_43c7bcc27cab21ae31d4e388,paper_04e03066f4102df0b9bd
T2_NUMERIC,3678,3487,sfti_d7a1dc9653c09a4ff5bb47bc,cand_c1f395226abddd86d3aa8d5d,paper_0e2dd7108794ac9b6f39
T2_NUMERIC,3678,3488,sfti_736bd61995bc053c134dc9b3,cand_39bc2753377bdb4fff2c35e7,paper_d8dac68269c10d6d1dde
T2_NUMERIC,3678,3489,sfti_c7364325f7cb26d3ecb75982,cand_ebc9dcf26aaa3179d3d096ee,paper_47cebef9e3b773142526
T2_NUMERIC,3678,3490,sfti_15edaa3bbec725afa3aa999a,cand_df4def638681eca2f42729f1,paper_3f61f4ceb06e5ae14844
T2_NUMERIC,3678,3491,sfti_b23c045d6559b4f3d264528b,cand_74566acc8e73cc81b15b9278,paper_107db4c949cb026c7265
T2_NUMERIC,3678,3492,sfti_157c4f5da90f69db37765645,cand_a9b8c8c02a93464633cc4d1e,paper_99b91e4391be449bdb00
T2_NUMERIC,3678,3493,sfti_fa67e1506b59794e94d8348c,cand_81f3cd44284cbaab0a6b5453,paper_95388a63f2873845bd78
T2_NUMERIC,3678,3494,sfti_428a8aa5bf60b6fcf7bf0fc6,cand_6fbcfddb324fb1b997979c77,paper_30af98fd045e6e063607
T2_NUMERIC,3678,3495,sfti_37a2c33c776487411c8a7903,cand_da7a0656f5b105f718244589,paper_b35bae27d796b009e0df
T2_NUMERIC,3678,3496,sfti_fa9f58c5e207d9b08f89f28b,cand_57639edf67bfaa76c544f0a0,paper_04e78ff55c7a3c70cd95
T2_NUMERIC,3678,3497,sfti_e737660c07152d51a007ffce,cand_c941321d900397cb77456c8e,paper_711883789f83c2f2a3b5
T2_NUMERIC,3678,3498,sfti_f1dfeb9b1397719ba2f310ee,cand_29fc6233ae8db51dc450950e,paper_99b1113a442b4f68d2be
T2_NUMERIC,3678,3499,sfti_9dab2aad170079ec27f13f99,cand_4c0ecd4b203a75fe907d6a80,paper_62b3091e260a0767cfbd
T2_NUMERIC,3678,3500,sfti_21bb503b68e36cec3d096d32,cand_a5b6455d1defdb9022c5b51c,paper_3fc5ad888280021a152a
T2_NUMERIC,3678,3501,sfti_bc2af8c8713dd78efb960f7f,cand_3bc3edf4013cdfe499cf4775,paper_32c0694947af1a320e1a
T2_NUMERIC,3678,3502,sfti_73fd7541e90ffeef80e3d950,cand_2d19d184b1acd2db696045d0,paper_583ba179ad1bd014f19f
T2_NUMERIC,3678,3503,sfti_2bc5d1f201fd350025829988,cand_0699bd5cacee7ce88b478e62,paper_3385b1bb39a8e7617d18
T2_NUMERIC,3678,3504,sfti_53157058f3fb3afbe925ec0b,cand_74e86e44179266cbfe3b245c,paper_2e5b0db9629fafc6d581
T2_NUMERIC,3678,3505,sfti_cb34c82451e6f3bd6583dedf,cand_bedb85c5db937953c1340023,paper_8895ea6c90c08e015ed4
T2_NUMERIC,3678,3506,sfti_f31874d682d03d8207dd5bff,cand_48e6f9c80e22eb7ef9e2acb1,paper_eadbe456d02d8029883b
T2_NUMERIC,3678,3507,sfti_15d1bea8a73da562d068a5f3,cand_12057c15649bca4ddc0b9f6c,paper_ea4267fba8d94a8c033c
T2_NUMERIC,3678,3508,sfti_5475c895f07ebb5acdd1af36,cand_90c6ce3525f6481565224415,paper_4a9d2bbe23f05d0a76c1
T2_NUMERIC,3678,3509,sfti_2dcb2273ba01b95d34913577,cand_59e1f22beaf5e39df4455b9c,paper_b3552b6fdbe0b7700b37
T2_NUMERIC,3678,3510,sfti_cf131c59be8fc2e1949a9217,cand_71b98b841e4ed8b4ef0dc0bd,paper_14587ed0f5bdfc1a50ee
T2_NUMERIC,3678,3511,sfti_54875a2845b362e38569e806,cand_8150006131cfa2ef704e02d4,paper_bd62057c7302a0ba18e9
T2_NUMERIC,3678,3512,sfti_916b7a4bb16733cfbe177c17,cand_b4ccc03c62ea0b5ed87112f5,paper_494fced5d2e7467e1403
T2_NUMERIC,3678,3513,sfti_5343c2e716d99895fd84cba1,cand_c02d20f42631d8177f7ce40d,paper_3ad4c97acce29985ea25
T2_NUMERIC,3678,3514,sfti_5916e6d74d31bcdc894c537a,cand_3111811437e606f77705dbdf,paper_df2d25df8f7320c47544
T2_NUMERIC,3678,3515,sfti_f3626dbb4950cdfa625f562e,cand_884ea20f4831e681ab150ae0,paper_ce666477947bde040935
T2_NUMERIC,3678,3516,sfti_848463db101993adba9285a5,cand_561ce2020ab2450287260530,paper_76a1c8f58debef0e3cb6
T2_NUMERIC,3678,3517,sfti_f6143dac6d045764a16d9079,cand_3d46fbbfa0c5bc1b1d5fdf2a,paper_b33dff89ce500841ced0
T2_NUMERIC,3678,3518,sfti_2b02a1b09cedb3e0ae727ed7,cand_02fe037fd7bd63264de3a154,paper_7ee211be810b2ec4f105
T2_NUMERIC,3678,3519,sfti_13fb5dda80848872a2ca788b,cand_1d9303937070c46b64306e79,paper_547d4afb8af58742f7f5
T2_NUMERIC,3678,3520,sfti_4a55d04b7d1899487e3c00b2,cand_cba737d9b33453510c9a7718,paper_5fc6abfc5851266a7bb2
T2_NUMERIC,3678,3521,sfti_551017e7d9e0cccdb3038cc6,cand_686b30f4b62015c0e15f2f32,paper_dfa4c04d49179c51031d
T2_NUMERIC,3678,3522,sfti_7eb9c16ba713709b2e9cea34,cand_7d471aab91072e21fa08527a,paper_4ad3f9a094b434800a09
T2_NUMERIC,3678,3523,sfti_6ee6c8f2a4e3fe48bd7eeeff,cand_90ca660945085c2ca0b416a0,paper_1e45d661065122156bca
T2_NUMERIC,3678,3524,sfti_e085f32788103a9d07d7bc76,cand_bf7244809656ab06d9a3aacc,paper_9698880edb2f1fbb0716
T2_NUMERIC,3678,3525,sfti_8edd670331332de3a6ab9b3c,cand_35d08b9ae60cf2d159c1abae,paper_9fd0e80083842c681e91
T2_NUMERIC,3678,3526,sfti_185a1f9f973354e85ea32a71,cand_fe657c0d8f37dfee673187ac,paper_39e9d11387f6c55d1652
T2_NUMERIC,3678,3527,sfti_1eb9e5ed163c911c52357da2,cand_c5c97a5a3d4b9db67f1d3cd1,paper_470a19bc15b33b925872
T2_NUMERIC,3678,3528,sfti_4ded68324f0a224e272257ae,cand_0524bdaa1b69490d03c9d744,paper_2235d89eca48310afdec
T2_NUMERIC,3678,3529,sfti_37a8b7d9835a2a008bcfd3bc,cand_7789d97d3e6f05b96d98c7bd,paper_b6b0623f2398930e5f5f
T2_NUMERIC,3678,3530,sfti_6de89aba62052250c0165007,cand_50f292e5797119e4b1d68100,paper_e0bc38afddebf5979ec5
T2_NUMERIC,3678,3531,sfti_bd6ad0c67bde1eddc87f447a,cand_0823def08afb9a130454e767,paper_46b8f27edf61a5ba6af1
T2_NUMERIC,3678,3532,sfti_ef868a2b76b1a67d548f3127,cand_676c012d2e2485154eb2870d,paper_1c6f05ec20958b581f16
T2_NUMERIC,3678,3533,sfti_e7fe5b1d24e826eeb8325197,cand_9ae9cde7985e2878a56d7181,paper_dfbade9b3fbcc17ffa87
T2_NUMERIC,3678,3534,sfti_f19ab9522bc5a4a16cbf537d,cand_0bdee13bb73012ec9594a9d7,paper_a35f33cae0d6e49f66ae
T2_NUMERIC,3678,3535,sfti_463ec8087869dc1fdb1013b4,cand_f293cf1174fcf9182fbfdbb2,paper_1fb34ecfd11bbe4cedc9
T2_NUMERIC,3678,3536,sfti_2a1c39b84c82b73757e2d64b,cand_20f37e09749593cec8d9e048,paper_5de9ab0019c634acc05d
T2_NUMERIC,3678,3537,sfti_76685b780828f60f3a8a2598,cand_89185f6c21b35eba6f343dd2,paper_db02ad53b325ae25d0b4
T2_NUMERIC,3678,3538,sfti_d8cd60ffbae3b591afc612ec,cand_faa21ff20e422f12d4ee1f03,paper_dffdbee00caf5a312878
T2_NUMERIC,3678,3539,sfti_5a55cd78d9b66f5bd6f411d8,cand_d63da9d90f8ec633f83c9339,paper_92f7aa793df6f3d49324
T2_NUMERIC,3678,3540,sfti_11d4f4527d65f50362a00c92,cand_e12aaea8d079888448e4d8c5,paper_edf2526887b73f01404b
T2_NUMERIC,3678,3541,sfti_4b321496ab5ce6e56ca84270,cand_e573dd6eea42180f74cc0dd2,paper_d5335a0a272e74fabf30
T2_NUMERIC,3678,3542,sfti_15269236308f54d49fde1370,cand_4b8b19ebe7936a4c8e5467ac,paper_8f30d3737dcb9bbdb72f
T2_NUMERIC,3678,3543,sfti_8a601e27203e8b73ad1f4b92,cand_6fd27f2e135ee00f23897a4b,paper_260c6937e35e1e5ecb8a
T2_NUMERIC,3678,3544,sfti_a59bc1f1d715870bf57028b2,cand_ec45d14bba71e5b7f8fa394f,paper_1326e03962da71949e0e
T2_NUMERIC,3678,3545,sfti_bb6aa769ae440a055a114c50,cand_8fc86bb16c3cf4c57b9242db,paper_8614d958b1fd56258652
T2_NUMERIC,3678,3546,sfti_8fd4a1da5c58dbfa9ba18d25,cand_80641407d75779eb64d7f1ea,paper_276e2d9ca1173f526ae1
T2_NUMERIC,3678,3547,sfti_1252611e08620af1c3d0accd,cand_95073367f2c1a9df401d1cf9,paper_cccf0a5d801b597f89a2
T2_NUMERIC,3678,3548,sfti_8bfb3bbf18306d2b39971717,cand_0fe5c161183fc628ca52ff1e,paper_344dbfc5c5b168e02b55
T2_NUMERIC,3678,3549,sfti_0c3ba4bd8e1242918ed2ad8e,cand_4a950da71de571b853299655,paper_7282fd8c3a5c3092dc85
T2_NUMERIC,3678,3550,sfti_5748874f1cea1d10824fba86,cand_d61eface8adc7fec8c23fa21,paper_8dc5c333e1321b1487f5
T2_NUMERIC,3678,3551,sfti_408f2eb763802518a5b02ce8,cand_f1e7b57161c4d7bf6eba2593,paper_9a0a6ddc3ec36d638255
T2_NUMERIC,3678,3552,sfti_381975b56736313518dc3109,cand_ad0a2d69ef2e39eba0348bf9,paper_36d7325ec81a4ba108e6
T2_NUMERIC,3678,3553,sfti_974727188713527ac7c57137,cand_a6b40d31e7bbf96ce123a155,paper_94655eefd46272d6c61d
T2_NUMERIC,3678,3554,sfti_d78789408b538572ac0b6a51,cand_726a3f7aeed7c6d0426f1e95,paper_12212fa165cdc8f748f1
T2_NUMERIC,3678,3555,sfti_6341b6f12abf1b7d8b8e8a79,cand_e6c70c969e326991c01a647d,paper_ec8873bb62d0b10bc6b8
T2_NUMERIC,3678,3556,sfti_dd77b39c03d1d14b3882b393,cand_98a3cf26421aab1df367348e,paper_290f6096e9f482df0c66
T2_NUMERIC,3678,3557,sfti_fdc2d6a46a5f4e6ddbe9796b,cand_ec114653beea223eeb26bd01,paper_c84f83ae2a94c240da67
T2_NUMERIC,3678,3558,sfti_27f231bfcfc77aafba932194,cand_4a1aaf6c6200fd1495698251,paper_92492c1b36f84428b0a0
T2_NUMERIC,3678,3559,sfti_f38bcd417582b52d65417b73,cand_b8baa9bc358b568572f9e84c,paper_c677e24671caa0fb90fb
T2_NUMERIC,3678,3560,sfti_b854c50aa1b56cc9e5fa16b7,cand_8680f2c8d7fc10d81d55389c,paper_513c448af01021af98d8
T2_NUMERIC,3678,3561,sfti_b49351dac4e22dc3b48e8a7a,cand_f10defa87affeefba3d505f1,paper_5c211132f97e75987828
T2_NUMERIC,3678,3562,sfti_831e68ab55c7dc8639c8eb18,cand_0effef858689e4a343c6f91d,paper_5e7136f9fee556336842
T2_NUMERIC,3678,3563,sfti_dd619e924e6fadb920d3b314,cand_3848dcacfd4bb8e0bb15ae50,paper_229253424b5d6f2ab1ff
T2_NUMERIC,3678,3564,sfti_72c9297a4b90f3d3dff60094,cand_7bbe74e016024e85c551206e,paper_ddc1627042a99d4c0665
T2_NUMERIC,3678,3565,sfti_f7deb3442d69357a8ed3548b,cand_5fe5ad6086c0f9d82b566184,paper_d4237e6fab9b882ccc6a
T2_NUMERIC,3678,3566,sfti_13a1cce9e8421c7d34664be1,cand_da44cbad2bf0186dbc5aa6f0,paper_e50e8b978761f11e5df6
T2_NUMERIC,3678,3567,sfti_0b027a1a967f8635db8be8ae,cand_5b6448d774735e41f226054e,paper_5dba6c69f7a50cc6e42d
T2_NUMERIC,3678,3568,sfti_9b82d821d7e30a5d3d41f62b,cand_8721b181075584d733b3ac4d,paper_caa94e78df759c34426a
T2_NUMERIC,3678,3569,sfti_2298c0446772b7f0c297ec6f,cand_8beb799e3d70ff0f5032f3fd,paper_f2ac582ab2137c281989
T2_NUMERIC,3678,3570,sfti_22584cb111f4920e9fc2818f,cand_2f6885f8c628555fe3f51e55,paper_b1137dddd2d1c3041dd4
T2_NUMERIC,3678,3571,sfti_b528deec66ab5852a7a73e32,cand_ef660ab32ef81db9f4046e5b,paper_b4dd9247e6ebd7246d8d
T2_NUMERIC,3678,3572,sfti_aa0a06151e1b215ddecec0e9,cand_20ca35e8ff9406b66f0a3ba0,paper_24876507fe1792361408
T2_NUMERIC,3678,3573,sfti_864fc9eb396e1700505960c6,cand_e93c2fa7a0f2a612e36f51af,paper_2e5c90bb6a9fbde934cc
T2_NUMERIC,3678,3574,sfti_93f172fb4877d7b42e99817e,cand_1c323c593953b3f63f0f3d7b,paper_dc40c15f69551a6bf4e6
T2_NUMERIC,3678,3575,sfti_295c3374dfebaa7b566ca731,cand_b44d5f77728fd4350227b0d4,paper_bea3698e1259b05a513f
T2_NUMERIC,3678,3576,sfti_0f1eeb94098c573a5edb79b7,cand_1e42580dcdb1b7f3117f2f64,paper_011ae5a30c23e38fafea
T2_NUMERIC,3678,3577,sfti_cc35645028e24fe10bdf4993,cand_c71bd203ea0c2db12ed26b04,paper_a9b8593ef4f77277f3a8
T2_NUMERIC,3678,3578,sfti_2134339ebc68e0db26b9befd,cand_6938f3b3504ae43e63f24e43,paper_4ae8c8128bb1559d140b
T2_NUMERIC,3678,3579,sfti_72abc9fd3a353bd48742ef7b,cand_834a805b3bfa8835bb2d4626,paper_8f19b4cda93b876f475f
T2_NUMERIC,3678,3580,sfti_e3dc81c953fbbdcbd097f628,cand_a20fe20f113769f003732708,paper_506cd366d7f23427e5d4
T2_NUMERIC,3678,3581,sfti_b42eb4c8768bf59f8ff8b4e7,cand_60137ae32ff9610afcdf9fa9,paper_e61f93a45b9dbd4173bb
T2_NUMERIC,3678,3582,sfti_1cfcb858e35160e50981a9cc,cand_2c62691631d71357c60532de,paper_734689d9ad881e3f05c6
T2_NUMERIC,3678,3583,sfti_55b1ad072ecb6728f6303883,cand_4595a1c6cc335d6abee54458,paper_102cf81837ebd8524603
T2_NUMERIC,3678,3584,sfti_8f445173a7fbe8f52d749008,cand_0e6f12ffc4a3d239c7d023ab,paper_d26912d416d0efef20b2
T2_NUMERIC,3678,3585,sfti_e0acf0cb5b098f14f7337e1c,cand_77e545a3a31b8183bed59e8d,paper_d233e8cdb8ca793ee1b6
T2_NUMERIC,3678,3586,sfti_2a0ff81eb05ee03806aca51a,cand_e7cf9a76d03521644646e7e2,paper_ced030a0b27c5b68fa5f
T2_NUMERIC,3678,3587,sfti_9505f0e2a48d3b5d68a6d593,cand_6f422bb92a9f8d3c5ebc5f0a,paper_31b1f115b8cc596da7d4
T2_NUMERIC,3678,3588,sfti_4875ee8be57615c12757d41f,cand_6c90a989a7a89643ee340d2c,paper_838f47356ba40564b3ac
T2_NUMERIC,3678,3589,sfti_8b4737857d0fd36b96bb4abc,cand_76216863f4db221c774dffe3,paper_098454894ffb6b617c9d
T2_NUMERIC,3678,3590,sfti_47d5e346bf70c36e238951d7,cand_9a9de81d7f9d86a15110aa0f,paper_6659f90299fc568992d1
T2_NUMERIC,3678,3591,sfti_40f766514f6e01fb6ac7c04b,cand_8ccf6a14bf2a7cc2ad2ecf6d,paper_7d92fa5aee2c2b1e19aa
T2_NUMERIC,3678,3592,sfti_9888de3168fc889c24717b9d,cand_49d111c2fa123e878d9efde7,paper_b23e7df70840f64e1fa6
T2_NUMERIC,3678,3593,sfti_ca4d1bb421b487de97aae9eb,cand_e8db069e4d4c831de681b8b1,paper_47eb55cbd779efa686da
T2_NUMERIC,3678,3594,sfti_0bd32d27b8a2e9c42c8b080d,cand_b77645c545e1cbdba709368c,paper_0e732bca591d02f4edb1
T2_NUMERIC,3678,3595,sfti_9a17a3298e0d4ffe36405e28,cand_9baccb6beb37354264a717f1,paper_d873ca85f16991a1f582
T2_NUMERIC,3678,3596,sfti_72e218b65735b1acf5754465,cand_9352f3ee58c4b049eafec23a,paper_96607ca46d3489528d72
T2_NUMERIC,3678,3597,sfti_a860492885277b272d7c18fe,cand_d16bef2153681b1fe2785859,paper_3221ea8e544091c11728
T2_NUMERIC,3678,3598,sfti_6288c92590d0e802ce7c1d48,cand_cabfb2dc9a90c15cb0e9795b,paper_d1323c3c9ab5baa345f5
T2_NUMERIC,3678,3599,sfti_0d3492af7e7829d115c33687,cand_ecee3eab5d5dacf0c321cd71,paper_7cf2bb984eaacaed8b12
T2_NUMERIC,3678,3600,sfti_caba34c921fcab62746207d6,cand_e3c50ac0372b9a715c64f6c3,paper_3bdb77b817ab0e39e5e3
T2_NUMERIC,3678,3601,sfti_c7466a5d1e0025475d52f1ef,cand_5bedff0f967667de3e9b097e,paper_fc1bbdf085b09de0eda2
T2_NUMERIC,3678,3602,sfti_2dadc4908a5237578c3621e5,cand_fc62e641f4970fec6327260d,paper_00c54464ef9a21d1e80e
T2_NUMERIC,3678,3603,sfti_fddb59b6f1ea9169b5be28ec,cand_036706b2edb6fcb091a823cb,paper_e1a9ba013944aad3196e
T2_NUMERIC,3678,3604,sfti_252fd2d96bcc1e8565e34580,cand_8181a4a29336823d3d102c11,paper_7cab5ff6b0a1500077e4
T2_NUMERIC,3678,3605,sfti_40e8e921b31b0cd1407dc7ba,cand_b36c460120360dd2402443c5,paper_da0ac833f07a1de644ea
T2_NUMERIC,3678,3606,sfti_cd9657b82b84eba5c4cda808,cand_1cfdef20ad95006bcdddf8f4,paper_055c30f255961e07a80e
T2_NUMERIC,3678,3607,sfti_d9aa4c2942ef14186cb7db24,cand_5456e4ccb033126569ce7900,paper_4ffc5b48048d021e1815
T2_NUMERIC,3678,3608,sfti_961df9dd129f74e3c1675729,cand_40e4bb488ef621e5c03fa977,paper_de0186321a16af47ce1d
T2_NUMERIC,3678,3609,sfti_1e9a263e4e44f6c3838a24c1,cand_ec4fb2cc189337a16e220afc,paper_59d14f7f5c168de48683
T2_NUMERIC,3678,3610,sfti_8bad5a61d7c8a95cef42774d,cand_12ba1f670028bf145e82f229,paper_e52784c744c30f66d9a7
T2_NUMERIC,3678,3611,sfti_1e66e725fc6141dc3c4d1f40,cand_61bf12ad7011e6f8231d9f66,paper_257eb54fddd85f451139
T2_NUMERIC,3678,3612,sfti_4af8126a6362e152229bb662,cand_f09d463af1fa9f9fc9cf82c8,paper_338315c4ce05cecd82c8
T2_NUMERIC,3678,3613,sfti_eae9516e20ce58ff49f2c834,cand_e1fb93e3416f586790871d6c,paper_ed68ec856c007b57b392
T2_NUMERIC,3678,3614,sfti_472f5b3074a087b97d111c42,cand_35d4c695f48b78a597269060,paper_4caad60a26ac6522fd27
T2_NUMERIC,3678,3615,sfti_c04d6e14c416561b4ab30968,cand_9b6f43e859c7e021534aa7b0,paper_3a9f6563580de478d046
T2_NUMERIC,3678,3616,sfti_efe327b67b0217fac37722ca,cand_ed46e8735debe68bfb579192,paper_dd66853710e061bf1743
T2_NUMERIC,3678,3617,sfti_9feb9a1fc6d496931652f07f,cand_d7e6f7aa34f9490bedd23068,paper_420a7c4a1beacd06e82f
T2_NUMERIC,3678,3618,sfti_6f72363d7560094ce228eb18,cand_ddba1d0d356838b93976e5bb,paper_48bccddb5fea3ee0728e
T2_NUMERIC,3678,3619,sfti_473c5cfdc2185f5c56da0221,cand_aac1d459a43c984b1ef51dc5,paper_d29d84f63443160ab720
T2_NUMERIC,3678,3620,sfti_d88453e9e9ecf30cfb8a4635,cand_6df229a2d4845050ca41d4a4,paper_80b3fa91e229a224aefe
T2_NUMERIC,3678,3621,sfti_61fe145b8b9268887cee1606,cand_f411f54a951a61f22b490325,paper_80a68f160df4694a78e4
T2_NUMERIC,3678,3622,sfti_3cc1b835db8c503471a9c8af,cand_3e31a737376904c99e25be1e,paper_d2eac0088861f06e06e3
T2_NUMERIC,3678,3623,sfti_500553d4e344b1fbb54a1b7c,cand_5087053d6ed213f66932101c,paper_59c8c60a6758aa8e98da
T2_NUMERIC,3678,3624,sfti_4e78e79731c111d5e0d7d877,cand_a1cc759e3716c07efeaaf127,paper_d87f93dd56fb1098ebcb
T2_NUMERIC,3678,3625,sfti_f59a678af87adac0d67bd4e3,cand_d2205fd82870416a0bd0cdf5,paper_271e6a432146914f930d
T2_NUMERIC,3678,3626,sfti_925174dce400605253abf1ec,cand_e96990971cf5b8ba51394b10,paper_68b682c64bdfa515c2d5
T2_NUMERIC,3678,3627,sfti_bf73e7d88080429e68ed9050,cand_5e83e67edb52f817225b661b,paper_cebee2fe81ebbe1a3c48
T2_NUMERIC,3678,3628,sfti_93580181c815727ff6741c45,cand_99b452881631565778acf4dc,paper_713279ab4825df51d201
T2_NUMERIC,3678,3629,sfti_12f0335247ebe68c97c55509,cand_c14bb0117899fd1f56a90efc,paper_900fb6d9761c5ddee474
T2_NUMERIC,3678,3630,sfti_4e4fb056a5228b8f29a1f8e2,cand_3b4f90e00b484ab104c5910a,paper_663c9861204cefb16aa6
T2_NUMERIC,3678,3631,sfti_36e0db302bd87d934900ee73,cand_de4b014d6946baabf3f37928,paper_f2732436a0eceaabb00c
T2_NUMERIC,3678,3632,sfti_480c387857afffb675927f39,cand_a407b430848b5dc758983e47,paper_826b9125b26490b92083
T2_NUMERIC,3678,3633,sfti_066f4982d55f9554d7e0120e,cand_14f5d98dd1dd26d8d7fa7bc8,paper_d4cafb54afe17e7fa6d9
T2_NUMERIC,3678,3634,sfti_7db785fa483c94698efb69a1,cand_ff6843133551fb287b9d21f7,paper_98b22e436f52b6233975
T2_NUMERIC,3678,3635,sfti_8765e841e67214cf52d2b0e3,cand_c3ae3edc9f830f10e3f63028,paper_df08dd2519074eefbb90
T2_NUMERIC,3678,3636,sfti_d0fbbe3724622a96e371bbdd,cand_f1dcfc7e2d25b3849533c1ce,paper_fd9edcf09c6f7a17bc27
T2_NUMERIC,3678,3637,sfti_00c6575eae9182b0d2642c7e,cand_e675648a9bb9cda01d839f04,paper_a8f5bd84ab7ed289a528
T2_NUMERIC,3678,3638,sfti_e0fbd6e180769bb16b3635ab,cand_99f0288550e2ad7d2c7b0bd3,paper_b8fdab800af4bb90c853
T2_NUMERIC,3678,3639,sfti_1dfe4de52b20a1119e2da5fb,cand_ed6cbba1e798b0ff893b940f,paper_847d39d827c9790807e8
T2_NUMERIC,3678,3640,sfti_53b4e41295f2a5d90b496d69,cand_5b0121aeff90873a8430a998,paper_86eeefc59d1e191de737
T2_NUMERIC,3678,3641,sfti_49b0b2401467a7012e9998e7,cand_9c9a40b7456a2471c2b48ad4,paper_f6b2ad2555ee467dd60b
T2_NUMERIC,3678,3642,sfti_2652645361c3f5af23d766ac,cand_6802e3ee9aea82bf50588cb8,paper_3c08cf90b3f2d280f2f3
T2_NUMERIC,3678,3643,sfti_5c1874de738bd1b96f844c52,cand_32cb8730a66c2d811c830461,paper_b36639ed4689d6f06a08
T2_NUMERIC,3678,3644,sfti_8db61eeba0ee4c5711630251,cand_406b28353b04329ebbb56f2d,paper_10391aa2210ab4785e17
T2_NUMERIC,3678,3645,sfti_179fa4a3937beaa7b9eba09d,cand_78f9cd88d0f6fb2d1c92b8ad,paper_193327cc5732fd3d01e5
T2_NUMERIC,3678,3646,sfti_76c47c4dddc3e8d807cdf9b8,cand_862c4fb83786bee555ede087,paper_25f8891779281d552aed
T2_NUMERIC,3678,3647,sfti_a6e262d6ed425bcc2e5e0150,cand_799e8d18c15b5deb3035fcc1,paper_f001ee95d934e85b0f40
T2_NUMERIC,3678,3648,sfti_ae051e2d5f9c26f8cf253c41,cand_80e78bcf608d98a865928e97,paper_896904b4e70b64dfb974
T2_NUMERIC,3678,3649,sfti_34a16b85a80af967ca7833b8,cand_505e9e6c550232921460d479,paper_09c4f2f626f879ade963
T2_NUMERIC,3678,3650,sfti_3d92f847196cd03ee76e07f8,cand_44f37b1c2d8a703498565a86,paper_5675b30f5cad570acb65
T2_NUMERIC,3678,3651,sfti_baba0c9a53b6445f081fd0f3,cand_6f195b053481fce79ae0f209,paper_bb625ee9c2bceed76e9a
T2_NUMERIC,3678,3652,sfti_963b5fe9f2c4b2566d6e7653,cand_c0dfd9a43385c4c7735ba1d5,paper_6c857c7f5b054f3ce2d8
T2_NUMERIC,3678,3653,sfti_bc56cac48bebcfe6c4f3ac75,cand_efcf974d28ced57f80293a9a,paper_bf54d15a31f43b340d68
T2_NUMERIC,3678,3654,sfti_1fce13a79329220fdb8c1710,cand_6cc66ab323c71071408738dc,paper_00c3ff30718e77e98d96
T2_NUMERIC,3678,3655,sfti_302564cfb2cb2c6e2015f822,cand_d5d5d91169bfdc13b3494bb3,paper_681211614a0b1ba376f9
T2_NUMERIC,3678,3656,sfti_9521c89d156c30b090e43a11,cand_df67c84c25a5471ef64f7693,paper_a3dcf98fe3d5b5b73d1c
T2_NUMERIC,3678,3657,sfti_90629f4aa464aa49c5f2b8c0,cand_e1f451cf0dbfbacb5a8b340a,paper_e57478bf8eb05ac918ba
T2_NUMERIC,3678,3658,sfti_dba05c5b780e27659d8a2a08,cand_253aeb17569599fd53b0f952,paper_16c13df8cf3bc9f0e47f
T2_NUMERIC,3678,3659,sfti_fb6f23e7a6d0163a5d1ede1b,cand_12076129169101df056ee679,paper_2b220ef4a7efc38da340
T2_NUMERIC,3678,3660,sfti_485ac4701e073bb65eaae7be,cand_e40da783ab4f4bd1e963d248,paper_e072120be00c97a29167
T2_NUMERIC,3678,3661,sfti_50c1812cff129c3f8c5993cc,cand_61620090f8a7205226b86745,paper_a35c80746544bd19d98c
T2_NUMERIC,3678,3662,sfti_44984670658e1330d193eca9,cand_e55f5a99c5bb5b30551ea4c2,paper_d79077e7e2e94142e92c
T2_NUMERIC,3678,3663,sfti_be41c0df03deaa192849c3df,cand_d66727b081fa87d82f0b1279,paper_1e8373c0fc60886c7495
T2_NUMERIC,3678,3664,sfti_609849829bd25201dcf5f9bb,cand_c9e81fb5bbdc9e1ac4187533,paper_860747b92870ed8134b5
T2_NUMERIC,3678,3665,sfti_a4a5d25dcb7329ba67295061,cand_e0c91d5f806c266b76381ad7,paper_87c65faf0be682cf13b8
T2_NUMERIC,3678,3666,sfti_8571570c094a9ade9aeaba63,cand_a0bdad89f5241cc3b8fa1193,paper_7240b6122ecd6cc368da
T2_NUMERIC,3678,3667,sfti_c20f9c8e3bbdcb2569102f22,cand_4f3f29e1095b7f760b45c233,paper_b153a4108133aedb208f
T2_NUMERIC,3678,3668,sfti_8078508c5a324f8af2bf4ce5,cand_c44d132c94f6743126b6eb88,paper_3e0d5679b83f65deebe0
T2_NUMERIC,3678,3669,sfti_a7dfec811b815b669660b456,cand_5015f402e128e9e98501d2a2,paper_62d201305fdcd3046947
T2_NUMERIC,3678,3670,sfti_b06403fdca4692397ff986a8,cand_eef1831ca8fc289cc6a2d477,paper_cf6b5a4b3b503636aee2
T2_NUMERIC,3678,3671,sfti_277d23951a205396ea125bcb,cand_aa8c63fb0ba8ed0c7cfaad64,paper_fb5352011719292bb656
T2_NUMERIC,3678,3672,sfti_c02817263c788714d3ed9b1d,cand_8ab6e3d75a191dcd5be84bb7,paper_406e37f76481edf543ab
T2_NUMERIC,3678,3673,sfti_4f36aaa2f8b79c8abe489a79,cand_9443af8293ef8a9ba355cbe9,paper_1cd03f121d79a0c57f50
T2_NUMERIC,3678,3674,sfti_c0866ab961416f4624bb6bb6,cand_debdc3dbac83f69cbc61d721,paper_daf019871d0aa3d39b39
T2_NUMERIC,3678,3675,sfti_6f5faded4b022c0d92b774aa,cand_b3c70965205c881343a77699,paper_7dae2f2b5c43ce9aef0e
T2_NUMERIC,3678,3676,sfti_2349c7ddb1723d3824916bdf,cand_1ade69a72de3ce266e30df83,paper_e2410e75ea19291fc9b1
T2_NUMERIC,3678,3677,sfti_d3d1a3c1326bafc24789d916,cand_0ff32f8def95467075cbb470,paper_75d5824249e114a70cb6
T2_NUMERIC,3678,3678,sfti_7f6943aa83c4468a4517e5c9,cand_9b1af4ec389a1e0b2c12a957,paper_f0d2d28c36b069584342
T3_CLAIM,2286,1,sfti_8f590cd71afaaa1006d872f1,cand_cea44afc8e9cf4ae1f080649,paper_cc76a19258ed00e477ce
T3_CLAIM,2286,2,sfti_dea35a3d72ebe82b7219546e,cand_fecf9b7b6e5b7aa132f9d5fe,paper_dd072c7a9a4eb901d770
T3_CLAIM,2286,3,sfti_5d06a6660c12610467543a06,cand_fd3855d6ad3345ccbb68df9f,paper_2990213101a302c6829d
T3_CLAIM,2286,4,sfti_4d0e2243d8d5753787df8d9e,cand_dacda2cf5555e3d96da858e7,paper_117c93c9f01087aa7a3e
T3_CLAIM,2286,5,sfti_653e8644f56f90677e1b7e89,cand_5e0dabe39ebc6d33bfe51320,paper_663f877088137c6164e3
T3_CLAIM,2286,6,sfti_6a18078d57bcfa2573193034,cand_9252b7de435fd52310e4e19b,paper_171bbac0ef4b02866477
T3_CLAIM,2286,7,sfti_7bf2a2e12321fbd4a685675e,cand_a1c1183ce8082bf39ebfb3ac,paper_97a174f50fd3871256b8
T3_CLAIM,2286,8,sfti_7edc44edcb5862a8957b42d7,cand_27cbe75faa2dd216f6784e6e,paper_72aa787d4e6e06cdcaeb
T3_CLAIM,2286,9,sfti_a63a56d3f63c562ea4c3a7eb,cand_d7e8754cc9278e43db0c4411,paper_f2b2b702187faab70aa4
T3_CLAIM,2286,10,sfti_e5fac853998282886183c1f3,cand_0d91b2676deaad271e571d1f,paper_05c1d1848050b0570ab8
T3_CLAIM,2286,11,sfti_f3493b743f64f39fdefe6c29,cand_19263d050ce0adf5a10c357f,paper_0a6c690dca5ed2adc9b5
T3_CLAIM,2286,12,sfti_361ceb4376f62c46b7a0331e,cand_9b871ea51b5bf107b1a7f3ff,paper_31b1f115b8cc596da7d4
T3_CLAIM,2286,13,sfti_d425c8c71f496dd0f43e4ab5,cand_9514925c029a2a8ebd57ca75,paper_80d36bad09e524926b91
T3_CLAIM,2286,14,sfti_4327dcf27d9b4fb5c42d05ef,cand_1979e00dce976a5089385deb,paper_32f9f4fea8cbf3bf5a54
T3_CLAIM,2286,15,sfti_e16a08cfa81de97a3f5cc323,cand_1f68492d68680914ca9f2f59,paper_80494a124ca2656927e6
T3_CLAIM,2286,16,sfti_d7e4a1140b33527135d907fb,cand_f8b5f988398900628c4e5bd0,paper_890ef2be2fd45f1127d6
T3_CLAIM,2286,17,sfti_b794108ba4cc4d08a4ea7ce7,cand_9d5b1248f9647a8f9280da87,paper_3f6bfa204e1dff930477
T3_CLAIM,2286,18,sfti_d779ffe3d6cc25e455de9276,cand_1882ba69941953af2efd4a81,paper_b0e9eb2848ba1c224022
T3_CLAIM,2286,19,sfti_d81fc98633aa98f912835676,cand_5f723ec2f79fb2190d930bfb,paper_485b3fecc88210a2fb80
T3_CLAIM,2286,20,sfti_506b1e6115c036bb63bbfc60,cand_2841a24d1b901dfd7ab81d01,paper_7aff078d2e9781c2b640
T3_CLAIM,2286,21,sfti_8bf0675c7e2d2546bd59ed4f,cand_0684ea562e67c33411410919,paper_e1a9ba013944aad3196e
T3_CLAIM,2286,22,sfti_b9bdba2b6abbcc9614506608,cand_1b4a123aeb5d355579e6d536,paper_a18c3e1dd508021eeb67
T3_CLAIM,2286,23,sfti_5ffa196f7e037276cda29e7f,cand_e5fc03d813ea8c2113be2b5b,paper_1099000f012657a4a58c
T3_CLAIM,2286,24,sfti_1dccd78f393e7f5dc69620de,cand_f269bb8a8fe195d8122858e6,paper_541aff79398df3a738ca
T3_CLAIM,2286,25,sfti_9d7cda994e4dcd9a190e7a6d,cand_5f30358c9c92cf445ccd8d03,paper_3d61da838c57a1fe15ef
T3_CLAIM,2286,26,sfti_a3c957c4317ff550e3349f06,cand_811483d3ac9092f5d469946f,paper_98b22e436f52b6233975
T3_CLAIM,2286,27,sfti_72a40a4db6e41cc69eacab49,cand_e848ab2fc60e9e60f6841b3f,paper_b1cf5c1ae7bd5bb2f927
T3_CLAIM,2286,28,sfti_19a6154bb3e048d7dd5afdd5,cand_210e130be31203f475749a58,paper_1718c709beef596baf15
T3_CLAIM,2286,29,sfti_fd25ac69dee8d7ac37ff1774,cand_b58a6e04e2757f31ec7fa56f,paper_10391aa2210ab4785e17
T3_CLAIM,2286,30,sfti_573697beb30440d710716d43,cand_e2da8798f074c403c28e5832,paper_fcd41940e6c1c398ce6e
T3_CLAIM,2286,31,sfti_a144fc51b80799f4c4087782,cand_77b994532cdc4e63f7d1df1a,paper_8fffa7755c947f926f25
T3_CLAIM,2286,32,sfti_18f77d836a8b940a5054a913,cand_222f38c437e743c8b2152b2b,paper_fde0dbf7d82a9cdda7c7
T3_CLAIM,2286,33,sfti_60ee878413ba0e0e46c1ca3a,cand_23081f497f42fb8c456b57f3,paper_d6098e7c24a35a215597
T3_CLAIM,2286,34,sfti_b683dd564b2d891d55b413f6,cand_edd537d74959fb24e35f1c24,paper_899264c07796c6d9aab5
T3_CLAIM,2286,35,sfti_252792a66831e525596519f6,cand_971458f42cfff06611f25ac1,paper_21170a94b042f9799071
T3_CLAIM,2286,36,sfti_e5b1a94882d3e5f061be3ef2,cand_3ea1ad218fae4aa874e19ac1,paper_a3eefdee2e6756587843
T3_CLAIM,2286,37,sfti_11b316ee7f53b76ee5b0662a,cand_e6976acf8f3610538cdb17b7,paper_b77b159f8f12131d26af
T3_CLAIM,2286,38,sfti_d71ad51c237451b5ccf06607,cand_cdf8c4675512ed245bffbee1,paper_89e5d5d70972f39a5320
T3_CLAIM,2286,39,sfti_102181250af19314c9f1ce3a,cand_6fe90386945b77b2eac79551,paper_ed51e9d5b91c7ad9308f
T3_CLAIM,2286,40,sfti_d0440956d363e5022e52f418,cand_29067c7069021ed06c95b64f,paper_67304a9245b9d6c41626
T3_CLAIM,2286,41,sfti_2f149407aca6a9a3c0b76d52,cand_c720b13807904781e5005947,paper_c98ae0a78fde0cd2da77
T3_CLAIM,2286,42,sfti_6468301807b434dc45ce4e8e,cand_eeb72838a57720d2c1c66082,paper_1d196ac13fa57b930414
T3_CLAIM,2286,43,sfti_d10181219ab2b7ac1c3ec586,cand_b4dfc1918eb210526c37862b,paper_60859c18d1b677dfeea1
T3_CLAIM,2286,44,sfti_7823d937255455c6642b9c3a,cand_ab3def75306c8d5900b1a7e0,paper_0ce613e2f32acae68fe5
T3_CLAIM,2286,45,sfti_fc75241b588febb7d5feac6d,cand_6d3cabcc346bc884899d44ff,paper_3992d40727ba7f0c80ba
T3_CLAIM,2286,46,sfti_00d0a4d8c8030d2e943a4f10,cand_edbea2e450ca052707abac07,paper_e3a1a7befb994dcb7e6a
T3_CLAIM,2286,47,sfti_9a08ebbb67eac0795e9f71f2,cand_35f79cdb8731aa8ccab82524,paper_dae165a535b6dc4f98ae
T3_CLAIM,2286,48,sfti_28fa5e3600557e06bcd9c18b,cand_9f557598608fcd88a747375f,paper_040aee36b3fa8790d5c8
T3_CLAIM,2286,49,sfti_80554039da1090275162e46d,cand_c116ce14e30d9ff78e237e20,paper_366f186e0b2f6a47de9c
T3_CLAIM,2286,50,sfti_7154db7bf38aeac020c0a6a2,cand_160b8181325a67504e92d160,paper_b32b648f3c2ffeaead45
T3_CLAIM,2286,51,sfti_af74f322a1332a79c23742c4,cand_6d6511a33387798f5fa75707,paper_64dfa37a81a06fd96980
T3_CLAIM,2286,52,sfti_589a6f6dc4d12b124ed7c616,cand_2d318e1cfb4497ee6aeff532,paper_fe1498e316cb156a921e
T3_CLAIM,2286,53,sfti_e9d6ba8c235f44c03a1ab5b1,cand_3c38168e0881ed7e8f58b7d1,paper_bc82aaaf60e66f5468da
T3_CLAIM,2286,54,sfti_e9db475e8a08ea1a720bf8e2,cand_547ec043029139a4e315af9b,paper_3e108b41eee96bc84a73
T3_CLAIM,2286,55,sfti_5e4419d73c3e9b2248f3f72c,cand_649d5b01d5f8367e5de67666,paper_3ca537be4562a4063d11
T3_CLAIM,2286,56,sfti_b6e8640609dd89dc92ffa512,cand_cd757eb8c7abd0eb645067aa,paper_2a4574fae96e087c2a6b
T3_CLAIM,2286,57,sfti_fe0981192ee634c260b8d6fb,cand_3cdc6d744cbe51ce22136d16,paper_1e45d661065122156bca
T3_CLAIM,2286,58,sfti_48fd95028ab8cd00a92f3eeb,cand_bed534604162fa160145205f,paper_e74918395456cb11f56d
T3_CLAIM,2286,59,sfti_4dc7b81786d7432ecc149769,cand_fccf5431ba43032d4b7b1d4b,paper_62d201305fdcd3046947
T3_CLAIM,2286,60,sfti_64ad41c5efb77007bd1c9354,cand_89c02df6a12f68a574549feb,paper_04e78ff55c7a3c70cd95
T3_CLAIM,2286,61,sfti_7fd92293793f586f321193c9,cand_e9e2e5f3268f8df5da2668e0,paper_356f10d0ab2550ac5a9f
T3_CLAIM,2286,62,sfti_bc23c6d454b91fd24abfd336,cand_feffe9d85687c4e48c15e772,paper_36163f27241605cac35e
T3_CLAIM,2286,63,sfti_f1d2f6b1ea026d680251fce8,cand_f914ab2602046ddfdfdadb81,paper_a0adf00e90a5c04d75d5
T3_CLAIM,2286,64,sfti_9bdb119a7015af972790b0da,cand_c06ba026fbce9cb2687e93ef,paper_c35f24f154d422c07108
T3_CLAIM,2286,65,sfti_4162ccd5a4560b41b60749f8,cand_ebdb2b52796702ba76b813b2,paper_c88fa716da4fb68afa81
T3_CLAIM,2286,66,sfti_06ff716f227dd7d1678da69b,cand_94265f01aed95bba7e858592,paper_b01d11615f92368273dd
T3_CLAIM,2286,67,sfti_2e364086d22fc4a1d310341d,cand_1911fad1008ecf754013d7f5,paper_b1137dddd2d1c3041dd4
T3_CLAIM,2286,68,sfti_f312c3f0b9000ba2f895b7e9,cand_917ae3e06af3b5ea453ad27c,paper_a7dd1f40e84491df9e74
T3_CLAIM,2286,69,sfti_cc2945739b45d3904ba8b349,cand_0792c94b46e193424a0b4b2e,paper_6549ab238decd77f0d36
T3_CLAIM,2286,70,sfti_71263e9cc48c5416d3883909,cand_827c4911a7eb04031d9f5621,paper_24876507fe1792361408
T3_CLAIM,2286,71,sfti_c145ccf6497a8ff9b77b735a,cand_e4673d60e9f6bc11163fa750,paper_e6eb31e0c696987f6709
T3_CLAIM,2286,72,sfti_b0397524ba1b9dbb7125639f,cand_ccc9544f215f56175d4fdc46,paper_1f775b57bd412a071844
T3_CLAIM,2286,73,sfti_ed67f81d4c1cf20816874b35,cand_52c6c7b80c283149bcae1cc5,paper_521a166cf33467abb4c9
T3_CLAIM,2286,74,sfti_277bed6a904ceed497e00f29,cand_502bbd900e15333d6477ff0a,paper_e0bc38afddebf5979ec5
T3_CLAIM,2286,75,sfti_c964e8112fab16f4f83f3b0e,cand_b9b54fb355125ebacdcf0036,paper_ce1163eb5c6947b3d79a
T3_CLAIM,2286,76,sfti_9d542de427e9ea5d886d8ec4,cand_ef9f71191b9650c694b0ffa8,paper_8e8402c0398073de8559
T3_CLAIM,2286,77,sfti_18c773fb7332e45c4e714314,cand_460230a4f45bf13d71844cfa,paper_27cb55815739afd98af7
T3_CLAIM,2286,78,sfti_b33a4a5af4bca3c5ac0dc9a4,cand_b63b92a0d475a54592a51892,paper_2632347fc19d40ee9b79
T3_CLAIM,2286,79,sfti_f6a02e6639610187316ea785,cand_5aec585aa70bba83dd4db5fe,paper_a0f697f2769682f05941
T3_CLAIM,2286,80,sfti_805af5e7cad0fcb7e2a5c9fe,cand_985a215b051d638138d5ed2b,paper_0a926d479528ed19bc99
T3_CLAIM,2286,81,sfti_d3222d492f8d07b114d7230d,cand_a1070adcd2180ecf837e917d,paper_fc464ca90bc204fb4fb9
T3_CLAIM,2286,82,sfti_dc87859ab8e5a1a5351f6186,cand_0174c1270a8f449a83a59999,paper_5e71c72f7a5dc52b2892
T3_CLAIM,2286,83,sfti_2e901f1a37ea90ba24adbe8d,cand_63d9f799fecb7fda5a2fb25e,paper_87f3d7eccc9ceb06ff2f
T3_CLAIM,2286,84,sfti_51e169768a7c2467c880f352,cand_732f02143ac7567467afeba3,paper_46020a24db82d64c0fdd
T3_CLAIM,2286,85,sfti_3d9efc62c3d1e9515a3b0223,cand_62c1c6b086046fe62bf82ba2,paper_4ffc5b48048d021e1815
T3_CLAIM,2286,86,sfti_59a56da3dfebcdfacc136ddb,cand_2e5dc215daf5a06bc8d81bdd,paper_5011fcd87c855c7b431d
T3_CLAIM,2286,87,sfti_d700e52cea260d4f79282e25,cand_1331717474cf32676fb7b04d,paper_9cfcfcd2ed71c0ca6a56
T3_CLAIM,2286,88,sfti_808062fca0ead23aeace5d07,cand_39b9213fdfbf6325b6efbd71,paper_8db0fa20c03e47048f72
T3_CLAIM,2286,89,sfti_5bfe83097421905a4070f7fa,cand_2f3257c24268995a193a02ae,paper_7dae2f2b5c43ce9aef0e
T3_CLAIM,2286,90,sfti_a74f4ed76025d4de49968531,cand_6bcdd360a4ed840cc2e6c008,paper_c0fbf7e54518e5b9cde9
T3_CLAIM,2286,91,sfti_41d3b4782bac99b07d90caf4,cand_9613b75e0d4c77f9bccb082e,paper_33796061924f83a65de1
T3_CLAIM,2286,92,sfti_1d251ad7d4081a4a093e6026,cand_c60872e8e47475b25894dbdc,paper_254433e21b7170b6b83a
T3_CLAIM,2286,93,sfti_2312d957467ff1d61a847627,cand_3cc3a1ef2ae3f26f1579554e,paper_369353ad961a699d2837
T3_CLAIM,2286,94,sfti_52e154cc3b7ae8f7bf5feeca,cand_f87af2850831a883fec5d823,paper_b6b0623f2398930e5f5f
T3_CLAIM,2286,95,sfti_3e9d626dd313badc0a4caaa9,cand_b0fb6b3161d02a1f5a4ccbb7,paper_cc9ed1f379259d9c2e94
T3_CLAIM,2286,96,sfti_3bff2ec9e2bbf92002b72834,cand_39a46c62481c9f34bba52e4c,paper_8700bcc123dc5d3b937a
T3_CLAIM,2286,97,sfti_250a83b9a1c21004eb4067c2,cand_2d65066d67f2207223ff83c0,paper_a9dd875727810e20e480
T3_CLAIM,2286,98,sfti_ebe763473712a4681a2e32d1,cand_ab72c64048e3f5b1d2c34ea0,paper_d1664d57746a7f6eaf35
T3_CLAIM,2286,99,sfti_3a01cf3833731250cb3c9e3b,cand_84b51c2c702e24d351199d13,paper_890343a4524e020964d0
T3_CLAIM,2286,100,sfti_32aa2ac6c08ebb57e4ed1dd0,cand_a617bca427787e8e20508de1,paper_19d6d130654a2931c231
T3_CLAIM,2286,101,sfti_69ea722d0e7f8b70b4ed24c5,cand_97f12579e36a6f4fbbca205e,paper_664bbbd2927cf5a8c793
T3_CLAIM,2286,102,sfti_3383baec480e2fe40b2b55e7,cand_67d26548aafb733e71712d3a,paper_46e8f97f2081552de5f7
T3_CLAIM,2286,103,sfti_9970b3f27c6969fa1e151845,cand_4dba29265eae68bf151310f7,paper_009e1ffb00faff097f0a
T3_CLAIM,2286,104,sfti_16df2ba1ddabfcffd971dce8,cand_4fb7dc8ebf0e192a749f8747,paper_80a68f160df4694a78e4
T3_CLAIM,2286,105,sfti_2d7194588a5c6e3c44653a6b,cand_03ce28994a536951852efb32,paper_a33d69153b85c02028d9
T3_CLAIM,2286,106,sfti_544ca1fd2ae3a240ec3f1a71,cand_090bafb23e531fda69301063,paper_5d3f229a06477354b1d3
T3_CLAIM,2286,107,sfti_1761b63ccebbfaea30a03343,cand_99350d4e2ef51016319bf21a,paper_782ce051c047673034e3
T3_CLAIM,2286,108,sfti_91ca1634c956bb04916fd461,cand_c20da6ee9fc5ae275898420a,paper_bea3698e1259b05a513f
T3_CLAIM,2286,109,sfti_a5004a53ec15ae4447e29178,cand_db9574b49f221fa7f615598c,paper_bd33e8fd432779663ca7
T3_CLAIM,2286,110,sfti_46384757e0b734eee34bc8fb,cand_a301954b3ac10fe0cdc54ab1,paper_b00d47de8a46a6c79806
T3_CLAIM,2286,111,sfti_8b1a71c5ba09dae1ba54f3ae,cand_dc3d0f76c99363a4ec2744bc,paper_58ff33777204f4c8bb8c
T3_CLAIM,2286,112,sfti_1c653536ccb2f83a0a2eb86c,cand_75c986de7eb50c1f70655198,paper_7dc23c11a92281e380a2
T3_CLAIM,2286,113,sfti_a8d99f90b400c9c002416d29,cand_e3d464f0e0aa7c2c8e97b815,paper_e3d8928cee28521c5c57
T3_CLAIM,2286,114,sfti_9a118eb26e7fb43e29b4ec5e,cand_6123d617c82855d06c880710,paper_7cf0443fbef6f4ce3e58
T3_CLAIM,2286,115,sfti_beaf5eca5bec773adb0cb892,cand_d151179763ccbb8b594989be,paper_0ac30fd051865b2ea76e
T3_CLAIM,2286,116,sfti_370036207c917ad5e35619e3,cand_0cdf98824f46cb28a66e7899,paper_fabf56942b601869800a
T3_CLAIM,2286,117,sfti_5f6e1ccaadef471ac13583aa,cand_e07286441a773098c31fbf72,paper_bf328a6639cdd954adfc
T3_CLAIM,2286,118,sfti_55bd9e6dc26b848ce21874a4,cand_4eb30b94f5493d048e3ca431,paper_15fe252af04f747cd417
T3_CLAIM,2286,119,sfti_e8cea29045bbbf96e115c7d0,cand_9fd8c276bc781176d79921c6,paper_81aa2b919d1c92a07a7d
T3_CLAIM,2286,120,sfti_711551acdf50c68f32bf8eee,cand_fd9abdafdf1dee50cc34bc72,paper_ecd6471e7031f96c6dd5
T3_CLAIM,2286,121,sfti_2d8b2e56c2dcc7282733dc49,cand_2ba1b8250009e5103842dabd,paper_927858d424e2b9cea9ba
T3_CLAIM,2286,122,sfti_c659da0e8aff36db0ea8052a,cand_a610fa5dda6cab60bccd1641,paper_1effe763b7ff437e1fc9
T3_CLAIM,2286,123,sfti_aba39e4fb5c03983388d254c,cand_a1b7e49cf565c06009daa2fd,paper_16e3b97c39963ad0d408
T3_CLAIM,2286,124,sfti_6ce7926b6bad6191dd9554bf,cand_884a201fd7bc85a9eaadc08c,paper_31cf168c71255530e973
T3_CLAIM,2286,125,sfti_1142c7208bdf835cfd70f9f8,cand_4a7ff52b6aff2a81cefb8b21,paper_48ac381c2e24a4af0f14
T3_CLAIM,2286,126,sfti_dec286003a8dc7d6c9ca25dc,cand_c96399d98cb9855a72bfce59,paper_82ada25e588ffde0797b
T3_CLAIM,2286,127,sfti_54607d508b17053b794f8950,cand_c048739f7e2c99ec22632e6f,paper_b8edc7930b5c5f8e22f4
T3_CLAIM,2286,128,sfti_d8fbce0dc52d9d8c7fd5e5cc,cand_30b9d5f88e749f35326b4946,paper_471d115d1a36a551996f
T3_CLAIM,2286,129,sfti_7d910c9af98158df2c601425,cand_808be058cd1612a690408547,paper_347a5b1658801d734112
T3_CLAIM,2286,130,sfti_bc4ac64049e06b9a0c3c155f,cand_3c9adafed5284bd0587c9e26,paper_6a8becc5c88f09b869f3
T3_CLAIM,2286,131,sfti_28cc2d89e3883a165e574e22,cand_09aea71e38a90c834444f362,paper_e0541593a359d8a87a28
T3_CLAIM,2286,132,sfti_1d685e38829f8a76b20ab463,cand_bb21f3d44868bf0123fccf1f,paper_f913304731279218e7c3
T3_CLAIM,2286,133,sfti_849fb8d71afd8f7cef3645b7,cand_f9a61b8250bee87a649b1e3b,paper_feb0bfac9268de917c23
T3_CLAIM,2286,134,sfti_174d04e8fffc3874025916f6,cand_49b2a3df7a241c38149f5c49,paper_a9b7cccd95ca07156fb7
T3_CLAIM,2286,135,sfti_c76639c3c348a3a746f6406c,cand_f5241f208db112768b2a3319,paper_1929f7cd87eef5deef5a
T3_CLAIM,2286,136,sfti_873e01b81fb2e081a887d942,cand_0f207c6deef5f3ca11b53def,paper_df87e85f2ad904ecb786
T3_CLAIM,2286,137,sfti_c8855ca2bcdf6b7bfa8fbbab,cand_ce8d3205e84bb2cfcada9c9d,paper_16c13df8cf3bc9f0e47f
T3_CLAIM,2286,138,sfti_407df20543f1eb1002458564,cand_b27196a459825daf87ae47ca,paper_029eab9034ce84cdbecb
T3_CLAIM,2286,139,sfti_35bc598e3ec3f9d5ecf8ea46,cand_18d8c5d603901e690ff97735,paper_e66c066ad5b463fe5b2a
T3_CLAIM,2286,140,sfti_7f2ba9f1a92c16ef19ad58bf,cand_bb64dcd89f10f2667910dc3f,paper_a0cd7ea49cb2b30a2c1a
T3_CLAIM,2286,141,sfti_f0b88dd7ab667fe1b834a619,cand_d35626b0b0975f6432ed761e,paper_8dc5c333e1321b1487f5
T3_CLAIM,2286,142,sfti_a53310398c5fcffed49c149f,cand_05084f5d28b5ae4a8d015b61,paper_39e9d11387f6c55d1652
T3_CLAIM,2286,143,sfti_9a27ba15204dae5538e51a87,cand_add8a1a6f0e4fcce6e3cec02,paper_f70c8739c330b884890d
T3_CLAIM,2286,144,sfti_c9bb171408114ae58204f6b5,cand_062dc8b62fdf8f7d7a1a9279,paper_cd430a12c79af147592a
T3_CLAIM,2286,145,sfti_d46df0c4ac8d454244b34e3f,cand_fea82009b4c88fb4a34e9a11,paper_2fb2efaeb9b40547dbba
T3_CLAIM,2286,146,sfti_51460ebc4cbe9cf3775a41e1,cand_60e3a5de5f1e2c032445e7fc,paper_2e7c7ada2c0738c9576e
T3_CLAIM,2286,147,sfti_f8fcdff235e4b4539620b1b1,cand_09fd73ad6ead100b1143ca32,paper_44bc96df746b0dabdfc1
T3_CLAIM,2286,148,sfti_206f1c975f2ca9070d911553,cand_a1390ffd46d53d2ff3f98929,paper_b364eda28e0dfc18ba5a
T3_CLAIM,2286,149,sfti_dc8599ac6386e864aae1fa28,cand_f0649425372002e475559fa4,paper_16f52298d6daf40db176
T3_CLAIM,2286,150,sfti_7da30300723727175b7da04d,cand_f7f66e97010293f4d545c40b,paper_c8ae2c8db4e9cbb06f0f
T3_CLAIM,2286,151,sfti_693036c42a03cbe78f73393b,cand_0aa4eaf665f3e4d905c9dc2a,paper_73576f4bbe0b9bcc0958
T3_CLAIM,2286,152,sfti_097311d9fe5bb44c7e0577e4,cand_1a11e1c36f550128bab675b8,paper_c7f4c59a783a734322b2
T3_CLAIM,2286,153,sfti_a5df662923a337b71c4230d8,cand_88dbed79c415f65d6c86f4ab,paper_1a1142f66516739f76d7
T3_CLAIM,2286,154,sfti_677415d2ddbbe7dad10d21a4,cand_a6600cc19d4ec111c6dbfadb,paper_4df470ebcfb07bebccac
T3_CLAIM,2286,155,sfti_9120c149c9d00327ea4dc9dc,cand_fe46e45505cae1d01de613d9,paper_dd00a6ebc17bdfcae203
T3_CLAIM,2286,156,sfti_0d54ff91be9fd5d35fb294cc,cand_eed6d267027a82d94509f84e,paper_6b87b17f9d1a3a845b3a
T3_CLAIM,2286,157,sfti_f00ff657d2210f2898f6e010,cand_c46ec3887ffc36bef761974b,paper_059fc5b9c39e4fc7ea23
T3_CLAIM,2286,158,sfti_2afbfc1ecd6da1786973b8bd,cand_3b4185193c87d41a41045ceb,paper_2a77513d8432605df47a
T3_CLAIM,2286,159,sfti_563dfc429c7b0a651e524575,cand_0d5093ef157f16dcb10f52fb,paper_a8c55eceae6ca55a4392
T3_CLAIM,2286,160,sfti_98fe31222cf402b9c7d95d5f,cand_9891b64be1780febd2c2472b,paper_89ea92aa5842a2c088a5
T3_CLAIM,2286,161,sfti_392b6aeeb618b8598c085c9a,cand_b2c0819f3fa1de32d602950f,paper_654a44c8e94205f86a24
T3_CLAIM,2286,162,sfti_66b9054f370cad8917c4e31b,cand_aed1159ebc4758bbf1a725ad,paper_14587ed0f5bdfc1a50ee
T3_CLAIM,2286,163,sfti_eaf8c5b1e6cb3b918f2250c7,cand_5d713e2c0a95232b861a2e30,paper_a321253be2df8e289b95
T3_CLAIM,2286,164,sfti_c563152a9cb301ce75a3f19a,cand_ce0b89e1bb386b8fbade0c27,paper_d8e4d2ebb449ff45541d
T3_CLAIM,2286,165,sfti_5c0942bcf97fa23ebc6c87a3,cand_4767e17f010c3c26f9f0a8b7,paper_8a5acc89d7b1cbb5da6a
T3_CLAIM,2286,166,sfti_bc31f41d9bdc7b0406361554,cand_0270baf86993fec8d3319ea5,paper_19eb043baf2285e21e04
T3_CLAIM,2286,167,sfti_76d1bdd03c500ce805d74c14,cand_e29c1bbf7777d916536d1691,paper_8887b871f470f66c3361
T3_CLAIM,2286,168,sfti_e029365aa96f1ddeac909832,cand_fa458f0aa770efaa151ee1f2,paper_d5d65745a63e07efd9af
T3_CLAIM,2286,169,sfti_fd626d3997bffcf9e67397be,cand_5159e3cb1d08627d92e79b9f,paper_4f1ab823cfd9f70682e6
T3_CLAIM,2286,170,sfti_5f77b5c730cc02764ff0a799,cand_c51995736c2774c06bea0725,paper_22e2b4a6a3827317eea9
T3_CLAIM,2286,171,sfti_710bda877138193b02b06fa6,cand_e41606bf3a072be134caa673,paper_3d161fef9d71e18b98ab
T3_CLAIM,2286,172,sfti_4a0aec6933c4242e22fc1835,cand_d2f19cb0b068bc078a1ecb9e,paper_3b52b2355f8e01112a03
T3_CLAIM,2286,173,sfti_6190b85da2b2d4ec20e24c58,cand_95cdfdf89df2ac8314f35650,paper_6445b8c71cfc27098a19
T3_CLAIM,2286,174,sfti_81d202e9e8d8989fad4eea61,cand_c23e36df40c0929eeea922d5,paper_b9e7a7fc983610a94d2a
T3_CLAIM,2286,175,sfti_72d1f478b670b0d3369cca3f,cand_a25a83d762d3c4421d5fdb2c,paper_c84490476cf833bb6ee5
T3_CLAIM,2286,176,sfti_69f1782edde88807eb36050f,cand_01ec212c54123e3154c55706,paper_f766d0e99ef832cea663
T3_CLAIM,2286,177,sfti_29f56839e832931fad3112bb,cand_a67688912a953aa7ebad0ccf,paper_b2d1155ad3ce1f678145
T3_CLAIM,2286,178,sfti_c4372ebaf9776ad43c44fc32,cand_b77147db7834be597ac85da1,paper_e64d61732e6aa5e667ac
T3_CLAIM,2286,179,sfti_05d18068a222a964b89fe753,cand_c5105830c814c02b303e9fea,paper_e5334460cd55c6892d27
T3_CLAIM,2286,180,sfti_7ca8c095630a240088b1e3c7,cand_d44eef614a914730afa005f9,paper_acef42607abe11ef888b
T3_CLAIM,2286,181,sfti_937bdcd18d0c4b066dc64fb9,cand_008bf2426a4cda44a42676b2,paper_d3d6bf6212f62c9c3292
T3_CLAIM,2286,182,sfti_36ec803d4dcc6fbbb07f305c,cand_cc2407a61453642ddd9d7683,paper_4095b334fa6e74b81f84
T3_CLAIM,2286,183,sfti_9f2e4c25a27964c4b600337a,cand_03b0d362994b69d4cdb429e5,paper_4b3e2d7da58e94877ec3
T3_CLAIM,2286,184,sfti_8d04bdb52e20d7a18f1da453,cand_b1a6947276dbccc0e017ecfe,paper_aba23cbfef580e6ad9ba
T3_CLAIM,2286,185,sfti_8962ea2af4b16f1d7dca41f2,cand_fb4c1b49827b3889e13b2e79,paper_a87575ab3689cf227d88
T3_CLAIM,2286,186,sfti_015b5b3634075b2662ad5d0e,cand_b1e721a0febadf4ca413560d,paper_33d29fa4c709b83e9173
T3_CLAIM,2286,187,sfti_f754a872c4fb68c690b204f7,cand_5c43eb37ee333f521e99cb26,paper_4dc2eadc3749a7660e20
T3_CLAIM,2286,188,sfti_3925af69bea80b69be144980,cand_01b4db2df631a8e99d3f40d0,paper_fea55ea95297375b89d0
T3_CLAIM,2286,189,sfti_a2d417fe146f9e2feeb5e676,cand_5b16de708dce2fdb237ba6c8,paper_1af66e18c3f897d2957f
T3_CLAIM,2286,190,sfti_211129c98ba853dbf5cbd0d4,cand_f6df6a3390b5bfafad906a7b,paper_3f3d0e48546e4ff42f4c
T3_CLAIM,2286,191,sfti_4c52ffeec2c3ecc9e75cf60b,cand_0903250fa2551adeb101d2c1,paper_01ae4cd09750e14709a0
T3_CLAIM,2286,192,sfti_5aa2099fb2c1c031145b112a,cand_f662eb667ddfd1739b8650af,paper_c489eb829275ad437013
T3_CLAIM,2286,193,sfti_568c923d0d00b4b1c5fe7536,cand_9eb564621a39ab5551b87ee3,paper_ff210780ebf46f6c43d7
T3_CLAIM,2286,194,sfti_407c3a9ffac253896ce21527,cand_022fcca94c0b588f1ba67447,paper_e794729eb1562a4b7f3a
T3_CLAIM,2286,195,sfti_8443fb87988b4d331001b3d2,cand_3ec97eaa018ad160224e3828,paper_55b4b2bdafbd819c7d8a
T3_CLAIM,2286,196,sfti_47a8ebbcbf3c321a5dad59f8,cand_16868733deeed13833a77dea,paper_d29d84f63443160ab720
T3_CLAIM,2286,197,sfti_782d83ac8672481d975caf12,cand_0a43b79443e22901cf65e66f,paper_a10b7a021d06c267c421
T3_CLAIM,2286,198,sfti_6ab09d6c229b34b46c59bd8e,cand_faac092f93c28f111cc52a67,paper_d1b552e814f2835253c4
T3_CLAIM,2286,199,sfti_69f5d3ce07a7da17eb8688f3,cand_b4b9cd0d60815bd7280bfd88,paper_fda3c6da82b26c4d290c
T3_CLAIM,2286,200,sfti_9e55b3a764731261ac061ac4,cand_ae8fbc9b4a635efc52e341f2,paper_d70ed00ebaa890cfda32
T3_CLAIM,2286,201,sfti_689eb8381e9af2eb41fac3ab,cand_4d2936c2448598a30cfd5545,paper_41421cea964b6e798387
T3_CLAIM,2286,202,sfti_a4a28ba0f0ee699532fe02a9,cand_a625100869a9da504c71e57e,paper_ad960a099664c9384385
T3_CLAIM,2286,203,sfti_97d5ad376c0e2c40ff51ccaa,cand_d9dcd96d64b3eeb4c084f7f9,paper_fcaf441cb221e2b6404c
T3_CLAIM,2286,204,sfti_d390e60690049ecf59875b28,cand_e434cdf52a67fadf59265566,paper_07a3b3056cc42097fbf2
T3_CLAIM,2286,205,sfti_df9e4bf5f44c17d3b7a8ed18,cand_ef8871541a30cb7d9a3701ad,paper_4135aaa949a7342e60c0
T3_CLAIM,2286,206,sfti_56a7ddd79f85f4e25014da27,cand_be390200077b7512253d081d,paper_eddc5d22611e6979656e
T3_CLAIM,2286,207,sfti_bb7aa94353603c42cff5dd03,cand_a10c9f064988be9a2f914c3a,paper_4c896a644026ba361bbd
T3_CLAIM,2286,208,sfti_89b0209541cee9c8202540d4,cand_6e38047a0ce5c16449098c5b,paper_2fa4ade2a3d21eee9f61
T3_CLAIM,2286,209,sfti_0a07cd80433686119133037b,cand_593d644eaa619802f03aa6df,paper_3be124ecfb9b58037f0f
T3_CLAIM,2286,210,sfti_4033555591def617abb11249,cand_0bac3d5c5b22cc6026f6d073,paper_36276ee9d44792005ff8
T3_CLAIM,2286,211,sfti_b7a81c7816c04844f15eebbe,cand_c15152c01ce60d1393720070,paper_90b73384b7f4312f3880
T3_CLAIM,2286,212,sfti_d89e51fd4c7f6f5058be6713,cand_0d7ff021532d9719039370f9,paper_cbb0e6062da18c72ae61
T3_CLAIM,2286,213,sfti_8e272573813d6f68615065ec,cand_e755a9d9656411b323970bf5,paper_ef639adba85088c21271
T3_CLAIM,2286,214,sfti_dd7d17bf7ca779b74b1396eb,cand_0a97c71c662e843188abb315,paper_b7f93bc4a0f6ac17062e
T3_CLAIM,2286,215,sfti_33586a473c38aebd535d57f5,cand_7cdf8e92433766a44cca2bdc,paper_0c7faa8670b4eda51f88
T3_CLAIM,2286,216,sfti_ddf5c9b3f813e7db36467585,cand_de42d85d8262d9c78ec114ac,paper_752b87d11b844759f3ca
T3_CLAIM,2286,217,sfti_db672f076dcfcd0d3122493d,cand_4e62049d075f4d7c1054409b,paper_aa9d7fc4331799659cfe
T3_CLAIM,2286,218,sfti_f71ca15dd8571277ab6b892d,cand_c7de0ad1084138f775fd44e2,paper_b02b1015a4d81c005688
T3_CLAIM,2286,219,sfti_1143a970aed5d80c7b3b310f,cand_bb032eb63771bfb67494b314,paper_c9fdc8cedb5be40f0dc1
T3_CLAIM,2286,220,sfti_cf1b1063803d5d0306b6f04e,cand_71abd6dcd05199c7a6666a92,paper_fd4f44b26db058b07e2e
T3_CLAIM,2286,221,sfti_3ec8683fe8ee449e098073d6,cand_d7adbe44e4ae2996e3cfb342,paper_28b41abcd26dc4562ec3
T3_CLAIM,2286,222,sfti_8fe460efd7ff706fb0d42133,cand_4b62c522db634644d62c417f,paper_12a764f13952eccb5204
T3_CLAIM,2286,223,sfti_9093fa43494054048aa58c2b,cand_d47d1b603c4bc8381d26a24f,paper_4877825c00e174f1190a
T3_CLAIM,2286,224,sfti_f5833ad71955639a53d6883a,cand_15e21396d1723cca45363957,paper_e9ac0d341bdc0d314ea1
T3_CLAIM,2286,225,sfti_394a23a0ef23587b1339c9ab,cand_b88c32ba71b94e54a7b75c24,paper_a090533a9bc941a8e914
T3_CLAIM,2286,226,sfti_a86f316c5f1b4f20ef95ab3c,cand_f96d102b9e0a6394b95a2d80,paper_0d660ed882f95ed7cfef
T3_CLAIM,2286,227,sfti_599767a2c68425bd372257b7,cand_2b24669a7b4fee6917495947,paper_8d40d89731d42e529964
T3_CLAIM,2286,228,sfti_4cc041008ab1f19d48495ac6,cand_808b1f97e44d3dcdd41886f3,paper_c84f83ae2a94c240da67
T3_CLAIM,2286,229,sfti_7184bfafeaaea3465c609fcd,cand_c9c980f46ae2c94c6bf28db3,paper_8f19b4cda93b876f475f
T3_CLAIM,2286,230,sfti_50bddaca6cd050c2b7928c6f,cand_4eab35cefea895ff38808455,paper_62a7126dee11cf247e69
T3_CLAIM,2286,231,sfti_3d82d30bf797958d944284fc,cand_4a98beac31809dac941ba7be,paper_717c27ed0f4ae381c164
T3_CLAIM,2286,232,sfti_0086cbb3d56d5f7635531074,cand_841c9aa5aadbe8eda3d3da2d,paper_e2410e75ea19291fc9b1
T3_CLAIM,2286,233,sfti_00fc21739280ee8314b4027f,cand_2d85ae268de0cf2e0a01c0aa,paper_5d67a811c441e45c0ef1
T3_CLAIM,2286,234,sfti_c68b5c3e3c4c2a471680541c,cand_878a7d848aac0cce14dbff25,paper_b93c83b03100d6633e9c
T3_CLAIM,2286,235,sfti_0567f2a568ec0908d4aec74c,cand_cd274092935825c7bc36d202,paper_68b682c64bdfa515c2d5
T3_CLAIM,2286,236,sfti_ab2f153cdeb760c660cc919d,cand_8e71f078a1d982c9864335d9,paper_7351e5743c7ecb5c6705
T3_CLAIM,2286,237,sfti_b57abeb2c1068d80c84be989,cand_a80f68d79ac7fe7148b83025,paper_ee445c79be8a00b91f8d
T3_CLAIM,2286,238,sfti_d4d3054a44ae7ab7a46a7598,cand_f107e37f13ee4b448081f837,paper_56c871a48eef1bc45564
T3_CLAIM,2286,239,sfti_d393cdd3a9536bc7a587a1ee,cand_63ab127fcf559da38ffaf60d,paper_62ba056f9b96eb71a5ef
T3_CLAIM,2286,240,sfti_048e0d19d70c52d2ba690b90,cand_662a26a9b291244738845d93,paper_11d4bce0bb41d66468ff
T3_CLAIM,2286,241,sfti_742ed373a1a6689673d0c0cf,cand_2a04ae96a61fc93de2fa1cb5,paper_caf83ac6d968d7b42c21
T3_CLAIM,2286,242,sfti_103cc16ac51f106d01ab43d9,cand_6fe595fa95154cfac5c8820a,paper_c25c9260ec4470115f16
T3_CLAIM,2286,243,sfti_ff5852985b57587921513ca2,cand_8ee4eab898a469763ad0d518,paper_ea154a917286952192b9
T3_CLAIM,2286,244,sfti_5951f49c264fde42557146aa,cand_13dfdf5e3fe83c2b5c095352,paper_e93d0eb808f7955cb1f3
T3_CLAIM,2286,245,sfti_3330f45514d23ecb8e5fedfd,cand_1d837104d487f9990d34e9bf,paper_8b945006f5be45871ad5
T3_CLAIM,2286,246,sfti_b6d15f026e5cb9c5ce959c23,cand_6489ba26a4bf20ba090e2d33,paper_45bffc535c6c75f3735f
T3_CLAIM,2286,247,sfti_f7a60d9e3f6bba4b94cec612,cand_be28c446801c17782a3ebc61,paper_4bb04ced1198e17099d2
T3_CLAIM,2286,248,sfti_78477065146884df72a529da,cand_b5af155c795703f73b9f7403,paper_221f0c916ee0712cd55f
T3_CLAIM,2286,249,sfti_67259a6eaa486ead361c0c79,cand_a9c2c4ccdc8d6ba156cda0b2,paper_d5bb0856ca7695b7aedb
T3_CLAIM,2286,250,sfti_ce71121d0fe6f24b6042a001,cand_3e93f897bbb79d504ef0f3a7,paper_18d798cf5baa417ae2fb
T3_CLAIM,2286,251,sfti_7661a6fda10abe1407af02e4,cand_a9a4aaa847ad32b67f4534eb,paper_9d036f816105712cf14d
T3_CLAIM,2286,252,sfti_abbf531b34789496f585acac,cand_3f135fd6b4388e29b82abd29,paper_f1d7cd92d2e39bad89e7
T3_CLAIM,2286,253,sfti_c75b88b5b5469f09b545c7f5,cand_ac5b21c5c1b70e9e5676a386,paper_f127962446e96a02507f
T3_CLAIM,2286,254,sfti_a49bfefe23dbf83c649293d1,cand_d6f55f69ce88ec0e3dffb135,paper_2c9947398b4a04e8b1e2
T3_CLAIM,2286,255,sfti_746b67b8489bdcd4ad160976,cand_414ebdf9efa4968c4a7c6574,paper_f0583650cca2040db9aa
T3_CLAIM,2286,256,sfti_a13e0640110813f56758efeb,cand_a3839631fbccde3fc5ede928,paper_817baf95fed9d0fdcad7
T3_CLAIM,2286,257,sfti_4d5a82bdf193e6fe7208985a,cand_c2ccd17be651c3dad1c99a16,paper_8b6b74b78f127ceb59c4
T3_CLAIM,2286,258,sfti_f1e89ff6876ebca6baf80268,cand_9c49fbb4f601fbb203a12b64,paper_e2971df144864354ab50
T3_CLAIM,2286,259,sfti_a9339a431dd381c158cfd857,cand_14c7dbbbd24c348251b03869,paper_122ce5784931a01456a5
T3_CLAIM,2286,260,sfti_6d96b00865a242930b253d53,cand_c1aa2be42e5b55d30eb4d57a,paper_cf4960f6d973ee4f6601
T3_CLAIM,2286,261,sfti_76013df83f140ca631bcc0c8,cand_45cb577088a7f6a1ac3e08c3,paper_661b1867c0226471dae2
T3_CLAIM,2286,262,sfti_6b5ead4a9b8946c3676e8b44,cand_04ef501e967bececd50c78ea,paper_25931cee38fa367141be
T3_CLAIM,2286,263,sfti_826fac8aff5391acaafb43d4,cand_eeddca74f1543bb119938569,paper_14885a60d70b18d57ffa
T3_CLAIM,2286,264,sfti_c91ba79ec4e4ba6b84afe480,cand_1708c27d07ad1c96cc15fcf3,paper_869e1908a0428f3ad7c4
T3_CLAIM,2286,265,sfti_854a623ab65b650e368bf7f7,cand_d4a91680c444e21933821345,paper_f00cd50c0c8adb622672
T3_CLAIM,2286,266,sfti_85dc0acf102155e5e30b07dd,cand_483ffdaf3bc8e12c95d10389,paper_aa644bb19b81f26fb841
T3_CLAIM,2286,267,sfti_98ff35e17a75f68f2136d8ef,cand_f833364eaa7f99a04fc61bc7,paper_5f9e475046ee441302b8
T3_CLAIM,2286,268,sfti_1b818b4e882e071208b1909c,cand_dbe7e2b28e3a4565c01ded81,paper_92969607871cfe57fe43
T3_CLAIM,2286,269,sfti_e89bfc3debbffda80467a9bc,cand_10ef09670b117f3af43d1c2d,paper_8af94154beb2a5df2697
T3_CLAIM,2286,270,sfti_c0921b8d6fbec362da2c28ce,cand_e2cfe74f1cadcfb56166541c,paper_61b3e2b332fc7c0c5fac
T3_CLAIM,2286,271,sfti_feb3febc005397ebd8701c66,cand_6c96ed7bd9b439f7a1c31094,paper_d7a0aeadcd3541bb384e
T3_CLAIM,2286,272,sfti_b5f6d40886b1c2956bc9bd63,cand_1377fc9a709378616d53a8e4,paper_c8d9f103a73fcd2c159c
T3_CLAIM,2286,273,sfti_676285b94d090b5b0afefbd6,cand_8660d58d4113dd48027f88c3,paper_a9f339fccd3c96381e78
T3_CLAIM,2286,274,sfti_16d797a00e8c41d1a7edfa93,cand_9c15043d48a42d5a2feee8f2,paper_4f31c328a7c95c22c4de
T3_CLAIM,2286,275,sfti_c97649de2b7cf30a995797d7,cand_461993d7e245ff9242bf7260,paper_cccf0a5d801b597f89a2
T3_CLAIM,2286,276,sfti_d04779c48beac01ad7fbb776,cand_1f73bc09e6ba049de34342e2,paper_955110ae6783fdfb11b5
T3_CLAIM,2286,277,sfti_0d81364d0a5d115d6e662567,cand_a39e768c08732db1230c32bc,paper_cb918152eb88ac781e99
T3_CLAIM,2286,278,sfti_58bdeb9985f5d6c33269ff47,cand_2d3c4e88a3c97502d8711d57,paper_64526ba0276feb8256a1
T3_CLAIM,2286,279,sfti_a6568c2e9d4c22d5404d1da1,cand_03cf259e2bead1a8ca05426a,paper_e8b66608c3d839cf37e7
T3_CLAIM,2286,280,sfti_48e5f452f67b8bb99f43cd64,cand_05f6af93cc4a979c29bb7a25,paper_aa8deb9a1b3a3361460c
T3_CLAIM,2286,281,sfti_e5533dff885cc6ed7cf1febb,cand_d930805aec232505f49a4b72,paper_0ec8a1fff8943d1ae2df
T3_CLAIM,2286,282,sfti_253519e0205f7c75e6388cef,cand_e58bd4e89664bb4c0d3f43db,paper_0a7d6170833642992e54
T3_CLAIM,2286,283,sfti_352d0c10d82be1c715ad094c,cand_ab776c3b59ef1f5e53169f39,paper_3af5860f6f122a895eb2
T3_CLAIM,2286,284,sfti_51a363e500191f2d74a6cb17,cand_b31646a11a584c96d3fc8d5a,paper_0bdee45a81a51102cccb
T3_CLAIM,2286,285,sfti_76c1b63c4b26c371e3e65166,cand_0a8d41043c347614ca070e5c,paper_4fe3a499c98362690104
T3_CLAIM,2286,286,sfti_21cbeee499e779ae1d12dc66,cand_28f124be2aa5c07e6288b54b,paper_f6bb7179b2d6e6455912
T3_CLAIM,2286,287,sfti_8bb442f0967d82932869ba9d,cand_3c797f90643f0bb9ef1cc0d0,paper_5cb8db5c0d334bb45ec9
T3_CLAIM,2286,288,sfti_7ca3bf73d6bb3b45aa0de3d6,cand_b884e28db3e14e030fe81974,paper_6ffe7bc6827797347dff
T3_CLAIM,2286,289,sfti_b7703a0b0bcd73fd2c18b744,cand_c06f3e1ed13f68975544dfdf,paper_a79382eb4ad67c8ce4d3
T3_CLAIM,2286,290,sfti_8a6e704cd0946cab51873b0e,cand_5ec3d5104c4a561e7ca51c15,paper_772843d89b24948dd741
T3_CLAIM,2286,291,sfti_c474d6212f374c5255ca3def,cand_9fcba81625b01773970672fa,paper_072bfbd0f8798926c557
T3_CLAIM,2286,292,sfti_0fa45de5e93313bb53f13cbe,cand_1fba57edfc7fbee0359fa9f2,paper_09a5a6b8d7c4de7c9081
T3_CLAIM,2286,293,sfti_8fcad480d24ccb4294db267a,cand_d341e53acedb7974496947c3,paper_a35f33cae0d6e49f66ae
T3_CLAIM,2286,294,sfti_6c4452dc5d2bb96abce35225,cand_e8884696b37b70dcdd6da433,paper_242e560e97cb6505f70f
T3_CLAIM,2286,295,sfti_b998d223ca526e8ca18b1d46,cand_b7e7373355daf5b293cd2f93,paper_c9545a7faa3c0ccf935f
T3_CLAIM,2286,296,sfti_68adcfdd9bc6b50e39af0919,cand_599f92e0f1c3b620919b6a66,paper_d3384a041b7bca380507
T3_CLAIM,2286,297,sfti_58a126c09a8bc75acbfcd48c,cand_1395866c36744a7cdd0e973f,paper_c750381016e9d48f54f5
T3_CLAIM,2286,298,sfti_d3cf16cae0f7d7cd448dfe1a,cand_e9e7a37e80e139e5f4174d1e,paper_df72b530993943ce67bd
T3_CLAIM,2286,299,sfti_9b3ebc549e2b568bbd9ce951,cand_2258d56762c8eb9fab75f810,paper_37a7e2db9bbcaed1144d
T3_CLAIM,2286,300,sfti_f2d65a563a08a8d90a083776,cand_6ccb290586b2da3a9f4b706c,paper_da0ac833f07a1de644ea
T3_CLAIM,2286,301,sfti_1eab5da09b60a8fafe7f06ef,cand_ba7150ca2be9e3c7e0fb9533,paper_0232cc466c60248dfdc3
T3_CLAIM,2286,302,sfti_921279cd404e36ea5dd4efdb,cand_f98c33acc2c6e0f316660a15,paper_cf903f949f015c0adc07
T3_CLAIM,2286,303,sfti_f644dd1bd53ab44012d4d522,cand_b6e4a6651d1c832c390a03f3,paper_7ba24873e76b8536a7d2
T3_CLAIM,2286,304,sfti_29754810694e94dea1a96f0e,cand_4fddec39a926f28add25bf36,paper_2cdf2c4c1a28280b7e7e
T3_CLAIM,2286,305,sfti_e566377dc64e24d3de0e40c2,cand_69ea5c061f5be30d9d2ed422,paper_0f02388cc6596059d73d
T3_CLAIM,2286,306,sfti_5174692ac2a7ed8d31c45bba,cand_535612b3801359e2105cfcb9,paper_d50b8aede0d39091b0ee
T3_CLAIM,2286,307,sfti_f59092276848737fbe3c40f1,cand_c2f8190aa3d496883d400da8,paper_57070c9df2bbb7169952
T3_CLAIM,2286,308,sfti_7d7f6d62d65655414fff2d47,cand_21047da8aff86d6f10946f1a,paper_2915459eda4b88d763e4
T3_CLAIM,2286,309,sfti_8c2bb73e8167622e3d81d009,cand_a2786da178326158243386c5,paper_ce646a57e074e1cdd0d7
T3_CLAIM,2286,310,sfti_52425a7ec08ac4bb5d68982b,cand_adb6442ad4f27e90f232d97d,paper_ff9b82de434c6ec0f4b0
T3_CLAIM,2286,311,sfti_e86b7555525eded692b81e09,cand_a88ab7d4af4a4bdd3eaa6efa,paper_70c25393cf57bb9d618f
T3_CLAIM,2286,312,sfti_c37c30b499150ac37a178df4,cand_e5adadd989f20dd0540dff0b,paper_2cf89ece81e90cd3f910
T3_CLAIM,2286,313,sfti_35c2991c4af4c71cd298db4a,cand_f9a66ad394c0634827f03903,paper_d664bf3efe04a2cc2688
T3_CLAIM,2286,314,sfti_f39d6dbae3c4027c04e87965,cand_b00ae82deb707489980d535f,paper_d2f66cb7f0e060f71b02
T3_CLAIM,2286,315,sfti_9508f9a5a8fa77d0e3a3e004,cand_3bcb24b1e25a9b3d49b20f89,paper_c15832fcb3eb74f0db4f
T3_CLAIM,2286,316,sfti_06381f012a3f8b3ae4ec1e91,cand_4c080160b67cf9d952707cc7,paper_0c8802876de96d138888
T3_CLAIM,2286,317,sfti_b86e96163c881dcad2334be1,cand_72b4ccda3c205192a2afb5a4,paper_169d152bd78e1f0e9b49
T3_CLAIM,2286,318,sfti_1226184e01eb1b514c90643f,cand_6f5d99c0edae05d79a1ffee4,paper_585a1342fa701de95a25
T3_CLAIM,2286,319,sfti_80f04836952c7da5f6dacb79,cand_c90d0fb0b72a900f1df735c9,paper_5ca5aa1d06192397111a
T3_CLAIM,2286,320,sfti_3ad56148381b301cc95d8934,cand_af42dde1d710eb1bed92a15b,paper_8313683e31ffdfb17404
T3_CLAIM,2286,321,sfti_06f23396e666ced2822714f5,cand_698729aeaedb7289c3554060,paper_25f8891779281d552aed
T3_CLAIM,2286,322,sfti_fed3c3704105bfd332e43515,cand_67d2c4e1f5dbc9775ce4d954,paper_04e03066f4102df0b9bd
T3_CLAIM,2286,323,sfti_a11ee1d8384d2b4717662cb3,cand_e5aafe41a592f5dde1e56c82,paper_e3892e7e8caa66ec339f
T3_CLAIM,2286,324,sfti_6d2b9f762a8331b6763b4ce0,cand_7a9448353975f2cd35457974,paper_720b22498f414f802bbf
T3_CLAIM,2286,325,sfti_1c264029c1b53aa4c7392bba,cand_163d67b6304b94dc88c951bd,paper_cdcf8c0ec6e244c9da7d
T3_CLAIM,2286,326,sfti_7d925aa5141703181a7b2baa,cand_07e32f8c8f868bc5577af713,paper_13fc56a51dfe60a5074e
T3_CLAIM,2286,327,sfti_ca13b5102d0156395f180a4c,cand_db9414c2d457754f3407a86e,paper_f0d2d28c36b069584342
T3_CLAIM,2286,328,sfti_f683a5ed750ddce76ea7a51f,cand_4d4aa82fe14583969347bc2c,paper_fd9edcf09c6f7a17bc27
T3_CLAIM,2286,329,sfti_1aa5b4a37790d1318e4bd051,cand_3fec6982dfe82863008c1aa7,paper_0f39b53174dcbddc4a1d
T3_CLAIM,2286,330,sfti_974153b45b951334bada6f8f,cand_39ce1a18709f5c51704be6e8,paper_8b46e4cd6754ee0428f9
T3_CLAIM,2286,331,sfti_4f49f39c6b6f98899446af52,cand_6f76617305a61eec52f59605,paper_7249aa5b34be37b5061a
T3_CLAIM,2286,332,sfti_fd8911c0295437452c6f24c4,cand_4f8a76a532a9d50c280accea,paper_3215e9f1742562ad079b
T3_CLAIM,2286,333,sfti_d86f39579947cb53d2137f1d,cand_3e967d92e18e61bcdf5299a7,paper_5adcc8e2ca04bcfc87d9
T3_CLAIM,2286,334,sfti_d5bd4b5242b0f5a96f4f58b1,cand_b35493cb604772ce0a57db90,paper_60df40936b7a7b4cec2d
T3_CLAIM,2286,335,sfti_3feec6c931df6cb2381f1e2d,cand_2a6775949786d46a34677c3e,paper_3b63921dc7b40442b746
T3_CLAIM,2286,336,sfti_d6118b0565c9c3e0eaef3b9f,cand_724e7a8abfad16b9654876ca,paper_7d5aebf7dad543650e12
T3_CLAIM,2286,337,sfti_eb04bec9621ab1e6b0f6b864,cand_3c08089789dd6adb5a1d4917,paper_47d103fcb7d4e1006600
T3_CLAIM,2286,338,sfti_8802c6e18146d0402161a15f,cand_d5bd3126f5607d7e4b52c5bd,paper_4fed03efeda4fa16bd81
T3_CLAIM,2286,339,sfti_756c34c18c727a434a22c3c0,cand_8dd56ff2bff5258eb78adec5,paper_206a17fb35940b06d973
T3_CLAIM,2286,340,sfti_08575a1c56fb94798f85ad8e,cand_3b6249fa6e5809f58184a97f,paper_df2d25df8f7320c47544
T3_CLAIM,2286,341,sfti_da542216467f5bc6e65d6994,cand_af33823a77903e7c7cb6f23d,paper_e64e81499208b440427e
T3_CLAIM,2286,342,sfti_8565f434aaf15de34fb3b4a2,cand_3f2dcef4a8d0acd8a2501254,paper_62c06fe656b0bf41bbe1
T3_CLAIM,2286,343,sfti_e965b3e4997bfd608e77770a,cand_5fbaeb359a532f2bfed944f7,paper_860747b92870ed8134b5
T3_CLAIM,2286,344,sfti_f3eae09c8bfba5b74995131d,cand_860b98bf092f43c5e5a97604,paper_0199bd2da3a1c6ae84f4
T3_CLAIM,2286,345,sfti_d2a001b3586c96a999c79f25,cand_501b88883a966399fa0f9959,paper_9da2bc17ec9305bccac4
T3_CLAIM,2286,346,sfti_96510c8d4bae94f126c59852,cand_3ad98512403fcbc1da3fe9a1,paper_09c4f2f626f879ade963
T3_CLAIM,2286,347,sfti_b7509125dac49c0ccf17c8bf,cand_dbf1a6555b883afb4af1c120,paper_9fe3574541257f9f6861
T3_CLAIM,2286,348,sfti_9897cf60f8f7cf022f4beaec,cand_f4358d691235a3cf12f10550,paper_847d39d827c9790807e8
T3_CLAIM,2286,349,sfti_f00823ae74c34df8402e4a85,cand_c2c2336c3bf18bd490a5064b,paper_cd7bd86e9372991efbcf
T3_CLAIM,2286,350,sfti_7bb4e22dfd8c7d47f911a777,cand_6333a85614ea690d82ddeb66,paper_a462119ad795fec5ed0b
T3_CLAIM,2286,351,sfti_a3d2cc2ef277bcc8c3739982,cand_17131feace294b69aed98f4c,paper_e6e9f5edbec363fa18b1
T3_CLAIM,2286,352,sfti_d535c45cf17830aaa1d3920d,cand_2876053f0a14d638a8d20793,paper_39dc0e0683b33639f89f
T3_CLAIM,2286,353,sfti_41e83165f294091d601d55a4,cand_0e4b077f27bc7895f96e39a2,paper_fd4964ad03a73958b3ca
T3_CLAIM,2286,354,sfti_dc948cc07052775ae132a862,cand_8b39db068abdaba1a700704a,paper_190df2258f3e7ef7321c
T3_CLAIM,2286,355,sfti_8e4173f5a259bdd39f9c7fac,cand_1b5fcb0781d24080ec7a6e78,paper_c16d611f3d5d87df259d
T3_CLAIM,2286,356,sfti_d30db024552882ae626992e7,cand_d39664d9ddb98fc2b1a93db4,paper_a1bff7fefde21c114512
T3_CLAIM,2286,357,sfti_3a3efc834cf5f4f5cdae8030,cand_daf99af701a92cd26a8ff781,paper_e9451b99f1bd10a70827
T3_CLAIM,2286,358,sfti_38dba37e89dfd72121c1d554,cand_d2bb246a7008ee5f50892a70,paper_bcb1bb37ecd7b206ef6c
T3_CLAIM,2286,359,sfti_a90e3dea5eb35d851a3e0502,cand_a610fd966ae423f9e64679c2,paper_5de9ab0019c634acc05d
T3_CLAIM,2286,360,sfti_7bcdecb6ade38084e3879752,cand_7fe9ae76f9e608741b4588ca,paper_cfc832cf29893a5c93be
T3_CLAIM,2286,361,sfti_95e5a380ac1ad3d63571ad8e,cand_b40ab7d092f0850f2a18efb0,paper_178d19045333bd4d2565
T3_CLAIM,2286,362,sfti_b43a1057a1232efcff7ee368,cand_a444da973213939d24c9bc8f,paper_f001ee95d934e85b0f40
T3_CLAIM,2286,363,sfti_82f2964c2b49112f73fcf07d,cand_599f5bd34e517a013424a522,paper_a6c7c43c9bb00b33965a
T3_CLAIM,2286,364,sfti_56986b95c95d01dbaf656711,cand_505a02fc55bf947b37855317,paper_cebee2fe81ebbe1a3c48
T3_CLAIM,2286,365,sfti_3233b7a71921157db6ff73c6,cand_fc39aae2f78c409d2c58bcba,paper_6f4ca55294d5886cdb1c
T3_CLAIM,2286,366,sfti_92ecbb83fb3e6279ac9a1152,cand_8193b50fe64561f4c273ce4f,paper_b3d33d8ef68936f98277
T3_CLAIM,2286,367,sfti_e59e530cdcd0d76d6a4a2b21,cand_ff8b9fe802930def0d11ca04,paper_c6856c356739df0e15f4
T3_CLAIM,2286,368,sfti_fe6494651b839f9341602c6d,cand_de2c636eb4bd4022a163fa37,paper_94655eefd46272d6c61d
T3_CLAIM,2286,369,sfti_c9c55b8087f42d9498642173,cand_a251c79cce25446fa1afd3cd,paper_c3a2a06ddc49daaa4b54
T3_CLAIM,2286,370,sfti_f2b22526da359906ca278ccd,cand_46ae3bdb6026a72964920ba8,paper_44d79256d8a5312b7ada
T3_CLAIM,2286,371,sfti_efcb5485a4a69c419feb961c,cand_f058d4af2a5c9ed7b952d171,paper_8d3a72036128204cc3b9
T3_CLAIM,2286,372,sfti_7fc0a2bb3913a012baabddea,cand_8c0c6a1437758673c98d32b9,paper_065b61f3c3a2aa5dce46
T3_CLAIM,2286,373,sfti_6ee51e1300ac1375bca5304e,cand_18c9c70da2222a5b8a6d360d,paper_bd4546a641a1bdd72a78
T3_CLAIM,2286,374,sfti_f447173981719c0142d80458,cand_3e48d475a7d2a6ec46e4af91,paper_56467e511c7c5531b99a
T3_CLAIM,2286,375,sfti_415cdf95144b52e6288cd216,cand_086d00133608a7f8caab204a,paper_54c0115fc01170ba67ec
T3_CLAIM,2286,376,sfti_3623270418a5929c967f502d,cand_f718ecb4cb15999d6b8ef3dc,paper_e67419316565cb79b105
T3_CLAIM,2286,377,sfti_deb806f3d84a38644dc205c1,cand_6cd53229b45c30eb27025c82,paper_8ba295c2e16a973f8058
T3_CLAIM,2286,378,sfti_60dab96828e6c6d8599aecd6,cand_2e91420ea2900ba703248848,paper_f45797a88c262068bdbc
T3_CLAIM,2286,379,sfti_320e153399ad35ed95bf7490,cand_50377d8007d45f3096bedd46,paper_733dead659ca641cecf9
T3_CLAIM,2286,380,sfti_189052589f7e93d1693e46f9,cand_635c715ae7775701df5ab299,paper_5a3e71193efaa78970bc
T3_CLAIM,2286,381,sfti_65f2855cc99d54c1a7f45f39,cand_fa570ac5357d2253e7c3e14a,paper_778169486c30445ecba2
T3_CLAIM,2286,382,sfti_991a182bbbe13313f412456b,cand_04565a5cc62659b4f0e27e46,paper_ac4bfb5f517ae06eb2b2
T3_CLAIM,2286,383,sfti_830954ea8c3f58381cbb65f8,cand_289d228e19841d806a7260c8,paper_a8f5bd84ab7ed289a528
T3_CLAIM,2286,384,sfti_2835692bbb56ee79b1003cc0,cand_b9b13323398c69fc6cf7bf66,paper_7b8afc890a3e2f1390fe
T3_CLAIM,2286,385,sfti_bfc9b644446eb4d82a28d7f3,cand_5f2ec41a04c8c11a9d613643,paper_dac18f93f70a297cc71f
T3_CLAIM,2286,386,sfti_0e5c7965f52c7b17a3a691d4,cand_543da5a77392f974cefdb2f3,paper_2e79e217cb83ee32a37b
T3_CLAIM,2286,387,sfti_a5057b823b71eed0c81414be,cand_12ded79715ae2c09378ece08,paper_d873ca85f16991a1f582
T3_CLAIM,2286,388,sfti_4ee237a6173888232bb33652,cand_a4133ce22379fa8ee93946ec,paper_527a780511b23ba51453
T3_CLAIM,2286,389,sfti_6cc9ce509c1f9cfa2bc42c3c,cand_2aaf79166ce2f1743b1df0be,paper_dffdbee00caf5a312878
T3_CLAIM,2286,390,sfti_c781db79daf00d86ebe3e8e9,cand_a88f2439cf9c2f8a6a631b57,paper_d2eac0088861f06e06e3
T3_CLAIM,2286,391,sfti_c5e6af5c0cb3005dfe6a0427,cand_da6201f2e9d6e9af6e4aa6a4,paper_03cdba0d9cb94685678b
T3_CLAIM,2286,392,sfti_7bb20b53fa26af2b5598685b,cand_05715332d3e29a70f7d2d9ab,paper_46b8f27edf61a5ba6af1
T3_CLAIM,2286,393,sfti_25b085a7eb1c2f13532a15ec,cand_cb0909397e158e7ff37152a7,paper_da0c94aa9e114e114416
T3_CLAIM,2286,394,sfti_76a117d32379a4ec170498bd,cand_4a7e4a3dff1c2fe495e48877,paper_c9971f3e963a7ce40c60
T3_CLAIM,2286,395,sfti_3e544fcff57fe0de1113f6a0,cand_e9bae79f0c5ad82d587d8610,paper_6bd65aee24acf9ac5556
T3_CLAIM,2286,396,sfti_dd35a6767d6ec19d981f0bb0,cand_c1871839d2f5fa8a127dceac,paper_90f76598ff64ace34b11
T3_CLAIM,2286,397,sfti_46c375378983c51d97e0daaf,cand_99179ebdb4f30b27b7e1613f,paper_71207db0d83368572f67
T3_CLAIM,2286,398,sfti_5bb679e84dee374b1e3e2af5,cand_fd7fbb9d99fefeccbc9b8be3,paper_ca020b57ac7dedaa6980
T3_CLAIM,2286,399,sfti_c408d505ddf380e4ca9242dc,cand_738f4569147be4948d7146bf,paper_50c23e22863d3b23264b
T3_CLAIM,2286,400,sfti_c88f7b61a8d700d155d9f038,cand_3858526f0c0e0d95d6aceee3,paper_2b220ef4a7efc38da340
T3_CLAIM,2286,401,sfti_583d507b87da20e33fc2fdbc,cand_8207b42f3e3ba772c6d1c77b,paper_639f89983dc30d163de4
T3_CLAIM,2286,402,sfti_047176f2cf5f1aca41195441,cand_02244c8b15dc7ca7de2a10ea,paper_da2c1921900f7aaaf916
T3_CLAIM,2286,403,sfti_101c21543210c89882a9e0f7,cand_e6e61a5bbb500c5b318533c2,paper_b12e54a4828575cf2d3c
T3_CLAIM,2286,404,sfti_935bacbd1aa81a6d89aa52d3,cand_d0307f1edff37771f1666021,paper_e4a88ba35e52ed489087
T3_CLAIM,2286,405,sfti_9c827e70fdc1550817a5ca19,cand_22a90eb3049e1d4a92de8754,paper_2235d89eca48310afdec
T3_CLAIM,2286,406,sfti_2e926e0cc19ee58bbc7652bd,cand_99df73bbdeb63f938aa1c437,paper_13a837f8c0110a1a3b3a
T3_CLAIM,2286,407,sfti_21e9bf74ce41b082c4cd4888,cand_e8c11f0aac44da64aad6fea0,paper_bc441e9581da32646cbe
T3_CLAIM,2286,408,sfti_a3f22542a39a03ba162e0650,cand_cc99abc0c95a27661465986c,paper_083453b34b1f4bf3a511
T3_CLAIM,2286,409,sfti_99e813a22d0db125d2207d2f,cand_514494620d2eff54e986c3ac,paper_cc53b0e72fd307d78825
T3_CLAIM,2286,410,sfti_392da177cc8515072811dd35,cand_ca03cf994b2248bea2157ef6,paper_8754a14fda22035d6860
T3_CLAIM,2286,411,sfti_f6422f65711acba9c7e3aa80,cand_4f2723d49da3216500b63cc2,paper_11881c3333b09bc1adce
T3_CLAIM,2286,412,sfti_5b42d0df0439bbe87f5bf37f,cand_0623f8d7f7a0ee251d52c71c,paper_64367c996cd8880aad96
T3_CLAIM,2286,413,sfti_8d28fee110245ea9b5f3a7a0,cand_a1ae58936a7b4d67baa2ccb8,paper_92de99770ad153511885
T3_CLAIM,2286,414,sfti_dc65d1052a7e32c3e0b0645a,cand_8cc0050ae0a64e8f4ee8c592,paper_5ce355c8f4c399651bf5
T3_CLAIM,2286,415,sfti_3b71f3a18a294a56e82f4af2,cand_d3c9edefa5b2a2a64642a1b6,paper_4c2d2f3557f22a5addf1
T3_CLAIM,2286,416,sfti_14646c2c9f828e86721e3d91,cand_0ebfc73e698c5a991cafc899,paper_ceadc9933a3d9d4c5c07
T3_CLAIM,2286,417,sfti_78d4f9a8c86534dbce3fbc6e,cand_c7b03ac479344a02c4444eed,paper_88c706177de14c2ef0f4
T3_CLAIM,2286,418,sfti_4d1937f0bc0dce3047bb3a12,cand_63c3af467437cb56fc8f1ee3,paper_1162d660a2adeef19f80
T3_CLAIM,2286,419,sfti_7cbb718e34b7ac2c7b59aa88,cand_51af0e8a971bdd89d314e202,paper_eee7ac052c3ad5dbac4d
T3_CLAIM,2286,420,sfti_7aedb98826ca0b7cb410eabd,cand_c1f76e15688af65d3ab4a9c3,paper_2c919dff8cd869413822
T3_CLAIM,2286,421,sfti_a34a7685b7dfd1e8cdd745f5,cand_6cf681b8180b5be98fd4f531,paper_c2c1d5f2b1e1dce72557
T3_CLAIM,2286,422,sfti_ba7b8aecb7e1d57ddfdb2567,cand_1d456078e7da7b5af7ee3769,paper_303091be2da1043584f5
T3_CLAIM,2286,423,sfti_16885870a0524f0872754510,cand_6d9b85a4ca328cb6ad070b2f,paper_0f61c61330c55093b22d
T3_CLAIM,2286,424,sfti_fb5b4a2f3415a2455cec7494,cand_d69a5ab857542573f72dccbf,paper_e924e456ceaca93fa45c
T3_CLAIM,2286,425,sfti_4b17afad17a9e9cefd452937,cand_3e3934ec98cb228aec2b520e,paper_1b171a1a4aec0890360c
T3_CLAIM,2286,426,sfti_9ee2b82a5ac031936117b5d4,cand_488fe45d668b3c6962550f0b,paper_a687762c5556fb915b19
T3_CLAIM,2286,427,sfti_07154284067409fd4f7f8df8,cand_f85a7f142a242da2a5b55ca9,paper_d8a5a42f9d9bc9708adf
T3_CLAIM,2286,428,sfti_a6a591d6f09753e45b9e2ff3,cand_96d72ca8446598059b256e6e,paper_53fb745495c413ce93d7
T3_CLAIM,2286,429,sfti_76e02d10865f2a9467f6f032,cand_0a34cd1347a753aa42b05e6b,paper_b2dfc0b6e405dcfbbd41
T3_CLAIM,2286,430,sfti_854190bb087524eee32a58a8,cand_e6ad1b31404a9562e63609ae,paper_bf3e76e2793a39a4b709
T3_CLAIM,2286,431,sfti_50da9bfe62214748cfd9b45e,cand_580836519f3b811854265145,paper_1e6221d350bec18f02d2
T3_CLAIM,2286,432,sfti_05db82efa30d4f1f83f494a9,cand_99f2f99a7c154973e8a1fcd4,paper_5cbb72428f2974a70216
T3_CLAIM,2286,433,sfti_4832beda6f35205b8956d4ef,cand_808770ae0e18fa81255b7882,paper_e9c48eb3301ebda88216
T3_CLAIM,2286,434,sfti_a906a2dcb78149363ffba18d,cand_2bf165a54624e89a3c2e32b7,paper_afa3ea7d91650d4e3122
T3_CLAIM,2286,435,sfti_2bf487e1378a6c5e6a9faaf3,cand_a9d435deb7386f2214c918b2,paper_25e647536008b73b1056
T3_CLAIM,2286,436,sfti_12e8f575ed94c6ba9eee72ec,cand_4d745534458264359568549a,paper_4635a9cc7bbcd74bc882
T3_CLAIM,2286,437,sfti_188c0895d3788df0d9149afb,cand_73ecd0664056b6447debc1c8,paper_9dda9fd662e16f63aea6
T3_CLAIM,2286,438,sfti_1a8f0e7675fb1a40214fbf37,cand_8eaba0479bea15e1bd03b510,paper_b2c27d42e1e30d194acc
T3_CLAIM,2286,439,sfti_8a1a792b985ba1be3642a90c,cand_9d4989382ea384270076946c,paper_3b5376f517a21dde4409
T3_CLAIM,2286,440,sfti_7a7229ea6c054ac432a90ea0,cand_4a50a4d7375a52bf4b571e50,paper_0e2dd7108794ac9b6f39
T3_CLAIM,2286,441,sfti_5c5f73985c91892bd427f02d,cand_5eff3d4e09c1cc9ddc084689,paper_94955909662fc0f4ebf4
T3_CLAIM,2286,442,sfti_6b388c2fc3b341e10903829e,cand_416ffcecc0a4523ac84624e2,paper_964e9a4598bfe6895f73
T3_CLAIM,2286,443,sfti_eb511fbb68a8138ae33cc8aa,cand_bdb144f82503f0606cfc2c3e,paper_23bc6223ed3b36fa514e
T3_CLAIM,2286,444,sfti_14cdbbe9b32879584cbc0caa,cand_e760a4e252e1a50be3da80b4,paper_8960d35e4e7e918f25b3
T3_CLAIM,2286,445,sfti_209f93b697031c5a8589d0a1,cand_c294f2f624923c1ebefb1eba,paper_3d69b6ca8bac023a2e37
T3_CLAIM,2286,446,sfti_919596a3d6c92549c9dddfc3,cand_c1b5d05e95dc1f2558a6cdd3,paper_11a21ed88cf7ce283fcd
T3_CLAIM,2286,447,sfti_fdb06b9abdb837d7bed83043,cand_a125de7c8fde6e8c953a95bd,paper_d21f5d7ebe96b45203db
T3_CLAIM,2286,448,sfti_f74624b6dbcd0ea5349578bb,cand_00b994290a24fa5737529e8c,paper_dc40c15f69551a6bf4e6
T3_CLAIM,2286,449,sfti_fddf05f2ed6406903fa4b26e,cand_19474b92b9551f11b789d179,paper_ed68ec856c007b57b392
T3_CLAIM,2286,450,sfti_c972d8bcd00a93e83a351f67,cand_3807e5be609b8fece5fefb0e,paper_3824e02ea70998383a7e
T3_CLAIM,2286,451,sfti_ac32fcb6e98efa60243b662a,cand_606c519f31211d007f745753,paper_c7495d7c09eec5e52ed8
T3_CLAIM,2286,452,sfti_fe10d32bf5f3c5c9444b99c1,cand_0f4234983cdc7eeb260b64e9,paper_c3f5f52f4c2a9202c210
T3_CLAIM,2286,453,sfti_40c0d4e24619ad11211c5b0b,cand_02cf1f98456aaf2af54add76,paper_e2007791cc10c41715b8
T3_CLAIM,2286,454,sfti_5ca8d5b07c6a8c44b1085ff1,cand_f1f8da2d363794753a43416d,paper_ff9bcddc9e61e49488cd
T3_CLAIM,2286,455,sfti_8a1035c33923e34243c462c4,cand_d16fcdd7145c6ed6b0340dca,paper_aa28a1c986e09ef13f95
T3_CLAIM,2286,456,sfti_5a5ec97ecf889aeee225f8a9,cand_d0358c4ebbb164ea55dc557a,paper_d1e6094c69cf04df5d74
T3_CLAIM,2286,457,sfti_30ae4cbbc5b7841ae29e7314,cand_a1c796127aa0bfc224fe318d,paper_2f0ed310f194dc58ba32
T3_CLAIM,2286,458,sfti_d398ce2a81c83ebb293a8e0e,cand_656f407b71d5d698d5f7cadd,paper_7d2722982c6d5e49f32f
T3_CLAIM,2286,459,sfti_1323b4528371a9ee7e8af794,cand_32aac8f830103887ec68dd63,paper_84ae166a6d4c6be26c91
T3_CLAIM,2286,460,sfti_70ad938896026c42369000ff,cand_8f0b5e28b9113f30b2a56768,paper_4ae8c8128bb1559d140b
T3_CLAIM,2286,461,sfti_13adb9dd0cad86986c5fb464,cand_144924034e7974ac8460e436,paper_4d0337b843a1c2be1c2d
T3_CLAIM,2286,462,sfti_8f6bc005b1f487ee8b75230d,cand_0adfba6fb3a73072c8ce477a,paper_a1519868149566c09b85
T3_CLAIM,2286,463,sfti_b17ab8f1b2837646313274da,cand_7d2e9d2bd4bb274ba6ec81eb,paper_a7a15a187cddf7b367fc
T3_CLAIM,2286,464,sfti_10e3ce6b5557e81132734e06,cand_a98ff81265185b50dc5be7b1,paper_2a007f0eb896c97e483a
T3_CLAIM,2286,465,sfti_f9ef723a19e8eb06c3e9228d,cand_22172e1727212a17b1b5956d,paper_be0e7d5b81995f9db5e7
T3_CLAIM,2286,466,sfti_898c5e3a224ce4992830fac0,cand_fcbd435baf19a3bfb0ed2273,paper_c49ccb174fbc496a5b58
T3_CLAIM,2286,467,sfti_40a3b09417d51e26e7388f9d,cand_6db3096b45590c895746a255,paper_a29e23e2440fa2936e13
T3_CLAIM,2286,468,sfti_ed2cdc2c95a13184b16941cd,cand_140163d68f2b4ef212374c4a,paper_0cf5a0ec78df6032a89d
T3_CLAIM,2286,469,sfti_0928582ade6c9df4ed3b3086,cand_579a45f33d62377778532d20,paper_08cf395c399c4d933099
T3_CLAIM,2286,470,sfti_7f22d6eec82e8b30dea0943c,cand_faf77e012fb275064ca7967f,paper_36d630f627cf67853127
T3_CLAIM,2286,471,sfti_4a938ad8ec7cfdae2f8156f6,cand_c8608bac49c30b72d5a72e69,paper_3931b2764d33f08f9b60
T3_CLAIM,2286,472,sfti_85760013f27aa8af380eaa30,cand_2be7297230d79ac84eb1c0a3,paper_f75c9e7cadf53309c341
T3_CLAIM,2286,473,sfti_bac006ed7fee0dacc910c525,cand_f3d17a1cba8d00508d2638f2,paper_eee38bfe14fc10464a64
T3_CLAIM,2286,474,sfti_1f83f0b72626a185dba24984,cand_efbf902cc1b5a3815e648c03,paper_40e3cd75e93f814f97a0
T3_CLAIM,2286,475,sfti_a63fc078a7bddc579b870392,cand_7aac33b5065ca36053cd26ce,paper_4776df45999b42cf21fe
T3_CLAIM,2286,476,sfti_99179773d83b126da5b97be2,cand_631258a6c0bacb29ec9751f1,paper_22199bce4c24d6d2a928
T3_CLAIM,2286,477,sfti_d24145d53e4e824b9550ac9a,cand_fcf9088e6ff72495dbeb7dba,paper_050e0efec10ad1f0a9fe
T3_CLAIM,2286,478,sfti_7c23529019605fddc2dcbd54,cand_4205dc3cb9106dd9e3d0e62a,paper_cc9b4421cec4c4f430f6
T3_CLAIM,2286,479,sfti_e47c8324982c9faa97f563c8,cand_115bb76ffdefdbaaa9dbd42b,paper_83a94f1c88011ed1464f
T3_CLAIM,2286,480,sfti_fbc0ea03c12f56d0078c006a,cand_9c13ca83f08aaa495ae58a0e,paper_54666dff53c384cd7509
T3_CLAIM,2286,481,sfti_d8ab29124d6153c024e22b48,cand_9286df850a49aa2ae7c36a3c,paper_2a0c54eb288d2bd6107c
T3_CLAIM,2286,482,sfti_4b070d3262d22bc171765ced,cand_13dfab2c820139503e8091df,paper_861b33b54fdd426c017c
T3_CLAIM,2286,483,sfti_a598dcf5244cc454c77bc068,cand_c71d562ef7a2138fbb09f5b2,paper_a7dac2e3bae1747435ba
T3_CLAIM,2286,484,sfti_f3f023a14d4d6feed8b04c24,cand_334f0fc3c043b6746173a368,paper_bb625ee9c2bceed76e9a
T3_CLAIM,2286,485,sfti_6a3d09a7766afc20ac680aec,cand_57b52fd5e74f309343bcadbe,paper_a07be0b922a6a4d5a1e9
T3_CLAIM,2286,486,sfti_4490e49236af574dd800dddc,cand_89f5fcf8eb0ec3996088e20d,paper_1b844234ac51fc5e241d
T3_CLAIM,2286,487,sfti_2ffd0418b6292e829f6615fc,cand_82d937ec5222bfe02d895716,paper_e2fe8c3fb17de72a30f6
T3_CLAIM,2286,488,sfti_da6ecd83b51db3f187c64224,cand_438e2f685e3f9dd383f48902,paper_8640f23aabb16c409f47
T3_CLAIM,2286,489,sfti_fc356ed4ee5d7a765c532b90,cand_c8bd0ac70ab1a97863e396f7,paper_47024cbbcdb16ac50eb1
T3_CLAIM,2286,490,sfti_b15601a6b0757b30c8a52667,cand_76d948b1be8cd23a27eb6ff3,paper_0dfc713c6ddcc04e21ab
T3_CLAIM,2286,491,sfti_ad67d7f2bad624fcb44997d1,cand_99c3ccafa460452c990a73e0,paper_083fa62561b4443889cc
T3_CLAIM,2286,492,sfti_8d4f14a0e24f1793e183ea1f,cand_782a29340f54ee749912eb9e,paper_8dafbce5fb34e25f3bf6
T3_CLAIM,2286,493,sfti_8d609f1bd03fb3f148399861,cand_4c23a67e4a5d5dbb8ea9bdaa,paper_f268a30c446bf23e6318
T3_CLAIM,2286,494,sfti_1f8280d386e4f8663601e4d2,cand_f08b4a1e1107d2b691899f5c,paper_838f47356ba40564b3ac
T3_CLAIM,2286,495,sfti_97584d1137791c29b15de683,cand_c99838842e08be6044e43980,paper_74e1a086c8cbbca52bb4
T3_CLAIM,2286,496,sfti_fe7ae01e0f2bdb03028d32d9,cand_b95c4ffd58141024f545655a,paper_5a3d978656bfefcfcaa1
T3_CLAIM,2286,497,sfti_ab380bb93db338229e53ee79,cand_c82c42667da8ac6734232f20,paper_2ce6080bc78f6dc4bbee
T3_CLAIM,2286,498,sfti_faff4d9f230226e9da26eea4,cand_2466c2336a910d0dd8b93c4c,paper_6b75ffeb53b95e1996b1
T3_CLAIM,2286,499,sfti_fefd1d69d885466b175b73c2,cand_7d40e086685cd2e19040ffcd,paper_eb85f70cd612e1e282fa
T3_CLAIM,2286,500,sfti_81eb5d53159fa238f1f16d9b,cand_1c8d8b7c25d606d9087fb47f,paper_875f2d35bea8cececdda
T3_CLAIM,2286,501,sfti_e558480135133d6e0201e2a5,cand_1cd3b95c179bfc731e0b5414,paper_1d07631f1981f7bc5e0c
T3_CLAIM,2286,502,sfti_3bf8d243b584d9d71db4cbc4,cand_c5b7d26a3fbb6c84e10db7aa,paper_d792d6f81b5dfd11ffa9
T3_CLAIM,2286,503,sfti_37e318f51915ed6c00d3655d,cand_28a37c8fff238115928f21dc,paper_671daf0e5afd51aed570
T3_CLAIM,2286,504,sfti_3d953a3f31680123fd76b0c3,cand_9fb22eb624744ed0b9cd75c7,paper_33864a2cb500270f3094
T3_CLAIM,2286,505,sfti_7c5c14a9bd3f16f8f37581c6,cand_29c93295ed6be86196525d51,paper_2175732ba55339f5c6f5
T3_CLAIM,2286,506,sfti_a74ec2d4cf2d089279ee6d1f,cand_93ee24f71e490238045a1363,paper_d43cca4456936538a369
T3_CLAIM,2286,507,sfti_5693494ca57837bb075bcf14,cand_1fda7c63c20b61e50954ba25,paper_ec8873bb62d0b10bc6b8
T3_CLAIM,2286,508,sfti_625e4c7a2f1a6bed417957c8,cand_916e0b6307c6e40ed729f184,paper_760c24d74340c0ae9428
T3_CLAIM,2286,509,sfti_cca480e4759611afcec9e8ab,cand_f041cf1d401238807447c893,paper_a4bb65c2fe1a69894fbe
T3_CLAIM,2286,510,sfti_e2deedb1f9516cae7639ef49,cand_d5781c7e243fadc857897d2e,paper_d27746fdbaa397643691
T3_CLAIM,2286,511,sfti_5d8b48175069005577684654,cand_6c99e09bebf624bd6ef08d5c,paper_604ab3e72068761d0f8c
T3_CLAIM,2286,512,sfti_3e5904ccbe2ba2ddd4460d8c,cand_816069f14300fe8999ec6360,paper_53d17039ee6ced32c298
T3_CLAIM,2286,513,sfti_4b7170dc5de4a3a28067eba7,cand_a879978ff50600a637001596,paper_9280239db1e4821bc6e9
T3_CLAIM,2286,514,sfti_f3614522cc706d65e54f0602,cand_bd74cfb127fd135daed7cca5,paper_b78f0ad273c0f3734d07
T3_CLAIM,2286,515,sfti_d24a0d983cb208487a9af962,cand_6125cdbaf5d16014e075cd5f,paper_1481b40c44e6e5e2973d
T3_CLAIM,2286,516,sfti_e4cd278c555c163097afd984,cand_6c131f666bfa856918671340,paper_dfbade9b3fbcc17ffa87
T3_CLAIM,2286,517,sfti_f148de643b5db40c80a14f01,cand_49bd9313e60b6aab9e85023c,paper_de0186321a16af47ce1d
T3_CLAIM,2286,518,sfti_74893c3f394e530b07dac1d4,cand_fde63c743cf11d3ed0435d6d,paper_a6a71ab05e2677c8001d
T3_CLAIM,2286,519,sfti_42d67e13353e8b9218d8535d,cand_0b48b0e3e1b4a7759b206769,paper_4a55b8938eb9b87e2323
T3_CLAIM,2286,520,sfti_cb8e5d72cf40a902a97ca192,cand_0095e0e33b41f385e78cbbe8,paper_51baf8f76a84b0eddc34
T3_CLAIM,2286,521,sfti_837b7c2a60faccf2f9cd8c4d,cand_ba446ddefe3805f89d76e787,paper_e6ae6ab9fb979351c1c2
T3_CLAIM,2286,522,sfti_66ee55498efcf23674822b9a,cand_6d80c5aaba029fc914920bd4,paper_ed031094b6d95c52f92a
T3_CLAIM,2286,523,sfti_43e451d52fa8d675a979ceb1,cand_2df3aeada58aa79bed5e4bdd,paper_c883fb07780c18c56d51
T3_CLAIM,2286,524,sfti_72bec3c45ec9fbbee97fd607,cand_0310e7c4ac01645de19a460e,paper_a3dcf98fe3d5b5b73d1c
T3_CLAIM,2286,525,sfti_64e7230f204ceba150bab69d,cand_7613126a17b377037acdec29,paper_d17dc01908906bfae39f
T3_CLAIM,2286,526,sfti_dab9caf19b38defd3c378225,cand_5b7a25a92e34b1e88114cc77,paper_ba893a0b287fc0db68c1
T3_CLAIM,2286,527,sfti_3f3241005d1ae33b19fb1148,cand_fbab32be607a06cfd4e834ab,paper_f30f6ee41d1bce340228
T3_CLAIM,2286,528,sfti_e657c64d25cdb6deb0b8f865,cand_55a57e6288d41a6f45c94cd5,paper_68cee94333b5ee318c5f
T3_CLAIM,2286,529,sfti_22d976d1b65b237f88e0173d,cand_139fe2938b2b0a9ac379cd1c,paper_a4b2d7fa3ccbbb4c6471
T3_CLAIM,2286,530,sfti_693012f5775c9aec9614a47b,cand_3424d6f1e11549a3647c0d41,paper_783174359f20ba253383
T3_CLAIM,2286,531,sfti_575047f2bf764cd44be4c7d9,cand_a553c151a315f43d58ded249,paper_ab5c480d9ab0f3d8b434
T3_CLAIM,2286,532,sfti_98251e69b4a8598cfe88ebca,cand_db8163dd7ccb9cb42750a92b,paper_dfa4c04d49179c51031d
T3_CLAIM,2286,533,sfti_7ad2945e85b18465fa1902f5,cand_f5e31506bc225187ca24bfa2,paper_eb11ccf29d2707b726dd
T3_CLAIM,2286,534,sfti_68a4db74a01661660a1fa8c4,cand_8d6173f6ce5fad3f20fccc27,paper_04ee90d11a9e2e5995fa
T3_CLAIM,2286,535,sfti_f4ba0b2730ac3568c96c40f7,cand_b93a2434760c13de33454b60,paper_1505cb58904a14e9acef
T3_CLAIM,2286,536,sfti_bc276b0133ffc7d6d5e4acf5,cand_86db9e3a9f0cac71d52ad471,paper_3c08cf90b3f2d280f2f3
T3_CLAIM,2286,537,sfti_321c5a5bde46aaad3016ab97,cand_6272368a714869def91e300b,paper_aadc9a2a8ea2dc22b12f
T3_CLAIM,2286,538,sfti_7aa7c38e49b4ae20869ea7d1,cand_14b1f6d655a14939297f702b,paper_dec8e545ef1e3441ee9b
T3_CLAIM,2286,539,sfti_190ed1185a27a832231f26a8,cand_8bac76ff74459757b9b16b59,paper_e66ace61c008f0ebbeae
T3_CLAIM,2286,540,sfti_2a9d0a2f9c53db59f6f4621c,cand_beb169b83d5389aba4d32c2a,paper_a7848c6c4a9124568eeb
T3_CLAIM,2286,541,sfti_1864085f40d26560f3d04c93,cand_663f73365e4bf6d59e71d296,paper_78d9139681b32b96ff05
T3_CLAIM,2286,542,sfti_96a412f8a056dd34626c0f6f,cand_8d2b402a5607ded7df782858,paper_e6973e2b099a57d76505
T3_CLAIM,2286,543,sfti_ec276aed0e5c6b81fc59a529,cand_836d6d4b8aadf0496ad4b5e1,paper_1428ea286bd49ce8c134
T3_CLAIM,2286,544,sfti_7c165f3db0d05631fee3e343,cand_3dc063219d9780ac4379e22d,paper_5fefae153331fd9cc0e9
T3_CLAIM,2286,545,sfti_017d8f61238b94bb26b3e24c,cand_03dc1f03a62b01f5837a0a3d,paper_0b034a0d6b0a5bf01d4d
T3_CLAIM,2286,546,sfti_2c936fba27414ceeed75e618,cand_d6e14a283600158c3e191b50,paper_643a6372616ac7c0afc3
T3_CLAIM,2286,547,sfti_1decae6f4824b427d14f80a4,cand_84bb4ab71a5dc34f8ebbf090,paper_2dd21d283cb3890b0651
T3_CLAIM,2286,548,sfti_90e6f3d3422b6a45a6932ea4,cand_55626bd4cd001d4b87264e77,paper_922e19bc2468753745b5
T3_CLAIM,2286,549,sfti_b3e09f813a9b9d6c203003cf,cand_d46802e8587776c571de2772,paper_e92614718c7b5ee969ba
T3_CLAIM,2286,550,sfti_22a321a8fc64a90b21ef7283,cand_dad8852da1a5095e26eacd30,paper_65b7b19882eb5c68826f
T3_CLAIM,2286,551,sfti_b1b4046b5cb015e7fa2b7881,cand_f1611a6922ec81b2ae9adf87,paper_8c839b9120e4ee048bb7
T3_CLAIM,2286,552,sfti_a03645a8c6dac60cec38fe13,cand_602d6cccd04320f4a78f0e13,paper_3002a48c3ad4d8b7828e
T3_CLAIM,2286,553,sfti_60f345342ca86b67680194ae,cand_c61167dc03679825bc891707,paper_30665dd11d87f523f8c5
T3_CLAIM,2286,554,sfti_78714ca9981202641464d071,cand_adefc41d93506d3673ac1ebc,paper_41ca79d98776e33910af
T3_CLAIM,2286,555,sfti_09da79e11446057a73181cd2,cand_d8cf4dd3874d1e0189b408f8,paper_64f6bb931de628c36b22
T3_CLAIM,2286,556,sfti_15773174c9c6c1d33b69b7a3,cand_c65ad5949162b6dc26a742ee,paper_ff168db638406d844444
T3_CLAIM,2286,557,sfti_4eab30c0afe1e2c76dfeca8e,cand_bf8cff9f0798742b81646d44,paper_6a13a27f7b0b3686ceab
T3_CLAIM,2286,558,sfti_40da45f3cef3541cb62b50db,cand_d24b334585a1bafa1e7fcd28,paper_bd883eabafd2e7b17297
T3_CLAIM,2286,559,sfti_ed39f391fce5e9d9ab25dbd9,cand_da198bd7f2440e44fc8cfefe,paper_32ea73c0ca7c36f3722d
T3_CLAIM,2286,560,sfti_fca71b76cc7d85e559bf36fb,cand_65684013c9cd073f3cdc841d,paper_32c0694947af1a320e1a
T3_CLAIM,2286,561,sfti_55c86e1cebda16c498e48105,cand_f2f65087cecd0dad3d01583e,paper_5072f1c6202eda6da90d
T3_CLAIM,2286,562,sfti_1644d3df58bcb26d8026d24c,cand_a700f9fcc1d85805a8e4622d,paper_8e2073558413f59f9196
T3_CLAIM,2286,563,sfti_3938db95db394c3cad39ec95,cand_07846324593fdfcb870414fb,paper_d9a7caa927432b9a5d58
T3_CLAIM,2286,564,sfti_0b69af645642dd1dc390db13,cand_3bce32bdbf99ed29807be279,paper_e86fbfbb33457828a031
T3_CLAIM,2286,565,sfti_1b69d49067a2f9a0b2049dbd,cand_55ca587a336234f9c1e709d7,paper_6365016e63ccb2f0cb3f
T3_CLAIM,2286,566,sfti_e4e57cf0c0097a6c95d1b6f0,cand_d5a078de8c344a92d8188a85,paper_06216ba1fd679f581e9b
T3_CLAIM,2286,567,sfti_18a70a9353169c95b9efe8fb,cand_ca9d4dbef649958ef9cfef59,paper_4b85962af18143d5abdf
T3_CLAIM,2286,568,sfti_987985fd740659c1b40bd465,cand_4727da312fc25179eb5f6264,paper_66cf6798a853095c2776
T3_CLAIM,2286,569,sfti_fc3da0cf98e3f9ba929745bb,cand_76e22d48b6bd548d8a44b20a,paper_fa75a4f2748abb5e22fe
T3_CLAIM,2286,570,sfti_a8d0d20f1ce1aa14666f97d4,cand_4726b25f11a8b8b491601529,paper_8e32e74457d3a767dfc5
T3_CLAIM,2286,571,sfti_b37622833a7ef5a0ad4b7c45,cand_fb1e559cf9e9fd87160f7a32,paper_48bccddb5fea3ee0728e
T3_CLAIM,2286,572,sfti_c8b75b100b00ab8d3ec73c40,cand_830ada52aa5880e773bd7409,paper_c27015976f546c132876
T3_CLAIM,2286,573,sfti_b5e5c45ded4eb5bd591c7cc5,cand_5a4d84c77279552320302cbf,paper_826b9125b26490b92083
T3_CLAIM,2286,574,sfti_6ecb988a7076f96aedc978f7,cand_2449ef9a720bb8c36033880e,paper_29fec20ca5aa045aa277
T3_CLAIM,2286,575,sfti_e9f0e50305c6b90c058a47eb,cand_563f7cd9118d50473591f3c6,paper_3c8fc2365c64f7a1a9f8
T3_CLAIM,2286,576,sfti_70de8e75c350d5b5babe48d3,cand_82b3a471a75e6efab887d5f1,paper_d62c80d90844c772db99
T3_CLAIM,2286,577,sfti_b544535ca154d96f81f2de6b,cand_9a93448abab12364805f79cc,paper_09975f20216dae5ee14c
T3_CLAIM,2286,578,sfti_afe7ae322920bc4f4dc69b8f,cand_326f5187d6f2b62ee597a04b,paper_bc125e70842da3448cfd
T3_CLAIM,2286,579,sfti_1aaf16cf2b5852b3c9ea2ce9,cand_58b6512e255becc409686403,paper_4504bb0b1f6752d2176c
T3_CLAIM,2286,580,sfti_737fb9374e7e78cf7b17f308,cand_e168dfd64d79b054cd7ef56d,paper_a179d968d5804bee3736
T3_CLAIM,2286,581,sfti_5b48fd8c96059120d3bc6855,cand_acaf1d512d7dc97cc4da58ab,paper_d552f1c82ca1263f1680
T3_CLAIM,2286,582,sfti_5a904c0bc1332e1760863db4,cand_6603384848681d8957e47af3,paper_a39e2e13b6afca086191
T3_CLAIM,2286,583,sfti_f6629fa4fa7558f7efdac1fe,cand_f42d7509c97c729169a4bc86,paper_6b75a0758f7f8e49a5f0
T3_CLAIM,2286,584,sfti_3015a9cac036b828813538a8,cand_a990ee663b9eddfde6092ceb,paper_2cb6f57951a81f95a6d3
T3_CLAIM,2286,585,sfti_7a5c159cfd20f84d33352e81,cand_97fbb55af10e93f05b6380ab,paper_946d4c2b5781949689cf
T3_CLAIM,2286,586,sfti_ee0c32f8eed41d309bd20c77,cand_46642053311a77188ed8d6c3,paper_49853d61ac9e78b09d27
T3_CLAIM,2286,587,sfti_c4188332bf067f71ce1003d7,cand_e3ed1f40438fa55e3bdedeb1,paper_660368a4127cdf5bd6ee
T3_CLAIM,2286,588,sfti_661b064d14acf38d17c3f5fe,cand_5ef94ac303968626a7d2de3f,paper_0711aea5c961dd8c374d
T3_CLAIM,2286,589,sfti_772711ed1c6f53f3bc3b5af1,cand_a84fc14f77fc9c063f30e3ad,paper_d79077e7e2e94142e92c
T3_CLAIM,2286,590,sfti_14962ebb688fca8e214d057e,cand_c9e2bdca24446dd5b94cc674,paper_e18ce688c48046a0792a
T3_CLAIM,2286,591,sfti_e0d6320209df975f6d858d3f,cand_24dde80294503c4b6b51bae4,paper_77c64d4a9868be28d5b9
T3_CLAIM,2286,592,sfti_257265be1fe139ea0d2d6b62,cand_687155517cbaba5ac40a9a16,paper_42ede648fd3ee44ee32c
T3_CLAIM,2286,593,sfti_3a719a2e6bff9cf25992633f,cand_9f8777f777ba7ec599aa0b58,paper_be27d188b6e017ce6b22
T3_CLAIM,2286,594,sfti_c9156c488ffd1381a806066e,cand_f79694d7c77c320b428f3b8e,paper_6cf5f6f38da91c39d03f
T3_CLAIM,2286,595,sfti_56da074d653bd93745899ae1,cand_29bde3ef720c02253cb7be9e,paper_c5b615402973f803a7b8
T3_CLAIM,2286,596,sfti_7c752200009a96bd56f79f06,cand_f3f673405f6c03fbe3201647,paper_3cec864523b3855c0a2f
T3_CLAIM,2286,597,sfti_38bbd6089ed08229197211bb,cand_d2d1c5ee464d6afd1ae7d084,paper_0c25091578b33f73c773
T3_CLAIM,2286,598,sfti_b9df2070fe7dfb010ec7ca2a,cand_c9d67f322a2e0a16b2696da9,paper_d233e8cdb8ca793ee1b6
T3_CLAIM,2286,599,sfti_5071d2b491551f7ad2f0cd1a,cand_07a78f286648e8a5cb1905dc,paper_1372d5c8a2a6b2f5439f
T3_CLAIM,2286,600,sfti_faf0020b913250aa7bb4f798,cand_63161af9b7e046d4df9ac38e,paper_39478f8dbc9276d1b5ff
T3_CLAIM,2286,601,sfti_5bd64b7fdd3039fbf89b5e1c,cand_b5f3e309a1203e0cf7ce6edd,paper_f3358996f1aa09154e84
T3_CLAIM,2286,602,sfti_1add25a64e0fe2aaea5a1978,cand_13ca1638c3a6084ce833eccd,paper_cdd128adfb5f643d39be
T3_CLAIM,2286,603,sfti_9f6189f19455b72630e5a474,cand_b26d6387588eda54d9d684d6,paper_228ae7746c6384c3588b
T3_CLAIM,2286,604,sfti_63f6fff9c7ddc2d8891ab9ba,cand_681063407b64ff27c6d999c6,paper_6c5c6b112e0865b22bb2
T3_CLAIM,2286,605,sfti_02841dc6d8cdbae00406bb78,cand_86a6a5b1b8ac4982b45c1a43,paper_297b7e0fb913db1e36c5
T3_CLAIM,2286,606,sfti_d8191ee70d8ea9aab40404cb,cand_53c7eb610b46a8c697b86bbe,paper_f0e786cb7abc6bd38852
T3_CLAIM,2286,607,sfti_067c69ebf8cac9392a5e9387,cand_5a1862f7da8900aa4942170f,paper_c69af6ceb73b04c2959b
T3_CLAIM,2286,608,sfti_185789d92da4a5993ef4ed65,cand_b5baa211afd7f0cfaa1f7efb,paper_c03332839fcde61801f7
T3_CLAIM,2286,609,sfti_8255cb539ead0e0acf794ce0,cand_06465079ff7d9c7d812979ac,paper_86c706cc7c1b31c5b704
T3_CLAIM,2286,610,sfti_98d954fbaba409e450febedf,cand_72cf018bb0b97a69f7c8c353,paper_aaafd1cf52290be1e187
T3_CLAIM,2286,611,sfti_48cd87370c38eec7234a5661,cand_cead23f92e22071944e03609,paper_6b4a43bf69d27125304c
T3_CLAIM,2286,612,sfti_2f648301064b966dc13fbe98,cand_cbce4c1bd84f9a17f436627d,paper_204dc0c975ccb06e9f3a
T3_CLAIM,2286,613,sfti_bb76a57a6a879a934a54bcb4,cand_2e09fe74cec922dc6742fa43,paper_513c448af01021af98d8
T3_CLAIM,2286,614,sfti_a592cbf1913fd003a332a3b4,cand_324302f813da93602e31752f,paper_35233223488b5f7763d8
T3_CLAIM,2286,615,sfti_8a80398635690d139340907b,cand_e7e1edf6d3abe952d637ae14,paper_6f5456855514128c0fd6
T3_CLAIM,2286,616,sfti_8d63da7a34988f51f674dba2,cand_f4914900d2d8abb592d09c17,paper_5bfff58e2d219b2f51ec
T3_CLAIM,2286,617,sfti_814608125f73920fb2501d41,cand_5e3209e50433b73f54e51d50,paper_37dd9d9c13d5c83a27e8
T3_CLAIM,2286,618,sfti_5216ebe339e4eec1f88dad7e,cand_0b5a974fe4a42d67f0bf1b57,paper_e5dc74b751031ccb7720
T3_CLAIM,2286,619,sfti_2cbeca59204a36caea4aa677,cand_fcf98ae1fa8267f05d0d31e8,paper_c6717e49ec3e5a60cde8
T3_CLAIM,2286,620,sfti_6a0d31e9525324963e0767fc,cand_1180ec27259583608e4e740e,paper_7389c18aa7fbdb9182cf
T3_CLAIM,2286,621,sfti_758372893d33792fd3537b98,cand_a6d609e0b52dc6dc2e83ae31,paper_b3552b6fdbe0b7700b37
T3_CLAIM,2286,622,sfti_8e14d0172b076f50dcb850b3,cand_0e9a7625f6a0358dec00e266,paper_427c674a5ba07d6d0b9f
T3_CLAIM,2286,623,sfti_77c1188a3f4874525913f467,cand_30d1e46e7ac48c9c985fa9d0,paper_a09a8082d3f2f6bb58f3
T3_CLAIM,2286,624,sfti_e12377f827f464ede405327c,cand_a1f1c4cf0afa41233d5f8ff6,paper_d4cafb54afe17e7fa6d9
T3_CLAIM,2286,625,sfti_70b0092eb2bce9b90bdcab8b,cand_c4bacd1ae9113cd71135ca9f,paper_5bca1bd05633e9cb1ac3
T3_CLAIM,2286,626,sfti_ed4b88ddad64674ea150cedc,cand_a66d2a1570084b65787495cc,paper_ef33c31cea19815c1c79
T3_CLAIM,2286,627,sfti_47fc8753496df45e7e986828,cand_1609371bc766b76cae0949b4,paper_69fa8302ed65d234bceb
T3_CLAIM,2286,628,sfti_d0286028f8bbd3f9fee9fe44,cand_393229a66617ce7698f01f52,paper_0b4dfb06065388f00cfd
T3_CLAIM,2286,629,sfti_f49237716ae1e41aa3d23f5b,cand_179a68b1cc6569631dd230c6,paper_e8cec3b5129bb5312ae8
T3_CLAIM,2286,630,sfti_2b961477ea38e6fdef016e5c,cand_2894c6d3e3bebd181deadf46,paper_baf7e482899e4dc7153e
T3_CLAIM,2286,631,sfti_457c387e3578c609a1551209,cand_f641316a58d26f2a84156f0f,paper_edceda0c326e8eb1ac2d
T3_CLAIM,2286,632,sfti_013b0b7ffa34bdd2f3ea876b,cand_232c9462546527f16e299dd4,paper_d416d61532bdecbfaccb
T3_CLAIM,2286,633,sfti_7973ae926f5aa20097fba15f,cand_4b60ccd42b6cd4076388f5a7,paper_8fecf48988292b0785aa
T3_CLAIM,2286,634,sfti_9c7950baf0c4049e80eeef18,cand_aec7cb24912b5dbfc4e544e6,paper_87938812c0715e3e4672
T3_CLAIM,2286,635,sfti_75e2ca647ff1905f0a4e3079,cand_99730cf235cf0514e6de80ff,paper_6f3d4a5d21e0ed96c7f4
T3_CLAIM,2286,636,sfti_c26ea83ec0552dd225239070,cand_daa922491bf319c8840216be,paper_8a046c008c29850c937b
T3_CLAIM,2286,637,sfti_707fea037794586c7ba5af69,cand_e2b04765f3e952aae0403553,paper_09b9fe96046cdf192d6b
T3_CLAIM,2286,638,sfti_d67dd00af5e61109b81ffa13,cand_de64c6f06b313f6c0027ea00,paper_8576f7b959b92e605aad
T3_CLAIM,2286,639,sfti_4470f2b4f5347be5b5b2d980,cand_5c7dec3508c9590acc8db7e6,paper_0f7e85cba4ea1f161796
T3_CLAIM,2286,640,sfti_303124f7e8eb613837558c5e,cand_63b458d33a2f4264af5d473c,paper_179f807a6800cc1dc318
T3_CLAIM,2286,641,sfti_4b26a7a2e1ef5346d4cf3432,cand_482332c5f7f659af43c32f87,paper_e39d02baf353eb3e35c5
T3_CLAIM,2286,642,sfti_cc8e80112c21ce96826f292d,cand_141994a18e0d4a96757e582b,paper_c9076bad50255c56eada
T3_CLAIM,2286,643,sfti_38b98dc3a5e17e0f0d9f1386,cand_d522de2b7c8bbe44719477cf,paper_3a30f676a58dc9a464f9
T3_CLAIM,2286,644,sfti_a619a63318580f0f52fb9c07,cand_2c1f8435b022e75a6724fb5e,paper_b4d40141243bb11115d6
T3_CLAIM,2286,645,sfti_5b34d7989b4270d15c7be189,cand_e6eeaae6fcae995b9444090d,paper_f240d9d1ee41e7af2920
T3_CLAIM,2286,646,sfti_4f8a20611d7bbf1b5ebaf434,cand_d8412c26f53ae475959a5073,paper_edf34128fd562d5d7109
T3_CLAIM,2286,647,sfti_7a1729e3f35aab0acf0ef44b,cand_c1b8e34a25a34ba83c9ec15c,paper_888d630bcdb565561a56
T3_CLAIM,2286,648,sfti_b6bf4a01259c81de8ed92809,cand_4c27dc4e9cecfba23c54b097,paper_fbed811a281c252f5a17
T3_CLAIM,2286,649,sfti_ae8a8038b7c6fb6891c394a4,cand_cdf4e6ff309d2212f0b548a2,paper_c6ceea1dfa571f4e39a7
T3_CLAIM,2286,650,sfti_f66c91be3b0e55ded2cb5878,cand_004736c70bc603affdf46bf0,paper_aea223f0ad33690bdefb
T3_CLAIM,2286,651,sfti_166076d476a67fddb73a5b2d,cand_b3a7b2a7132948b4aeddfe12,paper_76b5dd38ce3ab801e549
T3_CLAIM,2286,652,sfti_cf54b3756fb739f081a37b8b,cand_9e6c51fb52207beee625fe45,paper_6482013036e9e86dec50
T3_CLAIM,2286,653,sfti_21d31b0b0426e74aa1dead57,cand_55afed0f8e531a213c6c213a,paper_a49fcbc0b13ed1d5644a
T3_CLAIM,2286,654,sfti_582cc64d28ef5846840366e2,cand_e733af14f1ff87941dc37938,paper_cd99825e674af93f54a0
T3_CLAIM,2286,655,sfti_ba4c1030985be5c2e960d6e3,cand_78e40285ede35dde08affeef,paper_bf590173ea587621d8ad
T3_CLAIM,2286,656,sfti_883357c976d7306ed7161460,cand_00c0607131f23e3b76adab04,paper_ac38b317c822295aa2fe
T3_CLAIM,2286,657,sfti_e74605baedc1504e0d2216bf,cand_2cafb37101bc05ba26102c15,paper_ced030a0b27c5b68fa5f
T3_CLAIM,2286,658,sfti_95a72623e61a44ab5fdcf9af,cand_4f626ca9ec3334b9b6176c8c,paper_2b7d8c45688607f3563c
T3_CLAIM,2286,659,sfti_2ba278684a19d535ac97bc16,cand_9d411dd263484704214f6dab,paper_0ed9f754b3e6923e604c
T3_CLAIM,2286,660,sfti_a44fe7f7c6b3c6a4b8db77bf,cand_3fa48b4b815531e9db67b0a3,paper_9e4aaa1c725080258723
T3_CLAIM,2286,661,sfti_629fb9bd686de0a2ed44cb51,cand_541615aead360b389b93cbc9,paper_229253424b5d6f2ab1ff
T3_CLAIM,2286,662,sfti_625010b0ec197c1e6ffa22e1,cand_6da1d5c8ebd2e93265f4ba75,paper_b5bada64764fec60bada
T3_CLAIM,2286,663,sfti_ecec74fcc82ce078292fa6aa,cand_5aae7f4efce71532a19ceb99,paper_7a234a0942160567de4e
T3_CLAIM,2286,664,sfti_150bf04d382b704f3cbd2878,cand_ca3384842a39f85314996052,paper_c677e24671caa0fb90fb
T3_CLAIM,2286,665,sfti_105b2a17fb4c9f054af76c5d,cand_e56657f6019076c684b23081,paper_a3c79491871022da9d5d
T3_CLAIM,2286,666,sfti_656717b6665e6bf73ccbf569,cand_d7d40870297bbf9c9c55d4ea,paper_ff0c331a8a77ddf76be8
T3_CLAIM,2286,667,sfti_efbe1b257d60b2e3c4fc2494,cand_c87471d94bdb131befd0704d,paper_5565b4dc086c1ca4d22d
T3_CLAIM,2286,668,sfti_42a136ea0a117c9b07d12e8a,cand_3fa75afaf7a8e39873c67a8b,paper_855a30d7906bf1696f18
T3_CLAIM,2286,669,sfti_545f990f442224dea131374d,cand_a2b080bb403b6ef62f6b077c,paper_c3bb7c56866fff2e4754
T3_CLAIM,2286,670,sfti_d8e333ae772393ab43398b95,cand_cf11df7faead177a98504595,paper_64aa55b50d42d19509ef
T3_CLAIM,2286,671,sfti_ed2e032842e8a6dd216d0af7,cand_7a375d46b42e7b74a783d850,paper_65a1f093c8c0135bc3bf
T3_CLAIM,2286,672,sfti_88cb21bd37407dada4cc64c2,cand_514062980946887f4d625907,paper_a51cb7e71e8b1382154c
T3_CLAIM,2286,673,sfti_60d002a3afe4612d79809dee,cand_63f09f373c083dfa3f9cb372,paper_c493ee04650e24bc9262
T3_CLAIM,2286,674,sfti_d612468cb2a20b35d19d26f9,cand_2592c06f5a960ca2791ad9e5,paper_f2be3d7faf13aa4b2b38
T3_CLAIM,2286,675,sfti_a9fa281d48f6c2ee26666152,cand_b88f567067f3366339ca14a0,paper_c182b34bda7dc629ef5a
T3_CLAIM,2286,676,sfti_05d143d6bf0fe2b5fcf43f4d,cand_3bfd1cda37114128d5db2672,paper_62eb7922d1e559ef503c
T3_CLAIM,2286,677,sfti_57e3ca4bbd1a31b79b77eb4a,cand_c4bb40f39f670610599dd824,paper_583ba179ad1bd014f19f
T3_CLAIM,2286,678,sfti_036168671888e7fda6a2abc9,cand_76b166460edc99be4e69bd92,paper_b90f1d01f87532c03ee1
T3_CLAIM,2286,679,sfti_f157f1db13c9b8bd01ad9a0f,cand_e278f7ac65305dd1d2188d85,paper_47eb55cbd779efa686da
T3_CLAIM,2286,680,sfti_45f9ed499b802a4896fdb86d,cand_72c3d900b8a70c2852227a65,paper_ab042b6e501f115d6d6f
T3_CLAIM,2286,681,sfti_a2bee14f166e1896405d0e36,cand_56fd6596284635503e3f847b,paper_71526057ddf6ed98608d
T3_CLAIM,2286,682,sfti_d58a2f2ab95f96ba90e23a73,cand_e9ae7318404bcf17f20425ec,paper_1b11e7b26c9ebc36aa86
T3_CLAIM,2286,683,sfti_4bb04d52a0766a2ec9d32307,cand_b11f6897b69b698ef3e8b53c,paper_d0916bb0e72843b26dae
T3_CLAIM,2286,684,sfti_56a56717a2b8802d738217eb,cand_65fea8af2acdef1c39fa0d05,paper_23dce9b08be913b037dd
T3_CLAIM,2286,685,sfti_94d797d4cbf31aa9afc58c3d,cand_1ca704f0614f33a0122cba9d,paper_1457112dc99c723c0947
T3_CLAIM,2286,686,sfti_b008596a8dbee7517a393e1d,cand_f820ea4e46f3b590ea6897dc,paper_3322361c95f35e53a49e
T3_CLAIM,2286,687,sfti_4822950b9b72b6c6516f71e1,cand_ff7e223cfa8e0bf32b7ee02d,paper_c384165a13e05f8ab24b
T3_CLAIM,2286,688,sfti_647177518ec3bdc86d056ac4,cand_c0e2f70dab370c85c90d3b8c,paper_4ad3f9a094b434800a09
T3_CLAIM,2286,689,sfti_0b67a22a9c73401804d7138d,cand_cb8e0d49c612360202bc043f,paper_00ce7fde2c30dd5b48ab
T3_CLAIM,2286,690,sfti_468f62b6579d2bd579dc18fb,cand_6dafa5f3b5cac28a37c6aa88,paper_37194af53f35694697e8
T3_CLAIM,2286,691,sfti_1aba4d50747bb985a4149aa1,cand_38d8eb1f43c3428c6216ae74,paper_ed1226d165d2ad665a0d
T3_CLAIM,2286,692,sfti_5141d8908c0b0783494e2878,cand_e2cc15cd8d8985bfba5b6776,paper_77bb6698199bf1624c46
T3_CLAIM,2286,693,sfti_ac5695b0fffc49a910e352cd,cand_b0c5b9c1850f9b83290ee9d6,paper_40ad1ca31f69049b9c34
T3_CLAIM,2286,694,sfti_b2bb58f5005ce28d9879540d,cand_4b58405a34f07fd6081e6f2d,paper_d0635a46f2116c940eab
T3_CLAIM,2286,695,sfti_9588f12b87e62d9bbde217b6,cand_b9cf11d7ca24d1ace9a71a6f,paper_06a2493d2817612638e9
T3_CLAIM,2286,696,sfti_15c06152cdd900c6d7c54d31,cand_e18870095b98fd50d56f23d4,paper_b97fd1a5935f47e10c77
T3_CLAIM,2286,697,sfti_2cf6e01532fb3ecc4bee8ce6,cand_fd7d0da0e53a583d2f7e1e91,paper_545b45f788f24062a345
T3_CLAIM,2286,698,sfti_a99a88bfc9dcd244209244a0,cand_612d9a6915f1e996d1cc0012,paper_8b6c41dd419735fe1e01
T3_CLAIM,2286,699,sfti_18d783d8a37846c4179cdcc3,cand_b71135fef1272dd1b1469542,paper_aefd1f6c29e982b9aba9
T3_CLAIM,2286,700,sfti_317785a144fbf937bab0bb42,cand_2c6525cdf1ab4e6f35b853cd,paper_80d6bc43930afa567587
T3_CLAIM,2286,701,sfti_48efe0373167a7d0733db7e1,cand_574c6f35cf5c16e44dc21a83,paper_900fb6d9761c5ddee474
T3_CLAIM,2286,702,sfti_21483098cfc5336e6cd67f0b,cand_cebb307a26411e8ad5d32e7a,paper_c982d4182089a90e2a96
T3_CLAIM,2286,703,sfti_b960a0ffa85fac29a678d26d,cand_42125349ac1b29358bd186f9,paper_41969b2a5efedb22cfed
T3_CLAIM,2286,704,sfti_15efd96fe074a6ab33472ca1,cand_02b6da4d2d15d4341434393e,paper_5a950095cd27f4047930
T3_CLAIM,2286,705,sfti_0dfa1ce53f55fbc0476464ff,cand_73f9250778312d4744433fd2,paper_afd6b34a42df17d9726e
T3_CLAIM,2286,706,sfti_989cc8c78d47c6133f38147f,cand_d2524a254434c80f5aae0dc2,paper_193327cc5732fd3d01e5
T3_CLAIM,2286,707,sfti_bdaafd181c8aac5a9f3c3aca,cand_93e64051a45052ba47559687,paper_f6075846ba4e417ca28c
T3_CLAIM,2286,708,sfti_df959ab0d476ef546f1409e6,cand_4634936e877724817bdeb0d8,paper_7282fd8c3a5c3092dc85
T3_CLAIM,2286,709,sfti_6ef9d5da92a554dbe9e4fefe,cand_477ec5d6dfa251b11414864f,paper_51c9758340f260242d9e
T3_CLAIM,2286,710,sfti_f4db50bd07df358925a220dc,cand_8bc94f6b84eab021f0eb25bb,paper_d4eec71007c44517072f
T3_CLAIM,2286,711,sfti_136cb1fe7a2125677d117ab8,cand_9bf70f40f10df8b1177c6b6d,paper_1feff77d842c50d00d5a
T3_CLAIM,2286,712,sfti_4f83e0bedfcd5e31401d3f8b,cand_1308aae67d5cf0a72eddfd1f,paper_d87f93dd56fb1098ebcb
T3_CLAIM,2286,713,sfti_73d38a6e430433d5ee7c47e3,cand_0b8e8cf5d02e5f97edea54e1,paper_a029fe615c3acdd6ae56
T3_CLAIM,2286,714,sfti_0b5e4bb9b90c30e92b781a1e,cand_8d47e301d84f3a6e2a23a93a,paper_2c4e6e492f2def8cd020
T3_CLAIM,2286,715,sfti_887ec1f5e2fe34b2fae6c40f,cand_992c576c915f4ba97ae3def0,paper_fb3ca2b9915274b899b1
T3_CLAIM,2286,716,sfti_66019b949b54242d295fe027,cand_fd4b80c12bb140580a5e5f37,paper_e32ff121a88635b9567c
T3_CLAIM,2286,717,sfti_246be0fc6c84a2575e479761,cand_cc0e400e6105decad77b9343,paper_66ca7dab0efb8628c218
T3_CLAIM,2286,718,sfti_1fad25835c6d94b6c129cfb2,cand_939f4245c5b40d4007042503,paper_c937bb1393cbcef323d9
T3_CLAIM,2286,719,sfti_8fb88a7e5172de34e074caea,cand_cf533c95393a5196218effda,paper_3e1966df700d2fb4aa28
T3_CLAIM,2286,720,sfti_a1aae4b20985515cb5ffab2e,cand_0a5a7257701194628a9e94e1,paper_7485d66327d3f92e041b
T3_CLAIM,2286,721,sfti_669050d397ea8155d9fa3952,cand_af14ef6d6cdc6acda1305f20,paper_b7eb43a1714dfea51b3f
T3_CLAIM,2286,722,sfti_116608a87039ce6167811581,cand_a4b320f01896aa0a970113b0,paper_0f9cb975cd0b7c104b86
T3_CLAIM,2286,723,sfti_1e2126688766c8142ce4c893,cand_370043e577dba1ea01c90234,paper_e979bea55b68466950a5
T3_CLAIM,2286,724,sfti_646895453a31332b50e857dd,cand_07ed197df73e54cecb5afde7,paper_8f30d3737dcb9bbdb72f
T3_CLAIM,2286,725,sfti_fe5d8ed726fccb8e9b1d3f20,cand_3a2093e6ce5547d9eee1d192,paper_7344d9e42f81f8d6383d
T3_CLAIM,2286,726,sfti_a38a64ee0b09df4fa2ca191c,cand_ab1b4b5f41a977dd144cdcea,paper_b00e1ebe06b61db493f4
T3_CLAIM,2286,727,sfti_35eecafad197fdc0e4b1fab7,cand_30510d2e7ee866f7bf9d015f,paper_547d4afb8af58742f7f5
T3_CLAIM,2286,728,sfti_1b3984562b02697cbf9d6fe6,cand_0a6a2c3564c6c3f2f43d2e94,paper_cd26909a42762f438b18
T3_CLAIM,2286,729,sfti_02ff9639a2a9847eb3b5b880,cand_976178ec982bc3372c9e149c,paper_1d8f5052e7c1595ffac3
T3_CLAIM,2286,730,sfti_f50c6f5591fd10e05857a8b8,cand_0bf63d086932a6da2450399b,paper_ebf04dca48b284656891
T3_CLAIM,2286,731,sfti_358ee834ea05d5acdc13c08d,cand_44d9258876718edcabfe9f55,paper_ddc1627042a99d4c0665
T3_CLAIM,2286,732,sfti_59185ad14b1ef804f0a2c7ae,cand_4522c9dd4d54b381aa14c5ed,paper_5402d0c9bc6929b9ebbf
T3_CLAIM,2286,733,sfti_ecc9754552309881c33a9be4,cand_7e4e7795cef6d6c627c6bc68,paper_f2ac582ab2137c281989
T3_CLAIM,2286,734,sfti_cc87d9267b0ba6d4a073bfa3,cand_81047a383de9fd19c7cc9c99,paper_dd66853710e061bf1743
T3_CLAIM,2286,735,sfti_3be0d095924947f5e2fa9aeb,cand_47a1fd6011e755109d533c6d,paper_ae239eecc5d7ced94f2b
T3_CLAIM,2286,736,sfti_c05ca2886629cafb0bce78b3,cand_564bd7845096338eb10653be,paper_734689d9ad881e3f05c6
T3_CLAIM,2286,737,sfti_f5cf03c62d23ac598140f835,cand_a47866d67c9afa7e21370ec8,paper_44c900579a80dc2c3e19
T3_CLAIM,2286,738,sfti_93bfb662eb211d1f3eb36ce7,cand_fce49d7c4d3929178f79f7a4,paper_08e189125eb0ab93ebb4
T3_CLAIM,2286,739,sfti_435add15b59cf816079e3c3d,cand_545cf1be93b900785be2c4f8,paper_4e8617b2de076d610f2d
T3_CLAIM,2286,740,sfti_5bab52428bf738976ee3cb9b,cand_1bfc36834b6e43b7345d6d59,paper_76ea1bc753a6f3bd627c
T3_CLAIM,2286,741,sfti_e03817528ceffbfc984d2fa4,cand_ccbe3be2f053537994870bbf,paper_aba6a50b0e33123b60f3
T3_CLAIM,2286,742,sfti_dc145ef15b7488255961c0bc,cand_e238976c8bc7ada06a7b7637,paper_6aabe31ff814c94de9be
T3_CLAIM,2286,743,sfti_96385ac17bf5d8fa9a71f433,cand_0f9d2875d0ad89c4fb5001c5,paper_1cd03f121d79a0c57f50
T3_CLAIM,2286,744,sfti_1fafa59bde542c44fc8f12e4,cand_04d1462434244a420eb5bf91,paper_2d881cb8d1a1376b394c
T3_CLAIM,2286,745,sfti_a0002de97c71d2dd8850490f,cand_b835c3040e8559fc2bd7b4f5,paper_1fd71bfc1f86f56c22a7
T3_CLAIM,2286,746,sfti_783b2d33779daa08f7d13f8c,cand_9c566c6c9b252ad99b64d23a,paper_ecddf5eff1d2c66dff43
T3_CLAIM,2286,747,sfti_3102f4d5e767f1b1af763547,cand_2de343fcb7867ffd4a40985a,paper_e3e5e74da4d406668197
T3_CLAIM,2286,748,sfti_d2bf26855255927fae294927,cand_7d27177d18a8c0677e58c368,paper_2e5c90bb6a9fbde934cc
T3_CLAIM,2286,749,sfti_2b97deb267103398f6981f7c,cand_015ca4839daa270fb509d172,paper_00c3ff30718e77e98d96
T3_CLAIM,2286,750,sfti_11d464403e863aa671dab778,cand_7c81cf9a9028f87a72648eaa,paper_780ca30bca1371cb91c6
T3_CLAIM,2286,751,sfti_96064a77bd49052bf661c88e,cand_9178ebc2e15c5993fd807fe2,paper_908b6ec651f9c3279ecd
T3_CLAIM,2286,752,sfti_4844f66f5aa3f7c3e75df4af,cand_1dedce2ec3ee6a3ad643a809,paper_2d26b54a49fc7f24b94d
T3_CLAIM,2286,753,sfti_0e1e139f0e0929082fde8075,cand_0feb6635d0c3b68a8c24902e,paper_3f61f4ceb06e5ae14844
T3_CLAIM,2286,754,sfti_e061808a705a89f275f3f2c1,cand_e1a41d433ad0b3739d1feaa1,paper_21a73e1c5c35bd00e27a
T3_CLAIM,2286,755,sfti_d6d1669b6e9d727879d35aad,cand_4163e7712b32a1854f1790a8,paper_d3701df2622169ea49d6
T3_CLAIM,2286,756,sfti_bcbd067f691e7c26677e643c,cand_440302878c864be323d53dfc,paper_53222b88fcc150ad235b
T3_CLAIM,2286,757,sfti_97e0a4a0f6b91b3fa9cc7314,cand_c8ed58d9bf7d3476664d5ce3,paper_5c211132f97e75987828
T3_CLAIM,2286,758,sfti_08cf0d68933f5ff66bc550d2,cand_c5ea0a88202491ff6744750c,paper_31574d46962b0f0e1fa9
T3_CLAIM,2286,759,sfti_cf1634f219e16f02715246bd,cand_15099cf5d5806f65e2ab6ac3,paper_972c7d842da6c54a1bdd
T3_CLAIM,2286,760,sfti_fbfd30752366b5f406b761ac,cand_0e7c26de70ec78d8721283fc,paper_edf2526887b73f01404b
T3_CLAIM,2286,761,sfti_9d7017ad6ce52cd0d16cf1b7,cand_d64f92460515fab74fee8548,paper_c79b045a95db7baea121
T3_CLAIM,2286,762,sfti_6760f2c12adcaa3adb4c46f0,cand_d2eb52ee42ae4d2332a48dcd,paper_b45b8c314fefc9dc2f86
T3_CLAIM,2286,763,sfti_71679c1757475935d767dbba,cand_1dc4d2d2ae1ae74e253b1824,paper_6df43c48214728454930
T3_CLAIM,2286,764,sfti_59ce9a4c08165b044b0115e0,cand_3d7efd38eea855d1900aed8c,paper_47baea05186d61b02ef1
T3_CLAIM,2286,765,sfti_6f2c66b6ce0a048ec124fb5a,cand_8c3bb1bfde049ee37fdc5e85,paper_c72db62816eabd2bd52f
T3_CLAIM,2286,766,sfti_1c833b677b4410e87c9bc15c,cand_de0fbbfc922b6dc4ddc23044,paper_caa94e78df759c34426a
T3_CLAIM,2286,767,sfti_897c49287f1ac1531c8ffa19,cand_210715da973f8b8c8dcbd4ba,paper_fc1bbdf085b09de0eda2
T3_CLAIM,2286,768,sfti_7547ad2b82a15b3013482c44,cand_29f490270e93bd55132a9d5e,paper_71d95dc9a2f9d34f71ae
T3_CLAIM,2286,769,sfti_8a3524f010ac6175fe5f8860,cand_3cfff866d54fd0fc3f68aa5a,paper_19daba2982570ad40c44
T3_CLAIM,2286,770,sfti_d7521646944060b6372dc6b4,cand_9608f7aa359b1cead388e893,paper_6730bf81b0e9dacc6f71
T3_CLAIM,2286,771,sfti_4ce003881cbb32d7a19031fc,cand_c51364584099754288748d1d,paper_de85797838101f695e9c
T3_CLAIM,2286,772,sfti_30d58e677d37c923d91189f6,cand_1185380f245a770e0e16b6ac,paper_098454894ffb6b617c9d
T3_CLAIM,2286,773,sfti_7a3de8841c4f7bb5637a7db7,cand_0c05f19a146f1b8caead365b,paper_c74f3cfca89318a59f19
T3_CLAIM,2286,774,sfti_26c1863e20e7bc8f126e742c,cand_21bcf6fb550f0aa11da1cbf4,paper_86d4e5c48ece62a7cf9a
T3_CLAIM,2286,775,sfti_2a538bc2de02e33c9728e7ee,cand_e7d9a0d97aef373665cb2a29,paper_7aaade949bb14c05bfe7
T3_CLAIM,2286,776,sfti_07ea421216fc9f554fdc8316,cand_bd1e8e88895214522ac060ed,paper_cdadb1e14bce744e6547
T3_CLAIM,2286,777,sfti_f6de80eb0ff7e0e412c7695c,cand_3dbe3d2d667d430008c366c2,paper_57e0d2b061547e81fe80
T3_CLAIM,2286,778,sfti_dfeb3e853cc98cbda7664c73,cand_c5293e14a7922d6190d65ed8,paper_7cd1f80ae0395836d825
T3_CLAIM,2286,779,sfti_7164fdd145bb230033eed6c0,cand_1adae67d94489510b3db92f1,paper_51ff80a848f0b02bf775
T3_CLAIM,2286,780,sfti_93ffa70485102080e2dd9e4f,cand_a85075044a478c00153a582c,paper_14fb686f8386f271498e
T3_CLAIM,2286,781,sfti_de34c3892b0285ef2469fbe9,cand_34097989c7589b1b5c7843f3,paper_d597e7de0ce251217022
T3_CLAIM,2286,782,sfti_638f4696b37ba2cda35d8674,cand_c8504ec4354b8152ebd8e986,paper_20f430853797efd028b9
T3_CLAIM,2286,783,sfti_8b9420c1667485a8d2192136,cand_a98af4e33497eccf5a1344d6,paper_f5290df23f6ebbf4d530
T3_CLAIM,2286,784,sfti_171bbbabb26f52e80f14bfa7,cand_c4100311fcb143f1ad86b8dd,paper_c70f3e6133978235b579
T3_CLAIM,2286,785,sfti_2b273c4fae7a17e51156046a,cand_02a455117adf39e1aaa56e22,paper_54ae55245e1f6a0c207d
T3_CLAIM,2286,786,sfti_187a3a40b47e8ddedaed0660,cand_73f2d5ac5a91d06bd1e8db49,paper_5093d6ac5a8e5e472584
T3_CLAIM,2286,787,sfti_5d86ea6281b57952371446bd,cand_f59e8b485b1d5f272de5d46e,paper_80824adaef46809e108f
T3_CLAIM,2286,788,sfti_d7e6ba033c54f99cb14fd41d,cand_bfb098af1c8267cfac62c3c0,paper_0475da2955b53fdb6606
T3_CLAIM,2286,789,sfti_36464309ba5a7f4ed960adca,cand_486cd787a3db382ba7938d67,paper_70f52b65fe6b6074b908
T3_CLAIM,2286,790,sfti_ec450e27da85fbcef86034d0,cand_4ff6a2c322bbf5e21bbd7225,paper_4859ded345b5dbd2b97c
T3_CLAIM,2286,791,sfti_5394eb875f34504484dcb17c,cand_f1d12752f1f359238a0c9241,paper_bfc002e4e2173fc7324d
T3_CLAIM,2286,792,sfti_22b362e68658bed68f30a384,cand_9a2934b615f447ef6d3acb3a,paper_e5c1d63c115e58cfb9fd
T3_CLAIM,2286,793,sfti_08c3e025aa15c2c19a7dcb9f,cand_c12f2272e8a3b937caf28bfd,paper_8ff54d2a19ffa09c6e44
T3_CLAIM,2286,794,sfti_31e7306f311fb63ca0b1e2f8,cand_ffd14eec996eabccfe46a308,paper_5349ecd090956229107a
T3_CLAIM,2286,795,sfti_0513bcf9efa2bb58c856c19b,cand_4a697f36fe29f5da6b63ad07,paper_fa3071671d8d8d7ea55e
T3_CLAIM,2286,796,sfti_8ef2e927df7bb57553f37618,cand_47873074284a5c4be88d74a1,paper_b4a526f4cf31b7731a13
T3_CLAIM,2286,797,sfti_6209bfac2319bad14204fb7d,cand_16af1ccd8c19754bcde05674,paper_260c6937e35e1e5ecb8a
T3_CLAIM,2286,798,sfti_4fac7be49767d10eed76d939,cand_58750c19ff4df315568051ee,paper_f6b2ad2555ee467dd60b
T3_CLAIM,2286,799,sfti_785310cc48e619cc59f0a3e3,cand_7b161a539817d418b7054b2d,paper_1f4567b736135e989979
T3_CLAIM,2286,800,sfti_032f86792e871f609749810e,cand_93371aee5b9e720748b41a4b,paper_5cfd274b7e7db8058b35
T3_CLAIM,2286,801,sfti_e948532847354edbf2495b36,cand_1d942be1df4f05a16fb026b0,paper_29631482265a23ae9c5c
T3_CLAIM,2286,802,sfti_602336940dae84e42c0163ce,cand_20d2da3e9072b677b549e0e9,paper_a35c80746544bd19d98c
T3_CLAIM,2286,803,sfti_8c4bd44f45e0002ccd8f71ca,cand_81478185535ebe74f668d0b7,paper_6c857c7f5b054f3ce2d8
T3_CLAIM,2286,804,sfti_64d4b5efa29a91e130de7457,cand_746c86ad3fd7a925e10bf82c,paper_9eb4667de60036b508b2
T3_CLAIM,2286,805,sfti_f1dd00847d629e8f554f34ef,cand_5e5dc86f38b7b34f76847413,paper_5b0673e9ff09192b1dee
T3_CLAIM,2286,806,sfti_70893af9941e0856d71d996b,cand_e2b200ea7e9438584b788201,paper_64b04c99ea635be83301
T3_CLAIM,2286,807,sfti_0a41ccca21ae6a123c4b1826,cand_06d31035bc5faacbf35e9d57,paper_2f0372a1092eda59e322
T3_CLAIM,2286,808,sfti_1549841e0b69b68aac244bb6,cand_26b0d739bad0e89b1ba742e5,paper_62b3091e260a0767cfbd
T3_CLAIM,2286,809,sfti_aaa62d7f6eea5375739b2f3c,cand_bae9033c062585e40d2b3067,paper_fb5352011719292bb656
T3_CLAIM,2286,810,sfti_a4b86453ffe88004c801df28,cand_04adcc9211b8610dfbec1b01,paper_2a42f1ff9bd9c93161c2
T3_CLAIM,2286,811,sfti_66be7f08215858d4f4c9a372,cand_823ad252ffb85801aa0c9d54,paper_e15473cb8033ba3e230e
T3_CLAIM,2286,812,sfti_7cfc57b70f81c7ff2b49fdae,cand_67befc834626c40562dc44d5,paper_7cc40044e8e7c820958f
T3_CLAIM,2286,813,sfti_790a1b39e8d882fccad15e62,cand_fb93a0e3595c47cb2785d233,paper_1dba34972cfb5f4469cb
T3_CLAIM,2286,814,sfti_bd5a0ac2d3cfa51ea27e811a,cand_489270aab54d8e170059a38d,paper_cbcccf219bd7c6074e8f
T3_CLAIM,2286,815,sfti_3d6f4060c74ba67f2f44d5f1,cand_8bf7e887ead3959fa9b68ba9,paper_c181c5958148c1d9e857
T3_CLAIM,2286,816,sfti_9324010dfcaab820c5c40300,cand_52518d0c9ba8d705ce5e85d3,paper_b153a4108133aedb208f
T3_CLAIM,2286,817,sfti_5b3d048a8252b6c1f0239096,cand_fa016da18fdc55e756e15dba,paper_9744040006c757b714ce
T3_CLAIM,2286,818,sfti_ab37a6df885d481e03764c0c,cand_4fdcf7899fbed334240901bf,paper_ac4d2f9b1c56feb41b26
T3_CLAIM,2286,819,sfti_f455aeabc7fb87b00a237db2,cand_be242ee3901e9088c5cff83c,paper_867248425c354151c78a
T3_CLAIM,2286,820,sfti_50e04d3906685b11996063b5,cand_e7a24b38c2346807f859feff,paper_f41784f6ad24d1bbcf21
T3_CLAIM,2286,821,sfti_0830bc13d5522688053baa37,cand_cf37f8be85917e0de3668ed9,paper_011f61f82937545da1fe
T3_CLAIM,2286,822,sfti_d1d40ecaf28327885341cf71,cand_b098929e91f5b227679ccba0,paper_36d7325ec81a4ba108e6
T3_CLAIM,2286,823,sfti_5365cc19acdfa61a4e89e8c9,cand_1c745180b4a66cdebd01e03c,paper_338315c4ce05cecd82c8
T3_CLAIM,2286,824,sfti_500984e3cf7a42ad40425a39,cand_719d4f535dc773482c9d7107,paper_2fa76b57fa652824daf1
T3_CLAIM,2286,825,sfti_30dad3b175995075fea2eef3,cand_841092c53503592d86348870,paper_d8dac68269c10d6d1dde
T3_CLAIM,2286,826,sfti_a979ad78b07281c4638e6630,cand_abc70d4a0c4af7a52e14fc28,paper_bf54d15a31f43b340d68
T3_CLAIM,2286,827,sfti_d1cf2b0d29a05904c8004f18,cand_bc5d3e79e8f2bd8af57b334d,paper_9fabef626ef961aa28c9
T3_CLAIM,2286,828,sfti_f722ae05719b2c45c13783ce,cand_1f91bb0d6ae5a48497f1716b,paper_3860f222312c54cfa035
T3_CLAIM,2286,829,sfti_fccddda9c295beeb7826b579,cand_53a6f1968b149861e56375ae,paper_ce666477947bde040935
T3_CLAIM,2286,830,sfti_acce887b27ce1933c14a88b7,cand_723febd43dd6080b9c9ea7f4,paper_f378b66070e11c3c934c
T3_CLAIM,2286,831,sfti_cc925d634ef8706920c1c356,cand_2fa8ac4a1361d2938484cd28,paper_52e45ae625e87cb51855
T3_CLAIM,2286,832,sfti_45be3a78a0c750223fabc817,cand_752331832527cdc673fe46fe,paper_36e100af2733ee6a2ae6
T3_CLAIM,2286,833,sfti_741480d2bb9f93e74748eb80,cand_b740b9f4fa8635f73e713907,paper_4b2d4a71a16ea1e9c2c7
T3_CLAIM,2286,834,sfti_5bb791f52bf2d0efbf504430,cand_077672e30c9256d1f412f225,paper_1734f2d4e8637ff96940
T3_CLAIM,2286,835,sfti_51aee42b65d09b940b95e1ad,cand_8a8b4bc7b9bc8a6e3224de8a,paper_d97c78f84fbbd25fd681
T3_CLAIM,2286,836,sfti_d2e39c85f3f709c18d5c3c0f,cand_8c66c08a62bdf3c991a954b1,paper_5d5120a2cf840faee937
T3_CLAIM,2286,837,sfti_1d22c12234a102673918e1ea,cand_26124dd3d7856faadf008b3b,paper_131f8159c96f54d575a2
T3_CLAIM,2286,838,sfti_6ecd0f15165c5efa00610b2a,cand_a5037c8521921348beba2f62,paper_71efa30c4894c1d655f8
T3_CLAIM,2286,839,sfti_59c4c8b53db0c2917283cadb,cand_dc4c775803f1a0aee2bbfea2,paper_a26ecb38a15492aa8b60
T3_CLAIM,2286,840,sfti_f7ca1073ed7b698871961456,cand_8e171064d7fa50389f5436ec,paper_e1e0650c84865e3bd9e3
T3_CLAIM,2286,841,sfti_c14490b6c5d3835cb2b9096a,cand_a1a11e481753e7640255495f,paper_aadd6adaf7e7776d1f64
T3_CLAIM,2286,842,sfti_af98b87df9072ea078772508,cand_15b69dd8c7a578f10d4d3ceb,paper_59c8c60a6758aa8e98da
T3_CLAIM,2286,843,sfti_abc0e58caf8bc4a744b666f1,cand_afd4445b8a09b82d7df7b129,paper_88185f5d588e4f96f362
T3_CLAIM,2286,844,sfti_a2007a876fdf1ab0100148ac,cand_ef3c959858ef75b615990eeb,paper_48f90822105bf111ea1a
T3_CLAIM,2286,845,sfti_faa717e34b5c41710061d7db,cand_09f25735bd44aab720456e0e,paper_66e9b50a59bd823abcd9
T3_CLAIM,2286,846,sfti_1ab2528f2efe1005553f3619,cand_0377cec2f532943cae874583,paper_11c16d5f80d944fde4f9
T3_CLAIM,2286,847,sfti_02b236238e57877bba1aecd4,cand_99727553296403bbb9f11403,paper_07f0e3315516c7475a67
T3_CLAIM,2286,848,sfti_ba2614819a5315d75bc1e3df,cand_cc16ef87e7b2500b4a70cea0,paper_fb7b63214de684b2f11d
T3_CLAIM,2286,849,sfti_f53112b8408c4d65a18214e5,cand_e0818e4c1a1c80fe40c4f154,paper_ab640ac2150e06496e16
T3_CLAIM,2286,850,sfti_6b5c41b25d39d06a1426535e,cand_ed3bcb275c85b2ef2ef761c9,paper_a3ba67ec77c49d653ebb
T3_CLAIM,2286,851,sfti_2ed440ceb37dbe63f054c7ac,cand_a60e4fa38aac5f22685e5c10,paper_af8ba896d46f910daa80
T3_CLAIM,2286,852,sfti_295d98284158921627b01cab,cand_fcac5ff53e0b15cf4979e4e4,paper_1bf35d19faa763dc9570
T3_CLAIM,2286,853,sfti_03222f332eb5d54e1e46d323,cand_54f0a55448b90341d0ed978c,paper_32588ab02863572afb45
T3_CLAIM,2286,854,sfti_a107121d534107996ae7ab88,cand_8ef12b3cc7697b7b2bdd23b8,paper_1cbea91ab313b361da43
T3_CLAIM,2286,855,sfti_803170064de2b1a4fa3d8e21,cand_7a43770a72474779e1113fd4,paper_9fd0e80083842c681e91
T3_CLAIM,2286,856,sfti_a11ebf748eff566f62ff004f,cand_8bab14ab867cc90d307fc9c9,paper_6942ae89b7ad7f833112
T3_CLAIM,2286,857,sfti_bb051b089f92ce81eb66ada5,cand_79c8bd6c491096ba62cd2b1d,paper_56c1618d40a6eb8185c1
T3_CLAIM,2286,858,sfti_da488908d89c3c5101a10167,cand_87a27ea07561f246b33442e7,paper_67c313239cd572c2d80c
T3_CLAIM,2286,859,sfti_7d76a8e198a89f039fcea4bc,cand_db8de8a49ac8c014e51a6e33,paper_fe3a5ab86b7888190097
T3_CLAIM,2286,860,sfti_4b8851eeb0412d1bbd2011a5,cand_4ea928c0ceb9b67ed6b5cfc5,paper_b0b7e2f9a369dc5982ed
T3_CLAIM,2286,861,sfti_14089db94c29c045a7faeafb,cand_4403513c3f421249abef3dbd,paper_b3bdc644128eaefe47e3
T3_CLAIM,2286,862,sfti_b0adc4dcbd56477d3452f133,cand_5de68fb2d1c4843047a1af80,paper_e1a4e627071aff86f5e1
T3_CLAIM,2286,863,sfti_a03f5f4f2a1b5e639e1614fc,cand_99f7774282d7cdffd97b92c2,paper_3e0d5679b83f65deebe0
T3_CLAIM,2286,864,sfti_1b1b4438052edc17f58d3199,cand_30de048238bacd934bf240a4,paper_76b794811fee9ac07dd8
T3_CLAIM,2286,865,sfti_3141e359cc978aaf41b895bc,cand_d678967e901f57f7ce34268d,paper_084253dae7a7f19e544f
T3_CLAIM,2286,866,sfti_48b13ce7d8578abbcc052e98,cand_181d6dedde116b1d062492f9,paper_e9cc144b1569d2cdff5b
T3_CLAIM,2286,867,sfti_b8ddd20e66290f3eb9c5383a,cand_c9954089536978cd7823826e,paper_e2e0c362cc5cf9a852af
T3_CLAIM,2286,868,sfti_a84908c6d54f9bfb14832e54,cand_78b852684fa15fd846cedf25,paper_daf019871d0aa3d39b39
T3_CLAIM,2286,869,sfti_f6698138c43a45368f0a823c,cand_20a7d44e573ea5195fbb156c,paper_93ab30d33d5d512908f9
T3_CLAIM,2286,870,sfti_2a37adb4dc75a6cd24243276,cand_8a2a9088019d06bc41920c58,paper_61251b5fda9ffb5dfd3e
T3_CLAIM,2286,871,sfti_2d9523885b40e9246746a74b,cand_5c56a324e0c7208f10048424,paper_19b61bfed1e7420aa0cb
T3_CLAIM,2286,872,sfti_e44d33ae7768ea40a59ade27,cand_c4893c899cac164f1e130ed1,paper_f3571f86c75e5b1d0753
T3_CLAIM,2286,873,sfti_f1a069b310f106eef1f65573,cand_304ac4d09fe4692bfb34c452,paper_e61f93a45b9dbd4173bb
T3_CLAIM,2286,874,sfti_b0989d0a7343d291c5c47d0b,cand_1baac3d203d284e5e6dc51f2,paper_5be19bce69768241e503
T3_CLAIM,2286,875,sfti_7e557b9a2bd5aed2675fe151,cand_9dba53f612c472bd420466bb,paper_6659f90299fc568992d1
T3_CLAIM,2286,876,sfti_35171a900b1bbec9b6785c66,cand_59e7b0cc47fa1fe50d45d120,paper_87f744f573ecdefa9ac9
T3_CLAIM,2286,877,sfti_faf0e350ec2b3547b4c152d8,cand_51bb8a1242a889c6cb9f76c3,paper_0053bcca6f8f67a57ad5
T3_CLAIM,2286,878,sfti_5c9062b6e4f189e20016cfc9,cand_8c6bb3a478a668d19b672c29,paper_76a1c8f58debef0e3cb6
T3_CLAIM,2286,879,sfti_7cbeadb754981ff8149902c4,cand_61aae5dc3ae2952b4772119f,paper_e5d9d6c267fc21d77d2b
T3_CLAIM,2286,880,sfti_dab0231fdbb52e7d56e792e7,cand_b1cd461974107e301b090759,paper_5b949d20881bc4e7c88c
T3_CLAIM,2286,881,sfti_013ae49ee94f76ce90df1ba0,cand_096a82f320dd67d36cec4484,paper_09318a44abac513252df
T3_CLAIM,2286,882,sfti_20ce5eb22b73c33b4fea0e57,cand_a561a253ffafde37be73cd10,paper_fd19685206cd80b2e8af
T3_CLAIM,2286,883,sfti_b86614d81adbe0a8d435bb65,cand_98e1e09b86236d53847d7c8d,paper_035b8930770225ae28f0
T3_CLAIM,2286,884,sfti_d12aca1ed20106eaa59bcc56,cand_69002aab61bc9c1dd5c5f13e,paper_95dcaf89d1fe9835f278
T3_CLAIM,2286,885,sfti_9afe22576ca8df36043e888e,cand_7c57f0b40d76f878b829434a,paper_83d6440ad70ea0a7d858
T3_CLAIM,2286,886,sfti_933a5a444be9c16e6527f446,cand_282fceb2d0c2f61d0f8191df,paper_eadbe456d02d8029883b
T3_CLAIM,2286,887,sfti_03ce0dec3852c5d8168e78e0,cand_798dd072519504b5f5dd4e64,paper_236a6718ea5ce8ffeef7
T3_CLAIM,2286,888,sfti_04e94e5b65fea5a6bb96245c,cand_9d009758710b28db6433be99,paper_cd61ecaf42eae829f8ef
T3_CLAIM,2286,889,sfti_0cee49bc6741c86d014d72bb,cand_6ba11446d3e98167752c8145,paper_cff41dd1aa1859e689a1
T3_CLAIM,2286,890,sfti_012d999dad3ce149af8e7227,cand_ba10002b2e6fb689df156000,paper_6a2566344144df787916
T3_CLAIM,2286,891,sfti_f2122c24320b372ee4e8ffcc,cand_6c8d1310527ee843978d4d37,paper_71f603e6d51c12630385
T3_CLAIM,2286,892,sfti_e717258d099eb20ae6b32890,cand_8a237e9550a3c5c350de3d78,paper_5a8f097e6159fed3e1dc
T3_CLAIM,2286,893,sfti_1f39021d04a7ec1d1c5efbc3,cand_f656a10041350d2728939918,paper_c12924d3071f576e0c31
T3_CLAIM,2286,894,sfti_4bfdccb0dc8a6fa4f4f67392,cand_1250435f9e25aa3a9ebe0468,paper_5ab28f5a2e15505dcc9f
T3_CLAIM,2286,895,sfti_fc8dd37d32df026b3dec98b6,cand_96d8f6b956b57d648659f334,paper_8c89891cdaa55dcdff15
T3_CLAIM,2286,896,sfti_b2c709d209aa730a6f9ba27e,cand_efc5779c8d968ae6de4b762b,paper_57ace56e0ada3222f3f0
T3_CLAIM,2286,897,sfti_956bc6ab609098476890434b,cand_ff90de3df4e1cfd511673ac5,paper_258756920680bd1f8b41
T3_CLAIM,2286,898,sfti_8c21e97ed974b0097f1e4262,cand_5ce855bf6c077abadfbad997,paper_cf6b5a4b3b503636aee2
T3_CLAIM,2286,899,sfti_03ec2e4cf43d40510438a8bf,cand_e71ff3faa5f49f665da27fbc,paper_985fcd185ed02e5bf0c9
T3_CLAIM,2286,900,sfti_c87e5fa3aff9c80375de1bab,cand_ae784b7f7452a74f30137a85,paper_77b848ae10d9e563dd5f
T3_CLAIM,2286,901,sfti_165ed03369a0903c54806c45,cand_1cb61b5f9f7c260b80824e22,paper_f33629526b9e8dec9b5e
T3_CLAIM,2286,902,sfti_456495353f7764ff8ac7bc50,cand_8398cdf2ff40135ce7037d46,paper_1a5a5643c69613aa0d3c
T3_CLAIM,2286,903,sfti_6cb090c2902b79e5162d7e98,cand_53032be9e2c083627c7da529,paper_54617090ee3a4ee67d68
T3_CLAIM,2286,904,sfti_9702dfae0f42620d9eafbd86,cand_8cf2e3561c6d9473c13fda55,paper_91d141d39bddc018a22d
T3_CLAIM,2286,905,sfti_5b0744963dd0c59da5b22470,cand_e07b28d51aaa5b4e6d86d9bf,paper_1b1cf979f0bda259ce7d
T3_CLAIM,2286,906,sfti_f8bfb8c0211d8f35410550f9,cand_729539bc921ccecb26a2fcc8,paper_96ac22b722cc9f3876ef
T3_CLAIM,2286,907,sfti_75da86dbe452567c608ca636,cand_19e6342c20bb90ec6b3e8ca0,paper_3136da065ab0bd3a0bbd
T3_CLAIM,2286,908,sfti_82c20f618ef31e52bca5f9aa,cand_5183c37b7d558ce88e24ea75,paper_43fcd55dc92a638d1039
T3_CLAIM,2286,909,sfti_f5f82aaddddd6f4def035f54,cand_b8f08ea30e88c4c80fb05971,paper_080ae6d04b647d7d027e
T3_CLAIM,2286,910,sfti_c46bfd89ead8f96971025b6e,cand_226d182b2208f389b29d5a3b,paper_3bd3c3fc9e9fb1b509ee
T3_CLAIM,2286,911,sfti_2085bb45e4be741104b7339d,cand_2e0e44d4ceaeeb6656c61cf8,paper_eebf3854a3fb0b3a28f8
T3_CLAIM,2286,912,sfti_219171e8f74649062711f489,cand_ccd270f8c3d4222a93e0d90b,paper_3f0e855d24d6dc79c1e3
T3_CLAIM,2286,913,sfti_f2da54b17126b34a596b162f,cand_4a64bed87ea84cbf5e566196,paper_7cab5ff6b0a1500077e4
T3_CLAIM,2286,914,sfti_01893056a8eeae92525dea45,cand_fd29aa3865af5fe58ea18ac4,paper_7d409e51f42cd8ac656c
T3_CLAIM,2286,915,sfti_e99f02a88362862f55a302fa,cand_0633332a91fb9adb6dd935b2,paper_dce85d264393d934c1c2
T3_CLAIM,2286,916,sfti_443ac7b4b5af26239c2b8984,cand_a455faffe05e026551c167ff,paper_814885c7706c9991ec46
T3_CLAIM,2286,917,sfti_2cc142f4b58d39b09cb9b854,cand_1823cae0ce0fb3995fef59f7,paper_624527ca377befda900c
T3_CLAIM,2286,918,sfti_b4b1ee280b4249519a555090,cand_8a24616c84c6e66ff9e1a83f,paper_c6d38c3088f9d3f12a73
T3_CLAIM,2286,919,sfti_ddfcdab53a1347d102ab7183,cand_e91dc05deae14fb06c0cf102,paper_ccfcdd53b9fac7e46b8c
T3_CLAIM,2286,920,sfti_199b47ba1158bfd31633e3d7,cand_298961364e86db1f8996c9ec,paper_ca5062f04a73b5342113
T3_CLAIM,2286,921,sfti_e743a03fc849dd75fc9cb7c2,cand_0d27cca1488510ce298317cb,paper_063a8027d8086e50cb66
T3_CLAIM,2286,922,sfti_47f3dc33420e22000c49e6cd,cand_ff9f1c120204cad1c3823022,paper_d54c96ae609515612b17
T3_CLAIM,2286,923,sfti_0c8f6b4d8e328e0de4406509,cand_a4ba86bedfa3a411fc9f2de8,paper_8b99df3455a9e4b7000a
T3_CLAIM,2286,924,sfti_6b6a6238ec18c33216f46bc2,cand_675e29dea3a016322cf37fa3,paper_d82adf03b07ce22c3b54
T3_CLAIM,2286,925,sfti_fd2efb5a4c4c05c72b917edc,cand_a87c261ce85fa486c80d9126,paper_d707afd32f2376608ebf
T3_CLAIM,2286,926,sfti_de5943a75a222f3b00ef201b,cand_6cba1582c890ddb8b61a5595,paper_506cd366d7f23427e5d4
T3_CLAIM,2286,927,sfti_7b86f306f3090d9ac6a81600,cand_593c70090be4765eb6afb1a5,paper_f8503ebcd0d534154ebf
T3_CLAIM,2286,928,sfti_2b8489d7ba0bf33e64e0d70b,cand_c8e9ae2b7212df5f1edf295b,paper_1c8a84b0f4b0a4180368
T3_CLAIM,2286,929,sfti_d29833fd45bf4065e46b7796,cand_37f654d9c6c0c4b57d9c4d95,paper_b06cab9034f967174a3b
T3_CLAIM,2286,930,sfti_d2409550f811cb904e9fb4cf,cand_d8b6be16cc216a035d041cdc,paper_32d318d230fb473bc762
T3_CLAIM,2286,931,sfti_48b35a66f9bcc56212854d0e,cand_b225044bc2b665731cdd6b16,paper_92169ac77d0b042008ac
T3_CLAIM,2286,932,sfti_b90fbab4ce4c9b8240af6323,cand_c91719bc8bd49eb8cffa894e,paper_59d14f7f5c168de48683
T3_CLAIM,2286,933,sfti_c7d8f47b116d46217b17bf34,cand_7f3c487292afc019be6db63d,paper_18933680bc8a2e259970
T3_CLAIM,2286,934,sfti_761a3412ef4a169e080aa577,cand_7ac82527aab9a2759a2bfc6b,paper_da44c61204fbe98bc3c1
T3_CLAIM,2286,935,sfti_e6d51844d857b86df700309a,cand_2a1efac9a09d89605557dbf6,paper_4fdf48b1c1f6829863fa
T3_CLAIM,2286,936,sfti_17419155a343c46961ba1372,cand_e5d2e2dc8ac2df0ed7ce76ca,paper_abe7697bd530fa52a28f
T3_CLAIM,2286,937,sfti_b7a0d188f4d9223dc7c40dee,cand_d4a649cbbc3a506a3501d3a5,paper_201ccd1a0144f8ac3399
T3_CLAIM,2286,938,sfti_b26587a42aedfa72369aa704,cand_8bf0dd5363af6d5fba893fdf,paper_dc0c386d86694de2da69
T3_CLAIM,2286,939,sfti_cef0b07f1629e4013fa59365,cand_512d722fc8677f9cea5219a6,paper_b0bb506c29582306cc25
T3_CLAIM,2286,940,sfti_ad1ce6971d741805957d285d,cand_ac7fa9a7796f16303c6b3204,paper_1e8373c0fc60886c7495
T3_CLAIM,2286,941,sfti_415792b634991a840d8b90c6,cand_002fc7a0ad74cfe51d2b1c8a,paper_39426b4aef4770d93ed7
T3_CLAIM,2286,942,sfti_1d67f742bc77150c1cd1e2d0,cand_c055a939258110748b3be2c4,paper_672820ba66c7092900cd
T3_CLAIM,2286,943,sfti_36c3e7270f070656179efc2d,cand_b4de85d28d9defcd5843d297,paper_2816bab6cf493c5dae75
T3_CLAIM,2286,944,sfti_4d9337103e78b8a13cf64333,cand_5e1f3fb3a5c32046dd6c89d1,paper_ffd162dab133003ee535
T3_CLAIM,2286,945,sfti_93b925e0568b3b339d36304f,cand_53969727631b2d6cbb049890,paper_257eb54fddd85f451139
T3_CLAIM,2286,946,sfti_1f0c9b02a28e0a6a44a03f21,cand_a792449873cb3ca559ac94df,paper_97054b57472bb028ae26
T3_CLAIM,2286,947,sfti_d6ef98be49718f8866bd276a,cand_e9cb307611e8a462063f922f,paper_47cebef9e3b773142526
T3_CLAIM,2286,948,sfti_ebf653301b6939d326e929d3,cand_69ed2639c89cd8571076377d,paper_33df1a35a12b14084cbc
T3_CLAIM,2286,949,sfti_e817037c82bbb2218abd481d,cand_1eeaf81d06c9efe573b38c14,paper_0d68ecbef45f9fc8cf90
T3_CLAIM,2286,950,sfti_7d55444cae3fd0b29701d868,cand_d584fee502c409a015ad0b7a,paper_220a124e6cb07f9f4a46
T3_CLAIM,2286,951,sfti_923facdf2f70c5aa5bb0bf16,cand_25f9636c7f3d99412061d8d7,paper_a99200a23f30fc79e362
T3_CLAIM,2286,952,sfti_86761e5fbf569afcf72a13b0,cand_061cbc38ef2c2024c57a3814,paper_8ccd91a72bef8f3d8945
T3_CLAIM,2286,953,sfti_42333d0e3654eade5eed08ba,cand_0276a7de86021a1bb591c6f8,paper_d678f6fc8a4d5743f615
T3_CLAIM,2286,954,sfti_85b23697c3a1fbf4f6ca5ec7,cand_df47e782a3d9756936f0108b,paper_2b56bf1fad41ce819b04
T3_CLAIM,2286,955,sfti_497e4d56b4778a553fb01f0d,cand_7832a9c3ae6fb0883e6be277,paper_731b7c2ef2e17c9e721c
T3_CLAIM,2286,956,sfti_1c7e76065cf98f192de12c1c,cand_db50885cf95d12d1b92f382b,paper_52464a9d6f2e93910661
T3_CLAIM,2286,957,sfti_e61146df1ba39c824f6e4906,cand_35dfa22d66f638732aedd759,paper_dc139c5a1965f0979f7c
T3_CLAIM,2286,958,sfti_41746a97bfeea51418970854,cand_dc8c3a5aef4961665aa8f534,paper_3b2abe7e7bc9f7b43e93
T3_CLAIM,2286,959,sfti_599e2ae1038f648cda16b5eb,cand_d8b19601a44c5368a856fb8e,paper_370b9de0cafa2df70ca1
T3_CLAIM,2286,960,sfti_9c34167ceb02b2135e7969ed,cand_c71c0428e927bc48b978ae86,paper_8614d958b1fd56258652
T3_CLAIM,2286,961,sfti_d4f9dd55cd10e653fbf38c82,cand_1efc6ac809f7b68b0c0d4d0a,paper_79a8dbc19ba88ba81a45
T3_CLAIM,2286,962,sfti_6bfc8b8a6bb0d9f6434606e2,cand_85de3abaff198bc496f22b3d,paper_6a3930f614a5b0685194
T3_CLAIM,2286,963,sfti_f0cf0cdda6da9223c13d2236,cand_aa860e763c1859d4ac14af97,paper_4cbcef64f6b0ab42d544
T3_CLAIM,2286,964,sfti_6fe482c7c2ea97191df5ac55,cand_932a77f4645ccf216697e89f,paper_a389b43553e79e0d8400
T3_CLAIM,2286,965,sfti_459b242b96ac2f303895e8ae,cand_58945be94be55bc341c96bfa,paper_663c9861204cefb16aa6
T3_CLAIM,2286,966,sfti_9a2fdf915746f4564885d5f1,cand_fbaebdbbdb788246077fb94e,paper_edc47b2e1d89bd1d57c6
T3_CLAIM,2286,967,sfti_d5bcf637d9ad729652b0c131,cand_dc66fcca80cdcc9fd3cad5f9,paper_b818e1ab3266976a8db9
T3_CLAIM,2286,968,sfti_3187ef874d152a08c1f25296,cand_59d9033a155255d30da6d09c,paper_0e732bca591d02f4edb1
T3_CLAIM,2286,969,sfti_7247fe4fcdf6eb806b0f6cb6,cand_c7187abcd911cf04d4193ec5,paper_5117e27e180792a8db1b
T3_CLAIM,2286,970,sfti_d9c9883a4c84eb0d35e47769,cand_b45d32a8adc3da83e086d99b,paper_2d7ca05313fc6630b325
T3_CLAIM,2286,971,sfti_8c7716bd4d8b268ac30953b8,cand_ae8981005b6220f0f94509a6,paper_c332c59b62a7c6bc99db
T3_CLAIM,2286,972,sfti_b59c29e8db01aec42bc62cd0,cand_ab76a01a174323cee6c6c507,paper_a5f1e11de5f0448369f5
T3_CLAIM,2286,973,sfti_8d07aebd1081b4faf3227095,cand_f5203d43025b34c7e1d53bce,paper_3fa14c53e2d79e3ad20a
T3_CLAIM,2286,974,sfti_ca80e9cc9e6fe79971b57333,cand_9420369897576419346cd82a,paper_19623e79243d0cf49b1e
T3_CLAIM,2286,975,sfti_ab55b3c2c0aca89e72f323ef,cand_6cb13b86e46d2e57b82430ec,paper_3fd6b65e358d7c3c8e29
T3_CLAIM,2286,976,sfti_b7df4c38542662cae176cc86,cand_dd1ca5f9a5c5b022dbb416d0,paper_0c8fe79b1c0c17ae6ae2
T3_CLAIM,2286,977,sfti_116b571a704da570fd0e60cd,cand_133602bb473d71a75917f230,paper_cfd4f1c04166827fa544
T3_CLAIM,2286,978,sfti_57528217a0e0ebbe94c04879,cand_00feedfeeed62efd91949701,paper_053b92fbb32e346bfd2b
T3_CLAIM,2286,979,sfti_9ae288b170185a3b5a291e49,cand_11b25936b5aa6d6364118cbe,paper_9ed7e5dd2d19fdae47dd
T3_CLAIM,2286,980,sfti_9d815eccafbe7d5c50dd806b,cand_d026ad5e6f5408cc513cdc88,paper_214d06fafbe5b2033c31
T3_CLAIM,2286,981,sfti_7a66899d7db300f3fb8ecbd1,cand_f0c8ecbf79f5440f3e4b2c94,paper_60f2e60b844747fe802d
T3_CLAIM,2286,982,sfti_439581116011f6c9d6f52c46,cand_9599508b646f52bc89737ead,paper_711883789f83c2f2a3b5
T3_CLAIM,2286,983,sfti_3a113e386db43086bf432e6b,cand_b9c11e16dab374a90d8714ec,paper_be916dbf47bd1190bfac
T3_CLAIM,2286,984,sfti_88ce6d6155f140c8188a1ae7,cand_f23855a3b75029b11a648dc6,paper_d94c17d2124c8f2c2769
T3_CLAIM,2286,985,sfti_240cd9654e8043a7c4fbc8f6,cand_23f478fa3230a3b2d9e6cd4d,paper_c82a7cedff84b7d517ee
T3_CLAIM,2286,986,sfti_bf88ef523c74fff16118b4dc,cand_2ff152a43660097635a8e8ab,paper_67ab53de6e75a2a2f118
T3_CLAIM,2286,987,sfti_f98fa124c8e3b4748b1a0301,cand_1b6e0a64fb81b4b9c40e12fa,paper_00c54464ef9a21d1e80e
T3_CLAIM,2286,988,sfti_94df3838ef9d80a2b1fb6447,cand_35a15077896abf18659e4959,paper_7cbaf3a63f383f04f586
T3_CLAIM,2286,989,sfti_8075312b8540057a0d80ca25,cand_884217586a171c6737501604,paper_7bceba86105434cf9358
T3_CLAIM,2286,990,sfti_e89b60812285ffce80c9a407,cand_f2607ee92da63bba42ba02a9,paper_5a9b7e5a9f7c8c1ba166
T3_CLAIM,2286,991,sfti_4eabb077bdb09c9df16a20b7,cand_9e7f47bb87e73a46434a3543,paper_d4ec7d296adf27d47a89
T3_CLAIM,2286,992,sfti_bd3598c80d247415c14c90dd,cand_5a49d01f446771c545c6cd5b,paper_06f28f494ab4fc8cbfaf
T3_CLAIM,2286,993,sfti_31c21a2b6c372597851210d3,cand_b05e324a9503ac42b23b6f3c,paper_d9833886b4d05e7f2e35
T3_CLAIM,2286,994,sfti_accb6cd106ec529e947bff1c,cand_ec4a28c3648b4a64814c92e1,paper_875db547425c669c712f
T3_CLAIM,2286,995,sfti_36ecf4643bc12b01b8e0517f,cand_89973390c0300cc9983147e4,paper_03ff7e9def87a030b1a4
T3_CLAIM,2286,996,sfti_964a80d5bf0a0973952a09ae,cand_3cc95fbbd94d81b793e771fd,paper_93cdac17023edefbaae6
T3_CLAIM,2286,997,sfti_871a7d2e195518d48719be47,cand_6850d36ff8697f78f00e1bd2,paper_eace9548ec3b45812532
T3_CLAIM,2286,998,sfti_8d39e60753c2e7ecbb8b1c44,cand_57827c46eec68ecba8014297,paper_df08dd2519074eefbb90
T3_CLAIM,2286,999,sfti_737b457c6a91b1547fd33712,cand_b1be1fe49feab7cfaa6a5dc1,paper_69f7388134bb5baddc3c
T3_CLAIM,2286,1000,sfti_ad8b9445a8dd544c057d5a4c,cand_af26d689ba7344f113d29bd9,paper_75dbd75e4b029ba2987f
T3_CLAIM,2286,1001,sfti_03f1dc9c8a45f5c106a4c6ba,cand_ad86c544c67b060c79b78b94,paper_9698880edb2f1fbb0716
T3_CLAIM,2286,1002,sfti_57f6ea9dc05852bb1761e0e4,cand_ee16394a719b2b00e287d01d,paper_1d252e6c327bda31dd7e
T3_CLAIM,2286,1003,sfti_a69cbe8e9d949ac09d56860c,cand_87d9a283d2fa2a61d8727e48,paper_8bd9081f061e68e47e08
T3_CLAIM,2286,1004,sfti_42c5dd0896471d9ce1d5f699,cand_9aefdeac730bd238d4cf3898,paper_ffb77e56b0c059fd6ad0
T3_CLAIM,2286,1005,sfti_9fb81da9cc89886120b3a07c,cand_3b1171b9eec7a14a3f909741,paper_6dc8fab0b2f8787538a0
T3_CLAIM,2286,1006,sfti_ad7c8491816a8ec3ad2e9a60,cand_2418c9b925c02b8b52d8702f,paper_0e810425168608981150
T3_CLAIM,2286,1007,sfti_77b9204f07a0cb804cfc776e,cand_30ffed23290efc6be6b13767,paper_624171c350cd49226760
T3_CLAIM,2286,1008,sfti_9ae1ac34780d247c0232f959,cand_9c1eb16938a2775a38120a9a,paper_7cf2bb984eaacaed8b12
T3_CLAIM,2286,1009,sfti_2b47267da6a6229749144a4c,cand_6d82ffc541cd85d685113d4c,paper_7d9f28a4e6c574da1959
T3_CLAIM,2286,1010,sfti_2ceeae6477e1d93a3d3532df,cand_07bdb256c0456712f7f81bf8,paper_0b96938446e7a8a961b5
T3_CLAIM,2286,1011,sfti_00d8e34cba573f5e9950ff73,cand_218be15fe3021962a86d2f27,paper_70053fcb3f6c88094e0f
T3_CLAIM,2286,1012,sfti_46702995ae1a334f09babc11,cand_2a7bf626768a875d0e72c3c3,paper_3d0a6d6a13c05010a8e5
T3_CLAIM,2286,1013,sfti_a9c6f4b5a6fbb621aae5e467,cand_1d8140ba09b214d1bd7f3819,paper_85c49445cc84be9508d8
T3_CLAIM,2286,1014,sfti_19e704b1da04b3edfcf03b10,cand_523c58e1d95702aaf86fc83c,paper_431ab1e76408d8b002e7
T3_CLAIM,2286,1015,sfti_bf0e33fa84137f9ca278a998,cand_9a4dc893850ec3c8011972f0,paper_d7aa357dfb15c6a1e39d
T3_CLAIM,2286,1016,sfti_4e4ff23da67d0aae6c93cde0,cand_73f6ad9bf45131196c8b1992,paper_681211614a0b1ba376f9
T3_CLAIM,2286,1017,sfti_4c7913d198149122e8092c5f,cand_143ea99fc88ac75398404edf,paper_23bcd664444706dea015
T3_CLAIM,2286,1018,sfti_d8fb9cb512fdf4c01e9926b2,cand_ff29582d0479fe20d18dde29,paper_f8ac84f71b01d5decc8e
T3_CLAIM,2286,1019,sfti_9daab7b4eeb8610023a9b916,cand_21859393ea2ffa57253ba6e4,paper_16dbf623d307897aaef7
T3_CLAIM,2286,1020,sfti_d63c4f73f53233918f1b8ccc,cand_c563709f8d3a3a0c44ea67d6,paper_5e7136f9fee556336842
T3_CLAIM,2286,1021,sfti_2514c01d28fff70219f0719a,cand_0e555f0504201c49b3ce42fa,paper_b98a5e3ea66600840019
T3_CLAIM,2286,1022,sfti_2edc94449e526c29883a5a6f,cand_f87781b5c12fea694d7cfe76,paper_7ee211be810b2ec4f105
T3_CLAIM,2286,1023,sfti_e1e81325baac24b9a539f723,cand_acd910983f8025d5a037b9ae,paper_ff0974689a099cd63cd5
T3_CLAIM,2286,1024,sfti_f3254b9edcde84d1f70a082e,cand_303ec7e2ed427fb53db0076a,paper_9eca70ac9c66a0ecc684
T3_CLAIM,2286,1025,sfti_e878de9885a923f2f29fa13d,cand_c8cddd0cdf4ee6cd20b9dcb9,paper_7aed1b3cc943a6faf148
T3_CLAIM,2286,1026,sfti_f57566834ab23cd1dd006572,cand_9c860791d574410db366150a,paper_bd3299bd8d04dbc1f635
T3_CLAIM,2286,1027,sfti_2dec1a64aba497cce38ee3d9,cand_fd86c0dd0775a5c47785526e,paper_7c9969be007d847e2a5b
T3_CLAIM,2286,1028,sfti_2521aae475f4f5cd54ea7ef3,cand_59b84db427fb4f2dd933ab48,paper_f656dadd65e5d8d9c09c
T3_CLAIM,2286,1029,sfti_b503b20e800eee6bfab3e600,cand_2a6ee1e87991d4173c954760,paper_3c32c12bfdc4fe56f015
T3_CLAIM,2286,1030,sfti_2fc305f4ce53447ac256f0ad,cand_2c891cd3639e11979d3306e6,paper_344dbfc5c5b168e02b55
T3_CLAIM,2286,1031,sfti_ed79c9d42538a712617d3197,cand_a7a8f8f6b4e207087cc2b39c,paper_86eceedcfd0d5b078898
T3_CLAIM,2286,1032,sfti_940adc943c3721a178256003,cand_7988e70490139cd9b8589161,paper_7240b6122ecd6cc368da
T3_CLAIM,2286,1033,sfti_f25d3585afe0d0e885a285e9,cand_67fab2f5e2be6863f16dcced,paper_e072120be00c97a29167
T3_CLAIM,2286,1034,sfti_7151a31ca664e8ecbeb0273b,cand_9070b7bba52cb00dc444c04e,paper_7d74f52644d513698ed3
T3_CLAIM,2286,1035,sfti_3e22deded4e25818700bab32,cand_a184bfb9f0c9fc2623d7b6a4,paper_b1be9d9c2235573dcd95
T3_CLAIM,2286,1036,sfti_d9d9130ac25d54a7407795f9,cand_9de9f7cc9e7aa041b09cedb8,paper_c43d2e0914f15b4a70e7
T3_CLAIM,2286,1037,sfti_60a8965154e451e598330c0b,cand_3b1e76d94fe22097f365780b,paper_c24dcbeeaf0e0de9dae1
T3_CLAIM,2286,1038,sfti_90ef828283141198f71225a4,cand_e149fcf22a24ec7a1a874a9e,paper_a568110ddfe8b61d62ce
T3_CLAIM,2286,1039,sfti_45ba1487044ef7c5207af86f,cand_a8a071e130c7040689985d96,paper_a15261b81ed3632a5f9e
T3_CLAIM,2286,1040,sfti_7a79cf3060b78d787af72b3b,cand_ea588f6b3b09fd8ccb9038c2,paper_4f56eb43f6a9f68765d6
T3_CLAIM,2286,1041,sfti_e69a0fbb27f04838b3e0feed,cand_c9eae996a7757486146d24a3,paper_87a2bed7ebe05c31f7bc
T3_CLAIM,2286,1042,sfti_f859448743331e37f4b8ef4e,cand_5dcf2b5a44434295c15df49c,paper_5d1d17020e2f0bfca95b
T3_CLAIM,2286,1043,sfti_87128c6ee1c7ae18ee952170,cand_2b8ef349fc2478192e9b0ee6,paper_1c21e07003a6a2ace85f
T3_CLAIM,2286,1044,sfti_f9e61eb5d2656710cece3b28,cand_26792d97eb5848e1c0f21f2e,paper_6ba850a9ab17db2dae58
T3_CLAIM,2286,1045,sfti_38c488124b39f42dee344baf,cand_f95a93a4dd667132418e8f99,paper_d4cdccfc8cc1d77cc1ce
T3_CLAIM,2286,1046,sfti_540fb6e13297b440356a0bb3,cand_81ba7b569eaed4becf08c581,paper_89fda2b1fae52af29ea2
T3_CLAIM,2286,1047,sfti_f922cef4367490c27570a328,cand_e7500acaaaf4199f9384433d,paper_5d18114bbf040e836670
T3_CLAIM,2286,1048,sfti_d612e945051a21f131fa8865,cand_fe4b472eebdadbae65a5c3b2,paper_8c08bcd6a22c0c9d7824
T3_CLAIM,2286,1049,sfti_05987516e9ca4d4552f2ee9a,cand_50802ff9cfb488ac9265418b,paper_f958223ca2563b6c2ee0
T3_CLAIM,2286,1050,sfti_14af49b5f637cab246e1b0d5,cand_3e93617ad691a70e7dfac5b2,paper_6937cc47e2b2f2fc2447
T3_CLAIM,2286,1051,sfti_eab7c8f36cce1219abb43994,cand_6d741548907bbabf44b253a0,paper_70a33f00de4d371b40b6
T3_CLAIM,2286,1052,sfti_27dd8d964a5cc263836ee7f0,cand_4e537cc9e7923f77339c4fc8,paper_9ecf94b62655b1c23adb
T3_CLAIM,2286,1053,sfti_cc34e1dd903761407b540fc8,cand_77d632f835d41642c2d7da9e,paper_26adb28c631c5b0f11a0
T3_CLAIM,2286,1054,sfti_1b1a9b3ce6cfaba23e56aabf,cand_e2e22a511d9eea548f560287,paper_8691c723d50c80ac5bef
T3_CLAIM,2286,1055,sfti_717f6aa1f24e7e17cafcdf94,cand_020c11f79121f7d410b195b2,paper_4f264f36aaa27725d764
T3_CLAIM,2286,1056,sfti_b9a4dd0fd56c2146c2a26a58,cand_ac92542f675351a4de3e7d3b,paper_87be139223c2bd606a81
T3_CLAIM,2286,1057,sfti_e3f389f477a29529890fc6fb,cand_263d0585c128d1e5b8f901a6,paper_f58eacffb09f17790ad5
T3_CLAIM,2286,1058,sfti_633d15d5af108a7430d6cd33,cand_350fce525bc6529c74ac5dc9,paper_97d1708d31f33264aac8
T3_CLAIM,2286,1059,sfti_357952b0b545d7b684a376a5,cand_421bbf8d8f7326f2aae2c3d0,paper_5082f5a8326bb484965e
T3_CLAIM,2286,1060,sfti_9a9262e82164e52e3724dee2,cand_86222c35aa562c3d2e9dd26c,paper_8dfa0b3f4e18b1fd10c2
T3_CLAIM,2286,1061,sfti_8b1aaef784dce705fe220d85,cand_15076e4eae32bb06a0eb18f4,paper_95388a63f2873845bd78
T3_CLAIM,2286,1062,sfti_836d2e43539ec8be92bc854c,cand_3fb5462e9424d27dba0b5b45,paper_a26f7bca44a5957af749
T3_CLAIM,2286,1063,sfti_5e6346ca0fb3c89433dee9ad,cand_20793784040dfdac4b825e7e,paper_767cf025ca3c15e068b9
T3_CLAIM,2286,1064,sfti_24a746ffaed5b6158d953b5b,cand_078b52fc5700c39c5e89896d,paper_3f7b8d5f291072c7e8ae
T3_CLAIM,2286,1065,sfti_8ca048b599fb2a51f97d44bc,cand_b108c110edf10eb15fed8c99,paper_8dc8785106d0600e3d72
T3_CLAIM,2286,1066,sfti_a722d369fb939d784312094b,cand_769facf00b847da6957f4414,paper_188b3bda72749a082373
T3_CLAIM,2286,1067,sfti_1822a209ccae1b6f9e426d32,cand_84179e25c8189b08d908301a,paper_ad00811f68d163562037
T3_CLAIM,2286,1068,sfti_ebfe24438eb79694bc0b7726,cand_125e7f8857243a7e5e0598b2,paper_75028984950c883d55ee
T3_CLAIM,2286,1069,sfti_f882a3f6dff22ce2c81546c0,cand_68db8cf4301d1d42331f009d,paper_f3afec6e13796b766325
T3_CLAIM,2286,1070,sfti_a9abe5039bf68ea641e7b46e,cand_59390d223ec05e701328a843,paper_a94d2ad962132cfd24cc
T3_CLAIM,2286,1071,sfti_3e5bf354a85d09944cbd8d5c,cand_ae603bf916d325f0376988e1,paper_55e8712d400de9b048dd
T3_CLAIM,2286,1072,sfti_b8ae5885e50b973c313a7a07,cand_6230ca81a263fbcd55bddfb2,paper_d29c71e3e69f4f648307
T3_CLAIM,2286,1073,sfti_51f539276d095cb92e5bede3,cand_08c6b9580f8e1281de5f3022,paper_e5e8bbddbeb6098efad0
T3_CLAIM,2286,1074,sfti_9c4bfd9f4d0bfd3aab5730ef,cand_25aaca6eac0f736b70b95ce4,paper_6506f43e232d65d21441
T3_CLAIM,2286,1075,sfti_78ba11ae05b59ad108b52a3c,cand_8cb02ac188376fd746d57b03,paper_b25069bc6310cf49e623
T3_CLAIM,2286,1076,sfti_f6a2b65ae8c3da71d2368871,cand_af021b3284e3f8b127664e02,paper_6d2c20d9a4b4a6edade7
T3_CLAIM,2286,1077,sfti_9a6bf23c174606121035f328,cand_ea3551fc75b662663777fc33,paper_18308881e9c3b18abbd2
T3_CLAIM,2286,1078,sfti_248cd9010b240a215b24d324,cand_7447edc20b0fd310c50e0879,paper_b85cbfed3a7df0f91bff
T3_CLAIM,2286,1079,sfti_ac0d9e8ab938907ff51bcd15,cand_b7d8051cecc15cb1f071df0e,paper_e365b2946291c86625f8
T3_CLAIM,2286,1080,sfti_66da68706382cd8cff182cf1,cand_78a9019e5703655093198ded,paper_3ad4c97acce29985ea25
T3_CLAIM,2286,1081,sfti_1fd553dbceaf2993314a959b,cand_b11b9a116385f7bab5697e52,paper_915e8135f2cd2d3c8c56
T3_CLAIM,2286,1082,sfti_eb2db424bb1f1ed653f1848e,cand_7c308a1551ddcc949c7d9d6b,paper_336f39b2c3d001757e43
T3_CLAIM,2286,1083,sfti_e8ba0af095dcbe676a43a98f,cand_9ee5f8359344fe88cfd47172,paper_480ef6f63ad202e0de3b
T3_CLAIM,2286,1084,sfti_0be132f87a21ad868be963d6,cand_b512ae5bce7eab842529da08,paper_d0cda66392b22526445e
T3_CLAIM,2286,1085,sfti_fe8827dd21cfeaa639ccc268,cand_aa5c3cdc3e0045d14232690c,paper_0e8628887f1d22aeb17d
T3_CLAIM,2286,1086,sfti_6cea6cba65ed54ca77878050,cand_244b26a27696f757ef6eb5b8,paper_1167812faa33b036641b
T3_CLAIM,2286,1087,sfti_7bcb5c95338fe33e7628d928,cand_0cd665c61e4375e4ad4ccfe0,paper_713279ab4825df51d201
T3_CLAIM,2286,1088,sfti_54d70eb96c6f59077d0ee2bd,cand_bc67cca2de08d824e4407127,paper_4414623e6a5fc13f5979
T3_CLAIM,2286,1089,sfti_8a5235f19785efb05e12ceef,cand_589dc733e69259acc31b9998,paper_a2eacde7fcf945fa8df6
T3_CLAIM,2286,1090,sfti_1bfcb2d0916f0ec284b07861,cand_3ca280b730c82953bc50b77e,paper_ad6c3aa9145b1a08c543
T3_CLAIM,2286,1091,sfti_65f3592a96064fae23f64126,cand_dea13795d0a59f79e10f5b95,paper_963a69cfb2dd14d59cfb
T3_CLAIM,2286,1092,sfti_88cdf750d3498fbcbf1b2975,cand_492738b44e26c76d1fe88d2c,paper_46fe22a95d6bd3b48195
T3_CLAIM,2286,1093,sfti_023e3f0f3f43f1b285e4905e,cand_038124bc706952ed09cba481,paper_67f4876ffc226b423149
T3_CLAIM,2286,1094,sfti_161bb74265b85a468505b7c3,cand_b16e570efa30f57f1ee18a44,paper_4a02daf09222671bb343
T3_CLAIM,2286,1095,sfti_897f5fb4caeed05bc35744ec,cand_7ee51cf0725a8ba59e59d0a8,paper_2018ada7d8a5bf4f51a9
T3_CLAIM,2286,1096,sfti_ef868dc7762f507733533e45,cand_06de1fafc4d521f3d05a5028,paper_9a0a6ddc3ec36d638255
T3_CLAIM,2286,1097,sfti_645016406d91bf11e8104bd3,cand_f3d3759d0b574fbdc7fa1ecd,paper_493fb857dd45cdb882e0
T3_CLAIM,2286,1098,sfti_600ff8d9286fd783eb012d09,cand_5c638cd2e332df31b886d168,paper_48fe6515d531f9067495
T3_CLAIM,2286,1099,sfti_98a514d57218a87c175e4dc7,cand_286f34e63677402c6632257a,paper_83ca826490ae45e8980a
T3_CLAIM,2286,1100,sfti_cb9393c3cabfebf9aaf331bb,cand_051d74b1a9ddf6b4ad609d4f,paper_a15d6db1e341ca841faa
T3_CLAIM,2286,1101,sfti_01d7a53934c14081db49ff9a,cand_e6b6b4ca04667d7f15b9e69e,paper_2a6a270bb59934ec3ff6
T3_CLAIM,2286,1102,sfti_f22d98de02bcd84867edd418,cand_766b323b2cf791fca7ddd7b0,paper_cc76a19258ed00e477ce
T3_CLAIM,2286,1103,sfti_e7ab955ca66fb6bd863e645b,cand_7562665b4d3cbb905ce7de0e,paper_dd072c7a9a4eb901d770
T3_CLAIM,2286,1104,sfti_2bd8434d938563505bd99b0a,cand_927a228e5f9cc43ffdf39a53,paper_2990213101a302c6829d
T3_CLAIM,2286,1105,sfti_44ac8528e79002c886ad26d6,cand_25cd95c8f0b30f09d4254cee,paper_117c93c9f01087aa7a3e
T3_CLAIM,2286,1106,sfti_8c3fc28979cce86fca0742d0,cand_622129100b93f07c1f09f8cf,paper_663f877088137c6164e3
T3_CLAIM,2286,1107,sfti_9c067a7a9d9b4e7ce019dcbe,cand_d68a87cbd237c0c19fa5fec4,paper_97a174f50fd3871256b8
T3_CLAIM,2286,1108,sfti_fa98bd70d5bc14e4e1970527,cand_dbf14f65f61b41d82879a05c,paper_05c1d1848050b0570ab8
T3_CLAIM,2286,1109,sfti_f9bb4636c11a105b2536c464,cand_448fc5c89e3cc3424cf7d673,paper_32f9f4fea8cbf3bf5a54
T3_CLAIM,2286,1110,sfti_b0bd97315d6dc1c032ceca7b,cand_8af8929b9ca4226cd07c5db3,paper_80494a124ca2656927e6
T3_CLAIM,2286,1111,sfti_d3e06b10dac337ddb1882566,cand_f8f5ad10667e614087df050d,paper_890ef2be2fd45f1127d6
T3_CLAIM,2286,1112,sfti_cde01a6a9cee14cd04fc7127,cand_d5e1070046e9588622b25f03,paper_b0e9eb2848ba1c224022
T3_CLAIM,2286,1113,sfti_0faa98cc4302c46891938f87,cand_f726f179eb91c527eda16035,paper_7aff078d2e9781c2b640
T3_CLAIM,2286,1114,sfti_4114ee1386a61f3ef24c0821,cand_b73e652a393e20e5129a88b0,paper_e1a9ba013944aad3196e
T3_CLAIM,2286,1115,sfti_dd94c1ffd023f81d641fd775,cand_c89463eae829ddf8a182056a,paper_a18c3e1dd508021eeb67
T3_CLAIM,2286,1116,sfti_8631f68955d0f5f65579e498,cand_395a61c23c7814ef570b5f81,paper_98b22e436f52b6233975
T3_CLAIM,2286,1117,sfti_5fddd9f018ac0cd3e9e63374,cand_06c79b1e9074556e52788ff2,paper_b1cf5c1ae7bd5bb2f927
T3_CLAIM,2286,1118,sfti_0a7af80f37f1ccccf81af696,cand_c320bf4798f316a83e4937b7,paper_1718c709beef596baf15
T3_CLAIM,2286,1119,sfti_4c19d53fc9ee89a958155a86,cand_79544b14507776c3b117e090,paper_fcd41940e6c1c398ce6e
T3_CLAIM,2286,1120,sfti_113b662db2ee7a50e26cac91,cand_2edf19e82c2d05d5d3261374,paper_8fffa7755c947f926f25
T3_CLAIM,2286,1121,sfti_8e970ac3c21a72108df7fd09,cand_42fb2b1c71878c76ffa02b98,paper_d6098e7c24a35a215597
T3_CLAIM,2286,1122,sfti_34563e39f8b80066a5282319,cand_c4ddd572ed43c6c9fd446096,paper_a3eefdee2e6756587843
T3_CLAIM,2286,1123,sfti_30a1ff90fe5223c4c2bd7c44,cand_91644e792f9fdc3e79e2ef3d,paper_b77b159f8f12131d26af
T3_CLAIM,2286,1124,sfti_a2f5cccf94125496fa626cf6,cand_808976f49241d61934803e94,paper_ed51e9d5b91c7ad9308f
T3_CLAIM,2286,1125,sfti_5a707871b34d0baa2ee52c90,cand_b6c00e46d5bcd3635a199373,paper_67304a9245b9d6c41626
T3_CLAIM,2286,1126,sfti_5e93aa8d0a75e18cd9c42083,cand_8bb311220296824f501e5abb,paper_c98ae0a78fde0cd2da77
T3_CLAIM,2286,1127,sfti_8a26579b943b5e87b050809c,cand_9d922e86d9fc4fa9871dd86f,paper_60859c18d1b677dfeea1
T3_CLAIM,2286,1128,sfti_ef50da09f0e8359fcf68d780,cand_61e7459afe3e2a328b6a2bed,paper_3992d40727ba7f0c80ba
T3_CLAIM,2286,1129,sfti_364d551fd9d5b45f3a0d8b23,cand_a682451b7c2ec45cb051ea39,paper_e3a1a7befb994dcb7e6a
T3_CLAIM,2286,1130,sfti_61ccc538a53935c42467b07c,cand_b8ee5671a546456739e7575c,paper_dae165a535b6dc4f98ae
T3_CLAIM,2286,1131,sfti_84d39e7aa2ac786ac8a074d8,cand_63658e13b552f3fd4f71d642,paper_040aee36b3fa8790d5c8
T3_CLAIM,2286,1132,sfti_0763c85869bc6f1c9f551c62,cand_c8863f73419d81ed861c110e,paper_b32b648f3c2ffeaead45
T3_CLAIM,2286,1133,sfti_5185ac6d2cd82eeea7613c34,cand_3e89dedabfed3d3feef2fd2c,paper_64dfa37a81a06fd96980
T3_CLAIM,2286,1134,sfti_f6c463335260f9ae9bedc128,cand_e6e85bf3c22a1dc3f066442a,paper_bc82aaaf60e66f5468da
T3_CLAIM,2286,1135,sfti_78bcdc0719e706cbc673ccee,cand_35d5379794a89b4e5b1b390a,paper_3e108b41eee96bc84a73
T3_CLAIM,2286,1136,sfti_47e56585a93f81128b809d73,cand_057e1ca3738715f1fdf6cd9e,paper_2a4574fae96e087c2a6b
T3_CLAIM,2286,1137,sfti_1cde4ed03d9d5d3ab5b32239,cand_af83962267885803b3b51d67,paper_1e45d661065122156bca
T3_CLAIM,2286,1138,sfti_13a444fdf75b50f2f84d201d,cand_f17e35b419f88af6bb6482a1,paper_62d201305fdcd3046947
T3_CLAIM,2286,1139,sfti_3670fb2c45ad902650ce4a9e,cand_d921f0dca5b82faace81fcec,paper_04e78ff55c7a3c70cd95
T3_CLAIM,2286,1140,sfti_86d92088daaa1c51623e06cd,cand_0c7d8fe552be24f3ae7ef29a,paper_356f10d0ab2550ac5a9f
T3_CLAIM,2286,1141,sfti_557f1ead6fb8ef16750c7ad3,cand_34f942878aff17a5f64ec208,paper_36163f27241605cac35e
T3_CLAIM,2286,1142,sfti_911608099758953c3df631f9,cand_4b45fd631fce9f914098e93f,paper_c35f24f154d422c07108
T3_CLAIM,2286,1143,sfti_88a99d3de1d8e65bc6fc3d71,cand_d9d6d16e3648eb87e7251eb6,paper_b01d11615f92368273dd
T3_CLAIM,2286,1144,sfti_8415a09832dd449075fe2dd8,cand_c64b56f92f16d4d593244ba0,paper_a7dd1f40e84491df9e74
T3_CLAIM,2286,1145,sfti_0973ee7bf15d8bb2d91fb87a,cand_8f509840fcde3ffa71c5a2cb,paper_24876507fe1792361408
T3_CLAIM,2286,1146,sfti_7824eecf6404f9bd4627629b,cand_127062b3db81e268ae1e86cd,paper_e6eb31e0c696987f6709
T3_CLAIM,2286,1147,sfti_c8361cbb57bfaf3f19e629bd,cand_45e894163ab3d776ac89b253,paper_1f775b57bd412a071844
T3_CLAIM,2286,1148,sfti_761e16cb587637bcad6a9344,cand_2994d3faf380d4f0feed551b,paper_e0bc38afddebf5979ec5
T3_CLAIM,2286,1149,sfti_7b1712d455f49cfb954e88bd,cand_c4af8a805371123ba18f155f,paper_ce1163eb5c6947b3d79a
T3_CLAIM,2286,1150,sfti_8741b6a32f5a15d54ec20b41,cand_ab2fa875362179743f38ee24,paper_8e8402c0398073de8559
T3_CLAIM,2286,1151,sfti_1a77d92d524c02e49c06a6b9,cand_98845fd802064aab79d5da93,paper_27cb55815739afd98af7
T3_CLAIM,2286,1152,sfti_deef40baa680cf2bc1db8f07,cand_5cf93a465f402d3f214f2fa7,paper_2632347fc19d40ee9b79
T3_CLAIM,2286,1153,sfti_295a26fd439fee355e98f388,cand_74473c9b9d957421c55e0694,paper_0a926d479528ed19bc99
T3_CLAIM,2286,1154,sfti_7471e7cb105ea7535c2b1fa4,cand_c1b49fcab3293090bed25bac,paper_5e71c72f7a5dc52b2892
T3_CLAIM,2286,1155,sfti_4971f3e17da1433396f28cb8,cand_d154c21988d880c56c6da6a9,paper_87f3d7eccc9ceb06ff2f
T3_CLAIM,2286,1156,sfti_2d5d674605898dc2f23bcb39,cand_fad8406b325562a2e572a671,paper_46020a24db82d64c0fdd
T3_CLAIM,2286,1157,sfti_56a4e7c645fc79aafd7abaf6,cand_2e08beabc9a51f925f16912c,paper_5011fcd87c855c7b431d
T3_CLAIM,2286,1158,sfti_33235e59ea6676ab9390d2a1,cand_9ec1391e1145ea9ab0ddf541,paper_7dae2f2b5c43ce9aef0e
T3_CLAIM,2286,1159,sfti_b0ef7ebb00d2b137725b6e8d,cand_3cbdbcecbe24e5c4d7d63979,paper_c0fbf7e54518e5b9cde9
T3_CLAIM,2286,1160,sfti_c1e32667c2b593fa2aa57da7,cand_dbcc6088f5510aee4bb3f88c,paper_254433e21b7170b6b83a
T3_CLAIM,2286,1161,sfti_52f5a2ad3302a56ca0fcd3ba,cand_1f5422bdea8153725a562fce,paper_369353ad961a699d2837
T3_CLAIM,2286,1162,sfti_d03ab06e4a0f6843578a9db4,cand_f3df5bf7051e8219ba4d5108,paper_cc9ed1f379259d9c2e94
T3_CLAIM,2286,1163,sfti_be1a0fd8f508f89dcbc60f70,cand_9b4fb64c1974a3fad14be4bb,paper_a9dd875727810e20e480
T3_CLAIM,2286,1164,sfti_514cf3fa3ed1608e7c842e35,cand_a7396815b46256dc8f62dbc4,paper_d1664d57746a7f6eaf35
T3_CLAIM,2286,1165,sfti_56eb8133788fb9c7cc99be29,cand_5bd42f1ac449fbcbce61e16a,paper_890343a4524e020964d0
T3_CLAIM,2286,1166,sfti_1eede9728fa95748075151a9,cand_8a90daa91596a222c4ea93c8,paper_19d6d130654a2931c231
T3_CLAIM,2286,1167,sfti_3e7042244b57dfffdfd58ca1,cand_6e0f6196fa120ce908c6d385,paper_664bbbd2927cf5a8c793
T3_CLAIM,2286,1168,sfti_638d31bbcc559d5fe7acda89,cand_5d204ea134e388a06c4bc761,paper_46e8f97f2081552de5f7
T3_CLAIM,2286,1169,sfti_c0b8693b4f54b42cb7c4c1aa,cand_afd9d9759884dd71b91a780c,paper_80a68f160df4694a78e4
T3_CLAIM,2286,1170,sfti_8b853f137b26432755b2682c,cand_755f984d9f08a69c9c8d04e9,paper_a33d69153b85c02028d9
T3_CLAIM,2286,1171,sfti_b427c47820d101e2b3e51023,cand_3f2dca0ee72b6b7c066cefa0,paper_bea3698e1259b05a513f
T3_CLAIM,2286,1172,sfti_e4419845f6f55dfbe0080ccb,cand_99c0e828888802abb54c8cb8,paper_b00d47de8a46a6c79806
T3_CLAIM,2286,1173,sfti_3894dfee57bab9dd8bbffac7,cand_afbb182ea6168ef5997128e9,paper_58ff33777204f4c8bb8c
T3_CLAIM,2286,1174,sfti_c160e01eaa25b604232a2a1e,cand_680fcdcb0d10d0cf6bc8a283,paper_e3d8928cee28521c5c57
T3_CLAIM,2286,1175,sfti_da804498e7255423b3c65d67,cand_6cfbf07107375bb53f1ff778,paper_0ac30fd051865b2ea76e
T3_CLAIM,2286,1176,sfti_6101f0d20b39f642855ef8d1,cand_a180c214cf726258b8f98f7d,paper_bf328a6639cdd954adfc
T3_CLAIM,2286,1177,sfti_e4ac9e71541d8e60c35b033a,cand_0ea27565e1cc866173f08e58,paper_15fe252af04f747cd417
T3_CLAIM,2286,1178,sfti_9d7aeab4eb6dae9768311cd5,cand_e8e88322ec92fb0448883e32,paper_81aa2b919d1c92a07a7d
T3_CLAIM,2286,1179,sfti_104bbc83cdbf400492a394e1,cand_a89b2ac914a1ecb0ed4f7d2b,paper_927858d424e2b9cea9ba
T3_CLAIM,2286,1180,sfti_55a3e84bcca3aa7be6c47f88,cand_eed92aa2eec634a8948c9cc6,paper_16e3b97c39963ad0d408
T3_CLAIM,2286,1181,sfti_fa8d39a59862cef616e7baf3,cand_e410e328648b0fe3e8ef3223,paper_31cf168c71255530e973
T3_CLAIM,2286,1182,sfti_464f89beebe5b88c41364f8c,cand_ebfccc67c5cda8134f4c3bd3,paper_b8edc7930b5c5f8e22f4
T3_CLAIM,2286,1183,sfti_da2825ac3ed7c655b0b040fc,cand_7791491dbb4bf7a6d8d5dff9,paper_e0541593a359d8a87a28
T3_CLAIM,2286,1184,sfti_90e881d3c87b0b0c8d8a7f5b,cand_9d4ee22588e017f8fadf5ddc,paper_f913304731279218e7c3
T3_CLAIM,2286,1185,sfti_730af140b3599735f52084d0,cand_8cc0966a771b1b43af9e4aef,paper_feb0bfac9268de917c23
T3_CLAIM,2286,1186,sfti_e4922f05ff6afa13f05e6a43,cand_23ce02221d17e3cc40f5cc3f,paper_1929f7cd87eef5deef5a
T3_CLAIM,2286,1187,sfti_67f24cb09873f228b0de47d5,cand_0cfb191a7b3d99c73d51332d,paper_df87e85f2ad904ecb786
T3_CLAIM,2286,1188,sfti_8141bfc9e56de7c1dbfba155,cand_fba36247f966ba301fa5d467,paper_029eab9034ce84cdbecb
T3_CLAIM,2286,1189,sfti_4c36043f38e3f66846e8b62c,cand_f9e5b417790e1a500d4fc71b,paper_8dc5c333e1321b1487f5
T3_CLAIM,2286,1190,sfti_6c2752ef19f3abde83257c3b,cand_db02e378a0f6dcc8b0f8dd90,paper_39e9d11387f6c55d1652
T3_CLAIM,2286,1191,sfti_cfebe6fd56e1facdca8a0712,cand_ceb8f117a11212dc7c0b1ddd,paper_f70c8739c330b884890d
T3_CLAIM,2286,1192,sfti_0eeff73b6333d42db0a76d03,cand_acf594bb914c65d7ca9da8eb,paper_cd430a12c79af147592a
T3_CLAIM,2286,1193,sfti_443267ea19b7613d2a134913,cand_1cc728250e55eef8f6356193,paper_2fb2efaeb9b40547dbba
T3_CLAIM,2286,1194,sfti_58cbe514f11a8587273085ba,cand_95849d89fe62831520308de5,paper_44bc96df746b0dabdfc1
T3_CLAIM,2286,1195,sfti_7bdae5237a4ea20b973b25db,cand_c0f6fbaac71660fbc1fb14a1,paper_16f52298d6daf40db176
T3_CLAIM,2286,1196,sfti_9c7ed82f2c853e2e02574751,cand_71645f591aba82ab23143ae9,paper_c8ae2c8db4e9cbb06f0f
T3_CLAIM,2286,1197,sfti_c02ba3c30b95c063e3c3b79f,cand_9bfe9a2189d12a6163ae0c76,paper_73576f4bbe0b9bcc0958
T3_CLAIM,2286,1198,sfti_7640e798b329f16ada654442,cand_db551b3aa999fd7af0f7a660,paper_c7f4c59a783a734322b2
T3_CLAIM,2286,1199,sfti_f0cae35d66a9e7b8b4b0005b,cand_7014a417c457f7cb2bcf5400,paper_1a1142f66516739f76d7
T3_CLAIM,2286,1200,sfti_6344eb318b5e39f4e06aa319,cand_c8b6ed2bd6a1dfcc5a00b7c5,paper_4df470ebcfb07bebccac
T3_CLAIM,2286,1201,sfti_2d2734d681409bb83311ddab,cand_d6b0f87f122badc0b79579e8,paper_dd00a6ebc17bdfcae203
T3_CLAIM,2286,1202,sfti_c4ffd20ff2d8a4e2141d326d,cand_bc3e1ffd3a715f5aea3c9753,paper_059fc5b9c39e4fc7ea23
T3_CLAIM,2286,1203,sfti_ae803444f154cb6be935ff42,cand_7012d77beea4654772317e47,paper_2a77513d8432605df47a
T3_CLAIM,2286,1204,sfti_9b3cb0538f162a0021a0cfe8,cand_a200502420fc99c65a22a8f5,paper_89ea92aa5842a2c088a5
T3_CLAIM,2286,1205,sfti_8f333cb95576826a02cad60b,cand_3de714787cb61ab5553e1e5e,paper_654a44c8e94205f86a24
T3_CLAIM,2286,1206,sfti_64ca7172c783612a0a69c639,cand_4794cc58a5d13cecba5e4bb8,paper_14587ed0f5bdfc1a50ee
T3_CLAIM,2286,1207,sfti_f629ed006d72b0fe94893d96,cand_af0fc5362e72ead91c2421ee,paper_8a5acc89d7b1cbb5da6a
T3_CLAIM,2286,1208,sfti_c50aa2418dd6586c692ab925,cand_42dfa49b3c72c76e5170fb4e,paper_d5d65745a63e07efd9af
T3_CLAIM,2286,1209,sfti_04ccb6dffe077c7652a7b873,cand_82429d0db9f7d91135acc95e,paper_3d161fef9d71e18b98ab
T3_CLAIM,2286,1210,sfti_0a3a925364261888cd323f86,cand_54b80ac83abc26e7da91c392,paper_3b52b2355f8e01112a03
T3_CLAIM,2286,1211,sfti_9298569d3a98c74b0c703f23,cand_c5840d4d13fc30ad83dfe5c9,paper_6445b8c71cfc27098a19
T3_CLAIM,2286,1212,sfti_d75cb6a43fdac8944477c5cb,cand_db03a008c6ee7f3f88ec0ee7,paper_b9e7a7fc983610a94d2a
T3_CLAIM,2286,1213,sfti_808c6941618d8797cef60825,cand_8015f0c449e5a0daa51e305f,paper_c84490476cf833bb6ee5
T3_CLAIM,2286,1214,sfti_bf3c74d94149efceaf0e923d,cand_8b4048dc4973389a9fe2ab95,paper_b2d1155ad3ce1f678145
T3_CLAIM,2286,1215,sfti_59aab8a39096d7332b9d8234,cand_47877d64e7d3b2dd1a46d4e7,paper_e5334460cd55c6892d27
T3_CLAIM,2286,1216,sfti_39597cd630c512cb644e4e1e,cand_4af999ba6feaa04d69d143ed,paper_acef42607abe11ef888b
T3_CLAIM,2286,1217,sfti_db39ffb43f39105cfa3cb940,cand_d0e2d6cdd45f8e8959ca2aa7,paper_4095b334fa6e74b81f84
T3_CLAIM,2286,1218,sfti_2568c48035b017312280ae31,cand_bf6899f382e16c594c2e83fc,paper_a87575ab3689cf227d88
T3_CLAIM,2286,1219,sfti_b39a11b49062e4049320a587,cand_59114efd5415031471917406,paper_33d29fa4c709b83e9173
T3_CLAIM,2286,1220,sfti_2429eb83968f05f03eff953e,cand_9cae5b10a5fe91db363238c3,paper_4dc2eadc3749a7660e20
T3_CLAIM,2286,1221,sfti_13d90d9d5484fa66d178f827,cand_92aedb68d8e8c7a18142648a,paper_1af66e18c3f897d2957f
T3_CLAIM,2286,1222,sfti_07564ab16b5b6e0a5dff8f23,cand_9d8bee58280eaa622ec36ccc,paper_ff210780ebf46f6c43d7
T3_CLAIM,2286,1223,sfti_2339221cd181c11b6e48112d,cand_7cca57b52d13e6eed18a9ef9,paper_e794729eb1562a4b7f3a
T3_CLAIM,2286,1224,sfti_2569f0471c7fcf4cc74adf7f,cand_3e3034ff90eacccf9b825463,paper_55b4b2bdafbd819c7d8a
T3_CLAIM,2286,1225,sfti_1f5210478e4d6f0a27021d4a,cand_b71030785850b5a788e9e06f,paper_d29d84f63443160ab720
T3_CLAIM,2286,1226,sfti_662545b18237ebb07d63f621,cand_488dd7c54d4935d6e42502cf,paper_a10b7a021d06c267c421
T3_CLAIM,2286,1227,sfti_cae502e31368202de2edbcac,cand_0f9af0d0888397415853fbd7,paper_fda3c6da82b26c4d290c
T3_CLAIM,2286,1228,sfti_879816b23cbd88af6d573211,cand_5c19b140835a0a28d710ed5c,paper_d70ed00ebaa890cfda32
T3_CLAIM,2286,1229,sfti_4aadca6f804cc5f3443e20bb,cand_82965be6a4d3961fd9e6d6c7,paper_ad960a099664c9384385
T3_CLAIM,2286,1230,sfti_688843dd8a8629317a99c15d,cand_ca303ed8c8d898e3501988fc,paper_07a3b3056cc42097fbf2
T3_CLAIM,2286,1231,sfti_eff0a330ae5bf9ab206b2fc7,cand_8c918595cd5545fdc411fee6,paper_eddc5d22611e6979656e
T3_CLAIM,2286,1232,sfti_184024c85262a050b3d3b353,cand_131226f7de9a10a5af0bfa8c,paper_2fa4ade2a3d21eee9f61
T3_CLAIM,2286,1233,sfti_2b0d450c952ccd60eea87888,cand_f0f0a448a0145f5745c5095c,paper_90b73384b7f4312f3880
T3_CLAIM,2286,1234,sfti_28102beefc593f5707af171a,cand_aaac0d9f50b986e39ecf372e,paper_cbb0e6062da18c72ae61
T3_CLAIM,2286,1235,sfti_ffc7509e2174bf147a997fc0,cand_214933f147a5267fae1faeeb,paper_ef639adba85088c21271
T3_CLAIM,2286,1236,sfti_ea19afb4aaa11af13940fc03,cand_fa1a2d8042a08199bbe7ff00,paper_b7f93bc4a0f6ac17062e
T3_CLAIM,2286,1237,sfti_4ba649230996a1868b376c5f,cand_0ea788c6cc081e60ee2dfefa,paper_aa9d7fc4331799659cfe
T3_CLAIM,2286,1238,sfti_e94c7e672ad0c571c083fd38,cand_bd1471d453ede6bb64315ffc,paper_b02b1015a4d81c005688
T3_CLAIM,2286,1239,sfti_4cfe1bf4d97187cede2423d4,cand_44efa78e6714340c567aa920,paper_c9fdc8cedb5be40f0dc1
T3_CLAIM,2286,1240,sfti_d213278879875d965ed490c5,cand_9a523e78a6228c60fac18d35,paper_fd4f44b26db058b07e2e
T3_CLAIM,2286,1241,sfti_71964869450e19424aa87c77,cand_1d2568065fc43c81d6c01195,paper_28b41abcd26dc4562ec3
T3_CLAIM,2286,1242,sfti_cc2e979d43f177384b8f2583,cand_ac1a56a93bfdd77c5832b452,paper_12a764f13952eccb5204
T3_CLAIM,2286,1243,sfti_bde3cd9a973f36be9d4907ac,cand_bf5315aba71853b5b5eb6851,paper_e9ac0d341bdc0d314ea1
T3_CLAIM,2286,1244,sfti_e5cdc551d2c76a3ed60cfc80,cand_539c162ca24574ba342a0f30,paper_a090533a9bc941a8e914
T3_CLAIM,2286,1245,sfti_f2e4589714e241746fea288c,cand_100ea6b24f080e3ecbf20182,paper_0d660ed882f95ed7cfef
T3_CLAIM,2286,1246,sfti_7d53fe8a7cf51824ab6d2176,cand_f668581e35f4e745e1a07d17,paper_8f19b4cda93b876f475f
T3_CLAIM,2286,1247,sfti_941ac16fb8d22dd2b6ecff65,cand_08ec3c5b96479ed265389f63,paper_e2410e75ea19291fc9b1
T3_CLAIM,2286,1248,sfti_9f60f4859de00f62949d2049,cand_382375817a65a03220f46da1,paper_5d67a811c441e45c0ef1
T3_CLAIM,2286,1249,sfti_b142bddf3aef308007813412,cand_b499fc8bb6d3f071146a8756,paper_b93c83b03100d6633e9c
T3_CLAIM,2286,1250,sfti_92a267d9d35930600e0808a0,cand_b8ad983030518bdfa1ac5898,paper_68b682c64bdfa515c2d5
T3_CLAIM,2286,1251,sfti_92deee4fe858fedb7735d2be,cand_fd5be972466f1a1c23481b78,paper_7351e5743c7ecb5c6705
T3_CLAIM,2286,1252,sfti_ba93722dabcbe8e1d6fbcdb9,cand_73ce42d152afe032d71f4885,paper_56c871a48eef1bc45564
T3_CLAIM,2286,1253,sfti_f512cfb93a7dc7b6869316c9,cand_8cef62610f391e75d12f42a3,paper_11d4bce0bb41d66468ff
T3_CLAIM,2286,1254,sfti_f6299ab852ad5af8d741ea7c,cand_1ed5f782e2351328684a7d3c,paper_caf83ac6d968d7b42c21
T3_CLAIM,2286,1255,sfti_cda59bcf02a42e4043def14c,cand_d7338ee93408f2c076ebfd40,paper_ea154a917286952192b9
T3_CLAIM,2286,1256,sfti_7b6152964128bdbc39c1c730,cand_22ba4d97a6876f01446b882d,paper_45bffc535c6c75f3735f
T3_CLAIM,2286,1257,sfti_7a11ee58341dbc8522c96c2c,cand_c335cf7fae64c854c842d629,paper_4bb04ced1198e17099d2
T3_CLAIM,2286,1258,sfti_905aaabde93e65541c6643f7,cand_86ca20cc222228cc0a819ede,paper_221f0c916ee0712cd55f
T3_CLAIM,2286,1259,sfti_b6a01e82bd4b0a793833eb85,cand_489570df950ef2d43d2bae04,paper_d5bb0856ca7695b7aedb
T3_CLAIM,2286,1260,sfti_162be453d62315b9ce75b7e4,cand_6e89fa97278aa7b67443c794,paper_f1d7cd92d2e39bad89e7
T3_CLAIM,2286,1261,sfti_a2392089f57005cde4f31fa8,cand_e35e081cf5d6ce4894edaac8,paper_f127962446e96a02507f
T3_CLAIM,2286,1262,sfti_a490a8b9f2d58801841d5c5e,cand_027545187ad7cafa3123d56a,paper_2c9947398b4a04e8b1e2
T3_CLAIM,2286,1263,sfti_ac497b0a8ad8d7439134dca3,cand_3ad26dfe20059d667f335438,paper_817baf95fed9d0fdcad7
T3_CLAIM,2286,1264,sfti_179bb8c8a1356a5c6390eded,cand_8b5ca08aad6827110b943d3e,paper_8b6b74b78f127ceb59c4
T3_CLAIM,2286,1265,sfti_581e4dd6ccbf23a464f48896,cand_c8db3ff56e4e76da9e307ca3,paper_e2971df144864354ab50
T3_CLAIM,2286,1266,sfti_d7e6dca76b1dbda5175d3405,cand_c0c788eb620ec6ff4b071522,paper_122ce5784931a01456a5
T3_CLAIM,2286,1267,sfti_c3d5d21fdeda9e98637daaa2,cand_f9e58ab0b4d1f7bdf7288204,paper_cf4960f6d973ee4f6601
T3_CLAIM,2286,1268,sfti_f3d0077523a03518586347f9,cand_e835400c5160543ccb78fa1e,paper_661b1867c0226471dae2
T3_CLAIM,2286,1269,sfti_ed37d7f60c769b56561825dd,cand_88d4ab9a4972ab37e134ef94,paper_869e1908a0428f3ad7c4
T3_CLAIM,2286,1270,sfti_48f9d3fb901216e5d792468a,cand_8b2f1244612d1262843871da,paper_f00cd50c0c8adb622672
T3_CLAIM,2286,1271,sfti_41985cc32da2593c8c403cd5,cand_1060ba268f1cebea25ee83e4,paper_5f9e475046ee441302b8
T3_CLAIM,2286,1272,sfti_4a063e72f65b22f3c15d6946,cand_059f91138c50b6903d6ecb7a,paper_92969607871cfe57fe43
T3_CLAIM,2286,1273,sfti_00b627d09833aabe3f799399,cand_ff9035958846576b29f7ed69,paper_d7a0aeadcd3541bb384e
T3_CLAIM,2286,1274,sfti_fd18495df948961eef9ff562,cand_43d0faf5db085832a7d5e527,paper_a9f339fccd3c96381e78
T3_CLAIM,2286,1275,sfti_a8ee09a9754bf5e1ea8667f5,cand_5d39439626a63af382305545,paper_4f31c328a7c95c22c4de
T3_CLAIM,2286,1276,sfti_74a2b8d3e27a624dd5fada35,cand_c1ec7a7ba33d071049eab5c8,paper_cccf0a5d801b597f89a2
T3_CLAIM,2286,1277,sfti_9c449c40dc913b09f3784f13,cand_f4ed0daed1bd1a4d460fb6db,paper_955110ae6783fdfb11b5
T3_CLAIM,2286,1278,sfti_ecd843ebce1f4050172527ae,cand_91c1616b9f6002580ab4a5bc,paper_cb918152eb88ac781e99
T3_CLAIM,2286,1279,sfti_2a3c8cfb92a3dfcdcc8d5e14,cand_a72b4a7427b5851005793b9c,paper_0ec8a1fff8943d1ae2df
T3_CLAIM,2286,1280,sfti_b2d6b931c0327403d4787a2f,cand_1ca785b35012e4893f56afdb,paper_3af5860f6f122a895eb2
T3_CLAIM,2286,1281,sfti_9241f1c775c31268036c3dc0,cand_805f886d12dc351ef7cefcb9,paper_0bdee45a81a51102cccb
T3_CLAIM,2286,1282,sfti_dcc45113860842306dc014e7,cand_7c7ca2792304ec72c49d7647,paper_4fe3a499c98362690104
T3_CLAIM,2286,1283,sfti_0df70f96ae5e679104a00728,cand_e8f9616f12b68d441462c08f,paper_f6bb7179b2d6e6455912
T3_CLAIM,2286,1284,sfti_10ee5bfce778f673b5c8c1ff,cand_5c2696668f4f5589a3aeed4c,paper_5cb8db5c0d334bb45ec9
T3_CLAIM,2286,1285,sfti_e4fee478eafc3321e0a3a7af,cand_103257962c95d36d248eff87,paper_a79382eb4ad67c8ce4d3
T3_CLAIM,2286,1286,sfti_6b3626c5fa80e8b6cf265e5d,cand_db5cd8a2162f9c6b328c12b1,paper_772843d89b24948dd741
T3_CLAIM,2286,1287,sfti_ece5ffb7524540c44f40d13c,cand_0fe52c44c76c52c102728cc7,paper_072bfbd0f8798926c557
T3_CLAIM,2286,1288,sfti_9c113792337bd576181027ef,cand_bf60d868d6e300a2adf37634,paper_09a5a6b8d7c4de7c9081
T3_CLAIM,2286,1289,sfti_ac8a4c2be028fb103bac304b,cand_425e98bd376f13e202f4cc96,paper_a35f33cae0d6e49f66ae
T3_CLAIM,2286,1290,sfti_4f233728f71739145f8c269c,cand_f4620b7fdb3737969f1bc9f4,paper_242e560e97cb6505f70f
T3_CLAIM,2286,1291,sfti_4d852487ba6555dc05e06da2,cand_19308acb097b8089f80b7522,paper_d3384a041b7bca380507
T3_CLAIM,2286,1292,sfti_54b2f3030472a228dbc9c9c0,cand_9c9cf98d5687fb6368525205,paper_c750381016e9d48f54f5
T3_CLAIM,2286,1293,sfti_b6a47a669b7fc6c1361624ec,cand_105f4c3882e221d7cb3f3769,paper_37a7e2db9bbcaed1144d
T3_CLAIM,2286,1294,sfti_fbcaed72bfd242bc700a533f,cand_d0f1c6da350fb13d6aef6d50,paper_da0ac833f07a1de644ea
T3_CLAIM,2286,1295,sfti_dc6b092362934995669b0610,cand_3258514ceaf69ae1cf5f9977,paper_0232cc466c60248dfdc3
T3_CLAIM,2286,1296,sfti_d163f1685efadc2da095bf36,cand_43c332684e261d6d6a07c0f2,paper_cf903f949f015c0adc07
T3_CLAIM,2286,1297,sfti_62846b7cea743da1ec623aff,cand_b22fcedfbd604eb7d3537345,paper_7ba24873e76b8536a7d2
T3_CLAIM,2286,1298,sfti_997f0cd022b74aac25c50958,cand_65341470820761b6f8d5c13c,paper_0f02388cc6596059d73d
T3_CLAIM,2286,1299,sfti_ce27d8d9cd611878b8275fbb,cand_715d440aec3818bde8ff9f98,paper_d50b8aede0d39091b0ee
T3_CLAIM,2286,1300,sfti_7d3893553edac69083a5be60,cand_5e1d846325495203f77778dd,paper_57070c9df2bbb7169952
T3_CLAIM,2286,1301,sfti_0fe0f02eca105ead3996b306,cand_ba0c8b88d91dfc403f6536a6,paper_2915459eda4b88d763e4
T3_CLAIM,2286,1302,sfti_0485339dc7722925615dda6e,cand_20e70f77b3c14c5627089671,paper_ce646a57e074e1cdd0d7
T3_CLAIM,2286,1303,sfti_9be0757bc747372497880fd4,cand_c629992c64309998b31a22ed,paper_ff9b82de434c6ec0f4b0
T3_CLAIM,2286,1304,sfti_c5483052788b1be0417f8472,cand_da030f152692d99195afbdc4,paper_70c25393cf57bb9d618f
T3_CLAIM,2286,1305,sfti_2b0d8a38c2996a535ffbc960,cand_5c74a381124d1eb384ec4bc9,paper_2cf89ece81e90cd3f910
T3_CLAIM,2286,1306,sfti_22d6d5bc696d175c7603403d,cand_40eb8d0b59abf0e463ee3277,paper_c15832fcb3eb74f0db4f
T3_CLAIM,2286,1307,sfti_29be4272d5cf5d9a7ab1b0b3,cand_5f63187620d678e24163bf89,paper_0c8802876de96d138888
T3_CLAIM,2286,1308,sfti_11ffbc1f346a7b98f93c8ed0,cand_5ad4a211338046dbd5ba529a,paper_169d152bd78e1f0e9b49
T3_CLAIM,2286,1309,sfti_69762c99e8858bed062bfac1,cand_c8d84f74137a5ab793aa24f0,paper_585a1342fa701de95a25
T3_CLAIM,2286,1310,sfti_d56bb08b41338efbcb898a3b,cand_cb3fa51c7883c0faf1138389,paper_5ca5aa1d06192397111a
T3_CLAIM,2286,1311,sfti_dd0b71b18463fcb173151545,cand_0c84ab3d226f5628fb79eb86,paper_25f8891779281d552aed
T3_CLAIM,2286,1312,sfti_033f659fd39350068660cda7,cand_36ae765f8847d4279ba131d6,paper_04e03066f4102df0b9bd
T3_CLAIM,2286,1313,sfti_7ed4e1a737608e0df7856a85,cand_b0645b854992bb01b5fe04f5,paper_13fc56a51dfe60a5074e
T3_CLAIM,2286,1314,sfti_78559e9eb1dbe9e6ce9455a4,cand_701d4b640725dbbd77016951,paper_8b46e4cd6754ee0428f9
T3_CLAIM,2286,1315,sfti_e648c5a15dba695dca31f438,cand_557ba83bb28f847666871efd,paper_7249aa5b34be37b5061a
T3_CLAIM,2286,1316,sfti_52f1731e19a0b45de7436e48,cand_19ff0894e7cf794dc53bb918,paper_3215e9f1742562ad079b
T3_CLAIM,2286,1317,sfti_36e29e27436503e65e2384f3,cand_5a5ed4939dd7dca0ba2f66cd,paper_5adcc8e2ca04bcfc87d9
T3_CLAIM,2286,1318,sfti_bd98dda597b06b89199b2f41,cand_1ac9e625e858d0f8e5b6ecb8,paper_60df40936b7a7b4cec2d
T3_CLAIM,2286,1319,sfti_3ed18bd9f1252cad4e89ab07,cand_305565d2efc2cb968a32d38d,paper_7d5aebf7dad543650e12
T3_CLAIM,2286,1320,sfti_57a1ac35fc9bfed5d0b7958b,cand_7f33a1b1f1f9e4ccff5066b5,paper_df2d25df8f7320c47544
T3_CLAIM,2286,1321,sfti_1f5d44004c89d6c0db79dbbb,cand_25404dff8810710f8e735f82,paper_0199bd2da3a1c6ae84f4
T3_CLAIM,2286,1322,sfti_6d3daca15497a9a6524d8efa,cand_7bb5daf17d32972f2bbe876b,paper_9da2bc17ec9305bccac4
T3_CLAIM,2286,1323,sfti_511c47433c2026ce59660056,cand_3cec488a37f5c01ad70cba3e,paper_9fe3574541257f9f6861
T3_CLAIM,2286,1324,sfti_cf0ecc5f0989d66bad98dd2a,cand_0c888853920677c1282a465c,paper_847d39d827c9790807e8
T3_CLAIM,2286,1325,sfti_f2e3c2ec879322d9e16fd2c2,cand_684311066b467c68a1608249,paper_a462119ad795fec5ed0b
T3_CLAIM,2286,1326,sfti_9e2256bf27c83add50f1e581,cand_44bad29f68e9a77eb54596a3,paper_39dc0e0683b33639f89f
T3_CLAIM,2286,1327,sfti_69d7225b33fab9ddb41a3324,cand_a9eb8ce8d183dc98dc1bcc1c,paper_190df2258f3e7ef7321c
T3_CLAIM,2286,1328,sfti_885f547684b89ba37daad4ee,cand_259d9f4c800723de708ed061,paper_a1bff7fefde21c114512
T3_CLAIM,2286,1329,sfti_43301b9859e25837716240d0,cand_53efab91629cf7ed53917f2b,paper_e9451b99f1bd10a70827
T3_CLAIM,2286,1330,sfti_810856827a11d0c76c7717e9,cand_ce14e1d19ea9a7d9ab75955d,paper_bcb1bb37ecd7b206ef6c
T3_CLAIM,2286,1331,sfti_3dd00f752be6244d1cec5b4b,cand_59014002d75b1421d878cec4,paper_5de9ab0019c634acc05d
T3_CLAIM,2286,1332,sfti_d0fc75ff254606983870cd17,cand_f0c470700951e48ec8c4a035,paper_f001ee95d934e85b0f40
T3_CLAIM,2286,1333,sfti_d57cc24bf6948da4c43d4933,cand_fde9e5b1f503c07f0be0d1b6,paper_a6c7c43c9bb00b33965a
T3_CLAIM,2286,1334,sfti_075e75934d79682317b5632e,cand_c46a5ef55c68a0caa30f4752,paper_cebee2fe81ebbe1a3c48
T3_CLAIM,2286,1335,sfti_0f909e95c64044e6aad1ba14,cand_1268d3d05406ac85a30082f1,paper_6f4ca55294d5886cdb1c
T3_CLAIM,2286,1336,sfti_780317dc172b842f2351e217,cand_e97bfee4ffb7e84927199f13,paper_c6856c356739df0e15f4
T3_CLAIM,2286,1337,sfti_061eeb472c1d851309640bda,cand_1aef69c46889a38f5aba0a8b,paper_bd4546a641a1bdd72a78
T3_CLAIM,2286,1338,sfti_49aaadacc9bd09ca6eacb0d0,cand_4f8940c26f1b3293c9fa672f,paper_56467e511c7c5531b99a
T3_CLAIM,2286,1339,sfti_2863bbdc9a862458b9f3806e,cand_5cd153d851a3e20298267c9f,paper_54c0115fc01170ba67ec
T3_CLAIM,2286,1340,sfti_4aa7dc5baa41e34fdf5f8c8d,cand_8ba47973857379cab4ed824e,paper_e67419316565cb79b105
T3_CLAIM,2286,1341,sfti_132c73a63873fb3e6d6b022c,cand_25b72d9f1622ad219b6ce235,paper_8ba295c2e16a973f8058
T3_CLAIM,2286,1342,sfti_bc42294cad38ad8a8af0953d,cand_53f231425009d7215c256992,paper_f45797a88c262068bdbc
T3_CLAIM,2286,1343,sfti_b34deb6219feb020e181cfc3,cand_21b4dbc9fb5788a5007a510b,paper_5a3e71193efaa78970bc
T3_CLAIM,2286,1344,sfti_423ff43619907f7770462d39,cand_7e711145547570c975703a0b,paper_778169486c30445ecba2
T3_CLAIM,2286,1345,sfti_57ba11de7c458c1e95995c93,cand_6f76c2452c7cf27df300393c,paper_ac4bfb5f517ae06eb2b2
T3_CLAIM,2286,1346,sfti_87e01369b92efa7beae6b512,cand_800d26ae350a2213bd55fa59,paper_a8f5bd84ab7ed289a528
T3_CLAIM,2286,1347,sfti_a0143670a7bb766748c9d8db,cand_bbf1a0c965646528538956f1,paper_dac18f93f70a297cc71f
T3_CLAIM,2286,1348,sfti_f5363a21788af5bf375bba3a,cand_61dac3633f7814af8b7043da,paper_527a780511b23ba51453
T3_CLAIM,2286,1349,sfti_a8cebb05604d993eea8c0ae6,cand_c7e797437b1d16072a7c8329,paper_dffdbee00caf5a312878
T3_CLAIM,2286,1350,sfti_80afe3fb3c5affe3253445b6,cand_b8d0ebb73f615a08f96e3083,paper_03cdba0d9cb94685678b
T3_CLAIM,2286,1351,sfti_4f4e115ec062d3054fdc66cc,cand_55d364c105bcb1277033ead9,paper_46b8f27edf61a5ba6af1
T3_CLAIM,2286,1352,sfti_f78a920c9d2047abf1d5844b,cand_17c8ab4595472671778f0bfc,paper_50c23e22863d3b23264b
T3_CLAIM,2286,1353,sfti_ef20795a46c277ada78723ce,cand_55d83aae64916e21b957d36e,paper_639f89983dc30d163de4
T3_CLAIM,2286,1354,sfti_910bdb1052dd1d8fceb1c295,cand_7081e18b0045d5285a6aff1c,paper_da2c1921900f7aaaf916
T3_CLAIM,2286,1355,sfti_3e123c66994316884ad4bcc9,cand_69919899e4a5fdf9beb93de1,paper_b12e54a4828575cf2d3c
T3_CLAIM,2286,1356,sfti_6576fede45a1f4f4215bcd20,cand_0ce9e952e3d59bdd6b7f6be8,paper_e4a88ba35e52ed489087
T3_CLAIM,2286,1357,sfti_09cababa21a0ca25ceb96566,cand_4d1d272a7a9adcd01a0801e6,paper_13a837f8c0110a1a3b3a
T3_CLAIM,2286,1358,sfti_8bc00c26dd870a16c32eb72c,cand_7ec3e3e04c117c3aeecf9eb2,paper_bc441e9581da32646cbe
T3_CLAIM,2286,1359,sfti_02cbe51e5638a20ca974dbe5,cand_899e0d7fc80d9e0f915e2ff0,paper_8754a14fda22035d6860
T3_CLAIM,2286,1360,sfti_b2df78ae574c37c13d6fe53d,cand_7e6ce1630047b131c419eb9e,paper_11881c3333b09bc1adce
T3_CLAIM,2286,1361,sfti_4ad2f0c85a336fd646eb6c81,cand_63bfe75ec0803586c10c3f2e,paper_92de99770ad153511885
T3_CLAIM,2286,1362,sfti_5ec2217fe03586eb39a3fdf3,cand_5f2cbc3588325e7515b985e6,paper_5ce355c8f4c399651bf5
T3_CLAIM,2286,1363,sfti_8e91430e0292c24abcbf3c03,cand_78fdcadc4b2e615679f3c4e0,paper_88c706177de14c2ef0f4
T3_CLAIM,2286,1364,sfti_fbfd3252aa2c25e5a38a3969,cand_f589c62628080e9bcef4473a,paper_1162d660a2adeef19f80
T3_CLAIM,2286,1365,sfti_7ec53c544f8537854586fcee,cand_06d44ab512450f42ef08d301,paper_eee7ac052c3ad5dbac4d
T3_CLAIM,2286,1366,sfti_2287ec65c1b1d5970061f6ca,cand_867d0ada04c8391a374aadb1,paper_c2c1d5f2b1e1dce72557
T3_CLAIM,2286,1367,sfti_c3105bcc3eb624258bf6e724,cand_c43514279afd5533872056c1,paper_303091be2da1043584f5
T3_CLAIM,2286,1368,sfti_7f8fe01111c6c7fb88d6cfbf,cand_e69ad769de1729aab1214c5a,paper_0f61c61330c55093b22d
T3_CLAIM,2286,1369,sfti_2c253001c51b4a2a58edc93b,cand_433a75114dc753bcb6aedc93,paper_d8a5a42f9d9bc9708adf
T3_CLAIM,2286,1370,sfti_0cbdea562e72c71f841cbe49,cand_36a208a94032660c6bb44f57,paper_53fb745495c413ce93d7
T3_CLAIM,2286,1371,sfti_e168e979cce598a90a5e768d,cand_4bce32273c2a6b876c6fd690,paper_b2dfc0b6e405dcfbbd41
T3_CLAIM,2286,1372,sfti_50a5a9f9a381e5687e011397,cand_5a357a9ce9b34f92b138433d,paper_bf3e76e2793a39a4b709
T3_CLAIM,2286,1373,sfti_61f69b051c91a16924453039,cand_0ab92c68c63322b30d992b37,paper_1e6221d350bec18f02d2
T3_CLAIM,2286,1374,sfti_ddd892accb07b114359be5fc,cand_ba30ecdfa7fa1a43287397f7,paper_5cbb72428f2974a70216
T3_CLAIM,2286,1375,sfti_b6bd3f854b2808d27332c133,cand_92ae5f2014b8062952619f43,paper_afa3ea7d91650d4e3122
T3_CLAIM,2286,1376,sfti_43c67affe6cfe1da12f22457,cand_4949be30f23265b7f9e04d19,paper_25e647536008b73b1056
T3_CLAIM,2286,1377,sfti_b68eef8035cfba42028af0a9,cand_8a2b678a1c2c584c82b87add,paper_b2c27d42e1e30d194acc
T3_CLAIM,2286,1378,sfti_0088bce723048b3da97ed9cf,cand_d77539dc02db051797d13a07,paper_3b5376f517a21dde4409
T3_CLAIM,2286,1379,sfti_ef912ad06c972359bfcff746,cand_ac148bafa4a1603f6a05a87f,paper_0e2dd7108794ac9b6f39
T3_CLAIM,2286,1380,sfti_7a2b7a6b51ddcd853fad2018,cand_1b5220f9c86830dffdf7d3af,paper_94955909662fc0f4ebf4
T3_CLAIM,2286,1381,sfti_3ee61995b762e870ec3aeaa1,cand_449f643cf9246459e78054a5,paper_964e9a4598bfe6895f73
T3_CLAIM,2286,1382,sfti_90bcc76e841deaeabe9d6271,cand_dc5c4c8b6b59238ec412739b,paper_23bc6223ed3b36fa514e
T3_CLAIM,2286,1383,sfti_bc691537353456ff8d8d7172,cand_f9e052cad8cdc5e6e207f434,paper_8960d35e4e7e918f25b3
T3_CLAIM,2286,1384,sfti_e510e03bf6528e1e8e3a45de,cand_84de7cf132751cf097b617ef,paper_3d69b6ca8bac023a2e37
T3_CLAIM,2286,1385,sfti_9441fee187f39a6caa2eefda,cand_5702ef73690319e867814d31,paper_11a21ed88cf7ce283fcd
T3_CLAIM,2286,1386,sfti_332b9d875d1d81c89fed2c96,cand_d52cc5a263220ee83eccac52,paper_d21f5d7ebe96b45203db
T3_CLAIM,2286,1387,sfti_bb87137d2dfb430c76e038bf,cand_59e37d678a5773b0a4f8737e,paper_dc40c15f69551a6bf4e6
T3_CLAIM,2286,1388,sfti_46b000a0cef257805aaf74fc,cand_25ec87e2d839df879cb81072,paper_ed68ec856c007b57b392
T3_CLAIM,2286,1389,sfti_82f2b524a4d2719592378809,cand_2db0db767bdbd3602cb0e1ac,paper_3824e02ea70998383a7e
T3_CLAIM,2286,1390,sfti_62186dde3dc092acc4bf552b,cand_30de6138eef89f3a5e6f2ae5,paper_c7495d7c09eec5e52ed8
T3_CLAIM,2286,1391,sfti_42e743f617cdaeb1449e6527,cand_56ff21eaae185b408f1a2e8e,paper_c3f5f52f4c2a9202c210
T3_CLAIM,2286,1392,sfti_c906e8d952da00f73e16ab2d,cand_2bb06a751d4ed85b769f4a07,paper_e2007791cc10c41715b8
T3_CLAIM,2286,1393,sfti_5ee34c0ef4b9b40c4181da48,cand_4048f02971fef78279fd185e,paper_ff9bcddc9e61e49488cd
T3_CLAIM,2286,1394,sfti_a543820a3c1ace2abd4c1a0c,cand_cc9b2e507cb2d7fa95117a64,paper_aa28a1c986e09ef13f95
T3_CLAIM,2286,1395,sfti_e96881975abb7a9f870a07a3,cand_a5cd5b61727f9a52779e68b8,paper_d1e6094c69cf04df5d74
T3_CLAIM,2286,1396,sfti_6f8af754db0b726bf07204a8,cand_b0aa76973432eff9f29232e1,paper_2f0ed310f194dc58ba32
T3_CLAIM,2286,1397,sfti_16b97459e3ebe86c3906780b,cand_cc703401b2ec23f3db34f6ac,paper_7d2722982c6d5e49f32f
T3_CLAIM,2286,1398,sfti_65787a87b47efa2b2c9b9d43,cand_1d878688bc563ab4d4e3942e,paper_84ae166a6d4c6be26c91
T3_CLAIM,2286,1399,sfti_107b2e06d38c039c246a000b,cand_2182d56a398d928d0a4ed630,paper_a1519868149566c09b85
T3_CLAIM,2286,1400,sfti_83293903289c802f29df3336,cand_3f3a426c27d3b9f7888ac1fc,paper_be0e7d5b81995f9db5e7
T3_CLAIM,2286,1401,sfti_08a07e528d6f763ccfe8c022,cand_dc230de1533d6479c5644c1a,paper_c49ccb174fbc496a5b58
T3_CLAIM,2286,1402,sfti_b339091d88e1eba31e62dba1,cand_57c9bb894f7abff812cb5e23,paper_a29e23e2440fa2936e13
T3_CLAIM,2286,1403,sfti_5116429bf654651f7cd4e031,cand_37a6df54fe824319aca58446,paper_0cf5a0ec78df6032a89d
T3_CLAIM,2286,1404,sfti_81ef70860526c8408b3666bf,cand_2bdb5840ba5f073920359b1e,paper_08cf395c399c4d933099
T3_CLAIM,2286,1405,sfti_d55f66edce492189b41b2eec,cand_5148c7f4dc2fecc9082dba52,paper_36d630f627cf67853127
T3_CLAIM,2286,1406,sfti_8b2238a3022e20aec2640b91,cand_1ceb21428ef0ea7572100829,paper_3931b2764d33f08f9b60
T3_CLAIM,2286,1407,sfti_172393667f63b489ae967dbc,cand_da5ce028caa9e4edfdc35996,paper_f75c9e7cadf53309c341
T3_CLAIM,2286,1408,sfti_2152d04169a7e5e594f73715,cand_6fe18c9a203a6bd78dc1387d,paper_40e3cd75e93f814f97a0
T3_CLAIM,2286,1409,sfti_74addd61c2f5c6b842d9b253,cand_0f86d56e8cf327e43dfb693b,paper_4776df45999b42cf21fe
T3_CLAIM,2286,1410,sfti_91cb39eae058477283caf4cf,cand_c9e26dd10f30c862d7d25c25,paper_22199bce4c24d6d2a928
T3_CLAIM,2286,1411,sfti_5ab1169ee05492e5051fc62d,cand_83bece52e0c79c93babbe2e4,paper_050e0efec10ad1f0a9fe
T3_CLAIM,2286,1412,sfti_68c6fd06b0237de59dce057e,cand_9d3fa88d8f61ad0bfeb89c3a,paper_cc9b4421cec4c4f430f6
T3_CLAIM,2286,1413,sfti_d25dc7cd805274bde310892f,cand_1e8fd3bf06c781dffaa618b9,paper_54666dff53c384cd7509
T3_CLAIM,2286,1414,sfti_976571f188b6ba64c22dc628,cand_7a94b698d1c3ab7aa4a48915,paper_861b33b54fdd426c017c
T3_CLAIM,2286,1415,sfti_1ffaa08f942546f96da6111c,cand_b837ae4f8da7122f6e51d235,paper_a7dac2e3bae1747435ba
T3_CLAIM,2286,1416,sfti_594dc4b8f038a6274af2bdbd,cand_4cc00c1c299b3888e855291c,paper_e2fe8c3fb17de72a30f6
T3_CLAIM,2286,1417,sfti_c68091aa5fd946331fe41dce,cand_4a45ca80c99711e50d752e24,paper_8640f23aabb16c409f47
T3_CLAIM,2286,1418,sfti_ae9d9a87dd90466884871809,cand_00cf9fc86c49de6e5cb77cf4,paper_47024cbbcdb16ac50eb1
T3_CLAIM,2286,1419,sfti_cbcb6d0d5ba06a9708049583,cand_5345f711e6a7e710f1ff55fb,paper_0dfc713c6ddcc04e21ab
T3_CLAIM,2286,1420,sfti_3f50bc11e0c9c3fbf3c41aba,cand_6cc9c63dfe5ad3126d7eef9b,paper_083fa62561b4443889cc
T3_CLAIM,2286,1421,sfti_5c8496899e859646c92aa587,cand_123fb3bcb6d911d738d2f6a0,paper_838f47356ba40564b3ac
T3_CLAIM,2286,1422,sfti_bd4946e15c6d42ae09eb53b9,cand_b73e0264d84b28b6ab9fbefd,paper_5a3d978656bfefcfcaa1
T3_CLAIM,2286,1423,sfti_1111cf944ab96c8e8301e5b1,cand_91f2ef46affa86e62e7a295a,paper_2ce6080bc78f6dc4bbee
T3_CLAIM,2286,1424,sfti_8a5e17ca4b25f414e723aea7,cand_21b3abb4d2a2aa55c0159cef,paper_6b75ffeb53b95e1996b1
T3_CLAIM,2286,1425,sfti_cd393cf2cdaebf2405af309c,cand_455f149d21086826d4776a9b,paper_875f2d35bea8cececdda
T3_CLAIM,2286,1426,sfti_2b3aaa07e55e837888bf942a,cand_81aaea654eb21d2ff478eb97,paper_1d07631f1981f7bc5e0c
T3_CLAIM,2286,1427,sfti_93067705d9f39ea105cb0a66,cand_06d00d688a75b43c7fc27305,paper_d792d6f81b5dfd11ffa9
T3_CLAIM,2286,1428,sfti_f733b616fc61a7ad6868da22,cand_00e62efa74b5de1e715c6b69,paper_33864a2cb500270f3094
T3_CLAIM,2286,1429,sfti_a4bdd2a3535ee05d655d4303,cand_ca360a0ddcdcf3a57ebcc42e,paper_2175732ba55339f5c6f5
T3_CLAIM,2286,1430,sfti_3773350380a9f144b7f82d3a,cand_90d96d41c03561a56330e8b0,paper_ec8873bb62d0b10bc6b8
T3_CLAIM,2286,1431,sfti_ba35426c0635a3fbf3ada2a7,cand_1e9b5b029839327ca7beebe1,paper_760c24d74340c0ae9428
T3_CLAIM,2286,1432,sfti_9c7cafe32af43175581bac8e,cand_c72cf74d6d6d27aa0fda26ef,paper_a4bb65c2fe1a69894fbe
T3_CLAIM,2286,1433,sfti_07dcf3c1475252f9696ed173,cand_442aa06a09736400b741e49c,paper_604ab3e72068761d0f8c
T3_CLAIM,2286,1434,sfti_44e2f7d3fb8190172a08aa4f,cand_0c7eb822a1dbf8a765a4db45,paper_b78f0ad273c0f3734d07
T3_CLAIM,2286,1435,sfti_fe0a66ef8e8a657657ca189e,cand_a47bddf9a11237965604576a,paper_1481b40c44e6e5e2973d
T3_CLAIM,2286,1436,sfti_92e78c9f340d5a05e803eb5e,cand_8a8c0cd27c4d78e29a0666d3,paper_dfbade9b3fbcc17ffa87
T3_CLAIM,2286,1437,sfti_56bde98f4d7eae591d1274f2,cand_71fd19e507eb24b9d7ac3fb3,paper_de0186321a16af47ce1d
T3_CLAIM,2286,1438,sfti_a0e120a291d77502fa8bdccc,cand_3c24c06c99c282b6e6db808e,paper_a6a71ab05e2677c8001d
T3_CLAIM,2286,1439,sfti_d3d6e682c899c534f659f34b,cand_96cae1a62747a59f9f75b767,paper_4a55b8938eb9b87e2323
T3_CLAIM,2286,1440,sfti_12588a442aafe85a94ddd2c0,cand_1201a43a7394398d52512986,paper_51baf8f76a84b0eddc34
T3_CLAIM,2286,1441,sfti_05009994352164a72aca7c99,cand_dcf033480e43d94fdc7b4362,paper_e6ae6ab9fb979351c1c2
T3_CLAIM,2286,1442,sfti_e4c4be2a1a3f7390fafd38a8,cand_369c9ba944074d201c660d5e,paper_ed031094b6d95c52f92a
T3_CLAIM,2286,1443,sfti_53fd4798b0eaad9eeb9e8ab8,cand_7f008677e49c7fcad6adb35a,paper_c883fb07780c18c56d51
T3_CLAIM,2286,1444,sfti_0ad734fe0c69b8815f1caf6d,cand_f99487f5055c64519104e534,paper_a3dcf98fe3d5b5b73d1c
T3_CLAIM,2286,1445,sfti_8dc23d7679290118f62661fb,cand_4c4ab861b6b30cf41350ae97,paper_d17dc01908906bfae39f
T3_CLAIM,2286,1446,sfti_eb2a3b3d1d10ef8ea5813aac,cand_7ea5725a333c3c2837ff003b,paper_ba893a0b287fc0db68c1
T3_CLAIM,2286,1447,sfti_839446a42ad3c335a0b85700,cand_0341e5e82f440919a60421d4,paper_f30f6ee41d1bce340228
T3_CLAIM,2286,1448,sfti_449976a42cd8fca0f6654528,cand_9cc0fba5c85984f59dd5fc41,paper_68cee94333b5ee318c5f
T3_CLAIM,2286,1449,sfti_db7c05412d1c6842895c8f1d,cand_ca4634481ede8f057c31fe84,paper_783174359f20ba253383
T3_CLAIM,2286,1450,sfti_1c808d5c15a25b8addd57ac7,cand_717700ca1adf6d25ab8c8139,paper_eb11ccf29d2707b726dd
T3_CLAIM,2286,1451,sfti_a01f0c5d5ae2931d1c54a3b2,cand_3642daaca9afb1a7d927959c,paper_04ee90d11a9e2e5995fa
T3_CLAIM,2286,1452,sfti_c4596624dbe10cdb2d53012e,cand_dffe23df21d3ef5f8b324ca9,paper_3c08cf90b3f2d280f2f3
T3_CLAIM,2286,1453,sfti_8a741e4159dc4fc406afd5ff,cand_7e9cc8df3ce378366fe0ec51,paper_aadc9a2a8ea2dc22b12f
T3_CLAIM,2286,1454,sfti_765342ca94b3c7e948463b33,cand_0f35775a66bceaa92bf58e12,paper_e6973e2b099a57d76505
T3_CLAIM,2286,1455,sfti_147521d3a92cfc59efe260b3,cand_805e368cf9b8423cef82115d,paper_5fefae153331fd9cc0e9
T3_CLAIM,2286,1456,sfti_5dc04b9e4118167c030287fc,cand_d4dbcf430c50c054b7b1251c,paper_0b034a0d6b0a5bf01d4d
T3_CLAIM,2286,1457,sfti_fcb3d6eb4e9ea2e270da6a0c,cand_aab6248ca93e1a011145c345,paper_643a6372616ac7c0afc3
T3_CLAIM,2286,1458,sfti_8ff5d520b71b11eb4dab56fc,cand_4ce0eea3b0f7777e11c3ab87,paper_e92614718c7b5ee969ba
T3_CLAIM,2286,1459,sfti_d10238a0d7e4ac4164604cb7,cand_b8f2565a7e9228d2e098354c,paper_65b7b19882eb5c68826f
T3_CLAIM,2286,1460,sfti_c070ece1d7906beb2d52b238,cand_f950128e3711435ac9c2ab16,paper_8c839b9120e4ee048bb7
T3_CLAIM,2286,1461,sfti_6c12a55a1d833170e8d50eef,cand_85fbbaa1a65bcc89b0b178d5,paper_64f6bb931de628c36b22
T3_CLAIM,2286,1462,sfti_b0dd84b086d0ea727a3e9b3d,cand_118c0043c09ab941d826edb3,paper_ff168db638406d844444
T3_CLAIM,2286,1463,sfti_9b1f543d779304039aeeec0b,cand_c2ede9e018ddb34b001cc98a,paper_6a13a27f7b0b3686ceab
T3_CLAIM,2286,1464,sfti_d06a95cfd9c32eab323c174f,cand_c9335966ce8d046718ba2d10,paper_bd883eabafd2e7b17297
T3_CLAIM,2286,1465,sfti_0514f49429f53cf7683494d9,cand_1fe76ae2a9b288fb7c0d5ff3,paper_32ea73c0ca7c36f3722d
T3_CLAIM,2286,1466,sfti_b33e4b172c8417de5bb7c145,cand_3859dff455dfa149ef799f09,paper_d9a7caa927432b9a5d58
T3_CLAIM,2286,1467,sfti_0744de76653ee1feb3164d22,cand_72921a5bebc1b6f5a205be7e,paper_e86fbfbb33457828a031
T3_CLAIM,2286,1468,sfti_445001ac628a6f2fc5aaf707,cand_c9cb75d15b1d32ec7f661243,paper_4b85962af18143d5abdf
T3_CLAIM,2286,1469,sfti_9abbf7ff1e340ad4bc34dc8d,cand_f8fd8a7241d8408759170828,paper_66cf6798a853095c2776
T3_CLAIM,2286,1470,sfti_dd66c75b3ea377762217d394,cand_bc42ff724d953718e7b51abd,paper_48bccddb5fea3ee0728e
T3_CLAIM,2286,1471,sfti_014fb90c97568e10b84f4597,cand_24706f74d18884f11b8d0096,paper_c27015976f546c132876
T3_CLAIM,2286,1472,sfti_88dfdeb649a5969d9b133682,cand_0e07691702a846aa70b92600,paper_826b9125b26490b92083
T3_CLAIM,2286,1473,sfti_af3f7b654b1f16c67cbcaac0,cand_a0727ae073e4a94a8897d944,paper_29fec20ca5aa045aa277
T3_CLAIM,2286,1474,sfti_2d7510c079ca462187869dba,cand_081d970c2e92a051c1d43d59,paper_3c8fc2365c64f7a1a9f8
T3_CLAIM,2286,1475,sfti_378c12c1dbebfa1e66ee69cd,cand_d80851ce10210033e40d676a,paper_d62c80d90844c772db99
T3_CLAIM,2286,1476,sfti_0cc7cc190e31cb260f18255f,cand_46cf71697a73689a3f97c4f1,paper_09975f20216dae5ee14c
T3_CLAIM,2286,1477,sfti_6571e3e1217d1d71a09e92a7,cand_e2e4ad7508b1747646978f5c,paper_bc125e70842da3448cfd
T3_CLAIM,2286,1478,sfti_9c065169b1d2ffbe54e03a4f,cand_39f44e8bb078b4940b6d79fe,paper_4504bb0b1f6752d2176c
T3_CLAIM,2286,1479,sfti_35d486f11366ce898924f911,cand_1327f5c43b9297824683fa1d,paper_a179d968d5804bee3736
T3_CLAIM,2286,1480,sfti_699ceb76ea6d568167644854,cand_8bf1d477c5047d7f10bd726a,paper_d552f1c82ca1263f1680
T3_CLAIM,2286,1481,sfti_313661a4342c051b3bac878e,cand_a7d217259295515551e0a31a,paper_a39e2e13b6afca086191
T3_CLAIM,2286,1482,sfti_eba5fb7be444123d833c7c35,cand_7986fdc7d0e4d09279edc14b,paper_6b75a0758f7f8e49a5f0
T3_CLAIM,2286,1483,sfti_b8e1334664e492b2ac69592f,cand_e91617a980858d719b2de79b,paper_2cb6f57951a81f95a6d3
T3_CLAIM,2286,1484,sfti_95294a60ca43b823f7531c8f,cand_06e0464f5e5090b7fe70dcc5,paper_946d4c2b5781949689cf
T3_CLAIM,2286,1485,sfti_584dca1e1fb86abaca5e6b5f,cand_e7a1039d6667da336c87d984,paper_49853d61ac9e78b09d27
T3_CLAIM,2286,1486,sfti_c555eac31a8f1bf779711c54,cand_1ae875bd4aad9bcbcc12475b,paper_660368a4127cdf5bd6ee
T3_CLAIM,2286,1487,sfti_ca71c22d1392225c0df76d86,cand_4970c93c0e6f6c5e55662221,paper_d79077e7e2e94142e92c
T3_CLAIM,2286,1488,sfti_5278478898a43efa61cbf150,cand_0507fc01c5f17f66207090ab,paper_42ede648fd3ee44ee32c
T3_CLAIM,2286,1489,sfti_986a45872b266020d5364b25,cand_52664e5077a73889ed94e605,paper_6cf5f6f38da91c39d03f
T3_CLAIM,2286,1490,sfti_4e3e002a89dc1bc6f3530881,cand_92bf985fa5e4b877aea3b25d,paper_c5b615402973f803a7b8
T3_CLAIM,2286,1491,sfti_b2d19a254a6f6a947acfe1a1,cand_93564fb71d3699e5fe04893a,paper_3cec864523b3855c0a2f
T3_CLAIM,2286,1492,sfti_623cb5cb8012a66a91c170fa,cand_8faab1f2b33dab703d8d7b02,paper_1372d5c8a2a6b2f5439f
T3_CLAIM,2286,1493,sfti_9f534ad79a0eba1405191aca,cand_b0f879260858a1bb64416977,paper_39478f8dbc9276d1b5ff
T3_CLAIM,2286,1494,sfti_eb93a6965cae0c6ca524a9aa,cand_593e2770cff05fc7e60e0688,paper_f3358996f1aa09154e84
T3_CLAIM,2286,1495,sfti_be788aff650bc184af4c0a89,cand_4e714c3aa737eed97f2303e6,paper_cdd128adfb5f643d39be
T3_CLAIM,2286,1496,sfti_b6253fbaf8b4cb1b7b0be3cc,cand_b5315bcdf7fa12194a3bcb15,paper_6c5c6b112e0865b22bb2
T3_CLAIM,2286,1497,sfti_2991b4480c6a30d19a1357d2,cand_b265f363b79dad01a1af5587,paper_f0e786cb7abc6bd38852
T3_CLAIM,2286,1498,sfti_54bbc44f8c7cbf51145867bf,cand_5dcbe784cc951dcf0bfa86ee,paper_c03332839fcde61801f7
T3_CLAIM,2286,1499,sfti_5a9a58542834a74a645b9c0a,cand_43409fa8176efc3557648981,paper_86c706cc7c1b31c5b704
T3_CLAIM,2286,1500,sfti_6fc4ee83b77a4c5970bafaa5,cand_2370535cff0d00ebf2816520,paper_aaafd1cf52290be1e187
T3_CLAIM,2286,1501,sfti_519447245888ced57295e046,cand_d6a705d7bdc0389c18b6a2c5,paper_6b4a43bf69d27125304c
T3_CLAIM,2286,1502,sfti_f824cc36516badcd7d71ea96,cand_7631ceac0a6d7abfffa7770d,paper_204dc0c975ccb06e9f3a
T3_CLAIM,2286,1503,sfti_bef1273840c7a9451b3be6b6,cand_82d7496f996de8d22682b81e,paper_35233223488b5f7763d8
T3_CLAIM,2286,1504,sfti_401aeadbf77efed7e378e9d6,cand_e1e814585b960433b6e3334a,paper_e5dc74b751031ccb7720
T3_CLAIM,2286,1505,sfti_c52e4111ef52363ce52a30a1,cand_bb7d1a9df035351850295be9,paper_c6717e49ec3e5a60cde8
T3_CLAIM,2286,1506,sfti_84e1ab58e6238365b141769a,cand_3e22fa04582f808db092f381,paper_b3552b6fdbe0b7700b37
T3_CLAIM,2286,1507,sfti_197b94e1a610b0c00b5022ed,cand_bc256eba925a60f16e7635a9,paper_427c674a5ba07d6d0b9f
T3_CLAIM,2286,1508,sfti_521978d315496abd0eb25c30,cand_a40ddc8202af5dba6cd3377f,paper_a09a8082d3f2f6bb58f3
T3_CLAIM,2286,1509,sfti_2ea8c7a6fb26bb270dc8de0b,cand_11f7b883c3c0ec6dbed3bbbe,paper_d4cafb54afe17e7fa6d9
T3_CLAIM,2286,1510,sfti_41786d6f794fb1e6d29e502c,cand_9ce5bdaa9bde7bef096bb502,paper_5bca1bd05633e9cb1ac3
T3_CLAIM,2286,1511,sfti_f739c65080625839015b0a56,cand_d267cc59fc3cb820d2ad2e4a,paper_69fa8302ed65d234bceb
T3_CLAIM,2286,1512,sfti_480f2f04e84f5ceba8044302,cand_19523184ab4236e3df292587,paper_0b4dfb06065388f00cfd
T3_CLAIM,2286,1513,sfti_e6bedfce984600f3910b431f,cand_c4e9fa233f545d778ac835b8,paper_baf7e482899e4dc7153e
T3_CLAIM,2286,1514,sfti_1b143c90209d7d264c906ef6,cand_80ca7e867372c06979ef0bf5,paper_edceda0c326e8eb1ac2d
T3_CLAIM,2286,1515,sfti_851b4c7080c49c7727a526c8,cand_8a98226726d4801f3bee8c71,paper_d416d61532bdecbfaccb
T3_CLAIM,2286,1516,sfti_9bbe1d8f499bd5acffe80e9d,cand_06de5a550b3e9dbbcdda5397,paper_8fecf48988292b0785aa
T3_CLAIM,2286,1517,sfti_6e24bb6e156264b21231cbe5,cand_73c6e65f47f84565ceab583b,paper_87938812c0715e3e4672
T3_CLAIM,2286,1518,sfti_f6dd806bc118495538c8bb3d,cand_7c516c249cdb426b660959ea,paper_8a046c008c29850c937b
T3_CLAIM,2286,1519,sfti_7a08be7c5be11039322aec84,cand_3aef05bc98046f52b907432b,paper_c9076bad50255c56eada
T3_CLAIM,2286,1520,sfti_2a36020d9a99dfc2f300148a,cand_c591591da9f031ea541379de,paper_3a30f676a58dc9a464f9
T3_CLAIM,2286,1521,sfti_d740690292185da624ba0dda,cand_b3ba2871995b121b90e16635,paper_b4d40141243bb11115d6
T3_CLAIM,2286,1522,sfti_b673d1931d13c6283a76f6b5,cand_a10a210d03b7fcf59b0a8d11,paper_f240d9d1ee41e7af2920
T3_CLAIM,2286,1523,sfti_27b6c757ba7904badb80dc73,cand_c886c79ab6886f0d38505367,paper_edf34128fd562d5d7109
T3_CLAIM,2286,1524,sfti_4297a206f4abe954e2716172,cand_34ae93e13ce164052f0b1e04,paper_888d630bcdb565561a56
T3_CLAIM,2286,1525,sfti_1678687faf4f408f5d842eb5,cand_564b247ec19c13173f611228,paper_fbed811a281c252f5a17
T3_CLAIM,2286,1526,sfti_a5a70c701e7821aa004cec7a,cand_af3e92922e1c79b4cd53c4fa,paper_aea223f0ad33690bdefb
T3_CLAIM,2286,1527,sfti_5c2669ab43e2e81649596510,cand_24affd84e9f2c228358869c2,paper_6482013036e9e86dec50
T3_CLAIM,2286,1528,sfti_c24fcf28140bc58c3c1a44e4,cand_a26c756d2995c11f6aa84607,paper_a49fcbc0b13ed1d5644a
T3_CLAIM,2286,1529,sfti_f3e2e77117e153cb201fe21e,cand_ab5202316b3962d5098ab838,paper_cd99825e674af93f54a0
T3_CLAIM,2286,1530,sfti_34b6717ff78a8ffe4f9106a1,cand_40ae0257b802c1a47fb7799b,paper_ac38b317c822295aa2fe
T3_CLAIM,2286,1531,sfti_b2a91e886fa293357f74b2c4,cand_08ebc73f57a66e12b48314ac,paper_ced030a0b27c5b68fa5f
T3_CLAIM,2286,1532,sfti_9901c39b1e09fd763732e147,cand_390f3bbd0fd514cb0832ccd1,paper_9e4aaa1c725080258723
T3_CLAIM,2286,1533,sfti_fe9e3d8da1c028da7ff71a11,cand_e099ac65f6c7eaaa2ef9c9a5,paper_229253424b5d6f2ab1ff
T3_CLAIM,2286,1534,sfti_f01af445db7e3d0896ec6f8d,cand_43548301e797646b76dc450c,paper_7a234a0942160567de4e
T3_CLAIM,2286,1535,sfti_b5c880a8978b164d566dcd2c,cand_cb932f86261ee6fe8c7cf090,paper_ff0c331a8a77ddf76be8
T3_CLAIM,2286,1536,sfti_b281dd9e1ee003378619f8de,cand_676ab3caf52b594c5386576c,paper_855a30d7906bf1696f18
T3_CLAIM,2286,1537,sfti_85e29f77add36f1922a0d89c,cand_3c4e29f042c26eed7bd5e35b,paper_c3bb7c56866fff2e4754
T3_CLAIM,2286,1538,sfti_7e337c06c3c0b5955cb28938,cand_7eca252dabd3267b180189f2,paper_64aa55b50d42d19509ef
T3_CLAIM,2286,1539,sfti_4911a54e2794c2fc074f90f9,cand_f640301c2112b5266da78582,paper_65a1f093c8c0135bc3bf
T3_CLAIM,2286,1540,sfti_60eb2585200b2db4b9b3ebd9,cand_64c1558f252ddaea1ed62f5f,paper_a51cb7e71e8b1382154c
T3_CLAIM,2286,1541,sfti_60e7f3bff853de905c60db7f,cand_d3f88f8f3fc49a5946a22e90,paper_62eb7922d1e559ef503c
T3_CLAIM,2286,1542,sfti_5d505f50790247d1aca5fb32,cand_a41e3e818b0a3c2342c4b5cc,paper_583ba179ad1bd014f19f
T3_CLAIM,2286,1543,sfti_079557484465a16c99a34ff7,cand_40d147edf3791289586707e9,paper_b90f1d01f87532c03ee1
T3_CLAIM,2286,1544,sfti_6bfcb9e2a1ecf92885f7243e,cand_84a31819f7f6888e3d44c0aa,paper_47eb55cbd779efa686da
T3_CLAIM,2286,1545,sfti_09aa989bd3fbeb533803d7cf,cand_1d35d64d2eb57927410954b2,paper_ab042b6e501f115d6d6f
T3_CLAIM,2286,1546,sfti_8cda6b3226c9a51aa0d44d4f,cand_4b0a5c720995f5e7177695ca,paper_71526057ddf6ed98608d
T3_CLAIM,2286,1547,sfti_a2c0c40a368ed2b10d65d279,cand_e85b9ecff4d28dd2735e8ad2,paper_d0916bb0e72843b26dae
T3_CLAIM,2286,1548,sfti_807f3cc93c68f02307d9e15b,cand_df899e4ff2ff8c05d71ef75a,paper_3322361c95f35e53a49e
T3_CLAIM,2286,1549,sfti_f58594170aee4113d03beba0,cand_4b97a7a5f036158951ecdf2e,paper_c384165a13e05f8ab24b
T3_CLAIM,2286,1550,sfti_8c4758f234ea80158175364e,cand_cd0a5d379e29319db43f3c14,paper_37194af53f35694697e8
T3_CLAIM,2286,1551,sfti_e3e78fee299b497f5535f589,cand_2991b4e1f49157349eb1c845,paper_ed1226d165d2ad665a0d
T3_CLAIM,2286,1552,sfti_aae640f9d7e1f9cc4ffc5b96,cand_c34d36a11bae166a41808aff,paper_77bb6698199bf1624c46
T3_CLAIM,2286,1553,sfti_9d9d505a0adf3296b657c6b9,cand_588a45d36476e3692e65f10b,paper_40ad1ca31f69049b9c34
T3_CLAIM,2286,1554,sfti_2b42343e994e561aa13593f8,cand_3009dff405bda5cdb3c7e0e1,paper_545b45f788f24062a345
T3_CLAIM,2286,1555,sfti_7f23c3679ed706c61278761a,cand_b67dd5bdabfc452db3b398b2,paper_8b6c41dd419735fe1e01
T3_CLAIM,2286,1556,sfti_ca8ea67157651c8774729458,cand_39eb87dae4a65a5bcb938f7c,paper_aefd1f6c29e982b9aba9
T3_CLAIM,2286,1557,sfti_e6193387e16d59965f045f38,cand_f0a167f3c207f3300e4f15b0,paper_900fb6d9761c5ddee474
T3_CLAIM,2286,1558,sfti_0ef9b617189c943491b7bd41,cand_cc1b8bb880b2ae3831c07276,paper_7282fd8c3a5c3092dc85
T3_CLAIM,2286,1559,sfti_ed2c5d41b8e4bcb014d01f9f,cand_60f2464c2211d4ce089e9cd7,paper_51c9758340f260242d9e
T3_CLAIM,2286,1560,sfti_60f5d6ff76cdc8fdb8f2ec57,cand_e65f60092af8a17babaaee78,paper_d4eec71007c44517072f
T3_CLAIM,2286,1561,sfti_f515fcaa51ebff79b76baa83,cand_beee7495ee56be86598fe830,paper_1feff77d842c50d00d5a
T3_CLAIM,2286,1562,sfti_42c547291670c2f2aab908b4,cand_524790faa1e79fa2bd006842,paper_d87f93dd56fb1098ebcb
T3_CLAIM,2286,1563,sfti_c56f84aa1a0e118f4b2c46af,cand_2330a3daee73cba08573a790,paper_a029fe615c3acdd6ae56
T3_CLAIM,2286,1564,sfti_227b5a0f39eeb4fa0400df1a,cand_74135b96f9871e0d795584a3,paper_2c4e6e492f2def8cd020
T3_CLAIM,2286,1565,sfti_6a9aed6ac58590399baca59c,cand_4056c4bfb0f960f2f91d22e3,paper_c937bb1393cbcef323d9
T3_CLAIM,2286,1566,sfti_59b2c5172b65fbca79a3c650,cand_125a9487845c215d555f1067,paper_7485d66327d3f92e041b
T3_CLAIM,2286,1567,sfti_5bbcf376997bab51cacb0980,cand_e955dd2fde6dbd5ec3ba2887,paper_b7eb43a1714dfea51b3f
T3_CLAIM,2286,1568,sfti_0c07d9ea9c5ce9f383fccf79,cand_7f667b3a17daa9a09085e192,paper_7344d9e42f81f8d6383d
T3_CLAIM,2286,1569,sfti_52457ef2b8ec411f43264914,cand_df11cda14f2d028fa57367aa,paper_547d4afb8af58742f7f5
T3_CLAIM,2286,1570,sfti_e3e0a43db03de2c7d2b3b340,cand_846b5e3056e582456704cabc,paper_1d8f5052e7c1595ffac3
T3_CLAIM,2286,1571,sfti_23a423a293a04eb67851ca15,cand_dab37b43432cc42fd56122cd,paper_ddc1627042a99d4c0665
T3_CLAIM,2286,1572,sfti_da89986b1d2e2d65de1fea9a,cand_05ea1d4203fa47c388040d63,paper_5402d0c9bc6929b9ebbf
T3_CLAIM,2286,1573,sfti_e6e0aef22f638479d3d7a5b8,cand_78f32b5df83b60369d1505b6,paper_f2ac582ab2137c281989
T3_CLAIM,2286,1574,sfti_af3df6d33d0d9dd98f6ee794,cand_0a5895b25f7dae9024d072b4,paper_ae239eecc5d7ced94f2b
T3_CLAIM,2286,1575,sfti_f069b3e4c7065b86ad1a6e33,cand_90c77a7ccfdc748a54be2018,paper_4e8617b2de076d610f2d
T3_CLAIM,2286,1576,sfti_32cc64e91e2779b8b1af6fee,cand_f6fec70a1f3b1d9c87b3ab73,paper_aba6a50b0e33123b60f3
T3_CLAIM,2286,1577,sfti_cfcac140c2d7f08e00db230b,cand_ad113fc60e208e10d9470e64,paper_1fd71bfc1f86f56c22a7
T3_CLAIM,2286,1578,sfti_01d5176897d5c5eb4877a64b,cand_4fe1508c4f55a7ce768706ee,paper_ecddf5eff1d2c66dff43
T3_CLAIM,2286,1579,sfti_4ae76e25e3b442dee61e0627,cand_940f73d2d04833207c8abbd2,paper_e3e5e74da4d406668197
T3_CLAIM,2286,1580,sfti_601abc19fdbe8b1c0623cf41,cand_4faed06a69f1589ff1039216,paper_2e5c90bb6a9fbde934cc
T3_CLAIM,2286,1581,sfti_b28086eb789438f4e8d71c4b,cand_449cfcdfea9c87698b60c5ba,paper_00c3ff30718e77e98d96
T3_CLAIM,2286,1582,sfti_810372f564e6f8565de1163c,cand_8cd9d0dbbdbfec16224d5705,paper_780ca30bca1371cb91c6
T3_CLAIM,2286,1583,sfti_498702b588833bb7891c8e68,cand_d04a4caf285a16127c90534d,paper_908b6ec651f9c3279ecd
T3_CLAIM,2286,1584,sfti_6951993aa5c979c20997a0d0,cand_3a64855defc93fbc9efe0816,paper_2d26b54a49fc7f24b94d
T3_CLAIM,2286,1585,sfti_bad86308d6b5f0764f2ec3c6,cand_af203a459cd6d19e497f13bd,paper_21a73e1c5c35bd00e27a
T3_CLAIM,2286,1586,sfti_e93f7a4d3c305e9a0e63fc6d,cand_eb8703d9d7f1ac00957a6abd,paper_d3701df2622169ea49d6
T3_CLAIM,2286,1587,sfti_b2562f1369ea24f3451405cf,cand_e998aa5fbfdcedc2631899c3,paper_53222b88fcc150ad235b
T3_CLAIM,2286,1588,sfti_f8e145b75cebe7491b6deaff,cand_95959959f4c2e2aead3e280a,paper_972c7d842da6c54a1bdd
T3_CLAIM,2286,1589,sfti_87cd4aeefa2dc9ff104c79f7,cand_deb8c459fbba68fcc35c17a2,paper_edf2526887b73f01404b
T3_CLAIM,2286,1590,sfti_db5139854dd359267f49fe17,cand_0dd3207a6ede0aecda3a6bbc,paper_c79b045a95db7baea121
T3_CLAIM,2286,1591,sfti_24a6a9638fdf97c836ff2efd,cand_d954de44a777cb759a39b741,paper_b45b8c314fefc9dc2f86
T3_CLAIM,2286,1592,sfti_5287efa2015d4ebac43ab3d4,cand_a676ea546f8f7bdb2912c40c,paper_6df43c48214728454930
T3_CLAIM,2286,1593,sfti_04f867acf4e3d70cc32a2a97,cand_553a07974a0a999b4ee5779d,paper_47baea05186d61b02ef1
T3_CLAIM,2286,1594,sfti_e568df52fef1bc2d63fa7274,cand_3667960bbb17b15369f17a6e,paper_caa94e78df759c34426a
T3_CLAIM,2286,1595,sfti_a953847888e9de876266f747,cand_abc477e8f5a0997ab82d2a4c,paper_fc1bbdf085b09de0eda2
T3_CLAIM,2286,1596,sfti_1d07393609374be33dc541a5,cand_d89a78fc4633937dda4c6acb,paper_71d95dc9a2f9d34f71ae
T3_CLAIM,2286,1597,sfti_60b0745f25587d908254d32d,cand_ec2167db17c133017f477c4e,paper_19daba2982570ad40c44
T3_CLAIM,2286,1598,sfti_946267f1ea60fcd5a9ee745b,cand_fa6ee0d79370de4ac487ef7d,paper_de85797838101f695e9c
T3_CLAIM,2286,1599,sfti_60e30c0854ecb8d59f9fcef3,cand_db44b35f9f2d75fdd1369723,paper_c74f3cfca89318a59f19
T3_CLAIM,2286,1600,sfti_c9fbc90888291d8bb75a5be9,cand_3c75d24c90f263a457cfc0df,paper_86d4e5c48ece62a7cf9a
T3_CLAIM,2286,1601,sfti_2b136bd8b22bef2e1e601a01,cand_5e09ab7c9215188541525201,paper_7aaade949bb14c05bfe7
T3_CLAIM,2286,1602,sfti_6a3ccce84328f5a51467de97,cand_287bc871ab04d7e4f169b95a,paper_cdadb1e14bce744e6547
T3_CLAIM,2286,1603,sfti_129a0b84b986fe5dfe3ae3d3,cand_ff714db2eb22c0cab146007b,paper_57e0d2b061547e81fe80
T3_CLAIM,2286,1604,sfti_112aacaa80c47bc30f936f82,cand_c61e2d589f532ad7cc15d6b3,paper_d597e7de0ce251217022
T3_CLAIM,2286,1605,sfti_766ba36ca3bca1072c4f361a,cand_45cd1f260f89742697802d17,paper_20f430853797efd028b9
T3_CLAIM,2286,1606,sfti_e51d74d3ad1950c549916761,cand_d7b82d28930acf30e0521f7d,paper_c70f3e6133978235b579
T3_CLAIM,2286,1607,sfti_70fcaa5ec1c2789520a72707,cand_4d603fa1fc8677e570e00f73,paper_54ae55245e1f6a0c207d
T3_CLAIM,2286,1608,sfti_beee7817d4a0fac1f8ab98ef,cand_56a39104d8f17b12bc6bda58,paper_0475da2955b53fdb6606
T3_CLAIM,2286,1609,sfti_4ff52d4820b0b0817b00a3e7,cand_43fce1336e46462b2adf8eca,paper_70f52b65fe6b6074b908
T3_CLAIM,2286,1610,sfti_93842ea0c454563790f715ec,cand_f6d9713ba030eb5935fe8ffc,paper_4859ded345b5dbd2b97c
T3_CLAIM,2286,1611,sfti_6899b138dee24e91d771c9e0,cand_1b9c4fe33b0430fecc95ec64,paper_e5c1d63c115e58cfb9fd
T3_CLAIM,2286,1612,sfti_89948b2023a52c37e7eb8c15,cand_c98959079f03a83062679c8e,paper_8ff54d2a19ffa09c6e44
T3_CLAIM,2286,1613,sfti_aba8d7696af9474cee56a4a4,cand_fcdf43396652bff1e49410eb,paper_5349ecd090956229107a
T3_CLAIM,2286,1614,sfti_fa5efbf64395ded73aa46181,cand_58759af43a7ca44530fadfb7,paper_fa3071671d8d8d7ea55e
T3_CLAIM,2286,1615,sfti_b524a71707755c858724d081,cand_6d95c760826f694edb9b6a16,paper_b4a526f4cf31b7731a13
T3_CLAIM,2286,1616,sfti_c5dc15bf694898750f171ccc,cand_28ecd8d03f75fc51288dd774,paper_260c6937e35e1e5ecb8a
T3_CLAIM,2286,1617,sfti_8f127bd31fa961e3ef1c5b72,cand_64d5fc401782b091c9442709,paper_f6b2ad2555ee467dd60b
T3_CLAIM,2286,1618,sfti_02052a358178fb1b609418cd,cand_dbbc93477fc7f9f2916541ed,paper_1f4567b736135e989979
T3_CLAIM,2286,1619,sfti_03f818933a2c148c7f936380,cand_65fb9e0f687c998f61f621c8,paper_5cfd274b7e7db8058b35
T3_CLAIM,2286,1620,sfti_90aa24635e7f7f7a77018823,cand_0cbba2c92b44302deb5c855f,paper_29631482265a23ae9c5c
T3_CLAIM,2286,1621,sfti_f527f59f8e15449cdbd8a03b,cand_7d5875e3ec6ee9fc74d66261,paper_a35c80746544bd19d98c
T3_CLAIM,2286,1622,sfti_4f2b9c6a520bc2978bb41f85,cand_70405ac0bb7c2e6a23e3745f,paper_6c857c7f5b054f3ce2d8
T3_CLAIM,2286,1623,sfti_dd8095a4143e7031c8bc1be8,cand_f88754d1b4326f672020f3cf,paper_9eb4667de60036b508b2
T3_CLAIM,2286,1624,sfti_35b29c7ab5b326244df4ecf7,cand_30ff91fda647f4378bab1827,paper_5b0673e9ff09192b1dee
T3_CLAIM,2286,1625,sfti_7a312a575df960ee32470a8d,cand_0dfd0931e25e8cf9dbabf67d,paper_64b04c99ea635be83301
T3_CLAIM,2286,1626,sfti_6c4e2a31a9eab2bf9d50876c,cand_4d55160f392998f270f50ce7,paper_fb5352011719292bb656
T3_CLAIM,2286,1627,sfti_a9a2d621dec5b59345da5912,cand_6c09dc9bc467f52e91ae2c0d,paper_2a42f1ff9bd9c93161c2
T3_CLAIM,2286,1628,sfti_ac525b7e8edb259aa49d011b,cand_32e3502238a12c2f25358e29,paper_7cc40044e8e7c820958f
T3_CLAIM,2286,1629,sfti_285a17d15d45e9d8f31b7078,cand_2debf181e5434a7665000e46,paper_1dba34972cfb5f4469cb
T3_CLAIM,2286,1630,sfti_c86954c4386ba976ebf0711c,cand_fd36e9c305b087e79e25fe69,paper_c181c5958148c1d9e857
T3_CLAIM,2286,1631,sfti_4ce1c4451b3c747bd43b702e,cand_bea3f6e417722e3faaebe671,paper_b153a4108133aedb208f
T3_CLAIM,2286,1632,sfti_a93c8ec9000e448a469857f6,cand_dec91d51421e650b16bc5324,paper_9744040006c757b714ce
T3_CLAIM,2286,1633,sfti_95f435c76437d8d9904e0bfe,cand_cb3aa96e47e411ccd58f13a9,paper_ac4d2f9b1c56feb41b26
T3_CLAIM,2286,1634,sfti_01a60989e039fff124993401,cand_25793d5599bc128f989555a6,paper_867248425c354151c78a
T3_CLAIM,2286,1635,sfti_09dfe8dddd4cf90fcfe3fa3a,cand_58311dd119d837b9484d2643,paper_011f61f82937545da1fe
T3_CLAIM,2286,1636,sfti_12f4845cd2f67f2049a94e09,cand_6494c69c8420a5259b1e5ebe,paper_36d7325ec81a4ba108e6
T3_CLAIM,2286,1637,sfti_15f37bd7137d3dc912c6b5e2,cand_65269c0c90a352b0e662ce46,paper_338315c4ce05cecd82c8
T3_CLAIM,2286,1638,sfti_df0af79a9b84d67bbc07b39c,cand_0c1effa67242c8efaa843a60,paper_2fa76b57fa652824daf1
T3_CLAIM,2286,1639,sfti_42d9aec346e4d96a157fd149,cand_cb081079fe55917eb37d1fc0,paper_d8dac68269c10d6d1dde
T3_CLAIM,2286,1640,sfti_cf63bba542b122e8bbb8d031,cand_e0a1d75a87c21c045975cc83,paper_bf54d15a31f43b340d68
T3_CLAIM,2286,1641,sfti_9b1466fed8b33c909276e72a,cand_c6a15a0aa8990aad96f33833,paper_3860f222312c54cfa035
T3_CLAIM,2286,1642,sfti_9aab59f32369077b61dd6e5e,cand_8458cb1e1fb5710267c411db,paper_ce666477947bde040935
T3_CLAIM,2286,1643,sfti_0bccb38d6f607ef71582d969,cand_0e726c03cd77aa00aab6b118,paper_36e100af2733ee6a2ae6
T3_CLAIM,2286,1644,sfti_0fbcf8b6145272f5a0956926,cand_1360a8a44625891ca7bc492f,paper_1734f2d4e8637ff96940
T3_CLAIM,2286,1645,sfti_98db9479b640f960f8287bcd,cand_d23fb082fe1da09e22c62d1e,paper_d97c78f84fbbd25fd681
T3_CLAIM,2286,1646,sfti_e6a2fa44021a3e0eede52d02,cand_9f76ecc23d19cddda15d87be,paper_131f8159c96f54d575a2
T3_CLAIM,2286,1647,sfti_50cf23657ef6136758bc8bd5,cand_e0ed082905eeb08799b8f1e0,paper_71efa30c4894c1d655f8
T3_CLAIM,2286,1648,sfti_cf4cc35a7dc1628f1068a7fa,cand_41253cb55b8f006cd996e45c,paper_e1e0650c84865e3bd9e3
T3_CLAIM,2286,1649,sfti_a3a4395c1fb09163aeb0d4cb,cand_9ccf6ad81448afaaf7618090,paper_aadd6adaf7e7776d1f64
T3_CLAIM,2286,1650,sfti_57a4b1ba762977d6ce3937d7,cand_0c4a3098c1d19230dd30977a,paper_59c8c60a6758aa8e98da
T3_CLAIM,2286,1651,sfti_1c2fee03700dad9025fc3e69,cand_d134435f50e096f049788261,paper_48f90822105bf111ea1a
T3_CLAIM,2286,1652,sfti_1da25b8089aa26ed2f17c8b6,cand_13c11965696a8006e8fe17c1,paper_66e9b50a59bd823abcd9
T3_CLAIM,2286,1653,sfti_aed80b142c28627e2cac3dae,cand_cb39f9b56f49c21526cbd0d3,paper_11c16d5f80d944fde4f9
T3_CLAIM,2286,1654,sfti_b3c90e6ae760c1a91168613d,cand_8aca60662300d2628fa630cc,paper_07f0e3315516c7475a67
T3_CLAIM,2286,1655,sfti_772b503656a73a580bdc806d,cand_bb58774e733aea3291bc7e9f,paper_fb7b63214de684b2f11d
T3_CLAIM,2286,1656,sfti_863ccd374a7381cf12ac7d43,cand_9ebee525397893f78edfbe63,paper_32588ab02863572afb45
T3_CLAIM,2286,1657,sfti_c7bb8faf3fd9a29fa1fbc062,cand_ce3146d4cf578df047d60d7c,paper_1cbea91ab313b361da43
T3_CLAIM,2286,1658,sfti_f5c9d802d35a561786a55e55,cand_40a8027a1bf927c54d7e6f83,paper_9fd0e80083842c681e91
T3_CLAIM,2286,1659,sfti_69482bef8866a497b1921b3f,cand_b75674cae7335656cb05a832,paper_6942ae89b7ad7f833112
T3_CLAIM,2286,1660,sfti_d1cdbbf431c751da40709b99,cand_7c89b9bf629daea363cc5c0a,paper_56c1618d40a6eb8185c1
T3_CLAIM,2286,1661,sfti_823be1c307b79676f43051dd,cand_41e1b2e1cbd234e0549c7079,paper_b3bdc644128eaefe47e3
T3_CLAIM,2286,1662,sfti_c63187feee0a7ebcc8c93655,cand_411d861eba019784249558f2,paper_e1a4e627071aff86f5e1
T3_CLAIM,2286,1663,sfti_aa1b972ce84da9c221f60cd0,cand_81c5dd0c805b3ed943d1b807,paper_3e0d5679b83f65deebe0
T3_CLAIM,2286,1664,sfti_b356b8b40a7a3b689ae484c0,cand_b33ce70ddfde3ca7f20c8135,paper_084253dae7a7f19e544f
T3_CLAIM,2286,1665,sfti_971c1076cd2b6c0e19fbe276,cand_24882dae02824fbb7fc1e58a,paper_e9cc144b1569d2cdff5b
T3_CLAIM,2286,1666,sfti_07e41cc123591263b13d22a3,cand_3f2a964a12cb2f6ce18936ec,paper_e2e0c362cc5cf9a852af
T3_CLAIM,2286,1667,sfti_e215c252d9f00768031fa887,cand_07db531fac2a7fb297b475f0,paper_93ab30d33d5d512908f9
T3_CLAIM,2286,1668,sfti_9e7bfb4965ae7dea09384698,cand_2f130bd875f8d5006993fc01,paper_e61f93a45b9dbd4173bb
T3_CLAIM,2286,1669,sfti_3c81774c66e85b4444bc333a,cand_e7c1fb7b40102461df4732df,paper_6659f90299fc568992d1
T3_CLAIM,2286,1670,sfti_c641eae1d4e700a832f4d833,cand_4bd9dc13cc813c25b7d0c289,paper_0053bcca6f8f67a57ad5
T3_CLAIM,2286,1671,sfti_f7a9d0b6b799eb365ac2a615,cand_d038844b9c616becdba07fe5,paper_76a1c8f58debef0e3cb6
T3_CLAIM,2286,1672,sfti_4728497febfc5366ef5d17a8,cand_6a1f8b6ff3ef040182dd6011,paper_e5d9d6c267fc21d77d2b
T3_CLAIM,2286,1673,sfti_34d8753239ad9c6c01cdf276,cand_8fc0809b786965c5613b186e,paper_5b949d20881bc4e7c88c
T3_CLAIM,2286,1674,sfti_4e49d579b419796fcf9fb2ac,cand_b50ae26109036fa1b4148b14,paper_09318a44abac513252df
T3_CLAIM,2286,1675,sfti_1fc89fd4f395b83505f391a9,cand_bfd6233764b869a8c1f3abff,paper_fd19685206cd80b2e8af
T3_CLAIM,2286,1676,sfti_f8f66e0d6afdc22a51555dfd,cand_45d2ab7dee2b959b91d531fc,paper_035b8930770225ae28f0
T3_CLAIM,2286,1677,sfti_967df6e8b1ef96ba469815c7,cand_a3f6ebeeadfe472461be617e,paper_95dcaf89d1fe9835f278
T3_CLAIM,2286,1678,sfti_de595538c4b7902e0a36a89e,cand_105cee2298165cda9eff6059,paper_83d6440ad70ea0a7d858
T3_CLAIM,2286,1679,sfti_52957c88c557fa95ba21ee55,cand_e7ab1085ee8172017f05a04c,paper_eadbe456d02d8029883b
T3_CLAIM,2286,1680,sfti_78088f9af2d1614c4c0ff99a,cand_cf2de19e20015d1875dbd293,paper_236a6718ea5ce8ffeef7
T3_CLAIM,2286,1681,sfti_61f48b28cd6e69296129c827,cand_cd8e0c332917f34b053b1aad,paper_cd61ecaf42eae829f8ef
T3_CLAIM,2286,1682,sfti_ebb4db7325c4bb5fe62eb319,cand_12044eef095aa442c4edcfea,paper_5a8f097e6159fed3e1dc
T3_CLAIM,2286,1683,sfti_9470f78dd4c2d83754190977,cand_2a470248dc503eed9b021564,paper_c12924d3071f576e0c31
T3_CLAIM,2286,1684,sfti_1d48c8ffa1b72579a4f65843,cand_576c9cd3991807bf1297bf4c,paper_5ab28f5a2e15505dcc9f
T3_CLAIM,2286,1685,sfti_65ca9c13067d66d674e7bcd9,cand_e5d1a2dd9149c6c1af17fe79,paper_8c89891cdaa55dcdff15
T3_CLAIM,2286,1686,sfti_d54c3c82902dbb5e21a67a9a,cand_9bf539b404cfd3ac6bbd0c9c,paper_cf6b5a4b3b503636aee2
T3_CLAIM,2286,1687,sfti_71474084750a31431c9d1cca,cand_01046650de58622625965107,paper_77b848ae10d9e563dd5f
T3_CLAIM,2286,1688,sfti_513acc8914d47a78fed997ac,cand_b0f6ff480dd31c81e855959c,paper_f33629526b9e8dec9b5e
T3_CLAIM,2286,1689,sfti_b5beda8090b50da0e1bceb8c,cand_73aaafec58991c70e566ab15,paper_1a5a5643c69613aa0d3c
T3_CLAIM,2286,1690,sfti_b92eebad3293b9146b65feba,cand_a6c5288e0919615fbbf37c19,paper_91d141d39bddc018a22d
T3_CLAIM,2286,1691,sfti_8e3b7262f300bb7f9567c540,cand_8c1e37094a4b62729e9f20b2,paper_1b1cf979f0bda259ce7d
T3_CLAIM,2286,1692,sfti_8a60ac8ba9942649ab2fd76d,cand_50642ff96036325800105433,paper_96ac22b722cc9f3876ef
T3_CLAIM,2286,1693,sfti_f4b6055371c2654491139e92,cand_d67ed3a7526e7b18c90abf9a,paper_3136da065ab0bd3a0bbd
T3_CLAIM,2286,1694,sfti_f61bac4068df486118a1ce08,cand_8527a28d95c86e3c3c516209,paper_43fcd55dc92a638d1039
T3_CLAIM,2286,1695,sfti_d7399b9502e3bf910f6cf1b6,cand_22a2bc14e9b3727bb4ebbb99,paper_080ae6d04b647d7d027e
T3_CLAIM,2286,1696,sfti_6fa85dabb349c67433501850,cand_7d06bc186273c629f8b855c8,paper_eebf3854a3fb0b3a28f8
T3_CLAIM,2286,1697,sfti_c9e186c70f4293dbd0041293,cand_abba39c7952009cacb4924b0,paper_3f0e855d24d6dc79c1e3
T3_CLAIM,2286,1698,sfti_4da8292f98d0f41c65309d7b,cand_6fb0de282d3161a8ea056779,paper_814885c7706c9991ec46
T3_CLAIM,2286,1699,sfti_a384e3ea7c8954ebd7263f7c,cand_68c890d2cdb93ca773d3f487,paper_624527ca377befda900c
T3_CLAIM,2286,1700,sfti_345d0140581a627c3c8b3f21,cand_714688cffb9d70d1ac0df7f1,paper_c6d38c3088f9d3f12a73
T3_CLAIM,2286,1701,sfti_66f637a1f5c78677bf91ab4f,cand_f6845452b656ba83fe24fea8,paper_ccfcdd53b9fac7e46b8c
T3_CLAIM,2286,1702,sfti_1fbaad30a3b18bf52aabfd8d,cand_4ba43d302dc20a29659ef0c3,paper_ca5062f04a73b5342113
T3_CLAIM,2286,1703,sfti_64baf7fae8e2d71e7d5f93f1,cand_006ee350b3239c9b8bf27e10,paper_063a8027d8086e50cb66
T3_CLAIM,2286,1704,sfti_83f14e181f8867bc599ddd77,cand_5607d139c7784b9e6cd335bc,paper_d54c96ae609515612b17
T3_CLAIM,2286,1705,sfti_35913bb96d5eed119822a427,cand_386637f94b9585708c26500e,paper_8b99df3455a9e4b7000a
T3_CLAIM,2286,1706,sfti_377912ee65e6e04930e9910b,cand_58c6f908303363b0b1476272,paper_d707afd32f2376608ebf
T3_CLAIM,2286,1707,sfti_cb5c1cb56fe03c1b4c57da1f,cand_f099a5b436d7392fd37a9cbb,paper_506cd366d7f23427e5d4
T3_CLAIM,2286,1708,sfti_8217785694480074bf2a3d2a,cand_5fa9d29ea002deb7bb1e0460,paper_f8503ebcd0d534154ebf
T3_CLAIM,2286,1709,sfti_c74d03978971a584259b5da9,cand_6a46b54c8a53401d1ad8e024,paper_1c8a84b0f4b0a4180368
T3_CLAIM,2286,1710,sfti_f368a31a696ca1dad40f385a,cand_60a332af2182ddcbf31d6cf4,paper_b06cab9034f967174a3b
T3_CLAIM,2286,1711,sfti_2a795d240eac57f91d3d2cb6,cand_7cfad80b55a9defb6f53d0ac,paper_32d318d230fb473bc762
T3_CLAIM,2286,1712,sfti_be57a898ef1fab826b666c57,cand_bebf35bc718a4a95f8578328,paper_92169ac77d0b042008ac
T3_CLAIM,2286,1713,sfti_51980e050026a30dfa0901a3,cand_70da0785b0591f9d06a98dd7,paper_18933680bc8a2e259970
T3_CLAIM,2286,1714,sfti_b30a446c0abba867692c244f,cand_8c42108a5814984ed4b12241,paper_da44c61204fbe98bc3c1
T3_CLAIM,2286,1715,sfti_001fea8a620dc0b7ccac17c4,cand_402fb781d1ae8f4c63e17693,paper_abe7697bd530fa52a28f
T3_CLAIM,2286,1716,sfti_784fcce325761ed9439fab6b,cand_8cbedbc1ed354d07063d625c,paper_b0bb506c29582306cc25
T3_CLAIM,2286,1717,sfti_ba0f4de7b3f4920e8200ecf2,cand_5d97831b19c126297db48ca4,paper_1e8373c0fc60886c7495
T3_CLAIM,2286,1718,sfti_d7bffdfbec372d18917989de,cand_e73d8c12dd9b9870cf062ada,paper_ffd162dab133003ee535
T3_CLAIM,2286,1719,sfti_6347833bd931c8cb8eb742aa,cand_be541cf8a6c1a34f959451dd,paper_257eb54fddd85f451139
T3_CLAIM,2286,1720,sfti_9b4d546f149620dd2682effd,cand_6aa5bda73d8c55fc6ea81bd9,paper_47cebef9e3b773142526
T3_CLAIM,2286,1721,sfti_9d3261dbb26f1d102af67f72,cand_df9a8bfa8de3410168ccce70,paper_33df1a35a12b14084cbc
T3_CLAIM,2286,1722,sfti_49e02a848029c5ff14862628,cand_b1ab12d56331dad307b0c161,paper_0d68ecbef45f9fc8cf90
T3_CLAIM,2286,1723,sfti_43d0f21477e04b857b0de3d1,cand_8a215ca28e4520459d08c9a6,paper_220a124e6cb07f9f4a46
T3_CLAIM,2286,1724,sfti_7c985f99efbfc6f864bb5327,cand_180819299c3c546e6c44d87a,paper_8ccd91a72bef8f3d8945
T3_CLAIM,2286,1725,sfti_54dc447a3e3695025240b63d,cand_de2d9fdc2ca4efbbd9bf884b,paper_731b7c2ef2e17c9e721c
T3_CLAIM,2286,1726,sfti_1609cb626c57e3048c5c40f7,cand_5285613e37351a6215d55457,paper_52464a9d6f2e93910661
T3_CLAIM,2286,1727,sfti_8e7235553dbfc65a3e3e870e,cand_20c6ca430df156589b9bcf26,paper_370b9de0cafa2df70ca1
T3_CLAIM,2286,1728,sfti_c4959292f9863fcf79a46fbb,cand_1b98f4116a2707ce8d3bb84d,paper_8614d958b1fd56258652
T3_CLAIM,2286,1729,sfti_3406cbb4df7e3fc0dda56709,cand_b4cc188d5955ad369e1b310a,paper_6a3930f614a5b0685194
T3_CLAIM,2286,1730,sfti_0a0fc172bf4976dcec3039e8,cand_abb67d2ab35f92ad59033269,paper_a389b43553e79e0d8400
T3_CLAIM,2286,1731,sfti_57d83acf998357f23d21cc57,cand_4f8cce3a719b6b56eec04e68,paper_edc47b2e1d89bd1d57c6
T3_CLAIM,2286,1732,sfti_934f1689bfc1c5563a733479,cand_434cfa80fe3b0529615c43f0,paper_b818e1ab3266976a8db9
T3_CLAIM,2286,1733,sfti_1e539b3e7f1a946e2d1393c6,cand_e1e081a867142615895742be,paper_0e732bca591d02f4edb1
T3_CLAIM,2286,1734,sfti_ec80aa7330e416aab407cdb7,cand_4171943f967be1ba552d3a1f,paper_5117e27e180792a8db1b
T3_CLAIM,2286,1735,sfti_6278563919795428d2eafe6f,cand_70398e2faf05d66c0613fc6c,paper_2d7ca05313fc6630b325
T3_CLAIM,2286,1736,sfti_ffae43e23ad5d16a2160fc0e,cand_66b997700e3cf2b7d7713563,paper_c332c59b62a7c6bc99db
T3_CLAIM,2286,1737,sfti_dd9b1888163695495c824c09,cand_d5bac5d165679324054c9efd,paper_3fa14c53e2d79e3ad20a
T3_CLAIM,2286,1738,sfti_355e3f45039767a729e43b86,cand_bfd172e0af31004a5df45d43,paper_19623e79243d0cf49b1e
T3_CLAIM,2286,1739,sfti_b0d6c99845c8080296fb89f5,cand_f6cb5a53febe930a6779549a,paper_3fd6b65e358d7c3c8e29
T3_CLAIM,2286,1740,sfti_cda56fdffff04c9689a60bcf,cand_dce39d1f1332fb4f194e9b02,paper_0c8fe79b1c0c17ae6ae2
T3_CLAIM,2286,1741,sfti_12fbd6ac647b0a83445f56bb,cand_5c1d4e8614f53d5b7f69707d,paper_9ed7e5dd2d19fdae47dd
T3_CLAIM,2286,1742,sfti_90c3a1d725422f7aac498e3e,cand_45f836f2aa299efa046b3f44,paper_214d06fafbe5b2033c31
T3_CLAIM,2286,1743,sfti_ea46c0dafeef30e43f041af8,cand_cb6be58969bc518e2e1b4c65,paper_60f2e60b844747fe802d
T3_CLAIM,2286,1744,sfti_688b8033768286b7088692f2,cand_d5bfba85df788a16f5809f2a,paper_711883789f83c2f2a3b5
T3_CLAIM,2286,1745,sfti_72c9a7dc8c86d7c5fab072fd,cand_44ea95198e38566ff9006f77,paper_d94c17d2124c8f2c2769
T3_CLAIM,2286,1746,sfti_11097761c7cc785b8841ba6f,cand_22fb95ae0f2ff32ecf074f40,paper_c82a7cedff84b7d517ee
T3_CLAIM,2286,1747,sfti_b3cfb0a7e226214858efcf78,cand_754aa64f15e3ee0910174c22,paper_67ab53de6e75a2a2f118
T3_CLAIM,2286,1748,sfti_ebb89d26da1372f77b7d4320,cand_281c7a86a0ec4084b794c3f3,paper_00c54464ef9a21d1e80e
T3_CLAIM,2286,1749,sfti_e38a6b1fff10dc69f671d140,cand_031fa597e1aec3a8ed9c24db,paper_7bceba86105434cf9358
T3_CLAIM,2286,1750,sfti_207a5900decf2e30d73becbf,cand_b9ff562853a6f4c8885e05ad,paper_5a9b7e5a9f7c8c1ba166
T3_CLAIM,2286,1751,sfti_32cb1ed6b38d0a5d0f82db0e,cand_edfea828421ec3003bb513a8,paper_d4ec7d296adf27d47a89
T3_CLAIM,2286,1752,sfti_f58e363a08ce6716a88d69c4,cand_e3e50e16bbe69e7737471a5b,paper_06f28f494ab4fc8cbfaf
T3_CLAIM,2286,1753,sfti_820d03b563184f5224d7661a,cand_34f314678c0dd2b141f4a99e,paper_d9833886b4d05e7f2e35
T3_CLAIM,2286,1754,sfti_00297c738f3f0ee7a0f10c05,cand_01b4c87ab4ed77bf5e3cf9c2,paper_df08dd2519074eefbb90
T3_CLAIM,2286,1755,sfti_2f8184ac237ec58ba0f85ffa,cand_5209395c4022344bd4b47c68,paper_69f7388134bb5baddc3c
T3_CLAIM,2286,1756,sfti_c6cb5a348e39524e89b5e0bb,cand_b69177ddfea98c1cccf3ab2d,paper_75dbd75e4b029ba2987f
T3_CLAIM,2286,1757,sfti_b0a6386df0d191184a971cb8,cand_c63f774aa02d4f7472ac8bc4,paper_9698880edb2f1fbb0716
T3_CLAIM,2286,1758,sfti_f15c447bfb9964b09365c451,cand_7a67b74b4838583e1ada1821,paper_8bd9081f061e68e47e08
T3_CLAIM,2286,1759,sfti_af0cd4874b37e79f9e2feb73,cand_8a83b1cab03269e843191c0e,paper_ffb77e56b0c059fd6ad0
T3_CLAIM,2286,1760,sfti_f8e97b67db2b03f7c251c368,cand_d65a2a6ad0f490db1b2805ad,paper_624171c350cd49226760
T3_CLAIM,2286,1761,sfti_fcc716c2e311da23df91e26e,cand_5989ae7c08e6bf7588b2814a,paper_7cf2bb984eaacaed8b12
T3_CLAIM,2286,1762,sfti_f05c41b235392d8c6341248e,cand_df3b0622af8658453f5cdc48,paper_7d9f28a4e6c574da1959
T3_CLAIM,2286,1763,sfti_7c795910907fc64824a3989c,cand_a8bb2135e4152f93c917719f,paper_70053fcb3f6c88094e0f
T3_CLAIM,2286,1764,sfti_bef4a3e785c91f81e7461ad1,cand_c59686e7beba2886352452f9,paper_85c49445cc84be9508d8
T3_CLAIM,2286,1765,sfti_6d0df185fb5362e0db0f2845,cand_5abe5504798564310ebc21ce,paper_431ab1e76408d8b002e7
T3_CLAIM,2286,1766,sfti_0b8b5315c8c70e27f7260c31,cand_abee40a23d75bf24ea9153bf,paper_d7aa357dfb15c6a1e39d
T3_CLAIM,2286,1767,sfti_ac71e96724daef0c1b6fa2d0,cand_1edc8d97653ad52a69355bf3,paper_681211614a0b1ba376f9
T3_CLAIM,2286,1768,sfti_63e68faf50f3993106c1aca5,cand_41b43d699cbc0d18daa52b64,paper_f8ac84f71b01d5decc8e
T3_CLAIM,2286,1769,sfti_68f9f202238c786d0aa6a228,cand_28a43b2864c0fbf72ca50a36,paper_5e7136f9fee556336842
T3_CLAIM,2286,1770,sfti_192964f8915b22021aefd603,cand_f9662624f795736ffae24941,paper_b98a5e3ea66600840019
T3_CLAIM,2286,1771,sfti_3e6382aac207d1344812ec63,cand_21e33afa774fa61cff9f8135,paper_7ee211be810b2ec4f105
T3_CLAIM,2286,1772,sfti_57962a2a5835f715388578dc,cand_0729037ef2d0858703a691eb,paper_9eca70ac9c66a0ecc684
T3_CLAIM,2286,1773,sfti_4427900ddd2cc49609d3f5a7,cand_ec208be89bb9be8c4a5cb312,paper_bd3299bd8d04dbc1f635
T3_CLAIM,2286,1774,sfti_c3b60a4a792da740926f0024,cand_c308e03dfe5b225b7f4aebc6,paper_7c9969be007d847e2a5b
T3_CLAIM,2286,1775,sfti_9a9ad973efb521fd6125bbed,cand_ad76d693a9ed7bf4fe4891fb,paper_f656dadd65e5d8d9c09c
T3_CLAIM,2286,1776,sfti_a2a788ecfc483b8e3ec3c210,cand_f1130cf167a58386f7e4cea8,paper_344dbfc5c5b168e02b55
T3_CLAIM,2286,1777,sfti_117e2cf37d2fee8ddfb34df4,cand_7aa91f92cda2a14c34b8f3eb,paper_86eceedcfd0d5b078898
T3_CLAIM,2286,1778,sfti_b05a7d427c6279688f830538,cand_8206621767f364338f57b060,paper_7240b6122ecd6cc368da
T3_CLAIM,2286,1779,sfti_3aba6fa4b136c774bc670fe7,cand_c922455c79d6ad241254d865,paper_e072120be00c97a29167
T3_CLAIM,2286,1780,sfti_c7367ca88a634e28d3cc6bd4,cand_b360e091746be6cf9ac2a2e9,paper_b1be9d9c2235573dcd95
T3_CLAIM,2286,1781,sfti_12a71d71526486ebeff5b2df,cand_bbb3f2fc5123a38c487a897d,paper_c24dcbeeaf0e0de9dae1
T3_CLAIM,2286,1782,sfti_2c331c96f731b318e9e55baa,cand_e1576c01beca2f446d21eb41,paper_a15261b81ed3632a5f9e
T3_CLAIM,2286,1783,sfti_075b69500dc225cf2d71cb40,cand_d627ed5f30eec0cb73710c18,paper_5d1d17020e2f0bfca95b
T3_CLAIM,2286,1784,sfti_d38109ccbb38c7049eb466dc,cand_da1836654d3acb5ad50c16f1,paper_6ba850a9ab17db2dae58
T3_CLAIM,2286,1785,sfti_ebbe4e0643c3ecefbdc60245,cand_e96b6ce90135394dfc827d70,paper_d4cdccfc8cc1d77cc1ce
T3_CLAIM,2286,1786,sfti_f037dc5a69f22045472129b1,cand_69d6132d0ebff98452e87b98,paper_8c08bcd6a22c0c9d7824
T3_CLAIM,2286,1787,sfti_43f9f335d33bf3e9ba17fcbe,cand_18b6f57d9899914e513044a2,paper_f958223ca2563b6c2ee0
T3_CLAIM,2286,1788,sfti_33f1c17398807ac654254a25,cand_1e6ec01e021ea3f6c99061c0,paper_6937cc47e2b2f2fc2447
T3_CLAIM,2286,1789,sfti_322a6e6dbc1694870795fef6,cand_fcecdd36e6478cc6fbeb42d3,paper_70a33f00de4d371b40b6
T3_CLAIM,2286,1790,sfti_735de8b99e12268e1280b4f6,cand_5ecdebcab00ae80c22d7c935,paper_26adb28c631c5b0f11a0
T3_CLAIM,2286,1791,sfti_c0bad3e1478a29194fad7295,cand_c825b597ed1af720c8a56cb2,paper_8691c723d50c80ac5bef
T3_CLAIM,2286,1792,sfti_702f1c87839a6283c9b04058,cand_a85e89302e62c5aa932afba8,paper_4f264f36aaa27725d764
T3_CLAIM,2286,1793,sfti_ce9ed959f2baeb0eb0cc7e4c,cand_0930b70796a3782736c8cdd7,paper_87be139223c2bd606a81
T3_CLAIM,2286,1794,sfti_c86266a366cbcbb60d2eaf08,cand_2e4172b6545ad1a754d795a8,paper_f58eacffb09f17790ad5
T3_CLAIM,2286,1795,sfti_2c97511684f88fcd4ace5c91,cand_663d4dc47239320a51c94bdc,paper_97d1708d31f33264aac8
T3_CLAIM,2286,1796,sfti_16918e6e518235da56943dc4,cand_d475be69b1ab0de0315cd8c6,paper_8dfa0b3f4e18b1fd10c2
T3_CLAIM,2286,1797,sfti_b127adf2f7e599141f809642,cand_f14bdddc9a28c6f1563263b5,paper_95388a63f2873845bd78
T3_CLAIM,2286,1798,sfti_2b494e515c896ada9dbc7338,cand_a6bb9b6dfeed0c3acbc1e848,paper_a26f7bca44a5957af749
T3_CLAIM,2286,1799,sfti_824c8ba6c24e609ca0e231dd,cand_b0e6dbea95934cba712d54f2,paper_767cf025ca3c15e068b9
T3_CLAIM,2286,1800,sfti_7ad468dba171f751b1af1dd5,cand_6f62be1085ae53fbf292c4da,paper_3f7b8d5f291072c7e8ae
T3_CLAIM,2286,1801,sfti_6ffe5e0eb2b463504e73d4a0,cand_e4e74b02f7ea05a71fefcddc,paper_188b3bda72749a082373
T3_CLAIM,2286,1802,sfti_5d9b1b4ac5c4cb61071dc373,cand_a63256f1288257209179743b,paper_75028984950c883d55ee
T3_CLAIM,2286,1803,sfti_c279cbfc1f8dd01828368c7d,cand_8c088bbf64c0c2c56d288dd2,paper_f3afec6e13796b766325
T3_CLAIM,2286,1804,sfti_9bcb2a22c82d4b855b5d0d7b,cand_4337b2691c938ec62610f253,paper_a94d2ad962132cfd24cc
T3_CLAIM,2286,1805,sfti_63dee2ce3e4e6b0f019bb8a6,cand_b56caa3ace13d8691856210c,paper_55e8712d400de9b048dd
T3_CLAIM,2286,1806,sfti_739746f63762f76a6760a6f2,cand_c68e9878164e61de8cf4cc47,paper_d29c71e3e69f4f648307
T3_CLAIM,2286,1807,sfti_292b14b0ca897bd376222df8,cand_711d393e41da0f92189c909b,paper_e5e8bbddbeb6098efad0
T3_CLAIM,2286,1808,sfti_2cb50e037a1f057856c570db,cand_cabf57a53535932c3e09b59f,paper_b25069bc6310cf49e623
T3_CLAIM,2286,1809,sfti_3126aa1753c71f475faabf49,cand_51ccbeebdc317ada4a4b69be,paper_6d2c20d9a4b4a6edade7
T3_CLAIM,2286,1810,sfti_4f32ca98e0cfc8ce7711df76,cand_a727428e9fbaf5023b7cd4f1,paper_480ef6f63ad202e0de3b
T3_CLAIM,2286,1811,sfti_2db9eecf557ca1bb32c6bf58,cand_458bf714c0fb51183c62f100,paper_d0cda66392b22526445e
T3_CLAIM,2286,1812,sfti_19ac0bb1f9905970ac2b99b0,cand_9866145048bcfc5cae9c95ca,paper_1167812faa33b036641b
T3_CLAIM,2286,1813,sfti_78606527393050108a4ae890,cand_cb01987198d923469eb3dcc2,paper_713279ab4825df51d201
T3_CLAIM,2286,1814,sfti_131f17cd2785b5cea479febc,cand_a1804f8c1b21378e76ec9ab7,paper_a2eacde7fcf945fa8df6
T3_CLAIM,2286,1815,sfti_dff980905f164bb248e5ba6b,cand_e3467391a0878c52fb2995b7,paper_ad6c3aa9145b1a08c543
T3_CLAIM,2286,1816,sfti_96819c2a25a96bcd0744bf12,cand_850bfe6162e0b3c24b65d318,paper_963a69cfb2dd14d59cfb
T3_CLAIM,2286,1817,sfti_02b3c12570e1ea6d8795001d,cand_d59930905d8cd5fd15879fa0,paper_67f4876ffc226b423149
T3_CLAIM,2286,1818,sfti_2483c7df872b7b084aef5afe,cand_282bf9d03fe47c2c3d47f2eb,paper_4a02daf09222671bb343
T3_CLAIM,2286,1819,sfti_a9d654a6c4d18458be947c53,cand_c85baf7a4f131e83ba8cdcc0,paper_493fb857dd45cdb882e0
T3_CLAIM,2286,1820,sfti_205e4e9380798209db42019c,cand_def1f5895dfa56e038f67873,paper_48fe6515d531f9067495
T3_CLAIM,2286,1821,sfti_834aa055c100c968a18aa85e,cand_bb60566cf00fd69cef908dc5,paper_83ca826490ae45e8980a
T3_CLAIM,2286,1822,sfti_f35c4e33cef509c8becae515,cand_8ce4981f8273ba0e4401a57d,paper_2a6a270bb59934ec3ff6
T3_CLAIM,2286,1823,sfti_62a47887a309bf8fbaad773d,cand_15fbeab55a1a3db3ccfddc83,paper_dd072c7a9a4eb901d770
T3_CLAIM,2286,1824,sfti_a4ca47a15d0c3137f8c08a9d,cand_49316a5255307d6a4f295396,paper_97a174f50fd3871256b8
T3_CLAIM,2286,1825,sfti_634435565c93fb47d4849912,cand_4a20379d5158ca9e3bfed2f4,paper_32f9f4fea8cbf3bf5a54
T3_CLAIM,2286,1826,sfti_09c45103d80489c515934a6b,cand_0ca59b79f424fc409c22d869,paper_80494a124ca2656927e6
T3_CLAIM,2286,1827,sfti_df9e287281f2fbc565952c2c,cand_ec0a72725a039f9d60061265,paper_890ef2be2fd45f1127d6
T3_CLAIM,2286,1828,sfti_af37e9d104f7aeeef23c281d,cand_dab3fbf54a651fa16972508f,paper_b0e9eb2848ba1c224022
T3_CLAIM,2286,1829,sfti_8538f883427206f971e57a1c,cand_a8083df18196407cf53b6c1e,paper_7aff078d2e9781c2b640
T3_CLAIM,2286,1830,sfti_13f10b76ce2cb3d12422fe13,cand_534690b98f7300bdeb74e89e,paper_e1a9ba013944aad3196e
T3_CLAIM,2286,1831,sfti_6e48f3019b97e8f3f79116c8,cand_383cb05c42c6107ff14b151c,paper_a18c3e1dd508021eeb67
T3_CLAIM,2286,1832,sfti_193a974465df80cf38915cbd,cand_d19703698f76edc1640a76e9,paper_98b22e436f52b6233975
T3_CLAIM,2286,1833,sfti_41ca6f3351318f6692eecab0,cand_354ce757c8f485d0c432c908,paper_b1cf5c1ae7bd5bb2f927
T3_CLAIM,2286,1834,sfti_5806620bc49382d22a86eb09,cand_6065a66459f73e76b91704a8,paper_8fffa7755c947f926f25
T3_CLAIM,2286,1835,sfti_7e9f634cd0cdd61b184b1c60,cand_2c9899b5fecc43bc81622046,paper_d6098e7c24a35a215597
T3_CLAIM,2286,1836,sfti_977d82e87cb9def044ea61b5,cand_b13557d8c7cf1ec2a5297855,paper_a3eefdee2e6756587843
T3_CLAIM,2286,1837,sfti_c2ee93b25cd7b0a9c4963df4,cand_287e8dca0ebdd0e6925ada05,paper_b77b159f8f12131d26af
T3_CLAIM,2286,1838,sfti_f45609217fa5d5bbe10a8f76,cand_38d8dd6bbede8995cdcecb88,paper_67304a9245b9d6c41626
T3_CLAIM,2286,1839,sfti_8ac1f964bdd0a579e2cc68e3,cand_ed3b75f84557e74aab5d81b2,paper_c98ae0a78fde0cd2da77
T3_CLAIM,2286,1840,sfti_47f57ab1356216718d73cd25,cand_fc3643cb9b08495632e27033,paper_60859c18d1b677dfeea1
T3_CLAIM,2286,1841,sfti_490f5c97c6fda89c7430a271,cand_e59601fd85e3dc56e2ef8cba,paper_3992d40727ba7f0c80ba
T3_CLAIM,2286,1842,sfti_1424f54aac0ea946bd0f20e3,cand_b3e681f10c51c4be26b392d5,paper_040aee36b3fa8790d5c8
T3_CLAIM,2286,1843,sfti_94b58a8f2aa080daff3ba57a,cand_a776b87a81929429c8ba0b60,paper_b32b648f3c2ffeaead45
T3_CLAIM,2286,1844,sfti_9008d773822dbffe417ec04a,cand_eacf8d9ac59f804da2a84650,paper_64dfa37a81a06fd96980
T3_CLAIM,2286,1845,sfti_bfc9c9c7a2f277ab1390cec8,cand_ff7fe9cc3075fa0254fd989b,paper_bc82aaaf60e66f5468da
T3_CLAIM,2286,1846,sfti_c4dd33ed250f26a1fb63fc66,cand_b495e052341a89216cd69641,paper_3e108b41eee96bc84a73
T3_CLAIM,2286,1847,sfti_b4ef185e414dd9b93108717f,cand_f7434f3928143cce11276fe2,paper_1e45d661065122156bca
T3_CLAIM,2286,1848,sfti_fb6a4c92ab480ab1f103107b,cand_f538f214de5ed53f4ae0208a,paper_62d201305fdcd3046947
T3_CLAIM,2286,1849,sfti_c8487a551b40ec01f54bb44f,cand_8f09d239b368e0d64a38b5aa,paper_36163f27241605cac35e
T3_CLAIM,2286,1850,sfti_d7e0134eac4b609f9fe929c9,cand_cad0a318d64a4ccd7f7f4cd4,paper_c35f24f154d422c07108
T3_CLAIM,2286,1851,sfti_87cfb749b4f7488bd5cd943c,cand_d9770374f15754d113218c30,paper_b01d11615f92368273dd
T3_CLAIM,2286,1852,sfti_ccdc1fa709424fa6ef920f2f,cand_db0b6cf977fa606ce2c56ac2,paper_a7dd1f40e84491df9e74
T3_CLAIM,2286,1853,sfti_1a6725d118972e7dde49015f,cand_2d4ed66673c3e14a5a374150,paper_24876507fe1792361408
T3_CLAIM,2286,1854,sfti_c0fc812bab4afe2c920b0ac7,cand_246be7b322ec992cf52893b5,paper_e6eb31e0c696987f6709
T3_CLAIM,2286,1855,sfti_ff9de7e40e64a3610d5096e2,cand_c34f7d3858a2005afaf00b3b,paper_1f775b57bd412a071844
T3_CLAIM,2286,1856,sfti_6ebb09baeb626cfb7c055fde,cand_8f7ab55c0b801061004599d5,paper_e0bc38afddebf5979ec5
T3_CLAIM,2286,1857,sfti_bc33b0e75b0d84c132a69022,cand_a3cefbe13efca382e0d3dc15,paper_ce1163eb5c6947b3d79a
T3_CLAIM,2286,1858,sfti_0bc6853cb9faa09d9ffcedbb,cand_936c1fa5468db52b2d8e97bf,paper_27cb55815739afd98af7
T3_CLAIM,2286,1859,sfti_71db7bcb16af1e0dcd88559d,cand_36cccb335b70f3b4980da99a,paper_5e71c72f7a5dc52b2892
T3_CLAIM,2286,1860,sfti_a059a7f91f25b2b77f24e637,cand_b5b71b965ce975bc9542c91e,paper_46020a24db82d64c0fdd
T3_CLAIM,2286,1861,sfti_9ab8926fc58953566ff943e6,cand_068e78a98921086d5c51e841,paper_5011fcd87c855c7b431d
T3_CLAIM,2286,1862,sfti_b8edadb8502785638b238329,cand_b6469e747fb735fcc8ab29c6,paper_7dae2f2b5c43ce9aef0e
T3_CLAIM,2286,1863,sfti_fffd5e506d94b8f617bdd747,cand_0e3de6b4018c2f3dea28bf1f,paper_c0fbf7e54518e5b9cde9
T3_CLAIM,2286,1864,sfti_79523afff10fa242f5a03731,cand_fdb126813b9215dd3bc3d9b6,paper_254433e21b7170b6b83a
T3_CLAIM,2286,1865,sfti_60789c72f876bbafd75c3c40,cand_1360ec675787ac403b30aded,paper_369353ad961a699d2837
T3_CLAIM,2286,1866,sfti_6e22394b88a41dee9e95aaee,cand_f7d84f91277da3eb431dc323,paper_cc9ed1f379259d9c2e94
T3_CLAIM,2286,1867,sfti_8307b3ae68d20bda30c71ef6,cand_c8ce82a11796531fa8404ef6,paper_a9dd875727810e20e480
T3_CLAIM,2286,1868,sfti_c475544bd2c4130a9b24568f,cand_db9ce96584b982e6e6653f68,paper_d1664d57746a7f6eaf35
T3_CLAIM,2286,1869,sfti_e3405d2c5ec0be92c4c3bbc1,cand_47db945457d898367ffe1d6f,paper_890343a4524e020964d0
T3_CLAIM,2286,1870,sfti_9f6b9b9cad885ee1cdd8bc96,cand_97f168f9822869fc430170c3,paper_19d6d130654a2931c231
T3_CLAIM,2286,1871,sfti_d4012721569499b3ca59b947,cand_fe8676359ec62748d7e2ddc5,paper_664bbbd2927cf5a8c793
T3_CLAIM,2286,1872,sfti_20714988a1aba74e43541398,cand_ad4a9020d7e66bb26dc408cb,paper_80a68f160df4694a78e4
T3_CLAIM,2286,1873,sfti_298b7022c9d52e7d795753dd,cand_c75045f55151ea86635017a1,paper_a33d69153b85c02028d9
T3_CLAIM,2286,1874,sfti_4d14c6bc52d39a57444a3a49,cand_f929ba2441d58d9188b2783a,paper_bea3698e1259b05a513f
T3_CLAIM,2286,1875,sfti_148d6be4e2cb4070046ad3f5,cand_8e1ae004fce2ad24b8a4747c,paper_b00d47de8a46a6c79806
T3_CLAIM,2286,1876,sfti_3064311de9301db4de3fc61a,cand_3583c3f50ff981b0575da79d,paper_58ff33777204f4c8bb8c
T3_CLAIM,2286,1877,sfti_b12777c95b08e6aaa26bae29,cand_4344b9b3aaad91a547f255e4,paper_e3d8928cee28521c5c57
T3_CLAIM,2286,1878,sfti_dfa514a9284dcd89ab5353ca,cand_fc377ab85210919115aa8656,paper_0ac30fd051865b2ea76e
T3_CLAIM,2286,1879,sfti_77fb57d80056158665f8e69a,cand_3cfd46156f2efe93a5854851,paper_81aa2b919d1c92a07a7d
T3_CLAIM,2286,1880,sfti_42bc651543436c6c81292599,cand_982c17d770f7f8fe0a533767,paper_927858d424e2b9cea9ba
T3_CLAIM,2286,1881,sfti_8ec511d28ff59107e9e917cf,cand_33324b71653705cdc0ab26e5,paper_31cf168c71255530e973
T3_CLAIM,2286,1882,sfti_b7b71b5682175c59441aa2cd,cand_a11567367b96173dc595a2e2,paper_b8edc7930b5c5f8e22f4
T3_CLAIM,2286,1883,sfti_d0d27cc2bd459bd1fdab36fd,cand_e48ccd78acf5866e3555efaa,paper_f913304731279218e7c3
T3_CLAIM,2286,1884,sfti_0f5464c1c4bf5488f31ac3b7,cand_8c763ba5a030594cae4b8c08,paper_feb0bfac9268de917c23
T3_CLAIM,2286,1885,sfti_89370bc7e8f1eabbf9da659c,cand_84af7a86e8c175a9244e79f1,paper_8dc5c333e1321b1487f5
T3_CLAIM,2286,1886,sfti_d9d4826a84de84dff1c3f43c,cand_ae7fce56a4bfa5e84dbedaf7,paper_39e9d11387f6c55d1652
T3_CLAIM,2286,1887,sfti_86a8af6dca83774fc251b5fd,cand_878f10e1e7ed276e0e30870d,paper_f70c8739c330b884890d
T3_CLAIM,2286,1888,sfti_21f998402111bb2008792319,cand_e4cc550ba9807703028dd153,paper_cd430a12c79af147592a
T3_CLAIM,2286,1889,sfti_f4b55c1aa9892186bcd375c0,cand_ae6bdc8def9523a05e05c2f3,paper_16f52298d6daf40db176
T3_CLAIM,2286,1890,sfti_46b0ffc56350c48735b9ae91,cand_f6808d4d13c37d356e137223,paper_c8ae2c8db4e9cbb06f0f
T3_CLAIM,2286,1891,sfti_89927ccccabe0c22e827ecfe,cand_6e273d649f6ec3c25e317bb8,paper_73576f4bbe0b9bcc0958
T3_CLAIM,2286,1892,sfti_1bf16e792435602948b30278,cand_c874d7157c51c3d44616de44,paper_c7f4c59a783a734322b2
T3_CLAIM,2286,1893,sfti_a03d1403971700836364ca5e,cand_cbe305952c2992b65899198b,paper_1a1142f66516739f76d7
T3_CLAIM,2286,1894,sfti_e66be40c51c4a46987edaabb,cand_4a987d358d15943e984ff24c,paper_4df470ebcfb07bebccac
T3_CLAIM,2286,1895,sfti_5adb469da870fd308ee4ce67,cand_255a9942f44d32f8c90fec7a,paper_2a77513d8432605df47a
T3_CLAIM,2286,1896,sfti_4878de9edcd5b32f4824f0fe,cand_3002111a23eef22829a6f78e,paper_654a44c8e94205f86a24
T3_CLAIM,2286,1897,sfti_3d9d4f3b32c29a619817146c,cand_f843edcff2fa99548636b3ae,paper_14587ed0f5bdfc1a50ee
T3_CLAIM,2286,1898,sfti_3334c8d59595eee1e73d2bef,cand_afb8816d477798d3921bc1b0,paper_8a5acc89d7b1cbb5da6a
T3_CLAIM,2286,1899,sfti_dca296136cf318713b631519,cand_4f224e25071d896256beb8fc,paper_3b52b2355f8e01112a03
T3_CLAIM,2286,1900,sfti_61e5320f460808eb60efa415,cand_edb08f654967dc9ffd274bd0,paper_6445b8c71cfc27098a19
T3_CLAIM,2286,1901,sfti_7120ab9cd9fd860ef65d7a63,cand_e40490db3ffd069a92729cc2,paper_c84490476cf833bb6ee5
T3_CLAIM,2286,1902,sfti_9529861c0780fe291d729afa,cand_d4d3d4c109da554240e039c2,paper_b2d1155ad3ce1f678145
T3_CLAIM,2286,1903,sfti_fd58bbac9f6a246555f6dae6,cand_671df86ea7eaa34ec8c74151,paper_acef42607abe11ef888b
T3_CLAIM,2286,1904,sfti_a7e47641652b2fddaf98c780,cand_eff31979810d81130f9434bf,paper_4095b334fa6e74b81f84
T3_CLAIM,2286,1905,sfti_95cb43a575790d7b49cf252b,cand_12311b314171710fd6ee6acd,paper_a87575ab3689cf227d88
T3_CLAIM,2286,1906,sfti_0a3645e7def82757260eb6a9,cand_d8032dd295d1c35cb282d471,paper_e794729eb1562a4b7f3a
T3_CLAIM,2286,1907,sfti_5a2e2a1079859c1d7e36912d,cand_a452401ba4c1e78e321bfd41,paper_fda3c6da82b26c4d290c
T3_CLAIM,2286,1908,sfti_7873efcac5eca1003e260492,cand_3112034f5f750969a543539f,paper_2fa4ade2a3d21eee9f61
T3_CLAIM,2286,1909,sfti_eac314d8b95c3e98416133f2,cand_c26a8e1cdf868567ea76f19d,paper_90b73384b7f4312f3880
T3_CLAIM,2286,1910,sfti_96626b37347ebbedb5a36674,cand_34284a70e22815c576ecd3d3,paper_ef639adba85088c21271
T3_CLAIM,2286,1911,sfti_9bce7a9b562d3792add15423,cand_22632bf0a52225b0149b23b2,paper_b7f93bc4a0f6ac17062e
T3_CLAIM,2286,1912,sfti_cac32805febee74bc3b4b055,cand_d8242aad3d36ce3a6c790118,paper_aa9d7fc4331799659cfe
T3_CLAIM,2286,1913,sfti_5cdafa451713514ee308ead2,cand_15e6e6b38320884bc68060b7,paper_c9fdc8cedb5be40f0dc1
T3_CLAIM,2286,1914,sfti_29e997ee1b1b89c77b56842f,cand_c5e81b8cec61dc315fbf844c,paper_fd4f44b26db058b07e2e
T3_CLAIM,2286,1915,sfti_e77e73c1989a7d6bf9211deb,cand_7ebbff0d8bc055de8006fdc6,paper_28b41abcd26dc4562ec3
T3_CLAIM,2286,1916,sfti_1911649d69a07ea8880e82e1,cand_a842912961a15f26093ca32d,paper_12a764f13952eccb5204
T3_CLAIM,2286,1917,sfti_19434dea004b41f809d6827f,cand_a8baf1a61d0a5686dc6f0a5c,paper_e9ac0d341bdc0d314ea1
T3_CLAIM,2286,1918,sfti_bbe87f6b933c545a7f470d17,cand_feab44d15ba63104b2492280,paper_a090533a9bc941a8e914
T3_CLAIM,2286,1919,sfti_0dccdd73a2dca2aa6a48d12f,cand_2293bdbb9eed1da1b21ff5b2,paper_0d660ed882f95ed7cfef
T3_CLAIM,2286,1920,sfti_a2b0e393853ebf273752487e,cand_2fbcde2cc0c73f35499e5cee,paper_8f19b4cda93b876f475f
T3_CLAIM,2286,1921,sfti_30e7dd27091d1a2c74f4a825,cand_7f7718a6e3ae5b7a3dd08ffc,paper_e2410e75ea19291fc9b1
T3_CLAIM,2286,1922,sfti_d853c981622f7fdd5c49ca9a,cand_d087abfa80b596086f8f5ce3,paper_68b682c64bdfa515c2d5
T3_CLAIM,2286,1923,sfti_b57d78c3e11a689e073e87ae,cand_6f5f41efe433225e49f1a4e6,paper_7351e5743c7ecb5c6705
T3_CLAIM,2286,1924,sfti_244d5e5833d6e1fcd065835f,cand_ff61c2d19907e9f5a29e4d21,paper_56c871a48eef1bc45564
T3_CLAIM,2286,1925,sfti_3f39de78774e9413d56061a7,cand_e041c33a15a0860012f8b22a,paper_caf83ac6d968d7b42c21
T3_CLAIM,2286,1926,sfti_fa49fd2255ec1a1308161e84,cand_1c7652c91151439537a8b333,paper_ea154a917286952192b9
T3_CLAIM,2286,1927,sfti_ebe25239d10e4576dc173b6e,cand_e76342296e916e2fda1cb682,paper_45bffc535c6c75f3735f
T3_CLAIM,2286,1928,sfti_ad537644656936199669a338,cand_d94ad12e6f4a5abbcee3d8cc,paper_4bb04ced1198e17099d2
T3_CLAIM,2286,1929,sfti_13a26bbcb08994cb324b0da8,cand_857c46093a79a80c95be0698,paper_221f0c916ee0712cd55f
T3_CLAIM,2286,1930,sfti_354a16468680f46390e4bc69,cand_8b73a002c11efc14d08546a1,paper_d5bb0856ca7695b7aedb
T3_CLAIM,2286,1931,sfti_5a8099f7bda13fbfc2fc9ccf,cand_e3c5c7445c7552a143612c2c,paper_f127962446e96a02507f
T3_CLAIM,2286,1932,sfti_b7512a42b4c9de39abe70375,cand_35d663d3920df222a8ad153d,paper_2c9947398b4a04e8b1e2
T3_CLAIM,2286,1933,sfti_f73920100a7a61cc365f770b,cand_67b0a95038959199e8e37d7d,paper_817baf95fed9d0fdcad7
T3_CLAIM,2286,1934,sfti_ca62b3bf3d7e6a9a30c2ddf0,cand_b9e6685dc36c35820a2dd7f0,paper_e2971df144864354ab50
T3_CLAIM,2286,1935,sfti_2a4ea5d46d47083ca103e204,cand_48449d9fa7828270b11569d6,paper_cf4960f6d973ee4f6601
T3_CLAIM,2286,1936,sfti_86ec0affee21a4bc35f54f75,cand_410a8abe4195cd9c0bbb86ca,paper_661b1867c0226471dae2
T3_CLAIM,2286,1937,sfti_8f152f298de3a9b398076a24,cand_7edcb61716a89aed7aef96de,paper_869e1908a0428f3ad7c4
T3_CLAIM,2286,1938,sfti_5f83a93f67076de4bfe31a7f,cand_3d71f5012c3d25ae8bce28bd,paper_f00cd50c0c8adb622672
T3_CLAIM,2286,1939,sfti_4b88f144ce775028ab2f0226,cand_53106ed3ca123b7367f24f1d,paper_5f9e475046ee441302b8
T3_CLAIM,2286,1940,sfti_838fb438a353ab5bb7266160,cand_f3d28751fc9f224dc0b29b4a,paper_92969607871cfe57fe43
T3_CLAIM,2286,1941,sfti_c1a7242827486233708049d0,cand_2274269549df21d25fc2a8cb,paper_a9f339fccd3c96381e78
T3_CLAIM,2286,1942,sfti_0c1c3ec8515e1cbaf9abf61e,cand_f3f681d51a465d5e22ac5731,paper_4f31c328a7c95c22c4de
T3_CLAIM,2286,1943,sfti_52e8435cca275a1d7e5f35d0,cand_4c7fdf305e09976484ed863f,paper_cccf0a5d801b597f89a2
T3_CLAIM,2286,1944,sfti_0b99ac17784fff8980a57c96,cand_9cc62ce8649fe6448154c7b7,paper_cb918152eb88ac781e99
T3_CLAIM,2286,1945,sfti_af3756bb30d11e6d0e595928,cand_c1b09f1bd2d894b52e9a17c4,paper_0ec8a1fff8943d1ae2df
T3_CLAIM,2286,1946,sfti_283fb57e13fe409fa8d852b7,cand_9ae9f511b76eaf63962292b7,paper_0bdee45a81a51102cccb
T3_CLAIM,2286,1947,sfti_f2aac38dd5a4a735e3694984,cand_39c09a3203f025e32544c685,paper_4fe3a499c98362690104
T3_CLAIM,2286,1948,sfti_b8978d765de497a006c6d058,cand_f910121e00fd97b46ee787f3,paper_f6bb7179b2d6e6455912
T3_CLAIM,2286,1949,sfti_d3661c5483aea979c59914b1,cand_2fa7bea1f5991f0d80043eaa,paper_5cb8db5c0d334bb45ec9
T3_CLAIM,2286,1950,sfti_628ffa0951a23a15bfdc1b69,cand_83a6fa0db01062095fe06be2,paper_a79382eb4ad67c8ce4d3
T3_CLAIM,2286,1951,sfti_10e5a4a2b01d66385aed1714,cand_4bd8948ff96c07e25b027389,paper_772843d89b24948dd741
T3_CLAIM,2286,1952,sfti_88a4f0c3c488dd1aebb973f6,cand_96bfac80a6cab8c54e4c572b,paper_072bfbd0f8798926c557
T3_CLAIM,2286,1953,sfti_9d233818c65c0c9fcfaa78d4,cand_9663d1517234e843404eeaed,paper_d3384a041b7bca380507
T3_CLAIM,2286,1954,sfti_7ba3a34114808927db7057d8,cand_728564318ef053c74a124601,paper_c750381016e9d48f54f5
T3_CLAIM,2286,1955,sfti_716f82c91eeee6e02ef98447,cand_a84f7c756e1aa47db3ffd024,paper_37a7e2db9bbcaed1144d
T3_CLAIM,2286,1956,sfti_b458eb48f1ea3846a2b915b1,cand_21d6fd6b0f683956e0b1d7ff,paper_da0ac833f07a1de644ea
T3_CLAIM,2286,1957,sfti_490c26e63b1d2aa529830ff0,cand_2e53b0fac9f45b1a456d3591,paper_0232cc466c60248dfdc3
T3_CLAIM,2286,1958,sfti_df21af968e15d41adfe5b355,cand_e3de06efaae377095394b8cc,paper_cf903f949f015c0adc07
T3_CLAIM,2286,1959,sfti_78aa8e7150646b3e4d1ba29a,cand_9c7b81c67b0d21d3729f6547,paper_7ba24873e76b8536a7d2
T3_CLAIM,2286,1960,sfti_ecd018feebc715caf43d401c,cand_97a909f6e1b4cd51c2f1b153,paper_d50b8aede0d39091b0ee
T3_CLAIM,2286,1961,sfti_e026d91597c5f04aa61abb64,cand_9e6d21e1c7919e1a99c92653,paper_2915459eda4b88d763e4
T3_CLAIM,2286,1962,sfti_bd47af7e6b2dc365d3471d2f,cand_f99c8c7b0ad956c14e590494,paper_ce646a57e074e1cdd0d7
T3_CLAIM,2286,1963,sfti_da53b3dff280001028a7b24e,cand_b22f0093cd679b218ea94850,paper_ff9b82de434c6ec0f4b0
T3_CLAIM,2286,1964,sfti_ffb63736b349db3aaa861b04,cand_ec6fbcaba127f30596b4294b,paper_70c25393cf57bb9d618f
T3_CLAIM,2286,1965,sfti_0ab32bd817b3b075bd909806,cand_9d1c3f244de97f318fc13f3c,paper_2cf89ece81e90cd3f910
T3_CLAIM,2286,1966,sfti_3c17bbcacddfe51c674d4e2d,cand_8cbe12f5b3f944bfd3b3092b,paper_c15832fcb3eb74f0db4f
T3_CLAIM,2286,1967,sfti_5075ccfe2fcb52690c975b6e,cand_18b1dd68d0d13e724bb32bcc,paper_0c8802876de96d138888
T3_CLAIM,2286,1968,sfti_6fa01d77dfd893aa0167ff8d,cand_b225bdfe2157051d6dea4af0,paper_169d152bd78e1f0e9b49
T3_CLAIM,2286,1969,sfti_2ffc06022601b032b837d104,cand_c6e8909553bfe2246f2dc71c,paper_585a1342fa701de95a25
T3_CLAIM,2286,1970,sfti_84ca0df2bcec75f5f5df1e1c,cand_f8e3953fcd453b83f400258a,paper_5ca5aa1d06192397111a
T3_CLAIM,2286,1971,sfti_8a7228e0cfe898eaeba41fdb,cand_94c63e3ad45bc4ec8133cf76,paper_04e03066f4102df0b9bd
T3_CLAIM,2286,1972,sfti_ea7d15a9d7786cc44a02e33c,cand_968ca8d6b2d1783ea5dd185f,paper_13fc56a51dfe60a5074e
T3_CLAIM,2286,1973,sfti_cae940e6d27cf4d8cbf14241,cand_b8c43856c488393ae88498a4,paper_7249aa5b34be37b5061a
T3_CLAIM,2286,1974,sfti_75e87ba056bbfc31405e6c26,cand_c05b5231c952981a3d11a150,paper_60df40936b7a7b4cec2d
T3_CLAIM,2286,1975,sfti_34473ccfc57aca126742adc4,cand_e7ac66c32cd88f9c2c3efdd7,paper_7d5aebf7dad543650e12
T3_CLAIM,2286,1976,sfti_c9bda9aebfdc721d843495b4,cand_05dd99510c15bb268d7eb203,paper_df2d25df8f7320c47544
T3_CLAIM,2286,1977,sfti_16e1dd1ae5f34e18a781e6a4,cand_bc91d591b9c3151db60a1491,paper_9fe3574541257f9f6861
T3_CLAIM,2286,1978,sfti_bf6714b85fea5f39df47b8b0,cand_c810f395cdc1264581677686,paper_847d39d827c9790807e8
T3_CLAIM,2286,1979,sfti_0b056a35351c5f24b4856c2c,cand_b696b1e3856c6e4523c9ec48,paper_a462119ad795fec5ed0b
T3_CLAIM,2286,1980,sfti_26711d5798dcbef2589d81a6,cand_b8082827f04613afa4986c59,paper_a1bff7fefde21c114512
T3_CLAIM,2286,1981,sfti_f60abe06d7abeb12fa3eae53,cand_fcf5e6d7c480bcfd556243c9,paper_bcb1bb37ecd7b206ef6c
T3_CLAIM,2286,1982,sfti_f41da74f7aa375742d646041,cand_2da02dc8e970d779992a31bf,paper_f001ee95d934e85b0f40
T3_CLAIM,2286,1983,sfti_32364712d47a07cf6d2040db,cand_57bf03511d374c4c92bb3172,paper_a6c7c43c9bb00b33965a
T3_CLAIM,2286,1984,sfti_ba4806377e0a1dbb125272ff,cand_acac70377de1def8d0567ebd,paper_cebee2fe81ebbe1a3c48
T3_CLAIM,2286,1985,sfti_e2148063dbc1c51fcc0a28b8,cand_8057e9f1156217e475726bd6,paper_bd4546a641a1bdd72a78
T3_CLAIM,2286,1986,sfti_b2063e8d8bed550a3f49eab6,cand_9b388e228b7431eb5d830da0,paper_54c0115fc01170ba67ec
T3_CLAIM,2286,1987,sfti_ec1aa3434a7e50415babfb73,cand_44f79ca921d97026d5ef976d,paper_f45797a88c262068bdbc
T3_CLAIM,2286,1988,sfti_dc2ee57453295636dae355f2,cand_7e04f0525ae77b51ad317cb7,paper_a8f5bd84ab7ed289a528
T3_CLAIM,2286,1989,sfti_fb05192efd250fce76f3efdb,cand_6dca2169018c74220b03c2c6,paper_dac18f93f70a297cc71f
T3_CLAIM,2286,1990,sfti_8d9060f2e4468866200ec829,cand_879cffe256e203c62c23b346,paper_527a780511b23ba51453
T3_CLAIM,2286,1991,sfti_39a7a16a828e02a49507d415,cand_5d7db9a5add8e27f9a7ef313,paper_dffdbee00caf5a312878
T3_CLAIM,2286,1992,sfti_8a1ca8391daa82e6320f072a,cand_df95b8a5206a42b7170e9bb5,paper_03cdba0d9cb94685678b
T3_CLAIM,2286,1993,sfti_4e79176f0f3acb7a04cb6371,cand_8ec676624fec71affeb2ee2e,paper_46b8f27edf61a5ba6af1
T3_CLAIM,2286,1994,sfti_7f5372dad419199c5c357730,cand_02c8748fc4903c9aa3729b2b,paper_50c23e22863d3b23264b
T3_CLAIM,2286,1995,sfti_de37973a22701ea9974da288,cand_a4545e93d150383767d3ee8d,paper_639f89983dc30d163de4
T3_CLAIM,2286,1996,sfti_c2af1d06d19b3c87926a77a1,cand_35383c25aaf090744add5c99,paper_da2c1921900f7aaaf916
T3_CLAIM,2286,1997,sfti_cf9d646c1514caf9bb574a22,cand_d0fa792bb0ad6d6f475de1eb,paper_b12e54a4828575cf2d3c
T3_CLAIM,2286,1998,sfti_ab564871e90eb61985dcc538,cand_54daa8b39d808163cd2bf2e0,paper_e4a88ba35e52ed489087
T3_CLAIM,2286,1999,sfti_c8791ea4af85497526c485b2,cand_dc8a053e39b5c08601b641a2,paper_13a837f8c0110a1a3b3a
T3_CLAIM,2286,2000,sfti_a4dea182ccfacf1d01d0433b,cand_4e03ca0824c52fd5bbb47449,paper_bc441e9581da32646cbe
T3_CLAIM,2286,2001,sfti_fd4fb89744b58e20bd0e2fec,cand_ea42651999b58ac250bb3381,paper_88c706177de14c2ef0f4
T3_CLAIM,2286,2002,sfti_976406b459f3401ddb0232d6,cand_11c9e7e12aa33af56e769def,paper_1162d660a2adeef19f80
T3_CLAIM,2286,2003,sfti_044c68a56b3da795f3efcd3e,cand_25fefdeb66a7a9a5505e1637,paper_eee7ac052c3ad5dbac4d
T3_CLAIM,2286,2004,sfti_e735c524f8188d1423b7f8d8,cand_eafe05ee3fff0d2a6ca6cc71,paper_0f61c61330c55093b22d
T3_CLAIM,2286,2005,sfti_eed873a40071bf4a4772d9d6,cand_de1d83144d085e9bfde88bd7,paper_d8a5a42f9d9bc9708adf
T3_CLAIM,2286,2006,sfti_f971f5ed6e926eac5e5559e7,cand_16cbbb4531344fc063c20839,paper_b2dfc0b6e405dcfbbd41
T3_CLAIM,2286,2007,sfti_5398c04217335e02f5385e36,cand_5d4900882767c2bd2e8e7afc,paper_bf3e76e2793a39a4b709
T3_CLAIM,2286,2008,sfti_c75ad9053876c0910fb2d377,cand_16361da75749d1e661590d5b,paper_1e6221d350bec18f02d2
T3_CLAIM,2286,2009,sfti_988e7ea942691d7f229b51f3,cand_fa21f77e17171aaf8a551106,paper_5cbb72428f2974a70216
T3_CLAIM,2286,2010,sfti_1911a3bc3e736f9068583ea6,cand_924170969524d7d256a41f34,paper_afa3ea7d91650d4e3122
T3_CLAIM,2286,2011,sfti_a638c801731c78d19e33264f,cand_b3e688d42327982a5150002f,paper_25e647536008b73b1056
T3_CLAIM,2286,2012,sfti_e334f7ded2523a7e55f39f5c,cand_8e220ed59cb68bdf96725019,paper_b2c27d42e1e30d194acc
T3_CLAIM,2286,2013,sfti_ce21e86939c93c18a50de0e8,cand_20f0a3c9a7ac7f4b1f3aa3d7,paper_3b5376f517a21dde4409
T3_CLAIM,2286,2014,sfti_634e649bf9fec1612ec91619,cand_57b02820ac000f7e3ebf8b2f,paper_0e2dd7108794ac9b6f39
T3_CLAIM,2286,2015,sfti_f1c153174ea52fb3a1ef01ca,cand_4521d56a4bd4b12d73ebd1e3,paper_94955909662fc0f4ebf4
T3_CLAIM,2286,2016,sfti_2e6b23669bc03e04d67a12ee,cand_71b34377a1f6964979ace50b,paper_23bc6223ed3b36fa514e
T3_CLAIM,2286,2017,sfti_4fe5496fc110b5e174814015,cand_6431c07ce91911db352246a4,paper_8960d35e4e7e918f25b3
T3_CLAIM,2286,2018,sfti_82c60bfe3399b530ecb4c386,cand_cdc348f489878c97847acdb6,paper_3d69b6ca8bac023a2e37
T3_CLAIM,2286,2019,sfti_6504630af4eeca31aef445c7,cand_e59ef4e2577fd07e56c9db85,paper_dc40c15f69551a6bf4e6
T3_CLAIM,2286,2020,sfti_5b61bed384e518d7479ce095,cand_07d4d45c720c11a0165954fb,paper_3824e02ea70998383a7e
T3_CLAIM,2286,2021,sfti_f553280ceaa9a1c497a31bd2,cand_c97f7f801ca0942615ce85dc,paper_c7495d7c09eec5e52ed8
T3_CLAIM,2286,2022,sfti_62149bfb6bd4f6f2249753f3,cand_b63b5bd321141131a8248c51,paper_c3f5f52f4c2a9202c210
T3_CLAIM,2286,2023,sfti_b2d2590a08ff507482c04e8e,cand_3ad92b9804c0dd6d8488e101,paper_d1e6094c69cf04df5d74
T3_CLAIM,2286,2024,sfti_0ce5568449ec7bcb66be373a,cand_8ccb9ff0351d376c58c53d62,paper_a1519868149566c09b85
T3_CLAIM,2286,2025,sfti_29acc73030753aeb63df3332,cand_1f0c7fe9e8ba76784594a987,paper_be0e7d5b81995f9db5e7
T3_CLAIM,2286,2026,sfti_82dd5b099cf580ed39204102,cand_3054b1d335e639d6ec9da7d8,paper_a29e23e2440fa2936e13
T3_CLAIM,2286,2027,sfti_ac5ce40d2752375524712c5d,cand_1fbec325f135e9f966407cf8,paper_0cf5a0ec78df6032a89d
T3_CLAIM,2286,2028,sfti_66a11e2c56b12ee0c3ecc04c,cand_522b3f79709ea6197d113790,paper_3931b2764d33f08f9b60
T3_CLAIM,2286,2029,sfti_b7a0d02e149c6234d4b70a66,cand_de2cab367bcf4e0a5cae605a,paper_f75c9e7cadf53309c341
T3_CLAIM,2286,2030,sfti_087bd00b892c45212965126c,cand_4cc28ef5c510727bb794ea75,paper_40e3cd75e93f814f97a0
T3_CLAIM,2286,2031,sfti_0b0b09ae3415166e04b61a6f,cand_29d19fa535624a0615e408a8,paper_4776df45999b42cf21fe
T3_CLAIM,2286,2032,sfti_578ed2125f6c077971f0eec5,cand_850c64875a59d925d4e7f948,paper_cc9b4421cec4c4f430f6
T3_CLAIM,2286,2033,sfti_98413fc8e5a4e222761fde4d,cand_915fa29cec74d948788be734,paper_54666dff53c384cd7509
T3_CLAIM,2286,2034,sfti_d101ad4a811f3c2391ef25d8,cand_098fdff60ea7fddf9e3e8d7a,paper_861b33b54fdd426c017c
T3_CLAIM,2286,2035,sfti_96172d5222e8af9d9166f0f5,cand_2814d0fa99e44c5b7c9b0d9c,paper_a7dac2e3bae1747435ba
T3_CLAIM,2286,2036,sfti_d5c13e21c02cf4357d80c9ee,cand_ad700e87a40dab68a262d6e9,paper_e2fe8c3fb17de72a30f6
T3_CLAIM,2286,2037,sfti_998d5cde9249be5ae68503a2,cand_76538804cc291dda34452505,paper_8640f23aabb16c409f47
T3_CLAIM,2286,2038,sfti_b9f6b19bb60bcf1fbbb296b1,cand_3b6e0866563c5a9d4884a793,paper_47024cbbcdb16ac50eb1
T3_CLAIM,2286,2039,sfti_4c8f134d5139ffad9d45abff,cand_f8116789ed389f6af9d9cded,paper_838f47356ba40564b3ac
T3_CLAIM,2286,2040,sfti_10a07cda1e6ab9a0a6f78a17,cand_aaab37e66785a34d610bc701,paper_5a3d978656bfefcfcaa1
T3_CLAIM,2286,2041,sfti_97bdc41cab10ec521363a356,cand_e116144303b81f1dda2ccce4,paper_6b75ffeb53b95e1996b1
T3_CLAIM,2286,2042,sfti_c2fb5b21116e357218198715,cand_37a69a5021ae85c6305aabcc,paper_875f2d35bea8cececdda
T3_CLAIM,2286,2043,sfti_abeb8c0896b23f21db193a15,cand_a06a5c9b86e0838a681b8a88,paper_1d07631f1981f7bc5e0c
T3_CLAIM,2286,2044,sfti_92a640c63300a60394b19e4a,cand_c168859fa728f15ee3564c37,paper_d792d6f81b5dfd11ffa9
T3_CLAIM,2286,2045,sfti_40c0533ec673c8b8a934cca2,cand_7c0511335fd1717c47eac48a,paper_33864a2cb500270f3094
T3_CLAIM,2286,2046,sfti_8c013e7286e389f4d15e1916,cand_b85390c228cdf192c6b36ca2,paper_2175732ba55339f5c6f5
T3_CLAIM,2286,2047,sfti_f44fe0ac3061c72c0012c3e1,cand_710065a276a626a74f81e85f,paper_760c24d74340c0ae9428
T3_CLAIM,2286,2048,sfti_ee45e065adad4731283c5a02,cand_19e2ac9e885f1a6cd26779c5,paper_a4bb65c2fe1a69894fbe
T3_CLAIM,2286,2049,sfti_64874d03024681437a40fd60,cand_51723682d190ff43894c6afc,paper_604ab3e72068761d0f8c
T3_CLAIM,2286,2050,sfti_00a394a5b346e4a0579222eb,cand_d967f539974623d832aaa1ee,paper_b78f0ad273c0f3734d07
T3_CLAIM,2286,2051,sfti_74da2e70f251e1cc21f71c9c,cand_5b78de6a48e19467696deba9,paper_1481b40c44e6e5e2973d
T3_CLAIM,2286,2052,sfti_59a68628bf2ac206a72d7888,cand_382e1b8e3a1aa92b1f156d96,paper_a6a71ab05e2677c8001d
T3_CLAIM,2286,2053,sfti_22c6f9b939015579f9e8b26b,cand_88a43d205f39f6d256664a2a,paper_51baf8f76a84b0eddc34
T3_CLAIM,2286,2054,sfti_6b4d11aef386586ed23d0b6f,cand_c2f8ed3497942c65b9947ff5,paper_e6ae6ab9fb979351c1c2
T3_CLAIM,2286,2055,sfti_94060d17e92d1dc2309ae0ca,cand_02e07bf121c0b8b6bc6d3418,paper_ed031094b6d95c52f92a
T3_CLAIM,2286,2056,sfti_17bf0acb4fb4cff2d6494360,cand_112278d2bda3215429241fbf,paper_a3dcf98fe3d5b5b73d1c
T3_CLAIM,2286,2057,sfti_4121ff933c69395bd940103b,cand_35711bca76fcc27d7a1506f5,paper_d17dc01908906bfae39f
T3_CLAIM,2286,2058,sfti_01ebb62ebfb5e4c0d2f3cfb6,cand_1f97d15825aac3633bb59166,paper_ba893a0b287fc0db68c1
T3_CLAIM,2286,2059,sfti_0258a0cc516fef6915e927bf,cand_e8f5cc014c86fde3343afd18,paper_f30f6ee41d1bce340228
T3_CLAIM,2286,2060,sfti_b5ea704acdb8141b4d7a1a24,cand_caeb0855f37ef61688f0d38f,paper_783174359f20ba253383
T3_CLAIM,2286,2061,sfti_cd8fad0a8563ab83455c5aa0,cand_d567e2ef6bfba211575d2bb3,paper_eb11ccf29d2707b726dd
T3_CLAIM,2286,2062,sfti_25edffbb89eb46e093947aa6,cand_48596f9228e51447ef6e6adc,paper_04ee90d11a9e2e5995fa
T3_CLAIM,2286,2063,sfti_cff08f907cd96126ddd5e10e,cand_85dc6afd263d32ce8cd4aaf8,paper_3c08cf90b3f2d280f2f3
T3_CLAIM,2286,2064,sfti_83d07b9a278e74f8af90a4ac,cand_bd34d4ab4aebecd2c86ca218,paper_aadc9a2a8ea2dc22b12f
T3_CLAIM,2286,2065,sfti_6071cfe383151582516fc5e1,cand_e9227fbc9863a8693d51711c,paper_e6973e2b099a57d76505
T3_CLAIM,2286,2066,sfti_7752b7553c5078b3723d9906,cand_b5d5f7a774a3f27a0b409a07,paper_5fefae153331fd9cc0e9
T3_CLAIM,2286,2067,sfti_6b53c2424e71b9d95e99ce72,cand_b1939f1bf67f3a253d5cf7a6,paper_643a6372616ac7c0afc3
T3_CLAIM,2286,2068,sfti_282d781fb24bb313e8c8a452,cand_fdbc3053199cd1af54454195,paper_65b7b19882eb5c68826f
T3_CLAIM,2286,2069,sfti_326ea2fc2736f7d5da8a79c0,cand_5df439a0d1d00a6a2bee5b17,paper_8c839b9120e4ee048bb7
T3_CLAIM,2286,2070,sfti_f6045ce01e6094f6f7fbb68b,cand_be4aac72dd4c92e81b60b56b,paper_64f6bb931de628c36b22
T3_CLAIM,2286,2071,sfti_6745b683a4a9e03162e374ae,cand_35c871dbd2c22c4a979c3fbb,paper_ff168db638406d844444
T3_CLAIM,2286,2072,sfti_62e1dd576d57fd0933de5372,cand_f239b8b4b28a2e11976274aa,paper_6a13a27f7b0b3686ceab
T3_CLAIM,2286,2073,sfti_c551fc7f54bfb6742d1fa3cb,cand_24e5219e20e12b113cabf8ee,paper_bd883eabafd2e7b17297
T3_CLAIM,2286,2074,sfti_b39c6b169aff50aeb4efb976,cand_69012de120f9e6bb805112c4,paper_d9a7caa927432b9a5d58
T3_CLAIM,2286,2075,sfti_2e31fe5cd9a7b49a4b9d690b,cand_3e59efac258e563965871cb4,paper_e86fbfbb33457828a031
T3_CLAIM,2286,2076,sfti_53e8b569f8551d6ea9b59107,cand_e5580187ceea7907acbb8b28,paper_4b85962af18143d5abdf
T3_CLAIM,2286,2077,sfti_6d489db0d327127691a1db2d,cand_f6a4b60ba4d802c3ac8fd447,paper_c27015976f546c132876
T3_CLAIM,2286,2078,sfti_a3e81d4aaf3aa9292f784a48,cand_ca1e89f74ea96fcca1cb3586,paper_d62c80d90844c772db99
T3_CLAIM,2286,2079,sfti_cdf2aafd8e046eeb0985e8b3,cand_9abbff56a022e18b761262e8,paper_09975f20216dae5ee14c
T3_CLAIM,2286,2080,sfti_36af158f1b0b813b312694fc,cand_829483b96697ea9d934072dc,paper_bc125e70842da3448cfd
T3_CLAIM,2286,2081,sfti_3d205b23a6bd55570f251728,cand_dd0afcfb18825310ea6a2900,paper_a39e2e13b6afca086191
T3_CLAIM,2286,2082,sfti_0ce2fabf937fa99fed476bd3,cand_6ada9f00e510800b973a3167,paper_6b75a0758f7f8e49a5f0
T3_CLAIM,2286,2083,sfti_73498a94dc25e9a4a71c27fa,cand_116e11c8fc9601969f8ce9b8,paper_946d4c2b5781949689cf
T3_CLAIM,2286,2084,sfti_b865fe0f34138fbc0f01c429,cand_a4bf86a65788da993b74f36b,paper_49853d61ac9e78b09d27
T3_CLAIM,2286,2085,sfti_6063576cfb9ad7cabef7f1a3,cand_1929f91f125929b765b197ad,paper_d79077e7e2e94142e92c
T3_CLAIM,2286,2086,sfti_0ede8ff57ac6cae50d9220df,cand_3d834b574cf83f1f5d358511,paper_42ede648fd3ee44ee32c
T3_CLAIM,2286,2087,sfti_22113e0851fba51a06b6a2b4,cand_fc9dcfde895620a839b2f6bc,paper_c5b615402973f803a7b8
T3_CLAIM,2286,2088,sfti_264df1520ba43e8914b2415a,cand_9e4addad4f1115ad6476cad3,paper_3cec864523b3855c0a2f
T3_CLAIM,2286,2089,sfti_c55fea744e9a66be9e96da9c,cand_73fb6d3771c2b24d35a4c825,paper_cdd128adfb5f643d39be
T3_CLAIM,2286,2090,sfti_e63fbb3da80d09625ef96a09,cand_6b4e9586af6defd3dceaa1ae,paper_6c5c6b112e0865b22bb2
T3_CLAIM,2286,2091,sfti_95f01db7f139c20c115a0ec0,cand_16687ed2c605d0c015ce6297,paper_86c706cc7c1b31c5b704
T3_CLAIM,2286,2092,sfti_e59368c02c9acc9cb0118c79,cand_9a0f2167753a4ea061aff1c3,paper_e5dc74b751031ccb7720
T3_CLAIM,2286,2093,sfti_16d84997eb122ad17b061400,cand_d4560680a0616293c2ddb279,paper_c6717e49ec3e5a60cde8
T3_CLAIM,2286,2094,sfti_c3d316efe42792283b23bae0,cand_e0a2a27da4a185a32933dcac,paper_b3552b6fdbe0b7700b37
T3_CLAIM,2286,2095,sfti_3621af2d6ed63401547b7615,cand_52d5aaf74bb582c50d3c5075,paper_a09a8082d3f2f6bb58f3
T3_CLAIM,2286,2096,sfti_58f9cfe3d556a713f9175e70,cand_c85bc340830a980c18644c8a,paper_d4cafb54afe17e7fa6d9
T3_CLAIM,2286,2097,sfti_75508cefbc5015b3bf9295b7,cand_d854add4281f187e2471e3b9,paper_5bca1bd05633e9cb1ac3
T3_CLAIM,2286,2098,sfti_be6056491241a21be116472e,cand_5124c8067bafcd9afb1c6549,paper_69fa8302ed65d234bceb
T3_CLAIM,2286,2099,sfti_a62f3f7e0bf3d1897fffbefa,cand_e4e6df84b78cff74b428c741,paper_baf7e482899e4dc7153e
T3_CLAIM,2286,2100,sfti_76c289869f2afd78fb74c80a,cand_ef38488991a39fbc35c97ec2,paper_87938812c0715e3e4672
T3_CLAIM,2286,2101,sfti_39745c42912e15dc9cd86eed,cand_2fc659338a4084f903375409,paper_8a046c008c29850c937b
T3_CLAIM,2286,2102,sfti_05eda312e889b3d006499792,cand_a08a47114c453e06c825bb39,paper_c9076bad50255c56eada
T3_CLAIM,2286,2103,sfti_42bcea6a5661132da3c2384b,cand_af5d6115214c5846e0d4fa8a,paper_3a30f676a58dc9a464f9
T3_CLAIM,2286,2104,sfti_74420b6e23fe727600f4f41b,cand_1b73b7fe6cae5e786f6c9fa0,paper_b4d40141243bb11115d6
T3_CLAIM,2286,2105,sfti_9b4bf53e70572a98355dc5cc,cand_3f34cb47bbe007a7f838279b,paper_f240d9d1ee41e7af2920
T3_CLAIM,2286,2106,sfti_684579a440df902f9ca6ceeb,cand_3535531b83fbf23e1d2a8b51,paper_edf34128fd562d5d7109
T3_CLAIM,2286,2107,sfti_8b7f63c6b29e7d065513b8e3,cand_e9d97c9b54062e911901b94a,paper_888d630bcdb565561a56
T3_CLAIM,2286,2108,sfti_a68dc0560b261d420f3dad45,cand_87568ac2c6aa2ebdfbcca904,paper_fbed811a281c252f5a17
T3_CLAIM,2286,2109,sfti_04db6402fffe8ddd8933d19b,cand_198cf50f225e442bc9f7c500,paper_aea223f0ad33690bdefb
T3_CLAIM,2286,2110,sfti_081890a632460aea6f8c3bcb,cand_048e1be7a0d8cd62f8c491f1,paper_6482013036e9e86dec50
T3_CLAIM,2286,2111,sfti_b88f3b479b66eae1df67f713,cand_fc7ea55750f5c842d4a3018e,paper_a49fcbc0b13ed1d5644a
T3_CLAIM,2286,2112,sfti_6f7c5d6931fac62c0a4347a4,cand_db19f3dd3e75f8b360a7c105,paper_ac38b317c822295aa2fe
T3_CLAIM,2286,2113,sfti_04ba82824f7b20e81a02c394,cand_70b1a590cbce524e84989d0b,paper_9e4aaa1c725080258723
T3_CLAIM,2286,2114,sfti_cebb29986a7abafbff40cd71,cand_57e0cffbfe2dd0768012c3a5,paper_229253424b5d6f2ab1ff
T3_CLAIM,2286,2115,sfti_0a130616de81729e4f0f0452,cand_d34e8eba8f2c70995d1dce30,paper_ff0c331a8a77ddf76be8
T3_CLAIM,2286,2116,sfti_292b60a86d3a9c36ac2e4745,cand_d2cf232780a29ebe012c40a8,paper_855a30d7906bf1696f18
T3_CLAIM,2286,2117,sfti_c923b22cbc860c50ef86d3e0,cand_29e80d8677ce5bef8748b967,paper_62eb7922d1e559ef503c
T3_CLAIM,2286,2118,sfti_82d2f9d5da0c6bb6c2187999,cand_83562f5deb4df94551dcef12,paper_583ba179ad1bd014f19f
T3_CLAIM,2286,2119,sfti_bd6a138e9883e78ed29f21bd,cand_d191f6f55d7de6f5405a6928,paper_47eb55cbd779efa686da
T3_CLAIM,2286,2120,sfti_b5116018ac0323e11ce4fa7c,cand_b844b5c89fbfa40a2004f4ce,paper_ab042b6e501f115d6d6f
T3_CLAIM,2286,2121,sfti_2b3ccf82cef76ffc104fd868,cand_ee820bdd0c7cfedd4e5e489e,paper_71526057ddf6ed98608d
T3_CLAIM,2286,2122,sfti_c26c898606eefe062f5bc60f,cand_29b0bf14d64e70079dc40100,paper_d0916bb0e72843b26dae
T3_CLAIM,2286,2123,sfti_e1f310ec816a759b5bf58aca,cand_63fd50c7aa8e48b265bf3886,paper_3322361c95f35e53a49e
T3_CLAIM,2286,2124,sfti_71a85b9f028df36b33e24dee,cand_55af33fa44d59b63beb099c8,paper_c384165a13e05f8ab24b
T3_CLAIM,2286,2125,sfti_8fa3ec4066e764adb3f09df9,cand_489367e3ff0f536125da01b7,paper_37194af53f35694697e8
T3_CLAIM,2286,2126,sfti_d5b9b73c33bf5843e3fc6df7,cand_8d9c74e7313fc0415e69bf1c,paper_545b45f788f24062a345
T3_CLAIM,2286,2127,sfti_f49056838a42a1f584b77a26,cand_cb4e799d126e62ffa0cd9170,paper_8b6c41dd419735fe1e01
T3_CLAIM,2286,2128,sfti_6f4aa2b32af08322e536e479,cand_4916ccc5de200d41dd342b16,paper_aefd1f6c29e982b9aba9
T3_CLAIM,2286,2129,sfti_923aa45b7bdc03e956b40913,cand_fcfad792a764daf1cdc940a5,paper_51c9758340f260242d9e
T3_CLAIM,2286,2130,sfti_937ded4146678ad14752df55,cand_b4e9ab77ea6abdf79b25ca87,paper_7485d66327d3f92e041b
T3_CLAIM,2286,2131,sfti_a946025670757f1d45b2cdee,cand_05bb431c606b918361f85120,paper_b7eb43a1714dfea51b3f
T3_CLAIM,2286,2132,sfti_9ef4ebeb7df27f1fbfbdb45e,cand_a80944d3513948792fe73799,paper_7344d9e42f81f8d6383d
T3_CLAIM,2286,2133,sfti_9c482b626ca52fb8e51b4bda,cand_4619b247db89357edc92e87f,paper_547d4afb8af58742f7f5
T3_CLAIM,2286,2134,sfti_64d16cdc7c9ef9f4c91152f9,cand_09e6d08430a2d8eaf8c05494,paper_ddc1627042a99d4c0665
T3_CLAIM,2286,2135,sfti_1c3b64464b1f3c6689209620,cand_e1f29781fe0c2e9280c2b504,paper_5402d0c9bc6929b9ebbf
T3_CLAIM,2286,2136,sfti_de0590b2e99596aa1ca38055,cand_3eab12e30b7339f7554d9c1f,paper_ae239eecc5d7ced94f2b
T3_CLAIM,2286,2137,sfti_a41051dcf77c5f6115402a0f,cand_ead672da093d0843ba34793c,paper_1fd71bfc1f86f56c22a7
T3_CLAIM,2286,2138,sfti_5df7eb5b9a0958da26379a4f,cand_c7a44338dacfcac713d3e63c,paper_ecddf5eff1d2c66dff43
T3_CLAIM,2286,2139,sfti_618512af927b4d4fcb834515,cand_34de5829271d1c9fca8a4705,paper_e3e5e74da4d406668197
T3_CLAIM,2286,2140,sfti_1e686cc139257423999d896a,cand_014e7d5a11b308749ba93c80,paper_780ca30bca1371cb91c6
T3_CLAIM,2286,2141,sfti_19b1bd4ef95e0fa3bdb083fd,cand_9a2c85e16ce78b808d7f7e55,paper_908b6ec651f9c3279ecd
T3_CLAIM,2286,2142,sfti_d407fc04f43516e5dfa090d6,cand_da6a5dacd4708bf3a8040749,paper_2d26b54a49fc7f24b94d
T3_CLAIM,2286,2143,sfti_8e43b8eedfcbce5ce84cd6de,cand_57246408e065688c8c8744a8,paper_21a73e1c5c35bd00e27a
T3_CLAIM,2286,2144,sfti_9fc418901d2e95b241f38297,cand_23d09515a1dfff17f3d5d2b7,paper_d3701df2622169ea49d6
T3_CLAIM,2286,2145,sfti_66a74e9bff93d0b11f508c28,cand_5f8cfdc92568ee71d80ea47f,paper_972c7d842da6c54a1bdd
T3_CLAIM,2286,2146,sfti_e34d55f1b7259f1bcbdde366,cand_0b77cb749b8e737c0803b402,paper_edf2526887b73f01404b
T3_CLAIM,2286,2147,sfti_64a09fe8d707ded9d4a23269,cand_8f57b4a2df24bbcdce5a6771,paper_47baea05186d61b02ef1
T3_CLAIM,2286,2148,sfti_8862c748dd6ff346128a8d74,cand_682cdf4da577a7a60fe4ef3a,paper_caa94e78df759c34426a
T3_CLAIM,2286,2149,sfti_bc56d8a4baae5e0fdc626170,cand_dbfabc42d0a6ef195b3fefcb,paper_fc1bbdf085b09de0eda2
T3_CLAIM,2286,2150,sfti_03f92a0324946083c92798b6,cand_cb382184760ff5f7750b2b4b,paper_de85797838101f695e9c
T3_CLAIM,2286,2151,sfti_ad14f8b6a29701525f443d33,cand_6a5b9d38c1f1c0c17587c45c,paper_c74f3cfca89318a59f19
T3_CLAIM,2286,2152,sfti_3c73085aab7d01047738891a,cand_f2373ae689b9ce2c213ac756,paper_86d4e5c48ece62a7cf9a
T3_CLAIM,2286,2153,sfti_4cb2b78673473e1572c5bf4b,cand_7b24e5dc33d4cd5b13d2e47b,paper_7aaade949bb14c05bfe7
T3_CLAIM,2286,2154,sfti_b2092f4e02b59daf7c02e98a,cand_9f169ee3aba044e4a4b0accf,paper_cdadb1e14bce744e6547
T3_CLAIM,2286,2155,sfti_1280a583b52dc137776f9849,cand_95dcdf883aa016289ae9f271,paper_57e0d2b061547e81fe80
T3_CLAIM,2286,2156,sfti_2028d6b32631466c6ac8ef79,cand_605c0a7588f738199351bd75,paper_20f430853797efd028b9
T3_CLAIM,2286,2157,sfti_6cf8d84ed06885d910fa064e,cand_1511a3606b158bd2bb6e149f,paper_54ae55245e1f6a0c207d
T3_CLAIM,2286,2158,sfti_a4595feab5b213b80ee003ea,cand_b8c3b8e7bd38f4b3206efd82,paper_0475da2955b53fdb6606
T3_CLAIM,2286,2159,sfti_e538e237af203653fffdd453,cand_04ef439e28857c61c97e8f59,paper_4859ded345b5dbd2b97c
T3_CLAIM,2286,2160,sfti_709b268288ad9e484d5b17f7,cand_4cab77a728fa0d833fba317e,paper_8ff54d2a19ffa09c6e44
T3_CLAIM,2286,2161,sfti_415fe2be47530fec4e7583bd,cand_8bca2d3c67d7dc3f41dbfb31,paper_5349ecd090956229107a
T3_CLAIM,2286,2162,sfti_3ca5ddb9d48f2c222bba01b6,cand_5e54ac52278a6cb13c02e273,paper_f6b2ad2555ee467dd60b
T3_CLAIM,2286,2163,sfti_e663f9d4e1a22b4c5b7e57ca,cand_4e2048651749cba1e9da373d,paper_1f4567b736135e989979
T3_CLAIM,2286,2164,sfti_05cdc3fee5cc2666a255c61d,cand_a18d679b48e35edd99fc55e8,paper_29631482265a23ae9c5c
T3_CLAIM,2286,2165,sfti_41d71df8ea1c472e394ef368,cand_e4bbd83b7bb65e6828c122f8,paper_a35c80746544bd19d98c
T3_CLAIM,2286,2166,sfti_c00fd0461b7337e341dffdb6,cand_4d6c0f4ed00b509dc5e461be,paper_9eb4667de60036b508b2
T3_CLAIM,2286,2167,sfti_b10d8d94f8fe7f70b4dc3792,cand_d6ea11e111c1f6b421489f2b,paper_5b0673e9ff09192b1dee
T3_CLAIM,2286,2168,sfti_e4e7b4ee7330bf709b124b77,cand_cf1166557f877bcc45061a6b,paper_2a42f1ff9bd9c93161c2
T3_CLAIM,2286,2169,sfti_08a9ee177e8b976a21a982da,cand_53d3e0cffa1b7425ae6eb6db,paper_1dba34972cfb5f4469cb
T3_CLAIM,2286,2170,sfti_435c15d7ef5675fa5387f76f,cand_e0c7731640997848b4ddc0b7,paper_b153a4108133aedb208f
T3_CLAIM,2286,2171,sfti_436723e4bdafa2f138cab803,cand_a56b63ca564fcfbdee3bde70,paper_867248425c354151c78a
T3_CLAIM,2286,2172,sfti_1891c38cbb7320c295ecbaa0,cand_03ca5a393c3c85291fc70fe4,paper_011f61f82937545da1fe
T3_CLAIM,2286,2173,sfti_47a83e48f7b5b84b2c2afd37,cand_85e393a0a959dc6445ed7c19,paper_36d7325ec81a4ba108e6
T3_CLAIM,2286,2174,sfti_707e852508ccec2a1f532158,cand_f9357d1c85de7db7f049a87e,paper_338315c4ce05cecd82c8
T3_CLAIM,2286,2175,sfti_4a746e72c2ea3193ad9e3f97,cand_8ef4c2e9a7119390a1668974,paper_bf54d15a31f43b340d68
T3_CLAIM,2286,2176,sfti_59914cc23de04c7e99c06b8e,cand_77e66afd9f3130aa55567a86,paper_3860f222312c54cfa035
T3_CLAIM,2286,2177,sfti_f2b780ceed1ec9d692b2f317,cand_9637131a8203877c9d0061be,paper_ce666477947bde040935
T3_CLAIM,2286,2178,sfti_54bd50453db5fa2de8a0968a,cand_33ee346baa355f91c0e19313,paper_1734f2d4e8637ff96940
T3_CLAIM,2286,2179,sfti_d5973613e5f94d095c2d093e,cand_a6a6ce785cad40844a729b2c,paper_d97c78f84fbbd25fd681
T3_CLAIM,2286,2180,sfti_21f3073c70604642a06996a3,cand_1f57e5ec3705618b9db00a5f,paper_131f8159c96f54d575a2
T3_CLAIM,2286,2181,sfti_a4aa7e0c3abfbc82fa91fbc2,cand_8d94780464bf9f6faca78e5e,paper_71efa30c4894c1d655f8
T3_CLAIM,2286,2182,sfti_932ededc2d213c8ee07f969f,cand_d3541f724575c76b6002f679,paper_e1e0650c84865e3bd9e3
T3_CLAIM,2286,2183,sfti_9898021f379c1236a4c96dcb,cand_53ad7738208beb16f856538b,paper_66e9b50a59bd823abcd9
T3_CLAIM,2286,2184,sfti_22f58783bda9dcd7ba99853f,cand_2f47e00f82ed297e56d8aeb2,paper_11c16d5f80d944fde4f9
T3_CLAIM,2286,2185,sfti_9a714c3132e90b27a259de3e,cand_7a436182efcd7bcb71d4fd48,paper_fb7b63214de684b2f11d
T3_CLAIM,2286,2186,sfti_ec250c68c657269497c8b631,cand_6986fabe789e2e1e93f33b04,paper_32588ab02863572afb45
T3_CLAIM,2286,2187,sfti_d9d43a038c8a78392f8b64c5,cand_faddbbb31acda361aed946a0,paper_9fd0e80083842c681e91
T3_CLAIM,2286,2188,sfti_0cc93bce2985a9b159d3fcab,cand_cf1e03408cd70f1dc6a818e4,paper_6942ae89b7ad7f833112
T3_CLAIM,2286,2189,sfti_cf3623c3a15d85f5359a9afe,cand_2ce32917cc238bc6d32e616c,paper_56c1618d40a6eb8185c1
T3_CLAIM,2286,2190,sfti_115a32014d9b69e24b37265a,cand_92a0cf9749c14bafc0eaa6b2,paper_e1a4e627071aff86f5e1
T3_CLAIM,2286,2191,sfti_896b36d0562d3d6faec9e4dc,cand_7843c7ac75a3d4cc26f8f0ed,paper_3e0d5679b83f65deebe0
T3_CLAIM,2286,2192,sfti_f05b9c762723184e81017ce0,cand_32ed0c5bf7535a43f6ae90c8,paper_084253dae7a7f19e544f
T3_CLAIM,2286,2193,sfti_00f5fa08f795e658c30f13f1,cand_da357737203c65301759f5ac,paper_93ab30d33d5d512908f9
T3_CLAIM,2286,2194,sfti_9b9cb07b0ecd5f7e8c5bb6a1,cand_d56706c4fbaee2fac409d392,paper_e61f93a45b9dbd4173bb
T3_CLAIM,2286,2195,sfti_d1d3b9674f608cf2802bc52b,cand_a50c4a077ecb2da822742eff,paper_6659f90299fc568992d1
T3_CLAIM,2286,2196,sfti_a92df6d54fc40f256f76c987,cand_a295d1ac73670f7393826e71,paper_09318a44abac513252df
T3_CLAIM,2286,2197,sfti_068ccccc213b29a16bb70ca8,cand_20f6147c02c9ad8e3b1e8639,paper_035b8930770225ae28f0
T3_CLAIM,2286,2198,sfti_b733f9abc51f62fe9baf92ce,cand_d3ecdb2e7a6c4dcf19c5f1fd,paper_95dcaf89d1fe9835f278
T3_CLAIM,2286,2199,sfti_4349e5eaa5867b9270fc7cd0,cand_012654349564086332222dd7,paper_eadbe456d02d8029883b
T3_CLAIM,2286,2200,sfti_9f7432817923abfff1e9d99c,cand_efd73122460ec47d85575a54,paper_236a6718ea5ce8ffeef7
T3_CLAIM,2286,2201,sfti_1a3c11f4d8862cfe97822a46,cand_3b2a49b7a3494be26d336b97,paper_cd61ecaf42eae829f8ef
T3_CLAIM,2286,2202,sfti_098e4577f77a8883772d48db,cand_e4cf38f8094ab36058aed0ff,paper_c12924d3071f576e0c31
T3_CLAIM,2286,2203,sfti_a8fdc7e452b336b4041882a9,cand_0e816045cfb70454c31ab871,paper_5ab28f5a2e15505dcc9f
T3_CLAIM,2286,2204,sfti_b754aa404bfb0244a0fd799e,cand_980178a3509670dc78530480,paper_8c89891cdaa55dcdff15
T3_CLAIM,2286,2205,sfti_a93205ffdd3572404953ac25,cand_aacd0398ba085bcb07138288,paper_cf6b5a4b3b503636aee2
T3_CLAIM,2286,2206,sfti_0bbd66f7732c383593ce8f3e,cand_9b3480cccd6e9dc0847821f5,paper_f33629526b9e8dec9b5e
T3_CLAIM,2286,2207,sfti_140a2a2896d783536e8ccf0d,cand_097b1bf8c4fbab668839dd42,paper_91d141d39bddc018a22d
T3_CLAIM,2286,2208,sfti_4a883b9e6b6f30752bbc4d88,cand_0f4b976f2e0b9a89e1e44944,paper_1b1cf979f0bda259ce7d
T3_CLAIM,2286,2209,sfti_266e5526d7df2e9ef4aa8c9b,cand_360f8bd5f34bada80929ecaf,paper_96ac22b722cc9f3876ef
T3_CLAIM,2286,2210,sfti_a828a3fbf55ee3ad53e2ea45,cand_31afdf1e03c79985b285b6d1,paper_c6d38c3088f9d3f12a73
T3_CLAIM,2286,2211,sfti_04197fab880129d2317ea3de,cand_1c166fbd02f9317c0ce2ae1e,paper_ca5062f04a73b5342113
T3_CLAIM,2286,2212,sfti_b5b26785aeb28156b36d93fb,cand_4519dd3fda9f9bca9364d946,paper_d54c96ae609515612b17
T3_CLAIM,2286,2213,sfti_0deeb5290fc572e452984d70,cand_ea078fec7b804e973688f540,paper_8b99df3455a9e4b7000a
T3_CLAIM,2286,2214,sfti_ba5604d878de79a8b233c769,cand_b2af2f1a2061b29060b379f8,paper_506cd366d7f23427e5d4
T3_CLAIM,2286,2215,sfti_762effccda61e5c08c9a5084,cand_da436d0afb8a7c847666d0b0,paper_f8503ebcd0d534154ebf
T3_CLAIM,2286,2216,sfti_45f159e3fc5aacc6d62c9d3b,cand_bedf3da97e9cc35dfc32fbac,paper_1c8a84b0f4b0a4180368
T3_CLAIM,2286,2217,sfti_17d8771874cd5eb0640a7d05,cand_8b5df8ddc79a2d2291081c69,paper_32d318d230fb473bc762
T3_CLAIM,2286,2218,sfti_b86a987f10b3eadc7bab879b,cand_e736687cebd14787e44ecb86,paper_92169ac77d0b042008ac
T3_CLAIM,2286,2219,sfti_5a27cda9c4f2483693212371,cand_b1a698351359e0d392280716,paper_da44c61204fbe98bc3c1
T3_CLAIM,2286,2220,sfti_66fedad67195b4fdff67e661,cand_9ab131bf14a9ee25e2e4d351,paper_abe7697bd530fa52a28f
T3_CLAIM,2286,2221,sfti_51cb12845174c6f190512b84,cand_a013ab3af882183759952e31,paper_b0bb506c29582306cc25
T3_CLAIM,2286,2222,sfti_19f93d317510b7852fa263c0,cand_8a4ca908b23f11a6d575d57e,paper_1e8373c0fc60886c7495
T3_CLAIM,2286,2223,sfti_a3e366cff3026a5b860f79cf,cand_1f7f195cff66dceb603efcfc,paper_257eb54fddd85f451139
T3_CLAIM,2286,2224,sfti_567e5a277eefcbd90106ca8a,cand_7f45edca5a4aa86ba3b24d57,paper_47cebef9e3b773142526
T3_CLAIM,2286,2225,sfti_04c9ee56c75db2b845a13c2c,cand_97de69277ead7577bf389a2f,paper_33df1a35a12b14084cbc
T3_CLAIM,2286,2226,sfti_6a00ff3b68abc160ce1ebe5e,cand_7553b52b528d1440cd8a4294,paper_220a124e6cb07f9f4a46
T3_CLAIM,2286,2227,sfti_8cfdc1e46239aa25d4323b5c,cand_8e40824128897a12a035608f,paper_52464a9d6f2e93910661
T3_CLAIM,2286,2228,sfti_47da7e833fb6c6ae38678312,cand_2fe803f6070df6836f73edd0,paper_370b9de0cafa2df70ca1
T3_CLAIM,2286,2229,sfti_1fbe31d108cd04d365e35016,cand_e101c343021bc5996ca18d6b,paper_a389b43553e79e0d8400
T3_CLAIM,2286,2230,sfti_07af4ccb22812c5a69194699,cand_c1f9fc8ccfb8959ac1c6e0f1,paper_edc47b2e1d89bd1d57c6
T3_CLAIM,2286,2231,sfti_9fc1729586c0c6ebe28d11b2,cand_0a58578a9a6638a83c21ec07,paper_b818e1ab3266976a8db9
T3_CLAIM,2286,2232,sfti_035b1db82d57984e8dc5766d,cand_ee5a0749a589548381a6b412,paper_0e732bca591d02f4edb1
T3_CLAIM,2286,2233,sfti_2b157b36d9d5b6b19e990592,cand_2e89669818aa91c20b9d9c47,paper_2d7ca05313fc6630b325
T3_CLAIM,2286,2234,sfti_46533d5ed35b3220bd63bdd5,cand_18e0636c03190f24c76d4a24,paper_3fa14c53e2d79e3ad20a
T3_CLAIM,2286,2235,sfti_836ae4d11fc002c14a4608d8,cand_556a20daaf2ae05337f40635,paper_19623e79243d0cf49b1e
T3_CLAIM,2286,2236,sfti_419cd0c8698abaabaa498a42,cand_a9fa18a5e9d86f9c1776ab65,paper_0c8fe79b1c0c17ae6ae2
T3_CLAIM,2286,2237,sfti_1021baa59425e195fb06cf1d,cand_9bd480571bcfb51a0f204a91,paper_9ed7e5dd2d19fdae47dd
T3_CLAIM,2286,2238,sfti_db850d96cb8d38dfb1b7e2e2,cand_7f8ac792bd8f827de34b3ad2,paper_214d06fafbe5b2033c31
T3_CLAIM,2286,2239,sfti_854f586cc383af93cb562823,cand_1f8259607bfea38267c57932,paper_60f2e60b844747fe802d
T3_CLAIM,2286,2240,sfti_98c3aa67a7feb37a57476b97,cand_497d2282ee9a8a36622a7941,paper_d94c17d2124c8f2c2769
T3_CLAIM,2286,2241,sfti_17fa25f3d1924d6576f38cab,cand_255f825835beaeeb75e9a62a,paper_67ab53de6e75a2a2f118
T3_CLAIM,2286,2242,sfti_422796c86d365c9ef5773a47,cand_a3848af0867548ff23a6a7f6,paper_7bceba86105434cf9358
T3_CLAIM,2286,2243,sfti_a07e2972f2d67d43f2fa1027,cand_a1c1d6fcf2f569c2b6335947,paper_5a9b7e5a9f7c8c1ba166
T3_CLAIM,2286,2244,sfti_e9c1768c8fdee66d87544994,cand_5bf1c1009c9c84ee44611b58,paper_06f28f494ab4fc8cbfaf
T3_CLAIM,2286,2245,sfti_fce8c9dbe31354487d85122a,cand_93f69f8de937ea3c347a388c,paper_d9833886b4d05e7f2e35
T3_CLAIM,2286,2246,sfti_4dc01bf91f755481d5657cc8,cand_a0c169b6c7a105ef7075a0d1,paper_df08dd2519074eefbb90
T3_CLAIM,2286,2247,sfti_4a9f699d75e505e8abb80e30,cand_5c9f4ceb325c03447150bfba,paper_75dbd75e4b029ba2987f
T3_CLAIM,2286,2248,sfti_851ef841127ae0f3496ed972,cand_b084ced08c606d9b35b25873,paper_9698880edb2f1fbb0716
T3_CLAIM,2286,2249,sfti_92240ebf0d6cb052e5de6a7c,cand_9bcc9c9185f17fe986008666,paper_8bd9081f061e68e47e08
T3_CLAIM,2286,2250,sfti_9de6568a32114592cc30b8c4,cand_cace925f714b26a23dc76a43,paper_7cf2bb984eaacaed8b12
T3_CLAIM,2286,2251,sfti_2ba69169cdbb68626705932a,cand_c3b1f8db99070c32e7ed3103,paper_85c49445cc84be9508d8
T3_CLAIM,2286,2252,sfti_7daf78e35778a49e204724ab,cand_e574aacb11f36c31ee31876b,paper_431ab1e76408d8b002e7
T3_CLAIM,2286,2253,sfti_ac55db9a7522baf0b7fa478f,cand_cd021731a7ca33f452d27bf0,paper_681211614a0b1ba376f9
T3_CLAIM,2286,2254,sfti_d1c4032bf0458b0583904600,cand_cf99e867fbbdae2c2918ce4d,paper_f8ac84f71b01d5decc8e
T3_CLAIM,2286,2255,sfti_dc3c2274732a77bc9bb28375,cand_d5c0ff28744267a41b7aeeb1,paper_5e7136f9fee556336842
T3_CLAIM,2286,2256,sfti_11c5c27a8fde5e62d1bb80d0,cand_9f7edfccd00a95b0488e11d7,paper_9eca70ac9c66a0ecc684
T3_CLAIM,2286,2257,sfti_c07772e940a72428ef0b0990,cand_1afdbd8967f5187cdeaa4e88,paper_344dbfc5c5b168e02b55
T3_CLAIM,2286,2258,sfti_f1aabc0f6b97b7eb662dd797,cand_a215b588ddf0e8aca86b1ee2,paper_86eceedcfd0d5b078898
T3_CLAIM,2286,2259,sfti_9b84eabb47c35e8b9d4e5c9d,cand_8965fb1d31f1f6c2ef9e6c92,paper_7240b6122ecd6cc368da
T3_CLAIM,2286,2260,sfti_938d3cf60ef16c57d8a508c2,cand_e02ec2531e2565fe3f1b7d47,paper_e072120be00c97a29167
T3_CLAIM,2286,2261,sfti_b2e29b98652a9e684902ac75,cand_60f09a3f3e47e2a49b60bc87,paper_b1be9d9c2235573dcd95
T3_CLAIM,2286,2262,sfti_43e554fa0637ccf407208244,cand_eca52481bfad76496d80eabe,paper_a15261b81ed3632a5f9e
T3_CLAIM,2286,2263,sfti_89db214b6ac985ff728a9b85,cand_9089e83aab933142a4f69132,paper_5d1d17020e2f0bfca95b
T3_CLAIM,2286,2264,sfti_2763f255d79af58ccfa89820,cand_b23e123bab4a2a359ff8e978,paper_d4cdccfc8cc1d77cc1ce
T3_CLAIM,2286,2265,sfti_fabf417b78cf38c9e8f1b5f0,cand_c2dd3b1988c3e2b0c8bc642b,paper_8c08bcd6a22c0c9d7824
T3_CLAIM,2286,2266,sfti_738e49d4f71fc660c5dad006,cand_1fd574bda981f15d7593341d,paper_70a33f00de4d371b40b6
T3_CLAIM,2286,2267,sfti_d078c527804b5d65acbdaf0d,cand_b56210bb28da02d2b2c6a799,paper_26adb28c631c5b0f11a0
T3_CLAIM,2286,2268,sfti_c0ba48951d7a79fe51cae56c,cand_4943e23498fe50fee47813ac,paper_4f264f36aaa27725d764
T3_CLAIM,2286,2269,sfti_6988bdc9cbe65e29315e5cad,cand_828f07352ff6ee02d5e4ad4e,paper_87be139223c2bd606a81
T3_CLAIM,2286,2270,sfti_caca760a1847860fcb40bfad,cand_ad35ffb624a750128de412d8,paper_f58eacffb09f17790ad5
T3_CLAIM,2286,2271,sfti_029a4113b780feab80bda0e4,cand_8bac1b9ad8b4c9d767f37952,paper_95388a63f2873845bd78
T3_CLAIM,2286,2272,sfti_05d4e6384736aa4baec578a8,cand_b02ce08565ac3dc640ccfa38,paper_3f7b8d5f291072c7e8ae
T3_CLAIM,2286,2273,sfti_5ed086441adb541369fb6386,cand_38362f15608da229355cdc6f,paper_188b3bda72749a082373
T3_CLAIM,2286,2274,sfti_a2f462b07a85655ca60ea760,cand_2757a5dad91d2e62a2148339,paper_f3afec6e13796b766325
T3_CLAIM,2286,2275,sfti_55e182ff69d677d97ad9498a,cand_dc0fe356c95a4546b44c4848,paper_d29c71e3e69f4f648307
T3_CLAIM,2286,2276,sfti_51403e1f91888e127dcda7be,cand_75b15bbcf1346896d8da52f2,paper_480ef6f63ad202e0de3b
T3_CLAIM,2286,2277,sfti_bb5bede606f2a4c8ee02f74b,cand_d74866ab11acc8439bca443e,paper_d0cda66392b22526445e
T3_CLAIM,2286,2278,sfti_b91e9caafa992b1926bda57a,cand_34abb15f2ae66fa90b560e86,paper_1167812faa33b036641b
T3_CLAIM,2286,2279,sfti_f59b6450c79a9111491c0152,cand_f7027e0dc9270e94e34312a9,paper_ad6c3aa9145b1a08c543
T3_CLAIM,2286,2280,sfti_494ad9ae3cdf709bdbde96de,cand_a27e4a54912b6c3b69998f9e,paper_963a69cfb2dd14d59cfb
T3_CLAIM,2286,2281,sfti_45d5785f7b468e3cf464403f,cand_2d4a907cf19e13ebfcafb883,paper_67f4876ffc226b423149
T3_CLAIM,2286,2282,sfti_6a6c94f85a5e8d8801b5e1d0,cand_17a1a6d5953dbc00fb90e1d2,paper_4a02daf09222671bb343
T3_CLAIM,2286,2283,sfti_ee0614658f23fe8ff23e1d13,cand_d0d11dc05809fff039d9e840,paper_493fb857dd45cdb882e0
T3_CLAIM,2286,2284,sfti_33c2f7de3c8f028656285c87,cand_7bbb28203d931e1a54969b09,paper_48fe6515d531f9067495
T3_CLAIM,2286,2285,sfti_2d6fba900d197ee19c8cfc24,cand_c1a6bf651bdb4dea21265646,paper_83ca826490ae45e8980a
T3_CLAIM,2286,2286,sfti_a4e6fd441dfe371c404f64b8,cand_5beef7d2ebf2d8dcd80d8154,paper_2a6a270bb59934ec3ff6
