task,scale,instance_id
T1a_ACRONYM,100,sfti_64c970e0136c51ec59f0f374
T1a_ACRONYM,100,sfti_fa9ad7f5133a244788249ca3
T1a_ACRONYM,100,sfti_aa932975ab57d44a8b3f7802
T1a_ACRONYM,100,sfti_350bb054d70205a154a61013
T1a_ACRONYM,100,sfti_7e08d9aa4de77d65b2e6b24c
T1a_ACRONYM,100,sfti_1f22166c3d4eb0fcf59b269a
T1a_ACRONYM,100,sfti_66db475e28b671a2cbd520d9
T1a_ACRONYM,100,sfti_dd88423d70f5d10f2fbadea2
T1a_ACRONYM,100,sfti_acb9440d060dee161e34aab1
T1a_ACRONYM,100,sfti_ebffbbc240abc4bbcec926e7
T1a_ACRONYM,100,sfti_e397d40bb398b0f75189ef3d
T1a_ACRONYM,100,sfti_46e5f053877aafba3ba7c288
T1a_ACRONYM,100,sfti_c85af7d550ece5e4f1ebf7e6
T1a_ACRONYM,100,sfti_53cde7ba440623dfecec514f
T1a_ACRONYM,100,sfti_d5e37eb61ed538ce85e25c54
T1a_ACRONYM,100,sfti_b51639c1e1acb533f02565d0
T1a_ACRONYM,100,sfti_190363ba350aaec301a80791
T1a_ACRONYM,100,sfti_5722a5a8a098630f2c35cca4
T1a_ACRONYM,100,sfti_32c74ce4935994e5ed7e3f72
T1a_ACRONYM,100,sfti_299f8e3dc0fddb73e5d0e682
T1a_ACRONYM,100,sfti_ca04d4ffd22fad19fb522185
T1a_ACRONYM,100,sfti_383fc21bf3dc9194da373c17
T1a_ACRONYM,100,sfti_f385f22d583a658343359c4c
T1a_ACRONYM,100,sfti_a6eaddcb41e4f14ccd04287d
T1a_ACRONYM,100,sfti_de303f8f4f4ca6753038aad5
T1a_ACRONYM,100,sfti_cddce368df3a4c8abd068e88
T1a_ACRONYM,100,sfti_54a1a4d69291ac8f061b5107
T1a_ACRONYM,100,sfti_c85dffaae9b351f4eef78ba9
T1a_ACRONYM,100,sfti_620ad3f2aca04e725314e03c
T1a_ACRONYM,100,sfti_d33f09dfa894254e209004c6
T1a_ACRONYM,100,sfti_1d262c257c0605fee9b79dc4
T1a_ACRONYM,100,sfti_faee124ca6570ca836b3bebb
T1a_ACRONYM,100,sfti_cb4e0d513b80f9725b75def6
T1a_ACRONYM,100,sfti_a1a2121641c15aa7324e45dd
T1a_ACRONYM,100,sfti_1a27d927f7de4ecf20be2f7f
T1a_ACRONYM,100,sfti_c0474ec0f6a4721ddd9630ae
T1a_ACRONYM,100,sfti_b3a5c33249fc0e5bf86ef6a0
T1a_ACRONYM,100,sfti_3459201c5c0cbf757ba92cf9
T1a_ACRONYM,100,sfti_ea87d9037f7e0c6f2dc8817d
T1a_ACRONYM,100,sfti_a65a2f04bbeecfacc2d62041
T1a_ACRONYM,100,sfti_f7f2b5c7b80677f541550226
T1a_ACRONYM,100,sfti_c55b110b3f5e34e8217a6517
T1a_ACRONYM,100,sfti_64e9d1d8420512e3a8a578dd
T1a_ACRONYM,100,sfti_2d96688d405a4748767ac2db
T1a_ACRONYM,100,sfti_cd1b6798af755785613e7f16
T1a_ACRONYM,100,sfti_e7e54efb9de86da321d6bbfe
T1a_ACRONYM,100,sfti_30213e06f0921ecfabf9af50
T1a_ACRONYM,100,sfti_79180042e7395ae25a7c75c2
T1a_ACRONYM,100,sfti_1c4ba216541e3d4b9d41b274
T1a_ACRONYM,100,sfti_4ad36ab357a38c848a9386a8
T1a_ACRONYM,100,sfti_f6070fb2f74f2a92062849cc
T1a_ACRONYM,100,sfti_272e03ab14380d435d4cf745
T1a_ACRONYM,100,sfti_035a6a1b2b377b32f9c95c4b
T1a_ACRONYM,100,sfti_305969d96553eadecfeb7bc5
T1a_ACRONYM,100,sfti_fad4af05128d8d91293cd311
T1a_ACRONYM,100,sfti_3bb5a3175fe9f42c0a8821b1
T1a_ACRONYM,100,sfti_9a4e64c1255b4ede6bb88fc3
T1a_ACRONYM,100,sfti_a2400395fd6237db14c18291
T1a_ACRONYM,100,sfti_28edd9399a6b612b4195d0a9
T1a_ACRONYM,100,sfti_283e5f5ae0024e63bfeb7597
T1a_ACRONYM,100,sfti_2b9a730b513dcd907929a482
T1a_ACRONYM,100,sfti_7c285b75b189e2ec5cda055c
T1a_ACRONYM,100,sfti_0aae1ff20f9f3ded929b85f4
T1a_ACRONYM,100,sfti_2bace1bf26988cba618d4a86
T1a_ACRONYM,100,sfti_b1bb28bd3822d82d4fd46001
T1a_ACRONYM,100,sfti_aa3f77f94102279cc7209659
T1a_ACRONYM,100,sfti_bd0ecb7d162e4a6bbb5d2530
T1a_ACRONYM,100,sfti_12d49bc76935a9497be14360
T1a_ACRONYM,100,sfti_11670869d0ae9048168f4aee
T1a_ACRONYM,100,sfti_6d534611ab800ee4f35b7ce7
T1a_ACRONYM,100,sfti_3a898a4022ebeaf72d190e16
T1a_ACRONYM,100,sfti_a046036bcfd977b2cf5ae7fe
T1a_ACRONYM,100,sfti_061738b809fbc3093717428a
T1a_ACRONYM,100,sfti_bc331d97efd720f2ad5470d8
T1a_ACRONYM,100,sfti_d245df4469de0b8ce25c8203
T1a_ACRONYM,100,sfti_55ebcdeac20bb8f28e05f9fe
T1a_ACRONYM,100,sfti_e1d015902ce634fefda92912
T1a_ACRONYM,100,sfti_61b59d5c85443f71cfd065a4
T1a_ACRONYM,100,sfti_bef503a85d5fa56a2df0f188
T1a_ACRONYM,100,sfti_8a4fa96ad0b06e9642ad624d
T1a_ACRONYM,100,sfti_cc2ccd90e05d268bf76fcc69
T1a_ACRONYM,100,sfti_53820e1193ed71cbf8daa4c0
T1a_ACRONYM,100,sfti_7cf8a3a4093169b6f85ffe18
T1a_ACRONYM,100,sfti_783e22d49d3f01144001790f
T1a_ACRONYM,100,sfti_e8573b7c22952f08c6af664f
T1a_ACRONYM,100,sfti_95d3e9a9a9b802b43644a6cc
T1a_ACRONYM,100,sfti_76403019226372dd52f78090
T1a_ACRONYM,100,sfti_760c1c5eeea226bb285b7d40
T1a_ACRONYM,100,sfti_7eb353e7a11ee73faffb0881
T1a_ACRONYM,100,sfti_da9c05fc134412f486cbc542
T1a_ACRONYM,100,sfti_41d8b91fc2f044e09e67e326
T1a_ACRONYM,100,sfti_e5fe74fe211e58303280dd3f
T1a_ACRONYM,100,sfti_ebd3e7c8260f0b3dbde9abf4
T1a_ACRONYM,100,sfti_6dc4dd9e0765d3806c3f2d26
T1a_ACRONYM,100,sfti_99f4e28115d3a976f6fbf3f9
T1a_ACRONYM,100,sfti_533104832a1416ea2639452e
T1a_ACRONYM,100,sfti_77eb16c319e644bb2a3b79f4
T1a_ACRONYM,100,sfti_b3ff8c39dd96a039c8880a57
T1a_ACRONYM,100,sfti_e2f039537d255b22efe61226
T1a_ACRONYM,100,sfti_3853804b915b6bd9b8d4229a
T1a_ACRONYM,250,sfti_64c970e0136c51ec59f0f374
T1a_ACRONYM,250,sfti_fa9ad7f5133a244788249ca3
T1a_ACRONYM,250,sfti_aa932975ab57d44a8b3f7802
T1a_ACRONYM,250,sfti_350bb054d70205a154a61013
T1a_ACRONYM,250,sfti_7e08d9aa4de77d65b2e6b24c
T1a_ACRONYM,250,sfti_1f22166c3d4eb0fcf59b269a
T1a_ACRONYM,250,sfti_66db475e28b671a2cbd520d9
T1a_ACRONYM,250,sfti_dd88423d70f5d10f2fbadea2
T1a_ACRONYM,250,sfti_acb9440d060dee161e34aab1
T1a_ACRONYM,250,sfti_ebffbbc240abc4bbcec926e7
T1a_ACRONYM,250,sfti_e397d40bb398b0f75189ef3d
T1a_ACRONYM,250,sfti_46e5f053877aafba3ba7c288
T1a_ACRONYM,250,sfti_c85af7d550ece5e4f1ebf7e6
T1a_ACRONYM,250,sfti_53cde7ba440623dfecec514f
T1a_ACRONYM,250,sfti_d5e37eb61ed538ce85e25c54
T1a_ACRONYM,250,sfti_b51639c1e1acb533f02565d0
T1a_ACRONYM,250,sfti_190363ba350aaec301a80791
T1a_ACRONYM,250,sfti_5722a5a8a098630f2c35cca4
T1a_ACRONYM,250,sfti_32c74ce4935994e5ed7e3f72
T1a_ACRONYM,250,sfti_299f8e3dc0fddb73e5d0e682
T1a_ACRONYM,250,sfti_ca04d4ffd22fad19fb522185
T1a_ACRONYM,250,sfti_383fc21bf3dc9194da373c17
T1a_ACRONYM,250,sfti_f385f22d583a658343359c4c
T1a_ACRONYM,250,sfti_a6eaddcb41e4f14ccd04287d
T1a_ACRONYM,250,sfti_de303f8f4f4ca6753038aad5
T1a_ACRONYM,250,sfti_cddce368df3a4c8abd068e88
T1a_ACRONYM,250,sfti_54a1a4d69291ac8f061b5107
T1a_ACRONYM,250,sfti_c85dffaae9b351f4eef78ba9
T1a_ACRONYM,250,sfti_620ad3f2aca04e725314e03c
T1a_ACRONYM,250,sfti_d33f09dfa894254e209004c6
T1a_ACRONYM,250,sfti_1d262c257c0605fee9b79dc4
T1a_ACRONYM,250,sfti_faee124ca6570ca836b3bebb
T1a_ACRONYM,250,sfti_cb4e0d513b80f9725b75def6
T1a_ACRONYM,250,sfti_a1a2121641c15aa7324e45dd
T1a_ACRONYM,250,sfti_1a27d927f7de4ecf20be2f7f
T1a_ACRONYM,250,sfti_c0474ec0f6a4721ddd9630ae
T1a_ACRONYM,250,sfti_b3a5c33249fc0e5bf86ef6a0
T1a_ACRONYM,250,sfti_3459201c5c0cbf757ba92cf9
T1a_ACRONYM,250,sfti_ea87d9037f7e0c6f2dc8817d
T1a_ACRONYM,250,sfti_a65a2f04bbeecfacc2d62041
T1a_ACRONYM,250,sfti_f7f2b5c7b80677f541550226
T1a_ACRONYM,250,sfti_c55b110b3f5e34e8217a6517
T1a_ACRONYM,250,sfti_64e9d1d8420512e3a8a578dd
T1a_ACRONYM,250,sfti_2d96688d405a4748767ac2db
T1a_ACRONYM,250,sfti_cd1b6798af755785613e7f16
T1a_ACRONYM,250,sfti_e7e54efb9de86da321d6bbfe
T1a_ACRONYM,250,sfti_30213e06f0921ecfabf9af50
T1a_ACRONYM,250,sfti_79180042e7395ae25a7c75c2
T1a_ACRONYM,250,sfti_1c4ba216541e3d4b9d41b274
T1a_ACRONYM,250,sfti_4ad36ab357a38c848a9386a8
T1a_ACRONYM,250,sfti_f6070fb2f74f2a92062849cc
T1a_ACRONYM,250,sfti_272e03ab14380d435d4cf745
T1a_ACRONYM,250,sfti_035a6a1b2b377b32f9c95c4b
T1a_ACRONYM,250,sfti_305969d96553eadecfeb7bc5
T1a_ACRONYM,250,sfti_fad4af05128d8d91293cd311
T1a_ACRONYM,250,sfti_3bb5a3175fe9f42c0a8821b1
T1a_ACRONYM,250,sfti_9a4e64c1255b4ede6bb88fc3
T1a_ACRONYM,250,sfti_a2400395fd6237db14c18291
T1a_ACRONYM,250,sfti_28edd9399a6b612b4195d0a9
T1a_ACRONYM,250,sfti_283e5f5ae0024e63bfeb7597
T1a_ACRONYM,250,sfti_2b9a730b513dcd907929a482
T1a_ACRONYM,250,sfti_7c285b75b189e2ec5cda055c
T1a_ACRONYM,250,sfti_0aae1ff20f9f3ded929b85f4
T1a_ACRONYM,250,sfti_2bace1bf26988cba618d4a86
T1a_ACRONYM,250,sfti_b1bb28bd3822d82d4fd46001
T1a_ACRONYM,250,sfti_aa3f77f94102279cc7209659
T1a_ACRONYM,250,sfti_bd0ecb7d162e4a6bbb5d2530
T1a_ACRONYM,250,sfti_12d49bc76935a9497be14360
T1a_ACRONYM,250,sfti_11670869d0ae9048168f4aee
T1a_ACRONYM,250,sfti_6d534611ab800ee4f35b7ce7
T1a_ACRONYM,250,sfti_3a898a4022ebeaf72d190e16
T1a_ACRONYM,250,sfti_a046036bcfd977b2cf5ae7fe
T1a_ACRONYM,250,sfti_061738b809fbc3093717428a
T1a_ACRONYM,250,sfti_bc331d97efd720f2ad5470d8
T1a_ACRONYM,250,sfti_d245df4469de0b8ce25c8203
T1a_ACRONYM,250,sfti_55ebcdeac20bb8f28e05f9fe
T1a_ACRONYM,250,sfti_e1d015902ce634fefda92912
T1a_ACRONYM,250,sfti_61b59d5c85443f71cfd065a4
T1a_ACRONYM,250,sfti_bef503a85d5fa56a2df0f188
T1a_ACRONYM,250,sfti_8a4fa96ad0b06e9642ad624d
T1a_ACRONYM,250,sfti_cc2ccd90e05d268bf76fcc69
T1a_ACRONYM,250,sfti_53820e1193ed71cbf8daa4c0
T1a_ACRONYM,250,sfti_7cf8a3a4093169b6f85ffe18
T1a_ACRONYM,250,sfti_783e22d49d3f01144001790f
T1a_ACRONYM,250,sfti_e8573b7c22952f08c6af664f
T1a_ACRONYM,250,sfti_95d3e9a9a9b802b43644a6cc
T1a_ACRONYM,250,sfti_76403019226372dd52f78090
T1a_ACRONYM,250,sfti_760c1c5eeea226bb285b7d40
T1a_ACRONYM,250,sfti_7eb353e7a11ee73faffb0881
T1a_ACRONYM,250,sfti_da9c05fc134412f486cbc542
T1a_ACRONYM,250,sfti_41d8b91fc2f044e09e67e326
T1a_ACRONYM,250,sfti_e5fe74fe211e58303280dd3f
T1a_ACRONYM,250,sfti_ebd3e7c8260f0b3dbde9abf4
T1a_ACRONYM,250,sfti_6dc4dd9e0765d3806c3f2d26
T1a_ACRONYM,250,sfti_99f4e28115d3a976f6fbf3f9
T1a_ACRONYM,250,sfti_533104832a1416ea2639452e
T1a_ACRONYM,250,sfti_77eb16c319e644bb2a3b79f4
T1a_ACRONYM,250,sfti_b3ff8c39dd96a039c8880a57
T1a_ACRONYM,250,sfti_e2f039537d255b22efe61226
T1a_ACRONYM,250,sfti_3853804b915b6bd9b8d4229a
T1a_ACRONYM,250,sfti_1f06467874968312cbc8ec9c
T1a_ACRONYM,250,sfti_02137af27282cc1a721e7603
T1a_ACRONYM,250,sfti_08eb5147f972779730bd622b
T1a_ACRONYM,250,sfti_adfdb0358c03c96b16d8535c
T1a_ACRONYM,250,sfti_af57cecd245ea35b17312590
T1a_ACRONYM,250,sfti_1af296a5ba2fa67a2b3557a3
T1a_ACRONYM,250,sfti_b3b63d6a3e19ad80186c9ec8
T1a_ACRONYM,250,sfti_46be83859d437aa417b2be9c
T1a_ACRONYM,250,sfti_fc72092fa7405e4ebc0c56a7
T1a_ACRONYM,250,sfti_95c75d7f123a1d3e235a40b6
T1a_ACRONYM,250,sfti_8d72483941791f546c07fe1e
T1a_ACRONYM,250,sfti_8d70b038e6b05b01150033b2
T1a_ACRONYM,250,sfti_b16e2268a9bfeb520cbd09cf
T1a_ACRONYM,250,sfti_b0ef8d40dc9a641ae9d888c2
T1a_ACRONYM,250,sfti_73447273f55404fc4c2b91fc
T1a_ACRONYM,250,sfti_be9fa675da39e8c5b85dc4fe
T1a_ACRONYM,250,sfti_a270c404f10af3e3cd94810b
T1a_ACRONYM,250,sfti_6c4b120cafcf9125ca9f5ad8
T1a_ACRONYM,250,sfti_403fc6e2a4b83f61f70983cc
T1a_ACRONYM,250,sfti_4aec0a9f90c6283d320fb548
T1a_ACRONYM,250,sfti_d8d1d8a88dde1889805be419
T1a_ACRONYM,250,sfti_4b992f480601c687961b0594
T1a_ACRONYM,250,sfti_ad2b4ef0a860efa13569307b
T1a_ACRONYM,250,sfti_5bf9883afd75b6d9080f40d8
T1a_ACRONYM,250,sfti_9011bab523f5d6e7aeb032f5
T1a_ACRONYM,250,sfti_dc37be426fa1549726809935
T1a_ACRONYM,250,sfti_97f2dcd755e247a8164455c0
T1a_ACRONYM,250,sfti_caa4642a3b92a573aea8e85b
T1a_ACRONYM,250,sfti_81fe2a37543158230df24fbf
T1a_ACRONYM,250,sfti_459dba98ac4b1f546d822222
T1a_ACRONYM,250,sfti_bd527f2e59c8111f46f1302d
T1a_ACRONYM,250,sfti_feb5abf5a1a4eec054298e57
T1a_ACRONYM,250,sfti_04202306bc5c51260b334c24
T1a_ACRONYM,250,sfti_3b366545cc8c122ce6227c06
T1a_ACRONYM,250,sfti_a60e0130861ce624a2bdfd63
T1a_ACRONYM,250,sfti_f826f5bcaa3e8d51babc5313
T1a_ACRONYM,250,sfti_c22804ced7ec05db6c669c89
T1a_ACRONYM,250,sfti_cdcb7ff9aee036eec7e0f67a
T1a_ACRONYM,250,sfti_89339e0766318ac107edcef4
T1a_ACRONYM,250,sfti_63cf6c64ac5efeb0d76e612b
T1a_ACRONYM,250,sfti_2581a243241fdabfabb0716e
T1a_ACRONYM,250,sfti_dba9cf8fd87abd53a7b7fc86
T1a_ACRONYM,250,sfti_7c1ffa55799b14429626b26d
T1a_ACRONYM,250,sfti_42d52cf7b8fb6e3cabd90f30
T1a_ACRONYM,250,sfti_45ced8b039091531f7e84cc1
T1a_ACRONYM,250,sfti_20644766afb97f8bf2a72d16
T1a_ACRONYM,250,sfti_66b33662f028c40646d95155
T1a_ACRONYM,250,sfti_5fca39d3131ba3a8fb9f7f98
T1a_ACRONYM,250,sfti_894a72cf528b3c8503526726
T1a_ACRONYM,250,sfti_1897e5a8e2f98e9ad05a8369
T1a_ACRONYM,250,sfti_acad9e4ac64e2f8a81bd2fb5
T1a_ACRONYM,250,sfti_5e25436db8c03a6a20718c4e
T1a_ACRONYM,250,sfti_838ab97e62efaddf0e64602c
T1a_ACRONYM,250,sfti_94ac26f8233986c1b109984b
T1a_ACRONYM,250,sfti_5ade7f5b9a48906dc6c854ac
T1a_ACRONYM,250,sfti_7a5dced59eced76d05c46a34
T1a_ACRONYM,250,sfti_66fb3ecde5f771b7eef8bf80
T1a_ACRONYM,250,sfti_b082dbc3daa56f7f91fc7f1d
T1a_ACRONYM,250,sfti_61b8e34207fdbbee9ef515e0
T1a_ACRONYM,250,sfti_ef901d90c31c641b24a19743
T1a_ACRONYM,250,sfti_4e8aa3adc1d2502c4166c1e5
T1a_ACRONYM,250,sfti_1fd169b4c4b0231aac8bdafe
T1a_ACRONYM,250,sfti_da2c9e5b7f17e4d4fce62fd2
T1a_ACRONYM,250,sfti_d350984c6bff3290dce395e1
T1a_ACRONYM,250,sfti_32b67848f354ff744097850b
T1a_ACRONYM,250,sfti_aaad60b6877acda197310218
T1a_ACRONYM,250,sfti_1065ca13dd738ae78ee16370
T1a_ACRONYM,250,sfti_f81acb7764eeace445abbc95
T1a_ACRONYM,250,sfti_46927ebd37a3347f191cfae2
T1a_ACRONYM,250,sfti_0c677a4d928f7a277eae2502
T1a_ACRONYM,250,sfti_d74555a767cf22743a569f2c
T1a_ACRONYM,250,sfti_b91f6da7632d1a6572e94970
T1a_ACRONYM,250,sfti_061fcd58eaf16ad1d3bb6801
T1a_ACRONYM,250,sfti_c66cc46ed8a46cf03d29c1b2
T1a_ACRONYM,250,sfti_25f111724229ad34e90f0d11
T1a_ACRONYM,250,sfti_be845039bb1c021b15b0f110
T1a_ACRONYM,250,sfti_45ee9efb4a66e7c9c482ddf5
T1a_ACRONYM,250,sfti_287a5a3ea7131339638b9d03
T1a_ACRONYM,250,sfti_7b41bb469adcc2e9cacad85c
T1a_ACRONYM,250,sfti_e64420be7ed019fb54702c54
T1a_ACRONYM,250,sfti_785fb1b7b443fa96832f2b2a
T1a_ACRONYM,250,sfti_c9d93ff7f1d8bbea4ac5c60b
T1a_ACRONYM,250,sfti_c6b258e228ca83ddd3bed48d
T1a_ACRONYM,250,sfti_9f7356db662398a66c5ff302
T1a_ACRONYM,250,sfti_979fec473e1a86f605743599
T1a_ACRONYM,250,sfti_9615fd21a8e965fac1254b4a
T1a_ACRONYM,250,sfti_479547379437fa0253407fe6
T1a_ACRONYM,250,sfti_b9d9be551aee886881332f43
T1a_ACRONYM,250,sfti_0acb108213182d5bfa7536c4
T1a_ACRONYM,250,sfti_de029ec1f163cf3366039a66
T1a_ACRONYM,250,sfti_a00595075b31c24ff140122e
T1a_ACRONYM,250,sfti_719db85e3779113508ab9d0d
T1a_ACRONYM,250,sfti_fa872a93766ce886696cf4f7
T1a_ACRONYM,250,sfti_0fd0f47ad22c5fc8eaaf03b3
T1a_ACRONYM,250,sfti_34a44bf2d7a1e9678acd0e45
T1a_ACRONYM,250,sfti_0a82faca4c524d746f035fcf
T1a_ACRONYM,250,sfti_e084a3b3c3b2187fcbae5421
T1a_ACRONYM,250,sfti_7aa2019f8ebc2d31ed1e4f41
T1a_ACRONYM,250,sfti_c8ae0cada462329ee082a766
T1a_ACRONYM,250,sfti_4d0c2ee7d849ce44a8487f08
T1a_ACRONYM,250,sfti_feb3176a7e61f11746a28b53
T1a_ACRONYM,250,sfti_547c74aa0fadd1089c044103
T1a_ACRONYM,250,sfti_97fe4962212de3e99fad09c3
T1a_ACRONYM,250,sfti_a07d1253a2f150ff4717caec
T1a_ACRONYM,250,sfti_78ecf449a2407555765f3c9a
T1a_ACRONYM,250,sfti_c33089b4164acb6ca62de86d
T1a_ACRONYM,250,sfti_21d57595f1db46ec48f50b0b
T1a_ACRONYM,250,sfti_925e63279e90dc784e08f4a8
T1a_ACRONYM,250,sfti_209e205af5ab303a05aa702a
T1a_ACRONYM,250,sfti_cd8e1be585647b836679d877
T1a_ACRONYM,250,sfti_246a6e6e6ab6f4475b6ede87
T1a_ACRONYM,250,sfti_bee08d4dfa0e63b9d2e28637
T1a_ACRONYM,250,sfti_c6dfca7f4ac3b6fd95f156f7
T1a_ACRONYM,250,sfti_afcb6c09fef497f2e45c4385
T1a_ACRONYM,250,sfti_b095923da973c06d484f14be
T1a_ACRONYM,250,sfti_8c209a8dbda7fdf15e1de2f8
T1a_ACRONYM,250,sfti_890e225ccc0056519401eaf3
T1a_ACRONYM,250,sfti_528ce1683f0e9e57ab94e3fe
T1a_ACRONYM,250,sfti_0467fbfb93f5e41e5791ded7
T1a_ACRONYM,250,sfti_a2e1bb8fddf3b4bc3368698a
T1a_ACRONYM,250,sfti_c1b309431b3920d6272b77c8
T1a_ACRONYM,250,sfti_2a511165f6698c75338bc828
T1a_ACRONYM,250,sfti_97eed5776ea1d399d46ca277
T1a_ACRONYM,250,sfti_7547dcdaa44db5491bf96ba8
T1a_ACRONYM,250,sfti_326547ab24934903b352b405
T1a_ACRONYM,250,sfti_13b82563661552e63f365550
T1a_ACRONYM,250,sfti_edb2468d4c1a320910410f9f
T1a_ACRONYM,250,sfti_b088f2da078631a505093775
T1a_ACRONYM,250,sfti_b7999d572a5f41742b1850bb
T1a_ACRONYM,250,sfti_2dbf3bc0042321ec20543a47
T1a_ACRONYM,250,sfti_e54976e4de6c46ebf075353a
T1a_ACRONYM,250,sfti_07014a52280c5b767f34fac3
T1a_ACRONYM,250,sfti_efbd022abd719eafcf04b555
T1a_ACRONYM,250,sfti_cc59d4afd911bef0a3d7425d
T1a_ACRONYM,250,sfti_005ad301f60c74114cbe671a
T1a_ACRONYM,250,sfti_cbdd9de81810b788446076a2
T1a_ACRONYM,250,sfti_94db27459697c69df0635404
T1a_ACRONYM,250,sfti_57870caeeac1d35fc2247f77
T1a_ACRONYM,250,sfti_cee03078ffa77f6fe1b6a312
T1a_ACRONYM,250,sfti_4d6e4bd6429bee84fa53f72d
T1a_ACRONYM,250,sfti_180976461659eda54fa19fd0
T1a_ACRONYM,250,sfti_c4f0259d644438446f361914
T1a_ACRONYM,250,sfti_aea82a33396da3abe7c64581
T1a_ACRONYM,250,sfti_c9fad15a1b11549787055a5f
T1a_ACRONYM,250,sfti_8146fb33250cbbb60595a753
T1a_ACRONYM,250,sfti_417f13757c8e2404cfd2f2a1
T1a_ACRONYM,250,sfti_3dbc01d1626220d3164ee5d3
T1a_ACRONYM,250,sfti_b6df394f5981b4243a4ea637
T1a_ACRONYM,250,sfti_8589d2c11462b2c25c7cb769
T1a_ACRONYM,250,sfti_3e334823665bfcb5b1762aa3
T1a_ACRONYM,500,sfti_64c970e0136c51ec59f0f374
T1a_ACRONYM,500,sfti_fa9ad7f5133a244788249ca3
T1a_ACRONYM,500,sfti_aa932975ab57d44a8b3f7802
T1a_ACRONYM,500,sfti_350bb054d70205a154a61013
T1a_ACRONYM,500,sfti_7e08d9aa4de77d65b2e6b24c
T1a_ACRONYM,500,sfti_1f22166c3d4eb0fcf59b269a
T1a_ACRONYM,500,sfti_66db475e28b671a2cbd520d9
T1a_ACRONYM,500,sfti_dd88423d70f5d10f2fbadea2
T1a_ACRONYM,500,sfti_acb9440d060dee161e34aab1
T1a_ACRONYM,500,sfti_ebffbbc240abc4bbcec926e7
T1a_ACRONYM,500,sfti_e397d40bb398b0f75189ef3d
T1a_ACRONYM,500,sfti_46e5f053877aafba3ba7c288
T1a_ACRONYM,500,sfti_c85af7d550ece5e4f1ebf7e6
T1a_ACRONYM,500,sfti_53cde7ba440623dfecec514f
T1a_ACRONYM,500,sfti_d5e37eb61ed538ce85e25c54
T1a_ACRONYM,500,sfti_b51639c1e1acb533f02565d0
T1a_ACRONYM,500,sfti_190363ba350aaec301a80791
T1a_ACRONYM,500,sfti_5722a5a8a098630f2c35cca4
T1a_ACRONYM,500,sfti_32c74ce4935994e5ed7e3f72
T1a_ACRONYM,500,sfti_299f8e3dc0fddb73e5d0e682
T1a_ACRONYM,500,sfti_ca04d4ffd22fad19fb522185
T1a_ACRONYM,500,sfti_383fc21bf3dc9194da373c17
T1a_ACRONYM,500,sfti_f385f22d583a658343359c4c
T1a_ACRONYM,500,sfti_a6eaddcb41e4f14ccd04287d
T1a_ACRONYM,500,sfti_de303f8f4f4ca6753038aad5
T1a_ACRONYM,500,sfti_cddce368df3a4c8abd068e88
T1a_ACRONYM,500,sfti_54a1a4d69291ac8f061b5107
T1a_ACRONYM,500,sfti_c85dffaae9b351f4eef78ba9
T1a_ACRONYM,500,sfti_620ad3f2aca04e725314e03c
T1a_ACRONYM,500,sfti_d33f09dfa894254e209004c6
T1a_ACRONYM,500,sfti_1d262c257c0605fee9b79dc4
T1a_ACRONYM,500,sfti_faee124ca6570ca836b3bebb
T1a_ACRONYM,500,sfti_cb4e0d513b80f9725b75def6
T1a_ACRONYM,500,sfti_a1a2121641c15aa7324e45dd
T1a_ACRONYM,500,sfti_1a27d927f7de4ecf20be2f7f
T1a_ACRONYM,500,sfti_c0474ec0f6a4721ddd9630ae
T1a_ACRONYM,500,sfti_b3a5c33249fc0e5bf86ef6a0
T1a_ACRONYM,500,sfti_3459201c5c0cbf757ba92cf9
T1a_ACRONYM,500,sfti_ea87d9037f7e0c6f2dc8817d
T1a_ACRONYM,500,sfti_a65a2f04bbeecfacc2d62041
T1a_ACRONYM,500,sfti_f7f2b5c7b80677f541550226
T1a_ACRONYM,500,sfti_c55b110b3f5e34e8217a6517
T1a_ACRONYM,500,sfti_64e9d1d8420512e3a8a578dd
T1a_ACRONYM,500,sfti_2d96688d405a4748767ac2db
T1a_ACRONYM,500,sfti_cd1b6798af755785613e7f16
T1a_ACRONYM,500,sfti_e7e54efb9de86da321d6bbfe
T1a_ACRONYM,500,sfti_30213e06f0921ecfabf9af50
T1a_ACRONYM,500,sfti_79180042e7395ae25a7c75c2
T1a_ACRONYM,500,sfti_1c4ba216541e3d4b9d41b274
T1a_ACRONYM,500,sfti_4ad36ab357a38c848a9386a8
T1a_ACRONYM,500,sfti_f6070fb2f74f2a92062849cc
T1a_ACRONYM,500,sfti_272e03ab14380d435d4cf745
T1a_ACRONYM,500,sfti_035a6a1b2b377b32f9c95c4b
T1a_ACRONYM,500,sfti_305969d96553eadecfeb7bc5
T1a_ACRONYM,500,sfti_fad4af05128d8d91293cd311
T1a_ACRONYM,500,sfti_3bb5a3175fe9f42c0a8821b1
T1a_ACRONYM,500,sfti_9a4e64c1255b4ede6bb88fc3
T1a_ACRONYM,500,sfti_a2400395fd6237db14c18291
T1a_ACRONYM,500,sfti_28edd9399a6b612b4195d0a9
T1a_ACRONYM,500,sfti_283e5f5ae0024e63bfeb7597
T1a_ACRONYM,500,sfti_2b9a730b513dcd907929a482
T1a_ACRONYM,500,sfti_7c285b75b189e2ec5cda055c
T1a_ACRONYM,500,sfti_0aae1ff20f9f3ded929b85f4
T1a_ACRONYM,500,sfti_2bace1bf26988cba618d4a86
T1a_ACRONYM,500,sfti_b1bb28bd3822d82d4fd46001
T1a_ACRONYM,500,sfti_aa3f77f94102279cc7209659
T1a_ACRONYM,500,sfti_bd0ecb7d162e4a6bbb5d2530
T1a_ACRONYM,500,sfti_12d49bc76935a9497be14360
T1a_ACRONYM,500,sfti_11670869d0ae9048168f4aee
T1a_ACRONYM,500,sfti_6d534611ab800ee4f35b7ce7
T1a_ACRONYM,500,sfti_3a898a4022ebeaf72d190e16
T1a_ACRONYM,500,sfti_a046036bcfd977b2cf5ae7fe
T1a_ACRONYM,500,sfti_061738b809fbc3093717428a
T1a_ACRONYM,500,sfti_bc331d97efd720f2ad5470d8
T1a_ACRONYM,500,sfti_d245df4469de0b8ce25c8203
T1a_ACRONYM,500,sfti_55ebcdeac20bb8f28e05f9fe
T1a_ACRONYM,500,sfti_e1d015902ce634fefda92912
T1a_ACRONYM,500,sfti_61b59d5c85443f71cfd065a4
T1a_ACRONYM,500,sfti_bef503a85d5fa56a2df0f188
T1a_ACRONYM,500,sfti_8a4fa96ad0b06e9642ad624d
T1a_ACRONYM,500,sfti_cc2ccd90e05d268bf76fcc69
T1a_ACRONYM,500,sfti_53820e1193ed71cbf8daa4c0
T1a_ACRONYM,500,sfti_7cf8a3a4093169b6f85ffe18
T1a_ACRONYM,500,sfti_783e22d49d3f01144001790f
T1a_ACRONYM,500,sfti_e8573b7c22952f08c6af664f
T1a_ACRONYM,500,sfti_95d3e9a9a9b802b43644a6cc
T1a_ACRONYM,500,sfti_76403019226372dd52f78090
T1a_ACRONYM,500,sfti_760c1c5eeea226bb285b7d40
T1a_ACRONYM,500,sfti_7eb353e7a11ee73faffb0881
T1a_ACRONYM,500,sfti_da9c05fc134412f486cbc542
T1a_ACRONYM,500,sfti_41d8b91fc2f044e09e67e326
T1a_ACRONYM,500,sfti_e5fe74fe211e58303280dd3f
T1a_ACRONYM,500,sfti_ebd3e7c8260f0b3dbde9abf4
T1a_ACRONYM,500,sfti_6dc4dd9e0765d3806c3f2d26
T1a_ACRONYM,500,sfti_99f4e28115d3a976f6fbf3f9
T1a_ACRONYM,500,sfti_533104832a1416ea2639452e
T1a_ACRONYM,500,sfti_77eb16c319e644bb2a3b79f4
T1a_ACRONYM,500,sfti_b3ff8c39dd96a039c8880a57
T1a_ACRONYM,500,sfti_e2f039537d255b22efe61226
T1a_ACRONYM,500,sfti_3853804b915b6bd9b8d4229a
T1a_ACRONYM,500,sfti_1f06467874968312cbc8ec9c
T1a_ACRONYM,500,sfti_02137af27282cc1a721e7603
T1a_ACRONYM,500,sfti_08eb5147f972779730bd622b
T1a_ACRONYM,500,sfti_adfdb0358c03c96b16d8535c
T1a_ACRONYM,500,sfti_af57cecd245ea35b17312590
T1a_ACRONYM,500,sfti_1af296a5ba2fa67a2b3557a3
T1a_ACRONYM,500,sfti_b3b63d6a3e19ad80186c9ec8
T1a_ACRONYM,500,sfti_46be83859d437aa417b2be9c
T1a_ACRONYM,500,sfti_fc72092fa7405e4ebc0c56a7
T1a_ACRONYM,500,sfti_95c75d7f123a1d3e235a40b6
T1a_ACRONYM,500,sfti_8d72483941791f546c07fe1e
T1a_ACRONYM,500,sfti_8d70b038e6b05b01150033b2
T1a_ACRONYM,500,sfti_b16e2268a9bfeb520cbd09cf
T1a_ACRONYM,500,sfti_b0ef8d40dc9a641ae9d888c2
T1a_ACRONYM,500,sfti_73447273f55404fc4c2b91fc
T1a_ACRONYM,500,sfti_be9fa675da39e8c5b85dc4fe
T1a_ACRONYM,500,sfti_a270c404f10af3e3cd94810b
T1a_ACRONYM,500,sfti_6c4b120cafcf9125ca9f5ad8
T1a_ACRONYM,500,sfti_403fc6e2a4b83f61f70983cc
T1a_ACRONYM,500,sfti_4aec0a9f90c6283d320fb548
T1a_ACRONYM,500,sfti_d8d1d8a88dde1889805be419
T1a_ACRONYM,500,sfti_4b992f480601c687961b0594
T1a_ACRONYM,500,sfti_ad2b4ef0a860efa13569307b
T1a_ACRONYM,500,sfti_5bf9883afd75b6d9080f40d8
T1a_ACRONYM,500,sfti_9011bab523f5d6e7aeb032f5
T1a_ACRONYM,500,sfti_dc37be426fa1549726809935
T1a_ACRONYM,500,sfti_97f2dcd755e247a8164455c0
T1a_ACRONYM,500,sfti_caa4642a3b92a573aea8e85b
T1a_ACRONYM,500,sfti_81fe2a37543158230df24fbf
T1a_ACRONYM,500,sfti_459dba98ac4b1f546d822222
T1a_ACRONYM,500,sfti_bd527f2e59c8111f46f1302d
T1a_ACRONYM,500,sfti_feb5abf5a1a4eec054298e57
T1a_ACRONYM,500,sfti_04202306bc5c51260b334c24
T1a_ACRONYM,500,sfti_3b366545cc8c122ce6227c06
T1a_ACRONYM,500,sfti_a60e0130861ce624a2bdfd63
T1a_ACRONYM,500,sfti_f826f5bcaa3e8d51babc5313
T1a_ACRONYM,500,sfti_c22804ced7ec05db6c669c89
T1a_ACRONYM,500,sfti_cdcb7ff9aee036eec7e0f67a
T1a_ACRONYM,500,sfti_89339e0766318ac107edcef4
T1a_ACRONYM,500,sfti_63cf6c64ac5efeb0d76e612b
T1a_ACRONYM,500,sfti_2581a243241fdabfabb0716e
T1a_ACRONYM,500,sfti_dba9cf8fd87abd53a7b7fc86
T1a_ACRONYM,500,sfti_7c1ffa55799b14429626b26d
T1a_ACRONYM,500,sfti_42d52cf7b8fb6e3cabd90f30
T1a_ACRONYM,500,sfti_45ced8b039091531f7e84cc1
T1a_ACRONYM,500,sfti_20644766afb97f8bf2a72d16
T1a_ACRONYM,500,sfti_66b33662f028c40646d95155
T1a_ACRONYM,500,sfti_5fca39d3131ba3a8fb9f7f98
T1a_ACRONYM,500,sfti_894a72cf528b3c8503526726
T1a_ACRONYM,500,sfti_1897e5a8e2f98e9ad05a8369
T1a_ACRONYM,500,sfti_acad9e4ac64e2f8a81bd2fb5
T1a_ACRONYM,500,sfti_5e25436db8c03a6a20718c4e
T1a_ACRONYM,500,sfti_838ab97e62efaddf0e64602c
T1a_ACRONYM,500,sfti_94ac26f8233986c1b109984b
T1a_ACRONYM,500,sfti_5ade7f5b9a48906dc6c854ac
T1a_ACRONYM,500,sfti_7a5dced59eced76d05c46a34
T1a_ACRONYM,500,sfti_66fb3ecde5f771b7eef8bf80
T1a_ACRONYM,500,sfti_b082dbc3daa56f7f91fc7f1d
T1a_ACRONYM,500,sfti_61b8e34207fdbbee9ef515e0
T1a_ACRONYM,500,sfti_ef901d90c31c641b24a19743
T1a_ACRONYM,500,sfti_4e8aa3adc1d2502c4166c1e5
T1a_ACRONYM,500,sfti_1fd169b4c4b0231aac8bdafe
T1a_ACRONYM,500,sfti_da2c9e5b7f17e4d4fce62fd2
T1a_ACRONYM,500,sfti_d350984c6bff3290dce395e1
T1a_ACRONYM,500,sfti_32b67848f354ff744097850b
T1a_ACRONYM,500,sfti_aaad60b6877acda197310218
T1a_ACRONYM,500,sfti_1065ca13dd738ae78ee16370
T1a_ACRONYM,500,sfti_f81acb7764eeace445abbc95
T1a_ACRONYM,500,sfti_46927ebd37a3347f191cfae2
T1a_ACRONYM,500,sfti_0c677a4d928f7a277eae2502
T1a_ACRONYM,500,sfti_d74555a767cf22743a569f2c
T1a_ACRONYM,500,sfti_b91f6da7632d1a6572e94970
T1a_ACRONYM,500,sfti_061fcd58eaf16ad1d3bb6801
T1a_ACRONYM,500,sfti_c66cc46ed8a46cf03d29c1b2
T1a_ACRONYM,500,sfti_25f111724229ad34e90f0d11
T1a_ACRONYM,500,sfti_be845039bb1c021b15b0f110
T1a_ACRONYM,500,sfti_45ee9efb4a66e7c9c482ddf5
T1a_ACRONYM,500,sfti_287a5a3ea7131339638b9d03
T1a_ACRONYM,500,sfti_7b41bb469adcc2e9cacad85c
T1a_ACRONYM,500,sfti_e64420be7ed019fb54702c54
T1a_ACRONYM,500,sfti_785fb1b7b443fa96832f2b2a
T1a_ACRONYM,500,sfti_c9d93ff7f1d8bbea4ac5c60b
T1a_ACRONYM,500,sfti_c6b258e228ca83ddd3bed48d
T1a_ACRONYM,500,sfti_9f7356db662398a66c5ff302
T1a_ACRONYM,500,sfti_979fec473e1a86f605743599
T1a_ACRONYM,500,sfti_9615fd21a8e965fac1254b4a
T1a_ACRONYM,500,sfti_479547379437fa0253407fe6
T1a_ACRONYM,500,sfti_b9d9be551aee886881332f43
T1a_ACRONYM,500,sfti_0acb108213182d5bfa7536c4
T1a_ACRONYM,500,sfti_de029ec1f163cf3366039a66
T1a_ACRONYM,500,sfti_a00595075b31c24ff140122e
T1a_ACRONYM,500,sfti_719db85e3779113508ab9d0d
T1a_ACRONYM,500,sfti_fa872a93766ce886696cf4f7
T1a_ACRONYM,500,sfti_0fd0f47ad22c5fc8eaaf03b3
T1a_ACRONYM,500,sfti_34a44bf2d7a1e9678acd0e45
T1a_ACRONYM,500,sfti_0a82faca4c524d746f035fcf
T1a_ACRONYM,500,sfti_e084a3b3c3b2187fcbae5421
T1a_ACRONYM,500,sfti_7aa2019f8ebc2d31ed1e4f41
T1a_ACRONYM,500,sfti_c8ae0cada462329ee082a766
T1a_ACRONYM,500,sfti_4d0c2ee7d849ce44a8487f08
T1a_ACRONYM,500,sfti_feb3176a7e61f11746a28b53
T1a_ACRONYM,500,sfti_547c74aa0fadd1089c044103
T1a_ACRONYM,500,sfti_97fe4962212de3e99fad09c3
T1a_ACRONYM,500,sfti_a07d1253a2f150ff4717caec
T1a_ACRONYM,500,sfti_78ecf449a2407555765f3c9a
T1a_ACRONYM,500,sfti_c33089b4164acb6ca62de86d
T1a_ACRONYM,500,sfti_21d57595f1db46ec48f50b0b
T1a_ACRONYM,500,sfti_925e63279e90dc784e08f4a8
T1a_ACRONYM,500,sfti_209e205af5ab303a05aa702a
T1a_ACRONYM,500,sfti_cd8e1be585647b836679d877
T1a_ACRONYM,500,sfti_246a6e6e6ab6f4475b6ede87
T1a_ACRONYM,500,sfti_bee08d4dfa0e63b9d2e28637
T1a_ACRONYM,500,sfti_c6dfca7f4ac3b6fd95f156f7
T1a_ACRONYM,500,sfti_afcb6c09fef497f2e45c4385
T1a_ACRONYM,500,sfti_b095923da973c06d484f14be
T1a_ACRONYM,500,sfti_8c209a8dbda7fdf15e1de2f8
T1a_ACRONYM,500,sfti_890e225ccc0056519401eaf3
T1a_ACRONYM,500,sfti_528ce1683f0e9e57ab94e3fe
T1a_ACRONYM,500,sfti_0467fbfb93f5e41e5791ded7
T1a_ACRONYM,500,sfti_a2e1bb8fddf3b4bc3368698a
T1a_ACRONYM,500,sfti_c1b309431b3920d6272b77c8
T1a_ACRONYM,500,sfti_2a511165f6698c75338bc828
T1a_ACRONYM,500,sfti_97eed5776ea1d399d46ca277
T1a_ACRONYM,500,sfti_7547dcdaa44db5491bf96ba8
T1a_ACRONYM,500,sfti_326547ab24934903b352b405
T1a_ACRONYM,500,sfti_13b82563661552e63f365550
T1a_ACRONYM,500,sfti_edb2468d4c1a320910410f9f
T1a_ACRONYM,500,sfti_b088f2da078631a505093775
T1a_ACRONYM,500,sfti_b7999d572a5f41742b1850bb
T1a_ACRONYM,500,sfti_2dbf3bc0042321ec20543a47
T1a_ACRONYM,500,sfti_e54976e4de6c46ebf075353a
T1a_ACRONYM,500,sfti_07014a52280c5b767f34fac3
T1a_ACRONYM,500,sfti_efbd022abd719eafcf04b555
T1a_ACRONYM,500,sfti_cc59d4afd911bef0a3d7425d
T1a_ACRONYM,500,sfti_005ad301f60c74114cbe671a
T1a_ACRONYM,500,sfti_cbdd9de81810b788446076a2
T1a_ACRONYM,500,sfti_94db27459697c69df0635404
T1a_ACRONYM,500,sfti_57870caeeac1d35fc2247f77
T1a_ACRONYM,500,sfti_cee03078ffa77f6fe1b6a312
T1a_ACRONYM,500,sfti_4d6e4bd6429bee84fa53f72d
T1a_ACRONYM,500,sfti_180976461659eda54fa19fd0
T1a_ACRONYM,500,sfti_c4f0259d644438446f361914
T1a_ACRONYM,500,sfti_aea82a33396da3abe7c64581
T1a_ACRONYM,500,sfti_c9fad15a1b11549787055a5f
T1a_ACRONYM,500,sfti_8146fb33250cbbb60595a753
T1a_ACRONYM,500,sfti_417f13757c8e2404cfd2f2a1
T1a_ACRONYM,500,sfti_3dbc01d1626220d3164ee5d3
T1a_ACRONYM,500,sfti_b6df394f5981b4243a4ea637
T1a_ACRONYM,500,sfti_8589d2c11462b2c25c7cb769
T1a_ACRONYM,500,sfti_3e334823665bfcb5b1762aa3
T1a_ACRONYM,500,sfti_4ddbc7017188475dd00909f7
T1a_ACRONYM,500,sfti_0ad7b86ce963ebb5e39bee05
T1a_ACRONYM,500,sfti_01353bd33372a6ae51da798d
T1a_ACRONYM,500,sfti_3613a3c90af93e599599699d
T1a_ACRONYM,500,sfti_f6f2f80ef411cb4ca05002b6
T1a_ACRONYM,500,sfti_2d967666d965a3e348665d89
T1a_ACRONYM,500,sfti_08305a397f5575685cd8e696
T1a_ACRONYM,500,sfti_8fd43a3cdc69e463b6ccea22
T1a_ACRONYM,500,sfti_ccb3a524c93bccc10e0f73e4
T1a_ACRONYM,500,sfti_a22f25105f1a82163f0ace9e
T1a_ACRONYM,500,sfti_2a335213f37d2ae1982c36e3
T1a_ACRONYM,500,sfti_35045c5d974fa8d63a5797dc
T1a_ACRONYM,500,sfti_2165bebcc2ce9dad077f0c90
T1a_ACRONYM,500,sfti_d98d442b9dc36d09adcf57dd
T1a_ACRONYM,500,sfti_70bf280502877466a4b781a4
T1a_ACRONYM,500,sfti_fd85de3a54513a2532d30a8e
T1a_ACRONYM,500,sfti_5ef94fc1e2d22fcbe700355b
T1a_ACRONYM,500,sfti_3bc75d056b808f37de37540f
T1a_ACRONYM,500,sfti_18e0228b2a1f652d4a343d50
T1a_ACRONYM,500,sfti_d7565f6b8978b29ae377fa29
T1a_ACRONYM,500,sfti_2a75ee1434215a6a0a5b006d
T1a_ACRONYM,500,sfti_8b61c7931c6975042f4af7ab
T1a_ACRONYM,500,sfti_07101ccc38bc66a67e9760e8
T1a_ACRONYM,500,sfti_17ca9c9738e043255b80cb84
T1a_ACRONYM,500,sfti_7e46fed39c8462db875ed6bc
T1a_ACRONYM,500,sfti_14dbed5d0945440466e28040
T1a_ACRONYM,500,sfti_ed6edb0f1b207bf582b96642
T1a_ACRONYM,500,sfti_75d00548296d52ca72de8bc4
T1a_ACRONYM,500,sfti_5cc5156024af0c61375e4e2a
T1a_ACRONYM,500,sfti_87bd65f844224da3f59b5d0d
T1a_ACRONYM,500,sfti_483cd82b9ef2a92382831c60
T1a_ACRONYM,500,sfti_5a4794c34bc8410e63fd93e1
T1a_ACRONYM,500,sfti_46e9b3a51dc52fff9c43f80a
T1a_ACRONYM,500,sfti_9a76ff058d72f900f56dbb52
T1a_ACRONYM,500,sfti_bea5235fa7644aed2071af52
T1a_ACRONYM,500,sfti_f40888a9a2552b3575dc3128
T1a_ACRONYM,500,sfti_d5ce6c0b33471461e0fd2d8c
T1a_ACRONYM,500,sfti_bb2dd2a77112d5750ac2e633
T1a_ACRONYM,500,sfti_ead97bc00de322e654f6b9a8
T1a_ACRONYM,500,sfti_9ed7a3f16a91ae43c8a48115
T1a_ACRONYM,500,sfti_896e171d9f588e8f8f311010
T1a_ACRONYM,500,sfti_7d44c386bf0a38ff52c202b9
T1a_ACRONYM,500,sfti_f6d6614e8e305c06d2d035a9
T1a_ACRONYM,500,sfti_b3fa5d37c5808cf3387afd88
T1a_ACRONYM,500,sfti_deba19777786695c9ad664bb
T1a_ACRONYM,500,sfti_141b77b8099ce092748ea531
T1a_ACRONYM,500,sfti_65e81704bdba849a39031235
T1a_ACRONYM,500,sfti_d7348472980f9f53505cb337
T1a_ACRONYM,500,sfti_a9e5916d6d3bf8cedc6d6c9a
T1a_ACRONYM,500,sfti_2c17420b038ebba776c606b0
T1a_ACRONYM,500,sfti_948f6cb52f05e2d67f63ba9b
T1a_ACRONYM,500,sfti_27cd142369cd0a8728de3f04
T1a_ACRONYM,500,sfti_33c450fa1cb5de0ccadc4a1c
T1a_ACRONYM,500,sfti_4cafb9101dcb00657c625e1d
T1a_ACRONYM,500,sfti_eb18a9994e5826a5ddcf444b
T1a_ACRONYM,500,sfti_8d9cff7da8f34305117fa6b5
T1a_ACRONYM,500,sfti_6aa33d414cbbad59bd478aa1
T1a_ACRONYM,500,sfti_6aa24903767fb4b847894d92
T1a_ACRONYM,500,sfti_044f13d6d8a077a9177f2050
T1a_ACRONYM,500,sfti_066cb315528c9ed6d0b2d0a1
T1a_ACRONYM,500,sfti_cd954a84fd2a22eb10eb085b
T1a_ACRONYM,500,sfti_35704004dc1bd52304eef7a9
T1a_ACRONYM,500,sfti_a8ca5674487cc3cfc0610c7e
T1a_ACRONYM,500,sfti_a307a0a4d038dc22686caedc
T1a_ACRONYM,500,sfti_f9c5eca39ce490350879f744
T1a_ACRONYM,500,sfti_115994b8fcc13c4c75e1883a
T1a_ACRONYM,500,sfti_bf272358836751c134358389
T1a_ACRONYM,500,sfti_f4d85000d06d7e416fdbb945
T1a_ACRONYM,500,sfti_16b2760549ac14620bca4757
T1a_ACRONYM,500,sfti_077612fb809608e09ea792be
T1a_ACRONYM,500,sfti_b3267be6636dbe5dbdd06ff1
T1a_ACRONYM,500,sfti_d14a6686b720fd7d077a66b7
T1a_ACRONYM,500,sfti_06d357ba9576bdc17846b150
T1a_ACRONYM,500,sfti_1dbcf859a5dabf8fd5e4ce27
T1a_ACRONYM,500,sfti_9dfa211fffb4fd221cfdf798
T1a_ACRONYM,500,sfti_332ee679e0bbcee24a7da353
T1a_ACRONYM,500,sfti_988e58a3f799528d28fab18c
T1a_ACRONYM,500,sfti_675292e9d682129975df7ebc
T1a_ACRONYM,500,sfti_40bd6ebe2343b093c5bbf5c4
T1a_ACRONYM,500,sfti_5fcb8fe7d9960d16bca6d575
T1a_ACRONYM,500,sfti_42ce6eda7e88c48a4af50942
T1a_ACRONYM,500,sfti_c1dcd0d429b4d422b3903616
T1a_ACRONYM,500,sfti_5fd00365b578a9e2c8df9bc6
T1a_ACRONYM,500,sfti_13e491eb0fe74d1c449a55ea
T1a_ACRONYM,500,sfti_34e8f122c4739d317ac1ac94
T1a_ACRONYM,500,sfti_1b0a50304a48b1cdedcb7aac
T1a_ACRONYM,500,sfti_bf6dc4722dc640652ba38073
T1a_ACRONYM,500,sfti_678012a953b3570d4ef5103b
T1a_ACRONYM,500,sfti_69708140b839508deddd3426
T1a_ACRONYM,500,sfti_755255e0c97fa42e132ea5dd
T1a_ACRONYM,500,sfti_5e1846cc5e73e1432e4368ba
T1a_ACRONYM,500,sfti_279408a4a73233585bc8c194
T1a_ACRONYM,500,sfti_47ea204c366d8bf151452ae5
T1a_ACRONYM,500,sfti_72a4cf43c9365315f12991ff
T1a_ACRONYM,500,sfti_2561ff649483915eaae53ae5
T1a_ACRONYM,500,sfti_4ac9f7d4fa1e88931bd665eb
T1a_ACRONYM,500,sfti_58d5521d08881f8b1fbda92c
T1a_ACRONYM,500,sfti_95546a1f92c08bf4194593f8
T1a_ACRONYM,500,sfti_f7033123002b6ab15befd8a3
T1a_ACRONYM,500,sfti_7693460a97132b5290352fe2
T1a_ACRONYM,500,sfti_79b5f7d4711c142830c56a1c
T1a_ACRONYM,500,sfti_86d799f043c3c30327c65ecf
T1a_ACRONYM,500,sfti_6d5e8978233d0975dde53ca0
T1a_ACRONYM,500,sfti_9142c236ab6b244b40efeb0c
T1a_ACRONYM,500,sfti_5897ea4d58172a61a5b8a17e
T1a_ACRONYM,500,sfti_8db2e1979c2f82a2a5772e69
T1a_ACRONYM,500,sfti_7b10acd83471607b0a2b463f
T1a_ACRONYM,500,sfti_b96d82949220df80945560bc
T1a_ACRONYM,500,sfti_14614a6252c9ec9a05c7e3b6
T1a_ACRONYM,500,sfti_ac2c5913c01ba487dd311223
T1a_ACRONYM,500,sfti_102fbe755ed1b9fd554c3e06
T1a_ACRONYM,500,sfti_febc28fdb0d041adaaa55030
T1a_ACRONYM,500,sfti_6e774eecc72e072ae63f0891
T1a_ACRONYM,500,sfti_140313851e4827cf5ecd9d15
T1a_ACRONYM,500,sfti_57b86845a2e5d7a7fdd70322
T1a_ACRONYM,500,sfti_67043697733a591be6a8d035
T1a_ACRONYM,500,sfti_3110c529ccf3e6e246f5993a
T1a_ACRONYM,500,sfti_ac6af90211d76421fc31d90e
T1a_ACRONYM,500,sfti_0ba7d2085ee53a5183e1f838
T1a_ACRONYM,500,sfti_f78b7cc231cf523e15f1746d
T1a_ACRONYM,500,sfti_ace85feebcba32bc88f5d49e
T1a_ACRONYM,500,sfti_77e36e24d49ae4317d630253
T1a_ACRONYM,500,sfti_ceabd54e3d1647b7a7fa9880
T1a_ACRONYM,500,sfti_ee8ad8604c35842e337a95fe
T1a_ACRONYM,500,sfti_4c5fcd7b2218e636fe44c981
T1a_ACRONYM,500,sfti_31c86d7315209d9ec4dd3687
T1a_ACRONYM,500,sfti_c453727fca484c5d37570845
T1a_ACRONYM,500,sfti_10e5addfb4d4575319b56426
T1a_ACRONYM,500,sfti_62905dd3fe8c01795f1c4093
T1a_ACRONYM,500,sfti_e5ad0f4c5777fcb0b7c488e6
T1a_ACRONYM,500,sfti_b1ff73d788fd56341de7944c
T1a_ACRONYM,500,sfti_098ede3442ffca0b1f7c172a
T1a_ACRONYM,500,sfti_acde77b87d5556ba1eb5f379
T1a_ACRONYM,500,sfti_b4344c9f6b51256bdb8d2a8b
T1a_ACRONYM,500,sfti_8cdd6cbf607dfef1702e2fb5
T1a_ACRONYM,500,sfti_a2445efe8024463f899981bc
T1a_ACRONYM,500,sfti_67f985d2a36752d0fabf274f
T1a_ACRONYM,500,sfti_9e770586facf95f242bee772
T1a_ACRONYM,500,sfti_5640b04b784cdb9ffe29942b
T1a_ACRONYM,500,sfti_9ca9079b13a494f9dd834f71
T1a_ACRONYM,500,sfti_8ca3076363978b7347ec6bb4
T1a_ACRONYM,500,sfti_70944ed9f18a3ad3bd34f359
T1a_ACRONYM,500,sfti_3b57b39a8d7840f3353ef107
T1a_ACRONYM,500,sfti_938a78da0a647ff4845515f7
T1a_ACRONYM,500,sfti_9be54b329878f5cb03971efc
T1a_ACRONYM,500,sfti_429f12e892237723c801dd12
T1a_ACRONYM,500,sfti_bfcb6eddc75d7f4b38bbcc1c
T1a_ACRONYM,500,sfti_d364869b4cb24e2dd0f1f34c
T1a_ACRONYM,500,sfti_80d4d6470f9703edbbcb19a8
T1a_ACRONYM,500,sfti_86ab93730b3c0d6ef56d5bd9
T1a_ACRONYM,500,sfti_03b6c6bb5381ed6256f38574
T1a_ACRONYM,500,sfti_40e6f8330387fb019cf51260
T1a_ACRONYM,500,sfti_63d5a2d0ff979f0f3e7d0e4d
T1a_ACRONYM,500,sfti_fd9d4a7cbd1441d4b2fc8213
T1a_ACRONYM,500,sfti_4ed33a44882f5bebd4886ce6
T1a_ACRONYM,500,sfti_4f152d9becc5e6366fcbcde5
T1a_ACRONYM,500,sfti_1fbd1ce958d1dba035da2d6a
T1a_ACRONYM,500,sfti_55b38a8b72f3891554b311ce
T1a_ACRONYM,500,sfti_d4d35505eac7998a05fe8385
T1a_ACRONYM,500,sfti_75d65ba4b89009ba3d758910
T1a_ACRONYM,500,sfti_7fad20adb9f338feee98ee24
T1a_ACRONYM,500,sfti_aadc581f20af1ff9154b64d3
T1a_ACRONYM,500,sfti_dd1f975262d3269648832186
T1a_ACRONYM,500,sfti_75564e68d07f16718006da03
T1a_ACRONYM,500,sfti_480639a0def9e54df0b5a062
T1a_ACRONYM,500,sfti_35d329af009210186d82b219
T1a_ACRONYM,500,sfti_87b643d55511956b0bd4ea7b
T1a_ACRONYM,500,sfti_ed114e207c39d92d71301964
T1a_ACRONYM,500,sfti_d627753aa2e1a8a8694014c0
T1a_ACRONYM,500,sfti_b304774f243dae65986b97d1
T1a_ACRONYM,500,sfti_427e066046781e57266f3f8e
T1a_ACRONYM,500,sfti_db03494ef82fd9a70a22fb88
T1a_ACRONYM,500,sfti_f10fa2a8b52216626af40b23
T1a_ACRONYM,500,sfti_288948307b5c24a549b24c34
T1a_ACRONYM,500,sfti_9e14ad5b156bbd9c20cc4844
T1a_ACRONYM,500,sfti_a4c08b317876d92ace3308ea
T1a_ACRONYM,500,sfti_2732fdf69c73ab3ef72d0fad
T1a_ACRONYM,500,sfti_b3e1d7edd612a866606e38d7
T1a_ACRONYM,500,sfti_dde9018284e2da0d1b824db8
T1a_ACRONYM,500,sfti_cd29ad3087332377f718f0d1
T1a_ACRONYM,500,sfti_f66156dfaa6ed7e80a7f9c5e
T1a_ACRONYM,500,sfti_49993a03d5665b84f07712e4
T1a_ACRONYM,500,sfti_38b0ab2d46a145a1e7592d19
T1a_ACRONYM,500,sfti_8ab87f523f6b265656f76385
T1a_ACRONYM,500,sfti_31a43235c453a1419236d401
T1a_ACRONYM,500,sfti_390ff0c2ef680e70ed001f6c
T1a_ACRONYM,500,sfti_69d763dd2cab6c305c75c0a6
T1a_ACRONYM,500,sfti_96ce689175f8710d2b73ebc9
T1a_ACRONYM,500,sfti_a167b16fe650a9eb5273a593
T1a_ACRONYM,500,sfti_82a6e78963f749beb099bb10
T1a_ACRONYM,500,sfti_a7198a8466d282e51ce6d3e0
T1a_ACRONYM,500,sfti_7710629e8f0a9a0bd65612cf
T1a_ACRONYM,500,sfti_5a207ed46be1fc095ce43ad6
T1a_ACRONYM,500,sfti_23cfda9d38be5723c042c3cc
T1a_ACRONYM,500,sfti_933cdb466ae1ea0794f6f851
T1a_ACRONYM,500,sfti_fb62e42961e96252a7e8cea9
T1a_ACRONYM,500,sfti_729de27ca10a35ba61ee0e82
T1a_ACRONYM,500,sfti_0472a02f15a94e2a62dbd5d4
T1a_ACRONYM,500,sfti_0d1171511195f0d25fd6a376
T1a_ACRONYM,500,sfti_1939f5f993b7c4c358fb4f5e
T1a_ACRONYM,500,sfti_e94e5f40d018d99dd9e7651c
T1a_ACRONYM,500,sfti_3cecdc3f7026696f71e6d8df
T1a_ACRONYM,500,sfti_b55652d58977a590fd150ce9
T1a_ACRONYM,500,sfti_8e1b031dcfcc174af11a01d5
T1a_ACRONYM,500,sfti_bb12c74df4cc209c789eabd2
T1a_ACRONYM,500,sfti_8e1e87a0b224209d195659de
T1a_ACRONYM,500,sfti_3bb624876d8e0a234f62927d
T1a_ACRONYM,500,sfti_6fa7ce3dd14b0640116b5de8
T1a_ACRONYM,500,sfti_f51a8a9ea872129158a58700
T1a_ACRONYM,500,sfti_c082b94478ac392d10bda249
T1a_ACRONYM,500,sfti_cad420e05c167127245997b0
T1a_ACRONYM,500,sfti_678f3bae3fadbba4dfb6e6c7
T1a_ACRONYM,500,sfti_c5497e2bd7ad4dffe2744b06
T1a_ACRONYM,500,sfti_37209fb465a04e103d35b6c3
T1a_ACRONYM,500,sfti_90736326cf2fa99390b97dc7
T1a_ACRONYM,500,sfti_1703b72b7bc718c20d41306e
T1a_ACRONYM,500,sfti_8dcb50e1a27fece46323955a
T1a_ACRONYM,500,sfti_138c98a391f32c798ef2072c
T1a_ACRONYM,500,sfti_e5e4a177db2bfb8305413f3d
T1a_ACRONYM,500,sfti_07ee88e6d134d0a18a63a071
T1a_ACRONYM,500,sfti_ffefc4a7486c1ebce6a6ea01
T1a_ACRONYM,500,sfti_5fff0703c69ea1f3982008bf
T1a_ACRONYM,500,sfti_b7b77be72d3e646a2669bd36
T1a_ACRONYM,500,sfti_1a109eed3e1389a171667cac
T1a_ACRONYM,500,sfti_ef967872fe10a20b49eb9ff2
T1a_ACRONYM,500,sfti_aa5fd5931cc96ab64e08e54f
T1a_ACRONYM,500,sfti_bd54c2d9c6ea98380c0bd5df
T1a_ACRONYM,500,sfti_52fb7a59307c8ab990289030
T1a_ACRONYM,500,sfti_2ef111c55db3e857997b66f7
T1a_ACRONYM,500,sfti_d4d09d1a35352b5ab618198c
T1a_ACRONYM,500,sfti_8feaf4685014841520e16829
T1a_ACRONYM,500,sfti_901b2945c618cf2f300ee419
T1a_ACRONYM,500,sfti_96130d64938a0a5f1a359b79
T1a_ACRONYM,500,sfti_19701f506212003c94dc1810
T1a_ACRONYM,500,sfti_0451a780edb2da18accac391
T1a_ACRONYM,500,sfti_ba0cc1398c3de07b0f264fbd
T1a_ACRONYM,500,sfti_0e9a9b47a684567a10b16071
T1a_ACRONYM,500,sfti_be9e35b7c29b62ddf61b300e
T1a_ACRONYM,500,sfti_71550edfed61aa2b55c725a1
T1a_ACRONYM,500,sfti_9919b9ce73b3106f0e4f35d0
T1a_ACRONYM,500,sfti_2adfa259805fab898c79f7ab
T1a_ACRONYM,500,sfti_3a67e28d3ded5bd007f41740
T1a_ACRONYM,500,sfti_f22451e72d195bc69d4a8c51
T1a_ACRONYM,500,sfti_e5a8006f8be267aafafaacae
T1a_ACRONYM,500,sfti_11a6bc1db7844ffc6726a7df
T1a_ACRONYM,500,sfti_6aa31f38b8b5348d3014f930
T1a_ACRONYM,500,sfti_6950274f0c0139c79d64beef
T1a_ACRONYM,500,sfti_7d8db6c11f79c26179efd36d
T1a_ACRONYM,500,sfti_9ff275452a41d37107c4ccae
T1a_ACRONYM,500,sfti_7bf9595aadf77b2728f12516
T1a_ACRONYM,1000,sfti_64c970e0136c51ec59f0f374
T1a_ACRONYM,1000,sfti_fa9ad7f5133a244788249ca3
T1a_ACRONYM,1000,sfti_aa932975ab57d44a8b3f7802
T1a_ACRONYM,1000,sfti_350bb054d70205a154a61013
T1a_ACRONYM,1000,sfti_7e08d9aa4de77d65b2e6b24c
T1a_ACRONYM,1000,sfti_1f22166c3d4eb0fcf59b269a
T1a_ACRONYM,1000,sfti_66db475e28b671a2cbd520d9
T1a_ACRONYM,1000,sfti_dd88423d70f5d10f2fbadea2
T1a_ACRONYM,1000,sfti_acb9440d060dee161e34aab1
T1a_ACRONYM,1000,sfti_ebffbbc240abc4bbcec926e7
T1a_ACRONYM,1000,sfti_e397d40bb398b0f75189ef3d
T1a_ACRONYM,1000,sfti_46e5f053877aafba3ba7c288
T1a_ACRONYM,1000,sfti_c85af7d550ece5e4f1ebf7e6
T1a_ACRONYM,1000,sfti_53cde7ba440623dfecec514f
T1a_ACRONYM,1000,sfti_d5e37eb61ed538ce85e25c54
T1a_ACRONYM,1000,sfti_b51639c1e1acb533f02565d0
T1a_ACRONYM,1000,sfti_190363ba350aaec301a80791
T1a_ACRONYM,1000,sfti_5722a5a8a098630f2c35cca4
T1a_ACRONYM,1000,sfti_32c74ce4935994e5ed7e3f72
T1a_ACRONYM,1000,sfti_299f8e3dc0fddb73e5d0e682
T1a_ACRONYM,1000,sfti_ca04d4ffd22fad19fb522185
T1a_ACRONYM,1000,sfti_383fc21bf3dc9194da373c17
T1a_ACRONYM,1000,sfti_f385f22d583a658343359c4c
T1a_ACRONYM,1000,sfti_a6eaddcb41e4f14ccd04287d
T1a_ACRONYM,1000,sfti_de303f8f4f4ca6753038aad5
T1a_ACRONYM,1000,sfti_cddce368df3a4c8abd068e88
T1a_ACRONYM,1000,sfti_54a1a4d69291ac8f061b5107
T1a_ACRONYM,1000,sfti_c85dffaae9b351f4eef78ba9
T1a_ACRONYM,1000,sfti_620ad3f2aca04e725314e03c
T1a_ACRONYM,1000,sfti_d33f09dfa894254e209004c6
T1a_ACRONYM,1000,sfti_1d262c257c0605fee9b79dc4
T1a_ACRONYM,1000,sfti_faee124ca6570ca836b3bebb
T1a_ACRONYM,1000,sfti_cb4e0d513b80f9725b75def6
T1a_ACRONYM,1000,sfti_a1a2121641c15aa7324e45dd
T1a_ACRONYM,1000,sfti_1a27d927f7de4ecf20be2f7f
T1a_ACRONYM,1000,sfti_c0474ec0f6a4721ddd9630ae
T1a_ACRONYM,1000,sfti_b3a5c33249fc0e5bf86ef6a0
T1a_ACRONYM,1000,sfti_3459201c5c0cbf757ba92cf9
T1a_ACRONYM,1000,sfti_ea87d9037f7e0c6f2dc8817d
T1a_ACRONYM,1000,sfti_a65a2f04bbeecfacc2d62041
T1a_ACRONYM,1000,sfti_f7f2b5c7b80677f541550226
T1a_ACRONYM,1000,sfti_c55b110b3f5e34e8217a6517
T1a_ACRONYM,1000,sfti_64e9d1d8420512e3a8a578dd
T1a_ACRONYM,1000,sfti_2d96688d405a4748767ac2db
T1a_ACRONYM,1000,sfti_cd1b6798af755785613e7f16
T1a_ACRONYM,1000,sfti_e7e54efb9de86da321d6bbfe
T1a_ACRONYM,1000,sfti_30213e06f0921ecfabf9af50
T1a_ACRONYM,1000,sfti_79180042e7395ae25a7c75c2
T1a_ACRONYM,1000,sfti_1c4ba216541e3d4b9d41b274
T1a_ACRONYM,1000,sfti_4ad36ab357a38c848a9386a8
T1a_ACRONYM,1000,sfti_f6070fb2f74f2a92062849cc
T1a_ACRONYM,1000,sfti_272e03ab14380d435d4cf745
T1a_ACRONYM,1000,sfti_035a6a1b2b377b32f9c95c4b
T1a_ACRONYM,1000,sfti_305969d96553eadecfeb7bc5
T1a_ACRONYM,1000,sfti_fad4af05128d8d91293cd311
T1a_ACRONYM,1000,sfti_3bb5a3175fe9f42c0a8821b1
T1a_ACRONYM,1000,sfti_9a4e64c1255b4ede6bb88fc3
T1a_ACRONYM,1000,sfti_a2400395fd6237db14c18291
T1a_ACRONYM,1000,sfti_28edd9399a6b612b4195d0a9
T1a_ACRONYM,1000,sfti_283e5f5ae0024e63bfeb7597
T1a_ACRONYM,1000,sfti_2b9a730b513dcd907929a482
T1a_ACRONYM,1000,sfti_7c285b75b189e2ec5cda055c
T1a_ACRONYM,1000,sfti_0aae1ff20f9f3ded929b85f4
T1a_ACRONYM,1000,sfti_2bace1bf26988cba618d4a86
T1a_ACRONYM,1000,sfti_b1bb28bd3822d82d4fd46001
T1a_ACRONYM,1000,sfti_aa3f77f94102279cc7209659
T1a_ACRONYM,1000,sfti_bd0ecb7d162e4a6bbb5d2530
T1a_ACRONYM,1000,sfti_12d49bc76935a9497be14360
T1a_ACRONYM,1000,sfti_11670869d0ae9048168f4aee
T1a_ACRONYM,1000,sfti_6d534611ab800ee4f35b7ce7
T1a_ACRONYM,1000,sfti_3a898a4022ebeaf72d190e16
T1a_ACRONYM,1000,sfti_a046036bcfd977b2cf5ae7fe
T1a_ACRONYM,1000,sfti_061738b809fbc3093717428a
T1a_ACRONYM,1000,sfti_bc331d97efd720f2ad5470d8
T1a_ACRONYM,1000,sfti_d245df4469de0b8ce25c8203
T1a_ACRONYM,1000,sfti_55ebcdeac20bb8f28e05f9fe
T1a_ACRONYM,1000,sfti_e1d015902ce634fefda92912
T1a_ACRONYM,1000,sfti_61b59d5c85443f71cfd065a4
T1a_ACRONYM,1000,sfti_bef503a85d5fa56a2df0f188
T1a_ACRONYM,1000,sfti_8a4fa96ad0b06e9642ad624d
T1a_ACRONYM,1000,sfti_cc2ccd90e05d268bf76fcc69
T1a_ACRONYM,1000,sfti_53820e1193ed71cbf8daa4c0
T1a_ACRONYM,1000,sfti_7cf8a3a4093169b6f85ffe18
T1a_ACRONYM,1000,sfti_783e22d49d3f01144001790f
T1a_ACRONYM,1000,sfti_e8573b7c22952f08c6af664f
T1a_ACRONYM,1000,sfti_95d3e9a9a9b802b43644a6cc
T1a_ACRONYM,1000,sfti_76403019226372dd52f78090
T1a_ACRONYM,1000,sfti_760c1c5eeea226bb285b7d40
T1a_ACRONYM,1000,sfti_7eb353e7a11ee73faffb0881
T1a_ACRONYM,1000,sfti_da9c05fc134412f486cbc542
T1a_ACRONYM,1000,sfti_41d8b91fc2f044e09e67e326
T1a_ACRONYM,1000,sfti_e5fe74fe211e58303280dd3f
T1a_ACRONYM,1000,sfti_ebd3e7c8260f0b3dbde9abf4
T1a_ACRONYM,1000,sfti_6dc4dd9e0765d3806c3f2d26
T1a_ACRONYM,1000,sfti_99f4e28115d3a976f6fbf3f9
T1a_ACRONYM,1000,sfti_533104832a1416ea2639452e
T1a_ACRONYM,1000,sfti_77eb16c319e644bb2a3b79f4
T1a_ACRONYM,1000,sfti_b3ff8c39dd96a039c8880a57
T1a_ACRONYM,1000,sfti_e2f039537d255b22efe61226
T1a_ACRONYM,1000,sfti_3853804b915b6bd9b8d4229a
T1a_ACRONYM,1000,sfti_1f06467874968312cbc8ec9c
T1a_ACRONYM,1000,sfti_02137af27282cc1a721e7603
T1a_ACRONYM,1000,sfti_08eb5147f972779730bd622b
T1a_ACRONYM,1000,sfti_adfdb0358c03c96b16d8535c
T1a_ACRONYM,1000,sfti_af57cecd245ea35b17312590
T1a_ACRONYM,1000,sfti_1af296a5ba2fa67a2b3557a3
T1a_ACRONYM,1000,sfti_b3b63d6a3e19ad80186c9ec8
T1a_ACRONYM,1000,sfti_46be83859d437aa417b2be9c
T1a_ACRONYM,1000,sfti_fc72092fa7405e4ebc0c56a7
T1a_ACRONYM,1000,sfti_95c75d7f123a1d3e235a40b6
T1a_ACRONYM,1000,sfti_8d72483941791f546c07fe1e
T1a_ACRONYM,1000,sfti_8d70b038e6b05b01150033b2
T1a_ACRONYM,1000,sfti_b16e2268a9bfeb520cbd09cf
T1a_ACRONYM,1000,sfti_b0ef8d40dc9a641ae9d888c2
T1a_ACRONYM,1000,sfti_73447273f55404fc4c2b91fc
T1a_ACRONYM,1000,sfti_be9fa675da39e8c5b85dc4fe
T1a_ACRONYM,1000,sfti_a270c404f10af3e3cd94810b
T1a_ACRONYM,1000,sfti_6c4b120cafcf9125ca9f5ad8
T1a_ACRONYM,1000,sfti_403fc6e2a4b83f61f70983cc
T1a_ACRONYM,1000,sfti_4aec0a9f90c6283d320fb548
T1a_ACRONYM,1000,sfti_d8d1d8a88dde1889805be419
T1a_ACRONYM,1000,sfti_4b992f480601c687961b0594
T1a_ACRONYM,1000,sfti_ad2b4ef0a860efa13569307b
T1a_ACRONYM,1000,sfti_5bf9883afd75b6d9080f40d8
T1a_ACRONYM,1000,sfti_9011bab523f5d6e7aeb032f5
T1a_ACRONYM,1000,sfti_dc37be426fa1549726809935
T1a_ACRONYM,1000,sfti_97f2dcd755e247a8164455c0
T1a_ACRONYM,1000,sfti_caa4642a3b92a573aea8e85b
T1a_ACRONYM,1000,sfti_81fe2a37543158230df24fbf
T1a_ACRONYM,1000,sfti_459dba98ac4b1f546d822222
T1a_ACRONYM,1000,sfti_bd527f2e59c8111f46f1302d
T1a_ACRONYM,1000,sfti_feb5abf5a1a4eec054298e57
T1a_ACRONYM,1000,sfti_04202306bc5c51260b334c24
T1a_ACRONYM,1000,sfti_3b366545cc8c122ce6227c06
T1a_ACRONYM,1000,sfti_a60e0130861ce624a2bdfd63
T1a_ACRONYM,1000,sfti_f826f5bcaa3e8d51babc5313
T1a_ACRONYM,1000,sfti_c22804ced7ec05db6c669c89
T1a_ACRONYM,1000,sfti_cdcb7ff9aee036eec7e0f67a
T1a_ACRONYM,1000,sfti_89339e0766318ac107edcef4
T1a_ACRONYM,1000,sfti_63cf6c64ac5efeb0d76e612b
T1a_ACRONYM,1000,sfti_2581a243241fdabfabb0716e
T1a_ACRONYM,1000,sfti_dba9cf8fd87abd53a7b7fc86
T1a_ACRONYM,1000,sfti_7c1ffa55799b14429626b26d
T1a_ACRONYM,1000,sfti_42d52cf7b8fb6e3cabd90f30
T1a_ACRONYM,1000,sfti_45ced8b039091531f7e84cc1
T1a_ACRONYM,1000,sfti_20644766afb97f8bf2a72d16
T1a_ACRONYM,1000,sfti_66b33662f028c40646d95155
T1a_ACRONYM,1000,sfti_5fca39d3131ba3a8fb9f7f98
T1a_ACRONYM,1000,sfti_894a72cf528b3c8503526726
T1a_ACRONYM,1000,sfti_1897e5a8e2f98e9ad05a8369
T1a_ACRONYM,1000,sfti_acad9e4ac64e2f8a81bd2fb5
T1a_ACRONYM,1000,sfti_5e25436db8c03a6a20718c4e
T1a_ACRONYM,1000,sfti_838ab97e62efaddf0e64602c
T1a_ACRONYM,1000,sfti_94ac26f8233986c1b109984b
T1a_ACRONYM,1000,sfti_5ade7f5b9a48906dc6c854ac
T1a_ACRONYM,1000,sfti_7a5dced59eced76d05c46a34
T1a_ACRONYM,1000,sfti_66fb3ecde5f771b7eef8bf80
T1a_ACRONYM,1000,sfti_b082dbc3daa56f7f91fc7f1d
T1a_ACRONYM,1000,sfti_61b8e34207fdbbee9ef515e0
T1a_ACRONYM,1000,sfti_ef901d90c31c641b24a19743
T1a_ACRONYM,1000,sfti_4e8aa3adc1d2502c4166c1e5
T1a_ACRONYM,1000,sfti_1fd169b4c4b0231aac8bdafe
T1a_ACRONYM,1000,sfti_da2c9e5b7f17e4d4fce62fd2
T1a_ACRONYM,1000,sfti_d350984c6bff3290dce395e1
T1a_ACRONYM,1000,sfti_32b67848f354ff744097850b
T1a_ACRONYM,1000,sfti_aaad60b6877acda197310218
T1a_ACRONYM,1000,sfti_1065ca13dd738ae78ee16370
T1a_ACRONYM,1000,sfti_f81acb7764eeace445abbc95
T1a_ACRONYM,1000,sfti_46927ebd37a3347f191cfae2
T1a_ACRONYM,1000,sfti_0c677a4d928f7a277eae2502
T1a_ACRONYM,1000,sfti_d74555a767cf22743a569f2c
T1a_ACRONYM,1000,sfti_b91f6da7632d1a6572e94970
T1a_ACRONYM,1000,sfti_061fcd58eaf16ad1d3bb6801
T1a_ACRONYM,1000,sfti_c66cc46ed8a46cf03d29c1b2
T1a_ACRONYM,1000,sfti_25f111724229ad34e90f0d11
T1a_ACRONYM,1000,sfti_be845039bb1c021b15b0f110
T1a_ACRONYM,1000,sfti_45ee9efb4a66e7c9c482ddf5
T1a_ACRONYM,1000,sfti_287a5a3ea7131339638b9d03
T1a_ACRONYM,1000,sfti_7b41bb469adcc2e9cacad85c
T1a_ACRONYM,1000,sfti_e64420be7ed019fb54702c54
T1a_ACRONYM,1000,sfti_785fb1b7b443fa96832f2b2a
T1a_ACRONYM,1000,sfti_c9d93ff7f1d8bbea4ac5c60b
T1a_ACRONYM,1000,sfti_c6b258e228ca83ddd3bed48d
T1a_ACRONYM,1000,sfti_9f7356db662398a66c5ff302
T1a_ACRONYM,1000,sfti_979fec473e1a86f605743599
T1a_ACRONYM,1000,sfti_9615fd21a8e965fac1254b4a
T1a_ACRONYM,1000,sfti_479547379437fa0253407fe6
T1a_ACRONYM,1000,sfti_b9d9be551aee886881332f43
T1a_ACRONYM,1000,sfti_0acb108213182d5bfa7536c4
T1a_ACRONYM,1000,sfti_de029ec1f163cf3366039a66
T1a_ACRONYM,1000,sfti_a00595075b31c24ff140122e
T1a_ACRONYM,1000,sfti_719db85e3779113508ab9d0d
T1a_ACRONYM,1000,sfti_fa872a93766ce886696cf4f7
T1a_ACRONYM,1000,sfti_0fd0f47ad22c5fc8eaaf03b3
T1a_ACRONYM,1000,sfti_34a44bf2d7a1e9678acd0e45
T1a_ACRONYM,1000,sfti_0a82faca4c524d746f035fcf
T1a_ACRONYM,1000,sfti_e084a3b3c3b2187fcbae5421
T1a_ACRONYM,1000,sfti_7aa2019f8ebc2d31ed1e4f41
T1a_ACRONYM,1000,sfti_c8ae0cada462329ee082a766
T1a_ACRONYM,1000,sfti_4d0c2ee7d849ce44a8487f08
T1a_ACRONYM,1000,sfti_feb3176a7e61f11746a28b53
T1a_ACRONYM,1000,sfti_547c74aa0fadd1089c044103
T1a_ACRONYM,1000,sfti_97fe4962212de3e99fad09c3
T1a_ACRONYM,1000,sfti_a07d1253a2f150ff4717caec
T1a_ACRONYM,1000,sfti_78ecf449a2407555765f3c9a
T1a_ACRONYM,1000,sfti_c33089b4164acb6ca62de86d
T1a_ACRONYM,1000,sfti_21d57595f1db46ec48f50b0b
T1a_ACRONYM,1000,sfti_925e63279e90dc784e08f4a8
T1a_ACRONYM,1000,sfti_209e205af5ab303a05aa702a
T1a_ACRONYM,1000,sfti_cd8e1be585647b836679d877
T1a_ACRONYM,1000,sfti_246a6e6e6ab6f4475b6ede87
T1a_ACRONYM,1000,sfti_bee08d4dfa0e63b9d2e28637
T1a_ACRONYM,1000,sfti_c6dfca7f4ac3b6fd95f156f7
T1a_ACRONYM,1000,sfti_afcb6c09fef497f2e45c4385
T1a_ACRONYM,1000,sfti_b095923da973c06d484f14be
T1a_ACRONYM,1000,sfti_8c209a8dbda7fdf15e1de2f8
T1a_ACRONYM,1000,sfti_890e225ccc0056519401eaf3
T1a_ACRONYM,1000,sfti_528ce1683f0e9e57ab94e3fe
T1a_ACRONYM,1000,sfti_0467fbfb93f5e41e5791ded7
T1a_ACRONYM,1000,sfti_a2e1bb8fddf3b4bc3368698a
T1a_ACRONYM,1000,sfti_c1b309431b3920d6272b77c8
T1a_ACRONYM,1000,sfti_2a511165f6698c75338bc828
T1a_ACRONYM,1000,sfti_97eed5776ea1d399d46ca277
T1a_ACRONYM,1000,sfti_7547dcdaa44db5491bf96ba8
T1a_ACRONYM,1000,sfti_326547ab24934903b352b405
T1a_ACRONYM,1000,sfti_13b82563661552e63f365550
T1a_ACRONYM,1000,sfti_edb2468d4c1a320910410f9f
T1a_ACRONYM,1000,sfti_b088f2da078631a505093775
T1a_ACRONYM,1000,sfti_b7999d572a5f41742b1850bb
T1a_ACRONYM,1000,sfti_2dbf3bc0042321ec20543a47
T1a_ACRONYM,1000,sfti_e54976e4de6c46ebf075353a
T1a_ACRONYM,1000,sfti_07014a52280c5b767f34fac3
T1a_ACRONYM,1000,sfti_efbd022abd719eafcf04b555
T1a_ACRONYM,1000,sfti_cc59d4afd911bef0a3d7425d
T1a_ACRONYM,1000,sfti_005ad301f60c74114cbe671a
T1a_ACRONYM,1000,sfti_cbdd9de81810b788446076a2
T1a_ACRONYM,1000,sfti_94db27459697c69df0635404
T1a_ACRONYM,1000,sfti_57870caeeac1d35fc2247f77
T1a_ACRONYM,1000,sfti_cee03078ffa77f6fe1b6a312
T1a_ACRONYM,1000,sfti_4d6e4bd6429bee84fa53f72d
T1a_ACRONYM,1000,sfti_180976461659eda54fa19fd0
T1a_ACRONYM,1000,sfti_c4f0259d644438446f361914
T1a_ACRONYM,1000,sfti_aea82a33396da3abe7c64581
T1a_ACRONYM,1000,sfti_c9fad15a1b11549787055a5f
T1a_ACRONYM,1000,sfti_8146fb33250cbbb60595a753
T1a_ACRONYM,1000,sfti_417f13757c8e2404cfd2f2a1
T1a_ACRONYM,1000,sfti_3dbc01d1626220d3164ee5d3
T1a_ACRONYM,1000,sfti_b6df394f5981b4243a4ea637
T1a_ACRONYM,1000,sfti_8589d2c11462b2c25c7cb769
T1a_ACRONYM,1000,sfti_3e334823665bfcb5b1762aa3
T1a_ACRONYM,1000,sfti_4ddbc7017188475dd00909f7
T1a_ACRONYM,1000,sfti_0ad7b86ce963ebb5e39bee05
T1a_ACRONYM,1000,sfti_01353bd33372a6ae51da798d
T1a_ACRONYM,1000,sfti_3613a3c90af93e599599699d
T1a_ACRONYM,1000,sfti_f6f2f80ef411cb4ca05002b6
T1a_ACRONYM,1000,sfti_2d967666d965a3e348665d89
T1a_ACRONYM,1000,sfti_08305a397f5575685cd8e696
T1a_ACRONYM,1000,sfti_8fd43a3cdc69e463b6ccea22
T1a_ACRONYM,1000,sfti_ccb3a524c93bccc10e0f73e4
T1a_ACRONYM,1000,sfti_a22f25105f1a82163f0ace9e
T1a_ACRONYM,1000,sfti_2a335213f37d2ae1982c36e3
T1a_ACRONYM,1000,sfti_35045c5d974fa8d63a5797dc
T1a_ACRONYM,1000,sfti_2165bebcc2ce9dad077f0c90
T1a_ACRONYM,1000,sfti_d98d442b9dc36d09adcf57dd
T1a_ACRONYM,1000,sfti_70bf280502877466a4b781a4
T1a_ACRONYM,1000,sfti_fd85de3a54513a2532d30a8e
T1a_ACRONYM,1000,sfti_5ef94fc1e2d22fcbe700355b
T1a_ACRONYM,1000,sfti_3bc75d056b808f37de37540f
T1a_ACRONYM,1000,sfti_18e0228b2a1f652d4a343d50
T1a_ACRONYM,1000,sfti_d7565f6b8978b29ae377fa29
T1a_ACRONYM,1000,sfti_2a75ee1434215a6a0a5b006d
T1a_ACRONYM,1000,sfti_8b61c7931c6975042f4af7ab
T1a_ACRONYM,1000,sfti_07101ccc38bc66a67e9760e8
T1a_ACRONYM,1000,sfti_17ca9c9738e043255b80cb84
T1a_ACRONYM,1000,sfti_7e46fed39c8462db875ed6bc
T1a_ACRONYM,1000,sfti_14dbed5d0945440466e28040
T1a_ACRONYM,1000,sfti_ed6edb0f1b207bf582b96642
T1a_ACRONYM,1000,sfti_75d00548296d52ca72de8bc4
T1a_ACRONYM,1000,sfti_5cc5156024af0c61375e4e2a
T1a_ACRONYM,1000,sfti_87bd65f844224da3f59b5d0d
T1a_ACRONYM,1000,sfti_483cd82b9ef2a92382831c60
T1a_ACRONYM,1000,sfti_5a4794c34bc8410e63fd93e1
T1a_ACRONYM,1000,sfti_46e9b3a51dc52fff9c43f80a
T1a_ACRONYM,1000,sfti_9a76ff058d72f900f56dbb52
T1a_ACRONYM,1000,sfti_bea5235fa7644aed2071af52
T1a_ACRONYM,1000,sfti_f40888a9a2552b3575dc3128
T1a_ACRONYM,1000,sfti_d5ce6c0b33471461e0fd2d8c
T1a_ACRONYM,1000,sfti_bb2dd2a77112d5750ac2e633
T1a_ACRONYM,1000,sfti_ead97bc00de322e654f6b9a8
T1a_ACRONYM,1000,sfti_9ed7a3f16a91ae43c8a48115
T1a_ACRONYM,1000,sfti_896e171d9f588e8f8f311010
T1a_ACRONYM,1000,sfti_7d44c386bf0a38ff52c202b9
T1a_ACRONYM,1000,sfti_f6d6614e8e305c06d2d035a9
T1a_ACRONYM,1000,sfti_b3fa5d37c5808cf3387afd88
T1a_ACRONYM,1000,sfti_deba19777786695c9ad664bb
T1a_ACRONYM,1000,sfti_141b77b8099ce092748ea531
T1a_ACRONYM,1000,sfti_65e81704bdba849a39031235
T1a_ACRONYM,1000,sfti_d7348472980f9f53505cb337
T1a_ACRONYM,1000,sfti_a9e5916d6d3bf8cedc6d6c9a
T1a_ACRONYM,1000,sfti_2c17420b038ebba776c606b0
T1a_ACRONYM,1000,sfti_948f6cb52f05e2d67f63ba9b
T1a_ACRONYM,1000,sfti_27cd142369cd0a8728de3f04
T1a_ACRONYM,1000,sfti_33c450fa1cb5de0ccadc4a1c
T1a_ACRONYM,1000,sfti_4cafb9101dcb00657c625e1d
T1a_ACRONYM,1000,sfti_eb18a9994e5826a5ddcf444b
T1a_ACRONYM,1000,sfti_8d9cff7da8f34305117fa6b5
T1a_ACRONYM,1000,sfti_6aa33d414cbbad59bd478aa1
T1a_ACRONYM,1000,sfti_6aa24903767fb4b847894d92
T1a_ACRONYM,1000,sfti_044f13d6d8a077a9177f2050
T1a_ACRONYM,1000,sfti_066cb315528c9ed6d0b2d0a1
T1a_ACRONYM,1000,sfti_cd954a84fd2a22eb10eb085b
T1a_ACRONYM,1000,sfti_35704004dc1bd52304eef7a9
T1a_ACRONYM,1000,sfti_a8ca5674487cc3cfc0610c7e
T1a_ACRONYM,1000,sfti_a307a0a4d038dc22686caedc
T1a_ACRONYM,1000,sfti_f9c5eca39ce490350879f744
T1a_ACRONYM,1000,sfti_115994b8fcc13c4c75e1883a
T1a_ACRONYM,1000,sfti_bf272358836751c134358389
T1a_ACRONYM,1000,sfti_f4d85000d06d7e416fdbb945
T1a_ACRONYM,1000,sfti_16b2760549ac14620bca4757
T1a_ACRONYM,1000,sfti_077612fb809608e09ea792be
T1a_ACRONYM,1000,sfti_b3267be6636dbe5dbdd06ff1
T1a_ACRONYM,1000,sfti_d14a6686b720fd7d077a66b7
T1a_ACRONYM,1000,sfti_06d357ba9576bdc17846b150
T1a_ACRONYM,1000,sfti_1dbcf859a5dabf8fd5e4ce27
T1a_ACRONYM,1000,sfti_9dfa211fffb4fd221cfdf798
T1a_ACRONYM,1000,sfti_332ee679e0bbcee24a7da353
T1a_ACRONYM,1000,sfti_988e58a3f799528d28fab18c
T1a_ACRONYM,1000,sfti_675292e9d682129975df7ebc
T1a_ACRONYM,1000,sfti_40bd6ebe2343b093c5bbf5c4
T1a_ACRONYM,1000,sfti_5fcb8fe7d9960d16bca6d575
T1a_ACRONYM,1000,sfti_42ce6eda7e88c48a4af50942
T1a_ACRONYM,1000,sfti_c1dcd0d429b4d422b3903616
T1a_ACRONYM,1000,sfti_5fd00365b578a9e2c8df9bc6
T1a_ACRONYM,1000,sfti_13e491eb0fe74d1c449a55ea
T1a_ACRONYM,1000,sfti_34e8f122c4739d317ac1ac94
T1a_ACRONYM,1000,sfti_1b0a50304a48b1cdedcb7aac
T1a_ACRONYM,1000,sfti_bf6dc4722dc640652ba38073
T1a_ACRONYM,1000,sfti_678012a953b3570d4ef5103b
T1a_ACRONYM,1000,sfti_69708140b839508deddd3426
T1a_ACRONYM,1000,sfti_755255e0c97fa42e132ea5dd
T1a_ACRONYM,1000,sfti_5e1846cc5e73e1432e4368ba
T1a_ACRONYM,1000,sfti_279408a4a73233585bc8c194
T1a_ACRONYM,1000,sfti_47ea204c366d8bf151452ae5
T1a_ACRONYM,1000,sfti_72a4cf43c9365315f12991ff
T1a_ACRONYM,1000,sfti_2561ff649483915eaae53ae5
T1a_ACRONYM,1000,sfti_4ac9f7d4fa1e88931bd665eb
T1a_ACRONYM,1000,sfti_58d5521d08881f8b1fbda92c
T1a_ACRONYM,1000,sfti_95546a1f92c08bf4194593f8
T1a_ACRONYM,1000,sfti_f7033123002b6ab15befd8a3
T1a_ACRONYM,1000,sfti_7693460a97132b5290352fe2
T1a_ACRONYM,1000,sfti_79b5f7d4711c142830c56a1c
T1a_ACRONYM,1000,sfti_86d799f043c3c30327c65ecf
T1a_ACRONYM,1000,sfti_6d5e8978233d0975dde53ca0
T1a_ACRONYM,1000,sfti_9142c236ab6b244b40efeb0c
T1a_ACRONYM,1000,sfti_5897ea4d58172a61a5b8a17e
T1a_ACRONYM,1000,sfti_8db2e1979c2f82a2a5772e69
T1a_ACRONYM,1000,sfti_7b10acd83471607b0a2b463f
T1a_ACRONYM,1000,sfti_b96d82949220df80945560bc
T1a_ACRONYM,1000,sfti_14614a6252c9ec9a05c7e3b6
T1a_ACRONYM,1000,sfti_ac2c5913c01ba487dd311223
T1a_ACRONYM,1000,sfti_102fbe755ed1b9fd554c3e06
T1a_ACRONYM,1000,sfti_febc28fdb0d041adaaa55030
T1a_ACRONYM,1000,sfti_6e774eecc72e072ae63f0891
T1a_ACRONYM,1000,sfti_140313851e4827cf5ecd9d15
T1a_ACRONYM,1000,sfti_57b86845a2e5d7a7fdd70322
T1a_ACRONYM,1000,sfti_67043697733a591be6a8d035
T1a_ACRONYM,1000,sfti_3110c529ccf3e6e246f5993a
T1a_ACRONYM,1000,sfti_ac6af90211d76421fc31d90e
T1a_ACRONYM,1000,sfti_0ba7d2085ee53a5183e1f838
T1a_ACRONYM,1000,sfti_f78b7cc231cf523e15f1746d
T1a_ACRONYM,1000,sfti_ace85feebcba32bc88f5d49e
T1a_ACRONYM,1000,sfti_77e36e24d49ae4317d630253
T1a_ACRONYM,1000,sfti_ceabd54e3d1647b7a7fa9880
T1a_ACRONYM,1000,sfti_ee8ad8604c35842e337a95fe
T1a_ACRONYM,1000,sfti_4c5fcd7b2218e636fe44c981
T1a_ACRONYM,1000,sfti_31c86d7315209d9ec4dd3687
T1a_ACRONYM,1000,sfti_c453727fca484c5d37570845
T1a_ACRONYM,1000,sfti_10e5addfb4d4575319b56426
T1a_ACRONYM,1000,sfti_62905dd3fe8c01795f1c4093
T1a_ACRONYM,1000,sfti_e5ad0f4c5777fcb0b7c488e6
T1a_ACRONYM,1000,sfti_b1ff73d788fd56341de7944c
T1a_ACRONYM,1000,sfti_098ede3442ffca0b1f7c172a
T1a_ACRONYM,1000,sfti_acde77b87d5556ba1eb5f379
T1a_ACRONYM,1000,sfti_b4344c9f6b51256bdb8d2a8b
T1a_ACRONYM,1000,sfti_8cdd6cbf607dfef1702e2fb5
T1a_ACRONYM,1000,sfti_a2445efe8024463f899981bc
T1a_ACRONYM,1000,sfti_67f985d2a36752d0fabf274f
T1a_ACRONYM,1000,sfti_9e770586facf95f242bee772
T1a_ACRONYM,1000,sfti_5640b04b784cdb9ffe29942b
T1a_ACRONYM,1000,sfti_9ca9079b13a494f9dd834f71
T1a_ACRONYM,1000,sfti_8ca3076363978b7347ec6bb4
T1a_ACRONYM,1000,sfti_70944ed9f18a3ad3bd34f359
T1a_ACRONYM,1000,sfti_3b57b39a8d7840f3353ef107
T1a_ACRONYM,1000,sfti_938a78da0a647ff4845515f7
T1a_ACRONYM,1000,sfti_9be54b329878f5cb03971efc
T1a_ACRONYM,1000,sfti_429f12e892237723c801dd12
T1a_ACRONYM,1000,sfti_bfcb6eddc75d7f4b38bbcc1c
T1a_ACRONYM,1000,sfti_d364869b4cb24e2dd0f1f34c
T1a_ACRONYM,1000,sfti_80d4d6470f9703edbbcb19a8
T1a_ACRONYM,1000,sfti_86ab93730b3c0d6ef56d5bd9
T1a_ACRONYM,1000,sfti_03b6c6bb5381ed6256f38574
T1a_ACRONYM,1000,sfti_40e6f8330387fb019cf51260
T1a_ACRONYM,1000,sfti_63d5a2d0ff979f0f3e7d0e4d
T1a_ACRONYM,1000,sfti_fd9d4a7cbd1441d4b2fc8213
T1a_ACRONYM,1000,sfti_4ed33a44882f5bebd4886ce6
T1a_ACRONYM,1000,sfti_4f152d9becc5e6366fcbcde5
T1a_ACRONYM,1000,sfti_1fbd1ce958d1dba035da2d6a
T1a_ACRONYM,1000,sfti_55b38a8b72f3891554b311ce
T1a_ACRONYM,1000,sfti_d4d35505eac7998a05fe8385
T1a_ACRONYM,1000,sfti_75d65ba4b89009ba3d758910
T1a_ACRONYM,1000,sfti_7fad20adb9f338feee98ee24
T1a_ACRONYM,1000,sfti_aadc581f20af1ff9154b64d3
T1a_ACRONYM,1000,sfti_dd1f975262d3269648832186
T1a_ACRONYM,1000,sfti_75564e68d07f16718006da03
T1a_ACRONYM,1000,sfti_480639a0def9e54df0b5a062
T1a_ACRONYM,1000,sfti_35d329af009210186d82b219
T1a_ACRONYM,1000,sfti_87b643d55511956b0bd4ea7b
T1a_ACRONYM,1000,sfti_ed114e207c39d92d71301964
T1a_ACRONYM,1000,sfti_d627753aa2e1a8a8694014c0
T1a_ACRONYM,1000,sfti_b304774f243dae65986b97d1
T1a_ACRONYM,1000,sfti_427e066046781e57266f3f8e
T1a_ACRONYM,1000,sfti_db03494ef82fd9a70a22fb88
T1a_ACRONYM,1000,sfti_f10fa2a8b52216626af40b23
T1a_ACRONYM,1000,sfti_288948307b5c24a549b24c34
T1a_ACRONYM,1000,sfti_9e14ad5b156bbd9c20cc4844
T1a_ACRONYM,1000,sfti_a4c08b317876d92ace3308ea
T1a_ACRONYM,1000,sfti_2732fdf69c73ab3ef72d0fad
T1a_ACRONYM,1000,sfti_b3e1d7edd612a866606e38d7
T1a_ACRONYM,1000,sfti_dde9018284e2da0d1b824db8
T1a_ACRONYM,1000,sfti_cd29ad3087332377f718f0d1
T1a_ACRONYM,1000,sfti_f66156dfaa6ed7e80a7f9c5e
T1a_ACRONYM,1000,sfti_49993a03d5665b84f07712e4
T1a_ACRONYM,1000,sfti_38b0ab2d46a145a1e7592d19
T1a_ACRONYM,1000,sfti_8ab87f523f6b265656f76385
T1a_ACRONYM,1000,sfti_31a43235c453a1419236d401
T1a_ACRONYM,1000,sfti_390ff0c2ef680e70ed001f6c
T1a_ACRONYM,1000,sfti_69d763dd2cab6c305c75c0a6
T1a_ACRONYM,1000,sfti_96ce689175f8710d2b73ebc9
T1a_ACRONYM,1000,sfti_a167b16fe650a9eb5273a593
T1a_ACRONYM,1000,sfti_82a6e78963f749beb099bb10
T1a_ACRONYM,1000,sfti_a7198a8466d282e51ce6d3e0
T1a_ACRONYM,1000,sfti_7710629e8f0a9a0bd65612cf
T1a_ACRONYM,1000,sfti_5a207ed46be1fc095ce43ad6
T1a_ACRONYM,1000,sfti_23cfda9d38be5723c042c3cc
T1a_ACRONYM,1000,sfti_933cdb466ae1ea0794f6f851
T1a_ACRONYM,1000,sfti_fb62e42961e96252a7e8cea9
T1a_ACRONYM,1000,sfti_729de27ca10a35ba61ee0e82
T1a_ACRONYM,1000,sfti_0472a02f15a94e2a62dbd5d4
T1a_ACRONYM,1000,sfti_0d1171511195f0d25fd6a376
T1a_ACRONYM,1000,sfti_1939f5f993b7c4c358fb4f5e
T1a_ACRONYM,1000,sfti_e94e5f40d018d99dd9e7651c
T1a_ACRONYM,1000,sfti_3cecdc3f7026696f71e6d8df
T1a_ACRONYM,1000,sfti_b55652d58977a590fd150ce9
T1a_ACRONYM,1000,sfti_8e1b031dcfcc174af11a01d5
T1a_ACRONYM,1000,sfti_bb12c74df4cc209c789eabd2
T1a_ACRONYM,1000,sfti_8e1e87a0b224209d195659de
T1a_ACRONYM,1000,sfti_3bb624876d8e0a234f62927d
T1a_ACRONYM,1000,sfti_6fa7ce3dd14b0640116b5de8
T1a_ACRONYM,1000,sfti_f51a8a9ea872129158a58700
T1a_ACRONYM,1000,sfti_c082b94478ac392d10bda249
T1a_ACRONYM,1000,sfti_cad420e05c167127245997b0
T1a_ACRONYM,1000,sfti_678f3bae3fadbba4dfb6e6c7
T1a_ACRONYM,1000,sfti_c5497e2bd7ad4dffe2744b06
T1a_ACRONYM,1000,sfti_37209fb465a04e103d35b6c3
T1a_ACRONYM,1000,sfti_90736326cf2fa99390b97dc7
T1a_ACRONYM,1000,sfti_1703b72b7bc718c20d41306e
T1a_ACRONYM,1000,sfti_8dcb50e1a27fece46323955a
T1a_ACRONYM,1000,sfti_138c98a391f32c798ef2072c
T1a_ACRONYM,1000,sfti_e5e4a177db2bfb8305413f3d
T1a_ACRONYM,1000,sfti_07ee88e6d134d0a18a63a071
T1a_ACRONYM,1000,sfti_ffefc4a7486c1ebce6a6ea01
T1a_ACRONYM,1000,sfti_5fff0703c69ea1f3982008bf
T1a_ACRONYM,1000,sfti_b7b77be72d3e646a2669bd36
T1a_ACRONYM,1000,sfti_1a109eed3e1389a171667cac
T1a_ACRONYM,1000,sfti_ef967872fe10a20b49eb9ff2
T1a_ACRONYM,1000,sfti_aa5fd5931cc96ab64e08e54f
T1a_ACRONYM,1000,sfti_bd54c2d9c6ea98380c0bd5df
T1a_ACRONYM,1000,sfti_52fb7a59307c8ab990289030
T1a_ACRONYM,1000,sfti_2ef111c55db3e857997b66f7
T1a_ACRONYM,1000,sfti_d4d09d1a35352b5ab618198c
T1a_ACRONYM,1000,sfti_8feaf4685014841520e16829
T1a_ACRONYM,1000,sfti_901b2945c618cf2f300ee419
T1a_ACRONYM,1000,sfti_96130d64938a0a5f1a359b79
T1a_ACRONYM,1000,sfti_19701f506212003c94dc1810
T1a_ACRONYM,1000,sfti_0451a780edb2da18accac391
T1a_ACRONYM,1000,sfti_ba0cc1398c3de07b0f264fbd
T1a_ACRONYM,1000,sfti_0e9a9b47a684567a10b16071
T1a_ACRONYM,1000,sfti_be9e35b7c29b62ddf61b300e
T1a_ACRONYM,1000,sfti_71550edfed61aa2b55c725a1
T1a_ACRONYM,1000,sfti_9919b9ce73b3106f0e4f35d0
T1a_ACRONYM,1000,sfti_2adfa259805fab898c79f7ab
T1a_ACRONYM,1000,sfti_3a67e28d3ded5bd007f41740
T1a_ACRONYM,1000,sfti_f22451e72d195bc69d4a8c51
T1a_ACRONYM,1000,sfti_e5a8006f8be267aafafaacae
T1a_ACRONYM,1000,sfti_11a6bc1db7844ffc6726a7df
T1a_ACRONYM,1000,sfti_6aa31f38b8b5348d3014f930
T1a_ACRONYM,1000,sfti_6950274f0c0139c79d64beef
T1a_ACRONYM,1000,sfti_7d8db6c11f79c26179efd36d
T1a_ACRONYM,1000,sfti_9ff275452a41d37107c4ccae
T1a_ACRONYM,1000,sfti_7bf9595aadf77b2728f12516
T1a_ACRONYM,1000,sfti_7be89f89a8a17787876bd18f
T1a_ACRONYM,1000,sfti_7133bb7336d012f32bc5f11d
T1a_ACRONYM,1000,sfti_36a22ddc52cc38a81425e92a
T1a_ACRONYM,1000,sfti_fbfdd839bae4b156761adb6f
T1a_ACRONYM,1000,sfti_13c6e151768a2f1ec3228143
T1a_ACRONYM,1000,sfti_098fa0780dd46c136e5ad88f
T1a_ACRONYM,1000,sfti_1db8b83a74c5c3dc3b15115f
T1a_ACRONYM,1000,sfti_81ae2f9ecebe331201357870
T1a_ACRONYM,1000,sfti_cc9d3fa86c077bf47df5c705
T1a_ACRONYM,1000,sfti_aeb064831a4541d25648b831
T1a_ACRONYM,1000,sfti_ac7aa3470f2df7066cd05050
T1a_ACRONYM,1000,sfti_b21b312f429a4e4c6cf88a15
T1a_ACRONYM,1000,sfti_e2279ed491f8a5069ae80e95
T1a_ACRONYM,1000,sfti_b1b0be3535760642117d1fdf
T1a_ACRONYM,1000,sfti_3530af65c26778ae73579f05
T1a_ACRONYM,1000,sfti_2cbeb6f174cb39a8ae5c0a3b
T1a_ACRONYM,1000,sfti_e2a5a84c1504b0fd9bbdbf78
T1a_ACRONYM,1000,sfti_e78739ad8d7134361f44516a
T1a_ACRONYM,1000,sfti_eb2828392715a0db3aa14dc8
T1a_ACRONYM,1000,sfti_2592a4d512d16dbfbec8cd0d
T1a_ACRONYM,1000,sfti_798c4255f4d8516322650c80
T1a_ACRONYM,1000,sfti_cbd416218e19134d7028fd64
T1a_ACRONYM,1000,sfti_231f122cda85e77cabcfbfe0
T1a_ACRONYM,1000,sfti_f76095fec61d3286a2d71207
T1a_ACRONYM,1000,sfti_1f3041bb1a6c01e8ea8f3886
T1a_ACRONYM,1000,sfti_8319bb75fed340412ebef476
T1a_ACRONYM,1000,sfti_a9fb66bfa528a44ba78f1b98
T1a_ACRONYM,1000,sfti_9d96c299eccaded6810cf576
T1a_ACRONYM,1000,sfti_ad4b45837a740cd22a29037c
T1a_ACRONYM,1000,sfti_98e185cb1adb7cfe5bac9c12
T1a_ACRONYM,1000,sfti_678ecfb0d0cf78e42ac82a5d
T1a_ACRONYM,1000,sfti_7efb724db8236f7a850ca133
T1a_ACRONYM,1000,sfti_d88abe4759801b92e9773460
T1a_ACRONYM,1000,sfti_0f5b450a7fd2f879c3ee1ba0
T1a_ACRONYM,1000,sfti_7fb6d8439464e18713d728fa
T1a_ACRONYM,1000,sfti_34429925c91484149ab8e875
T1a_ACRONYM,1000,sfti_25cdb08b220d5c03b58e6b63
T1a_ACRONYM,1000,sfti_9b8b127c52a10b8dc5fac978
T1a_ACRONYM,1000,sfti_6c1b3ee736a29409f5bf1d39
T1a_ACRONYM,1000,sfti_c2b0e08c09bd0f3b82d11027
T1a_ACRONYM,1000,sfti_c974320756fef3423dc8d0c1
T1a_ACRONYM,1000,sfti_ee5d2159efd67b343171891c
T1a_ACRONYM,1000,sfti_61aee492815d7e07b86e38e3
T1a_ACRONYM,1000,sfti_4d89f635f5925476f2152b32
T1a_ACRONYM,1000,sfti_4a73e3270924707b0a5cbbae
T1a_ACRONYM,1000,sfti_b2343fa82e14c7616c733182
T1a_ACRONYM,1000,sfti_8894199f33499a03348155d2
T1a_ACRONYM,1000,sfti_f45bd288efbeabd182f0a409
T1a_ACRONYM,1000,sfti_daac0cd117f8c808b3b51790
T1a_ACRONYM,1000,sfti_995f866face76ac7cd5c7650
T1a_ACRONYM,1000,sfti_acff03cdc49a483dd0878b73
T1a_ACRONYM,1000,sfti_387fcab28833778ff19b6dce
T1a_ACRONYM,1000,sfti_61a73bd0994cf15f78669045
T1a_ACRONYM,1000,sfti_8e74552441555f2d6a03715c
T1a_ACRONYM,1000,sfti_ec84908bfd746333a8c8d129
T1a_ACRONYM,1000,sfti_63fa09a71510e0524a46a9ed
T1a_ACRONYM,1000,sfti_fce5dbb3f74c9dff5e059175
T1a_ACRONYM,1000,sfti_bd61d7cc2f19972071aee151
T1a_ACRONYM,1000,sfti_af9f31d3e6b38425e78f62ab
T1a_ACRONYM,1000,sfti_b5d6007c5e1c6f7c55e496fb
T1a_ACRONYM,1000,sfti_5ec99797c6b943ff77c7ab52
T1a_ACRONYM,1000,sfti_888792f41a327dd179d0e392
T1a_ACRONYM,1000,sfti_ecbd26daa768bb44ffa3275a
T1a_ACRONYM,1000,sfti_e00cb6a60bbcec7ae9d8acbb
T1a_ACRONYM,1000,sfti_e96155d4070e1e14f2664391
T1a_ACRONYM,1000,sfti_2765e5e5022d759d1be25a2c
T1a_ACRONYM,1000,sfti_932b08be2e5dde436c49075b
T1a_ACRONYM,1000,sfti_c165abe16dc37e6c8b381975
T1a_ACRONYM,1000,sfti_c2f24f2c22794b80ea80419d
T1a_ACRONYM,1000,sfti_ae25e013c5d85b4567866018
T1a_ACRONYM,1000,sfti_9c30c283f8c465c9200bde7e
T1a_ACRONYM,1000,sfti_2bf07199b525de904bd34f73
T1a_ACRONYM,1000,sfti_589acf0956f5c47e973f7803
T1a_ACRONYM,1000,sfti_9d9c3c3cdad050eb23f4718e
T1a_ACRONYM,1000,sfti_0f00d8c3d7546381a674eb80
T1a_ACRONYM,1000,sfti_b4fbcfd585b49f1578e5ad94
T1a_ACRONYM,1000,sfti_289a9840ffb77589cabfff5b
T1a_ACRONYM,1000,sfti_3ebf84c44c8b59b8cd107f07
T1a_ACRONYM,1000,sfti_0f78555214f660b22c8c3929
T1a_ACRONYM,1000,sfti_fa4bacaef9222c812ff6c307
T1a_ACRONYM,1000,sfti_cf95f5ab45e276b2d243f9ae
T1a_ACRONYM,1000,sfti_a288bd5ac1190486caf16d96
T1a_ACRONYM,1000,sfti_8551ce0bd5f19cb22d91ed45
T1a_ACRONYM,1000,sfti_c6bb7a9e7c9c633b39f8a773
T1a_ACRONYM,1000,sfti_d20843563a1d9707ecf45b60
T1a_ACRONYM,1000,sfti_74f9d6a40a47c5ddfd2c9562
T1a_ACRONYM,1000,sfti_a5402f8e2b34949466af1089
T1a_ACRONYM,1000,sfti_df41a545e0969c1ba2bd7507
T1a_ACRONYM,1000,sfti_b492cc7f82b262e44922b11e
T1a_ACRONYM,1000,sfti_a25521778d2e7960523f2eda
T1a_ACRONYM,1000,sfti_42221228affb7b5b8625e560
T1a_ACRONYM,1000,sfti_7177f079bf95226854541e2a
T1a_ACRONYM,1000,sfti_0ecc68746785a249ea7f2c53
T1a_ACRONYM,1000,sfti_3a4a2443f7164b2fa3e5e3a5
T1a_ACRONYM,1000,sfti_67baf2b12763b13cb9e842b3
T1a_ACRONYM,1000,sfti_1213ae1ccf796df9c547b3bf
T1a_ACRONYM,1000,sfti_60745e5f4e6efc460c008430
T1a_ACRONYM,1000,sfti_3cac689bb9e6088e7f202332
T1a_ACRONYM,1000,sfti_319391089e893a922b0b023d
T1a_ACRONYM,1000,sfti_1532607ec5ed1fedba31424e
T1a_ACRONYM,1000,sfti_4eb24c79c2f7e89f6a123d8e
T1a_ACRONYM,1000,sfti_11b5e55a51a3e2dfcb6ae8b2
T1a_ACRONYM,1000,sfti_b1b43a090b4e7e5a9cabf72b
T1a_ACRONYM,1000,sfti_639e4e88117a54bc9244d7d6
T1a_ACRONYM,1000,sfti_5416bc8594e4d5f2ce1e07fe
T1a_ACRONYM,1000,sfti_aa4201a0671d6f4ad4fdec0f
T1a_ACRONYM,1000,sfti_7c18ba94c57ebfbe984c10e8
T1a_ACRONYM,1000,sfti_409ec21168174c4ed5a5a9c2
T1a_ACRONYM,1000,sfti_553d38e847ed6a9f1670a815
T1a_ACRONYM,1000,sfti_a73ae897b492e7f56d74937c
T1a_ACRONYM,1000,sfti_4a154f4f31f849c7bfe54a73
T1a_ACRONYM,1000,sfti_18f1686c91720a1783391d10
T1a_ACRONYM,1000,sfti_996e16a869a2665cef7cb48b
T1a_ACRONYM,1000,sfti_b3603b03cf21d512bc58038a
T1a_ACRONYM,1000,sfti_3a108d4cf08c75e88ebd66ee
T1a_ACRONYM,1000,sfti_2443bda99b1732677f5bdb44
T1a_ACRONYM,1000,sfti_2dde52e0bb070ee5a9bde028
T1a_ACRONYM,1000,sfti_20e997cc9906a8cd3504a056
T1a_ACRONYM,1000,sfti_c33de2bd88775b49145e8f35
T1a_ACRONYM,1000,sfti_03f2c8e9d088c2842bc558be
T1a_ACRONYM,1000,sfti_6446f9fe6a752ca89582b9ac
T1a_ACRONYM,1000,sfti_3395caea204712c327afb184
T1a_ACRONYM,1000,sfti_a44fa3070f6e796ffc558e2f
T1a_ACRONYM,1000,sfti_109335fc79f5a0541fea3dff
T1a_ACRONYM,1000,sfti_37eaf8c2b6270ff32949dd41
T1a_ACRONYM,1000,sfti_fd82ca38d58560062f76c1a5
T1a_ACRONYM,1000,sfti_77455c8db499e9080b3ea3d3
T1a_ACRONYM,1000,sfti_7340905b250c73241bff9513
T1a_ACRONYM,1000,sfti_00ead8497f5b453faf45aa7f
T1a_ACRONYM,1000,sfti_82b0198cef69f5156ff72a8e
T1a_ACRONYM,1000,sfti_ad4e9fb18e540c4b2fa18610
T1a_ACRONYM,1000,sfti_81dcb205fea6b348500db8b3
T1a_ACRONYM,1000,sfti_48694ef85c2355ced5e6b709
T1a_ACRONYM,1000,sfti_90cd1d109a6ba767becee562
T1a_ACRONYM,1000,sfti_1f26d305438e2f2f4f65be0f
T1a_ACRONYM,1000,sfti_c85f4ec082bfeaf2297d636b
T1a_ACRONYM,1000,sfti_ede81b97217bea824836c5ca
T1a_ACRONYM,1000,sfti_06a535c0d0aef1a8f0564f8c
T1a_ACRONYM,1000,sfti_5d3033bf20b880738de02c42
T1a_ACRONYM,1000,sfti_1e151c948ef54cad5e92945b
T1a_ACRONYM,1000,sfti_2b64c8494c8402b321f95f5d
T1a_ACRONYM,1000,sfti_253cfa62dfd40a5406bc7132
T1a_ACRONYM,1000,sfti_47030917b9f28ff822d20d61
T1a_ACRONYM,1000,sfti_026ab1e88ca90e67f60413e2
T1a_ACRONYM,1000,sfti_9e4fafd68b5f665b628972a4
T1a_ACRONYM,1000,sfti_da429f1ce93fc65bd02653f4
T1a_ACRONYM,1000,sfti_8a758020cb0f05e5cc22487c
T1a_ACRONYM,1000,sfti_9ddce8a4bdafc4be7fd2c5b8
T1a_ACRONYM,1000,sfti_5a978bcd8624d40a1ad0fde4
T1a_ACRONYM,1000,sfti_2d1f7a678128e7795282c31a
T1a_ACRONYM,1000,sfti_35959f1f5052b6b41fd27922
T1a_ACRONYM,1000,sfti_0a3b4d4fcfab878c412ef0a9
T1a_ACRONYM,1000,sfti_3f7e5d6b44149d5c3ae3beaa
T1a_ACRONYM,1000,sfti_af97ac6c34bb8fe1bcdbe308
T1a_ACRONYM,1000,sfti_bf126c7f9699af200c7185a3
T1a_ACRONYM,1000,sfti_07539ac5509f689c03edb1f9
T1a_ACRONYM,1000,sfti_5692b1f661cae97f2a2007c7
T1a_ACRONYM,1000,sfti_0f7c2282dabaf4456f2dac99
T1a_ACRONYM,1000,sfti_1a64918a3fb9ac1496c36e7f
T1a_ACRONYM,1000,sfti_c7e2a8db6eddd0483eff1c27
T1a_ACRONYM,1000,sfti_19e193c4dac6b7d16804f742
T1a_ACRONYM,1000,sfti_1abf9e14b054d1b4a4b7d091
T1a_ACRONYM,1000,sfti_85dbe67efb4b7658d56f1c46
T1a_ACRONYM,1000,sfti_a2b249f657c4b0d52c15ffb8
T1a_ACRONYM,1000,sfti_23f75d840f344629c1a15b21
T1a_ACRONYM,1000,sfti_b00d12ab1811c48b4f4ae413
T1a_ACRONYM,1000,sfti_a7d6bf6b42acb8aad15406c9
T1a_ACRONYM,1000,sfti_7f30e94b62738e86692ccf3d
T1a_ACRONYM,1000,sfti_0a166ec433f39f959ec32048
T1a_ACRONYM,1000,sfti_c676317104f1e6a175da2966
T1a_ACRONYM,1000,sfti_dbd262c578c54b3937d95f56
T1a_ACRONYM,1000,sfti_2bbd3c1f7564124f88e59ea3
T1a_ACRONYM,1000,sfti_4e7539f9f6baea38eca9010c
T1a_ACRONYM,1000,sfti_97ae611193ecd386ba23bb96
T1a_ACRONYM,1000,sfti_742b4afcba5782b5f221fee2
T1a_ACRONYM,1000,sfti_a4ca3e5b2158eb7d0b8b4ae3
T1a_ACRONYM,1000,sfti_0460da52b9de377c2891ee50
T1a_ACRONYM,1000,sfti_c101821cc990da06e57a586e
T1a_ACRONYM,1000,sfti_a1fcd703258b91b737206d8f
T1a_ACRONYM,1000,sfti_30d7bc8467957fd1f339c7eb
T1a_ACRONYM,1000,sfti_9e49ea0faac844fe14b1ce73
T1a_ACRONYM,1000,sfti_228ff395b7cf8c427894629d
T1a_ACRONYM,1000,sfti_1f6264567d591973e5a299c7
T1a_ACRONYM,1000,sfti_45d4195823cccccc7b80fb1f
T1a_ACRONYM,1000,sfti_b7aaed89c3f7e0b3ae38b32b
T1a_ACRONYM,1000,sfti_a3df87e7fe926d4df94055cd
T1a_ACRONYM,1000,sfti_c223d17a6f1dbdd6c3313410
T1a_ACRONYM,1000,sfti_28eca076a9277d63ffce9eec
T1a_ACRONYM,1000,sfti_455707bcd368a40456465961
T1a_ACRONYM,1000,sfti_12bd82870d1cc7ab0334c995
T1a_ACRONYM,1000,sfti_6222af45d0f8ccf81926cac9
T1a_ACRONYM,1000,sfti_97bcec5cfa1adf1385539a64
T1a_ACRONYM,1000,sfti_b9306b4b8388d7b3e0900f7e
T1a_ACRONYM,1000,sfti_6732df213bdaa7440e3dc824
T1a_ACRONYM,1000,sfti_1f59073832f8f3780f8f1144
T1a_ACRONYM,1000,sfti_26fd4222f1f2dad40982bed1
T1a_ACRONYM,1000,sfti_c3ff4f9dc49a5002f9164270
T1a_ACRONYM,1000,sfti_622f6639ef71cb90010067b4
T1a_ACRONYM,1000,sfti_dc45b1eab46aaad53043e48b
T1a_ACRONYM,1000,sfti_d5d0bc803d80365c55ba3540
T1a_ACRONYM,1000,sfti_ac7f2a42762ed0d16b09548d
T1a_ACRONYM,1000,sfti_34dd4f4b7303799b2c3e573d
T1a_ACRONYM,1000,sfti_e9391a3d183958031b6eb0a2
T1a_ACRONYM,1000,sfti_0dd8c624325accfc48f6f3e0
T1a_ACRONYM,1000,sfti_c9a3e4ca3a729f1f460a8ddb
T1a_ACRONYM,1000,sfti_e10f55c223b035b103eaffc0
T1a_ACRONYM,1000,sfti_099da31636839bdb18ac08c8
T1a_ACRONYM,1000,sfti_bf06c2b38601d1d72347197e
T1a_ACRONYM,1000,sfti_efd9e010692ead80475104e9
T1a_ACRONYM,1000,sfti_bb777a6fbe592887d2136c12
T1a_ACRONYM,1000,sfti_26a0e4f6e8efe7d564023d75
T1a_ACRONYM,1000,sfti_7854b9deed48d642a484d3b2
T1a_ACRONYM,1000,sfti_86de578791b4a2559ce38144
T1a_ACRONYM,1000,sfti_739977087e3a26ee7d658b71
T1a_ACRONYM,1000,sfti_029feda7470ec0c3c59c40ce
T1a_ACRONYM,1000,sfti_fc3816419ed076b7c128cbfa
T1a_ACRONYM,1000,sfti_7afe8e9bce5d176ca786e010
T1a_ACRONYM,1000,sfti_cf442de5b804a3a5b7aa315e
T1a_ACRONYM,1000,sfti_6e2bf589b35ee58c534825d4
T1a_ACRONYM,1000,sfti_9adac1fcfbb6a27acc295280
T1a_ACRONYM,1000,sfti_70ccd978b5ed13dccb151c27
T1a_ACRONYM,1000,sfti_947b246be0cdc0dff19b3149
T1a_ACRONYM,1000,sfti_e40ed29d64ffb001db452bb6
T1a_ACRONYM,1000,sfti_80c24573b7bb6711b0515977
T1a_ACRONYM,1000,sfti_8e91dbb5d75594d8002c9efe
T1a_ACRONYM,1000,sfti_885e9e40cd9f773ab4039e44
T1a_ACRONYM,1000,sfti_bd7503bded2a056ced556684
T1a_ACRONYM,1000,sfti_3495edf8e84f6d1e72c38948
T1a_ACRONYM,1000,sfti_956322f9818f8ce9d7839850
T1a_ACRONYM,1000,sfti_81b69057e4a0ef6e922611e1
T1a_ACRONYM,1000,sfti_7778b85fc2875a95d866e83d
T1a_ACRONYM,1000,sfti_464d8866ba9677a5e749afdd
T1a_ACRONYM,1000,sfti_a00496136b477d4db15097c3
T1a_ACRONYM,1000,sfti_7d0449062e71867440890178
T1a_ACRONYM,1000,sfti_46b9dba7853a7f3775a86111
T1a_ACRONYM,1000,sfti_5c5703ea74137b1c9e448e19
T1a_ACRONYM,1000,sfti_ceec632a338b63f9494f0879
T1a_ACRONYM,1000,sfti_53382fcb6c3a5e137df2cb36
T1a_ACRONYM,1000,sfti_3a018b262860417c717ec42a
T1a_ACRONYM,1000,sfti_6d9eb74826e271d6e73c23da
T1a_ACRONYM,1000,sfti_3c94493c36effa49dce35201
T1a_ACRONYM,1000,sfti_c397e66dc67881f995269e5f
T1a_ACRONYM,1000,sfti_364be550a62e858105306c34
T1a_ACRONYM,1000,sfti_e126ef428e376515a36aab11
T1a_ACRONYM,1000,sfti_5ab5b5736811146eb38b5878
T1a_ACRONYM,1000,sfti_854e9016960b6d78316d8a4f
T1a_ACRONYM,1000,sfti_0d2dfde63e6d777b7afc511e
T1a_ACRONYM,1000,sfti_813130e5cf2d998af6f9053a
T1a_ACRONYM,1000,sfti_7204450ffdba814db31012cb
T1a_ACRONYM,1000,sfti_07af70c1ac73e1f32d3a6b51
T1a_ACRONYM,1000,sfti_08c022c7de410087517d58bb
T1a_ACRONYM,1000,sfti_37efbe9b464efff4145571d8
T1a_ACRONYM,1000,sfti_aa6701092177d6c02b5a3735
T1a_ACRONYM,1000,sfti_0f949b3593052a5f74c1bb3d
T1a_ACRONYM,1000,sfti_deb7402dc1a024f46650fdea
T1a_ACRONYM,1000,sfti_b0e95302b4ec005c128ae58c
T1a_ACRONYM,1000,sfti_61d37f6da738bdac38b8b0e3
T1a_ACRONYM,1000,sfti_27ef422d387264efc569147a
T1a_ACRONYM,1000,sfti_7f89e89f6a47e6dc13901fff
T1a_ACRONYM,1000,sfti_f6d00b145ef3a14feb3242da
T1a_ACRONYM,1000,sfti_0e213337f9e8ad1b5259ef26
T1a_ACRONYM,1000,sfti_2f279de3ede7d21a55376f4e
T1a_ACRONYM,1000,sfti_a6b854baa42681837c9a7780
T1a_ACRONYM,1000,sfti_70f8feb944d0ae66bc182e36
T1a_ACRONYM,1000,sfti_1dea7643fb79b36e6089e29d
T1a_ACRONYM,1000,sfti_70651752cadd06cbbba8bb0f
T1a_ACRONYM,1000,sfti_91d664cef988325b79e0d346
T1a_ACRONYM,1000,sfti_390ffa4e2e81d9068e039ae7
T1a_ACRONYM,1000,sfti_305df6dd10778a269e8d9f5a
T1a_ACRONYM,1000,sfti_98cbe7a8aac799cb02ba86be
T1a_ACRONYM,1000,sfti_0e65c19c8f0887a815f291b9
T1a_ACRONYM,1000,sfti_de7e9e27e08da843aa661c10
T1a_ACRONYM,1000,sfti_7ae561b1c72de0cc21c80104
T1a_ACRONYM,1000,sfti_d505bbe9f7607ad1a9e249d1
T1a_ACRONYM,1000,sfti_e985242517d14e987db44940
T1a_ACRONYM,1000,sfti_8708d1a6d3c2eea4d45e88d8
T1a_ACRONYM,1000,sfti_924dc5d2df52260c8eaa3de0
T1a_ACRONYM,1000,sfti_fe41a8590dcd4348f61d2766
T1a_ACRONYM,1000,sfti_2c176e857f6a30061fdf01ca
T1a_ACRONYM,1000,sfti_219b3921ac2d0eac7164a668
T1a_ACRONYM,1000,sfti_2b739b1ae8423b27e57bb894
T1a_ACRONYM,1000,sfti_a9c62a6a923010c13cfcc0f9
T1a_ACRONYM,1000,sfti_048e3691c17b0e60b87dab24
T1a_ACRONYM,1000,sfti_80f290d9ef3e667fac220edb
T1a_ACRONYM,1000,sfti_34c4487b4e47fb3a0c97ae50
T1a_ACRONYM,1000,sfti_0ea1cdc6ff3ffdcac66c8ff5
T1a_ACRONYM,1000,sfti_e72b0fe42ceea57ef9c2336c
T1a_ACRONYM,1000,sfti_78c012ae1276edbac4e8ef70
T1a_ACRONYM,1000,sfti_7d8a69629e1c0dbb03b63382
T1a_ACRONYM,1000,sfti_58325b9d073236b8e74fb1b0
T1a_ACRONYM,1000,sfti_0c3067f9520b0d4f490a8298
T1a_ACRONYM,1000,sfti_8b3d49124ed61d0403267f90
T1a_ACRONYM,1000,sfti_f29d1a78d6920afbde6491ca
T1a_ACRONYM,1000,sfti_0b4d890fca151588a0950893
T1a_ACRONYM,1000,sfti_0bc042c39a3403f7002e3b2b
T1a_ACRONYM,1000,sfti_90e10a569e6fafb15d70a00c
T1a_ACRONYM,1000,sfti_8fa7520325563755d281f998
T1a_ACRONYM,1000,sfti_436cadfe8700f9488b4cb15e
T1a_ACRONYM,1000,sfti_b21a88c360e21c498114bce4
T1a_ACRONYM,1000,sfti_356f218ac953e41912dfd079
T1a_ACRONYM,1000,sfti_93aba4088bea574dc565b35b
T1a_ACRONYM,1000,sfti_77bc0175252781619d01a9d6
T1a_ACRONYM,1000,sfti_d5f417b2f30a1f09b18f3a38
T1a_ACRONYM,1000,sfti_c470c330829b88f4346a34bd
T1a_ACRONYM,1000,sfti_1b5562e552fa47186c66cdc0
T1a_ACRONYM,1000,sfti_93bf310d49ce98a645c4d6ca
T1a_ACRONYM,1000,sfti_d57b3e83e3f15066db991f21
T1a_ACRONYM,1000,sfti_84842eea9d886f42943338c5
T1a_ACRONYM,1000,sfti_4c8fb4add7097792774a7e11
T1a_ACRONYM,1000,sfti_d18108b51550a4b3b43d07a4
T1a_ACRONYM,1000,sfti_bdfc4fa701fa7f75fc6a1a3c
T1a_ACRONYM,1000,sfti_808cb49d36ab29fb2589d9ad
T1a_ACRONYM,1000,sfti_79158dc08d87ddf14646c5a6
T1a_ACRONYM,1000,sfti_b6fe81ef1a62cd6919cd9b38
T1a_ACRONYM,1000,sfti_0a48a966fa55ac2e55c75c25
T1a_ACRONYM,1000,sfti_b063f1c68b1bfe2a13998b94
T1a_ACRONYM,1000,sfti_15c94570a99ae9821f8b6e93
T1a_ACRONYM,1000,sfti_ddd6d694d3b0e446f89b36e5
T1a_ACRONYM,1000,sfti_d9f167627b92f55c34d227a5
T1a_ACRONYM,1000,sfti_3aa73ddd5a999cbd874193b7
T1a_ACRONYM,1000,sfti_99b76794af89a69482705369
T1a_ACRONYM,1000,sfti_bb63ec4ff7f33eb4a40c3b85
T1a_ACRONYM,1000,sfti_a69b47dd27030e7cf4fa15ea
T1a_ACRONYM,1000,sfti_fd870ab0ad8febe089b288f7
T1a_ACRONYM,1000,sfti_37e68a4307f789a89a8f39b2
T1a_ACRONYM,1000,sfti_acb15902671de1eb6e53a225
T1a_ACRONYM,1000,sfti_b2d6ae9aef3809623a860aae
T1a_ACRONYM,1000,sfti_3c202e6042b66b4069a01b5f
T1a_ACRONYM,1000,sfti_5197e0f03ce7aa8c61128662
T1a_ACRONYM,1000,sfti_c039fa44f1d71eb55d5cf2fa
T1a_ACRONYM,1000,sfti_c05c6dd7c511ee8a158af400
T1a_ACRONYM,1000,sfti_72f4478d1e19eaabf565b534
T1a_ACRONYM,1000,sfti_5aba7fdb02d39272136a89db
T1a_ACRONYM,1000,sfti_ba4942b0715d8c31795093f0
T1a_ACRONYM,1000,sfti_afecd2cee1541b3e12774ba6
T1a_ACRONYM,1000,sfti_e7277ab90b157b813398e8e0
T1a_ACRONYM,1000,sfti_f66b3c30d8a895f284c11276
T1a_ACRONYM,1000,sfti_c6afc60ae9b7f0ca2f9c0377
T1a_ACRONYM,1000,sfti_9e537484f0a0fbc9acf585c3
T1a_ACRONYM,1000,sfti_95f6b4a0a109b27795c2cf77
T1a_ACRONYM,1000,sfti_34cec465e21d0e93c1228dae
T1a_ACRONYM,1000,sfti_8149ea79e1663357d94a05db
T1a_ACRONYM,1000,sfti_19813eb30c8ddc86775690f1
T1a_ACRONYM,1000,sfti_2f020f8f136592565d888a9b
T1a_ACRONYM,1000,sfti_83594adb8e61d30773d259a6
T1a_ACRONYM,1000,sfti_dababf5949943317742d004c
T1a_ACRONYM,1000,sfti_367c7a83709e5a61993b1f83
T1a_ACRONYM,1000,sfti_a722ca821bbb4b2e86567248
T1a_ACRONYM,1000,sfti_a1a6c5692faec0d4ccd8f86b
T1a_ACRONYM,1000,sfti_234c31fd1a098bfac0d0aa74
T1a_ACRONYM,1000,sfti_f726d3d613685c52522e47c4
T1a_ACRONYM,1000,sfti_781334e14246bf242bc528bf
T1a_ACRONYM,1000,sfti_56f526810c4e79ecef392888
T1a_ACRONYM,1000,sfti_0313687ea416153730e28dcb
T1a_ACRONYM,1000,sfti_f9c9a8f8c18186d5bcf256ee
T1a_ACRONYM,1000,sfti_0c3d26140fae716f56113766
T1a_ACRONYM,1000,sfti_6171fc973d3b1bc0be30faae
T1a_ACRONYM,1000,sfti_8e586710aefd0b5dc300cf93
T1a_ACRONYM,1000,sfti_ade473a084795b4fe1f8a247
T1a_ACRONYM,1000,sfti_70d2b775267760da3782788b
T1a_ACRONYM,1000,sfti_b9e7e4fb1657806e58a0eff8
T1a_ACRONYM,1000,sfti_c5e2e10d0879d8d9296961e3
T1a_ACRONYM,1000,sfti_8852d3200a382c64eb3e794b
T1a_ACRONYM,1000,sfti_9655af07e1ea68f55d2eb6d5
T1a_ACRONYM,1000,sfti_58c08569d64a69b43ea1e50d
T1a_ACRONYM,1000,sfti_51a3740218bf3fb01a5d5ddc
T1a_ACRONYM,1000,sfti_019861b2a7674d024079319c
T1a_ACRONYM,1000,sfti_0311e83385c24ad24d15ee8a
T1a_ACRONYM,1000,sfti_64910b4a3ee70e77adc648fb
T1a_ACRONYM,1000,sfti_2a0c1786aa242e160bc30238
T1a_ACRONYM,1000,sfti_03de2651204e065a4fc9081c
T1a_ACRONYM,1000,sfti_b4d63b076f260517f86b9ee9
T1a_ACRONYM,1000,sfti_30c18d667fde7baff1a1172c
T1a_ACRONYM,1000,sfti_b28b6525cc944144a68d88e9
T1a_ACRONYM,1000,sfti_3d56c6ce523c7b65461f3935
T1a_ACRONYM,1000,sfti_3af05cdca6d7dac81c1a77e4
T1a_ACRONYM,1000,sfti_32ed520207002e62c0bb575e
T1a_ACRONYM,1000,sfti_849c77b1b99f4b67e1026fa9
T1a_ACRONYM,1000,sfti_9508c1cc8a1ee91403ff0176
T1a_ACRONYM,1000,sfti_e31522b6f7aae71d42a4c12d
T1a_ACRONYM,1000,sfti_b38d356e2298a38b82b7f5ec
T1a_ACRONYM,1000,sfti_4e6b6ae4c6ba129ba1377495
T1a_ACRONYM,1000,sfti_491443dac124b15f665becb7
T1a_ACRONYM,1000,sfti_fcf2489bae935f5f6e15a531
T1a_ACRONYM,1000,sfti_78f8448f940cb6421510af36
T1a_ACRONYM,1000,sfti_c4d110e267c47372919ee049
T1a_ACRONYM,1000,sfti_0298b21cbcd2144226a53307
T1a_ACRONYM,1000,sfti_dcb6b1339e953d8c5a8ddec2
T1a_ACRONYM,1000,sfti_df63f283cd788dd5357ecc1a
T1a_ACRONYM,1000,sfti_fda0604091539c362e2c7bf9
T1a_ACRONYM,1000,sfti_2df590071dc4f55cc11de0fe
T1a_ACRONYM,1000,sfti_dfbe5b4cb4ea1b74af6fc418
T1a_ACRONYM,1000,sfti_155503ac5bbe22999de4c67e
T1a_ACRONYM,1000,sfti_e95aa91777287873be6d31fc
T1a_ACRONYM,1000,sfti_d2b56a41d76ac549ef92e1c1
T1a_ACRONYM,1000,sfti_36ab4d1b6cbc652436752ede
T1a_ACRONYM,1000,sfti_814bba07131c7f217828c3e2
T1a_ACRONYM,1000,sfti_408df2f25f4a98cc1f596214
T1a_ACRONYM,1000,sfti_e6ac3c4f6938d5cff9170ece
T1a_ACRONYM,1000,sfti_00fcf8393bcd9b3f17dfa2b2
T1a_ACRONYM,1000,sfti_a0274fbb1e47e7d678760987
T1a_ACRONYM,1000,sfti_cb1a9d137793f681bfbf72f8
T1a_ACRONYM,1000,sfti_6fbf0488b7dcd1a7e6f63fd3
T1a_ACRONYM,1000,sfti_10ad5940588cf85cc01e377a
T1a_ACRONYM,1000,sfti_7911a9e373bceaf16b021505
T1a_ACRONYM,1000,sfti_b1d57ece878c850e47ecdcd3
T1a_ACRONYM,1000,sfti_ca62976a73fde29d8085fad1
T1a_ACRONYM,1000,sfti_ee002966244492abb52ce30b
T1a_ACRONYM,1000,sfti_e634948b2f7e36cd83327455
T1a_ACRONYM,1000,sfti_9a3e7ec66739d2408a4834c4
T1a_ACRONYM,1000,sfti_b1703dd1fe1ab1c84a6f1771
T1a_ACRONYM,1000,sfti_6dd00e81b4a63f9193679ce4
T1a_ACRONYM,1000,sfti_1350fad0c6d4d73142d39a47
T1a_ACRONYM,1000,sfti_79a821d0e84c48e453ee19cc
T1a_ACRONYM,1000,sfti_9ce4fbfcfbc80e53cba43654
T1a_ACRONYM,1000,sfti_4b0c4648287ea8f2c3fa8543
T1a_ACRONYM,1000,sfti_86af3887d66e38756e9dd294
T1a_ACRONYM,1000,sfti_90ea9c947ec3792f2eabf828
T1a_ACRONYM,1000,sfti_a25e456ba92b4153b48a3a98
T1a_ACRONYM,1000,sfti_ad12590a5acb6c62a9fa9b88
T1a_ACRONYM,1000,sfti_308fdc582236c582aa092c30
T1a_ACRONYM,1000,sfti_487d533866d8e808f24945c1
T1a_ACRONYM,1000,sfti_19c521e1200c86db9f118be7
T1a_ACRONYM,1000,sfti_bd647f7001b204fb9e165fe9
T1a_ACRONYM,1000,sfti_3796f4238dc7ac683e23106c
T1a_ACRONYM,1000,sfti_15a243c7828be70ea2ba7ac7
T1a_ACRONYM,1000,sfti_c926d7a1375c062f0c5e061a
T1a_ACRONYM,1000,sfti_c3495f601bd3cb9fa7d76fe5
T1a_ACRONYM,1000,sfti_7f63854bb865103c586ffead
T1a_ACRONYM,1000,sfti_f316c014bc40020d74184d43
T1a_ACRONYM,1000,sfti_7154158543320dceab2f5705
T1a_ACRONYM,1000,sfti_138fa6ffcf225e7cc36a97ee
T1a_ACRONYM,1000,sfti_78ce953c5d201130500651a3
T1a_ACRONYM,1000,sfti_dfa3b8d8cc9871dd3889c376
T1a_ACRONYM,1000,sfti_42f189d35d396cb8d6483fd5
T1a_ACRONYM,1000,sfti_19d651e00573378dbb11ff8a
T1a_ACRONYM,1000,sfti_c64e0e54306726b428a501b4
T1a_ACRONYM,1000,sfti_70b7815e3db66d39127c8941
T1a_ACRONYM,1000,sfti_857bc727b23c5dc94604f6c9
T1a_ACRONYM,1000,sfti_f7986d4f5cb356f8799d28f2
T1a_ACRONYM,1000,sfti_1f0117d3de25ddc4b59e750d
T1a_ACRONYM,1000,sfti_3945ba140f6f2071ea61ea16
T1a_ACRONYM,1000,sfti_6f36502bed3fba886b3d3bd6
T1a_ACRONYM,1000,sfti_ffb8d3b50f49515fe2ecc53a
T1a_ACRONYM,1000,sfti_9d3fc3f13d3538948c293429
T1a_ACRONYM,1000,sfti_e1bd281792172bce949eb1ae
T1a_ACRONYM,1000,sfti_42a6d2beb4b2df857ead88b2
T1a_ACRONYM,1000,sfti_3cc1968ce1a0a19a36ab7e88
T1a_ACRONYM,1000,sfti_131753eb72520632d4c05699
T1a_ACRONYM,1000,sfti_2a49f5c2a7f3f0f79612e969
T1a_ACRONYM,1000,sfti_fafe2e912c7ba5bef60a52f4
T1a_ACRONYM,1000,sfti_6fff3998de4d4cf2d7a9bf37
T1a_ACRONYM,1000,sfti_aa8333b18d374dbf9dc6f5a9
T1a_ACRONYM,1000,sfti_f4fcef319bcb6545909ba3aa
T1a_ACRONYM,1000,sfti_8766c0b3a6c20470db3b54df
T1a_ACRONYM,1000,sfti_76e3f332243d0310e2935f76
T1a_ACRONYM,1000,sfti_1698284ed66496181f25b508
T1a_ACRONYM,1000,sfti_e63c80f16f4ab3e52001e123
T1a_ACRONYM,1000,sfti_63919eb59664b6b958e0e1ad
T1a_ACRONYM,1000,sfti_b392d7072681239d3a7b442b
T1a_ACRONYM,1000,sfti_c262661fabbbf98cdbff819f
T1a_ACRONYM,1000,sfti_e8890ecb405a931977819b5a
T1a_ACRONYM,1000,sfti_06d2f60df2b641869497396e
T1a_ACRONYM,1000,sfti_f24736345f1b51c94af8c5f6
T1a_ACRONYM,1000,sfti_167804ae1200435a7ed2872c
T1a_ACRONYM,1000,sfti_007804f53ec58ea3c8db0abc
T1a_ACRONYM,1000,sfti_1be561f7feab80bc72785f69
T1a_ACRONYM,1000,sfti_35574f46c31cd77a92ffaef7
T1a_ACRONYM,1000,sfti_9758bee57958a65694fde563
T1a_ACRONYM,1000,sfti_e611abe54b1941f78ee9d9b3
T1a_ACRONYM,1000,sfti_2624afe301b66237394a0788
T1a_ACRONYM,1000,sfti_b8c554d804efbb728aa50986
T1a_ACRONYM,1000,sfti_9faae195910b78f47765fa5f
T1a_ACRONYM,1000,sfti_3b608b146fee2d3a20a08fde
T1a_ACRONYM,1000,sfti_71114d6703aa4d17ba9af190
T1a_ACRONYM,1000,sfti_4c97c3c809253eb34ab405e5
T1a_ACRONYM,1000,sfti_5f0a7bd78c1e3017376919fa
T1a_ACRONYM,1000,sfti_64d63a4b576f8dfda34ecdac
T1a_ACRONYM,1000,sfti_d33950086425e724d24dff4b
T1a_ACRONYM,1000,sfti_a917df48cc53ac06e588492d
T1a_ACRONYM,1000,sfti_4fc7617e5eda65cf4b2c2552
T1a_ACRONYM,1000,sfti_45ed18c4a12c1a6050e3eb50
T1a_ACRONYM,1000,sfti_c27726549a1c270e52056571
T1a_ACRONYM,1000,sfti_1b1c2218e6a4ad50a3cb9a2d
T1a_ACRONYM,1000,sfti_356dc1d727ecc25a4251e969
T1a_ACRONYM,1000,sfti_554e1cbc43d0aedc14d7813d
T1a_ACRONYM,1000,sfti_c09e730af5c65f4836d9fe50
T1a_ACRONYM,1000,sfti_3e0ce3fef3cf6007c9246278
T1a_ACRONYM,1000,sfti_f4eda19fad981bc2996e0dec
T1a_ACRONYM,1000,sfti_84bb89ea63177631d0a5946f
T1a_ACRONYM,1000,sfti_5897bb47f2d9374802e987e5
T1a_ACRONYM,1000,sfti_14bf920d278f1a4b7176d663
T1a_ACRONYM,1000,sfti_27eb93ff759ff6e472201b1f
T1a_ACRONYM,1000,sfti_5943798b3df5a3478a0b9581
T1a_ACRONYM,1000,sfti_0235b3bbecd5534b7815ebdb
T1a_ACRONYM,1000,sfti_f79456f3112789f40aab0ba3
T1a_ACRONYM,1000,sfti_da25444491bc4dba484e1ef8
T1a_ACRONYM,1000,sfti_659c8a34228bf858f2e9c8cc
T1a_ACRONYM,1000,sfti_b292a6166533e99fe5cd9172
T1a_ACRONYM,1000,sfti_45d887d4b46f01f03b3e33eb
T1a_ACRONYM,2000,sfti_64c970e0136c51ec59f0f374
T1a_ACRONYM,2000,sfti_fa9ad7f5133a244788249ca3
T1a_ACRONYM,2000,sfti_aa932975ab57d44a8b3f7802
T1a_ACRONYM,2000,sfti_350bb054d70205a154a61013
T1a_ACRONYM,2000,sfti_7e08d9aa4de77d65b2e6b24c
T1a_ACRONYM,2000,sfti_1f22166c3d4eb0fcf59b269a
T1a_ACRONYM,2000,sfti_66db475e28b671a2cbd520d9
T1a_ACRONYM,2000,sfti_dd88423d70f5d10f2fbadea2
T1a_ACRONYM,2000,sfti_acb9440d060dee161e34aab1
T1a_ACRONYM,2000,sfti_ebffbbc240abc4bbcec926e7
T1a_ACRONYM,2000,sfti_e397d40bb398b0f75189ef3d
T1a_ACRONYM,2000,sfti_46e5f053877aafba3ba7c288
T1a_ACRONYM,2000,sfti_c85af7d550ece5e4f1ebf7e6
T1a_ACRONYM,2000,sfti_53cde7ba440623dfecec514f
T1a_ACRONYM,2000,sfti_d5e37eb61ed538ce85e25c54
T1a_ACRONYM,2000,sfti_b51639c1e1acb533f02565d0
T1a_ACRONYM,2000,sfti_190363ba350aaec301a80791
T1a_ACRONYM,2000,sfti_5722a5a8a098630f2c35cca4
T1a_ACRONYM,2000,sfti_32c74ce4935994e5ed7e3f72
T1a_ACRONYM,2000,sfti_299f8e3dc0fddb73e5d0e682
T1a_ACRONYM,2000,sfti_ca04d4ffd22fad19fb522185
T1a_ACRONYM,2000,sfti_383fc21bf3dc9194da373c17
T1a_ACRONYM,2000,sfti_f385f22d583a658343359c4c
T1a_ACRONYM,2000,sfti_a6eaddcb41e4f14ccd04287d
T1a_ACRONYM,2000,sfti_de303f8f4f4ca6753038aad5
T1a_ACRONYM,2000,sfti_cddce368df3a4c8abd068e88
T1a_ACRONYM,2000,sfti_54a1a4d69291ac8f061b5107
T1a_ACRONYM,2000,sfti_c85dffaae9b351f4eef78ba9
T1a_ACRONYM,2000,sfti_620ad3f2aca04e725314e03c
T1a_ACRONYM,2000,sfti_d33f09dfa894254e209004c6
T1a_ACRONYM,2000,sfti_1d262c257c0605fee9b79dc4
T1a_ACRONYM,2000,sfti_faee124ca6570ca836b3bebb
T1a_ACRONYM,2000,sfti_cb4e0d513b80f9725b75def6
T1a_ACRONYM,2000,sfti_a1a2121641c15aa7324e45dd
T1a_ACRONYM,2000,sfti_1a27d927f7de4ecf20be2f7f
T1a_ACRONYM,2000,sfti_c0474ec0f6a4721ddd9630ae
T1a_ACRONYM,2000,sfti_b3a5c33249fc0e5bf86ef6a0
T1a_ACRONYM,2000,sfti_3459201c5c0cbf757ba92cf9
T1a_ACRONYM,2000,sfti_ea87d9037f7e0c6f2dc8817d
T1a_ACRONYM,2000,sfti_a65a2f04bbeecfacc2d62041
T1a_ACRONYM,2000,sfti_f7f2b5c7b80677f541550226
T1a_ACRONYM,2000,sfti_c55b110b3f5e34e8217a6517
T1a_ACRONYM,2000,sfti_64e9d1d8420512e3a8a578dd
T1a_ACRONYM,2000,sfti_2d96688d405a4748767ac2db
T1a_ACRONYM,2000,sfti_cd1b6798af755785613e7f16
T1a_ACRONYM,2000,sfti_e7e54efb9de86da321d6bbfe
T1a_ACRONYM,2000,sfti_30213e06f0921ecfabf9af50
T1a_ACRONYM,2000,sfti_79180042e7395ae25a7c75c2
T1a_ACRONYM,2000,sfti_1c4ba216541e3d4b9d41b274
T1a_ACRONYM,2000,sfti_4ad36ab357a38c848a9386a8
T1a_ACRONYM,2000,sfti_f6070fb2f74f2a92062849cc
T1a_ACRONYM,2000,sfti_272e03ab14380d435d4cf745
T1a_ACRONYM,2000,sfti_035a6a1b2b377b32f9c95c4b
T1a_ACRONYM,2000,sfti_305969d96553eadecfeb7bc5
T1a_ACRONYM,2000,sfti_fad4af05128d8d91293cd311
T1a_ACRONYM,2000,sfti_3bb5a3175fe9f42c0a8821b1
T1a_ACRONYM,2000,sfti_9a4e64c1255b4ede6bb88fc3
T1a_ACRONYM,2000,sfti_a2400395fd6237db14c18291
T1a_ACRONYM,2000,sfti_28edd9399a6b612b4195d0a9
T1a_ACRONYM,2000,sfti_283e5f5ae0024e63bfeb7597
T1a_ACRONYM,2000,sfti_2b9a730b513dcd907929a482
T1a_ACRONYM,2000,sfti_7c285b75b189e2ec5cda055c
T1a_ACRONYM,2000,sfti_0aae1ff20f9f3ded929b85f4
T1a_ACRONYM,2000,sfti_2bace1bf26988cba618d4a86
T1a_ACRONYM,2000,sfti_b1bb28bd3822d82d4fd46001
T1a_ACRONYM,2000,sfti_aa3f77f94102279cc7209659
T1a_ACRONYM,2000,sfti_bd0ecb7d162e4a6bbb5d2530
T1a_ACRONYM,2000,sfti_12d49bc76935a9497be14360
T1a_ACRONYM,2000,sfti_11670869d0ae9048168f4aee
T1a_ACRONYM,2000,sfti_6d534611ab800ee4f35b7ce7
T1a_ACRONYM,2000,sfti_3a898a4022ebeaf72d190e16
T1a_ACRONYM,2000,sfti_a046036bcfd977b2cf5ae7fe
T1a_ACRONYM,2000,sfti_061738b809fbc3093717428a
T1a_ACRONYM,2000,sfti_bc331d97efd720f2ad5470d8
T1a_ACRONYM,2000,sfti_d245df4469de0b8ce25c8203
T1a_ACRONYM,2000,sfti_55ebcdeac20bb8f28e05f9fe
T1a_ACRONYM,2000,sfti_e1d015902ce634fefda92912
T1a_ACRONYM,2000,sfti_61b59d5c85443f71cfd065a4
T1a_ACRONYM,2000,sfti_bef503a85d5fa56a2df0f188
T1a_ACRONYM,2000,sfti_8a4fa96ad0b06e9642ad624d
T1a_ACRONYM,2000,sfti_cc2ccd90e05d268bf76fcc69
T1a_ACRONYM,2000,sfti_53820e1193ed71cbf8daa4c0
T1a_ACRONYM,2000,sfti_7cf8a3a4093169b6f85ffe18
T1a_ACRONYM,2000,sfti_783e22d49d3f01144001790f
T1a_ACRONYM,2000,sfti_e8573b7c22952f08c6af664f
T1a_ACRONYM,2000,sfti_95d3e9a9a9b802b43644a6cc
T1a_ACRONYM,2000,sfti_76403019226372dd52f78090
T1a_ACRONYM,2000,sfti_760c1c5eeea226bb285b7d40
T1a_ACRONYM,2000,sfti_7eb353e7a11ee73faffb0881
T1a_ACRONYM,2000,sfti_da9c05fc134412f486cbc542
T1a_ACRONYM,2000,sfti_41d8b91fc2f044e09e67e326
T1a_ACRONYM,2000,sfti_e5fe74fe211e58303280dd3f
T1a_ACRONYM,2000,sfti_ebd3e7c8260f0b3dbde9abf4
T1a_ACRONYM,2000,sfti_6dc4dd9e0765d3806c3f2d26
T1a_ACRONYM,2000,sfti_99f4e28115d3a976f6fbf3f9
T1a_ACRONYM,2000,sfti_533104832a1416ea2639452e
T1a_ACRONYM,2000,sfti_77eb16c319e644bb2a3b79f4
T1a_ACRONYM,2000,sfti_b3ff8c39dd96a039c8880a57
T1a_ACRONYM,2000,sfti_e2f039537d255b22efe61226
T1a_ACRONYM,2000,sfti_3853804b915b6bd9b8d4229a
T1a_ACRONYM,2000,sfti_1f06467874968312cbc8ec9c
T1a_ACRONYM,2000,sfti_02137af27282cc1a721e7603
T1a_ACRONYM,2000,sfti_08eb5147f972779730bd622b
T1a_ACRONYM,2000,sfti_adfdb0358c03c96b16d8535c
T1a_ACRONYM,2000,sfti_af57cecd245ea35b17312590
T1a_ACRONYM,2000,sfti_1af296a5ba2fa67a2b3557a3
T1a_ACRONYM,2000,sfti_b3b63d6a3e19ad80186c9ec8
T1a_ACRONYM,2000,sfti_46be83859d437aa417b2be9c
T1a_ACRONYM,2000,sfti_fc72092fa7405e4ebc0c56a7
T1a_ACRONYM,2000,sfti_95c75d7f123a1d3e235a40b6
T1a_ACRONYM,2000,sfti_8d72483941791f546c07fe1e
T1a_ACRONYM,2000,sfti_8d70b038e6b05b01150033b2
T1a_ACRONYM,2000,sfti_b16e2268a9bfeb520cbd09cf
T1a_ACRONYM,2000,sfti_b0ef8d40dc9a641ae9d888c2
T1a_ACRONYM,2000,sfti_73447273f55404fc4c2b91fc
T1a_ACRONYM,2000,sfti_be9fa675da39e8c5b85dc4fe
T1a_ACRONYM,2000,sfti_a270c404f10af3e3cd94810b
T1a_ACRONYM,2000,sfti_6c4b120cafcf9125ca9f5ad8
T1a_ACRONYM,2000,sfti_403fc6e2a4b83f61f70983cc
T1a_ACRONYM,2000,sfti_4aec0a9f90c6283d320fb548
T1a_ACRONYM,2000,sfti_d8d1d8a88dde1889805be419
T1a_ACRONYM,2000,sfti_4b992f480601c687961b0594
T1a_ACRONYM,2000,sfti_ad2b4ef0a860efa13569307b
T1a_ACRONYM,2000,sfti_5bf9883afd75b6d9080f40d8
T1a_ACRONYM,2000,sfti_9011bab523f5d6e7aeb032f5
T1a_ACRONYM,2000,sfti_dc37be426fa1549726809935
T1a_ACRONYM,2000,sfti_97f2dcd755e247a8164455c0
T1a_ACRONYM,2000,sfti_caa4642a3b92a573aea8e85b
T1a_ACRONYM,2000,sfti_81fe2a37543158230df24fbf
T1a_ACRONYM,2000,sfti_459dba98ac4b1f546d822222
T1a_ACRONYM,2000,sfti_bd527f2e59c8111f46f1302d
T1a_ACRONYM,2000,sfti_feb5abf5a1a4eec054298e57
T1a_ACRONYM,2000,sfti_04202306bc5c51260b334c24
T1a_ACRONYM,2000,sfti_3b366545cc8c122ce6227c06
T1a_ACRONYM,2000,sfti_a60e0130861ce624a2bdfd63
T1a_ACRONYM,2000,sfti_f826f5bcaa3e8d51babc5313
T1a_ACRONYM,2000,sfti_c22804ced7ec05db6c669c89
T1a_ACRONYM,2000,sfti_cdcb7ff9aee036eec7e0f67a
T1a_ACRONYM,2000,sfti_89339e0766318ac107edcef4
T1a_ACRONYM,2000,sfti_63cf6c64ac5efeb0d76e612b
T1a_ACRONYM,2000,sfti_2581a243241fdabfabb0716e
T1a_ACRONYM,2000,sfti_dba9cf8fd87abd53a7b7fc86
T1a_ACRONYM,2000,sfti_7c1ffa55799b14429626b26d
T1a_ACRONYM,2000,sfti_42d52cf7b8fb6e3cabd90f30
T1a_ACRONYM,2000,sfti_45ced8b039091531f7e84cc1
T1a_ACRONYM,2000,sfti_20644766afb97f8bf2a72d16
T1a_ACRONYM,2000,sfti_66b33662f028c40646d95155
T1a_ACRONYM,2000,sfti_5fca39d3131ba3a8fb9f7f98
T1a_ACRONYM,2000,sfti_894a72cf528b3c8503526726
T1a_ACRONYM,2000,sfti_1897e5a8e2f98e9ad05a8369
T1a_ACRONYM,2000,sfti_acad9e4ac64e2f8a81bd2fb5
T1a_ACRONYM,2000,sfti_5e25436db8c03a6a20718c4e
T1a_ACRONYM,2000,sfti_838ab97e62efaddf0e64602c
T1a_ACRONYM,2000,sfti_94ac26f8233986c1b109984b
T1a_ACRONYM,2000,sfti_5ade7f5b9a48906dc6c854ac
T1a_ACRONYM,2000,sfti_7a5dced59eced76d05c46a34
T1a_ACRONYM,2000,sfti_66fb3ecde5f771b7eef8bf80
T1a_ACRONYM,2000,sfti_b082dbc3daa56f7f91fc7f1d
T1a_ACRONYM,2000,sfti_61b8e34207fdbbee9ef515e0
T1a_ACRONYM,2000,sfti_ef901d90c31c641b24a19743
T1a_ACRONYM,2000,sfti_4e8aa3adc1d2502c4166c1e5
T1a_ACRONYM,2000,sfti_1fd169b4c4b0231aac8bdafe
T1a_ACRONYM,2000,sfti_da2c9e5b7f17e4d4fce62fd2
T1a_ACRONYM,2000,sfti_d350984c6bff3290dce395e1
T1a_ACRONYM,2000,sfti_32b67848f354ff744097850b
T1a_ACRONYM,2000,sfti_aaad60b6877acda197310218
T1a_ACRONYM,2000,sfti_1065ca13dd738ae78ee16370
T1a_ACRONYM,2000,sfti_f81acb7764eeace445abbc95
T1a_ACRONYM,2000,sfti_46927ebd37a3347f191cfae2
T1a_ACRONYM,2000,sfti_0c677a4d928f7a277eae2502
T1a_ACRONYM,2000,sfti_d74555a767cf22743a569f2c
T1a_ACRONYM,2000,sfti_b91f6da7632d1a6572e94970
T1a_ACRONYM,2000,sfti_061fcd58eaf16ad1d3bb6801
T1a_ACRONYM,2000,sfti_c66cc46ed8a46cf03d29c1b2
T1a_ACRONYM,2000,sfti_25f111724229ad34e90f0d11
T1a_ACRONYM,2000,sfti_be845039bb1c021b15b0f110
T1a_ACRONYM,2000,sfti_45ee9efb4a66e7c9c482ddf5
T1a_ACRONYM,2000,sfti_287a5a3ea7131339638b9d03
T1a_ACRONYM,2000,sfti_7b41bb469adcc2e9cacad85c
T1a_ACRONYM,2000,sfti_e64420be7ed019fb54702c54
T1a_ACRONYM,2000,sfti_785fb1b7b443fa96832f2b2a
T1a_ACRONYM,2000,sfti_c9d93ff7f1d8bbea4ac5c60b
T1a_ACRONYM,2000,sfti_c6b258e228ca83ddd3bed48d
T1a_ACRONYM,2000,sfti_9f7356db662398a66c5ff302
T1a_ACRONYM,2000,sfti_979fec473e1a86f605743599
T1a_ACRONYM,2000,sfti_9615fd21a8e965fac1254b4a
T1a_ACRONYM,2000,sfti_479547379437fa0253407fe6
T1a_ACRONYM,2000,sfti_b9d9be551aee886881332f43
T1a_ACRONYM,2000,sfti_0acb108213182d5bfa7536c4
T1a_ACRONYM,2000,sfti_de029ec1f163cf3366039a66
T1a_ACRONYM,2000,sfti_a00595075b31c24ff140122e
T1a_ACRONYM,2000,sfti_719db85e3779113508ab9d0d
T1a_ACRONYM,2000,sfti_fa872a93766ce886696cf4f7
T1a_ACRONYM,2000,sfti_0fd0f47ad22c5fc8eaaf03b3
T1a_ACRONYM,2000,sfti_34a44bf2d7a1e9678acd0e45
T1a_ACRONYM,2000,sfti_0a82faca4c524d746f035fcf
T1a_ACRONYM,2000,sfti_e084a3b3c3b2187fcbae5421
T1a_ACRONYM,2000,sfti_7aa2019f8ebc2d31ed1e4f41
T1a_ACRONYM,2000,sfti_c8ae0cada462329ee082a766
T1a_ACRONYM,2000,sfti_4d0c2ee7d849ce44a8487f08
T1a_ACRONYM,2000,sfti_feb3176a7e61f11746a28b53
T1a_ACRONYM,2000,sfti_547c74aa0fadd1089c044103
T1a_ACRONYM,2000,sfti_97fe4962212de3e99fad09c3
T1a_ACRONYM,2000,sfti_a07d1253a2f150ff4717caec
T1a_ACRONYM,2000,sfti_78ecf449a2407555765f3c9a
T1a_ACRONYM,2000,sfti_c33089b4164acb6ca62de86d
T1a_ACRONYM,2000,sfti_21d57595f1db46ec48f50b0b
T1a_ACRONYM,2000,sfti_925e63279e90dc784e08f4a8
T1a_ACRONYM,2000,sfti_209e205af5ab303a05aa702a
T1a_ACRONYM,2000,sfti_cd8e1be585647b836679d877
T1a_ACRONYM,2000,sfti_246a6e6e6ab6f4475b6ede87
T1a_ACRONYM,2000,sfti_bee08d4dfa0e63b9d2e28637
T1a_ACRONYM,2000,sfti_c6dfca7f4ac3b6fd95f156f7
T1a_ACRONYM,2000,sfti_afcb6c09fef497f2e45c4385
T1a_ACRONYM,2000,sfti_b095923da973c06d484f14be
T1a_ACRONYM,2000,sfti_8c209a8dbda7fdf15e1de2f8
T1a_ACRONYM,2000,sfti_890e225ccc0056519401eaf3
T1a_ACRONYM,2000,sfti_528ce1683f0e9e57ab94e3fe
T1a_ACRONYM,2000,sfti_0467fbfb93f5e41e5791ded7
T1a_ACRONYM,2000,sfti_a2e1bb8fddf3b4bc3368698a
T1a_ACRONYM,2000,sfti_c1b309431b3920d6272b77c8
T1a_ACRONYM,2000,sfti_2a511165f6698c75338bc828
T1a_ACRONYM,2000,sfti_97eed5776ea1d399d46ca277
T1a_ACRONYM,2000,sfti_7547dcdaa44db5491bf96ba8
T1a_ACRONYM,2000,sfti_326547ab24934903b352b405
T1a_ACRONYM,2000,sfti_13b82563661552e63f365550
T1a_ACRONYM,2000,sfti_edb2468d4c1a320910410f9f
T1a_ACRONYM,2000,sfti_b088f2da078631a505093775
T1a_ACRONYM,2000,sfti_b7999d572a5f41742b1850bb
T1a_ACRONYM,2000,sfti_2dbf3bc0042321ec20543a47
T1a_ACRONYM,2000,sfti_e54976e4de6c46ebf075353a
T1a_ACRONYM,2000,sfti_07014a52280c5b767f34fac3
T1a_ACRONYM,2000,sfti_efbd022abd719eafcf04b555
T1a_ACRONYM,2000,sfti_cc59d4afd911bef0a3d7425d
T1a_ACRONYM,2000,sfti_005ad301f60c74114cbe671a
T1a_ACRONYM,2000,sfti_cbdd9de81810b788446076a2
T1a_ACRONYM,2000,sfti_94db27459697c69df0635404
T1a_ACRONYM,2000,sfti_57870caeeac1d35fc2247f77
T1a_ACRONYM,2000,sfti_cee03078ffa77f6fe1b6a312
T1a_ACRONYM,2000,sfti_4d6e4bd6429bee84fa53f72d
T1a_ACRONYM,2000,sfti_180976461659eda54fa19fd0
T1a_ACRONYM,2000,sfti_c4f0259d644438446f361914
T1a_ACRONYM,2000,sfti_aea82a33396da3abe7c64581
T1a_ACRONYM,2000,sfti_c9fad15a1b11549787055a5f
T1a_ACRONYM,2000,sfti_8146fb33250cbbb60595a753
T1a_ACRONYM,2000,sfti_417f13757c8e2404cfd2f2a1
T1a_ACRONYM,2000,sfti_3dbc01d1626220d3164ee5d3
T1a_ACRONYM,2000,sfti_b6df394f5981b4243a4ea637
T1a_ACRONYM,2000,sfti_8589d2c11462b2c25c7cb769
T1a_ACRONYM,2000,sfti_3e334823665bfcb5b1762aa3
T1a_ACRONYM,2000,sfti_4ddbc7017188475dd00909f7
T1a_ACRONYM,2000,sfti_0ad7b86ce963ebb5e39bee05
T1a_ACRONYM,2000,sfti_01353bd33372a6ae51da798d
T1a_ACRONYM,2000,sfti_3613a3c90af93e599599699d
T1a_ACRONYM,2000,sfti_f6f2f80ef411cb4ca05002b6
T1a_ACRONYM,2000,sfti_2d967666d965a3e348665d89
T1a_ACRONYM,2000,sfti_08305a397f5575685cd8e696
T1a_ACRONYM,2000,sfti_8fd43a3cdc69e463b6ccea22
T1a_ACRONYM,2000,sfti_ccb3a524c93bccc10e0f73e4
T1a_ACRONYM,2000,sfti_a22f25105f1a82163f0ace9e
T1a_ACRONYM,2000,sfti_2a335213f37d2ae1982c36e3
T1a_ACRONYM,2000,sfti_35045c5d974fa8d63a5797dc
T1a_ACRONYM,2000,sfti_2165bebcc2ce9dad077f0c90
T1a_ACRONYM,2000,sfti_d98d442b9dc36d09adcf57dd
T1a_ACRONYM,2000,sfti_70bf280502877466a4b781a4
T1a_ACRONYM,2000,sfti_fd85de3a54513a2532d30a8e
T1a_ACRONYM,2000,sfti_5ef94fc1e2d22fcbe700355b
T1a_ACRONYM,2000,sfti_3bc75d056b808f37de37540f
T1a_ACRONYM,2000,sfti_18e0228b2a1f652d4a343d50
T1a_ACRONYM,2000,sfti_d7565f6b8978b29ae377fa29
T1a_ACRONYM,2000,sfti_2a75ee1434215a6a0a5b006d
T1a_ACRONYM,2000,sfti_8b61c7931c6975042f4af7ab
T1a_ACRONYM,2000,sfti_07101ccc38bc66a67e9760e8
T1a_ACRONYM,2000,sfti_17ca9c9738e043255b80cb84
T1a_ACRONYM,2000,sfti_7e46fed39c8462db875ed6bc
T1a_ACRONYM,2000,sfti_14dbed5d0945440466e28040
T1a_ACRONYM,2000,sfti_ed6edb0f1b207bf582b96642
T1a_ACRONYM,2000,sfti_75d00548296d52ca72de8bc4
T1a_ACRONYM,2000,sfti_5cc5156024af0c61375e4e2a
T1a_ACRONYM,2000,sfti_87bd65f844224da3f59b5d0d
T1a_ACRONYM,2000,sfti_483cd82b9ef2a92382831c60
T1a_ACRONYM,2000,sfti_5a4794c34bc8410e63fd93e1
T1a_ACRONYM,2000,sfti_46e9b3a51dc52fff9c43f80a
T1a_ACRONYM,2000,sfti_9a76ff058d72f900f56dbb52
T1a_ACRONYM,2000,sfti_bea5235fa7644aed2071af52
T1a_ACRONYM,2000,sfti_f40888a9a2552b3575dc3128
T1a_ACRONYM,2000,sfti_d5ce6c0b33471461e0fd2d8c
T1a_ACRONYM,2000,sfti_bb2dd2a77112d5750ac2e633
T1a_ACRONYM,2000,sfti_ead97bc00de322e654f6b9a8
T1a_ACRONYM,2000,sfti_9ed7a3f16a91ae43c8a48115
T1a_ACRONYM,2000,sfti_896e171d9f588e8f8f311010
T1a_ACRONYM,2000,sfti_7d44c386bf0a38ff52c202b9
T1a_ACRONYM,2000,sfti_f6d6614e8e305c06d2d035a9
T1a_ACRONYM,2000,sfti_b3fa5d37c5808cf3387afd88
T1a_ACRONYM,2000,sfti_deba19777786695c9ad664bb
T1a_ACRONYM,2000,sfti_141b77b8099ce092748ea531
T1a_ACRONYM,2000,sfti_65e81704bdba849a39031235
T1a_ACRONYM,2000,sfti_d7348472980f9f53505cb337
T1a_ACRONYM,2000,sfti_a9e5916d6d3bf8cedc6d6c9a
T1a_ACRONYM,2000,sfti_2c17420b038ebba776c606b0
T1a_ACRONYM,2000,sfti_948f6cb52f05e2d67f63ba9b
T1a_ACRONYM,2000,sfti_27cd142369cd0a8728de3f04
T1a_ACRONYM,2000,sfti_33c450fa1cb5de0ccadc4a1c
T1a_ACRONYM,2000,sfti_4cafb9101dcb00657c625e1d
T1a_ACRONYM,2000,sfti_eb18a9994e5826a5ddcf444b
T1a_ACRONYM,2000,sfti_8d9cff7da8f34305117fa6b5
T1a_ACRONYM,2000,sfti_6aa33d414cbbad59bd478aa1
T1a_ACRONYM,2000,sfti_6aa24903767fb4b847894d92
T1a_ACRONYM,2000,sfti_044f13d6d8a077a9177f2050
T1a_ACRONYM,2000,sfti_066cb315528c9ed6d0b2d0a1
T1a_ACRONYM,2000,sfti_cd954a84fd2a22eb10eb085b
T1a_ACRONYM,2000,sfti_35704004dc1bd52304eef7a9
T1a_ACRONYM,2000,sfti_a8ca5674487cc3cfc0610c7e
T1a_ACRONYM,2000,sfti_a307a0a4d038dc22686caedc
T1a_ACRONYM,2000,sfti_f9c5eca39ce490350879f744
T1a_ACRONYM,2000,sfti_115994b8fcc13c4c75e1883a
T1a_ACRONYM,2000,sfti_bf272358836751c134358389
T1a_ACRONYM,2000,sfti_f4d85000d06d7e416fdbb945
T1a_ACRONYM,2000,sfti_16b2760549ac14620bca4757
T1a_ACRONYM,2000,sfti_077612fb809608e09ea792be
T1a_ACRONYM,2000,sfti_b3267be6636dbe5dbdd06ff1
T1a_ACRONYM,2000,sfti_d14a6686b720fd7d077a66b7
T1a_ACRONYM,2000,sfti_06d357ba9576bdc17846b150
T1a_ACRONYM,2000,sfti_1dbcf859a5dabf8fd5e4ce27
T1a_ACRONYM,2000,sfti_9dfa211fffb4fd221cfdf798
T1a_ACRONYM,2000,sfti_332ee679e0bbcee24a7da353
T1a_ACRONYM,2000,sfti_988e58a3f799528d28fab18c
T1a_ACRONYM,2000,sfti_675292e9d682129975df7ebc
T1a_ACRONYM,2000,sfti_40bd6ebe2343b093c5bbf5c4
T1a_ACRONYM,2000,sfti_5fcb8fe7d9960d16bca6d575
T1a_ACRONYM,2000,sfti_42ce6eda7e88c48a4af50942
T1a_ACRONYM,2000,sfti_c1dcd0d429b4d422b3903616
T1a_ACRONYM,2000,sfti_5fd00365b578a9e2c8df9bc6
T1a_ACRONYM,2000,sfti_13e491eb0fe74d1c449a55ea
T1a_ACRONYM,2000,sfti_34e8f122c4739d317ac1ac94
T1a_ACRONYM,2000,sfti_1b0a50304a48b1cdedcb7aac
T1a_ACRONYM,2000,sfti_bf6dc4722dc640652ba38073
T1a_ACRONYM,2000,sfti_678012a953b3570d4ef5103b
T1a_ACRONYM,2000,sfti_69708140b839508deddd3426
T1a_ACRONYM,2000,sfti_755255e0c97fa42e132ea5dd
T1a_ACRONYM,2000,sfti_5e1846cc5e73e1432e4368ba
T1a_ACRONYM,2000,sfti_279408a4a73233585bc8c194
T1a_ACRONYM,2000,sfti_47ea204c366d8bf151452ae5
T1a_ACRONYM,2000,sfti_72a4cf43c9365315f12991ff
T1a_ACRONYM,2000,sfti_2561ff649483915eaae53ae5
T1a_ACRONYM,2000,sfti_4ac9f7d4fa1e88931bd665eb
T1a_ACRONYM,2000,sfti_58d5521d08881f8b1fbda92c
T1a_ACRONYM,2000,sfti_95546a1f92c08bf4194593f8
T1a_ACRONYM,2000,sfti_f7033123002b6ab15befd8a3
T1a_ACRONYM,2000,sfti_7693460a97132b5290352fe2
T1a_ACRONYM,2000,sfti_79b5f7d4711c142830c56a1c
T1a_ACRONYM,2000,sfti_86d799f043c3c30327c65ecf
T1a_ACRONYM,2000,sfti_6d5e8978233d0975dde53ca0
T1a_ACRONYM,2000,sfti_9142c236ab6b244b40efeb0c
T1a_ACRONYM,2000,sfti_5897ea4d58172a61a5b8a17e
T1a_ACRONYM,2000,sfti_8db2e1979c2f82a2a5772e69
T1a_ACRONYM,2000,sfti_7b10acd83471607b0a2b463f
T1a_ACRONYM,2000,sfti_b96d82949220df80945560bc
T1a_ACRONYM,2000,sfti_14614a6252c9ec9a05c7e3b6
T1a_ACRONYM,2000,sfti_ac2c5913c01ba487dd311223
T1a_ACRONYM,2000,sfti_102fbe755ed1b9fd554c3e06
T1a_ACRONYM,2000,sfti_febc28fdb0d041adaaa55030
T1a_ACRONYM,2000,sfti_6e774eecc72e072ae63f0891
T1a_ACRONYM,2000,sfti_140313851e4827cf5ecd9d15
T1a_ACRONYM,2000,sfti_57b86845a2e5d7a7fdd70322
T1a_ACRONYM,2000,sfti_67043697733a591be6a8d035
T1a_ACRONYM,2000,sfti_3110c529ccf3e6e246f5993a
T1a_ACRONYM,2000,sfti_ac6af90211d76421fc31d90e
T1a_ACRONYM,2000,sfti_0ba7d2085ee53a5183e1f838
T1a_ACRONYM,2000,sfti_f78b7cc231cf523e15f1746d
T1a_ACRONYM,2000,sfti_ace85feebcba32bc88f5d49e
T1a_ACRONYM,2000,sfti_77e36e24d49ae4317d630253
T1a_ACRONYM,2000,sfti_ceabd54e3d1647b7a7fa9880
T1a_ACRONYM,2000,sfti_ee8ad8604c35842e337a95fe
T1a_ACRONYM,2000,sfti_4c5fcd7b2218e636fe44c981
T1a_ACRONYM,2000,sfti_31c86d7315209d9ec4dd3687
T1a_ACRONYM,2000,sfti_c453727fca484c5d37570845
T1a_ACRONYM,2000,sfti_10e5addfb4d4575319b56426
T1a_ACRONYM,2000,sfti_62905dd3fe8c01795f1c4093
T1a_ACRONYM,2000,sfti_e5ad0f4c5777fcb0b7c488e6
T1a_ACRONYM,2000,sfti_b1ff73d788fd56341de7944c
T1a_ACRONYM,2000,sfti_098ede3442ffca0b1f7c172a
T1a_ACRONYM,2000,sfti_acde77b87d5556ba1eb5f379
T1a_ACRONYM,2000,sfti_b4344c9f6b51256bdb8d2a8b
T1a_ACRONYM,2000,sfti_8cdd6cbf607dfef1702e2fb5
T1a_ACRONYM,2000,sfti_a2445efe8024463f899981bc
T1a_ACRONYM,2000,sfti_67f985d2a36752d0fabf274f
T1a_ACRONYM,2000,sfti_9e770586facf95f242bee772
T1a_ACRONYM,2000,sfti_5640b04b784cdb9ffe29942b
T1a_ACRONYM,2000,sfti_9ca9079b13a494f9dd834f71
T1a_ACRONYM,2000,sfti_8ca3076363978b7347ec6bb4
T1a_ACRONYM,2000,sfti_70944ed9f18a3ad3bd34f359
T1a_ACRONYM,2000,sfti_3b57b39a8d7840f3353ef107
T1a_ACRONYM,2000,sfti_938a78da0a647ff4845515f7
T1a_ACRONYM,2000,sfti_9be54b329878f5cb03971efc
T1a_ACRONYM,2000,sfti_429f12e892237723c801dd12
T1a_ACRONYM,2000,sfti_bfcb6eddc75d7f4b38bbcc1c
T1a_ACRONYM,2000,sfti_d364869b4cb24e2dd0f1f34c
T1a_ACRONYM,2000,sfti_80d4d6470f9703edbbcb19a8
T1a_ACRONYM,2000,sfti_86ab93730b3c0d6ef56d5bd9
T1a_ACRONYM,2000,sfti_03b6c6bb5381ed6256f38574
T1a_ACRONYM,2000,sfti_40e6f8330387fb019cf51260
T1a_ACRONYM,2000,sfti_63d5a2d0ff979f0f3e7d0e4d
T1a_ACRONYM,2000,sfti_fd9d4a7cbd1441d4b2fc8213
T1a_ACRONYM,2000,sfti_4ed33a44882f5bebd4886ce6
T1a_ACRONYM,2000,sfti_4f152d9becc5e6366fcbcde5
T1a_ACRONYM,2000,sfti_1fbd1ce958d1dba035da2d6a
T1a_ACRONYM,2000,sfti_55b38a8b72f3891554b311ce
T1a_ACRONYM,2000,sfti_d4d35505eac7998a05fe8385
T1a_ACRONYM,2000,sfti_75d65ba4b89009ba3d758910
T1a_ACRONYM,2000,sfti_7fad20adb9f338feee98ee24
T1a_ACRONYM,2000,sfti_aadc581f20af1ff9154b64d3
T1a_ACRONYM,2000,sfti_dd1f975262d3269648832186
T1a_ACRONYM,2000,sfti_75564e68d07f16718006da03
T1a_ACRONYM,2000,sfti_480639a0def9e54df0b5a062
T1a_ACRONYM,2000,sfti_35d329af009210186d82b219
T1a_ACRONYM,2000,sfti_87b643d55511956b0bd4ea7b
T1a_ACRONYM,2000,sfti_ed114e207c39d92d71301964
T1a_ACRONYM,2000,sfti_d627753aa2e1a8a8694014c0
T1a_ACRONYM,2000,sfti_b304774f243dae65986b97d1
T1a_ACRONYM,2000,sfti_427e066046781e57266f3f8e
T1a_ACRONYM,2000,sfti_db03494ef82fd9a70a22fb88
T1a_ACRONYM,2000,sfti_f10fa2a8b52216626af40b23
T1a_ACRONYM,2000,sfti_288948307b5c24a549b24c34
T1a_ACRONYM,2000,sfti_9e14ad5b156bbd9c20cc4844
T1a_ACRONYM,2000,sfti_a4c08b317876d92ace3308ea
T1a_ACRONYM,2000,sfti_2732fdf69c73ab3ef72d0fad
T1a_ACRONYM,2000,sfti_b3e1d7edd612a866606e38d7
T1a_ACRONYM,2000,sfti_dde9018284e2da0d1b824db8
T1a_ACRONYM,2000,sfti_cd29ad3087332377f718f0d1
T1a_ACRONYM,2000,sfti_f66156dfaa6ed7e80a7f9c5e
T1a_ACRONYM,2000,sfti_49993a03d5665b84f07712e4
T1a_ACRONYM,2000,sfti_38b0ab2d46a145a1e7592d19
T1a_ACRONYM,2000,sfti_8ab87f523f6b265656f76385
T1a_ACRONYM,2000,sfti_31a43235c453a1419236d401
T1a_ACRONYM,2000,sfti_390ff0c2ef680e70ed001f6c
T1a_ACRONYM,2000,sfti_69d763dd2cab6c305c75c0a6
T1a_ACRONYM,2000,sfti_96ce689175f8710d2b73ebc9
T1a_ACRONYM,2000,sfti_a167b16fe650a9eb5273a593
T1a_ACRONYM,2000,sfti_82a6e78963f749beb099bb10
T1a_ACRONYM,2000,sfti_a7198a8466d282e51ce6d3e0
T1a_ACRONYM,2000,sfti_7710629e8f0a9a0bd65612cf
T1a_ACRONYM,2000,sfti_5a207ed46be1fc095ce43ad6
T1a_ACRONYM,2000,sfti_23cfda9d38be5723c042c3cc
T1a_ACRONYM,2000,sfti_933cdb466ae1ea0794f6f851
T1a_ACRONYM,2000,sfti_fb62e42961e96252a7e8cea9
T1a_ACRONYM,2000,sfti_729de27ca10a35ba61ee0e82
T1a_ACRONYM,2000,sfti_0472a02f15a94e2a62dbd5d4
T1a_ACRONYM,2000,sfti_0d1171511195f0d25fd6a376
T1a_ACRONYM,2000,sfti_1939f5f993b7c4c358fb4f5e
T1a_ACRONYM,2000,sfti_e94e5f40d018d99dd9e7651c
T1a_ACRONYM,2000,sfti_3cecdc3f7026696f71e6d8df
T1a_ACRONYM,2000,sfti_b55652d58977a590fd150ce9
T1a_ACRONYM,2000,sfti_8e1b031dcfcc174af11a01d5
T1a_ACRONYM,2000,sfti_bb12c74df4cc209c789eabd2
T1a_ACRONYM,2000,sfti_8e1e87a0b224209d195659de
T1a_ACRONYM,2000,sfti_3bb624876d8e0a234f62927d
T1a_ACRONYM,2000,sfti_6fa7ce3dd14b0640116b5de8
T1a_ACRONYM,2000,sfti_f51a8a9ea872129158a58700
T1a_ACRONYM,2000,sfti_c082b94478ac392d10bda249
T1a_ACRONYM,2000,sfti_cad420e05c167127245997b0
T1a_ACRONYM,2000,sfti_678f3bae3fadbba4dfb6e6c7
T1a_ACRONYM,2000,sfti_c5497e2bd7ad4dffe2744b06
T1a_ACRONYM,2000,sfti_37209fb465a04e103d35b6c3
T1a_ACRONYM,2000,sfti_90736326cf2fa99390b97dc7
T1a_ACRONYM,2000,sfti_1703b72b7bc718c20d41306e
T1a_ACRONYM,2000,sfti_8dcb50e1a27fece46323955a
T1a_ACRONYM,2000,sfti_138c98a391f32c798ef2072c
T1a_ACRONYM,2000,sfti_e5e4a177db2bfb8305413f3d
T1a_ACRONYM,2000,sfti_07ee88e6d134d0a18a63a071
T1a_ACRONYM,2000,sfti_ffefc4a7486c1ebce6a6ea01
T1a_ACRONYM,2000,sfti_5fff0703c69ea1f3982008bf
T1a_ACRONYM,2000,sfti_b7b77be72d3e646a2669bd36
T1a_ACRONYM,2000,sfti_1a109eed3e1389a171667cac
T1a_ACRONYM,2000,sfti_ef967872fe10a20b49eb9ff2
T1a_ACRONYM,2000,sfti_aa5fd5931cc96ab64e08e54f
T1a_ACRONYM,2000,sfti_bd54c2d9c6ea98380c0bd5df
T1a_ACRONYM,2000,sfti_52fb7a59307c8ab990289030
T1a_ACRONYM,2000,sfti_2ef111c55db3e857997b66f7
T1a_ACRONYM,2000,sfti_d4d09d1a35352b5ab618198c
T1a_ACRONYM,2000,sfti_8feaf4685014841520e16829
T1a_ACRONYM,2000,sfti_901b2945c618cf2f300ee419
T1a_ACRONYM,2000,sfti_96130d64938a0a5f1a359b79
T1a_ACRONYM,2000,sfti_19701f506212003c94dc1810
T1a_ACRONYM,2000,sfti_0451a780edb2da18accac391
T1a_ACRONYM,2000,sfti_ba0cc1398c3de07b0f264fbd
T1a_ACRONYM,2000,sfti_0e9a9b47a684567a10b16071
T1a_ACRONYM,2000,sfti_be9e35b7c29b62ddf61b300e
T1a_ACRONYM,2000,sfti_71550edfed61aa2b55c725a1
T1a_ACRONYM,2000,sfti_9919b9ce73b3106f0e4f35d0
T1a_ACRONYM,2000,sfti_2adfa259805fab898c79f7ab
T1a_ACRONYM,2000,sfti_3a67e28d3ded5bd007f41740
T1a_ACRONYM,2000,sfti_f22451e72d195bc69d4a8c51
T1a_ACRONYM,2000,sfti_e5a8006f8be267aafafaacae
T1a_ACRONYM,2000,sfti_11a6bc1db7844ffc6726a7df
T1a_ACRONYM,2000,sfti_6aa31f38b8b5348d3014f930
T1a_ACRONYM,2000,sfti_6950274f0c0139c79d64beef
T1a_ACRONYM,2000,sfti_7d8db6c11f79c26179efd36d
T1a_ACRONYM,2000,sfti_9ff275452a41d37107c4ccae
T1a_ACRONYM,2000,sfti_7bf9595aadf77b2728f12516
T1a_ACRONYM,2000,sfti_7be89f89a8a17787876bd18f
T1a_ACRONYM,2000,sfti_7133bb7336d012f32bc5f11d
T1a_ACRONYM,2000,sfti_36a22ddc52cc38a81425e92a
T1a_ACRONYM,2000,sfti_fbfdd839bae4b156761adb6f
T1a_ACRONYM,2000,sfti_13c6e151768a2f1ec3228143
T1a_ACRONYM,2000,sfti_098fa0780dd46c136e5ad88f
T1a_ACRONYM,2000,sfti_1db8b83a74c5c3dc3b15115f
T1a_ACRONYM,2000,sfti_81ae2f9ecebe331201357870
T1a_ACRONYM,2000,sfti_cc9d3fa86c077bf47df5c705
T1a_ACRONYM,2000,sfti_aeb064831a4541d25648b831
T1a_ACRONYM,2000,sfti_ac7aa3470f2df7066cd05050
T1a_ACRONYM,2000,sfti_b21b312f429a4e4c6cf88a15
T1a_ACRONYM,2000,sfti_e2279ed491f8a5069ae80e95
T1a_ACRONYM,2000,sfti_b1b0be3535760642117d1fdf
T1a_ACRONYM,2000,sfti_3530af65c26778ae73579f05
T1a_ACRONYM,2000,sfti_2cbeb6f174cb39a8ae5c0a3b
T1a_ACRONYM,2000,sfti_e2a5a84c1504b0fd9bbdbf78
T1a_ACRONYM,2000,sfti_e78739ad8d7134361f44516a
T1a_ACRONYM,2000,sfti_eb2828392715a0db3aa14dc8
T1a_ACRONYM,2000,sfti_2592a4d512d16dbfbec8cd0d
T1a_ACRONYM,2000,sfti_798c4255f4d8516322650c80
T1a_ACRONYM,2000,sfti_cbd416218e19134d7028fd64
T1a_ACRONYM,2000,sfti_231f122cda85e77cabcfbfe0
T1a_ACRONYM,2000,sfti_f76095fec61d3286a2d71207
T1a_ACRONYM,2000,sfti_1f3041bb1a6c01e8ea8f3886
T1a_ACRONYM,2000,sfti_8319bb75fed340412ebef476
T1a_ACRONYM,2000,sfti_a9fb66bfa528a44ba78f1b98
T1a_ACRONYM,2000,sfti_9d96c299eccaded6810cf576
T1a_ACRONYM,2000,sfti_ad4b45837a740cd22a29037c
T1a_ACRONYM,2000,sfti_98e185cb1adb7cfe5bac9c12
T1a_ACRONYM,2000,sfti_678ecfb0d0cf78e42ac82a5d
T1a_ACRONYM,2000,sfti_7efb724db8236f7a850ca133
T1a_ACRONYM,2000,sfti_d88abe4759801b92e9773460
T1a_ACRONYM,2000,sfti_0f5b450a7fd2f879c3ee1ba0
T1a_ACRONYM,2000,sfti_7fb6d8439464e18713d728fa
T1a_ACRONYM,2000,sfti_34429925c91484149ab8e875
T1a_ACRONYM,2000,sfti_25cdb08b220d5c03b58e6b63
T1a_ACRONYM,2000,sfti_9b8b127c52a10b8dc5fac978
T1a_ACRONYM,2000,sfti_6c1b3ee736a29409f5bf1d39
T1a_ACRONYM,2000,sfti_c2b0e08c09bd0f3b82d11027
T1a_ACRONYM,2000,sfti_c974320756fef3423dc8d0c1
T1a_ACRONYM,2000,sfti_ee5d2159efd67b343171891c
T1a_ACRONYM,2000,sfti_61aee492815d7e07b86e38e3
T1a_ACRONYM,2000,sfti_4d89f635f5925476f2152b32
T1a_ACRONYM,2000,sfti_4a73e3270924707b0a5cbbae
T1a_ACRONYM,2000,sfti_b2343fa82e14c7616c733182
T1a_ACRONYM,2000,sfti_8894199f33499a03348155d2
T1a_ACRONYM,2000,sfti_f45bd288efbeabd182f0a409
T1a_ACRONYM,2000,sfti_daac0cd117f8c808b3b51790
T1a_ACRONYM,2000,sfti_995f866face76ac7cd5c7650
T1a_ACRONYM,2000,sfti_acff03cdc49a483dd0878b73
T1a_ACRONYM,2000,sfti_387fcab28833778ff19b6dce
T1a_ACRONYM,2000,sfti_61a73bd0994cf15f78669045
T1a_ACRONYM,2000,sfti_8e74552441555f2d6a03715c
T1a_ACRONYM,2000,sfti_ec84908bfd746333a8c8d129
T1a_ACRONYM,2000,sfti_63fa09a71510e0524a46a9ed
T1a_ACRONYM,2000,sfti_fce5dbb3f74c9dff5e059175
T1a_ACRONYM,2000,sfti_bd61d7cc2f19972071aee151
T1a_ACRONYM,2000,sfti_af9f31d3e6b38425e78f62ab
T1a_ACRONYM,2000,sfti_b5d6007c5e1c6f7c55e496fb
T1a_ACRONYM,2000,sfti_5ec99797c6b943ff77c7ab52
T1a_ACRONYM,2000,sfti_888792f41a327dd179d0e392
T1a_ACRONYM,2000,sfti_ecbd26daa768bb44ffa3275a
T1a_ACRONYM,2000,sfti_e00cb6a60bbcec7ae9d8acbb
T1a_ACRONYM,2000,sfti_e96155d4070e1e14f2664391
T1a_ACRONYM,2000,sfti_2765e5e5022d759d1be25a2c
T1a_ACRONYM,2000,sfti_932b08be2e5dde436c49075b
T1a_ACRONYM,2000,sfti_c165abe16dc37e6c8b381975
T1a_ACRONYM,2000,sfti_c2f24f2c22794b80ea80419d
T1a_ACRONYM,2000,sfti_ae25e013c5d85b4567866018
T1a_ACRONYM,2000,sfti_9c30c283f8c465c9200bde7e
T1a_ACRONYM,2000,sfti_2bf07199b525de904bd34f73
T1a_ACRONYM,2000,sfti_589acf0956f5c47e973f7803
T1a_ACRONYM,2000,sfti_9d9c3c3cdad050eb23f4718e
T1a_ACRONYM,2000,sfti_0f00d8c3d7546381a674eb80
T1a_ACRONYM,2000,sfti_b4fbcfd585b49f1578e5ad94
T1a_ACRONYM,2000,sfti_289a9840ffb77589cabfff5b
T1a_ACRONYM,2000,sfti_3ebf84c44c8b59b8cd107f07
T1a_ACRONYM,2000,sfti_0f78555214f660b22c8c3929
T1a_ACRONYM,2000,sfti_fa4bacaef9222c812ff6c307
T1a_ACRONYM,2000,sfti_cf95f5ab45e276b2d243f9ae
T1a_ACRONYM,2000,sfti_a288bd5ac1190486caf16d96
T1a_ACRONYM,2000,sfti_8551ce0bd5f19cb22d91ed45
T1a_ACRONYM,2000,sfti_c6bb7a9e7c9c633b39f8a773
T1a_ACRONYM,2000,sfti_d20843563a1d9707ecf45b60
T1a_ACRONYM,2000,sfti_74f9d6a40a47c5ddfd2c9562
T1a_ACRONYM,2000,sfti_a5402f8e2b34949466af1089
T1a_ACRONYM,2000,sfti_df41a545e0969c1ba2bd7507
T1a_ACRONYM,2000,sfti_b492cc7f82b262e44922b11e
T1a_ACRONYM,2000,sfti_a25521778d2e7960523f2eda
T1a_ACRONYM,2000,sfti_42221228affb7b5b8625e560
T1a_ACRONYM,2000,sfti_7177f079bf95226854541e2a
T1a_ACRONYM,2000,sfti_0ecc68746785a249ea7f2c53
T1a_ACRONYM,2000,sfti_3a4a2443f7164b2fa3e5e3a5
T1a_ACRONYM,2000,sfti_67baf2b12763b13cb9e842b3
T1a_ACRONYM,2000,sfti_1213ae1ccf796df9c547b3bf
T1a_ACRONYM,2000,sfti_60745e5f4e6efc460c008430
T1a_ACRONYM,2000,sfti_3cac689bb9e6088e7f202332
T1a_ACRONYM,2000,sfti_319391089e893a922b0b023d
T1a_ACRONYM,2000,sfti_1532607ec5ed1fedba31424e
T1a_ACRONYM,2000,sfti_4eb24c79c2f7e89f6a123d8e
T1a_ACRONYM,2000,sfti_11b5e55a51a3e2dfcb6ae8b2
T1a_ACRONYM,2000,sfti_b1b43a090b4e7e5a9cabf72b
T1a_ACRONYM,2000,sfti_639e4e88117a54bc9244d7d6
T1a_ACRONYM,2000,sfti_5416bc8594e4d5f2ce1e07fe
T1a_ACRONYM,2000,sfti_aa4201a0671d6f4ad4fdec0f
T1a_ACRONYM,2000,sfti_7c18ba94c57ebfbe984c10e8
T1a_ACRONYM,2000,sfti_409ec21168174c4ed5a5a9c2
T1a_ACRONYM,2000,sfti_553d38e847ed6a9f1670a815
T1a_ACRONYM,2000,sfti_a73ae897b492e7f56d74937c
T1a_ACRONYM,2000,sfti_4a154f4f31f849c7bfe54a73
T1a_ACRONYM,2000,sfti_18f1686c91720a1783391d10
T1a_ACRONYM,2000,sfti_996e16a869a2665cef7cb48b
T1a_ACRONYM,2000,sfti_b3603b03cf21d512bc58038a
T1a_ACRONYM,2000,sfti_3a108d4cf08c75e88ebd66ee
T1a_ACRONYM,2000,sfti_2443bda99b1732677f5bdb44
T1a_ACRONYM,2000,sfti_2dde52e0bb070ee5a9bde028
T1a_ACRONYM,2000,sfti_20e997cc9906a8cd3504a056
T1a_ACRONYM,2000,sfti_c33de2bd88775b49145e8f35
T1a_ACRONYM,2000,sfti_03f2c8e9d088c2842bc558be
T1a_ACRONYM,2000,sfti_6446f9fe6a752ca89582b9ac
T1a_ACRONYM,2000,sfti_3395caea204712c327afb184
T1a_ACRONYM,2000,sfti_a44fa3070f6e796ffc558e2f
T1a_ACRONYM,2000,sfti_109335fc79f5a0541fea3dff
T1a_ACRONYM,2000,sfti_37eaf8c2b6270ff32949dd41
T1a_ACRONYM,2000,sfti_fd82ca38d58560062f76c1a5
T1a_ACRONYM,2000,sfti_77455c8db499e9080b3ea3d3
T1a_ACRONYM,2000,sfti_7340905b250c73241bff9513
T1a_ACRONYM,2000,sfti_00ead8497f5b453faf45aa7f
T1a_ACRONYM,2000,sfti_82b0198cef69f5156ff72a8e
T1a_ACRONYM,2000,sfti_ad4e9fb18e540c4b2fa18610
T1a_ACRONYM,2000,sfti_81dcb205fea6b348500db8b3
T1a_ACRONYM,2000,sfti_48694ef85c2355ced5e6b709
T1a_ACRONYM,2000,sfti_90cd1d109a6ba767becee562
T1a_ACRONYM,2000,sfti_1f26d305438e2f2f4f65be0f
T1a_ACRONYM,2000,sfti_c85f4ec082bfeaf2297d636b
T1a_ACRONYM,2000,sfti_ede81b97217bea824836c5ca
T1a_ACRONYM,2000,sfti_06a535c0d0aef1a8f0564f8c
T1a_ACRONYM,2000,sfti_5d3033bf20b880738de02c42
T1a_ACRONYM,2000,sfti_1e151c948ef54cad5e92945b
T1a_ACRONYM,2000,sfti_2b64c8494c8402b321f95f5d
T1a_ACRONYM,2000,sfti_253cfa62dfd40a5406bc7132
T1a_ACRONYM,2000,sfti_47030917b9f28ff822d20d61
T1a_ACRONYM,2000,sfti_026ab1e88ca90e67f60413e2
T1a_ACRONYM,2000,sfti_9e4fafd68b5f665b628972a4
T1a_ACRONYM,2000,sfti_da429f1ce93fc65bd02653f4
T1a_ACRONYM,2000,sfti_8a758020cb0f05e5cc22487c
T1a_ACRONYM,2000,sfti_9ddce8a4bdafc4be7fd2c5b8
T1a_ACRONYM,2000,sfti_5a978bcd8624d40a1ad0fde4
T1a_ACRONYM,2000,sfti_2d1f7a678128e7795282c31a
T1a_ACRONYM,2000,sfti_35959f1f5052b6b41fd27922
T1a_ACRONYM,2000,sfti_0a3b4d4fcfab878c412ef0a9
T1a_ACRONYM,2000,sfti_3f7e5d6b44149d5c3ae3beaa
T1a_ACRONYM,2000,sfti_af97ac6c34bb8fe1bcdbe308
T1a_ACRONYM,2000,sfti_bf126c7f9699af200c7185a3
T1a_ACRONYM,2000,sfti_07539ac5509f689c03edb1f9
T1a_ACRONYM,2000,sfti_5692b1f661cae97f2a2007c7
T1a_ACRONYM,2000,sfti_0f7c2282dabaf4456f2dac99
T1a_ACRONYM,2000,sfti_1a64918a3fb9ac1496c36e7f
T1a_ACRONYM,2000,sfti_c7e2a8db6eddd0483eff1c27
T1a_ACRONYM,2000,sfti_19e193c4dac6b7d16804f742
T1a_ACRONYM,2000,sfti_1abf9e14b054d1b4a4b7d091
T1a_ACRONYM,2000,sfti_85dbe67efb4b7658d56f1c46
T1a_ACRONYM,2000,sfti_a2b249f657c4b0d52c15ffb8
T1a_ACRONYM,2000,sfti_23f75d840f344629c1a15b21
T1a_ACRONYM,2000,sfti_b00d12ab1811c48b4f4ae413
T1a_ACRONYM,2000,sfti_a7d6bf6b42acb8aad15406c9
T1a_ACRONYM,2000,sfti_7f30e94b62738e86692ccf3d
T1a_ACRONYM,2000,sfti_0a166ec433f39f959ec32048
T1a_ACRONYM,2000,sfti_c676317104f1e6a175da2966
T1a_ACRONYM,2000,sfti_dbd262c578c54b3937d95f56
T1a_ACRONYM,2000,sfti_2bbd3c1f7564124f88e59ea3
T1a_ACRONYM,2000,sfti_4e7539f9f6baea38eca9010c
T1a_ACRONYM,2000,sfti_97ae611193ecd386ba23bb96
T1a_ACRONYM,2000,sfti_742b4afcba5782b5f221fee2
T1a_ACRONYM,2000,sfti_a4ca3e5b2158eb7d0b8b4ae3
T1a_ACRONYM,2000,sfti_0460da52b9de377c2891ee50
T1a_ACRONYM,2000,sfti_c101821cc990da06e57a586e
T1a_ACRONYM,2000,sfti_a1fcd703258b91b737206d8f
T1a_ACRONYM,2000,sfti_30d7bc8467957fd1f339c7eb
T1a_ACRONYM,2000,sfti_9e49ea0faac844fe14b1ce73
T1a_ACRONYM,2000,sfti_228ff395b7cf8c427894629d
T1a_ACRONYM,2000,sfti_1f6264567d591973e5a299c7
T1a_ACRONYM,2000,sfti_45d4195823cccccc7b80fb1f
T1a_ACRONYM,2000,sfti_b7aaed89c3f7e0b3ae38b32b
T1a_ACRONYM,2000,sfti_a3df87e7fe926d4df94055cd
T1a_ACRONYM,2000,sfti_c223d17a6f1dbdd6c3313410
T1a_ACRONYM,2000,sfti_28eca076a9277d63ffce9eec
T1a_ACRONYM,2000,sfti_455707bcd368a40456465961
T1a_ACRONYM,2000,sfti_12bd82870d1cc7ab0334c995
T1a_ACRONYM,2000,sfti_6222af45d0f8ccf81926cac9
T1a_ACRONYM,2000,sfti_97bcec5cfa1adf1385539a64
T1a_ACRONYM,2000,sfti_b9306b4b8388d7b3e0900f7e
T1a_ACRONYM,2000,sfti_6732df213bdaa7440e3dc824
T1a_ACRONYM,2000,sfti_1f59073832f8f3780f8f1144
T1a_ACRONYM,2000,sfti_26fd4222f1f2dad40982bed1
T1a_ACRONYM,2000,sfti_c3ff4f9dc49a5002f9164270
T1a_ACRONYM,2000,sfti_622f6639ef71cb90010067b4
T1a_ACRONYM,2000,sfti_dc45b1eab46aaad53043e48b
T1a_ACRONYM,2000,sfti_d5d0bc803d80365c55ba3540
T1a_ACRONYM,2000,sfti_ac7f2a42762ed0d16b09548d
T1a_ACRONYM,2000,sfti_34dd4f4b7303799b2c3e573d
T1a_ACRONYM,2000,sfti_e9391a3d183958031b6eb0a2
T1a_ACRONYM,2000,sfti_0dd8c624325accfc48f6f3e0
T1a_ACRONYM,2000,sfti_c9a3e4ca3a729f1f460a8ddb
T1a_ACRONYM,2000,sfti_e10f55c223b035b103eaffc0
T1a_ACRONYM,2000,sfti_099da31636839bdb18ac08c8
T1a_ACRONYM,2000,sfti_bf06c2b38601d1d72347197e
T1a_ACRONYM,2000,sfti_efd9e010692ead80475104e9
T1a_ACRONYM,2000,sfti_bb777a6fbe592887d2136c12
T1a_ACRONYM,2000,sfti_26a0e4f6e8efe7d564023d75
T1a_ACRONYM,2000,sfti_7854b9deed48d642a484d3b2
T1a_ACRONYM,2000,sfti_86de578791b4a2559ce38144
T1a_ACRONYM,2000,sfti_739977087e3a26ee7d658b71
T1a_ACRONYM,2000,sfti_029feda7470ec0c3c59c40ce
T1a_ACRONYM,2000,sfti_fc3816419ed076b7c128cbfa
T1a_ACRONYM,2000,sfti_7afe8e9bce5d176ca786e010
T1a_ACRONYM,2000,sfti_cf442de5b804a3a5b7aa315e
T1a_ACRONYM,2000,sfti_6e2bf589b35ee58c534825d4
T1a_ACRONYM,2000,sfti_9adac1fcfbb6a27acc295280
T1a_ACRONYM,2000,sfti_70ccd978b5ed13dccb151c27
T1a_ACRONYM,2000,sfti_947b246be0cdc0dff19b3149
T1a_ACRONYM,2000,sfti_e40ed29d64ffb001db452bb6
T1a_ACRONYM,2000,sfti_80c24573b7bb6711b0515977
T1a_ACRONYM,2000,sfti_8e91dbb5d75594d8002c9efe
T1a_ACRONYM,2000,sfti_885e9e40cd9f773ab4039e44
T1a_ACRONYM,2000,sfti_bd7503bded2a056ced556684
T1a_ACRONYM,2000,sfti_3495edf8e84f6d1e72c38948
T1a_ACRONYM,2000,sfti_956322f9818f8ce9d7839850
T1a_ACRONYM,2000,sfti_81b69057e4a0ef6e922611e1
T1a_ACRONYM,2000,sfti_7778b85fc2875a95d866e83d
T1a_ACRONYM,2000,sfti_464d8866ba9677a5e749afdd
T1a_ACRONYM,2000,sfti_a00496136b477d4db15097c3
T1a_ACRONYM,2000,sfti_7d0449062e71867440890178
T1a_ACRONYM,2000,sfti_46b9dba7853a7f3775a86111
T1a_ACRONYM,2000,sfti_5c5703ea74137b1c9e448e19
T1a_ACRONYM,2000,sfti_ceec632a338b63f9494f0879
T1a_ACRONYM,2000,sfti_53382fcb6c3a5e137df2cb36
T1a_ACRONYM,2000,sfti_3a018b262860417c717ec42a
T1a_ACRONYM,2000,sfti_6d9eb74826e271d6e73c23da
T1a_ACRONYM,2000,sfti_3c94493c36effa49dce35201
T1a_ACRONYM,2000,sfti_c397e66dc67881f995269e5f
T1a_ACRONYM,2000,sfti_364be550a62e858105306c34
T1a_ACRONYM,2000,sfti_e126ef428e376515a36aab11
T1a_ACRONYM,2000,sfti_5ab5b5736811146eb38b5878
T1a_ACRONYM,2000,sfti_854e9016960b6d78316d8a4f
T1a_ACRONYM,2000,sfti_0d2dfde63e6d777b7afc511e
T1a_ACRONYM,2000,sfti_813130e5cf2d998af6f9053a
T1a_ACRONYM,2000,sfti_7204450ffdba814db31012cb
T1a_ACRONYM,2000,sfti_07af70c1ac73e1f32d3a6b51
T1a_ACRONYM,2000,sfti_08c022c7de410087517d58bb
T1a_ACRONYM,2000,sfti_37efbe9b464efff4145571d8
T1a_ACRONYM,2000,sfti_aa6701092177d6c02b5a3735
T1a_ACRONYM,2000,sfti_0f949b3593052a5f74c1bb3d
T1a_ACRONYM,2000,sfti_deb7402dc1a024f46650fdea
T1a_ACRONYM,2000,sfti_b0e95302b4ec005c128ae58c
T1a_ACRONYM,2000,sfti_61d37f6da738bdac38b8b0e3
T1a_ACRONYM,2000,sfti_27ef422d387264efc569147a
T1a_ACRONYM,2000,sfti_7f89e89f6a47e6dc13901fff
T1a_ACRONYM,2000,sfti_f6d00b145ef3a14feb3242da
T1a_ACRONYM,2000,sfti_0e213337f9e8ad1b5259ef26
T1a_ACRONYM,2000,sfti_2f279de3ede7d21a55376f4e
T1a_ACRONYM,2000,sfti_a6b854baa42681837c9a7780
T1a_ACRONYM,2000,sfti_70f8feb944d0ae66bc182e36
T1a_ACRONYM,2000,sfti_1dea7643fb79b36e6089e29d
T1a_ACRONYM,2000,sfti_70651752cadd06cbbba8bb0f
T1a_ACRONYM,2000,sfti_91d664cef988325b79e0d346
T1a_ACRONYM,2000,sfti_390ffa4e2e81d9068e039ae7
T1a_ACRONYM,2000,sfti_305df6dd10778a269e8d9f5a
T1a_ACRONYM,2000,sfti_98cbe7a8aac799cb02ba86be
T1a_ACRONYM,2000,sfti_0e65c19c8f0887a815f291b9
T1a_ACRONYM,2000,sfti_de7e9e27e08da843aa661c10
T1a_ACRONYM,2000,sfti_7ae561b1c72de0cc21c80104
T1a_ACRONYM,2000,sfti_d505bbe9f7607ad1a9e249d1
T1a_ACRONYM,2000,sfti_e985242517d14e987db44940
T1a_ACRONYM,2000,sfti_8708d1a6d3c2eea4d45e88d8
T1a_ACRONYM,2000,sfti_924dc5d2df52260c8eaa3de0
T1a_ACRONYM,2000,sfti_fe41a8590dcd4348f61d2766
T1a_ACRONYM,2000,sfti_2c176e857f6a30061fdf01ca
T1a_ACRONYM,2000,sfti_219b3921ac2d0eac7164a668
T1a_ACRONYM,2000,sfti_2b739b1ae8423b27e57bb894
T1a_ACRONYM,2000,sfti_a9c62a6a923010c13cfcc0f9
T1a_ACRONYM,2000,sfti_048e3691c17b0e60b87dab24
T1a_ACRONYM,2000,sfti_80f290d9ef3e667fac220edb
T1a_ACRONYM,2000,sfti_34c4487b4e47fb3a0c97ae50
T1a_ACRONYM,2000,sfti_0ea1cdc6ff3ffdcac66c8ff5
T1a_ACRONYM,2000,sfti_e72b0fe42ceea57ef9c2336c
T1a_ACRONYM,2000,sfti_78c012ae1276edbac4e8ef70
T1a_ACRONYM,2000,sfti_7d8a69629e1c0dbb03b63382
T1a_ACRONYM,2000,sfti_58325b9d073236b8e74fb1b0
T1a_ACRONYM,2000,sfti_0c3067f9520b0d4f490a8298
T1a_ACRONYM,2000,sfti_8b3d49124ed61d0403267f90
T1a_ACRONYM,2000,sfti_f29d1a78d6920afbde6491ca
T1a_ACRONYM,2000,sfti_0b4d890fca151588a0950893
T1a_ACRONYM,2000,sfti_0bc042c39a3403f7002e3b2b
T1a_ACRONYM,2000,sfti_90e10a569e6fafb15d70a00c
T1a_ACRONYM,2000,sfti_8fa7520325563755d281f998
T1a_ACRONYM,2000,sfti_436cadfe8700f9488b4cb15e
T1a_ACRONYM,2000,sfti_b21a88c360e21c498114bce4
T1a_ACRONYM,2000,sfti_356f218ac953e41912dfd079
T1a_ACRONYM,2000,sfti_93aba4088bea574dc565b35b
T1a_ACRONYM,2000,sfti_77bc0175252781619d01a9d6
T1a_ACRONYM,2000,sfti_d5f417b2f30a1f09b18f3a38
T1a_ACRONYM,2000,sfti_c470c330829b88f4346a34bd
T1a_ACRONYM,2000,sfti_1b5562e552fa47186c66cdc0
T1a_ACRONYM,2000,sfti_93bf310d49ce98a645c4d6ca
T1a_ACRONYM,2000,sfti_d57b3e83e3f15066db991f21
T1a_ACRONYM,2000,sfti_84842eea9d886f42943338c5
T1a_ACRONYM,2000,sfti_4c8fb4add7097792774a7e11
T1a_ACRONYM,2000,sfti_d18108b51550a4b3b43d07a4
T1a_ACRONYM,2000,sfti_bdfc4fa701fa7f75fc6a1a3c
T1a_ACRONYM,2000,sfti_808cb49d36ab29fb2589d9ad
T1a_ACRONYM,2000,sfti_79158dc08d87ddf14646c5a6
T1a_ACRONYM,2000,sfti_b6fe81ef1a62cd6919cd9b38
T1a_ACRONYM,2000,sfti_0a48a966fa55ac2e55c75c25
T1a_ACRONYM,2000,sfti_b063f1c68b1bfe2a13998b94
T1a_ACRONYM,2000,sfti_15c94570a99ae9821f8b6e93
T1a_ACRONYM,2000,sfti_ddd6d694d3b0e446f89b36e5
T1a_ACRONYM,2000,sfti_d9f167627b92f55c34d227a5
T1a_ACRONYM,2000,sfti_3aa73ddd5a999cbd874193b7
T1a_ACRONYM,2000,sfti_99b76794af89a69482705369
T1a_ACRONYM,2000,sfti_bb63ec4ff7f33eb4a40c3b85
T1a_ACRONYM,2000,sfti_a69b47dd27030e7cf4fa15ea
T1a_ACRONYM,2000,sfti_fd870ab0ad8febe089b288f7
T1a_ACRONYM,2000,sfti_37e68a4307f789a89a8f39b2
T1a_ACRONYM,2000,sfti_acb15902671de1eb6e53a225
T1a_ACRONYM,2000,sfti_b2d6ae9aef3809623a860aae
T1a_ACRONYM,2000,sfti_3c202e6042b66b4069a01b5f
T1a_ACRONYM,2000,sfti_5197e0f03ce7aa8c61128662
T1a_ACRONYM,2000,sfti_c039fa44f1d71eb55d5cf2fa
T1a_ACRONYM,2000,sfti_c05c6dd7c511ee8a158af400
T1a_ACRONYM,2000,sfti_72f4478d1e19eaabf565b534
T1a_ACRONYM,2000,sfti_5aba7fdb02d39272136a89db
T1a_ACRONYM,2000,sfti_ba4942b0715d8c31795093f0
T1a_ACRONYM,2000,sfti_afecd2cee1541b3e12774ba6
T1a_ACRONYM,2000,sfti_e7277ab90b157b813398e8e0
T1a_ACRONYM,2000,sfti_f66b3c30d8a895f284c11276
T1a_ACRONYM,2000,sfti_c6afc60ae9b7f0ca2f9c0377
T1a_ACRONYM,2000,sfti_9e537484f0a0fbc9acf585c3
T1a_ACRONYM,2000,sfti_95f6b4a0a109b27795c2cf77
T1a_ACRONYM,2000,sfti_34cec465e21d0e93c1228dae
T1a_ACRONYM,2000,sfti_8149ea79e1663357d94a05db
T1a_ACRONYM,2000,sfti_19813eb30c8ddc86775690f1
T1a_ACRONYM,2000,sfti_2f020f8f136592565d888a9b
T1a_ACRONYM,2000,sfti_83594adb8e61d30773d259a6
T1a_ACRONYM,2000,sfti_dababf5949943317742d004c
T1a_ACRONYM,2000,sfti_367c7a83709e5a61993b1f83
T1a_ACRONYM,2000,sfti_a722ca821bbb4b2e86567248
T1a_ACRONYM,2000,sfti_a1a6c5692faec0d4ccd8f86b
T1a_ACRONYM,2000,sfti_234c31fd1a098bfac0d0aa74
T1a_ACRONYM,2000,sfti_f726d3d613685c52522e47c4
T1a_ACRONYM,2000,sfti_781334e14246bf242bc528bf
T1a_ACRONYM,2000,sfti_56f526810c4e79ecef392888
T1a_ACRONYM,2000,sfti_0313687ea416153730e28dcb
T1a_ACRONYM,2000,sfti_f9c9a8f8c18186d5bcf256ee
T1a_ACRONYM,2000,sfti_0c3d26140fae716f56113766
T1a_ACRONYM,2000,sfti_6171fc973d3b1bc0be30faae
T1a_ACRONYM,2000,sfti_8e586710aefd0b5dc300cf93
T1a_ACRONYM,2000,sfti_ade473a084795b4fe1f8a247
T1a_ACRONYM,2000,sfti_70d2b775267760da3782788b
T1a_ACRONYM,2000,sfti_b9e7e4fb1657806e58a0eff8
T1a_ACRONYM,2000,sfti_c5e2e10d0879d8d9296961e3
T1a_ACRONYM,2000,sfti_8852d3200a382c64eb3e794b
T1a_ACRONYM,2000,sfti_9655af07e1ea68f55d2eb6d5
T1a_ACRONYM,2000,sfti_58c08569d64a69b43ea1e50d
T1a_ACRONYM,2000,sfti_51a3740218bf3fb01a5d5ddc
T1a_ACRONYM,2000,sfti_019861b2a7674d024079319c
T1a_ACRONYM,2000,sfti_0311e83385c24ad24d15ee8a
T1a_ACRONYM,2000,sfti_64910b4a3ee70e77adc648fb
T1a_ACRONYM,2000,sfti_2a0c1786aa242e160bc30238
T1a_ACRONYM,2000,sfti_03de2651204e065a4fc9081c
T1a_ACRONYM,2000,sfti_b4d63b076f260517f86b9ee9
T1a_ACRONYM,2000,sfti_30c18d667fde7baff1a1172c
T1a_ACRONYM,2000,sfti_b28b6525cc944144a68d88e9
T1a_ACRONYM,2000,sfti_3d56c6ce523c7b65461f3935
T1a_ACRONYM,2000,sfti_3af05cdca6d7dac81c1a77e4
T1a_ACRONYM,2000,sfti_32ed520207002e62c0bb575e
T1a_ACRONYM,2000,sfti_849c77b1b99f4b67e1026fa9
T1a_ACRONYM,2000,sfti_9508c1cc8a1ee91403ff0176
T1a_ACRONYM,2000,sfti_e31522b6f7aae71d42a4c12d
T1a_ACRONYM,2000,sfti_b38d356e2298a38b82b7f5ec
T1a_ACRONYM,2000,sfti_4e6b6ae4c6ba129ba1377495
T1a_ACRONYM,2000,sfti_491443dac124b15f665becb7
T1a_ACRONYM,2000,sfti_fcf2489bae935f5f6e15a531
T1a_ACRONYM,2000,sfti_78f8448f940cb6421510af36
T1a_ACRONYM,2000,sfti_c4d110e267c47372919ee049
T1a_ACRONYM,2000,sfti_0298b21cbcd2144226a53307
T1a_ACRONYM,2000,sfti_dcb6b1339e953d8c5a8ddec2
T1a_ACRONYM,2000,sfti_df63f283cd788dd5357ecc1a
T1a_ACRONYM,2000,sfti_fda0604091539c362e2c7bf9
T1a_ACRONYM,2000,sfti_2df590071dc4f55cc11de0fe
T1a_ACRONYM,2000,sfti_dfbe5b4cb4ea1b74af6fc418
T1a_ACRONYM,2000,sfti_155503ac5bbe22999de4c67e
T1a_ACRONYM,2000,sfti_e95aa91777287873be6d31fc
T1a_ACRONYM,2000,sfti_d2b56a41d76ac549ef92e1c1
T1a_ACRONYM,2000,sfti_36ab4d1b6cbc652436752ede
T1a_ACRONYM,2000,sfti_814bba07131c7f217828c3e2
T1a_ACRONYM,2000,sfti_408df2f25f4a98cc1f596214
T1a_ACRONYM,2000,sfti_e6ac3c4f6938d5cff9170ece
T1a_ACRONYM,2000,sfti_00fcf8393bcd9b3f17dfa2b2
T1a_ACRONYM,2000,sfti_a0274fbb1e47e7d678760987
T1a_ACRONYM,2000,sfti_cb1a9d137793f681bfbf72f8
T1a_ACRONYM,2000,sfti_6fbf0488b7dcd1a7e6f63fd3
T1a_ACRONYM,2000,sfti_10ad5940588cf85cc01e377a
T1a_ACRONYM,2000,sfti_7911a9e373bceaf16b021505
T1a_ACRONYM,2000,sfti_b1d57ece878c850e47ecdcd3
T1a_ACRONYM,2000,sfti_ca62976a73fde29d8085fad1
T1a_ACRONYM,2000,sfti_ee002966244492abb52ce30b
T1a_ACRONYM,2000,sfti_e634948b2f7e36cd83327455
T1a_ACRONYM,2000,sfti_9a3e7ec66739d2408a4834c4
T1a_ACRONYM,2000,sfti_b1703dd1fe1ab1c84a6f1771
T1a_ACRONYM,2000,sfti_6dd00e81b4a63f9193679ce4
T1a_ACRONYM,2000,sfti_1350fad0c6d4d73142d39a47
T1a_ACRONYM,2000,sfti_79a821d0e84c48e453ee19cc
T1a_ACRONYM,2000,sfti_9ce4fbfcfbc80e53cba43654
T1a_ACRONYM,2000,sfti_4b0c4648287ea8f2c3fa8543
T1a_ACRONYM,2000,sfti_86af3887d66e38756e9dd294
T1a_ACRONYM,2000,sfti_90ea9c947ec3792f2eabf828
T1a_ACRONYM,2000,sfti_a25e456ba92b4153b48a3a98
T1a_ACRONYM,2000,sfti_ad12590a5acb6c62a9fa9b88
T1a_ACRONYM,2000,sfti_308fdc582236c582aa092c30
T1a_ACRONYM,2000,sfti_487d533866d8e808f24945c1
T1a_ACRONYM,2000,sfti_19c521e1200c86db9f118be7
T1a_ACRONYM,2000,sfti_bd647f7001b204fb9e165fe9
T1a_ACRONYM,2000,sfti_3796f4238dc7ac683e23106c
T1a_ACRONYM,2000,sfti_15a243c7828be70ea2ba7ac7
T1a_ACRONYM,2000,sfti_c926d7a1375c062f0c5e061a
T1a_ACRONYM,2000,sfti_c3495f601bd3cb9fa7d76fe5
T1a_ACRONYM,2000,sfti_7f63854bb865103c586ffead
T1a_ACRONYM,2000,sfti_f316c014bc40020d74184d43
T1a_ACRONYM,2000,sfti_7154158543320dceab2f5705
T1a_ACRONYM,2000,sfti_138fa6ffcf225e7cc36a97ee
T1a_ACRONYM,2000,sfti_78ce953c5d201130500651a3
T1a_ACRONYM,2000,sfti_dfa3b8d8cc9871dd3889c376
T1a_ACRONYM,2000,sfti_42f189d35d396cb8d6483fd5
T1a_ACRONYM,2000,sfti_19d651e00573378dbb11ff8a
T1a_ACRONYM,2000,sfti_c64e0e54306726b428a501b4
T1a_ACRONYM,2000,sfti_70b7815e3db66d39127c8941
T1a_ACRONYM,2000,sfti_857bc727b23c5dc94604f6c9
T1a_ACRONYM,2000,sfti_f7986d4f5cb356f8799d28f2
T1a_ACRONYM,2000,sfti_1f0117d3de25ddc4b59e750d
T1a_ACRONYM,2000,sfti_3945ba140f6f2071ea61ea16
T1a_ACRONYM,2000,sfti_6f36502bed3fba886b3d3bd6
T1a_ACRONYM,2000,sfti_ffb8d3b50f49515fe2ecc53a
T1a_ACRONYM,2000,sfti_9d3fc3f13d3538948c293429
T1a_ACRONYM,2000,sfti_e1bd281792172bce949eb1ae
T1a_ACRONYM,2000,sfti_42a6d2beb4b2df857ead88b2
T1a_ACRONYM,2000,sfti_3cc1968ce1a0a19a36ab7e88
T1a_ACRONYM,2000,sfti_131753eb72520632d4c05699
T1a_ACRONYM,2000,sfti_2a49f5c2a7f3f0f79612e969
T1a_ACRONYM,2000,sfti_fafe2e912c7ba5bef60a52f4
T1a_ACRONYM,2000,sfti_6fff3998de4d4cf2d7a9bf37
T1a_ACRONYM,2000,sfti_aa8333b18d374dbf9dc6f5a9
T1a_ACRONYM,2000,sfti_f4fcef319bcb6545909ba3aa
T1a_ACRONYM,2000,sfti_8766c0b3a6c20470db3b54df
T1a_ACRONYM,2000,sfti_76e3f332243d0310e2935f76
T1a_ACRONYM,2000,sfti_1698284ed66496181f25b508
T1a_ACRONYM,2000,sfti_e63c80f16f4ab3e52001e123
T1a_ACRONYM,2000,sfti_63919eb59664b6b958e0e1ad
T1a_ACRONYM,2000,sfti_b392d7072681239d3a7b442b
T1a_ACRONYM,2000,sfti_c262661fabbbf98cdbff819f
T1a_ACRONYM,2000,sfti_e8890ecb405a931977819b5a
T1a_ACRONYM,2000,sfti_06d2f60df2b641869497396e
T1a_ACRONYM,2000,sfti_f24736345f1b51c94af8c5f6
T1a_ACRONYM,2000,sfti_167804ae1200435a7ed2872c
T1a_ACRONYM,2000,sfti_007804f53ec58ea3c8db0abc
T1a_ACRONYM,2000,sfti_1be561f7feab80bc72785f69
T1a_ACRONYM,2000,sfti_35574f46c31cd77a92ffaef7
T1a_ACRONYM,2000,sfti_9758bee57958a65694fde563
T1a_ACRONYM,2000,sfti_e611abe54b1941f78ee9d9b3
T1a_ACRONYM,2000,sfti_2624afe301b66237394a0788
T1a_ACRONYM,2000,sfti_b8c554d804efbb728aa50986
T1a_ACRONYM,2000,sfti_9faae195910b78f47765fa5f
T1a_ACRONYM,2000,sfti_3b608b146fee2d3a20a08fde
T1a_ACRONYM,2000,sfti_71114d6703aa4d17ba9af190
T1a_ACRONYM,2000,sfti_4c97c3c809253eb34ab405e5
T1a_ACRONYM,2000,sfti_5f0a7bd78c1e3017376919fa
T1a_ACRONYM,2000,sfti_64d63a4b576f8dfda34ecdac
T1a_ACRONYM,2000,sfti_d33950086425e724d24dff4b
T1a_ACRONYM,2000,sfti_a917df48cc53ac06e588492d
T1a_ACRONYM,2000,sfti_4fc7617e5eda65cf4b2c2552
T1a_ACRONYM,2000,sfti_45ed18c4a12c1a6050e3eb50
T1a_ACRONYM,2000,sfti_c27726549a1c270e52056571
T1a_ACRONYM,2000,sfti_1b1c2218e6a4ad50a3cb9a2d
T1a_ACRONYM,2000,sfti_356dc1d727ecc25a4251e969
T1a_ACRONYM,2000,sfti_554e1cbc43d0aedc14d7813d
T1a_ACRONYM,2000,sfti_c09e730af5c65f4836d9fe50
T1a_ACRONYM,2000,sfti_3e0ce3fef3cf6007c9246278
T1a_ACRONYM,2000,sfti_f4eda19fad981bc2996e0dec
T1a_ACRONYM,2000,sfti_84bb89ea63177631d0a5946f
T1a_ACRONYM,2000,sfti_5897bb47f2d9374802e987e5
T1a_ACRONYM,2000,sfti_14bf920d278f1a4b7176d663
T1a_ACRONYM,2000,sfti_27eb93ff759ff6e472201b1f
T1a_ACRONYM,2000,sfti_5943798b3df5a3478a0b9581
T1a_ACRONYM,2000,sfti_0235b3bbecd5534b7815ebdb
T1a_ACRONYM,2000,sfti_f79456f3112789f40aab0ba3
T1a_ACRONYM,2000,sfti_da25444491bc4dba484e1ef8
T1a_ACRONYM,2000,sfti_659c8a34228bf858f2e9c8cc
T1a_ACRONYM,2000,sfti_b292a6166533e99fe5cd9172
T1a_ACRONYM,2000,sfti_45d887d4b46f01f03b3e33eb
T1a_ACRONYM,2000,sfti_2dcf87f6a1cd0b7e6f3171b3
T1a_ACRONYM,2000,sfti_4d6e8ed8417bd529e26beb67
T1a_ACRONYM,2000,sfti_6a5d2717ddad592b6bd28207
T1a_ACRONYM,2000,sfti_b668ee57d469ab24d569b42a
T1a_ACRONYM,2000,sfti_4379a1f18a6cee20c018d24d
T1a_ACRONYM,2000,sfti_15181138591c093c85508f5b
T1a_ACRONYM,2000,sfti_cfd5e9a1de49f19cadd87a70
T1a_ACRONYM,2000,sfti_5d5a222019ec194f0cd6cd3e
T1a_ACRONYM,2000,sfti_dde282781505d874b943f5d7
T1a_ACRONYM,2000,sfti_35cf5b0a44ffd08e379da690
T1a_ACRONYM,2000,sfti_1b6f1ed097298c50a216a76d
T1a_ACRONYM,2000,sfti_19bd53271e2d883a3442ba6b
T1a_ACRONYM,2000,sfti_b901edf703db9d1b3fd4b3c3
T1a_ACRONYM,2000,sfti_4cdc1e7bb29022a6f2b332bd
T1a_ACRONYM,2000,sfti_11d8798301dc3b8c69559f24
T1a_ACRONYM,2000,sfti_d40bf4d21115c9a1441c5869
T1a_ACRONYM,2000,sfti_5acf92c6146b0018fb8cf8fd
T1a_ACRONYM,2000,sfti_b18435f8838cb6e4d79ec3f9
T1a_ACRONYM,2000,sfti_f7ea29aa204bd9945175e51b
T1a_ACRONYM,2000,sfti_c541aecfea20fde1685efe75
T1a_ACRONYM,2000,sfti_b869a6fe0fbe5dcf9a66935a
T1a_ACRONYM,2000,sfti_025ef820ade9e7bf0d4d4fed
T1a_ACRONYM,2000,sfti_b16545a5aafabb5629b9ff15
T1a_ACRONYM,2000,sfti_5f459940ae36f5d1d02d06bb
T1a_ACRONYM,2000,sfti_2bcc3c3b068fa9ebf14c07cd
T1a_ACRONYM,2000,sfti_2b3d40b090f1f167a6e69b65
T1a_ACRONYM,2000,sfti_18ac39abe9924d6821882975
T1a_ACRONYM,2000,sfti_62530a869d4401ffaf4836f0
T1a_ACRONYM,2000,sfti_1ce2566c6b075cfd2b9d5945
T1a_ACRONYM,2000,sfti_aeb3b85da05ea95e83aa447f
T1a_ACRONYM,2000,sfti_d2a85a33f5ce8c4189095736
T1a_ACRONYM,2000,sfti_39b97b27d8b914f6b4c036fb
T1a_ACRONYM,2000,sfti_b9cafb39b50648c9f258a9fa
T1a_ACRONYM,2000,sfti_b7ad9c1cd83ff39d2046e102
T1a_ACRONYM,2000,sfti_909d2ebd8a09e70ed7aea204
T1a_ACRONYM,2000,sfti_661b136c0edd983970bcde74
T1a_ACRONYM,2000,sfti_c6e0a53ac8842765e71d9571
T1a_ACRONYM,2000,sfti_bb76a06a6af80cc1494e377e
T1a_ACRONYM,2000,sfti_df662f7c7d3cbe2e13f3c00e
T1a_ACRONYM,2000,sfti_c4c08c54aa56e6a421d1fbfe
T1a_ACRONYM,2000,sfti_22a77eddd20a9c3d5ba8e7c1
T1a_ACRONYM,2000,sfti_072cb8a4dc372a2c8ad0fa64
T1a_ACRONYM,2000,sfti_d95ee897092843468a0594a1
T1a_ACRONYM,2000,sfti_0b40ac0e76ae4d716295c52f
T1a_ACRONYM,2000,sfti_da6b453432d61d879c9c739e
T1a_ACRONYM,2000,sfti_7fd18d9d9f44ccf28150a4e5
T1a_ACRONYM,2000,sfti_ba683026756285d3acbfd460
T1a_ACRONYM,2000,sfti_c47205435d20da9d399bf782
T1a_ACRONYM,2000,sfti_5097f5df2a4dce9f3b87db19
T1a_ACRONYM,2000,sfti_44433a4d91eac306eb6560c9
T1a_ACRONYM,2000,sfti_2e5be221cf029c930efed7d5
T1a_ACRONYM,2000,sfti_84728a2d2770c35e67437fa3
T1a_ACRONYM,2000,sfti_2a255aed2c94a19c38b7760c
T1a_ACRONYM,2000,sfti_ac1b8c796a203b396d65626e
T1a_ACRONYM,2000,sfti_3402fa5e6fb141e9ec2c5a16
T1a_ACRONYM,2000,sfti_168f73033262fb9191be2dfc
T1a_ACRONYM,2000,sfti_fd11a1bfc1ad84e593282bfa
T1a_ACRONYM,2000,sfti_68f6a62ee6a9f0c53deddfe9
T1a_ACRONYM,2000,sfti_135c308da18e615749beb5c3
T1a_ACRONYM,2000,sfti_298c117bc859a0604b997fb7
T1a_ACRONYM,2000,sfti_8d71ff18f39a822d8356e1c5
T1a_ACRONYM,2000,sfti_bd07564242621070a7bd2c3f
T1a_ACRONYM,2000,sfti_778459b364bba443fa8b8720
T1a_ACRONYM,2000,sfti_71785962cb42c6c6bd86b12c
T1a_ACRONYM,2000,sfti_4e84f833e09ced4b9544914f
T1a_ACRONYM,2000,sfti_15e23c4ced43bc57824d68e3
T1a_ACRONYM,2000,sfti_97971611280f4981f9d92af7
T1a_ACRONYM,2000,sfti_a78d2d5e32cf11fa8c984dd0
T1a_ACRONYM,2000,sfti_facba68d20290043867f0bcf
T1a_ACRONYM,2000,sfti_6799575c7c1d7ec159caac54
T1a_ACRONYM,2000,sfti_b815bf59d71de32b3ee9d5a3
T1a_ACRONYM,2000,sfti_cc591df668da82eeaecc605b
T1a_ACRONYM,2000,sfti_ba2088feef5d6a5d619a54e8
T1a_ACRONYM,2000,sfti_3a227ad27d7ffc0d5bc0ab27
T1a_ACRONYM,2000,sfti_0cab5b0fbe6de18070ada34b
T1a_ACRONYM,2000,sfti_c0ec66e1bf443a1e28833dc0
T1a_ACRONYM,2000,sfti_d947ce04b95bd25363029be9
T1a_ACRONYM,2000,sfti_43746d1eb7d2508045eaa31c
T1a_ACRONYM,2000,sfti_caf5dcb2998b39a98eefb625
T1a_ACRONYM,2000,sfti_5550b2816f707d54703e3430
T1a_ACRONYM,2000,sfti_df469349c7dad98b36809450
T1a_ACRONYM,2000,sfti_372dbcab2fa84c0956708744
T1a_ACRONYM,2000,sfti_38f4089944dc461901a91bfb
T1a_ACRONYM,2000,sfti_4f768fab11d0908289b6ca9d
T1a_ACRONYM,2000,sfti_1d75638d1dbff15e44195b3a
T1a_ACRONYM,2000,sfti_80508430e22bbfadc8ad2a8d
T1a_ACRONYM,2000,sfti_229469312f5781a821f5f0d8
T1a_ACRONYM,2000,sfti_a93ebb61df2e84afaacbb889
T1a_ACRONYM,2000,sfti_a0b5dfc6a22337b26ec41e4d
T1a_ACRONYM,2000,sfti_ad9ea486ae43d019cf426218
T1a_ACRONYM,2000,sfti_f168eb0ed45772bcc13a4baf
T1a_ACRONYM,2000,sfti_d31ece228bc1bc47959b0dd8
T1a_ACRONYM,2000,sfti_edc1d96caab7bb9c1898ea8d
T1a_ACRONYM,2000,sfti_c41e4c3c638390322ab3522e
T1a_ACRONYM,2000,sfti_762e96fe6a03697eb7d57102
T1a_ACRONYM,2000,sfti_48191c4569c137624553a8ee
T1a_ACRONYM,2000,sfti_a562251aaddf51ab38e61688
T1a_ACRONYM,2000,sfti_1fb8da2b7fcbd77087b780d4
T1a_ACRONYM,2000,sfti_520dccca1a03ced5bf7d8a74
T1a_ACRONYM,2000,sfti_0517b8beb2806fc3dcca9679
T1a_ACRONYM,2000,sfti_ed00339842b7cb4163b98368
T1a_ACRONYM,2000,sfti_63d11d7fe44b71f85448dad0
T1a_ACRONYM,2000,sfti_dc00b419259ff3b66134d559
T1a_ACRONYM,2000,sfti_29fd9ce8f413e282cc90c735
T1a_ACRONYM,2000,sfti_568a59d56ba2c4b781050a33
T1a_ACRONYM,2000,sfti_c522e68c3279e80bdcc214d3
T1a_ACRONYM,2000,sfti_5aba93026da19d7a0fd83611
T1a_ACRONYM,2000,sfti_cbc8070450727343bfa22148
T1a_ACRONYM,2000,sfti_85856f69846128efbd97901e
T1a_ACRONYM,2000,sfti_819d4777a11ab6e648b765da
T1a_ACRONYM,2000,sfti_b9b84017e1ebde39a4f3bb2b
T1a_ACRONYM,2000,sfti_629e09954f7ac2a1b361c307
T1a_ACRONYM,2000,sfti_aabf8cd740815d741c658f10
T1a_ACRONYM,2000,sfti_abec6bad883a1c1142bc9892
T1a_ACRONYM,2000,sfti_51174a8e6c2230c2a3dd7bb4
T1a_ACRONYM,2000,sfti_20d2b55eb5a379735b6205e8
T1a_ACRONYM,2000,sfti_fccf160ecdd9517ff9961746
T1a_ACRONYM,2000,sfti_504817e9c0c9dc7ce7b2e06e
T1a_ACRONYM,2000,sfti_d3d6b9af085faabfecf50304
T1a_ACRONYM,2000,sfti_00f5310d9a2b71b34a56f2ed
T1a_ACRONYM,2000,sfti_e31aa1a9b8df226ae555d02b
T1a_ACRONYM,2000,sfti_7a8786b6e815134564a6a0b5
T1a_ACRONYM,2000,sfti_c5dae39f91930b829d7c11a6
T1a_ACRONYM,2000,sfti_4496f872176f367708d42d72
T1a_ACRONYM,2000,sfti_6120aac01d013b2294aeade2
T1a_ACRONYM,2000,sfti_272cbd60163e227ae4f8f1a5
T1a_ACRONYM,2000,sfti_84b013f1aa0c6b08f22cfcb5
T1a_ACRONYM,2000,sfti_6e00e1eeb5d6fb753a1014f3
T1a_ACRONYM,2000,sfti_cd74e9d5da8fb776243c4aeb
T1a_ACRONYM,2000,sfti_45b4079510c438169ecf7f96
T1a_ACRONYM,2000,sfti_24b9009c55582f852d4e1d3b
T1a_ACRONYM,2000,sfti_a3a56a1f13f68eaf40a4a207
T1a_ACRONYM,2000,sfti_8bc06c74ab1bf76015d974a8
T1a_ACRONYM,2000,sfti_2bc6f8cd641566536bc8a5a4
T1a_ACRONYM,2000,sfti_7b66c21b81c37be9bb7d1db4
T1a_ACRONYM,2000,sfti_e4ed1d67be97897fdab13217
T1a_ACRONYM,2000,sfti_90b4f35454c20ff49373671d
T1a_ACRONYM,2000,sfti_35f31de006fb2571fa23b60b
T1a_ACRONYM,2000,sfti_5b95db29ece3b3734ecf957f
T1a_ACRONYM,2000,sfti_1b45e5f6f1e4b9637d62325c
T1a_ACRONYM,2000,sfti_aa89f9357aa87c2916bc116e
T1a_ACRONYM,2000,sfti_ef9ec0f4bee5ec4160d2cb49
T1a_ACRONYM,2000,sfti_47edef8b80a7df8a8716a0d8
T1a_ACRONYM,2000,sfti_3350e629b01de05272d6c68d
T1a_ACRONYM,2000,sfti_b004f92f36974d0e4ccbb1be
T1a_ACRONYM,2000,sfti_d43c34ce52d7d9bbc536ee9b
T1a_ACRONYM,2000,sfti_9d1927a273730c936e560d3c
T1a_ACRONYM,2000,sfti_7c77b51b0e53a0aa47b6ed97
T1a_ACRONYM,2000,sfti_71cdf5995130eade1bff81dc
T1a_ACRONYM,2000,sfti_32897170b151acda25163b2f
T1a_ACRONYM,2000,sfti_3d2e877ba5a0da4d2b0dc56d
T1a_ACRONYM,2000,sfti_86611e96a9916b3f43f6c3ab
T1a_ACRONYM,2000,sfti_a471c7c80439a685e067fffc
T1a_ACRONYM,2000,sfti_ce61455fe3d1c66f6dcddd7b
T1a_ACRONYM,2000,sfti_404b511e0358bdaca93058fa
T1a_ACRONYM,2000,sfti_f5a5b187c531f955b3c4f755
T1a_ACRONYM,2000,sfti_098abc7101b4cfc8ef6dea6f
T1a_ACRONYM,2000,sfti_a6ed71b0d37b56b3cb271a6c
T1a_ACRONYM,2000,sfti_ec171e8a3e82f0b9ef7b91a0
T1a_ACRONYM,2000,sfti_945ef9ede6d415c0b59133dd
T1a_ACRONYM,2000,sfti_5e0182b952cde6df5bb003d6
T1a_ACRONYM,2000,sfti_9e7b15263c09116267c60a09
T1a_ACRONYM,2000,sfti_5b370ec57e22df84b46eb134
T1a_ACRONYM,2000,sfti_c563bba23d853c5f1f75c1a6
T1a_ACRONYM,2000,sfti_7ac5cfad0ab877b76e3c5a4b
T1a_ACRONYM,2000,sfti_6a8fa68f39babe1f014bd32c
T1a_ACRONYM,2000,sfti_9fd80f536212e3dc45c7bfce
T1a_ACRONYM,2000,sfti_97828a916e3a7db398ca0151
T1a_ACRONYM,2000,sfti_a84090701394958461c9a303
T1a_ACRONYM,2000,sfti_24232c4c7c8786c1b54604ea
T1a_ACRONYM,2000,sfti_b1067fbf18f8552024d51087
T1a_ACRONYM,2000,sfti_5d37822a37903d4149f8bbb9
T1a_ACRONYM,2000,sfti_26d3b18aa1bcae3bf7a41686
T1a_ACRONYM,2000,sfti_21b3b073ff6abc68fa0c6484
T1a_ACRONYM,2000,sfti_3c568a009c22b3e05fc79be0
T1a_ACRONYM,2000,sfti_21a012d402b0c80c8c79adde
T1a_ACRONYM,2000,sfti_a58494d8d957032f052fa0e7
T1a_ACRONYM,2000,sfti_a7903cee4cb7bf8e46953c62
T1a_ACRONYM,2000,sfti_251b9624304632bd20e68654
T1a_ACRONYM,2000,sfti_3a91d650b2d307d61f349396
T1a_ACRONYM,2000,sfti_e0def46c42807f98a88713bd
T1a_ACRONYM,2000,sfti_9e160ace1970c8db13dcf628
T1a_ACRONYM,2000,sfti_d3af30f89a174e420995c901
T1a_ACRONYM,2000,sfti_be1e97a68d4a74ecff97daab
T1a_ACRONYM,2000,sfti_c95fb61f80bdbf44b2d4a136
T1a_ACRONYM,2000,sfti_37b3808ed27e606caa3b350d
T1a_ACRONYM,2000,sfti_c11a54322d88648e88825f82
T1a_ACRONYM,2000,sfti_df341f54918821ecc014c083
T1a_ACRONYM,2000,sfti_4427a26a1321b63e5ff0bcf0
T1a_ACRONYM,2000,sfti_3ec49b2c71206120bfc39881
T1a_ACRONYM,2000,sfti_f501f24dd5a70df20009ba8b
T1a_ACRONYM,2000,sfti_9abf8ac9b31c66a72498a72c
T1a_ACRONYM,2000,sfti_f0ec26ef25f5ef1470a3bca6
T1a_ACRONYM,2000,sfti_62c157d11c7c727acd761394
T1a_ACRONYM,2000,sfti_4b81703290dd8cbf2327fdf4
T1a_ACRONYM,2000,sfti_0d0941823fce324a0b7c3111
T1a_ACRONYM,2000,sfti_c2e0b0267419688cd299278d
T1a_ACRONYM,2000,sfti_1deb6609d8f244d74ae0dc30
T1a_ACRONYM,2000,sfti_d83bd80480b9f9e41dbcd73d
T1a_ACRONYM,2000,sfti_0c4c1129933900b962f561fc
T1a_ACRONYM,2000,sfti_6c633d8421f3e031361aa36b
T1a_ACRONYM,2000,sfti_22bc56e483abc4ffddfa2c7f
T1a_ACRONYM,2000,sfti_3634eeb9cd155a628c2598c8
T1a_ACRONYM,2000,sfti_dd8b3a2d428e2b53ade8a560
T1a_ACRONYM,2000,sfti_4cb4865fe9ec35c241d4dc87
T1a_ACRONYM,2000,sfti_b89d9ae4cfccd1e92a156655
T1a_ACRONYM,2000,sfti_7dfa71eeb323dba712d37ad3
T1a_ACRONYM,2000,sfti_7da9fac25b10b2ba4e19026b
T1a_ACRONYM,2000,sfti_b56b1d99edca1119e241229c
T1a_ACRONYM,2000,sfti_25759aa0e175634c2149d156
T1a_ACRONYM,2000,sfti_9c29941071cc671d03d908f9
T1a_ACRONYM,2000,sfti_3b48254f5fc8b5705b8191c6
T1a_ACRONYM,2000,sfti_d73ce8ff53d134ccba3578e9
T1a_ACRONYM,2000,sfti_d444a4f6608135c6a0d2d24f
T1a_ACRONYM,2000,sfti_903d20151b000740ef3d98d4
T1a_ACRONYM,2000,sfti_0a671413e2c0f6b67a4bdf4f
T1a_ACRONYM,2000,sfti_52f4b160157a41e4c02c0076
T1a_ACRONYM,2000,sfti_3bc651e865ca328263ca27f9
T1a_ACRONYM,2000,sfti_c300c10e4f36eafc4c4a3b30
T1a_ACRONYM,2000,sfti_2b60e4504eb5f02252f7aeee
T1a_ACRONYM,2000,sfti_bec76c209d66c3fd9e6c832a
T1a_ACRONYM,2000,sfti_43b4b7a452882c9e3588b92a
T1a_ACRONYM,2000,sfti_2b4cfbcc051babc08b8ae58f
T1a_ACRONYM,2000,sfti_8af1b7ced203848ba5ae2393
T1a_ACRONYM,2000,sfti_b6d1767d8a052a23131afd51
T1a_ACRONYM,2000,sfti_0c7b224af96a541c20faa391
T1a_ACRONYM,2000,sfti_2c20ab04ba886b2e4f3ac4f2
T1a_ACRONYM,2000,sfti_92555cac2f0d69bae5ab5432
T1a_ACRONYM,2000,sfti_f87dd05efbe56aa27e1dce3a
T1a_ACRONYM,2000,sfti_78013014fd776b873871d6ae
T1a_ACRONYM,2000,sfti_319e782bc7f4eecfa055c864
T1a_ACRONYM,2000,sfti_091aef43e8e6fe9e5c7d0993
T1a_ACRONYM,2000,sfti_dcef14549619642bdd3b1542
T1a_ACRONYM,2000,sfti_29f658a668fc912a6c6d1161
T1a_ACRONYM,2000,sfti_7c7d4953a5e9c562c70374de
T1a_ACRONYM,2000,sfti_a07efc8e2db864e79aa3b9af
T1a_ACRONYM,2000,sfti_44b3e2aaf37f03e641ba2b5d
T1a_ACRONYM,2000,sfti_a928f7db64f3a5ab10b073e5
T1a_ACRONYM,2000,sfti_6533fd476f6af5bdbabd5fba
T1a_ACRONYM,2000,sfti_5979f5529ece4c1813ecf4b8
T1a_ACRONYM,2000,sfti_28985d96a3cef00376d02f7a
T1a_ACRONYM,2000,sfti_ea0bde49d0e38cc10fa7de39
T1a_ACRONYM,2000,sfti_30699de9dcd4013debe0aac2
T1a_ACRONYM,2000,sfti_a9cff04ab90920efdb7bb7f0
T1a_ACRONYM,2000,sfti_b37da06b3af7373c97bfadf0
T1a_ACRONYM,2000,sfti_82fc60ad0afb9fbaa38119aa
T1a_ACRONYM,2000,sfti_156a0c4669ffe38827927aea
T1a_ACRONYM,2000,sfti_5d032e459c489f9dcee0da3f
T1a_ACRONYM,2000,sfti_f18be57a018ffa1b9a280418
T1a_ACRONYM,2000,sfti_0b859ec2bf35ccf9240cc0a2
T1a_ACRONYM,2000,sfti_2e55bf4cfa7b791d60206f2b
T1a_ACRONYM,2000,sfti_a857158cab9805d0527f4304
T1a_ACRONYM,2000,sfti_1135ff4e73d95bee286bfbf7
T1a_ACRONYM,2000,sfti_48f727ed02450690394db460
T1a_ACRONYM,2000,sfti_fc797d97a280c957aad4c647
T1a_ACRONYM,2000,sfti_b42bd1ec09fd147433d5ddb8
T1a_ACRONYM,2000,sfti_961fb5fbaef31469da86bc7f
T1a_ACRONYM,2000,sfti_d90903d22b75cd2b9ffeb5e9
T1a_ACRONYM,2000,sfti_0238c5ccc67418aab12d6303
T1a_ACRONYM,2000,sfti_a3fb945b5dcac49aac4418c3
T1a_ACRONYM,2000,sfti_4968ebd4b6fefd00a17e4aa2
T1a_ACRONYM,2000,sfti_b997ee0f4f9b3f9a2792c4d0
T1a_ACRONYM,2000,sfti_409058b12cca57054078bbc2
T1a_ACRONYM,2000,sfti_37e51a09ba49105df5b3dad9
T1a_ACRONYM,2000,sfti_1020cb50a62e8c1ba12643b9
T1a_ACRONYM,2000,sfti_d2b40319d191191c38e08736
T1a_ACRONYM,2000,sfti_f8877f697f5690421bb4bb2a
T1a_ACRONYM,2000,sfti_0f0597af82f327bc67d73d2b
T1a_ACRONYM,2000,sfti_8b5f5fad0a4ff0811a84505d
T1a_ACRONYM,2000,sfti_37d223ad5b3582a5234d6786
T1a_ACRONYM,2000,sfti_3afc2c196e19d88d50305092
T1a_ACRONYM,2000,sfti_3336fcc025acfb2577cb5d26
T1a_ACRONYM,2000,sfti_ae77e9f512f8a56566d1b03b
T1a_ACRONYM,2000,sfti_d168a4970c14ab8d7955ef0f
T1a_ACRONYM,2000,sfti_7acc4c1fba7df3b67a91c64c
T1a_ACRONYM,2000,sfti_27f16334c2220418ac817a42
T1a_ACRONYM,2000,sfti_4bd2f713e620a88b901055ac
T1a_ACRONYM,2000,sfti_e9b2efa3c60b93032581eed5
T1a_ACRONYM,2000,sfti_4619fdd6b2a6a85f402b9dce
T1a_ACRONYM,2000,sfti_c77b69d22577fa10432aa083
T1a_ACRONYM,2000,sfti_2e4c8dd8151596a7cef4985c
T1a_ACRONYM,2000,sfti_c78aaf2eae7d45068f62eb17
T1a_ACRONYM,2000,sfti_b521d68ef3afac1adddff1ae
T1a_ACRONYM,2000,sfti_38aa765e9be210df491044de
T1a_ACRONYM,2000,sfti_6dbc0c8b37b950045178bfc7
T1a_ACRONYM,2000,sfti_e9e314c333507786369a4c4d
T1a_ACRONYM,2000,sfti_975fa61ffbff04cdbd83b4b2
T1a_ACRONYM,2000,sfti_0fea541c101af4ad59af7f55
T1a_ACRONYM,2000,sfti_51640ab12a34ed6d7417b765
T1a_ACRONYM,2000,sfti_ee826f99699948ae497b78df
T1a_ACRONYM,2000,sfti_b177db497fdd8552c8f1257c
T1a_ACRONYM,2000,sfti_977ace8f7c18d20f233d41e6
T1a_ACRONYM,2000,sfti_fb2ac9c4ac9eab2093382295
T1a_ACRONYM,2000,sfti_779280decda39860323beb61
T1a_ACRONYM,2000,sfti_4799c823d0b731b5c024b336
T1a_ACRONYM,2000,sfti_2380d94b499c8aa940a1a651
T1a_ACRONYM,2000,sfti_5b1df715f592c7d662a62074
T1a_ACRONYM,2000,sfti_86fc3c8501d4ed8fee5ebe2d
T1a_ACRONYM,2000,sfti_cc2909f5eaae5eb91a4c249b
T1a_ACRONYM,2000,sfti_bc7069201b82c5ec1e6ed8be
T1a_ACRONYM,2000,sfti_e9e601ab6629022e04a0f3e4
T1a_ACRONYM,2000,sfti_3c05eef3cd4d1ff1ffb8d017
T1a_ACRONYM,2000,sfti_38895a98ef4718b91348ddb8
T1a_ACRONYM,2000,sfti_bba7a8b747461c9fa6af3c26
T1a_ACRONYM,2000,sfti_30aabe12f8dab599c0f3d5a8
T1a_ACRONYM,2000,sfti_bdc09a6bc73f70fcbee03cf8
T1a_ACRONYM,2000,sfti_427912a9b06bcf1231458b5b
T1a_ACRONYM,2000,sfti_d59e13cf1d63c53c870c6582
T1a_ACRONYM,2000,sfti_a7e47473b71b5d6323221fef
T1a_ACRONYM,2000,sfti_b80a1850b9b781f6fe1f902f
T1a_ACRONYM,2000,sfti_f8b3fb24722aac53b59ea536
T1a_ACRONYM,2000,sfti_bf8ecd5dc1c0ef3ba19440f9
T1a_ACRONYM,2000,sfti_0bebd8951db713e5f5b6763b
T1a_ACRONYM,2000,sfti_ad8006d1dbd1c64eb366d8d3
T1a_ACRONYM,2000,sfti_e40fdddb82cdbb9e333f91aa
T1a_ACRONYM,2000,sfti_f966f4e0310a10d0f3f7ea3d
T1a_ACRONYM,2000,sfti_51e0217eea3b932d31253ae9
T1a_ACRONYM,2000,sfti_d4086da488ed95013eb872a5
T1a_ACRONYM,2000,sfti_657a7476033cbcad021f4b8c
T1a_ACRONYM,2000,sfti_0f92d37e99bb06ecc3067b11
T1a_ACRONYM,2000,sfti_7a045d4d5ef1246b7e66c320
T1a_ACRONYM,2000,sfti_cbf1b61e570da8617b8e8650
T1a_ACRONYM,2000,sfti_30124eaa0aaca87b96ea23c6
T1a_ACRONYM,2000,sfti_923368a86c4a0dc0a2660c40
T1a_ACRONYM,2000,sfti_3a498de2be52653dfdf1a0bc
T1a_ACRONYM,2000,sfti_047d978f6d430a637d313200
T1a_ACRONYM,2000,sfti_22961ac13e17bd0da6b69ed1
T1a_ACRONYM,2000,sfti_280c38f3dd9bb406055a2e81
T1a_ACRONYM,2000,sfti_ca60bbbb30aa6fc4bb7cd0bf
T1a_ACRONYM,2000,sfti_ecb0fcb76edf8657185b254e
T1a_ACRONYM,2000,sfti_8bdb592cf058f5c92ff7db21
T1a_ACRONYM,2000,sfti_19e93294843747c1023635da
T1a_ACRONYM,2000,sfti_fdd7b38b6ed46a7b7288853e
T1a_ACRONYM,2000,sfti_872f906812e926488b080bc9
T1a_ACRONYM,2000,sfti_08f57e9e69814026ad560154
T1a_ACRONYM,2000,sfti_0544daaf1d2fe20dfd40bb5d
T1a_ACRONYM,2000,sfti_9906f92d6b9232fee8ed2920
T1a_ACRONYM,2000,sfti_49ec4117d84a85d9d76423ac
T1a_ACRONYM,2000,sfti_04b9bf2ea3ecf6959e3656b0
T1a_ACRONYM,2000,sfti_80c495923b223ad0b893f574
T1a_ACRONYM,2000,sfti_d5a7fd96b3c9476b8ab4595d
T1a_ACRONYM,2000,sfti_f3cfe4694da73059506222c5
T1a_ACRONYM,2000,sfti_c5336f4f5cf58f7d22f2cec6
T1a_ACRONYM,2000,sfti_6bc70c648d56592e09003855
T1a_ACRONYM,2000,sfti_3081a355430ea885a4bfe6df
T1a_ACRONYM,2000,sfti_38d6941e893eb1afcb8b4aff
T1a_ACRONYM,2000,sfti_5bf581b9560bb921c56ca6f5
T1a_ACRONYM,2000,sfti_4cd06ee4e2d0d30b557ce3b3
T1a_ACRONYM,2000,sfti_2326873599f8f1ef89815bbb
T1a_ACRONYM,2000,sfti_f58c762eccff98110e5a78e9
T1a_ACRONYM,2000,sfti_0bb5318799309707fcc5fac9
T1a_ACRONYM,2000,sfti_4839a8ec2600d22eb2248e8f
T1a_ACRONYM,2000,sfti_73327b660d37dfb4d5e63da2
T1a_ACRONYM,2000,sfti_81f444a9caf79684586204d9
T1a_ACRONYM,2000,sfti_98caaa0ff31d2b42121a057b
T1a_ACRONYM,2000,sfti_a9daf22de4fa40854f5e133b
T1a_ACRONYM,2000,sfti_3170275d63fff1af302b29ed
T1a_ACRONYM,2000,sfti_a23c1d10bb6d18fb67a8e277
T1a_ACRONYM,2000,sfti_361345a22475750d909db36b
T1a_ACRONYM,2000,sfti_80a27356d4da8756a458969b
T1a_ACRONYM,2000,sfti_7eea37335129a5067d8af5c5
T1a_ACRONYM,2000,sfti_881bd4f89fb8e97f391d30d6
T1a_ACRONYM,2000,sfti_c78701eaf0c2f410710327fe
T1a_ACRONYM,2000,sfti_4ef6f1820f323ff4376cc0cb
T1a_ACRONYM,2000,sfti_c96913cabe6aa19f004b8dfe
T1a_ACRONYM,2000,sfti_5576ca47b54f7abdddaea3ea
T1a_ACRONYM,2000,sfti_c43c48d1f28aa3cd309ca1e3
T1a_ACRONYM,2000,sfti_6ba81ee014e0806bc2bfe6f0
T1a_ACRONYM,2000,sfti_ee90f69c8eb315d84ef70943
T1a_ACRONYM,2000,sfti_d6e59b1a0ed913c0a556cbf7
T1a_ACRONYM,2000,sfti_a1b3044e4c925340318dff4f
T1a_ACRONYM,2000,sfti_ca2e9c7cb16facf10b892972
T1a_ACRONYM,2000,sfti_9a6e8067d98e40853ed218de
T1a_ACRONYM,2000,sfti_5ef17250fbb720f16f6bb287
T1a_ACRONYM,2000,sfti_afa7075eba5e2834f431c3cb
T1a_ACRONYM,2000,sfti_0fb906836b7488001812d01e
T1a_ACRONYM,2000,sfti_b108431b5b290b36c51c712c
T1a_ACRONYM,2000,sfti_f5322a1ab4b6f2ec7b2026a0
T1a_ACRONYM,2000,sfti_160461774fc793fa5df362a5
T1a_ACRONYM,2000,sfti_ac6d8074da1ca98637ba2cab
T1a_ACRONYM,2000,sfti_92a921ad15edea71d9cd5096
T1a_ACRONYM,2000,sfti_f9747ddeb61d5e323dac17f7
T1a_ACRONYM,2000,sfti_ae127d6f8bf74924cb3547d2
T1a_ACRONYM,2000,sfti_b3757476d7d0cf6b765b3e4f
T1a_ACRONYM,2000,sfti_b8a7aa9dfc081875243ae75f
T1a_ACRONYM,2000,sfti_17dfc4e4a19d97bd25ef930d
T1a_ACRONYM,2000,sfti_b9b89f1f096f9771f3bb95fd
T1a_ACRONYM,2000,sfti_0398df0953c41c22262295cf
T1a_ACRONYM,2000,sfti_2ade8d70a11771a24bf8c537
T1a_ACRONYM,2000,sfti_28731b7e1c2359c1462c3821
T1a_ACRONYM,2000,sfti_c307af0e200816dc54fc7f4d
T1a_ACRONYM,2000,sfti_3f9053b97292691c6fd2604a
T1a_ACRONYM,2000,sfti_403cf4d44ffbb879b9e8426f
T1a_ACRONYM,2000,sfti_650ea05c354179eec36758ee
T1a_ACRONYM,2000,sfti_251c7e66338910aec1a36ecf
T1a_ACRONYM,2000,sfti_fc9a58dd32e6a5ebb6331a51
T1a_ACRONYM,2000,sfti_285461450fb8ba5aa4cabd08
T1a_ACRONYM,2000,sfti_670bf36f997826b5720d28b9
T1a_ACRONYM,2000,sfti_ccf742e6f741a9682ca20146
T1a_ACRONYM,2000,sfti_1b5d8fcc19b438abfcf80113
T1a_ACRONYM,2000,sfti_f19f9e8f1efdf6c4285573d8
T1a_ACRONYM,2000,sfti_2ebe6152ee602515fd1a0358
T1a_ACRONYM,2000,sfti_d5d5939399320a84becf78b6
T1a_ACRONYM,2000,sfti_97c390eccb55470d99897ae0
T1a_ACRONYM,2000,sfti_723147d85db4cfc2bdae1e5c
T1a_ACRONYM,2000,sfti_2028a173974bf96b29d240df
T1a_ACRONYM,2000,sfti_910c4ab7dab5703f8c5ecb40
T1a_ACRONYM,2000,sfti_62379e06faa9b7b7b1d01575
T1a_ACRONYM,2000,sfti_f7a545ba915b8495b7f34b74
T1a_ACRONYM,2000,sfti_7aae9d2736008dcd821181b4
T1a_ACRONYM,2000,sfti_e0e9ef5966b6c03aa37f3b43
T1a_ACRONYM,2000,sfti_ffa79186e884d8e626cdeaea
T1a_ACRONYM,2000,sfti_d4ce84284ee605f0188f8bc4
T1a_ACRONYM,2000,sfti_fa64dca4f58c54a0df7bd7aa
T1a_ACRONYM,2000,sfti_f83d65e1b5ef090071d561f2
T1a_ACRONYM,2000,sfti_b8a48cb3ecfe765fa52ef584
T1a_ACRONYM,2000,sfti_4c797217a8f39671ba8bf728
T1a_ACRONYM,2000,sfti_841ad2024ee285ab16845619
T1a_ACRONYM,2000,sfti_e4cb5c8acf0d091ea8f3eca8
T1a_ACRONYM,2000,sfti_02b340a7c580ee0b01753975
T1a_ACRONYM,2000,sfti_4e17dcd1d499bfc7663137c4
T1a_ACRONYM,2000,sfti_d281b52773142f765be880ab
T1a_ACRONYM,2000,sfti_e038a304e82d0c6453291e51
T1a_ACRONYM,2000,sfti_b0b73bc9297d8be992ee197d
T1a_ACRONYM,2000,sfti_eeff7a14c7d1f119197a2c5b
T1a_ACRONYM,2000,sfti_ce2e0d076d1765b8d7c4ca4d
T1a_ACRONYM,2000,sfti_762297376eb538d94b731edf
T1a_ACRONYM,2000,sfti_3dc0ceab0ab30b240e3228ec
T1a_ACRONYM,2000,sfti_9a42472a7b5f5a96926d0b64
T1a_ACRONYM,2000,sfti_867c71e1575b958732148333
T1a_ACRONYM,2000,sfti_3d99b8ec87cbdbb2dcd57994
T1a_ACRONYM,2000,sfti_4bbdbf7420415a5353fb8651
T1a_ACRONYM,2000,sfti_923be24bf4513284902ab1cb
T1a_ACRONYM,2000,sfti_b82090e2110bc1d2e193ff83
T1a_ACRONYM,2000,sfti_2e24ea5b2681b45ff03e0257
T1a_ACRONYM,2000,sfti_d29f316690f7a44250338cbe
T1a_ACRONYM,2000,sfti_66210b0f31a8f390403e9137
T1a_ACRONYM,2000,sfti_0785f5cdef3b39774f70d737
T1a_ACRONYM,2000,sfti_dd2b78e8d5e1f324f6b5eab4
T1a_ACRONYM,2000,sfti_2d7510d4a27f0800ad892ee8
T1a_ACRONYM,2000,sfti_6c3856f37685620e13f37408
T1a_ACRONYM,2000,sfti_c5a242a84a1c46f84bba12a0
T1a_ACRONYM,2000,sfti_d7b1cf0f1db16672a31fac6a
T1a_ACRONYM,2000,sfti_ee09a90650b7868dbb73cab6
T1a_ACRONYM,2000,sfti_01ad6f05fb100e5193f15c5b
T1a_ACRONYM,2000,sfti_507e96bdc1b16c4472680458
T1a_ACRONYM,2000,sfti_fb7eb18ad69afecca8b797e6
T1a_ACRONYM,2000,sfti_0b1fd1edeb90e786eb28a03c
T1a_ACRONYM,2000,sfti_ad349db0da9c2b498e87bb1b
T1a_ACRONYM,2000,sfti_5b55cdc6441854bf4be941cb
T1a_ACRONYM,2000,sfti_6ce8443273b72831c88602c7
T1a_ACRONYM,2000,sfti_5ff45767a12233a4f3e40859
T1a_ACRONYM,2000,sfti_ccfe65c21c523c6b0bc34c3f
T1a_ACRONYM,2000,sfti_e71f31d1ebe27b9d3c2f63b8
T1a_ACRONYM,2000,sfti_58dd80fca6aefa3825582640
T1a_ACRONYM,2000,sfti_85dd77644f03d0916e57b371
T1a_ACRONYM,2000,sfti_7a74aa32d14db7c1417d8f08
T1a_ACRONYM,2000,sfti_66260de603578e6532259a35
T1a_ACRONYM,2000,sfti_c6f968d165f946f4e2aff271
T1a_ACRONYM,2000,sfti_4b5191e57399e6356075692e
T1a_ACRONYM,2000,sfti_c9742f17ba7123025609c469
T1a_ACRONYM,2000,sfti_342b778af4de6a518505afc5
T1a_ACRONYM,2000,sfti_f70d51596a9def7e7da091b3
T1a_ACRONYM,2000,sfti_a12758bed254a12892aa647d
T1a_ACRONYM,2000,sfti_af8048a7b29c540c1afae5e4
T1a_ACRONYM,2000,sfti_3f52350d5a6fa4a630bebf25
T1a_ACRONYM,2000,sfti_d3094da1819ae30b26c5c3a4
T1a_ACRONYM,2000,sfti_d90eaff1d905eaac1ea13972
T1a_ACRONYM,2000,sfti_4745ee2833ac8ffb9ff6487c
T1a_ACRONYM,2000,sfti_c84c7f49c4b31b15a19da665
T1a_ACRONYM,2000,sfti_6e0cacdd87b9b3be0f6fd35b
T1a_ACRONYM,2000,sfti_8dfb5163edbe5a61a98d92f5
T1a_ACRONYM,2000,sfti_888f8b98e5368ad228db3a35
T1a_ACRONYM,2000,sfti_e34e038a789dc76f24d0bb38
T1a_ACRONYM,2000,sfti_0debeb1a547c8c62c116729e
T1a_ACRONYM,2000,sfti_82ab7a09deee7ea9f9105644
T1a_ACRONYM,2000,sfti_eb5a8d5ce54a5420fcafe87f
T1a_ACRONYM,2000,sfti_e563c0496f6fea9b5c177c3b
T1a_ACRONYM,2000,sfti_7295463964b2d365bd04393f
T1a_ACRONYM,2000,sfti_2a9d39432b6b6cb53851b402
T1a_ACRONYM,2000,sfti_be895c0df334441ee22a1bc9
T1a_ACRONYM,2000,sfti_e4b1ce3d8b3497ae192fa9eb
T1a_ACRONYM,2000,sfti_f3568c0183aaef47e9965ca5
T1a_ACRONYM,2000,sfti_60e604eab2370ad6096c6ccd
T1a_ACRONYM,2000,sfti_4d1846aad111279be720312e
T1a_ACRONYM,2000,sfti_27f758b94e3dfe95212ec4cd
T1a_ACRONYM,2000,sfti_b28efd965aa2daf1300a0a10
T1a_ACRONYM,2000,sfti_246533c1c8b599eedb1921b4
T1a_ACRONYM,2000,sfti_1aa62a5fab62ccac57351035
T1a_ACRONYM,2000,sfti_4826fc514295dad98ee7e33e
T1a_ACRONYM,2000,sfti_13644e85d76a548fe15a8167
T1a_ACRONYM,2000,sfti_bf1eabb115259f3ad2b395de
T1a_ACRONYM,2000,sfti_aabdd1391af5d2dfbae53aef
T1a_ACRONYM,2000,sfti_ee8d844ddfffe820a62ead4f
T1a_ACRONYM,2000,sfti_3f3f632e48a243c8e5629327
T1a_ACRONYM,2000,sfti_5852b1db334c71ab398e642b
T1a_ACRONYM,2000,sfti_1c683c8be08af31486350107
T1a_ACRONYM,2000,sfti_de51bc6a00a2574ec702654a
T1a_ACRONYM,2000,sfti_05b6249355b6a23e27fe034b
T1a_ACRONYM,2000,sfti_ce64be0eb2906bedf07a88d4
T1a_ACRONYM,2000,sfti_f3984ceee6326cb34267a6e9
T1a_ACRONYM,2000,sfti_a38b88c2c34669f4d9a25408
T1a_ACRONYM,2000,sfti_8fc72abfeb8589a8ef3ca88e
T1a_ACRONYM,2000,sfti_e40b5b0c2350e470dad1fa00
T1a_ACRONYM,2000,sfti_8337364f53aeedea7025400c
T1a_ACRONYM,2000,sfti_10722ca90ccac4d9e8fbd1d5
T1a_ACRONYM,2000,sfti_725c9eb54a3025a7af4174fa
T1a_ACRONYM,2000,sfti_962d497e51141b794c30a06c
T1a_ACRONYM,2000,sfti_7c6ed197d2564226db926f98
T1a_ACRONYM,2000,sfti_ef3169cccf0ed5ea123f9fcf
T1a_ACRONYM,2000,sfti_7c28a13bd81e2137482956a1
T1a_ACRONYM,2000,sfti_384436a0e5ea2a49b211c5a3
T1a_ACRONYM,2000,sfti_5489bcdfeb0509b6a548aa1a
T1a_ACRONYM,2000,sfti_e1d0f2353756f5a801856518
T1a_ACRONYM,2000,sfti_106024fce3d6d607db036ae9
T1a_ACRONYM,2000,sfti_ac533795227eb41dbce54183
T1a_ACRONYM,2000,sfti_310708de3a3cf799b9f38ea6
T1a_ACRONYM,2000,sfti_4a1a588443753f9db40686df
T1a_ACRONYM,2000,sfti_73d8b04d913619cf99b47bca
T1a_ACRONYM,2000,sfti_bb8d1cc59b30de984c6ba325
T1a_ACRONYM,2000,sfti_b9e3b0b8d3818a494cd1a8a0
T1a_ACRONYM,2000,sfti_9ba5697a632c6e6745abc58c
T1a_ACRONYM,2000,sfti_c18e9a8e8563c83c1adc4105
T1a_ACRONYM,2000,sfti_b1966664b5ab3b9b4313bf23
T1a_ACRONYM,2000,sfti_f544bdfb8d824a1b9303b300
T1a_ACRONYM,2000,sfti_8bc9d570ae4cb7f64a39c5f7
T1a_ACRONYM,2000,sfti_845312bf93e678df5a0d3616
T1a_ACRONYM,2000,sfti_f1f4880548f6be71ed33ccbf
T1a_ACRONYM,2000,sfti_ba160e26e136fc1375216bfb
T1a_ACRONYM,2000,sfti_2989dfc0fcf0d262c2f06154
T1a_ACRONYM,2000,sfti_60f28b6e512ac3f2670ea8d3
T1a_ACRONYM,2000,sfti_98c0b4fac75caae6a3828461
T1a_ACRONYM,2000,sfti_1eda3bb7e72522989672591b
T1a_ACRONYM,2000,sfti_de54714c15a0c5c176afa868
T1a_ACRONYM,2000,sfti_46bca5eb9eff8e07dea5235c
T1a_ACRONYM,2000,sfti_402e81d9ad92f26e4c68b1ca
T1a_ACRONYM,2000,sfti_253ec7bfe269ce721e82550e
T1a_ACRONYM,2000,sfti_d7815f56e023207d3679107a
T1a_ACRONYM,2000,sfti_69c096258345e5d41fc75d9a
T1a_ACRONYM,2000,sfti_992bc97594c14787515eba24
T1a_ACRONYM,2000,sfti_dae9f9d141e4dfa9d892c2fb
T1a_ACRONYM,2000,sfti_7472664f00a15a4758211d64
T1a_ACRONYM,2000,sfti_f49bbbbc2d36b17f70d4d947
T1a_ACRONYM,2000,sfti_fb23d607cb53a9642c36adbf
T1a_ACRONYM,2000,sfti_ebf2ad72ce81c3de7a2a44e6
T1a_ACRONYM,2000,sfti_1b297ccb82c4ce08992318bb
T1a_ACRONYM,2000,sfti_ac68a7a6c66daa3f2d6fc0ff
T1a_ACRONYM,2000,sfti_20fe11aaead3228f59eaf35b
T1a_ACRONYM,2000,sfti_5723ff015a0f2829fee3dc5f
T1a_ACRONYM,2000,sfti_04278b55c633fa94f54ee986
T1a_ACRONYM,2000,sfti_c6f14ced2cb07f8b8cef13a7
T1a_ACRONYM,2000,sfti_a9339b28ee90e29037ebf16b
T1a_ACRONYM,2000,sfti_73db66e1639886b08ab20544
T1a_ACRONYM,2000,sfti_7ae9f2be6fa8ce656a97d132
T1a_ACRONYM,2000,sfti_1774d3b89b1c3c15b3f668b7
T1a_ACRONYM,2000,sfti_469a69943d1d4761aa926edf
T1a_ACRONYM,2000,sfti_73c69736544173de3cedd82f
T1a_ACRONYM,2000,sfti_8bbc426182449cd64f9c4628
T1a_ACRONYM,2000,sfti_3d587ec423909eb11183b475
T1a_ACRONYM,2000,sfti_09110ca69c2b961138235451
T1a_ACRONYM,2000,sfti_15eda64370ba5d5e6fa2f49c
T1a_ACRONYM,2000,sfti_2899459685d25bd087669f71
T1a_ACRONYM,2000,sfti_7c801604a44186606316e79f
T1a_ACRONYM,2000,sfti_b0525812bf2072ace4eff958
T1a_ACRONYM,2000,sfti_66a29c3dd2e55e6e0a9c7805
T1a_ACRONYM,2000,sfti_a77b93281e636c0ffc5c2fa9
T1a_ACRONYM,2000,sfti_3261779578abba1ed3412b8f
T1a_ACRONYM,2000,sfti_8b2c9846059f7ebb78e07201
T1a_ACRONYM,2000,sfti_43de333b68420fe6a2b3543e
T1a_ACRONYM,2000,sfti_ad5cab9746914fe589e3ad2a
T1a_ACRONYM,2000,sfti_b7df163ca1b1b1353ed20968
T1a_ACRONYM,2000,sfti_3a9f365ebbc0cdeb967e12fa
T1a_ACRONYM,2000,sfti_b02384acdc09931a2c780f58
T1a_ACRONYM,2000,sfti_d1cc57dc071c373916ee9bc6
T1a_ACRONYM,2000,sfti_5f8903581af3d852cdef4ebb
T1a_ACRONYM,2000,sfti_dd5b4955b3abb048ca257cf4
T1a_ACRONYM,2000,sfti_a539ac5e10b049acb45b4901
T1a_ACRONYM,2000,sfti_477970e957c5ac80d19ebace
T1a_ACRONYM,2000,sfti_14172553726c99ad136fb060
T1a_ACRONYM,2000,sfti_b1f9977f339bd1fda1e6e6ac
T1a_ACRONYM,2000,sfti_d2c69a964c6f6272d7038ca7
T1a_ACRONYM,2000,sfti_df9d8a4cf91f57f69c3af1f7
T1a_ACRONYM,2000,sfti_8e8a8a0c3a2bc421a6ad9856
T1a_ACRONYM,2000,sfti_a4472682d7231fa2f76b9544
T1a_ACRONYM,2000,sfti_c80bf82a0ab20934dab220d8
T1a_ACRONYM,2000,sfti_00afa247a4f6e920ac4c8582
T1a_ACRONYM,2000,sfti_ca8bf1a235cde3faafaf88ba
T1a_ACRONYM,2000,sfti_54dae73f65a5d2e94dbf23c8
T1a_ACRONYM,2000,sfti_0c4ff8098ef5c4881371945c
T1a_ACRONYM,2000,sfti_2af4a79cacbc7315e850c1f9
T1a_ACRONYM,2000,sfti_f6e9f5bacbd1983b2992a4a4
T1a_ACRONYM,2000,sfti_0ed0b541f2ed466f14e2889c
T1a_ACRONYM,2000,sfti_fa8776bc27b5f9a20bad6878
T1a_ACRONYM,2000,sfti_9d6ee46050c540c03207545e
T1a_ACRONYM,2000,sfti_a00530a92380d878620e5115
T1a_ACRONYM,2000,sfti_b0883f6e31ae949849bb0b0d
T1a_ACRONYM,2000,sfti_932f30a453c8a7f56897bbea
T1a_ACRONYM,2000,sfti_8694d2adb27daf16dbb03afd
T1a_ACRONYM,2000,sfti_3cdd233fb9d15ab4f78266b5
T1a_ACRONYM,2000,sfti_9c74c7d2f92f01b8f13d49f4
T1a_ACRONYM,2000,sfti_cff2042535347eea33cf2f8a
T1a_ACRONYM,2000,sfti_f177a384b5e8c851bd8307ab
T1a_ACRONYM,2000,sfti_5ba88f831e2461265e08c023
T1a_ACRONYM,2000,sfti_9f6329b38b3fd254e7aada0a
T1a_ACRONYM,2000,sfti_bd1beb4a80f31595ddd0fcff
T1a_ACRONYM,2000,sfti_c598bf6948f1e15d8626fec4
T1a_ACRONYM,2000,sfti_29d826e1d6b88f4fc541d372
T1a_ACRONYM,2000,sfti_fa9190a770e41c75f216a020
T1a_ACRONYM,2000,sfti_b2627d600b0eb0089c737b59
T1a_ACRONYM,2000,sfti_c33cf6c491b9f55ba29afafb
T1a_ACRONYM,2000,sfti_df11a2ca93925bada907c8ef
T1a_ACRONYM,2000,sfti_85a8333c1582c20c3f7b4818
T1a_ACRONYM,2000,sfti_57114c609ebfa2d80d8b0fbb
T1a_ACRONYM,2000,sfti_595c673a25d82742f6154182
T1a_ACRONYM,2000,sfti_5bffed7e4ec56b5f0546ca4c
T1a_ACRONYM,2000,sfti_8f3bea021d5f5e21de9aa281
T1a_ACRONYM,2000,sfti_df67b4910cc5aff82f54c05f
T1a_ACRONYM,2000,sfti_24db32b88a1a4352966dfd01
T1a_ACRONYM,2000,sfti_f132e335c3e2fb5eaeeb70d3
T1a_ACRONYM,2000,sfti_d940c261b92f6c6fba4cfbd9
T1a_ACRONYM,2000,sfti_8abfd85d094987f9d8634abe
T1a_ACRONYM,2000,sfti_22ff1acb4d14ef3dac8577f8
T1a_ACRONYM,2000,sfti_7e2caa1e968145dbe367b0ec
T1a_ACRONYM,2000,sfti_21c24d1ff0185af3770406cd
T1a_ACRONYM,2000,sfti_2ba9343bb9685f867403e4d9
T1a_ACRONYM,2000,sfti_00d6e17bde82c95641b7a617
T1a_ACRONYM,2000,sfti_67c607edc36617ce56dbc8d5
T1a_ACRONYM,2000,sfti_0d520b68d893b393862d7d72
T1a_ACRONYM,2000,sfti_d5ecaf26639eeebc8babbf76
T1a_ACRONYM,2000,sfti_0f9bfba1e4bf7cba8d92b837
T1a_ACRONYM,2000,sfti_935f7a1dbd07bee8c4928135
T1a_ACRONYM,2000,sfti_8acd31d33bad6c1c5dec43f5
T1a_ACRONYM,2000,sfti_1d666f1c9c36f68634cfacde
T1a_ACRONYM,2000,sfti_3b92dc3be19c3ab4906c1334
T1a_ACRONYM,2000,sfti_271d904bda5459f6c69c7aa2
T1a_ACRONYM,2000,sfti_05b671df2ec7da8ddf17363e
T1a_ACRONYM,2000,sfti_ed3df1fcb40c6d4456ae3d50
T1a_ACRONYM,2000,sfti_4c114c00d0ab576dba28e4e0
T1a_ACRONYM,2000,sfti_24f603d2ede9e241be312359
T1a_ACRONYM,2000,sfti_d7ea429d0e4368eb2f21d6c0
T1a_ACRONYM,2000,sfti_f721a718d2510007d743e3f9
T1a_ACRONYM,2000,sfti_896fa56837f53b96602a8661
T1a_ACRONYM,2000,sfti_f7b3a5de95141741462e104b
T1a_ACRONYM,2000,sfti_5a22801d7c76e4864b2a5330
T1a_ACRONYM,2000,sfti_236b6d21fa0fdb752a840c8e
T1a_ACRONYM,2000,sfti_e48a425133e9e080a1b2a1db
T1a_ACRONYM,2000,sfti_375c882a4928db27f5c6a16f
T1a_ACRONYM,2000,sfti_28007b6c8fde7d29d563b779
T1a_ACRONYM,2000,sfti_409c4e4e24f6da79e9a2d5c5
T1a_ACRONYM,2000,sfti_e6855d4314250d186564cefb
T1a_ACRONYM,2000,sfti_ceb83cb8db32676694ff88e7
T1a_ACRONYM,2000,sfti_d29266fa69cfa408090c6dce
T1a_ACRONYM,2000,sfti_f1c27f1e51774e1857a37f91
T1a_ACRONYM,2000,sfti_79bbf149054358897f0152ee
T1a_ACRONYM,2000,sfti_51af5b947584350a87a17b42
T1a_ACRONYM,2000,sfti_2c017bd4838f71d35f500715
T1a_ACRONYM,2000,sfti_9c05e6ea2645d9f157088722
T1a_ACRONYM,2000,sfti_48059743d48699430702fdb9
T1a_ACRONYM,2000,sfti_a48c101b021e700562ff79f9
T1a_ACRONYM,2000,sfti_018f9bcb2b2a7a91245a4850
T1a_ACRONYM,2000,sfti_65c75ece7e0b2275b40ad19f
T1a_ACRONYM,2000,sfti_c875119fb78c12a7f3d2985c
T1a_ACRONYM,2000,sfti_f7c51a490670d3fa742b949f
T1a_ACRONYM,2000,sfti_5d308566ffc84e2cff38cf61
T1a_ACRONYM,2000,sfti_563f052687e4d3e8d502026f
T1a_ACRONYM,2000,sfti_ac66e29d773d4eb9a0eb0b71
T1a_ACRONYM,2000,sfti_3bc117db641ec7fec516d254
T1a_ACRONYM,2000,sfti_2a9001caeed0e456cca0a5c9
T1a_ACRONYM,2000,sfti_1513210a1969ada54be34619
T1a_ACRONYM,2000,sfti_0f4eb30a07606bebf6de79c6
T1a_ACRONYM,2000,sfti_d4f2ce8ee18a56d28da36c00
T1a_ACRONYM,2000,sfti_e456545ed4db905fd95f99c9
T1a_ACRONYM,2000,sfti_8f78ec845e051a01a6ad065e
T1a_ACRONYM,2000,sfti_531340a9e13276738d9ed5a0
T1a_ACRONYM,2000,sfti_cf7cb1a5545c816c21334896
T1a_ACRONYM,2000,sfti_db245461254f3360c281bca0
T1a_ACRONYM,2000,sfti_0c8d0962c5c8e177792e5eb6
T1a_ACRONYM,2000,sfti_4db355da34bd9fd53bfba58c
T1a_ACRONYM,2000,sfti_0d5181539aebddf6b48b6e27
T1a_ACRONYM,2000,sfti_12df2ba6328451cab3a27cda
T1a_ACRONYM,2000,sfti_d4cdf5ae779ca83fc45ed987
T1a_ACRONYM,2000,sfti_d0bd551ea44ed3610f42bdbc
T1a_ACRONYM,2000,sfti_880d5b66bf1098a7e8069ff4
T1a_ACRONYM,2000,sfti_7c49bb22782509151ba24977
T1a_ACRONYM,2000,sfti_5566c94e9f8ff9b08a7515b2
T1a_ACRONYM,2000,sfti_54a4d387bc686c30281b23be
T1a_ACRONYM,2000,sfti_524bbbdccf61d52e1260e742
T1a_ACRONYM,2000,sfti_093d675c35a8d89e7dbf10d2
T1a_ACRONYM,2000,sfti_591751d8f14fccc60e0d8d23
T1a_ACRONYM,2000,sfti_b23fca8f8c88b9eddb057e9f
T1a_ACRONYM,2000,sfti_e4fc2a0311d542d2830e5db8
T1a_ACRONYM,2000,sfti_047245f56d8f7919a6f11724
T1a_ACRONYM,2000,sfti_5cfa47dc7b3d7045ab8988a9
T1a_ACRONYM,2000,sfti_2a664c39bd50086f9c9a5da7
T1a_ACRONYM,2000,sfti_2b2f03712f25f3e104798352
T1a_ACRONYM,2000,sfti_2f9ff17e84c8d2a046f99267
T1a_ACRONYM,2000,sfti_035dbb11d7d718bb8be520f7
T1a_ACRONYM,2000,sfti_fa7584fc949014c5f325e82a
T1a_ACRONYM,2000,sfti_3190bd944f28e90eafbcd000
T1a_ACRONYM,2000,sfti_fc410e40e8654af60f7ee64f
T1a_ACRONYM,2000,sfti_f5575a9b14dafbfac2a5b1a5
T1a_ACRONYM,2000,sfti_f7b3669f5f13f28152686bbd
T1a_ACRONYM,2000,sfti_5c19e2bec6b5fcc96b28cf17
T1a_ACRONYM,2000,sfti_513932b16982f3e5e156d2b8
T1a_ACRONYM,2000,sfti_379af4e493d21f3f6797b62b
T1a_ACRONYM,2000,sfti_9f782f5c7dc5167dae6e60c7
T1a_ACRONYM,2000,sfti_bd7c3e0908e1284f9fcbfa29
T1a_ACRONYM,2000,sfti_5e0f5906f12ee3dc7c7d37ea
T1a_ACRONYM,2000,sfti_2a0616ff902209439734067c
T1a_ACRONYM,2000,sfti_9c8ac166a0872d9d9b925170
T1a_ACRONYM,2000,sfti_f3e6d59efa8bf6770bfb5cb7
T1a_ACRONYM,2000,sfti_15d8c86d65101e2302343fb2
T1a_ACRONYM,2000,sfti_09ec24502499181b8744f4de
T1a_ACRONYM,2000,sfti_776eebd7998f0d09f2724708
T1a_ACRONYM,2000,sfti_2aec41da07d574f6e06ef0e1
T1a_ACRONYM,2000,sfti_e8b9bf91e0dc30713bee3c1d
T1a_ACRONYM,2000,sfti_8e788d496a30531211f36603
T1a_ACRONYM,2000,sfti_8f40edbbacf5809975407e6d
T1a_ACRONYM,2000,sfti_bfeaec3751b9b843c57ebd67
T1a_ACRONYM,2000,sfti_15aa0d22a1bd8f8a1080198d
T1a_ACRONYM,2000,sfti_25c7963544dfc935b2c916c1
T1a_ACRONYM,2000,sfti_743a8dde47b00ae6712d3609
T1a_ACRONYM,2000,sfti_57f49a989dd7d43e1831233f
T1a_ACRONYM,2000,sfti_d4f0d133046878f0f2191c1a
T1a_ACRONYM,2000,sfti_6708c55744c1ce625f7d94e3
T1a_ACRONYM,2000,sfti_fdeacca4d96dfe5dd63c8a0f
T1a_ACRONYM,2000,sfti_ded18b0778d1a8dd7cedeb78
T1a_ACRONYM,2000,sfti_099702274b1c1c0db179c88e
T1a_ACRONYM,2000,sfti_e004fd16d24d458e858fd940
T1a_ACRONYM,2000,sfti_cd8094a16704fffb60d5099e
T1a_ACRONYM,2000,sfti_5494333875e8ca6d717b7f27
T1a_ACRONYM,2000,sfti_c2c38d98e41ceb3064f83b9e
T1a_ACRONYM,2000,sfti_c33f039593449c243747daba
T1a_ACRONYM,2000,sfti_fc1cc1dab55117890c1de73f
T1a_ACRONYM,2000,sfti_cff748bc49ad042d1c4c80e7
T1a_ACRONYM,2000,sfti_1a1024e9d82b10a44157e1ef
T1a_ACRONYM,2000,sfti_27abcc684ea96af67e31a177
T1a_ACRONYM,2000,sfti_784477aebfe91af90c9d1571
T1a_ACRONYM,2000,sfti_22fbc76f584c9eafc53e385b
T1a_ACRONYM,2000,sfti_679f3d898468a869b33671f6
T1a_ACRONYM,2000,sfti_921075457c573af26390a801
T1a_ACRONYM,2000,sfti_409199c43c4a27fafab68f6a
T1a_ACRONYM,2000,sfti_648f240ba14f354a048309ac
T1a_ACRONYM,2000,sfti_dbf980785c74b11da3fb578f
T1a_ACRONYM,2000,sfti_c5cccaf7593733628ac7066c
T1a_ACRONYM,2000,sfti_5136699968db75b27e48f1d7
T1a_ACRONYM,2000,sfti_98dff3cd0f18a48c42daca24
T1a_ACRONYM,2000,sfti_5e630b1634010b8d4615eb1c
T1a_ACRONYM,2000,sfti_855ade81bdbe991c7e3ef90c
T1a_ACRONYM,2000,sfti_d0905386f4de574fd9d0e8c2
T1a_ACRONYM,2000,sfti_a8734b0d66304b550d61d0d8
T1a_ACRONYM,2000,sfti_91ff6432b15042ef5c20bc5a
T1a_ACRONYM,2000,sfti_340c09f1629bc22a05a3cc90
T1a_ACRONYM,2000,sfti_1e91012b360014ca173d6032
T1a_ACRONYM,2000,sfti_4b4adb99a828921a315a2dcb
T1a_ACRONYM,2000,sfti_6be429ebc34204e7e6d5db03
T1a_ACRONYM,2000,sfti_c9a155cd608fef3b19ee8f7c
T1a_ACRONYM,2000,sfti_3ba639dbf25b47bdc0434575
T1a_ACRONYM,2000,sfti_9859e835e3ee27da494918dd
T1a_ACRONYM,2000,sfti_018c637f9bc6dcbc9de0a02f
T1a_ACRONYM,2000,sfti_b72f44da33cd1557ba273aac
T1a_ACRONYM,2000,sfti_d6738dead858a3a39baf2de9
T1a_ACRONYM,2000,sfti_65c70d21717810c447d64f0e
T1a_ACRONYM,2000,sfti_8ae37b41e94278a2a8225685
T1a_ACRONYM,2000,sfti_56a39ab99dce42e4250dd8ac
T1a_ACRONYM,2000,sfti_34d72f65983e1bcfc06f5a27
T1a_ACRONYM,2000,sfti_7e0e770858e4c2c719acb5c2
T1a_ACRONYM,2000,sfti_b95482abbad7d3e6583183cf
T1a_ACRONYM,2000,sfti_4320d5c6102630f1256a52e1
T1a_ACRONYM,2000,sfti_401706e906ca4a6aef388944
T1a_ACRONYM,2000,sfti_fd8fe80f01bdf026106fe42b
T1a_ACRONYM,2000,sfti_83eb909623465a9dba670ec0
T1a_ACRONYM,2000,sfti_b05d80c9ffc2c48bbb937084
T1a_ACRONYM,2000,sfti_07a16f77aaaee5a3f24523f2
T1a_ACRONYM,2000,sfti_3328d0d5090afcd43f7d94b6
T1a_ACRONYM,2000,sfti_a55e4918a9ab2206fed77ec7
T1a_ACRONYM,2000,sfti_d53e3f7685c2ea07a56ec6bd
T1a_ACRONYM,2000,sfti_7bc3c6b8e6f01dda29b802ba
T1a_ACRONYM,2000,sfti_b79b0e0656379fb26d8f78fc
T1a_ACRONYM,2000,sfti_21c2da4a9bd1262e36d12c20
T1a_ACRONYM,2000,sfti_0e8612d89b3df4aa34072af3
T1a_ACRONYM,2000,sfti_6177e344996858e5f9e8a9c4
T1a_ACRONYM,2000,sfti_410b19d425ad316b9a13f7db
T1a_ACRONYM,2000,sfti_8b1ae87937a629bae18d5fdf
T1a_ACRONYM,2000,sfti_dd2ae025fc921a6eae02f244
T1a_ACRONYM,2000,sfti_054bef7ff306fb92940cc3e8
T1a_ACRONYM,2000,sfti_de7df06ffb6582534ad49281
T1a_ACRONYM,2000,sfti_e7109b1b9a4b06991f904fa3
T1a_ACRONYM,2000,sfti_53ae7fd80fa8dc6fe27fb8ca
T1a_ACRONYM,2000,sfti_deba234fbe871b283e31924c
T1a_ACRONYM,2000,sfti_8d75724d256a56faa3ba1fd3
T1a_ACRONYM,2000,sfti_55128c7c3899f46024530c14
T1a_ACRONYM,2000,sfti_3dd94cee1ec132285017f53f
T1a_ACRONYM,2000,sfti_9c8136b9722e9319f48b20e0
T1a_ACRONYM,2000,sfti_3319c8475bf446d38c9b9fc7
T1a_ACRONYM,2000,sfti_ade9a57a97031d2314b86179
T1a_ACRONYM,2000,sfti_450846ccace98879ea40d8da
T1a_ACRONYM,2000,sfti_853bc0df5265e4b20c5ad363
T1a_ACRONYM,2000,sfti_adda38b4d85299ec11da950c
T1a_ACRONYM,2000,sfti_db21f02e8dc73095810f81a7
T1a_ACRONYM,2000,sfti_1c92af372e1022662400a225
T1a_ACRONYM,2000,sfti_cbd9d81867430d84905574e5
T1a_ACRONYM,2000,sfti_6eb917c488d092e4d9cf5d00
T1a_ACRONYM,2000,sfti_c58e0ba926bfe9140519953d
T1a_ACRONYM,2000,sfti_0d8ab9e389bb7953b3208364
T1a_ACRONYM,2000,sfti_78417012303b6a00bc7995fb
T1a_ACRONYM,2000,sfti_51949aba8a42a0bc5227eed8
T1a_ACRONYM,2000,sfti_55bb61efa58ec941fee2e01a
T1a_ACRONYM,2000,sfti_330b387649b526ca895881ba
T1a_ACRONYM,2000,sfti_a4f1ca58f1226b0781cc9573
T1a_ACRONYM,2000,sfti_c3f9c05c6a886890469dbdf3
T1a_ACRONYM,2000,sfti_59e4cc68d986638cf2d4903f
T1a_ACRONYM,2000,sfti_4b1eee7d7ca74ea71a8b4dda
T1a_ACRONYM,2000,sfti_535bf111a1b67dbafbee751c
T1a_ACRONYM,2000,sfti_053b1d0fd9bce0d29cdad9c9
T1a_ACRONYM,2000,sfti_662bdf9bc39b096fbd8b7f0a
T1a_ACRONYM,2000,sfti_c1b3d51a18dadc198c396f70
T1a_ACRONYM,2000,sfti_e1058c67dde3510e79e050b8
T1a_ACRONYM,2000,sfti_0670a43806d275f9670d99ca
T1a_ACRONYM,2000,sfti_3db39e0db6979eadfac1f1ea
T1a_ACRONYM,2000,sfti_2938fa96e06f4b4054a632b7
T1a_ACRONYM,2000,sfti_e15ab900466f58ef893101b9
T1a_ACRONYM,2000,sfti_df5deb90b980ad917fe4203b
T1a_ACRONYM,2000,sfti_ebf9e00741f8e0a70122e0d9
T1a_ACRONYM,2000,sfti_d0cd4b7f84d4f079e55825d9
T1a_ACRONYM,2000,sfti_067cdf5a8bd98d664af8dc04
T1a_ACRONYM,2000,sfti_b2c64045e736a3c188258b1f
T1a_ACRONYM,2000,sfti_65eedc4083ac0ff57772c4f9
T1a_ACRONYM,2000,sfti_f33566e9276ee5311942a18b
T1a_ACRONYM,2000,sfti_0c8db1ff654d408d52142d64
T1a_ACRONYM,2000,sfti_8b223460d8509f4e5f899a40
T1a_ACRONYM,2000,sfti_34bbc3e5eb5a2dadba445df3
T1a_ACRONYM,2000,sfti_e1d013ea17be8e0be3519b71
T1a_ACRONYM,2000,sfti_7347779146aae80a9963f83c
T1a_ACRONYM,2000,sfti_4643de2b347a972c35d9f9a8
T1a_ACRONYM,2000,sfti_1b678538fb847fd288e10788
T1a_ACRONYM,2000,sfti_89a7f432d234744588416fec
T1a_ACRONYM,2000,sfti_ddd3c8e504a293e22676da4e
T1a_ACRONYM,2000,sfti_aade37503f6c70be6ef1e5c9
T1a_ACRONYM,2000,sfti_1a7042046d2330aa632776b1
T1a_ACRONYM,2000,sfti_8d31d01892b9da1e2f20e5ca
T1a_ACRONYM,2000,sfti_9d9426f8070937164070503c
T1a_ACRONYM,2000,sfti_f72bc2546e7dd52b8d18376c
T1a_ACRONYM,2000,sfti_c69091e503943596592949dd
T1a_ACRONYM,2000,sfti_e61464728de8483d23df88d4
T1a_ACRONYM,2000,sfti_ae6005c213dedce4dc7729dc
T1a_ACRONYM,2000,sfti_d0df7077138d8b95150b8c71
T1a_ACRONYM,2000,sfti_3e4ad669718952d538450e83
T1a_ACRONYM,2000,sfti_2aa9b0f9de9af43e94d7104d
T1a_ACRONYM,2000,sfti_575c577c06b91a0b7716c076
T1a_ACRONYM,2000,sfti_b65476da1d0f0243efd9f0ec
T1a_ACRONYM,2000,sfti_455fcc4e52a26b176b4b19ea
T1a_ACRONYM,2000,sfti_95063b82da5aa56be1238ae2
T1a_ACRONYM,2000,sfti_bf714e9233ae542ff68ff6b9
T1a_ACRONYM,2000,sfti_f85fb56a210c14b2324e53d5
T1a_ACRONYM,2000,sfti_e39ba26b289c79748579ee4c
T1a_ACRONYM,2000,sfti_03419e5af8890e90c6019535
T1a_ACRONYM,2000,sfti_95abaeb813bf2aee4dfe6fdb
T1a_ACRONYM,2000,sfti_deb7092a86c2cf2787b3e2bf
T1a_ACRONYM,2000,sfti_7446dd29f191dc6be4a87122
T1a_ACRONYM,2000,sfti_40f8dcf78c90fb4861992c16
T1a_ACRONYM,2000,sfti_724f7d925def67fd8ba48c82
T1a_ACRONYM,2000,sfti_326a3006e8e4eac46cfc1d7a
T1a_ACRONYM,2000,sfti_008ae967124f253d9618e261
T1a_ACRONYM,2000,sfti_4b8dc4c008035a8281cc7f9a
T1a_ACRONYM,2000,sfti_8e2ab0c08e6e6dfcb2fb1453
T1a_ACRONYM,2000,sfti_311f409cd54295c58f6072db
T1a_ACRONYM,2000,sfti_58473079d0d4d6796eb67b50
T1a_ACRONYM,2000,sfti_7dc18cccca184bdc73d7eb96
T1a_ACRONYM,2000,sfti_50c1027f6d753fe0504803c6
T1a_ACRONYM,2000,sfti_f21841bfcd8f4d02b262ff7e
T1a_ACRONYM,2000,sfti_2246b803d86f8a76a417326b
T1a_ACRONYM,2000,sfti_aa826cc7f1c2e69bcb441641
T1a_ACRONYM,2000,sfti_725136d1f6785b143f4b912e
T1a_ACRONYM,2000,sfti_23ee3b34ddff7bec06ea766b
T1a_ACRONYM,2000,sfti_c604a1528b96aac7200a9c5c
T1a_ACRONYM,2000,sfti_c659432e5e2c9ec8af5369d1
T1a_ACRONYM,2000,sfti_15417dafcf56ab66c701fe41
T1a_ACRONYM,2000,sfti_e22cac6bb7aa03befad3f53a
T1a_ACRONYM,2000,sfti_f3133d53ac958e59c276035c
T1a_ACRONYM,2000,sfti_330ff951b9c08f90c1e97247
T1a_ACRONYM,2000,sfti_27f4d9760a132441b6be3a03
T1a_ACRONYM,2000,sfti_a257417b3d0127f904cf1588
T1a_ACRONYM,2000,sfti_f20fec18b73e5945da91ace4
T1a_ACRONYM,2000,sfti_e42ea8081d0deca86fcbe00e
T1a_ACRONYM,2000,sfti_3574e2a0a119666b7861fa08
T1a_ACRONYM,2000,sfti_bbe69500b25c61b9a4639c9f
T1a_ACRONYM,2000,sfti_eb54f077faf9ae7497009f4a
T1a_ACRONYM,2000,sfti_b65a37e3e4a45011cc3d77b3
T1a_ACRONYM,2000,sfti_5194e24487104c83c9939c4b
T1a_ACRONYM,2000,sfti_198f81189f179e93d59fb295
T1a_ACRONYM,2000,sfti_53fbfb4e2cd2e9f03221042f
T1a_ACRONYM,2000,sfti_a6c720044fac974377ae887e
T1a_ACRONYM,2000,sfti_e94124cc036b2d5942e48a0b
T1a_ACRONYM,2000,sfti_1789a1ce197ba4c597a14897
T1a_ACRONYM,2000,sfti_81bb41970e4bc12aa7f450a9
T1a_ACRONYM,2000,sfti_9c7563121c68e4275be5f00d
T1a_ACRONYM,2000,sfti_4231a2c122e8b42c59a31a4b
T1a_ACRONYM,2000,sfti_bb23b0406db763298af4524d
T1a_ACRONYM,2000,sfti_38813d3be7128d3e05df10fd
T1a_ACRONYM,2000,sfti_280f3099024ddf444a526b0a
T1a_ACRONYM,2000,sfti_0f5274fa9914a06ed3435c2e
T1a_ACRONYM,2000,sfti_debc4e7adf1e7b30db367cd8
T1a_ACRONYM,2000,sfti_5490a5aaf8ce3d796dd5ca23
T1a_ACRONYM,2000,sfti_77ad630b22ec1817971dcac5
T1a_ACRONYM,2000,sfti_74bdd518540e554c61003f0c
T1a_ACRONYM,2000,sfti_ed7801cc698d4f963578300e
T1a_ACRONYM,2000,sfti_31f17fbf7a8345b852947bc2
T1a_ACRONYM,2000,sfti_8808485fab9bc3f5aeabcfa1
T1a_ACRONYM,2000,sfti_bed836c41fcc87fffde68645
T1a_ACRONYM,2000,sfti_07c85c8c6f37d6bfaabb19e3
T1a_ACRONYM,2000,sfti_36cc2611b9bf1c96a88d9334
T1a_ACRONYM,2000,sfti_73a72cb4718c4af5bc0f5cda
T1a_ACRONYM,2000,sfti_210a603fdb8ba83dfc7ffa1d
T1a_ACRONYM,2000,sfti_f2447ab98ef36886d3e5d667
T1a_ACRONYM,2000,sfti_a5758d3f544544517ba28f08
T1a_ACRONYM,2000,sfti_45a28bde3fd3c752b2e80605
T1a_ACRONYM,2000,sfti_23db466657bad366634e9110
T1a_ACRONYM,2000,sfti_e70bb32f7df0dcfece09b3f0
T1a_ACRONYM,2000,sfti_b2b27eb76290dc19c172899b
T1a_ACRONYM,2000,sfti_df609c63b757d3d60d17805e
T1a_ACRONYM,2000,sfti_26fae09f3b27622b5f0304f3
T1a_ACRONYM,2000,sfti_2318b748fef84e71da8d85a8
T1a_ACRONYM,2000,sfti_162622ac5d924538f1c49d9f
T1a_ACRONYM,2000,sfti_c0816433f3d9176fc487cff5
T1a_ACRONYM,2000,sfti_362ae9f91cd3833137f5f6b3
T1a_ACRONYM,2000,sfti_447ccf5b5c39bc980ce47dd2
T1a_ACRONYM,2000,sfti_f31a8cddc98d410c190c4701
T1a_ACRONYM,2000,sfti_1b3789b036030eedfd7785ff
T1a_ACRONYM,2000,sfti_972f39cdc966b13ca183026e
T1a_ACRONYM,2000,sfti_ac16022c12f0458a617293d0
T1a_ACRONYM,2000,sfti_34a588c21b0053ecd70ae3b0
T1a_ACRONYM,2000,sfti_55d14742c6c19521b2072f9c
T1a_ACRONYM,2000,sfti_2aa61456a13acb7c900b92c5
T1a_ACRONYM,2000,sfti_3c3f24b3330cf28c11652e8c
T1a_ACRONYM,2000,sfti_10cb42b591093ac1a990f320
T1a_ACRONYM,2000,sfti_361e37f035bbbb28364d2ba1
T1a_ACRONYM,2000,sfti_455db17a00ef9fde3457438e
T1a_ACRONYM,2000,sfti_ef31442802502334cd5f449c
T1a_ACRONYM,2000,sfti_a68bf9467e30b010516abb02
T1a_ACRONYM,2000,sfti_cb96e7d329b7ad959306638a
T1a_ACRONYM,2000,sfti_e78508ea383a2f2b7d1ceeb0
T1a_ACRONYM,2000,sfti_02d0bdba70db9e562fe3f2ec
T1a_ACRONYM,2000,sfti_17333b30accb081a4ce0322b
T1a_ACRONYM,2000,sfti_cfff5c13a16e02d7032f2b80
T1a_ACRONYM,2000,sfti_9abf50b2ed313d44a0ef763e
T1a_ACRONYM,2000,sfti_1e3a9dafc645e3f269673c25
T1a_ACRONYM,2000,sfti_517e0a024dacd5056311e9f9
T1a_ACRONYM,2000,sfti_b898390991fec4f57d1f5c92
T1a_ACRONYM,2000,sfti_634c3e69c39b196da4e62056
T1a_ACRONYM,2000,sfti_a79bfca72ee33413861c5781
T1a_ACRONYM,2000,sfti_aea17f763ff49d0abff9c1d1
T1a_ACRONYM,2000,sfti_5ca5cb90dae9305f1ccffa8b
T1a_ACRONYM,2000,sfti_aee4fdb32c3ccf13e713aaa9
T1a_ACRONYM,2000,sfti_04511dc5f0c5c01066f9e561
T1a_ACRONYM,2000,sfti_e4c5a8f42e8af0ee8646fed2
T1a_ACRONYM,2000,sfti_2b2866d1be083baa89b6ddf3
T1a_ACRONYM,2000,sfti_ce38ec59426a7fdd477ce8f7
T1a_ACRONYM,2000,sfti_7e73787e4923511614a43284
T1a_ACRONYM,2000,sfti_0b34f97b5f679349ab31fc5c
T1a_ACRONYM,2000,sfti_e47c62ac060a364bba0a56d2
T1a_ACRONYM,2000,sfti_b97a964b2a7977cfb71d71b8
T1a_ACRONYM,2000,sfti_e71c08333ddfd37d3048aae0
T1a_ACRONYM,2000,sfti_bc1b214577b7451c613b141e
T1a_ACRONYM,2000,sfti_2d994ac481e3f0947f7b8103
T1a_ACRONYM,2000,sfti_3cae180745248ecea3b017a1
T1a_ACRONYM,2000,sfti_4eb1b063717d41f48d80ef12
T1a_ACRONYM,2000,sfti_e17b0f087206cac88d0f7be5
T1a_ACRONYM,2000,sfti_1f6bd59cc787fc90c6958d68
T1a_ACRONYM,2000,sfti_ce5a63afbbb18df5c6de59e1
T1a_ACRONYM,2000,sfti_46e780a99c9ae4b57ce51ab9
T1a_ACRONYM,2000,sfti_1ff21bc07c73a6fd4b1928c3
T1a_ACRONYM,2000,sfti_35555ce291521b8f4b6a66e8
T1a_ACRONYM,2000,sfti_f406231a08569fd97441804a
T1a_ACRONYM,2000,sfti_914440098303e97295548aaf
T1a_ACRONYM,2000,sfti_0b412ace7dab2b7bf3d1a4f8
T1a_ACRONYM,2000,sfti_a7ea06d5d4ef8a004bacdeef
T1a_ACRONYM,2000,sfti_77269682b0870e3f1f713de9
T1a_ACRONYM,2000,sfti_af99f4daa61f4144e2df9773
T1a_ACRONYM,2000,sfti_2b43344cf4249cd86829e1ce
T1a_ACRONYM,2000,sfti_c6700728da3a5ca54be81339
T1a_ACRONYM,2000,sfti_6d592a45641a92b253fca1de
T1a_ACRONYM,2000,sfti_f6dc14015ec4096f87e5c2f8
T1a_ACRONYM,2000,sfti_1cc1fb83661c14a352e6b93f
T1a_ACRONYM,2000,sfti_2fc9ef96c95f06f864e000f2
T1a_ACRONYM,2000,sfti_242e6ac836e993c2c0175ba6
T1a_ACRONYM,2000,sfti_c80bef0351277a2b994d27d9
T1a_ACRONYM,2000,sfti_d1aa4e1ef681f7d335edf422
T1a_ACRONYM,2000,sfti_7fbff7e084f4e6a06ea3f15b
T1a_ACRONYM,2000,sfti_bda72d3934610fb71e158c6b
T1a_ACRONYM,2000,sfti_5bbf2f6d8acc4aaa3d2dc2f1
T1a_ACRONYM,2000,sfti_617994deaea2dedf1f74b622
T1a_ACRONYM,2000,sfti_d0cc450658e70bd5754459f2
T1a_ACRONYM,2000,sfti_2f2377611ff1a7dca4eff5a2
T1a_ACRONYM,2000,sfti_958f9a68b633b6382b7b0323
T1a_ACRONYM,2000,sfti_0506307f4a1e7f4d55bc8a3a
T1a_ACRONYM,2000,sfti_4935c7db59cc8ed9277aa2b6
T1a_ACRONYM,2000,sfti_3f1c6ed55fab1cf68301c3fa
T1a_ACRONYM,2000,sfti_6d2f81bce86249d22353f3ee
T1a_ACRONYM,2000,sfti_cc7e2d83b5193668357e0bdb
T2_NUMERIC,100,sfti_b8d12c8e14e4b3ef666281f4
T2_NUMERIC,100,sfti_a222afb5c73ba50a19c4dae1
T2_NUMERIC,100,sfti_ddf3aa2d27971d297aca92d1
T2_NUMERIC,100,sfti_f6cefdad16d287333cdab907
T2_NUMERIC,100,sfti_6595050ac5255bff9540dc16
T2_NUMERIC,100,sfti_5b84d44679f5556a3685d395
T2_NUMERIC,100,sfti_e6e7f2088188723678f08e8c
T2_NUMERIC,100,sfti_57107ae0a9b95a40be423657
T2_NUMERIC,100,sfti_0a59f93a31c9dad5692f68d8
T2_NUMERIC,100,sfti_35a516e4259e436079e0dbfd
T2_NUMERIC,100,sfti_e60aee9c136c8b7cdbcbf3f2
T2_NUMERIC,100,sfti_ad89d78cb936e6939e055fe6
T2_NUMERIC,100,sfti_9f4adf56c8f730c0094e11c3
T2_NUMERIC,100,sfti_3997cd927eaf29c4b1d2825b
T2_NUMERIC,100,sfti_67dacbf2939945a5b9cd33b8
T2_NUMERIC,100,sfti_df1b1a9d7a2447977361d5f8
T2_NUMERIC,100,sfti_f6663e600815ba2a7b634809
T2_NUMERIC,100,sfti_eebb6d8ecd68d3c382b284af
T2_NUMERIC,100,sfti_7f4d5c676f22ca9c23060769
T2_NUMERIC,100,sfti_5c246ea4542e3842a2946b4c
T2_NUMERIC,100,sfti_ea49ed49815c79837d443d42
T2_NUMERIC,100,sfti_dddbdf684ea5a9fb001d37a4
T2_NUMERIC,100,sfti_3d780f719c75136e7a50c857
T2_NUMERIC,100,sfti_1b23c3e2af4f8eb06be5d56f
T2_NUMERIC,100,sfti_333c28b0065e5678b455e444
T2_NUMERIC,100,sfti_dac769fd8aac9b180196822d
T2_NUMERIC,100,sfti_27ababf746ca9b5b1113fa82
T2_NUMERIC,100,sfti_aa506dfb841671178a3a11ae
T2_NUMERIC,100,sfti_aed560c85bd7be7659a7d4b3
T2_NUMERIC,100,sfti_1e3bcf2033cb2b4876f779ef
T2_NUMERIC,100,sfti_1709ac4935bfb840ea132780
T2_NUMERIC,100,sfti_764cc6ce47552c8b319c33a6
T2_NUMERIC,100,sfti_64847945276ddccbe4d1e074
T2_NUMERIC,100,sfti_8c5868bfaccf77c55da5edda
T2_NUMERIC,100,sfti_92cf064950f5c4fb6c81f18d
T2_NUMERIC,100,sfti_a7c5c299094fe26a77c561bb
T2_NUMERIC,100,sfti_6292a55425eee9353a40b467
T2_NUMERIC,100,sfti_9795ddfd8eb505d9292c76de
T2_NUMERIC,100,sfti_c506789a0bd58961b9dfea68
T2_NUMERIC,100,sfti_be70a1d518c446b6a79f2bc8
T2_NUMERIC,100,sfti_f3ab8934b5f5d28043eeb22d
T2_NUMERIC,100,sfti_6de2447617d7c4e94c6aa030
T2_NUMERIC,100,sfti_376e716071efd2501d98dedf
T2_NUMERIC,100,sfti_960bf51d81fa86c2c20844ad
T2_NUMERIC,100,sfti_dc6a289df181fb5b5e8805e7
T2_NUMERIC,100,sfti_11a02bec9f823d1ea50e1b70
T2_NUMERIC,100,sfti_972c7f8e63d26faf9ce8db22
T2_NUMERIC,100,sfti_330cf9cf0b14be3347ee2125
T2_NUMERIC,100,sfti_827772f5de552589ac4b96e4
T2_NUMERIC,100,sfti_c5840e4a099afcb401fcf563
T2_NUMERIC,100,sfti_5a761c448165b38e1a2a87ce
T2_NUMERIC,100,sfti_bb9eca1edb4afa5c0f156571
T2_NUMERIC,100,sfti_f70af67701d9f60fc708ef8e
T2_NUMERIC,100,sfti_4e30bde37f44cab0a2dbcd4a
T2_NUMERIC,100,sfti_a7b1da02320f4bf17aabdc93
T2_NUMERIC,100,sfti_b962d328c2ade14704082fe5
T2_NUMERIC,100,sfti_08a19d4d667649067bbf9a6e
T2_NUMERIC,100,sfti_4ffb56d55ec2d85e6853f873
T2_NUMERIC,100,sfti_b731cfa82ba7ca151cef3e58
T2_NUMERIC,100,sfti_6fd3835fba3c911260d25693
T2_NUMERIC,100,sfti_ae087f28aec829cff05a19c0
T2_NUMERIC,100,sfti_27993023aa62dc66345d008b
T2_NUMERIC,100,sfti_48047bce4ee447fe3b2a89a5
T2_NUMERIC,100,sfti_9e16661d7a44c0bd678209c4
T2_NUMERIC,100,sfti_2518b69e96bd5e30001044dd
T2_NUMERIC,100,sfti_e29e0083c9c0a33de34c36a0
T2_NUMERIC,100,sfti_1ee7591873d335807854984a
T2_NUMERIC,100,sfti_9ba35fc96378b2996dc69232
T2_NUMERIC,100,sfti_0a9715998d5b7d682d197ce4
T2_NUMERIC,100,sfti_cf8d95a07ad419e1b18c6db8
T2_NUMERIC,100,sfti_5605b49b15dec7fe1886c843
T2_NUMERIC,100,sfti_6f63cfee4fe72cf237537a4b
T2_NUMERIC,100,sfti_1ae04c499e415ecf63f5e98c
T2_NUMERIC,100,sfti_51e6e9afac72893145bda5da
T2_NUMERIC,100,sfti_5a13ef88dbd46167b959119c
T2_NUMERIC,100,sfti_891be71e2497c6e41b7e7676
T2_NUMERIC,100,sfti_871ace166824d71fae9b1722
T2_NUMERIC,100,sfti_8f9a844970a59ca7a036a459
T2_NUMERIC,100,sfti_61f1ae994992d3f6cfcc107b
T2_NUMERIC,100,sfti_d24e581b124f7365c3c34af0
T2_NUMERIC,100,sfti_91f9c9c50e739deb7d198740
T2_NUMERIC,100,sfti_5987fca34edbdd030dc60feb
T2_NUMERIC,100,sfti_6f02a0fc57e2a1a1cb978d13
T2_NUMERIC,100,sfti_f837a89bf231bf6e2f8e8e3e
T2_NUMERIC,100,sfti_68459e00ae6cbfb86c51ec36
T2_NUMERIC,100,sfti_21addf632cc9f6034a074307
T2_NUMERIC,100,sfti_b046365bb30d4f1791981da8
T2_NUMERIC,100,sfti_59c02d43516e00543279c931
T2_NUMERIC,100,sfti_28b15105aaef6dc2edbc342f
T2_NUMERIC,100,sfti_11ca076be87ab073f6b65c39
T2_NUMERIC,100,sfti_51e4d0031a183ec02c84456a
T2_NUMERIC,100,sfti_8e4192098e60ec6a3ca33302
T2_NUMERIC,100,sfti_22ef0ca8aaf52469ea6e348d
T2_NUMERIC,100,sfti_22fa6039053f29c54096344f
T2_NUMERIC,100,sfti_f0a52bfa46db24062e55f5e9
T2_NUMERIC,100,sfti_a41af869b59f1e106b994018
T2_NUMERIC,100,sfti_3131889da2bf27b6806bf645
T2_NUMERIC,100,sfti_a297c0da8dae865e02c020c7
T2_NUMERIC,100,sfti_999240e0ee22d50701a29e8b
T2_NUMERIC,100,sfti_ce3cc19cec03b6db0a6d7e7d
T2_NUMERIC,250,sfti_b8d12c8e14e4b3ef666281f4
T2_NUMERIC,250,sfti_a222afb5c73ba50a19c4dae1
T2_NUMERIC,250,sfti_ddf3aa2d27971d297aca92d1
T2_NUMERIC,250,sfti_f6cefdad16d287333cdab907
T2_NUMERIC,250,sfti_6595050ac5255bff9540dc16
T2_NUMERIC,250,sfti_5b84d44679f5556a3685d395
T2_NUMERIC,250,sfti_e6e7f2088188723678f08e8c
T2_NUMERIC,250,sfti_57107ae0a9b95a40be423657
T2_NUMERIC,250,sfti_0a59f93a31c9dad5692f68d8
T2_NUMERIC,250,sfti_35a516e4259e436079e0dbfd
T2_NUMERIC,250,sfti_e60aee9c136c8b7cdbcbf3f2
T2_NUMERIC,250,sfti_ad89d78cb936e6939e055fe6
T2_NUMERIC,250,sfti_9f4adf56c8f730c0094e11c3
T2_NUMERIC,250,sfti_3997cd927eaf29c4b1d2825b
T2_NUMERIC,250,sfti_67dacbf2939945a5b9cd33b8
T2_NUMERIC,250,sfti_df1b1a9d7a2447977361d5f8
T2_NUMERIC,250,sfti_f6663e600815ba2a7b634809
T2_NUMERIC,250,sfti_eebb6d8ecd68d3c382b284af
T2_NUMERIC,250,sfti_7f4d5c676f22ca9c23060769
T2_NUMERIC,250,sfti_5c246ea4542e3842a2946b4c
T2_NUMERIC,250,sfti_ea49ed49815c79837d443d42
T2_NUMERIC,250,sfti_dddbdf684ea5a9fb001d37a4
T2_NUMERIC,250,sfti_3d780f719c75136e7a50c857
T2_NUMERIC,250,sfti_1b23c3e2af4f8eb06be5d56f
T2_NUMERIC,250,sfti_333c28b0065e5678b455e444
T2_NUMERIC,250,sfti_dac769fd8aac9b180196822d
T2_NUMERIC,250,sfti_27ababf746ca9b5b1113fa82
T2_NUMERIC,250,sfti_aa506dfb841671178a3a11ae
T2_NUMERIC,250,sfti_aed560c85bd7be7659a7d4b3
T2_NUMERIC,250,sfti_1e3bcf2033cb2b4876f779ef
T2_NUMERIC,250,sfti_1709ac4935bfb840ea132780
T2_NUMERIC,250,sfti_764cc6ce47552c8b319c33a6
T2_NUMERIC,250,sfti_64847945276ddccbe4d1e074
T2_NUMERIC,250,sfti_8c5868bfaccf77c55da5edda
T2_NUMERIC,250,sfti_92cf064950f5c4fb6c81f18d
T2_NUMERIC,250,sfti_a7c5c299094fe26a77c561bb
T2_NUMERIC,250,sfti_6292a55425eee9353a40b467
T2_NUMERIC,250,sfti_9795ddfd8eb505d9292c76de
T2_NUMERIC,250,sfti_c506789a0bd58961b9dfea68
T2_NUMERIC,250,sfti_be70a1d518c446b6a79f2bc8
T2_NUMERIC,250,sfti_f3ab8934b5f5d28043eeb22d
T2_NUMERIC,250,sfti_6de2447617d7c4e94c6aa030
T2_NUMERIC,250,sfti_376e716071efd2501d98dedf
T2_NUMERIC,250,sfti_960bf51d81fa86c2c20844ad
T2_NUMERIC,250,sfti_dc6a289df181fb5b5e8805e7
T2_NUMERIC,250,sfti_11a02bec9f823d1ea50e1b70
T2_NUMERIC,250,sfti_972c7f8e63d26faf9ce8db22
T2_NUMERIC,250,sfti_330cf9cf0b14be3347ee2125
T2_NUMERIC,250,sfti_827772f5de552589ac4b96e4
T2_NUMERIC,250,sfti_c5840e4a099afcb401fcf563
T2_NUMERIC,250,sfti_5a761c448165b38e1a2a87ce
T2_NUMERIC,250,sfti_bb9eca1edb4afa5c0f156571
T2_NUMERIC,250,sfti_f70af67701d9f60fc708ef8e
T2_NUMERIC,250,sfti_4e30bde37f44cab0a2dbcd4a
T2_NUMERIC,250,sfti_a7b1da02320f4bf17aabdc93
T2_NUMERIC,250,sfti_b962d328c2ade14704082fe5
T2_NUMERIC,250,sfti_08a19d4d667649067bbf9a6e
T2_NUMERIC,250,sfti_4ffb56d55ec2d85e6853f873
T2_NUMERIC,250,sfti_b731cfa82ba7ca151cef3e58
T2_NUMERIC,250,sfti_6fd3835fba3c911260d25693
T2_NUMERIC,250,sfti_ae087f28aec829cff05a19c0
T2_NUMERIC,250,sfti_27993023aa62dc66345d008b
T2_NUMERIC,250,sfti_48047bce4ee447fe3b2a89a5
T2_NUMERIC,250,sfti_9e16661d7a44c0bd678209c4
T2_NUMERIC,250,sfti_2518b69e96bd5e30001044dd
T2_NUMERIC,250,sfti_e29e0083c9c0a33de34c36a0
T2_NUMERIC,250,sfti_1ee7591873d335807854984a
T2_NUMERIC,250,sfti_9ba35fc96378b2996dc69232
T2_NUMERIC,250,sfti_0a9715998d5b7d682d197ce4
T2_NUMERIC,250,sfti_cf8d95a07ad419e1b18c6db8
T2_NUMERIC,250,sfti_5605b49b15dec7fe1886c843
T2_NUMERIC,250,sfti_6f63cfee4fe72cf237537a4b
T2_NUMERIC,250,sfti_1ae04c499e415ecf63f5e98c
T2_NUMERIC,250,sfti_51e6e9afac72893145bda5da
T2_NUMERIC,250,sfti_5a13ef88dbd46167b959119c
T2_NUMERIC,250,sfti_891be71e2497c6e41b7e7676
T2_NUMERIC,250,sfti_871ace166824d71fae9b1722
T2_NUMERIC,250,sfti_8f9a844970a59ca7a036a459
T2_NUMERIC,250,sfti_61f1ae994992d3f6cfcc107b
T2_NUMERIC,250,sfti_d24e581b124f7365c3c34af0
T2_NUMERIC,250,sfti_91f9c9c50e739deb7d198740
T2_NUMERIC,250,sfti_5987fca34edbdd030dc60feb
T2_NUMERIC,250,sfti_6f02a0fc57e2a1a1cb978d13
T2_NUMERIC,250,sfti_f837a89bf231bf6e2f8e8e3e
T2_NUMERIC,250,sfti_68459e00ae6cbfb86c51ec36
T2_NUMERIC,250,sfti_21addf632cc9f6034a074307
T2_NUMERIC,250,sfti_b046365bb30d4f1791981da8
T2_NUMERIC,250,sfti_59c02d43516e00543279c931
T2_NUMERIC,250,sfti_28b15105aaef6dc2edbc342f
T2_NUMERIC,250,sfti_11ca076be87ab073f6b65c39
T2_NUMERIC,250,sfti_51e4d0031a183ec02c84456a
T2_NUMERIC,250,sfti_8e4192098e60ec6a3ca33302
T2_NUMERIC,250,sfti_22ef0ca8aaf52469ea6e348d
T2_NUMERIC,250,sfti_22fa6039053f29c54096344f
T2_NUMERIC,250,sfti_f0a52bfa46db24062e55f5e9
T2_NUMERIC,250,sfti_a41af869b59f1e106b994018
T2_NUMERIC,250,sfti_3131889da2bf27b6806bf645
T2_NUMERIC,250,sfti_a297c0da8dae865e02c020c7
T2_NUMERIC,250,sfti_999240e0ee22d50701a29e8b
T2_NUMERIC,250,sfti_ce3cc19cec03b6db0a6d7e7d
T2_NUMERIC,250,sfti_7573e24e824a17077b86d9ee
T2_NUMERIC,250,sfti_7841089a16d47e6f48b8840e
T2_NUMERIC,250,sfti_f243fd26b7a094bc46a0db42
T2_NUMERIC,250,sfti_0dc27cf5a59fc36cea54ddcf
T2_NUMERIC,250,sfti_74523b660298d5ca1ded9b32
T2_NUMERIC,250,sfti_d7f7d122fd63236c101cd9f2
T2_NUMERIC,250,sfti_e09245df3d55cdedd2536c97
T2_NUMERIC,250,sfti_41e80702b16aed7597f4e694
T2_NUMERIC,250,sfti_612e2ff4757e7228768d9d24
T2_NUMERIC,250,sfti_606558f85754b59e07e28e39
T2_NUMERIC,250,sfti_95eafdc984382018b7c9135f
T2_NUMERIC,250,sfti_cfea833008c1a5ca344a868a
T2_NUMERIC,250,sfti_6a3c25f0ad071062dbbce66c
T2_NUMERIC,250,sfti_9da3b3f16e1aa6d2b02a529f
T2_NUMERIC,250,sfti_8b7ae97181126bc7dcd5a056
T2_NUMERIC,250,sfti_68c2eec8962a2d36c3deba1b
T2_NUMERIC,250,sfti_d90d32db9c939fcadda7ce11
T2_NUMERIC,250,sfti_4e458ac717014d720beb9c77
T2_NUMERIC,250,sfti_55c669f339cdd6b3170a0a53
T2_NUMERIC,250,sfti_933b134be2ba5284b981778e
T2_NUMERIC,250,sfti_7035ca3ee7155c52e0ad3142
T2_NUMERIC,250,sfti_d3059f0d1fd18768f1b7a341
T2_NUMERIC,250,sfti_9b26f797eab2a3593f354d78
T2_NUMERIC,250,sfti_922a55d1692a8e51827cb66d
T2_NUMERIC,250,sfti_561fa6c26b2f4b7b44fb108a
T2_NUMERIC,250,sfti_f56dca9cc8220704681af188
T2_NUMERIC,250,sfti_5fd5d3251b94e845dedbdfe1
T2_NUMERIC,250,sfti_4e1a2a6e4de9b6d5e414743d
T2_NUMERIC,250,sfti_71fa367d203d0bf8de4cffce
T2_NUMERIC,250,sfti_32e40cac7860bab71df7cbf8
T2_NUMERIC,250,sfti_e50b31fc19f700d85d9c6ced
T2_NUMERIC,250,sfti_589307f2e658f34469f21055
T2_NUMERIC,250,sfti_44466f57e2cc9a1b73ad8032
T2_NUMERIC,250,sfti_a562723a2181cbd11fe424e4
T2_NUMERIC,250,sfti_40d5420a8e895acb60c87485
T2_NUMERIC,250,sfti_b27597ba97c98e45ee2bbdba
T2_NUMERIC,250,sfti_89071b0e2d339da31296500c
T2_NUMERIC,250,sfti_52dcb2eb4cd456549b9f26cb
T2_NUMERIC,250,sfti_768c125db01c01c5985abc5f
T2_NUMERIC,250,sfti_f3fc8743dd8f98bac7eb9f88
T2_NUMERIC,250,sfti_06d25652b3d52a3b703ff87a
T2_NUMERIC,250,sfti_2f23b290fe81218cb658f6c7
T2_NUMERIC,250,sfti_3d4b8763ca7c0ec038c70ab5
T2_NUMERIC,250,sfti_92f96382ce92e0d3f5f56fef
T2_NUMERIC,250,sfti_59ee2fb9d2d0327c4b95d943
T2_NUMERIC,250,sfti_37ca1619f6871074c5a96070
T2_NUMERIC,250,sfti_8e0b645f6451e41823c993df
T2_NUMERIC,250,sfti_a3a208e3018a849d64725c64
T2_NUMERIC,250,sfti_311e7cfa6fd050817e6f9586
T2_NUMERIC,250,sfti_18ea6b51b7364a89a038314b
T2_NUMERIC,250,sfti_03d9f6918830e1a6faabd1f0
T2_NUMERIC,250,sfti_6b8e24cc26b130a534debc76
T2_NUMERIC,250,sfti_99431bda1507ccfd0f39df23
T2_NUMERIC,250,sfti_5774dd31ff65db40e2fb2496
T2_NUMERIC,250,sfti_6c97c2cc1ce2b2cb6de8baed
T2_NUMERIC,250,sfti_d3364df8aaea35ac1a13720e
T2_NUMERIC,250,sfti_e52a6403453c5abf4c057649
T2_NUMERIC,250,sfti_aa56caebde31458210ce43d4
T2_NUMERIC,250,sfti_07c9dcaa49dec811f92f65f5
T2_NUMERIC,250,sfti_5d9bb7b44319ff93a974cc5e
T2_NUMERIC,250,sfti_d77e1535187dc08a86413946
T2_NUMERIC,250,sfti_ce3f4e253a75fb82fd9c4772
T2_NUMERIC,250,sfti_36441816c79a536d6e6087c5
T2_NUMERIC,250,sfti_8e645290c97486171d409800
T2_NUMERIC,250,sfti_4a78c4e07a4e0c9973c82879
T2_NUMERIC,250,sfti_ec619c3409d86a8ef8ce2201
T2_NUMERIC,250,sfti_b13fe2f1f9a554cb6bbe33ff
T2_NUMERIC,250,sfti_955f5cd2a072ac48fb5149c7
T2_NUMERIC,250,sfti_d1945245b2d9c2848422a0dc
T2_NUMERIC,250,sfti_2c83e976b0ff7d42a8a96b72
T2_NUMERIC,250,sfti_3c2df5764be2275e833e2b99
T2_NUMERIC,250,sfti_c0c202b2b301e4809b36157f
T2_NUMERIC,250,sfti_a7caab01b8bf8420d5fd9bce
T2_NUMERIC,250,sfti_6775801cf7794e2632de8de1
T2_NUMERIC,250,sfti_fe8922303be49e45011db380
T2_NUMERIC,250,sfti_7bb029fda0875c33ae19df5a
T2_NUMERIC,250,sfti_aa51a15ac78a7614a106ca14
T2_NUMERIC,250,sfti_b33f59a91f4ec6e46f831fe5
T2_NUMERIC,250,sfti_89b8ebbada852286059cd7ba
T2_NUMERIC,250,sfti_953a642bea6da8a78ebdd033
T2_NUMERIC,250,sfti_b6bad8d37cdbc14b6e60440f
T2_NUMERIC,250,sfti_fee27115d5a5ee560aecef40
T2_NUMERIC,250,sfti_72abbfc402e06ed51a3c3951
T2_NUMERIC,250,sfti_f555b9bd7e7993985bc47a4b
T2_NUMERIC,250,sfti_ce87c5c1a5a90ae1d0687ad5
T2_NUMERIC,250,sfti_9e350d04fb250faf8384622a
T2_NUMERIC,250,sfti_5e6539941fac1caeed7b2e94
T2_NUMERIC,250,sfti_e1e2910a790a33d828ba249e
T2_NUMERIC,250,sfti_83a2d6b4a97377972a3fd84c
T2_NUMERIC,250,sfti_c88e7270b1944abe75c23fd2
T2_NUMERIC,250,sfti_cd17ac5d3e099903ced1a55a
T2_NUMERIC,250,sfti_17bb97135fadfd471f331d7a
T2_NUMERIC,250,sfti_c2bea1eeb8c672d25971a93c
T2_NUMERIC,250,sfti_993e5a736bdd7c8eae361cd6
T2_NUMERIC,250,sfti_720ccf67c26af39ad7a0799e
T2_NUMERIC,250,sfti_5a91ace34b13ea1d8a358464
T2_NUMERIC,250,sfti_54443b6f30743cb246a7e9f5
T2_NUMERIC,250,sfti_3cf5b7bf8c2c55c3c86ecac3
T2_NUMERIC,250,sfti_121f5b91535e5e1540ae06dd
T2_NUMERIC,250,sfti_852ce0912c68f6f462517761
T2_NUMERIC,250,sfti_08eba66c8cc0e37779a19804
T2_NUMERIC,250,sfti_5a9e303a619ce3e7ccdcef07
T2_NUMERIC,250,sfti_23e3bfa13b233b25ee735ae9
T2_NUMERIC,250,sfti_4667ce2a555a9fc5da6494e8
T2_NUMERIC,250,sfti_5e0f0e9ae5fc55e6ac545e0d
T2_NUMERIC,250,sfti_583f2d25d5473db7e88723b2
T2_NUMERIC,250,sfti_99f337951d78ac1c18e6cdb3
T2_NUMERIC,250,sfti_3f27f62384139d9a7c249f17
T2_NUMERIC,250,sfti_e32bc78a6120c171568e2cf5
T2_NUMERIC,250,sfti_7d836cf5586730b9b307af56
T2_NUMERIC,250,sfti_6abe0daf1820e7ec07bb84ba
T2_NUMERIC,250,sfti_a855b48484ba834ddc1a8c84
T2_NUMERIC,250,sfti_875ca22a11b0872e097fb9b9
T2_NUMERIC,250,sfti_d170d77b8422190d3c3a7e06
T2_NUMERIC,250,sfti_ac1b046bfb2cd97d1a65c18c
T2_NUMERIC,250,sfti_8abd1b27908d30fcaaa0a304
T2_NUMERIC,250,sfti_e1f7ecaa8375b706670ca454
T2_NUMERIC,250,sfti_a4470f46473abe30312f32c6
T2_NUMERIC,250,sfti_bfa87500af6b163010d12d64
T2_NUMERIC,250,sfti_97cf67421a9d38e2967363a4
T2_NUMERIC,250,sfti_61ccabd1258165c9c47914f6
T2_NUMERIC,250,sfti_bc2302f81570d6e46dea862c
T2_NUMERIC,250,sfti_02389ddacd1872f38aea50d7
T2_NUMERIC,250,sfti_6dffaae77525eb11abde0e64
T2_NUMERIC,250,sfti_742336206617da487a85f099
T2_NUMERIC,250,sfti_700026699e0cfa75a0362488
T2_NUMERIC,250,sfti_d1058fb44f5a783787c0aaf2
T2_NUMERIC,250,sfti_5cc63cee75b1579cffeb0947
T2_NUMERIC,250,sfti_6fb594cda5f27e6e93372313
T2_NUMERIC,250,sfti_f55fb91d838fdc5b1b2d82d5
T2_NUMERIC,250,sfti_fb617033cdeb1964d2f8799f
T2_NUMERIC,250,sfti_4ede2e4ce3cf0c8281281db7
T2_NUMERIC,250,sfti_9ea0164001d51d8eb4b05fff
T2_NUMERIC,250,sfti_e96c1451808ddc692aff515d
T2_NUMERIC,250,sfti_bad9643ef113c6b347420105
T2_NUMERIC,250,sfti_7d72dcd4f2e67f977dce278d
T2_NUMERIC,250,sfti_bc7d1f3aa14c2a7d0ab7b1f3
T2_NUMERIC,250,sfti_bca76540649dbe53cec1bb5e
T2_NUMERIC,250,sfti_af27d68b38331d9e85606653
T2_NUMERIC,250,sfti_f62b80023d41a84253eb4e3d
T2_NUMERIC,250,sfti_f86385188d31df8fcee1bf86
T2_NUMERIC,250,sfti_c3d88b78715efb488b8bf1fb
T2_NUMERIC,250,sfti_1037497dc13404de2924fed3
T2_NUMERIC,250,sfti_8e1c431cb209d28dc426de08
T2_NUMERIC,250,sfti_d1e92902c0268253d027f3c5
T2_NUMERIC,250,sfti_66476df984e92b98b9b47416
T2_NUMERIC,250,sfti_8af3b8df04b85ce885970b1e
T2_NUMERIC,250,sfti_a823fb6c6ae0cd6bdc625e08
T2_NUMERIC,250,sfti_ee2f96b380bf56c348d546f8
T2_NUMERIC,250,sfti_d13cf180a37b48a8b4f4cc3f
T2_NUMERIC,500,sfti_b8d12c8e14e4b3ef666281f4
T2_NUMERIC,500,sfti_a222afb5c73ba50a19c4dae1
T2_NUMERIC,500,sfti_ddf3aa2d27971d297aca92d1
T2_NUMERIC,500,sfti_f6cefdad16d287333cdab907
T2_NUMERIC,500,sfti_6595050ac5255bff9540dc16
T2_NUMERIC,500,sfti_5b84d44679f5556a3685d395
T2_NUMERIC,500,sfti_e6e7f2088188723678f08e8c
T2_NUMERIC,500,sfti_57107ae0a9b95a40be423657
T2_NUMERIC,500,sfti_0a59f93a31c9dad5692f68d8
T2_NUMERIC,500,sfti_35a516e4259e436079e0dbfd
T2_NUMERIC,500,sfti_e60aee9c136c8b7cdbcbf3f2
T2_NUMERIC,500,sfti_ad89d78cb936e6939e055fe6
T2_NUMERIC,500,sfti_9f4adf56c8f730c0094e11c3
T2_NUMERIC,500,sfti_3997cd927eaf29c4b1d2825b
T2_NUMERIC,500,sfti_67dacbf2939945a5b9cd33b8
T2_NUMERIC,500,sfti_df1b1a9d7a2447977361d5f8
T2_NUMERIC,500,sfti_f6663e600815ba2a7b634809
T2_NUMERIC,500,sfti_eebb6d8ecd68d3c382b284af
T2_NUMERIC,500,sfti_7f4d5c676f22ca9c23060769
T2_NUMERIC,500,sfti_5c246ea4542e3842a2946b4c
T2_NUMERIC,500,sfti_ea49ed49815c79837d443d42
T2_NUMERIC,500,sfti_dddbdf684ea5a9fb001d37a4
T2_NUMERIC,500,sfti_3d780f719c75136e7a50c857
T2_NUMERIC,500,sfti_1b23c3e2af4f8eb06be5d56f
T2_NUMERIC,500,sfti_333c28b0065e5678b455e444
T2_NUMERIC,500,sfti_dac769fd8aac9b180196822d
T2_NUMERIC,500,sfti_27ababf746ca9b5b1113fa82
T2_NUMERIC,500,sfti_aa506dfb841671178a3a11ae
T2_NUMERIC,500,sfti_aed560c85bd7be7659a7d4b3
T2_NUMERIC,500,sfti_1e3bcf2033cb2b4876f779ef
T2_NUMERIC,500,sfti_1709ac4935bfb840ea132780
T2_NUMERIC,500,sfti_764cc6ce47552c8b319c33a6
T2_NUMERIC,500,sfti_64847945276ddccbe4d1e074
T2_NUMERIC,500,sfti_8c5868bfaccf77c55da5edda
T2_NUMERIC,500,sfti_92cf064950f5c4fb6c81f18d
T2_NUMERIC,500,sfti_a7c5c299094fe26a77c561bb
T2_NUMERIC,500,sfti_6292a55425eee9353a40b467
T2_NUMERIC,500,sfti_9795ddfd8eb505d9292c76de
T2_NUMERIC,500,sfti_c506789a0bd58961b9dfea68
T2_NUMERIC,500,sfti_be70a1d518c446b6a79f2bc8
T2_NUMERIC,500,sfti_f3ab8934b5f5d28043eeb22d
T2_NUMERIC,500,sfti_6de2447617d7c4e94c6aa030
T2_NUMERIC,500,sfti_376e716071efd2501d98dedf
T2_NUMERIC,500,sfti_960bf51d81fa86c2c20844ad
T2_NUMERIC,500,sfti_dc6a289df181fb5b5e8805e7
T2_NUMERIC,500,sfti_11a02bec9f823d1ea50e1b70
T2_NUMERIC,500,sfti_972c7f8e63d26faf9ce8db22
T2_NUMERIC,500,sfti_330cf9cf0b14be3347ee2125
T2_NUMERIC,500,sfti_827772f5de552589ac4b96e4
T2_NUMERIC,500,sfti_c5840e4a099afcb401fcf563
T2_NUMERIC,500,sfti_5a761c448165b38e1a2a87ce
T2_NUMERIC,500,sfti_bb9eca1edb4afa5c0f156571
T2_NUMERIC,500,sfti_f70af67701d9f60fc708ef8e
T2_NUMERIC,500,sfti_4e30bde37f44cab0a2dbcd4a
T2_NUMERIC,500,sfti_a7b1da02320f4bf17aabdc93
T2_NUMERIC,500,sfti_b962d328c2ade14704082fe5
T2_NUMERIC,500,sfti_08a19d4d667649067bbf9a6e
T2_NUMERIC,500,sfti_4ffb56d55ec2d85e6853f873
T2_NUMERIC,500,sfti_b731cfa82ba7ca151cef3e58
T2_NUMERIC,500,sfti_6fd3835fba3c911260d25693
T2_NUMERIC,500,sfti_ae087f28aec829cff05a19c0
T2_NUMERIC,500,sfti_27993023aa62dc66345d008b
T2_NUMERIC,500,sfti_48047bce4ee447fe3b2a89a5
T2_NUMERIC,500,sfti_9e16661d7a44c0bd678209c4
T2_NUMERIC,500,sfti_2518b69e96bd5e30001044dd
T2_NUMERIC,500,sfti_e29e0083c9c0a33de34c36a0
T2_NUMERIC,500,sfti_1ee7591873d335807854984a
T2_NUMERIC,500,sfti_9ba35fc96378b2996dc69232
T2_NUMERIC,500,sfti_0a9715998d5b7d682d197ce4
T2_NUMERIC,500,sfti_cf8d95a07ad419e1b18c6db8
T2_NUMERIC,500,sfti_5605b49b15dec7fe1886c843
T2_NUMERIC,500,sfti_6f63cfee4fe72cf237537a4b
T2_NUMERIC,500,sfti_1ae04c499e415ecf63f5e98c
T2_NUMERIC,500,sfti_51e6e9afac72893145bda5da
T2_NUMERIC,500,sfti_5a13ef88dbd46167b959119c
T2_NUMERIC,500,sfti_891be71e2497c6e41b7e7676
T2_NUMERIC,500,sfti_871ace166824d71fae9b1722
T2_NUMERIC,500,sfti_8f9a844970a59ca7a036a459
T2_NUMERIC,500,sfti_61f1ae994992d3f6cfcc107b
T2_NUMERIC,500,sfti_d24e581b124f7365c3c34af0
T2_NUMERIC,500,sfti_91f9c9c50e739deb7d198740
T2_NUMERIC,500,sfti_5987fca34edbdd030dc60feb
T2_NUMERIC,500,sfti_6f02a0fc57e2a1a1cb978d13
T2_NUMERIC,500,sfti_f837a89bf231bf6e2f8e8e3e
T2_NUMERIC,500,sfti_68459e00ae6cbfb86c51ec36
T2_NUMERIC,500,sfti_21addf632cc9f6034a074307
T2_NUMERIC,500,sfti_b046365bb30d4f1791981da8
T2_NUMERIC,500,sfti_59c02d43516e00543279c931
T2_NUMERIC,500,sfti_28b15105aaef6dc2edbc342f
T2_NUMERIC,500,sfti_11ca076be87ab073f6b65c39
T2_NUMERIC,500,sfti_51e4d0031a183ec02c84456a
T2_NUMERIC,500,sfti_8e4192098e60ec6a3ca33302
T2_NUMERIC,500,sfti_22ef0ca8aaf52469ea6e348d
T2_NUMERIC,500,sfti_22fa6039053f29c54096344f
T2_NUMERIC,500,sfti_f0a52bfa46db24062e55f5e9
T2_NUMERIC,500,sfti_a41af869b59f1e106b994018
T2_NUMERIC,500,sfti_3131889da2bf27b6806bf645
T2_NUMERIC,500,sfti_a297c0da8dae865e02c020c7
T2_NUMERIC,500,sfti_999240e0ee22d50701a29e8b
T2_NUMERIC,500,sfti_ce3cc19cec03b6db0a6d7e7d
T2_NUMERIC,500,sfti_7573e24e824a17077b86d9ee
T2_NUMERIC,500,sfti_7841089a16d47e6f48b8840e
T2_NUMERIC,500,sfti_f243fd26b7a094bc46a0db42
T2_NUMERIC,500,sfti_0dc27cf5a59fc36cea54ddcf
T2_NUMERIC,500,sfti_74523b660298d5ca1ded9b32
T2_NUMERIC,500,sfti_d7f7d122fd63236c101cd9f2
T2_NUMERIC,500,sfti_e09245df3d55cdedd2536c97
T2_NUMERIC,500,sfti_41e80702b16aed7597f4e694
T2_NUMERIC,500,sfti_612e2ff4757e7228768d9d24
T2_NUMERIC,500,sfti_606558f85754b59e07e28e39
T2_NUMERIC,500,sfti_95eafdc984382018b7c9135f
T2_NUMERIC,500,sfti_cfea833008c1a5ca344a868a
T2_NUMERIC,500,sfti_6a3c25f0ad071062dbbce66c
T2_NUMERIC,500,sfti_9da3b3f16e1aa6d2b02a529f
T2_NUMERIC,500,sfti_8b7ae97181126bc7dcd5a056
T2_NUMERIC,500,sfti_68c2eec8962a2d36c3deba1b
T2_NUMERIC,500,sfti_d90d32db9c939fcadda7ce11
T2_NUMERIC,500,sfti_4e458ac717014d720beb9c77
T2_NUMERIC,500,sfti_55c669f339cdd6b3170a0a53
T2_NUMERIC,500,sfti_933b134be2ba5284b981778e
T2_NUMERIC,500,sfti_7035ca3ee7155c52e0ad3142
T2_NUMERIC,500,sfti_d3059f0d1fd18768f1b7a341
T2_NUMERIC,500,sfti_9b26f797eab2a3593f354d78
T2_NUMERIC,500,sfti_922a55d1692a8e51827cb66d
T2_NUMERIC,500,sfti_561fa6c26b2f4b7b44fb108a
T2_NUMERIC,500,sfti_f56dca9cc8220704681af188
T2_NUMERIC,500,sfti_5fd5d3251b94e845dedbdfe1
T2_NUMERIC,500,sfti_4e1a2a6e4de9b6d5e414743d
T2_NUMERIC,500,sfti_71fa367d203d0bf8de4cffce
T2_NUMERIC,500,sfti_32e40cac7860bab71df7cbf8
T2_NUMERIC,500,sfti_e50b31fc19f700d85d9c6ced
T2_NUMERIC,500,sfti_589307f2e658f34469f21055
T2_NUMERIC,500,sfti_44466f57e2cc9a1b73ad8032
T2_NUMERIC,500,sfti_a562723a2181cbd11fe424e4
T2_NUMERIC,500,sfti_40d5420a8e895acb60c87485
T2_NUMERIC,500,sfti_b27597ba97c98e45ee2bbdba
T2_NUMERIC,500,sfti_89071b0e2d339da31296500c
T2_NUMERIC,500,sfti_52dcb2eb4cd456549b9f26cb
T2_NUMERIC,500,sfti_768c125db01c01c5985abc5f
T2_NUMERIC,500,sfti_f3fc8743dd8f98bac7eb9f88
T2_NUMERIC,500,sfti_06d25652b3d52a3b703ff87a
T2_NUMERIC,500,sfti_2f23b290fe81218cb658f6c7
T2_NUMERIC,500,sfti_3d4b8763ca7c0ec038c70ab5
T2_NUMERIC,500,sfti_92f96382ce92e0d3f5f56fef
T2_NUMERIC,500,sfti_59ee2fb9d2d0327c4b95d943
T2_NUMERIC,500,sfti_37ca1619f6871074c5a96070
T2_NUMERIC,500,sfti_8e0b645f6451e41823c993df
T2_NUMERIC,500,sfti_a3a208e3018a849d64725c64
T2_NUMERIC,500,sfti_311e7cfa6fd050817e6f9586
T2_NUMERIC,500,sfti_18ea6b51b7364a89a038314b
T2_NUMERIC,500,sfti_03d9f6918830e1a6faabd1f0
T2_NUMERIC,500,sfti_6b8e24cc26b130a534debc76
T2_NUMERIC,500,sfti_99431bda1507ccfd0f39df23
T2_NUMERIC,500,sfti_5774dd31ff65db40e2fb2496
T2_NUMERIC,500,sfti_6c97c2cc1ce2b2cb6de8baed
T2_NUMERIC,500,sfti_d3364df8aaea35ac1a13720e
T2_NUMERIC,500,sfti_e52a6403453c5abf4c057649
T2_NUMERIC,500,sfti_aa56caebde31458210ce43d4
T2_NUMERIC,500,sfti_07c9dcaa49dec811f92f65f5
T2_NUMERIC,500,sfti_5d9bb7b44319ff93a974cc5e
T2_NUMERIC,500,sfti_d77e1535187dc08a86413946
T2_NUMERIC,500,sfti_ce3f4e253a75fb82fd9c4772
T2_NUMERIC,500,sfti_36441816c79a536d6e6087c5
T2_NUMERIC,500,sfti_8e645290c97486171d409800
T2_NUMERIC,500,sfti_4a78c4e07a4e0c9973c82879
T2_NUMERIC,500,sfti_ec619c3409d86a8ef8ce2201
T2_NUMERIC,500,sfti_b13fe2f1f9a554cb6bbe33ff
T2_NUMERIC,500,sfti_955f5cd2a072ac48fb5149c7
T2_NUMERIC,500,sfti_d1945245b2d9c2848422a0dc
T2_NUMERIC,500,sfti_2c83e976b0ff7d42a8a96b72
T2_NUMERIC,500,sfti_3c2df5764be2275e833e2b99
T2_NUMERIC,500,sfti_c0c202b2b301e4809b36157f
T2_NUMERIC,500,sfti_a7caab01b8bf8420d5fd9bce
T2_NUMERIC,500,sfti_6775801cf7794e2632de8de1
T2_NUMERIC,500,sfti_fe8922303be49e45011db380
T2_NUMERIC,500,sfti_7bb029fda0875c33ae19df5a
T2_NUMERIC,500,sfti_aa51a15ac78a7614a106ca14
T2_NUMERIC,500,sfti_b33f59a91f4ec6e46f831fe5
T2_NUMERIC,500,sfti_89b8ebbada852286059cd7ba
T2_NUMERIC,500,sfti_953a642bea6da8a78ebdd033
T2_NUMERIC,500,sfti_b6bad8d37cdbc14b6e60440f
T2_NUMERIC,500,sfti_fee27115d5a5ee560aecef40
T2_NUMERIC,500,sfti_72abbfc402e06ed51a3c3951
T2_NUMERIC,500,sfti_f555b9bd7e7993985bc47a4b
T2_NUMERIC,500,sfti_ce87c5c1a5a90ae1d0687ad5
T2_NUMERIC,500,sfti_9e350d04fb250faf8384622a
T2_NUMERIC,500,sfti_5e6539941fac1caeed7b2e94
T2_NUMERIC,500,sfti_e1e2910a790a33d828ba249e
T2_NUMERIC,500,sfti_83a2d6b4a97377972a3fd84c
T2_NUMERIC,500,sfti_c88e7270b1944abe75c23fd2
T2_NUMERIC,500,sfti_cd17ac5d3e099903ced1a55a
T2_NUMERIC,500,sfti_17bb97135fadfd471f331d7a
T2_NUMERIC,500,sfti_c2bea1eeb8c672d25971a93c
T2_NUMERIC,500,sfti_993e5a736bdd7c8eae361cd6
T2_NUMERIC,500,sfti_720ccf67c26af39ad7a0799e
T2_NUMERIC,500,sfti_5a91ace34b13ea1d8a358464
T2_NUMERIC,500,sfti_54443b6f30743cb246a7e9f5
T2_NUMERIC,500,sfti_3cf5b7bf8c2c55c3c86ecac3
T2_NUMERIC,500,sfti_121f5b91535e5e1540ae06dd
T2_NUMERIC,500,sfti_852ce0912c68f6f462517761
T2_NUMERIC,500,sfti_08eba66c8cc0e37779a19804
T2_NUMERIC,500,sfti_5a9e303a619ce3e7ccdcef07
T2_NUMERIC,500,sfti_23e3bfa13b233b25ee735ae9
T2_NUMERIC,500,sfti_4667ce2a555a9fc5da6494e8
T2_NUMERIC,500,sfti_5e0f0e9ae5fc55e6ac545e0d
T2_NUMERIC,500,sfti_583f2d25d5473db7e88723b2
T2_NUMERIC,500,sfti_99f337951d78ac1c18e6cdb3
T2_NUMERIC,500,sfti_3f27f62384139d9a7c249f17
T2_NUMERIC,500,sfti_e32bc78a6120c171568e2cf5
T2_NUMERIC,500,sfti_7d836cf5586730b9b307af56
T2_NUMERIC,500,sfti_6abe0daf1820e7ec07bb84ba
T2_NUMERIC,500,sfti_a855b48484ba834ddc1a8c84
T2_NUMERIC,500,sfti_875ca22a11b0872e097fb9b9
T2_NUMERIC,500,sfti_d170d77b8422190d3c3a7e06
T2_NUMERIC,500,sfti_ac1b046bfb2cd97d1a65c18c
T2_NUMERIC,500,sfti_8abd1b27908d30fcaaa0a304
T2_NUMERIC,500,sfti_e1f7ecaa8375b706670ca454
T2_NUMERIC,500,sfti_a4470f46473abe30312f32c6
T2_NUMERIC,500,sfti_bfa87500af6b163010d12d64
T2_NUMERIC,500,sfti_97cf67421a9d38e2967363a4
T2_NUMERIC,500,sfti_61ccabd1258165c9c47914f6
T2_NUMERIC,500,sfti_bc2302f81570d6e46dea862c
T2_NUMERIC,500,sfti_02389ddacd1872f38aea50d7
T2_NUMERIC,500,sfti_6dffaae77525eb11abde0e64
T2_NUMERIC,500,sfti_742336206617da487a85f099
T2_NUMERIC,500,sfti_700026699e0cfa75a0362488
T2_NUMERIC,500,sfti_d1058fb44f5a783787c0aaf2
T2_NUMERIC,500,sfti_5cc63cee75b1579cffeb0947
T2_NUMERIC,500,sfti_6fb594cda5f27e6e93372313
T2_NUMERIC,500,sfti_f55fb91d838fdc5b1b2d82d5
T2_NUMERIC,500,sfti_fb617033cdeb1964d2f8799f
T2_NUMERIC,500,sfti_4ede2e4ce3cf0c8281281db7
T2_NUMERIC,500,sfti_9ea0164001d51d8eb4b05fff
T2_NUMERIC,500,sfti_e96c1451808ddc692aff515d
T2_NUMERIC,500,sfti_bad9643ef113c6b347420105
T2_NUMERIC,500,sfti_7d72dcd4f2e67f977dce278d
T2_NUMERIC,500,sfti_bc7d1f3aa14c2a7d0ab7b1f3
T2_NUMERIC,500,sfti_bca76540649dbe53cec1bb5e
T2_NUMERIC,500,sfti_af27d68b38331d9e85606653
T2_NUMERIC,500,sfti_f62b80023d41a84253eb4e3d
T2_NUMERIC,500,sfti_f86385188d31df8fcee1bf86
T2_NUMERIC,500,sfti_c3d88b78715efb488b8bf1fb
T2_NUMERIC,500,sfti_1037497dc13404de2924fed3
T2_NUMERIC,500,sfti_8e1c431cb209d28dc426de08
T2_NUMERIC,500,sfti_d1e92902c0268253d027f3c5
T2_NUMERIC,500,sfti_66476df984e92b98b9b47416
T2_NUMERIC,500,sfti_8af3b8df04b85ce885970b1e
T2_NUMERIC,500,sfti_a823fb6c6ae0cd6bdc625e08
T2_NUMERIC,500,sfti_ee2f96b380bf56c348d546f8
T2_NUMERIC,500,sfti_d13cf180a37b48a8b4f4cc3f
T2_NUMERIC,500,sfti_886b2acb66620ccf06569e93
T2_NUMERIC,500,sfti_06b03749247492919e4c1c0a
T2_NUMERIC,500,sfti_f18f2917c08e940ad55e5170
T2_NUMERIC,500,sfti_49583e115a0cd0a374b1e854
T2_NUMERIC,500,sfti_170dbc029a516cb2072267f7
T2_NUMERIC,500,sfti_4e72ff8be5489defcb8dc884
T2_NUMERIC,500,sfti_b6f2128b6e84da589c7a2134
T2_NUMERIC,500,sfti_3e2653c8a248cf2fc7221ad4
T2_NUMERIC,500,sfti_b36081c246296e325b37868f
T2_NUMERIC,500,sfti_a36d7d3098b8cf4e3ff29984
T2_NUMERIC,500,sfti_3ce3ad4137a58496856ffbb1
T2_NUMERIC,500,sfti_b9b4e9cf79656fc02d6ee07b
T2_NUMERIC,500,sfti_d4b85a9b54ab06a9e9c72490
T2_NUMERIC,500,sfti_3ac9b42eeac8f1273ff3588d
T2_NUMERIC,500,sfti_98ab5b1e18301d14cff05715
T2_NUMERIC,500,sfti_2de1ee20ed77191abc45754b
T2_NUMERIC,500,sfti_4dafe17039c0ef2a793c8653
T2_NUMERIC,500,sfti_b00040e2e90cdf3499d46d0e
T2_NUMERIC,500,sfti_26efae05ed54314be1865040
T2_NUMERIC,500,sfti_37e3062d6e55af62cae285e5
T2_NUMERIC,500,sfti_a17cd96cfaa60898c031e0e7
T2_NUMERIC,500,sfti_fdd782b8c92f5e15196d2a84
T2_NUMERIC,500,sfti_79b1be08337fb3981d95f1cf
T2_NUMERIC,500,sfti_ad4ad697d9f10d5f8131ba13
T2_NUMERIC,500,sfti_8035d9b72f226ee0d0bb92b2
T2_NUMERIC,500,sfti_9826d9bbd71063000f0d5903
T2_NUMERIC,500,sfti_40d7c9d56d382333fc6b85e9
T2_NUMERIC,500,sfti_233e35383d0c0de81d7aeebd
T2_NUMERIC,500,sfti_88f0a401026762e104ec7296
T2_NUMERIC,500,sfti_328f3ec10b752a719009f2d7
T2_NUMERIC,500,sfti_8770b9a4ace58620060f35b3
T2_NUMERIC,500,sfti_06971737698ee25734e92681
T2_NUMERIC,500,sfti_1675c346c5b6eb457c78c9ea
T2_NUMERIC,500,sfti_ec63b75c49e499d566e736b1
T2_NUMERIC,500,sfti_fcd197fdbc0e408d20a7639a
T2_NUMERIC,500,sfti_2f7d43593866a4383a6e598e
T2_NUMERIC,500,sfti_5bdb97e9f327b8873e5b72d0
T2_NUMERIC,500,sfti_1f7dcd0d70e72ed68817ad6d
T2_NUMERIC,500,sfti_bfa79d782e89f27b02aff62d
T2_NUMERIC,500,sfti_291b523625f9e6aa47d3fecd
T2_NUMERIC,500,sfti_87309e32c519bfdbd731d797
T2_NUMERIC,500,sfti_cb8df8eb67f2e26861a93d6f
T2_NUMERIC,500,sfti_9a37187aedc691aabf4b2b3c
T2_NUMERIC,500,sfti_5720b37ee53b1342cc623937
T2_NUMERIC,500,sfti_c06d08e39d3f47d1faed92b5
T2_NUMERIC,500,sfti_a5d35fcd52e3491d80619d97
T2_NUMERIC,500,sfti_71b701817dd0d52302b6e235
T2_NUMERIC,500,sfti_ce463885f4c4104e10553be1
T2_NUMERIC,500,sfti_2855e5646b8e7c03f07a10a6
T2_NUMERIC,500,sfti_0140895937ff7a4eb5ff92d0
T2_NUMERIC,500,sfti_7aa159a6d9c9268209ae4a06
T2_NUMERIC,500,sfti_c70a990894d077f4f686b254
T2_NUMERIC,500,sfti_ffa3b09986211559f09534a8
T2_NUMERIC,500,sfti_344ae290b6b54edb8b3357c7
T2_NUMERIC,500,sfti_14f2c31f1e6d19c8038ab25e
T2_NUMERIC,500,sfti_0cc2b8d277e4ff7636410b53
T2_NUMERIC,500,sfti_3c2568301a40b686979c6fce
T2_NUMERIC,500,sfti_34270959c381b51c24e1deb9
T2_NUMERIC,500,sfti_94a4e7f30c8aae7a6b5688d0
T2_NUMERIC,500,sfti_a4aee228a7b0768fe2f06f35
T2_NUMERIC,500,sfti_7b9f7431dcd9e28cce3477fa
T2_NUMERIC,500,sfti_b4d2965bb9a1cd59b29f2190
T2_NUMERIC,500,sfti_3d471008dadf94aac8d8f991
T2_NUMERIC,500,sfti_e04d17186573ae5457521863
T2_NUMERIC,500,sfti_29df0ff788be25aef8a028ef
T2_NUMERIC,500,sfti_44e9b5d12b1139cbd4fc1f75
T2_NUMERIC,500,sfti_93eddd54e17191370b8e0ef4
T2_NUMERIC,500,sfti_1015f30a99a5559f9c98537b
T2_NUMERIC,500,sfti_e4fe77d17d6d1e0edf92da96
T2_NUMERIC,500,sfti_a43c75e2df2372f6a606a6b3
T2_NUMERIC,500,sfti_4d7595ecacff3c97a10e6121
T2_NUMERIC,500,sfti_79f02638903639e22b8bbbc3
T2_NUMERIC,500,sfti_1af9781a008e4c383ff8f7b4
T2_NUMERIC,500,sfti_a0ddc8e74d06cd5c45f39d8a
T2_NUMERIC,500,sfti_5d854873a214fa92b4ceff1c
T2_NUMERIC,500,sfti_b4ef64357b0eccadac196eb9
T2_NUMERIC,500,sfti_7861f3f17cf5bac7d108a02f
T2_NUMERIC,500,sfti_f4aae71dac8bd77777421116
T2_NUMERIC,500,sfti_eea11090b0064af2bd43a739
T2_NUMERIC,500,sfti_d0fa3ac508c024b3dc6eddbe
T2_NUMERIC,500,sfti_31fe50cd78092b73b078ac37
T2_NUMERIC,500,sfti_29a073c35ed290ccc83796a4
T2_NUMERIC,500,sfti_ccef242e2c332faf9158b3aa
T2_NUMERIC,500,sfti_710f6b91b7da8c7771db8870
T2_NUMERIC,500,sfti_350d61cd800b21760c9ba171
T2_NUMERIC,500,sfti_8d281c90773b2cfb6440daa0
T2_NUMERIC,500,sfti_cd09232af2acc65d8031f517
T2_NUMERIC,500,sfti_b85c93c2304493bcb68c2b94
T2_NUMERIC,500,sfti_aab3180a95da5b75e20478e2
T2_NUMERIC,500,sfti_5a1bc44be66e5dad355e39d1
T2_NUMERIC,500,sfti_0db114969fa9f5c97cdc041d
T2_NUMERIC,500,sfti_49a0a1bab8694d787842f4f1
T2_NUMERIC,500,sfti_b154439606801b2991ec6545
T2_NUMERIC,500,sfti_1eda4f5e3ed115474e90a438
T2_NUMERIC,500,sfti_2434d133df5b769e9117c7ea
T2_NUMERIC,500,sfti_397482066bb6f98468ac8095
T2_NUMERIC,500,sfti_123c8554dfc28d01667cf686
T2_NUMERIC,500,sfti_e106acb3e977095cc61ebcb4
T2_NUMERIC,500,sfti_32d9580494a9f9f0464c037b
T2_NUMERIC,500,sfti_adb282ac062354ac3c1e2587
T2_NUMERIC,500,sfti_5b51eb02a429ddb383b902d8
T2_NUMERIC,500,sfti_67b60d4ad5beb098616190a2
T2_NUMERIC,500,sfti_2621f390168a94ae362dbbec
T2_NUMERIC,500,sfti_74aa6a4c71ff60fb743a0342
T2_NUMERIC,500,sfti_b02772abc2ce006a62b126bb
T2_NUMERIC,500,sfti_ecd4bc43ab8aefbbc0d0a51b
T2_NUMERIC,500,sfti_4a7e2dc43191a362131fbf68
T2_NUMERIC,500,sfti_3913056435540137b623ed10
T2_NUMERIC,500,sfti_68617cbb0e1c1d7d5faa674a
T2_NUMERIC,500,sfti_8db988c0b5cb6d74e5084296
T2_NUMERIC,500,sfti_9d4a7524992cb88ea58a1a3f
T2_NUMERIC,500,sfti_5f6c97b311522d0fc8dabd6c
T2_NUMERIC,500,sfti_e7a316857368121fd6c2239f
T2_NUMERIC,500,sfti_2ec9f765dca2c6d8b5f9e087
T2_NUMERIC,500,sfti_37a2cdeea51db695f005c075
T2_NUMERIC,500,sfti_05269c1a1dc5f7cd5ff527f4
T2_NUMERIC,500,sfti_466dd2e99c47b9265e3dbed1
T2_NUMERIC,500,sfti_877a61f02829eadc35a30907
T2_NUMERIC,500,sfti_2269cbec3e37c9af1c74eb19
T2_NUMERIC,500,sfti_7f27ce0f96ac8aa91392860b
T2_NUMERIC,500,sfti_79d42063c768a7b493d243f7
T2_NUMERIC,500,sfti_0939a013d434ca5bd3b9d2fb
T2_NUMERIC,500,sfti_bd263af674e0bf0c8f8a7b32
T2_NUMERIC,500,sfti_5a72cfff640c5bcacbccec53
T2_NUMERIC,500,sfti_c15d4a9850c6152d8f6b8103
T2_NUMERIC,500,sfti_1ed7e3f75b7e65050a5a0066
T2_NUMERIC,500,sfti_0faca9ce189f46ada8b37efd
T2_NUMERIC,500,sfti_a79db485d01ff1295c44b49e
T2_NUMERIC,500,sfti_5bc22d3715b54f929d0eb7c2
T2_NUMERIC,500,sfti_545f2f2d9e336cf7042052c0
T2_NUMERIC,500,sfti_931953ade039c7a7ba15e449
T2_NUMERIC,500,sfti_ec90720accccfa5d2d2b29ef
T2_NUMERIC,500,sfti_4f33334ff9d1d4ce1d1a299d
T2_NUMERIC,500,sfti_b226d65dad3436cd45a9c70f
T2_NUMERIC,500,sfti_174157293432286723737340
T2_NUMERIC,500,sfti_dd08151d51d87e6d7a8f21ec
T2_NUMERIC,500,sfti_5393cbf6d46d8089188be940
T2_NUMERIC,500,sfti_a31710ca85ae8c2d128c28ee
T2_NUMERIC,500,sfti_23dd877fd65ed81e70533686
T2_NUMERIC,500,sfti_5c9b1b2b26ce668dbd4f31f6
T2_NUMERIC,500,sfti_ab27cd83a59a746a92044826
T2_NUMERIC,500,sfti_1f762f3f03056b3ed4dd5308
T2_NUMERIC,500,sfti_2bb884ee4dfcd3236bd67ecf
T2_NUMERIC,500,sfti_e54344d9115adb66712a47f5
T2_NUMERIC,500,sfti_7d1d214e998df5aa616f3315
T2_NUMERIC,500,sfti_4d5320c2b019f606cad746b0
T2_NUMERIC,500,sfti_d0cf14b8c2594df31e0c8f48
T2_NUMERIC,500,sfti_554c441fbcc02211ad1a5e8c
T2_NUMERIC,500,sfti_af80510acb1085806ad314ab
T2_NUMERIC,500,sfti_70d02f6eeb8b95b9010e9006
T2_NUMERIC,500,sfti_1142d17e09a61c3b9d7efa1a
T2_NUMERIC,500,sfti_164c49078fdb4ba177d053e6
T2_NUMERIC,500,sfti_5cfaade0f267ca9a420558e9
T2_NUMERIC,500,sfti_c5935332abe43dcb06daf8a4
T2_NUMERIC,500,sfti_d7f52e2da2bc8b044db2346f
T2_NUMERIC,500,sfti_baa49de550f6e5a1a4c0131a
T2_NUMERIC,500,sfti_06f67e9960c2a492bf9faa28
T2_NUMERIC,500,sfti_efdcb52893fcd939d3c09b57
T2_NUMERIC,500,sfti_c60c087775a35d0e6418ae7c
T2_NUMERIC,500,sfti_46f74d4ad09d842f615b541e
T2_NUMERIC,500,sfti_709a904e11b530bdea447d71
T2_NUMERIC,500,sfti_c0fa4e2dbed54a5028fcb1f7
T2_NUMERIC,500,sfti_ae756cb46aceef86492fdd3a
T2_NUMERIC,500,sfti_ef3e98323a2b3ec5af5c8d43
T2_NUMERIC,500,sfti_7d81ad4d9f3911909ce98748
T2_NUMERIC,500,sfti_33b0c1d1ae6871f5319c62d0
T2_NUMERIC,500,sfti_dcc01d0d9579565d38fc69ca
T2_NUMERIC,500,sfti_273d0708f60711a016dbe5d5
T2_NUMERIC,500,sfti_eca735de9e7a79e861aaca6e
T2_NUMERIC,500,sfti_e884c53cd6057b3e9039eba7
T2_NUMERIC,500,sfti_0d19aaccdc9b966e4af88ef7
T2_NUMERIC,500,sfti_7d5633e2c676a4f2878ef9b5
T2_NUMERIC,500,sfti_1e0b61cd746bfff5e31514ca
T2_NUMERIC,500,sfti_c5658806d126df348e6a207d
T2_NUMERIC,500,sfti_b548f9cb7e4ebe486eb0ac3d
T2_NUMERIC,500,sfti_a4593f60f2fc30391a5356f8
T2_NUMERIC,500,sfti_6919265d31a4ee41577d51b6
T2_NUMERIC,500,sfti_44d39e14cc90c3a2155cafe3
T2_NUMERIC,500,sfti_072618b70a4fd8e7d4dab417
T2_NUMERIC,500,sfti_7b5e7ddf1f225ae252bcb9f8
T2_NUMERIC,500,sfti_a81a0c3f6a0a80074926f57a
T2_NUMERIC,500,sfti_9f8f96a6e403b00de2d7b914
T2_NUMERIC,500,sfti_7698bb649fb7a2b9c56dc7eb
T2_NUMERIC,500,sfti_d16115744eb584197e6cc1cd
T2_NUMERIC,500,sfti_544d1ff9614407c842c4ac86
T2_NUMERIC,500,sfti_23b928adc23d251aee0b8977
T2_NUMERIC,500,sfti_c65286c465dc20ecf14f738c
T2_NUMERIC,500,sfti_9a1b261037db2c3ffef4480b
T2_NUMERIC,500,sfti_68410d310df9b1d84d070b8a
T2_NUMERIC,500,sfti_adbeb5d32e810aee6aaf4fca
T2_NUMERIC,500,sfti_8ca4f8a7af4dd98f05fb6958
T2_NUMERIC,500,sfti_36565d9e05b497ec20b51238
T2_NUMERIC,500,sfti_b1a400317b7ad4e98f649156
T2_NUMERIC,500,sfti_258d8e22762e0def297075a8
T2_NUMERIC,500,sfti_0aa251ce3fdb18beb13066e4
T2_NUMERIC,500,sfti_2d65e3879ba3b022946f98df
T2_NUMERIC,500,sfti_11ed732ad7ec487196978f44
T2_NUMERIC,500,sfti_3271178e6054d568a66d30e0
T2_NUMERIC,500,sfti_b4a793273b858d825d90a826
T2_NUMERIC,500,sfti_d7d00753f85d76e7565a12da
T2_NUMERIC,500,sfti_05c778bd8c1b158d4c78e249
T2_NUMERIC,500,sfti_792a73d542be03a52faeb5cb
T2_NUMERIC,500,sfti_e185228fa6230c4745ee03f2
T2_NUMERIC,500,sfti_1e38af5c19c7d770cbd5ab4a
T2_NUMERIC,500,sfti_b453d5c937472fc94077b55e
T2_NUMERIC,500,sfti_74c9df09c7c61dbae0e55645
T2_NUMERIC,500,sfti_d24e25152e05a22b3bd388a6
T2_NUMERIC,500,sfti_00fb4cc6d104950228c53a5e
T2_NUMERIC,500,sfti_629b4117382d5f6c2986bce2
T2_NUMERIC,500,sfti_d9a9aef5ce176f759341041e
T2_NUMERIC,500,sfti_f6067f1a100876bc916d340d
T2_NUMERIC,500,sfti_28a5eaea2ee39200e94fe02d
T2_NUMERIC,500,sfti_6c485e73d167f37e573654ac
T2_NUMERIC,500,sfti_0899d08e441dbe7fab979750
T2_NUMERIC,500,sfti_cc53af27090f6d59bfaeeb3f
T2_NUMERIC,500,sfti_1d4855ca1dc7956ae581403c
T2_NUMERIC,500,sfti_f95c641a44781f069fee6b7f
T2_NUMERIC,500,sfti_cbcd64f8abd509f9e2988d80
T2_NUMERIC,500,sfti_185bd154b7c63abef6cc846d
T2_NUMERIC,500,sfti_ff07ba729c477f76670da1cb
T2_NUMERIC,500,sfti_d873b090bcdfd64d1481f306
T2_NUMERIC,500,sfti_1edbcb5bb378881ddd80b0ae
T2_NUMERIC,500,sfti_1074eefc0692c5a6b5498f18
T2_NUMERIC,500,sfti_0386490f350e796d49b69aa9
T2_NUMERIC,500,sfti_64deb234b047690fe5c144a5
T2_NUMERIC,500,sfti_03d5a64874b52407c06ae556
T2_NUMERIC,500,sfti_b2d995b82161c0736d305a8c
T2_NUMERIC,500,sfti_f1dde874687c54d7a4875cfc
T2_NUMERIC,500,sfti_c0411bff4a54798e4f8926e0
T2_NUMERIC,500,sfti_76012ac70255e72975d82b9b
T2_NUMERIC,500,sfti_b59e54b6cc7bbae09c422a68
T2_NUMERIC,500,sfti_8561ef46c31a28975e6807dd
T2_NUMERIC,500,sfti_761bd9981964f43a58bdde77
T2_NUMERIC,500,sfti_94dcb935379591f495b5550b
T2_NUMERIC,500,sfti_d00eb0b26d9c94b613ac3318
T2_NUMERIC,500,sfti_4dfa5694e6b5575519838743
T2_NUMERIC,500,sfti_483c326c9c5b4b2522b2721b
T2_NUMERIC,500,sfti_3849fbe402c03e9add8a23ef
T2_NUMERIC,500,sfti_3920cf5c520461a8aec85081
T2_NUMERIC,500,sfti_5ff7082b77f2f83da0542617
T2_NUMERIC,500,sfti_76934c344a7fd5a2a1c01759
T2_NUMERIC,500,sfti_520173a39d8bbc8aed4d10cd
T2_NUMERIC,500,sfti_40d25e87f867054b2268afe4
T2_NUMERIC,500,sfti_4fa51d5be300a6e1f2e6dd9d
T2_NUMERIC,500,sfti_0ac1f2d80fa54f2500d6dc3d
T2_NUMERIC,500,sfti_9414e43f12ff829fcf0d6060
T2_NUMERIC,500,sfti_9eb846b0d063299bdc7e7314
T2_NUMERIC,500,sfti_dc158cd8e65dec1c9188a93a
T2_NUMERIC,500,sfti_12a8db229af62ec744b367ba
T2_NUMERIC,500,sfti_f7a5d189ade8f9cbfcb8d292
T2_NUMERIC,1000,sfti_b8d12c8e14e4b3ef666281f4
T2_NUMERIC,1000,sfti_a222afb5c73ba50a19c4dae1
T2_NUMERIC,1000,sfti_ddf3aa2d27971d297aca92d1
T2_NUMERIC,1000,sfti_f6cefdad16d287333cdab907
T2_NUMERIC,1000,sfti_6595050ac5255bff9540dc16
T2_NUMERIC,1000,sfti_5b84d44679f5556a3685d395
T2_NUMERIC,1000,sfti_e6e7f2088188723678f08e8c
T2_NUMERIC,1000,sfti_57107ae0a9b95a40be423657
T2_NUMERIC,1000,sfti_0a59f93a31c9dad5692f68d8
T2_NUMERIC,1000,sfti_35a516e4259e436079e0dbfd
T2_NUMERIC,1000,sfti_e60aee9c136c8b7cdbcbf3f2
T2_NUMERIC,1000,sfti_ad89d78cb936e6939e055fe6
T2_NUMERIC,1000,sfti_9f4adf56c8f730c0094e11c3
T2_NUMERIC,1000,sfti_3997cd927eaf29c4b1d2825b
T2_NUMERIC,1000,sfti_67dacbf2939945a5b9cd33b8
T2_NUMERIC,1000,sfti_df1b1a9d7a2447977361d5f8
T2_NUMERIC,1000,sfti_f6663e600815ba2a7b634809
T2_NUMERIC,1000,sfti_eebb6d8ecd68d3c382b284af
T2_NUMERIC,1000,sfti_7f4d5c676f22ca9c23060769
T2_NUMERIC,1000,sfti_5c246ea4542e3842a2946b4c
T2_NUMERIC,1000,sfti_ea49ed49815c79837d443d42
T2_NUMERIC,1000,sfti_dddbdf684ea5a9fb001d37a4
T2_NUMERIC,1000,sfti_3d780f719c75136e7a50c857
T2_NUMERIC,1000,sfti_1b23c3e2af4f8eb06be5d56f
T2_NUMERIC,1000,sfti_333c28b0065e5678b455e444
T2_NUMERIC,1000,sfti_dac769fd8aac9b180196822d
T2_NUMERIC,1000,sfti_27ababf746ca9b5b1113fa82
T2_NUMERIC,1000,sfti_aa506dfb841671178a3a11ae
T2_NUMERIC,1000,sfti_aed560c85bd7be7659a7d4b3
T2_NUMERIC,1000,sfti_1e3bcf2033cb2b4876f779ef
T2_NUMERIC,1000,sfti_1709ac4935bfb840ea132780
T2_NUMERIC,1000,sfti_764cc6ce47552c8b319c33a6
T2_NUMERIC,1000,sfti_64847945276ddccbe4d1e074
T2_NUMERIC,1000,sfti_8c5868bfaccf77c55da5edda
T2_NUMERIC,1000,sfti_92cf064950f5c4fb6c81f18d
T2_NUMERIC,1000,sfti_a7c5c299094fe26a77c561bb
T2_NUMERIC,1000,sfti_6292a55425eee9353a40b467
T2_NUMERIC,1000,sfti_9795ddfd8eb505d9292c76de
T2_NUMERIC,1000,sfti_c506789a0bd58961b9dfea68
T2_NUMERIC,1000,sfti_be70a1d518c446b6a79f2bc8
T2_NUMERIC,1000,sfti_f3ab8934b5f5d28043eeb22d
T2_NUMERIC,1000,sfti_6de2447617d7c4e94c6aa030
T2_NUMERIC,1000,sfti_376e716071efd2501d98dedf
T2_NUMERIC,1000,sfti_960bf51d81fa86c2c20844ad
T2_NUMERIC,1000,sfti_dc6a289df181fb5b5e8805e7
T2_NUMERIC,1000,sfti_11a02bec9f823d1ea50e1b70
T2_NUMERIC,1000,sfti_972c7f8e63d26faf9ce8db22
T2_NUMERIC,1000,sfti_330cf9cf0b14be3347ee2125
T2_NUMERIC,1000,sfti_827772f5de552589ac4b96e4
T2_NUMERIC,1000,sfti_c5840e4a099afcb401fcf563
T2_NUMERIC,1000,sfti_5a761c448165b38e1a2a87ce
T2_NUMERIC,1000,sfti_bb9eca1edb4afa5c0f156571
T2_NUMERIC,1000,sfti_f70af67701d9f60fc708ef8e
T2_NUMERIC,1000,sfti_4e30bde37f44cab0a2dbcd4a
T2_NUMERIC,1000,sfti_a7b1da02320f4bf17aabdc93
T2_NUMERIC,1000,sfti_b962d328c2ade14704082fe5
T2_NUMERIC,1000,sfti_08a19d4d667649067bbf9a6e
T2_NUMERIC,1000,sfti_4ffb56d55ec2d85e6853f873
T2_NUMERIC,1000,sfti_b731cfa82ba7ca151cef3e58
T2_NUMERIC,1000,sfti_6fd3835fba3c911260d25693
T2_NUMERIC,1000,sfti_ae087f28aec829cff05a19c0
T2_NUMERIC,1000,sfti_27993023aa62dc66345d008b
T2_NUMERIC,1000,sfti_48047bce4ee447fe3b2a89a5
T2_NUMERIC,1000,sfti_9e16661d7a44c0bd678209c4
T2_NUMERIC,1000,sfti_2518b69e96bd5e30001044dd
T2_NUMERIC,1000,sfti_e29e0083c9c0a33de34c36a0
T2_NUMERIC,1000,sfti_1ee7591873d335807854984a
T2_NUMERIC,1000,sfti_9ba35fc96378b2996dc69232
T2_NUMERIC,1000,sfti_0a9715998d5b7d682d197ce4
T2_NUMERIC,1000,sfti_cf8d95a07ad419e1b18c6db8
T2_NUMERIC,1000,sfti_5605b49b15dec7fe1886c843
T2_NUMERIC,1000,sfti_6f63cfee4fe72cf237537a4b
T2_NUMERIC,1000,sfti_1ae04c499e415ecf63f5e98c
T2_NUMERIC,1000,sfti_51e6e9afac72893145bda5da
T2_NUMERIC,1000,sfti_5a13ef88dbd46167b959119c
T2_NUMERIC,1000,sfti_891be71e2497c6e41b7e7676
T2_NUMERIC,1000,sfti_871ace166824d71fae9b1722
T2_NUMERIC,1000,sfti_8f9a844970a59ca7a036a459
T2_NUMERIC,1000,sfti_61f1ae994992d3f6cfcc107b
T2_NUMERIC,1000,sfti_d24e581b124f7365c3c34af0
T2_NUMERIC,1000,sfti_91f9c9c50e739deb7d198740
T2_NUMERIC,1000,sfti_5987fca34edbdd030dc60feb
T2_NUMERIC,1000,sfti_6f02a0fc57e2a1a1cb978d13
T2_NUMERIC,1000,sfti_f837a89bf231bf6e2f8e8e3e
T2_NUMERIC,1000,sfti_68459e00ae6cbfb86c51ec36
T2_NUMERIC,1000,sfti_21addf632cc9f6034a074307
T2_NUMERIC,1000,sfti_b046365bb30d4f1791981da8
T2_NUMERIC,1000,sfti_59c02d43516e00543279c931
T2_NUMERIC,1000,sfti_28b15105aaef6dc2edbc342f
T2_NUMERIC,1000,sfti_11ca076be87ab073f6b65c39
T2_NUMERIC,1000,sfti_51e4d0031a183ec02c84456a
T2_NUMERIC,1000,sfti_8e4192098e60ec6a3ca33302
T2_NUMERIC,1000,sfti_22ef0ca8aaf52469ea6e348d
T2_NUMERIC,1000,sfti_22fa6039053f29c54096344f
T2_NUMERIC,1000,sfti_f0a52bfa46db24062e55f5e9
T2_NUMERIC,1000,sfti_a41af869b59f1e106b994018
T2_NUMERIC,1000,sfti_3131889da2bf27b6806bf645
T2_NUMERIC,1000,sfti_a297c0da8dae865e02c020c7
T2_NUMERIC,1000,sfti_999240e0ee22d50701a29e8b
T2_NUMERIC,1000,sfti_ce3cc19cec03b6db0a6d7e7d
T2_NUMERIC,1000,sfti_7573e24e824a17077b86d9ee
T2_NUMERIC,1000,sfti_7841089a16d47e6f48b8840e
T2_NUMERIC,1000,sfti_f243fd26b7a094bc46a0db42
T2_NUMERIC,1000,sfti_0dc27cf5a59fc36cea54ddcf
T2_NUMERIC,1000,sfti_74523b660298d5ca1ded9b32
T2_NUMERIC,1000,sfti_d7f7d122fd63236c101cd9f2
T2_NUMERIC,1000,sfti_e09245df3d55cdedd2536c97
T2_NUMERIC,1000,sfti_41e80702b16aed7597f4e694
T2_NUMERIC,1000,sfti_612e2ff4757e7228768d9d24
T2_NUMERIC,1000,sfti_606558f85754b59e07e28e39
T2_NUMERIC,1000,sfti_95eafdc984382018b7c9135f
T2_NUMERIC,1000,sfti_cfea833008c1a5ca344a868a
T2_NUMERIC,1000,sfti_6a3c25f0ad071062dbbce66c
T2_NUMERIC,1000,sfti_9da3b3f16e1aa6d2b02a529f
T2_NUMERIC,1000,sfti_8b7ae97181126bc7dcd5a056
T2_NUMERIC,1000,sfti_68c2eec8962a2d36c3deba1b
T2_NUMERIC,1000,sfti_d90d32db9c939fcadda7ce11
T2_NUMERIC,1000,sfti_4e458ac717014d720beb9c77
T2_NUMERIC,1000,sfti_55c669f339cdd6b3170a0a53
T2_NUMERIC,1000,sfti_933b134be2ba5284b981778e
T2_NUMERIC,1000,sfti_7035ca3ee7155c52e0ad3142
T2_NUMERIC,1000,sfti_d3059f0d1fd18768f1b7a341
T2_NUMERIC,1000,sfti_9b26f797eab2a3593f354d78
T2_NUMERIC,1000,sfti_922a55d1692a8e51827cb66d
T2_NUMERIC,1000,sfti_561fa6c26b2f4b7b44fb108a
T2_NUMERIC,1000,sfti_f56dca9cc8220704681af188
T2_NUMERIC,1000,sfti_5fd5d3251b94e845dedbdfe1
T2_NUMERIC,1000,sfti_4e1a2a6e4de9b6d5e414743d
T2_NUMERIC,1000,sfti_71fa367d203d0bf8de4cffce
T2_NUMERIC,1000,sfti_32e40cac7860bab71df7cbf8
T2_NUMERIC,1000,sfti_e50b31fc19f700d85d9c6ced
T2_NUMERIC,1000,sfti_589307f2e658f34469f21055
T2_NUMERIC,1000,sfti_44466f57e2cc9a1b73ad8032
T2_NUMERIC,1000,sfti_a562723a2181cbd11fe424e4
T2_NUMERIC,1000,sfti_40d5420a8e895acb60c87485
T2_NUMERIC,1000,sfti_b27597ba97c98e45ee2bbdba
T2_NUMERIC,1000,sfti_89071b0e2d339da31296500c
T2_NUMERIC,1000,sfti_52dcb2eb4cd456549b9f26cb
T2_NUMERIC,1000,sfti_768c125db01c01c5985abc5f
T2_NUMERIC,1000,sfti_f3fc8743dd8f98bac7eb9f88
T2_NUMERIC,1000,sfti_06d25652b3d52a3b703ff87a
T2_NUMERIC,1000,sfti_2f23b290fe81218cb658f6c7
T2_NUMERIC,1000,sfti_3d4b8763ca7c0ec038c70ab5
T2_NUMERIC,1000,sfti_92f96382ce92e0d3f5f56fef
T2_NUMERIC,1000,sfti_59ee2fb9d2d0327c4b95d943
T2_NUMERIC,1000,sfti_37ca1619f6871074c5a96070
T2_NUMERIC,1000,sfti_8e0b645f6451e41823c993df
T2_NUMERIC,1000,sfti_a3a208e3018a849d64725c64
T2_NUMERIC,1000,sfti_311e7cfa6fd050817e6f9586
T2_NUMERIC,1000,sfti_18ea6b51b7364a89a038314b
T2_NUMERIC,1000,sfti_03d9f6918830e1a6faabd1f0
T2_NUMERIC,1000,sfti_6b8e24cc26b130a534debc76
T2_NUMERIC,1000,sfti_99431bda1507ccfd0f39df23
T2_NUMERIC,1000,sfti_5774dd31ff65db40e2fb2496
T2_NUMERIC,1000,sfti_6c97c2cc1ce2b2cb6de8baed
T2_NUMERIC,1000,sfti_d3364df8aaea35ac1a13720e
T2_NUMERIC,1000,sfti_e52a6403453c5abf4c057649
T2_NUMERIC,1000,sfti_aa56caebde31458210ce43d4
T2_NUMERIC,1000,sfti_07c9dcaa49dec811f92f65f5
T2_NUMERIC,1000,sfti_5d9bb7b44319ff93a974cc5e
T2_NUMERIC,1000,sfti_d77e1535187dc08a86413946
T2_NUMERIC,1000,sfti_ce3f4e253a75fb82fd9c4772
T2_NUMERIC,1000,sfti_36441816c79a536d6e6087c5
T2_NUMERIC,1000,sfti_8e645290c97486171d409800
T2_NUMERIC,1000,sfti_4a78c4e07a4e0c9973c82879
T2_NUMERIC,1000,sfti_ec619c3409d86a8ef8ce2201
T2_NUMERIC,1000,sfti_b13fe2f1f9a554cb6bbe33ff
T2_NUMERIC,1000,sfti_955f5cd2a072ac48fb5149c7
T2_NUMERIC,1000,sfti_d1945245b2d9c2848422a0dc
T2_NUMERIC,1000,sfti_2c83e976b0ff7d42a8a96b72
T2_NUMERIC,1000,sfti_3c2df5764be2275e833e2b99
T2_NUMERIC,1000,sfti_c0c202b2b301e4809b36157f
T2_NUMERIC,1000,sfti_a7caab01b8bf8420d5fd9bce
T2_NUMERIC,1000,sfti_6775801cf7794e2632de8de1
T2_NUMERIC,1000,sfti_fe8922303be49e45011db380
T2_NUMERIC,1000,sfti_7bb029fda0875c33ae19df5a
T2_NUMERIC,1000,sfti_aa51a15ac78a7614a106ca14
T2_NUMERIC,1000,sfti_b33f59a91f4ec6e46f831fe5
T2_NUMERIC,1000,sfti_89b8ebbada852286059cd7ba
T2_NUMERIC,1000,sfti_953a642bea6da8a78ebdd033
T2_NUMERIC,1000,sfti_b6bad8d37cdbc14b6e60440f
T2_NUMERIC,1000,sfti_fee27115d5a5ee560aecef40
T2_NUMERIC,1000,sfti_72abbfc402e06ed51a3c3951
T2_NUMERIC,1000,sfti_f555b9bd7e7993985bc47a4b
T2_NUMERIC,1000,sfti_ce87c5c1a5a90ae1d0687ad5
T2_NUMERIC,1000,sfti_9e350d04fb250faf8384622a
T2_NUMERIC,1000,sfti_5e6539941fac1caeed7b2e94
T2_NUMERIC,1000,sfti_e1e2910a790a33d828ba249e
T2_NUMERIC,1000,sfti_83a2d6b4a97377972a3fd84c
T2_NUMERIC,1000,sfti_c88e7270b1944abe75c23fd2
T2_NUMERIC,1000,sfti_cd17ac5d3e099903ced1a55a
T2_NUMERIC,1000,sfti_17bb97135fadfd471f331d7a
T2_NUMERIC,1000,sfti_c2bea1eeb8c672d25971a93c
T2_NUMERIC,1000,sfti_993e5a736bdd7c8eae361cd6
T2_NUMERIC,1000,sfti_720ccf67c26af39ad7a0799e
T2_NUMERIC,1000,sfti_5a91ace34b13ea1d8a358464
T2_NUMERIC,1000,sfti_54443b6f30743cb246a7e9f5
T2_NUMERIC,1000,sfti_3cf5b7bf8c2c55c3c86ecac3
T2_NUMERIC,1000,sfti_121f5b91535e5e1540ae06dd
T2_NUMERIC,1000,sfti_852ce0912c68f6f462517761
T2_NUMERIC,1000,sfti_08eba66c8cc0e37779a19804
T2_NUMERIC,1000,sfti_5a9e303a619ce3e7ccdcef07
T2_NUMERIC,1000,sfti_23e3bfa13b233b25ee735ae9
T2_NUMERIC,1000,sfti_4667ce2a555a9fc5da6494e8
T2_NUMERIC,1000,sfti_5e0f0e9ae5fc55e6ac545e0d
T2_NUMERIC,1000,sfti_583f2d25d5473db7e88723b2
T2_NUMERIC,1000,sfti_99f337951d78ac1c18e6cdb3
T2_NUMERIC,1000,sfti_3f27f62384139d9a7c249f17
T2_NUMERIC,1000,sfti_e32bc78a6120c171568e2cf5
T2_NUMERIC,1000,sfti_7d836cf5586730b9b307af56
T2_NUMERIC,1000,sfti_6abe0daf1820e7ec07bb84ba
T2_NUMERIC,1000,sfti_a855b48484ba834ddc1a8c84
T2_NUMERIC,1000,sfti_875ca22a11b0872e097fb9b9
T2_NUMERIC,1000,sfti_d170d77b8422190d3c3a7e06
T2_NUMERIC,1000,sfti_ac1b046bfb2cd97d1a65c18c
T2_NUMERIC,1000,sfti_8abd1b27908d30fcaaa0a304
T2_NUMERIC,1000,sfti_e1f7ecaa8375b706670ca454
T2_NUMERIC,1000,sfti_a4470f46473abe30312f32c6
T2_NUMERIC,1000,sfti_bfa87500af6b163010d12d64
T2_NUMERIC,1000,sfti_97cf67421a9d38e2967363a4
T2_NUMERIC,1000,sfti_61ccabd1258165c9c47914f6
T2_NUMERIC,1000,sfti_bc2302f81570d6e46dea862c
T2_NUMERIC,1000,sfti_02389ddacd1872f38aea50d7
T2_NUMERIC,1000,sfti_6dffaae77525eb11abde0e64
T2_NUMERIC,1000,sfti_742336206617da487a85f099
T2_NUMERIC,1000,sfti_700026699e0cfa75a0362488
T2_NUMERIC,1000,sfti_d1058fb44f5a783787c0aaf2
T2_NUMERIC,1000,sfti_5cc63cee75b1579cffeb0947
T2_NUMERIC,1000,sfti_6fb594cda5f27e6e93372313
T2_NUMERIC,1000,sfti_f55fb91d838fdc5b1b2d82d5
T2_NUMERIC,1000,sfti_fb617033cdeb1964d2f8799f
T2_NUMERIC,1000,sfti_4ede2e4ce3cf0c8281281db7
T2_NUMERIC,1000,sfti_9ea0164001d51d8eb4b05fff
T2_NUMERIC,1000,sfti_e96c1451808ddc692aff515d
T2_NUMERIC,1000,sfti_bad9643ef113c6b347420105
T2_NUMERIC,1000,sfti_7d72dcd4f2e67f977dce278d
T2_NUMERIC,1000,sfti_bc7d1f3aa14c2a7d0ab7b1f3
T2_NUMERIC,1000,sfti_bca76540649dbe53cec1bb5e
T2_NUMERIC,1000,sfti_af27d68b38331d9e85606653
T2_NUMERIC,1000,sfti_f62b80023d41a84253eb4e3d
T2_NUMERIC,1000,sfti_f86385188d31df8fcee1bf86
T2_NUMERIC,1000,sfti_c3d88b78715efb488b8bf1fb
T2_NUMERIC,1000,sfti_1037497dc13404de2924fed3
T2_NUMERIC,1000,sfti_8e1c431cb209d28dc426de08
T2_NUMERIC,1000,sfti_d1e92902c0268253d027f3c5
T2_NUMERIC,1000,sfti_66476df984e92b98b9b47416
T2_NUMERIC,1000,sfti_8af3b8df04b85ce885970b1e
T2_NUMERIC,1000,sfti_a823fb6c6ae0cd6bdc625e08
T2_NUMERIC,1000,sfti_ee2f96b380bf56c348d546f8
T2_NUMERIC,1000,sfti_d13cf180a37b48a8b4f4cc3f
T2_NUMERIC,1000,sfti_886b2acb66620ccf06569e93
T2_NUMERIC,1000,sfti_06b03749247492919e4c1c0a
T2_NUMERIC,1000,sfti_f18f2917c08e940ad55e5170
T2_NUMERIC,1000,sfti_49583e115a0cd0a374b1e854
T2_NUMERIC,1000,sfti_170dbc029a516cb2072267f7
T2_NUMERIC,1000,sfti_4e72ff8be5489defcb8dc884
T2_NUMERIC,1000,sfti_b6f2128b6e84da589c7a2134
T2_NUMERIC,1000,sfti_3e2653c8a248cf2fc7221ad4
T2_NUMERIC,1000,sfti_b36081c246296e325b37868f
T2_NUMERIC,1000,sfti_a36d7d3098b8cf4e3ff29984
T2_NUMERIC,1000,sfti_3ce3ad4137a58496856ffbb1
T2_NUMERIC,1000,sfti_b9b4e9cf79656fc02d6ee07b
T2_NUMERIC,1000,sfti_d4b85a9b54ab06a9e9c72490
T2_NUMERIC,1000,sfti_3ac9b42eeac8f1273ff3588d
T2_NUMERIC,1000,sfti_98ab5b1e18301d14cff05715
T2_NUMERIC,1000,sfti_2de1ee20ed77191abc45754b
T2_NUMERIC,1000,sfti_4dafe17039c0ef2a793c8653
T2_NUMERIC,1000,sfti_b00040e2e90cdf3499d46d0e
T2_NUMERIC,1000,sfti_26efae05ed54314be1865040
T2_NUMERIC,1000,sfti_37e3062d6e55af62cae285e5
T2_NUMERIC,1000,sfti_a17cd96cfaa60898c031e0e7
T2_NUMERIC,1000,sfti_fdd782b8c92f5e15196d2a84
T2_NUMERIC,1000,sfti_79b1be08337fb3981d95f1cf
T2_NUMERIC,1000,sfti_ad4ad697d9f10d5f8131ba13
T2_NUMERIC,1000,sfti_8035d9b72f226ee0d0bb92b2
T2_NUMERIC,1000,sfti_9826d9bbd71063000f0d5903
T2_NUMERIC,1000,sfti_40d7c9d56d382333fc6b85e9
T2_NUMERIC,1000,sfti_233e35383d0c0de81d7aeebd
T2_NUMERIC,1000,sfti_88f0a401026762e104ec7296
T2_NUMERIC,1000,sfti_328f3ec10b752a719009f2d7
T2_NUMERIC,1000,sfti_8770b9a4ace58620060f35b3
T2_NUMERIC,1000,sfti_06971737698ee25734e92681
T2_NUMERIC,1000,sfti_1675c346c5b6eb457c78c9ea
T2_NUMERIC,1000,sfti_ec63b75c49e499d566e736b1
T2_NUMERIC,1000,sfti_fcd197fdbc0e408d20a7639a
T2_NUMERIC,1000,sfti_2f7d43593866a4383a6e598e
T2_NUMERIC,1000,sfti_5bdb97e9f327b8873e5b72d0
T2_NUMERIC,1000,sfti_1f7dcd0d70e72ed68817ad6d
T2_NUMERIC,1000,sfti_bfa79d782e89f27b02aff62d
T2_NUMERIC,1000,sfti_291b523625f9e6aa47d3fecd
T2_NUMERIC,1000,sfti_87309e32c519bfdbd731d797
T2_NUMERIC,1000,sfti_cb8df8eb67f2e26861a93d6f
T2_NUMERIC,1000,sfti_9a37187aedc691aabf4b2b3c
T2_NUMERIC,1000,sfti_5720b37ee53b1342cc623937
T2_NUMERIC,1000,sfti_c06d08e39d3f47d1faed92b5
T2_NUMERIC,1000,sfti_a5d35fcd52e3491d80619d97
T2_NUMERIC,1000,sfti_71b701817dd0d52302b6e235
T2_NUMERIC,1000,sfti_ce463885f4c4104e10553be1
T2_NUMERIC,1000,sfti_2855e5646b8e7c03f07a10a6
T2_NUMERIC,1000,sfti_0140895937ff7a4eb5ff92d0
T2_NUMERIC,1000,sfti_7aa159a6d9c9268209ae4a06
T2_NUMERIC,1000,sfti_c70a990894d077f4f686b254
T2_NUMERIC,1000,sfti_ffa3b09986211559f09534a8
T2_NUMERIC,1000,sfti_344ae290b6b54edb8b3357c7
T2_NUMERIC,1000,sfti_14f2c31f1e6d19c8038ab25e
T2_NUMERIC,1000,sfti_0cc2b8d277e4ff7636410b53
T2_NUMERIC,1000,sfti_3c2568301a40b686979c6fce
T2_NUMERIC,1000,sfti_34270959c381b51c24e1deb9
T2_NUMERIC,1000,sfti_94a4e7f30c8aae7a6b5688d0
T2_NUMERIC,1000,sfti_a4aee228a7b0768fe2f06f35
T2_NUMERIC,1000,sfti_7b9f7431dcd9e28cce3477fa
T2_NUMERIC,1000,sfti_b4d2965bb9a1cd59b29f2190
T2_NUMERIC,1000,sfti_3d471008dadf94aac8d8f991
T2_NUMERIC,1000,sfti_e04d17186573ae5457521863
T2_NUMERIC,1000,sfti_29df0ff788be25aef8a028ef
T2_NUMERIC,1000,sfti_44e9b5d12b1139cbd4fc1f75
T2_NUMERIC,1000,sfti_93eddd54e17191370b8e0ef4
T2_NUMERIC,1000,sfti_1015f30a99a5559f9c98537b
T2_NUMERIC,1000,sfti_e4fe77d17d6d1e0edf92da96
T2_NUMERIC,1000,sfti_a43c75e2df2372f6a606a6b3
T2_NUMERIC,1000,sfti_4d7595ecacff3c97a10e6121
T2_NUMERIC,1000,sfti_79f02638903639e22b8bbbc3
T2_NUMERIC,1000,sfti_1af9781a008e4c383ff8f7b4
T2_NUMERIC,1000,sfti_a0ddc8e74d06cd5c45f39d8a
T2_NUMERIC,1000,sfti_5d854873a214fa92b4ceff1c
T2_NUMERIC,1000,sfti_b4ef64357b0eccadac196eb9
T2_NUMERIC,1000,sfti_7861f3f17cf5bac7d108a02f
T2_NUMERIC,1000,sfti_f4aae71dac8bd77777421116
T2_NUMERIC,1000,sfti_eea11090b0064af2bd43a739
T2_NUMERIC,1000,sfti_d0fa3ac508c024b3dc6eddbe
T2_NUMERIC,1000,sfti_31fe50cd78092b73b078ac37
T2_NUMERIC,1000,sfti_29a073c35ed290ccc83796a4
T2_NUMERIC,1000,sfti_ccef242e2c332faf9158b3aa
T2_NUMERIC,1000,sfti_710f6b91b7da8c7771db8870
T2_NUMERIC,1000,sfti_350d61cd800b21760c9ba171
T2_NUMERIC,1000,sfti_8d281c90773b2cfb6440daa0
T2_NUMERIC,1000,sfti_cd09232af2acc65d8031f517
T2_NUMERIC,1000,sfti_b85c93c2304493bcb68c2b94
T2_NUMERIC,1000,sfti_aab3180a95da5b75e20478e2
T2_NUMERIC,1000,sfti_5a1bc44be66e5dad355e39d1
T2_NUMERIC,1000,sfti_0db114969fa9f5c97cdc041d
T2_NUMERIC,1000,sfti_49a0a1bab8694d787842f4f1
T2_NUMERIC,1000,sfti_b154439606801b2991ec6545
T2_NUMERIC,1000,sfti_1eda4f5e3ed115474e90a438
T2_NUMERIC,1000,sfti_2434d133df5b769e9117c7ea
T2_NUMERIC,1000,sfti_397482066bb6f98468ac8095
T2_NUMERIC,1000,sfti_123c8554dfc28d01667cf686
T2_NUMERIC,1000,sfti_e106acb3e977095cc61ebcb4
T2_NUMERIC,1000,sfti_32d9580494a9f9f0464c037b
T2_NUMERIC,1000,sfti_adb282ac062354ac3c1e2587
T2_NUMERIC,1000,sfti_5b51eb02a429ddb383b902d8
T2_NUMERIC,1000,sfti_67b60d4ad5beb098616190a2
T2_NUMERIC,1000,sfti_2621f390168a94ae362dbbec
T2_NUMERIC,1000,sfti_74aa6a4c71ff60fb743a0342
T2_NUMERIC,1000,sfti_b02772abc2ce006a62b126bb
T2_NUMERIC,1000,sfti_ecd4bc43ab8aefbbc0d0a51b
T2_NUMERIC,1000,sfti_4a7e2dc43191a362131fbf68
T2_NUMERIC,1000,sfti_3913056435540137b623ed10
T2_NUMERIC,1000,sfti_68617cbb0e1c1d7d5faa674a
T2_NUMERIC,1000,sfti_8db988c0b5cb6d74e5084296
T2_NUMERIC,1000,sfti_9d4a7524992cb88ea58a1a3f
T2_NUMERIC,1000,sfti_5f6c97b311522d0fc8dabd6c
T2_NUMERIC,1000,sfti_e7a316857368121fd6c2239f
T2_NUMERIC,1000,sfti_2ec9f765dca2c6d8b5f9e087
T2_NUMERIC,1000,sfti_37a2cdeea51db695f005c075
T2_NUMERIC,1000,sfti_05269c1a1dc5f7cd5ff527f4
T2_NUMERIC,1000,sfti_466dd2e99c47b9265e3dbed1
T2_NUMERIC,1000,sfti_877a61f02829eadc35a30907
T2_NUMERIC,1000,sfti_2269cbec3e37c9af1c74eb19
T2_NUMERIC,1000,sfti_7f27ce0f96ac8aa91392860b
T2_NUMERIC,1000,sfti_79d42063c768a7b493d243f7
T2_NUMERIC,1000,sfti_0939a013d434ca5bd3b9d2fb
T2_NUMERIC,1000,sfti_bd263af674e0bf0c8f8a7b32
T2_NUMERIC,1000,sfti_5a72cfff640c5bcacbccec53
T2_NUMERIC,1000,sfti_c15d4a9850c6152d8f6b8103
T2_NUMERIC,1000,sfti_1ed7e3f75b7e65050a5a0066
T2_NUMERIC,1000,sfti_0faca9ce189f46ada8b37efd
T2_NUMERIC,1000,sfti_a79db485d01ff1295c44b49e
T2_NUMERIC,1000,sfti_5bc22d3715b54f929d0eb7c2
T2_NUMERIC,1000,sfti_545f2f2d9e336cf7042052c0
T2_NUMERIC,1000,sfti_931953ade039c7a7ba15e449
T2_NUMERIC,1000,sfti_ec90720accccfa5d2d2b29ef
T2_NUMERIC,1000,sfti_4f33334ff9d1d4ce1d1a299d
T2_NUMERIC,1000,sfti_b226d65dad3436cd45a9c70f
T2_NUMERIC,1000,sfti_174157293432286723737340
T2_NUMERIC,1000,sfti_dd08151d51d87e6d7a8f21ec
T2_NUMERIC,1000,sfti_5393cbf6d46d8089188be940
T2_NUMERIC,1000,sfti_a31710ca85ae8c2d128c28ee
T2_NUMERIC,1000,sfti_23dd877fd65ed81e70533686
T2_NUMERIC,1000,sfti_5c9b1b2b26ce668dbd4f31f6
T2_NUMERIC,1000,sfti_ab27cd83a59a746a92044826
T2_NUMERIC,1000,sfti_1f762f3f03056b3ed4dd5308
T2_NUMERIC,1000,sfti_2bb884ee4dfcd3236bd67ecf
T2_NUMERIC,1000,sfti_e54344d9115adb66712a47f5
T2_NUMERIC,1000,sfti_7d1d214e998df5aa616f3315
T2_NUMERIC,1000,sfti_4d5320c2b019f606cad746b0
T2_NUMERIC,1000,sfti_d0cf14b8c2594df31e0c8f48
T2_NUMERIC,1000,sfti_554c441fbcc02211ad1a5e8c
T2_NUMERIC,1000,sfti_af80510acb1085806ad314ab
T2_NUMERIC,1000,sfti_70d02f6eeb8b95b9010e9006
T2_NUMERIC,1000,sfti_1142d17e09a61c3b9d7efa1a
T2_NUMERIC,1000,sfti_164c49078fdb4ba177d053e6
T2_NUMERIC,1000,sfti_5cfaade0f267ca9a420558e9
T2_NUMERIC,1000,sfti_c5935332abe43dcb06daf8a4
T2_NUMERIC,1000,sfti_d7f52e2da2bc8b044db2346f
T2_NUMERIC,1000,sfti_baa49de550f6e5a1a4c0131a
T2_NUMERIC,1000,sfti_06f67e9960c2a492bf9faa28
T2_NUMERIC,1000,sfti_efdcb52893fcd939d3c09b57
T2_NUMERIC,1000,sfti_c60c087775a35d0e6418ae7c
T2_NUMERIC,1000,sfti_46f74d4ad09d842f615b541e
T2_NUMERIC,1000,sfti_709a904e11b530bdea447d71
T2_NUMERIC,1000,sfti_c0fa4e2dbed54a5028fcb1f7
T2_NUMERIC,1000,sfti_ae756cb46aceef86492fdd3a
T2_NUMERIC,1000,sfti_ef3e98323a2b3ec5af5c8d43
T2_NUMERIC,1000,sfti_7d81ad4d9f3911909ce98748
T2_NUMERIC,1000,sfti_33b0c1d1ae6871f5319c62d0
T2_NUMERIC,1000,sfti_dcc01d0d9579565d38fc69ca
T2_NUMERIC,1000,sfti_273d0708f60711a016dbe5d5
T2_NUMERIC,1000,sfti_eca735de9e7a79e861aaca6e
T2_NUMERIC,1000,sfti_e884c53cd6057b3e9039eba7
T2_NUMERIC,1000,sfti_0d19aaccdc9b966e4af88ef7
T2_NUMERIC,1000,sfti_7d5633e2c676a4f2878ef9b5
T2_NUMERIC,1000,sfti_1e0b61cd746bfff5e31514ca
T2_NUMERIC,1000,sfti_c5658806d126df348e6a207d
T2_NUMERIC,1000,sfti_b548f9cb7e4ebe486eb0ac3d
T2_NUMERIC,1000,sfti_a4593f60f2fc30391a5356f8
T2_NUMERIC,1000,sfti_6919265d31a4ee41577d51b6
T2_NUMERIC,1000,sfti_44d39e14cc90c3a2155cafe3
T2_NUMERIC,1000,sfti_072618b70a4fd8e7d4dab417
T2_NUMERIC,1000,sfti_7b5e7ddf1f225ae252bcb9f8
T2_NUMERIC,1000,sfti_a81a0c3f6a0a80074926f57a
T2_NUMERIC,1000,sfti_9f8f96a6e403b00de2d7b914
T2_NUMERIC,1000,sfti_7698bb649fb7a2b9c56dc7eb
T2_NUMERIC,1000,sfti_d16115744eb584197e6cc1cd
T2_NUMERIC,1000,sfti_544d1ff9614407c842c4ac86
T2_NUMERIC,1000,sfti_23b928adc23d251aee0b8977
T2_NUMERIC,1000,sfti_c65286c465dc20ecf14f738c
T2_NUMERIC,1000,sfti_9a1b261037db2c3ffef4480b
T2_NUMERIC,1000,sfti_68410d310df9b1d84d070b8a
T2_NUMERIC,1000,sfti_adbeb5d32e810aee6aaf4fca
T2_NUMERIC,1000,sfti_8ca4f8a7af4dd98f05fb6958
T2_NUMERIC,1000,sfti_36565d9e05b497ec20b51238
T2_NUMERIC,1000,sfti_b1a400317b7ad4e98f649156
T2_NUMERIC,1000,sfti_258d8e22762e0def297075a8
T2_NUMERIC,1000,sfti_0aa251ce3fdb18beb13066e4
T2_NUMERIC,1000,sfti_2d65e3879ba3b022946f98df
T2_NUMERIC,1000,sfti_11ed732ad7ec487196978f44
T2_NUMERIC,1000,sfti_3271178e6054d568a66d30e0
T2_NUMERIC,1000,sfti_b4a793273b858d825d90a826
T2_NUMERIC,1000,sfti_d7d00753f85d76e7565a12da
T2_NUMERIC,1000,sfti_05c778bd8c1b158d4c78e249
T2_NUMERIC,1000,sfti_792a73d542be03a52faeb5cb
T2_NUMERIC,1000,sfti_e185228fa6230c4745ee03f2
T2_NUMERIC,1000,sfti_1e38af5c19c7d770cbd5ab4a
T2_NUMERIC,1000,sfti_b453d5c937472fc94077b55e
T2_NUMERIC,1000,sfti_74c9df09c7c61dbae0e55645
T2_NUMERIC,1000,sfti_d24e25152e05a22b3bd388a6
T2_NUMERIC,1000,sfti_00fb4cc6d104950228c53a5e
T2_NUMERIC,1000,sfti_629b4117382d5f6c2986bce2
T2_NUMERIC,1000,sfti_d9a9aef5ce176f759341041e
T2_NUMERIC,1000,sfti_f6067f1a100876bc916d340d
T2_NUMERIC,1000,sfti_28a5eaea2ee39200e94fe02d
T2_NUMERIC,1000,sfti_6c485e73d167f37e573654ac
T2_NUMERIC,1000,sfti_0899d08e441dbe7fab979750
T2_NUMERIC,1000,sfti_cc53af27090f6d59bfaeeb3f
T2_NUMERIC,1000,sfti_1d4855ca1dc7956ae581403c
T2_NUMERIC,1000,sfti_f95c641a44781f069fee6b7f
T2_NUMERIC,1000,sfti_cbcd64f8abd509f9e2988d80
T2_NUMERIC,1000,sfti_185bd154b7c63abef6cc846d
T2_NUMERIC,1000,sfti_ff07ba729c477f76670da1cb
T2_NUMERIC,1000,sfti_d873b090bcdfd64d1481f306
T2_NUMERIC,1000,sfti_1edbcb5bb378881ddd80b0ae
T2_NUMERIC,1000,sfti_1074eefc0692c5a6b5498f18
T2_NUMERIC,1000,sfti_0386490f350e796d49b69aa9
T2_NUMERIC,1000,sfti_64deb234b047690fe5c144a5
T2_NUMERIC,1000,sfti_03d5a64874b52407c06ae556
T2_NUMERIC,1000,sfti_b2d995b82161c0736d305a8c
T2_NUMERIC,1000,sfti_f1dde874687c54d7a4875cfc
T2_NUMERIC,1000,sfti_c0411bff4a54798e4f8926e0
T2_NUMERIC,1000,sfti_76012ac70255e72975d82b9b
T2_NUMERIC,1000,sfti_b59e54b6cc7bbae09c422a68
T2_NUMERIC,1000,sfti_8561ef46c31a28975e6807dd
T2_NUMERIC,1000,sfti_761bd9981964f43a58bdde77
T2_NUMERIC,1000,sfti_94dcb935379591f495b5550b
T2_NUMERIC,1000,sfti_d00eb0b26d9c94b613ac3318
T2_NUMERIC,1000,sfti_4dfa5694e6b5575519838743
T2_NUMERIC,1000,sfti_483c326c9c5b4b2522b2721b
T2_NUMERIC,1000,sfti_3849fbe402c03e9add8a23ef
T2_NUMERIC,1000,sfti_3920cf5c520461a8aec85081
T2_NUMERIC,1000,sfti_5ff7082b77f2f83da0542617
T2_NUMERIC,1000,sfti_76934c344a7fd5a2a1c01759
T2_NUMERIC,1000,sfti_520173a39d8bbc8aed4d10cd
T2_NUMERIC,1000,sfti_40d25e87f867054b2268afe4
T2_NUMERIC,1000,sfti_4fa51d5be300a6e1f2e6dd9d
T2_NUMERIC,1000,sfti_0ac1f2d80fa54f2500d6dc3d
T2_NUMERIC,1000,sfti_9414e43f12ff829fcf0d6060
T2_NUMERIC,1000,sfti_9eb846b0d063299bdc7e7314
T2_NUMERIC,1000,sfti_dc158cd8e65dec1c9188a93a
T2_NUMERIC,1000,sfti_12a8db229af62ec744b367ba
T2_NUMERIC,1000,sfti_f7a5d189ade8f9cbfcb8d292
T2_NUMERIC,1000,sfti_22e04e157580b0bfbecb0c0b
T2_NUMERIC,1000,sfti_0ba901017b134fdb155725d3
T2_NUMERIC,1000,sfti_0aea7ab8053431764aabbe19
T2_NUMERIC,1000,sfti_a1415b6f255938dfcd95e7d3
T2_NUMERIC,1000,sfti_4051102c4698f7d1273da219
T2_NUMERIC,1000,sfti_b6ad88af9f938dedd3394c6c
T2_NUMERIC,1000,sfti_3327cbc12ff57b78a4c55e0a
T2_NUMERIC,1000,sfti_b5f5d81173deda2f708e3479
T2_NUMERIC,1000,sfti_d2dac2c9cf55a68545e97de9
T2_NUMERIC,1000,sfti_03fd9a763e77efc4f53140e2
T2_NUMERIC,1000,sfti_4f5d90bead78e87f10a77ece
T2_NUMERIC,1000,sfti_35b9eb40ff7cc265a4c0a095
T2_NUMERIC,1000,sfti_dbd3d7de8b0ddec1cfcdbc8b
T2_NUMERIC,1000,sfti_a0128d06a7b21ebeedfdf27c
T2_NUMERIC,1000,sfti_774227b2d2aefae8067cfc0d
T2_NUMERIC,1000,sfti_0198823a0b01a84e55675b21
T2_NUMERIC,1000,sfti_9a7d3a9e3c4ccd78d7649bf1
T2_NUMERIC,1000,sfti_e6f3e778a57e7bb943530691
T2_NUMERIC,1000,sfti_a6c899a1200053f7bfbaffd0
T2_NUMERIC,1000,sfti_cae505717b404708c15bfe3e
T2_NUMERIC,1000,sfti_bc5a8c94254bf19cc68bc8cb
T2_NUMERIC,1000,sfti_92f01eef288f9f314b37da54
T2_NUMERIC,1000,sfti_752b3782c221b0e8e4c18f3a
T2_NUMERIC,1000,sfti_2c571654dadab3542c8b9afc
T2_NUMERIC,1000,sfti_9d8381ffc68e53818796437d
T2_NUMERIC,1000,sfti_d694b161521c1db07fbe13ba
T2_NUMERIC,1000,sfti_3e01873e64431ec7f1a8c4a4
T2_NUMERIC,1000,sfti_b5335c33f5f17d58f6dad386
T2_NUMERIC,1000,sfti_eb81c3c4e428e9962ab58bff
T2_NUMERIC,1000,sfti_eb43e84eb361cac3865fc23b
T2_NUMERIC,1000,sfti_cec8a5f167f1631767117c1a
T2_NUMERIC,1000,sfti_2b132b72f2964f8979561da5
T2_NUMERIC,1000,sfti_82c9371cae4c7f2028b6c949
T2_NUMERIC,1000,sfti_75826d34d49237535e1f5b9f
T2_NUMERIC,1000,sfti_8ab2865188391145200b090f
T2_NUMERIC,1000,sfti_ee2e0261aef5e0f073c43876
T2_NUMERIC,1000,sfti_a5e1a876921097cb67af6015
T2_NUMERIC,1000,sfti_6e3526412e39f18aa619714b
T2_NUMERIC,1000,sfti_65d3e0c9ae5be33724ffc611
T2_NUMERIC,1000,sfti_c00d990b550b609a1346f9e4
T2_NUMERIC,1000,sfti_30a01ae818d1fe3af0f785dd
T2_NUMERIC,1000,sfti_5b7fb6de1951543b02f17b35
T2_NUMERIC,1000,sfti_fd275e3323116d241f94a640
T2_NUMERIC,1000,sfti_3d4a8342105a03ac338a2f04
T2_NUMERIC,1000,sfti_8791ec0ed0c63aa799c4d23a
T2_NUMERIC,1000,sfti_c728a6e4de41fa2c1cf65377
T2_NUMERIC,1000,sfti_57013b049a5dc80f29f2bd01
T2_NUMERIC,1000,sfti_c4a6412e0aff2df2707d633f
T2_NUMERIC,1000,sfti_5d228f1c879cfe7351849b21
T2_NUMERIC,1000,sfti_26cdae08ac56d616db06c6c1
T2_NUMERIC,1000,sfti_da61d29b9caac0ab9a86063a
T2_NUMERIC,1000,sfti_83748dd0a69ac4b9fd8a66bf
T2_NUMERIC,1000,sfti_5b2adc40ec1052cf6606b44e
T2_NUMERIC,1000,sfti_c9ca72511dd62be7fa8f21ec
T2_NUMERIC,1000,sfti_bc7e03c7ef2b5e3e7cd736a6
T2_NUMERIC,1000,sfti_77b7a6b8db17ef3c6decc93d
T2_NUMERIC,1000,sfti_550812768a8c027333866f95
T2_NUMERIC,1000,sfti_632cc1e7e268401c22560eb9
T2_NUMERIC,1000,sfti_2865593d0647b2bc9c136e42
T2_NUMERIC,1000,sfti_db87d53f145bc6714fd3ad6b
T2_NUMERIC,1000,sfti_83c92b80476f5a1976d40ba8
T2_NUMERIC,1000,sfti_ea3ccb166a3c7c6eb88efcac
T2_NUMERIC,1000,sfti_fc3cf663155fb3e2a3ef3633
T2_NUMERIC,1000,sfti_41865e12e006ab3c6078f61d
T2_NUMERIC,1000,sfti_4a112caccecd5ce59610907d
T2_NUMERIC,1000,sfti_902ba131ab14712a15150c87
T2_NUMERIC,1000,sfti_30d2a3cbb4ccbf4983c14379
T2_NUMERIC,1000,sfti_fb716b7128bb98553f71dcd2
T2_NUMERIC,1000,sfti_476b81e7d4157ad70a639c1c
T2_NUMERIC,1000,sfti_a86a8925bcf2026bed0c473e
T2_NUMERIC,1000,sfti_c465f504aad9142f1d4319d3
T2_NUMERIC,1000,sfti_6eb05df88d928e8216f20634
T2_NUMERIC,1000,sfti_570b0752d775662bbaace0a0
T2_NUMERIC,1000,sfti_3ba55b7675dd40d8c99e3a89
T2_NUMERIC,1000,sfti_1855285efe7d9bf8a0498161
T2_NUMERIC,1000,sfti_9ae0b53897c6542ddb98a58e
T2_NUMERIC,1000,sfti_a53e11429350ef7f5b15d6bb
T2_NUMERIC,1000,sfti_65d98eccc35d19a43c90f379
T2_NUMERIC,1000,sfti_76cbef1bde294ad98ee9f4d9
T2_NUMERIC,1000,sfti_f11c9d04762a5e026621280f
T2_NUMERIC,1000,sfti_1c6c2422c8036ae891c4b626
T2_NUMERIC,1000,sfti_c137fc80b289896b12444f01
T2_NUMERIC,1000,sfti_c8f70f30dc766450b23e03b7
T2_NUMERIC,1000,sfti_74fdda88397dcc19bed56306
T2_NUMERIC,1000,sfti_735fd6d35025cdb90121d189
T2_NUMERIC,1000,sfti_d8c94ffc5b9999228bc9a06a
T2_NUMERIC,1000,sfti_4cd846886a9448dd4de96f88
T2_NUMERIC,1000,sfti_73179c2ea798fbf77fd07d67
T2_NUMERIC,1000,sfti_16d7f287b8e5a1177b8cbd69
T2_NUMERIC,1000,sfti_8754774980732a6dfe5cd09b
T2_NUMERIC,1000,sfti_6cbc1806f4be463ce4de11a5
T2_NUMERIC,1000,sfti_3275b9faeb9e663ebebd67e5
T2_NUMERIC,1000,sfti_bdef996d0e78a3edaaa59920
T2_NUMERIC,1000,sfti_fdee62d8a2a0ff0e0b88762f
T2_NUMERIC,1000,sfti_8ae13568cfc8cccf567f67e1
T2_NUMERIC,1000,sfti_9233b813e1c964a6bd87dc32
T2_NUMERIC,1000,sfti_7f0c2d6643c935f645fafb93
T2_NUMERIC,1000,sfti_38629ae58680f4394f315288
T2_NUMERIC,1000,sfti_d26aff17146d26097ac4ded9
T2_NUMERIC,1000,sfti_4e70f1a009f4a124fe9ef633
T2_NUMERIC,1000,sfti_ce04d05e39e15c446a8cf7fc
T2_NUMERIC,1000,sfti_10bdc88eb814231d482250cd
T2_NUMERIC,1000,sfti_2f92511b2ec4f1971297479b
T2_NUMERIC,1000,sfti_871d1ea43c16faf67bf86d09
T2_NUMERIC,1000,sfti_0fb7b4844bdd5158b707277d
T2_NUMERIC,1000,sfti_775c0e0bb69e8a099636dc68
T2_NUMERIC,1000,sfti_5d002282fd7b6113cd0ab040
T2_NUMERIC,1000,sfti_6d035e2ebb08cce3a5f4ca44
T2_NUMERIC,1000,sfti_20625219990eba79d2f3669c
T2_NUMERIC,1000,sfti_8a6e9ad31b9a34b1a44371cf
T2_NUMERIC,1000,sfti_d9fe2f28cbae7579934f5fb8
T2_NUMERIC,1000,sfti_b4ab7a4682501429af518f07
T2_NUMERIC,1000,sfti_0d5808cf60d3ecc078324b8f
T2_NUMERIC,1000,sfti_84f9146c1988db1c51909a1d
T2_NUMERIC,1000,sfti_3ed10707a12e08add28f6f2c
T2_NUMERIC,1000,sfti_b890321e58d07dcd59e502f5
T2_NUMERIC,1000,sfti_fd6acd0bea54d971204dfd72
T2_NUMERIC,1000,sfti_74fbf28449c56aeb35763f6c
T2_NUMERIC,1000,sfti_c60c01d32d8826b2e80fee03
T2_NUMERIC,1000,sfti_fe4c0f2d1493f5eaffe01c88
T2_NUMERIC,1000,sfti_9dcf3709b097fb4225eec718
T2_NUMERIC,1000,sfti_3d3f44a11c0978e8acd39ca8
T2_NUMERIC,1000,sfti_784a7cbc3c3624e5bcf57c86
T2_NUMERIC,1000,sfti_481c0d659fa26c7409dc26aa
T2_NUMERIC,1000,sfti_c9f1fbf82e1a8491d8a2dbe2
T2_NUMERIC,1000,sfti_b9d0ec196ba47f573c5ff72f
T2_NUMERIC,1000,sfti_e5ea3da12b3d40377f3136cd
T2_NUMERIC,1000,sfti_f6c945a1a60d7d0e7662e8e4
T2_NUMERIC,1000,sfti_a342370e2d8f0e9d4975dd08
T2_NUMERIC,1000,sfti_7e243082f2e25b847be64ff9
T2_NUMERIC,1000,sfti_243006e0bbd01dde7271853d
T2_NUMERIC,1000,sfti_cf2fbbb5904c52d7599e78fa
T2_NUMERIC,1000,sfti_09c1e2276993ee4d2e45ca6f
T2_NUMERIC,1000,sfti_1738d26fc9c8144abdbef48d
T2_NUMERIC,1000,sfti_7bb94837261359d5d3c7edd9
T2_NUMERIC,1000,sfti_9c9050a1fd555725f910c328
T2_NUMERIC,1000,sfti_43e74972e89dfe72f0ae82c7
T2_NUMERIC,1000,sfti_c3df4cf3723a30b3958364f3
T2_NUMERIC,1000,sfti_feb5bd020c51de420d83f70f
T2_NUMERIC,1000,sfti_12d53e6a872acfb76171eac5
T2_NUMERIC,1000,sfti_3f85d9bce5e997d03be8e642
T2_NUMERIC,1000,sfti_5bf7bf5e98a948dde223bbde
T2_NUMERIC,1000,sfti_8b64854dc3e36d4e4a16ba77
T2_NUMERIC,1000,sfti_0d81e775217e38ffb9efa469
T2_NUMERIC,1000,sfti_5885de076ab9ebbad897643e
T2_NUMERIC,1000,sfti_8b3e46968d85434c72dbbf8f
T2_NUMERIC,1000,sfti_27ce429463860b0ab957d3ff
T2_NUMERIC,1000,sfti_83e2f3ac04503c055c176f48
T2_NUMERIC,1000,sfti_8feb8c82a97126f7dfe6e4c3
T2_NUMERIC,1000,sfti_5fdb34edc870d9fae94bead1
T2_NUMERIC,1000,sfti_97f9f01157104af011a324d3
T2_NUMERIC,1000,sfti_08cd95599c83a5d87e89bb3b
T2_NUMERIC,1000,sfti_66aa94878de872e76195c8fc
T2_NUMERIC,1000,sfti_9de22c56b5e13d56ed6f9e58
T2_NUMERIC,1000,sfti_6f8dc88715e38a367cc3d060
T2_NUMERIC,1000,sfti_8e49bee054f15a1ef394d09a
T2_NUMERIC,1000,sfti_2817b5d5c93f5f74ed2f87a6
T2_NUMERIC,1000,sfti_febd5e62aa0e0cf3eec29fdc
T2_NUMERIC,1000,sfti_ea6d378de6160b662f420284
T2_NUMERIC,1000,sfti_44193d82cacfcf2f6cf40886
T2_NUMERIC,1000,sfti_dd316732f55702f449ac9cc2
T2_NUMERIC,1000,sfti_c907131e2c65384801d95624
T2_NUMERIC,1000,sfti_bcffda123c697f74f0f7ef44
T2_NUMERIC,1000,sfti_d1e8af9abf43176ea92d92c6
T2_NUMERIC,1000,sfti_51a60a1eacdbad774c22aa70
T2_NUMERIC,1000,sfti_03b493e101864913543a1dca
T2_NUMERIC,1000,sfti_05a0bb023b1a0ff080587077
T2_NUMERIC,1000,sfti_6e4ae8f3d580d036cbbd8627
T2_NUMERIC,1000,sfti_4e0012188e494ccba0769802
T2_NUMERIC,1000,sfti_9b99ef1d22d83320308aaa18
T2_NUMERIC,1000,sfti_b4ae81f844a63b5a2ea695c8
T2_NUMERIC,1000,sfti_438e98b1348b2f335fc73b72
T2_NUMERIC,1000,sfti_6c7b02819d33e2aa1c589634
T2_NUMERIC,1000,sfti_10ea83d489c4dc5285c7c49d
T2_NUMERIC,1000,sfti_04136a977f66b6d69b2ecd6a
T2_NUMERIC,1000,sfti_cf02093d893555863203a37f
T2_NUMERIC,1000,sfti_a1cc1829c46c5f96b939660b
T2_NUMERIC,1000,sfti_35af6d4a6cbb0f0bae33f63c
T2_NUMERIC,1000,sfti_c701d0f04c0edc82215cbaeb
T2_NUMERIC,1000,sfti_b655587f74a27f2545f821dc
T2_NUMERIC,1000,sfti_3a72d8650c61f158b7dc752c
T2_NUMERIC,1000,sfti_59bb996ba65aaf009c42e18c
T2_NUMERIC,1000,sfti_801d05b95a96759d922bff6e
T2_NUMERIC,1000,sfti_fb2347617f29bef8995b0647
T2_NUMERIC,1000,sfti_54d3d246ba5ea9d3773f367c
T2_NUMERIC,1000,sfti_94b7885e31592ec0c0491c97
T2_NUMERIC,1000,sfti_a9748025fb5a311707edf703
T2_NUMERIC,1000,sfti_a0056f881212282f672bf0c6
T2_NUMERIC,1000,sfti_77e0e28dc2e172b3917cad9b
T2_NUMERIC,1000,sfti_8b0627f89ea5e47010f14b8d
T2_NUMERIC,1000,sfti_980f9aacc2fff6a7b9cbb783
T2_NUMERIC,1000,sfti_1a802defe47c1c8a3897a731
T2_NUMERIC,1000,sfti_42631140d687f65385a301a2
T2_NUMERIC,1000,sfti_4333f1e11d09a0f20e173cae
T2_NUMERIC,1000,sfti_2edbaf938ecb2ae13f3cfa40
T2_NUMERIC,1000,sfti_c64aef54ef06afc54237c140
T2_NUMERIC,1000,sfti_b9299043fa9b8afb7eefcda7
T2_NUMERIC,1000,sfti_475b54cacd21307a09aab62f
T2_NUMERIC,1000,sfti_11fb5ecd7078a7e28637e1a1
T2_NUMERIC,1000,sfti_6e68a9935baea362c0d6f70f
T2_NUMERIC,1000,sfti_c0bc0b8feae5a48ce8262363
T2_NUMERIC,1000,sfti_b46d630cd8e20f42a503de0e
T2_NUMERIC,1000,sfti_4d7a36d538714aad076717ad
T2_NUMERIC,1000,sfti_f01b7c921a52072e5a599f40
T2_NUMERIC,1000,sfti_7c970fae3afff78742bcb260
T2_NUMERIC,1000,sfti_b50d7c6c91aea3dbacfdf829
T2_NUMERIC,1000,sfti_b7c1e77bf0c4e6dda1768633
T2_NUMERIC,1000,sfti_43d2dc3660fc2dd1289a339b
T2_NUMERIC,1000,sfti_68bfbc710615910ad175171d
T2_NUMERIC,1000,sfti_1f56b415b7529573a02c0a3c
T2_NUMERIC,1000,sfti_ead1963584cdeb41671d6cec
T2_NUMERIC,1000,sfti_e8584a46d27716f06f7ce76b
T2_NUMERIC,1000,sfti_37d76bf55af8acf430efe239
T2_NUMERIC,1000,sfti_465b626973c1e29f883ff28f
T2_NUMERIC,1000,sfti_01e6a7d481b2185decf3151a
T2_NUMERIC,1000,sfti_033a3f8f3c2cd45b89090b3c
T2_NUMERIC,1000,sfti_4abad35c871730462e031307
T2_NUMERIC,1000,sfti_3d8887786ada159756a55b83
T2_NUMERIC,1000,sfti_6ab28597688851249912418f
T2_NUMERIC,1000,sfti_2a0c4a742d43de75b3804635
T2_NUMERIC,1000,sfti_03b976fdb74a45a23342a238
T2_NUMERIC,1000,sfti_39fd0e000a0a834de645174c
T2_NUMERIC,1000,sfti_ef25601d2684aa4b8d1350ae
T2_NUMERIC,1000,sfti_b93a8e940558ad6d0a0b38bb
T2_NUMERIC,1000,sfti_442bb26b3614e6c15fb83a02
T2_NUMERIC,1000,sfti_cd9863b20f08beaf4b2acf7e
T2_NUMERIC,1000,sfti_ab86b68426168db070518d65
T2_NUMERIC,1000,sfti_48232b47b5e179d4db9b6039
T2_NUMERIC,1000,sfti_3ce195d92ae99e0f5fc60118
T2_NUMERIC,1000,sfti_309adc1a2c8ab297bc2b9820
T2_NUMERIC,1000,sfti_0163768efb9569c89ed69d46
T2_NUMERIC,1000,sfti_55963fe60456d8bbeaa21862
T2_NUMERIC,1000,sfti_67a8b6a912196410bd676526
T2_NUMERIC,1000,sfti_3789bc63db2bad7e307c4636
T2_NUMERIC,1000,sfti_ddcc784bcd73f8e4fb61a580
T2_NUMERIC,1000,sfti_fc477e1a5a8513c975cf5e77
T2_NUMERIC,1000,sfti_d0bb61c63224842e3d771517
T2_NUMERIC,1000,sfti_330156cc5de4f22068ee97f4
T2_NUMERIC,1000,sfti_dbfba5f75418c0841d20374d
T2_NUMERIC,1000,sfti_5a9795dd11afe5715a3619e0
T2_NUMERIC,1000,sfti_84e0aac5c6d511f3f38fd8cd
T2_NUMERIC,1000,sfti_4d4762ed3ea8a134f5274d61
T2_NUMERIC,1000,sfti_6c7b5826998d9719c285d81c
T2_NUMERIC,1000,sfti_4678ab87555a4e80028b63f6
T2_NUMERIC,1000,sfti_7c6d4262d8db3b79f61b456a
T2_NUMERIC,1000,sfti_1e6fe249da6817a7f571c265
T2_NUMERIC,1000,sfti_456767ba91a939aa7c645e46
T2_NUMERIC,1000,sfti_a16349939599193d0986e201
T2_NUMERIC,1000,sfti_898b83bf3ee60b95e46b9e0e
T2_NUMERIC,1000,sfti_4f8550f744ad050c9add427e
T2_NUMERIC,1000,sfti_b1ba3816b5d799ccafa481fa
T2_NUMERIC,1000,sfti_eea0ee2d04b1cdf078615805
T2_NUMERIC,1000,sfti_dfdcf1fe349b162d48afd049
T2_NUMERIC,1000,sfti_7fbf465479388119634fd3f0
T2_NUMERIC,1000,sfti_0cd4ce1ced6af935eb729117
T2_NUMERIC,1000,sfti_ebdb036042f221e31b542557
T2_NUMERIC,1000,sfti_0912965d0cd412fc251c5c59
T2_NUMERIC,1000,sfti_0a73464d42a4b8ec13e87489
T2_NUMERIC,1000,sfti_dfc6d6136df3f2d7263c0840
T2_NUMERIC,1000,sfti_7bbfdc8d36a7307776d2e903
T2_NUMERIC,1000,sfti_92ff550344adc0b5e2685bec
T2_NUMERIC,1000,sfti_ee091669165a2b7a6f5a76a4
T2_NUMERIC,1000,sfti_5fafa97782faf6ec7be9fa64
T2_NUMERIC,1000,sfti_d39937a0efe7d3a00c1a34b9
T2_NUMERIC,1000,sfti_e9e57296127ff294079b97bf
T2_NUMERIC,1000,sfti_7e5aba7c62118427c0d33ae5
T2_NUMERIC,1000,sfti_3e572c25b4b19b31747ba7e8
T2_NUMERIC,1000,sfti_282b73ba2e7b28a5d020cb63
T2_NUMERIC,1000,sfti_d63f9dc2e1b9531265eb90c5
T2_NUMERIC,1000,sfti_e88080b3f5debf6079e1d881
T2_NUMERIC,1000,sfti_5fc98abc4a9cc20bd36f4a07
T2_NUMERIC,1000,sfti_edc4230e2f8a7456df5f0757
T2_NUMERIC,1000,sfti_0a3466377b309fab2797b176
T2_NUMERIC,1000,sfti_e231e5761bec499f2baf2bb8
T2_NUMERIC,1000,sfti_b963f4fcb0cdb5e61ae30969
T2_NUMERIC,1000,sfti_9667087c5db96d4bfd27e52f
T2_NUMERIC,1000,sfti_8de2fff499aa929a6008d08c
T2_NUMERIC,1000,sfti_3a521092942dfb5a4fb64049
T2_NUMERIC,1000,sfti_7735d88bb85424b792053504
T2_NUMERIC,1000,sfti_af37bab962395b4c0c304cd7
T2_NUMERIC,1000,sfti_3edd0966dfd78de8c388c499
T2_NUMERIC,1000,sfti_17628aaff0679ce02de8b762
T2_NUMERIC,1000,sfti_8d2d2c8406cda233bc7133b8
T2_NUMERIC,1000,sfti_6ab7ae53c4c36ae45c4b0c82
T2_NUMERIC,1000,sfti_1ea7340d0d2a399be6eaf30a
T2_NUMERIC,1000,sfti_5650cb7e1a8f064dba9067b7
T2_NUMERIC,1000,sfti_52f0a68ed06076a4501e84e7
T2_NUMERIC,1000,sfti_1f97b8fb552c500bbd27d107
T2_NUMERIC,1000,sfti_b019d84ef0c6072e635da343
T2_NUMERIC,1000,sfti_e2f520b7db6b4a7b77e7f9cd
T2_NUMERIC,1000,sfti_622a13f5e26157d62feeef0e
T2_NUMERIC,1000,sfti_5d0ab790e66e42a978bac45d
T2_NUMERIC,1000,sfti_bb30e1e235bb2f2fcf0b4d72
T2_NUMERIC,1000,sfti_4b535aa45ea25ef10d17f9d2
T2_NUMERIC,1000,sfti_853a36f84832284d91ac9edd
T2_NUMERIC,1000,sfti_3260fecea6fb03c53288a451
T2_NUMERIC,1000,sfti_eef4d0b26def65842de87cf5
T2_NUMERIC,1000,sfti_f9d75db9e2e70912a54435d8
T2_NUMERIC,1000,sfti_190fb4609a5faf9caf5e3aa7
T2_NUMERIC,1000,sfti_29f29ab2413ae2b6f19da62a
T2_NUMERIC,1000,sfti_09de17d1811d7bd06d578d6c
T2_NUMERIC,1000,sfti_e240f9ac954b1d1bc1b25938
T2_NUMERIC,1000,sfti_e92ddc639b4c3c8893a3c3eb
T2_NUMERIC,1000,sfti_b10d27d40eebfa16d458e0c4
T2_NUMERIC,1000,sfti_d228d2ea279dcc60f3450cc8
T2_NUMERIC,1000,sfti_ad461ce5ab29c36d39a28480
T2_NUMERIC,1000,sfti_e8a4e401aa1975a7b96a443f
T2_NUMERIC,1000,sfti_8fb8184cbb70581bf2557c80
T2_NUMERIC,1000,sfti_2f37ea5678f93181d6a35320
T2_NUMERIC,1000,sfti_4790d9293cb840af5449301a
T2_NUMERIC,1000,sfti_6229696b79b9c6700efdbb89
T2_NUMERIC,1000,sfti_3923ba7573c56079ab356958
T2_NUMERIC,1000,sfti_39b72ab14e701c3199380a32
T2_NUMERIC,1000,sfti_6eff0e37d20dea11c3cce848
T2_NUMERIC,1000,sfti_cb26ad9c6ba73deb21f6a61c
T2_NUMERIC,1000,sfti_c95f2ee43f741806d8fdf888
T2_NUMERIC,1000,sfti_d74bb7970c729cdd06086b40
T2_NUMERIC,1000,sfti_decfc04cb60042ac32ec45e6
T2_NUMERIC,1000,sfti_8baa7d62616de04e58a7b41c
T2_NUMERIC,1000,sfti_aba390382bb7c36e36ca2c11
T2_NUMERIC,1000,sfti_9afcff2ae4ce3623e867278d
T2_NUMERIC,1000,sfti_a80716e55b250b202fd6de97
T2_NUMERIC,1000,sfti_08f47b4ada69f73537a1f5df
T2_NUMERIC,1000,sfti_941e66c08a5ceaafe59284c3
T2_NUMERIC,1000,sfti_37725e91d6d83fc027e328ed
T2_NUMERIC,1000,sfti_63aec893e49c76fb52b7439d
T2_NUMERIC,1000,sfti_1a41002f7334936d7af09a2d
T2_NUMERIC,1000,sfti_a92dc04f9cddfabddf4fdc53
T2_NUMERIC,1000,sfti_cbc87b1a63e5731dc5d57382
T2_NUMERIC,1000,sfti_02d689a06ae298eba582c267
T2_NUMERIC,1000,sfti_9045b4aeea43004d57409503
T2_NUMERIC,1000,sfti_18c8d78e5ca0ec8f7d99bc36
T2_NUMERIC,1000,sfti_b8784d4670cff6d38fe10afa
T2_NUMERIC,1000,sfti_2ffb83446a554dc54b485ae9
T2_NUMERIC,1000,sfti_c61f1d3a9de1d540c2a5e0c1
T2_NUMERIC,1000,sfti_712562096b5df964567bb493
T2_NUMERIC,1000,sfti_834ab71021ec74e2a3d517a1
T2_NUMERIC,1000,sfti_c8fe2ed9c5d202c336a933fb
T2_NUMERIC,1000,sfti_d92f8a7dd62cdbf21963e259
T2_NUMERIC,1000,sfti_9a048197c7474a163bd5912e
T2_NUMERIC,1000,sfti_a9970da699805199200e31a2
T2_NUMERIC,1000,sfti_e9315fa1721460b680fe3cb4
T2_NUMERIC,1000,sfti_50f45f0d470e98dfa5aa0109
T2_NUMERIC,1000,sfti_a7a46c5f0e41ffb0de92de0d
T2_NUMERIC,1000,sfti_f1e6a43fd91dca29a70f090d
T2_NUMERIC,1000,sfti_588510c3c457fcbc41664149
T2_NUMERIC,1000,sfti_da07557b42b4b9730b09d267
T2_NUMERIC,1000,sfti_b49e34e48436ab4ca5227025
T2_NUMERIC,1000,sfti_4c2f55f019861d49957e3d47
T2_NUMERIC,1000,sfti_7454e3d377ac1545f5d51b0d
T2_NUMERIC,1000,sfti_54b600139730432cdc45c83c
T2_NUMERIC,1000,sfti_f9fa21db4d9d5ed72dc65ac4
T2_NUMERIC,1000,sfti_42098779d997402e57e93f99
T2_NUMERIC,1000,sfti_4798d3752f03f869bb9e5d2a
T2_NUMERIC,1000,sfti_183990448bae06d57eff8b1c
T2_NUMERIC,1000,sfti_dbaf620a4a579fbef1e77e5d
T2_NUMERIC,1000,sfti_46e3af7a81697610a8260787
T2_NUMERIC,1000,sfti_b8a8ae10cf1d4f3f1e274b45
T2_NUMERIC,1000,sfti_b520a6969acb4d40585af095
T2_NUMERIC,1000,sfti_16b6b2ec2d1ef5d10280ee0f
T2_NUMERIC,1000,sfti_506baade8528141ba8477b66
T2_NUMERIC,1000,sfti_d05f7ad360089423408d2cbb
T2_NUMERIC,1000,sfti_987cd4170d7df1bd12d80bd1
T2_NUMERIC,1000,sfti_d2231ebb5fe74c1ba47ada05
T2_NUMERIC,1000,sfti_2541cbbe92c6fc2f7bd7792c
T2_NUMERIC,1000,sfti_3ebe5c26c924e3f8e4c260e3
T2_NUMERIC,1000,sfti_6025091b96c681678e00ce31
T2_NUMERIC,1000,sfti_a580c188bf533637b0ad5e36
T2_NUMERIC,1000,sfti_ec4262132d541940b40e8dee
T2_NUMERIC,1000,sfti_ecb3ec93368c69d22e8b13dc
T2_NUMERIC,1000,sfti_47b144e5d06653384268202f
T2_NUMERIC,1000,sfti_49f704b20d909e38b0b8a082
T2_NUMERIC,1000,sfti_0c301cbe1b85ea0869dcedd7
T2_NUMERIC,1000,sfti_dcdb79a83f31505ecd19878e
T2_NUMERIC,1000,sfti_6db5ee15519eef4ee3faefa9
T2_NUMERIC,1000,sfti_9b3b6258aa7fedcfab85540b
T2_NUMERIC,1000,sfti_5ced1eb6c35d715fd843947a
T2_NUMERIC,1000,sfti_6b8cba05bec6f555d0c3c6b9
T2_NUMERIC,1000,sfti_d8ddede2d487cc5bc66ef146
T2_NUMERIC,1000,sfti_ca6583528f5aeed09747ac42
T2_NUMERIC,1000,sfti_95cbeb9964a05884e5c7ed49
T2_NUMERIC,1000,sfti_cc9c4fb9fe0853a97fb16030
T2_NUMERIC,1000,sfti_099a8077b363b30e0ec5a829
T2_NUMERIC,1000,sfti_1acc034f3c87757d875cc4eb
T2_NUMERIC,1000,sfti_de2c6f87be0a6a050dfbd7b3
T2_NUMERIC,1000,sfti_421b03c13ed140fff779b4c3
T2_NUMERIC,1000,sfti_72ce7087e5c9405087cf6f3d
T2_NUMERIC,1000,sfti_f0f592cf7a503c6456740eaf
T2_NUMERIC,1000,sfti_f57ce9fde345ccad364179dc
T2_NUMERIC,1000,sfti_f4d8c08b180f7e0c2a995abb
T2_NUMERIC,1000,sfti_6aef79ec459590fc820e515f
T2_NUMERIC,1000,sfti_bd226f962db4e8934e7ac094
T2_NUMERIC,1000,sfti_a8b85dbf015285267f77b0cf
T2_NUMERIC,1000,sfti_9ff4c08abae310783974ea66
T2_NUMERIC,1000,sfti_d201762446d6c6ee24b2db27
T2_NUMERIC,1000,sfti_a9df0e4fcfe1807e3be1623c
T2_NUMERIC,1000,sfti_95e5608627d71d7ddebcb843
T2_NUMERIC,1000,sfti_bab9e8fdd4dc545635a4855a
T2_NUMERIC,1000,sfti_a2499b48f7b1bd19180c1819
T2_NUMERIC,1000,sfti_6f674f21f56905d723793919
T2_NUMERIC,1000,sfti_9f888db095bd2327da79eeed
T2_NUMERIC,1000,sfti_82a3b8d87d6fce66e81d92a5
T2_NUMERIC,1000,sfti_b820cd0f9914a0080210ed0c
T2_NUMERIC,1000,sfti_e5cb817ee848999c863bce88
T2_NUMERIC,1000,sfti_9b20d1efe9f8f8acbdfc4a0b
T2_NUMERIC,1000,sfti_819ffbc18087f6602dfb8301
T2_NUMERIC,1000,sfti_faa4c23e0ff02f63f5e79653
T2_NUMERIC,1000,sfti_1b83edda2fb51889a1f9789d
T2_NUMERIC,1000,sfti_033df64c19ccb0bfbac36d32
T2_NUMERIC,1000,sfti_4ff569bede8068856f0109d7
T2_NUMERIC,1000,sfti_4650f784f3c43b2c1e3dac12
T2_NUMERIC,1000,sfti_49aba48aa3347375f33e9f15
T2_NUMERIC,1000,sfti_ac1d0f326d73d4e7253f4d64
T2_NUMERIC,1000,sfti_1ed97b4a907748bcf173d282
T2_NUMERIC,1000,sfti_190c0537bb2cc15511400069
T2_NUMERIC,1000,sfti_ddf01610eb86c252ece41933
T2_NUMERIC,1000,sfti_cc87e4128c0cab4ad33e7ea4
T2_NUMERIC,1000,sfti_4ff1e6566dc26081215bea4f
T2_NUMERIC,1000,sfti_a6b67ec30dec135091c9b672
T2_NUMERIC,1000,sfti_db89fd81ea3925be5887e794
T2_NUMERIC,1000,sfti_27b2d3fe61d2d3548ac1a777
T2_NUMERIC,1000,sfti_d44f0ad0a495ebada54f18b3
T2_NUMERIC,1000,sfti_d7fa70cb1d3c5e6f7c1e765b
T2_NUMERIC,1000,sfti_d1adffb0ef4bb7305aaaab59
T2_NUMERIC,1000,sfti_831af1186a2160223bed46ff
T2_NUMERIC,1000,sfti_a8b0560fcf351f0e8bcc6b33
T2_NUMERIC,1000,sfti_2821346e67ab701ceec53025
T2_NUMERIC,1000,sfti_ea9dc1c481b23673a2a7c69b
T2_NUMERIC,1000,sfti_c9bb6747c3c9e2d30ecbf1b8
T2_NUMERIC,1000,sfti_37d0feba638944db5b498c99
T2_NUMERIC,1000,sfti_1dc591a8ca627f3b214e5d83
T2_NUMERIC,1000,sfti_25c8c33d07bdaaec9b2fa6d0
T2_NUMERIC,1000,sfti_e6d8bb766d9aadf399257d18
T2_NUMERIC,1000,sfti_c338c129072b646210af9c3a
T2_NUMERIC,1000,sfti_5d086ed0a468d249f4aae916
T2_NUMERIC,1000,sfti_a830533b8e19680019835bd0
T2_NUMERIC,1000,sfti_b30ce9a9f504a2ddeeca41c9
T2_NUMERIC,1000,sfti_615c10c2bfc0478e81058b41
T2_NUMERIC,1000,sfti_45668fa800fcc500b1669c50
T2_NUMERIC,1000,sfti_f5645dd2859e85827ddbb93c
T2_NUMERIC,1000,sfti_0cd9506c54cc92a2f662f806
T2_NUMERIC,1000,sfti_ad44c2f9aecb6df05b17dc24
T2_NUMERIC,1000,sfti_b7afc5f7e03a81b47d48086f
T2_NUMERIC,1000,sfti_ae2070c5f619a4d06cae29e0
T2_NUMERIC,1000,sfti_2d6e3fe66d32b6716faa8f9d
T2_NUMERIC,1000,sfti_49066b1667ab5d3015980c86
T2_NUMERIC,1000,sfti_4df531012437d4b529b0c4ff
T2_NUMERIC,1000,sfti_cb65a26558714d4452e818d5
T2_NUMERIC,1000,sfti_fee6dc79ac5ac2f16e76ef78
T2_NUMERIC,1000,sfti_7605e3d5a7e457682828375c
T2_NUMERIC,1000,sfti_a7cada7ca53098f2de0a6295
T2_NUMERIC,1000,sfti_7f06cd58590a08b6e2f9c08d
T2_NUMERIC,1000,sfti_4fb3d7792f75c3c669983f69
T2_NUMERIC,1000,sfti_6f1e88725f2c72df811a9994
T2_NUMERIC,1000,sfti_029830dc96e1cbd3acef664a
T2_NUMERIC,1000,sfti_2f81f7e652e2f8a6ba7bf00c
T2_NUMERIC,1000,sfti_d629803c92a3f2aae86e7f39
T2_NUMERIC,1000,sfti_d1294757c4db6eda6a78964f
T2_NUMERIC,1000,sfti_63bf2e4045503a59e4a15c53
T2_NUMERIC,1000,sfti_b193d5c7f37c9a7d72f4fa75
T2_NUMERIC,1000,sfti_f8997e9a450e21803b1493af
T2_NUMERIC,1000,sfti_a5121bb71fa40d1461165485
T2_NUMERIC,1000,sfti_ff76f117355863682a1af16c
T2_NUMERIC,1000,sfti_a378cf63d8931201d4e90f38
T2_NUMERIC,1000,sfti_0de2bf7bf43696030bc6a758
T2_NUMERIC,1000,sfti_17efb767d5e8688601ca5d2d
T2_NUMERIC,1000,sfti_d1877b6569faf74969c3520f
T2_NUMERIC,1000,sfti_aacd3fbbea04f9746a5db4e8
T2_NUMERIC,1000,sfti_2d59e60b0b1f21dfa8bc0741
T2_NUMERIC,1000,sfti_ae51bbd16f5dfe9baaebc479
T2_NUMERIC,1000,sfti_1cf263252570e52889589eee
T2_NUMERIC,1000,sfti_3315dd25b9e8c0af60b238a2
T2_NUMERIC,1000,sfti_75c18461e6f8e5de29d23ca6
T2_NUMERIC,1000,sfti_43bc0dbf0098a783fdfeaa47
T2_NUMERIC,1000,sfti_1d760119931251e7f94b38e4
T2_NUMERIC,1000,sfti_8431af7d4c3940144e4b11d7
T2_NUMERIC,1000,sfti_32f205b307ed51d2ffdda81d
T2_NUMERIC,1000,sfti_68fa475a74ddce489e9efa50
T2_NUMERIC,1000,sfti_20058624b7bf67eea9c9b6c9
T2_NUMERIC,1000,sfti_d8ab30d943b57d316cd51aa7
T2_NUMERIC,1000,sfti_05c9ebe925dce4a954663496
T2_NUMERIC,1000,sfti_393c49247091a2274b98287c
T2_NUMERIC,1000,sfti_d77977c985cd7af578994903
T2_NUMERIC,1000,sfti_a6708df226fc8469ea872725
T2_NUMERIC,1000,sfti_7e8f50f6af465b40faed7927
T2_NUMERIC,1000,sfti_efc4a84b54b54133ec01fcbb
T2_NUMERIC,1000,sfti_84353d72b3c1c6844b1239c7
T2_NUMERIC,1000,sfti_03d9d02e9a4ad6d11eaa7314
T2_NUMERIC,1000,sfti_f6ce295640a6a3698695b456
T2_NUMERIC,1000,sfti_f1bce983a00fbfcc7b7f29ad
T2_NUMERIC,1000,sfti_ec080297fcf1803eba10421c
T2_NUMERIC,1000,sfti_f13b7b49c457545d4bebc1d0
T2_NUMERIC,1000,sfti_f8f6cd4a57cfbb1304e90b0c
T2_NUMERIC,1000,sfti_8b04072329e7e28de05876f8
T2_NUMERIC,1000,sfti_87a7af5ae195787fd52d167c
T2_NUMERIC,1000,sfti_5cd0ca8a9e88f7722e5e3267
T2_NUMERIC,1000,sfti_013043f3c71672f49dbb2dc9
T2_NUMERIC,1000,sfti_87dabafe4a5b5c8b083eee29
T2_NUMERIC,1000,sfti_6e55e7ca29aac887296c1131
T2_NUMERIC,1000,sfti_5f74d375f76c301e199f71df
T2_NUMERIC,2000,sfti_b8d12c8e14e4b3ef666281f4
T2_NUMERIC,2000,sfti_a222afb5c73ba50a19c4dae1
T2_NUMERIC,2000,sfti_ddf3aa2d27971d297aca92d1
T2_NUMERIC,2000,sfti_f6cefdad16d287333cdab907
T2_NUMERIC,2000,sfti_6595050ac5255bff9540dc16
T2_NUMERIC,2000,sfti_5b84d44679f5556a3685d395
T2_NUMERIC,2000,sfti_e6e7f2088188723678f08e8c
T2_NUMERIC,2000,sfti_57107ae0a9b95a40be423657
T2_NUMERIC,2000,sfti_0a59f93a31c9dad5692f68d8
T2_NUMERIC,2000,sfti_35a516e4259e436079e0dbfd
T2_NUMERIC,2000,sfti_e60aee9c136c8b7cdbcbf3f2
T2_NUMERIC,2000,sfti_ad89d78cb936e6939e055fe6
T2_NUMERIC,2000,sfti_9f4adf56c8f730c0094e11c3
T2_NUMERIC,2000,sfti_3997cd927eaf29c4b1d2825b
T2_NUMERIC,2000,sfti_67dacbf2939945a5b9cd33b8
T2_NUMERIC,2000,sfti_df1b1a9d7a2447977361d5f8
T2_NUMERIC,2000,sfti_f6663e600815ba2a7b634809
T2_NUMERIC,2000,sfti_eebb6d8ecd68d3c382b284af
T2_NUMERIC,2000,sfti_7f4d5c676f22ca9c23060769
T2_NUMERIC,2000,sfti_5c246ea4542e3842a2946b4c
T2_NUMERIC,2000,sfti_ea49ed49815c79837d443d42
T2_NUMERIC,2000,sfti_dddbdf684ea5a9fb001d37a4
T2_NUMERIC,2000,sfti_3d780f719c75136e7a50c857
T2_NUMERIC,2000,sfti_1b23c3e2af4f8eb06be5d56f
T2_NUMERIC,2000,sfti_333c28b0065e5678b455e444
T2_NUMERIC,2000,sfti_dac769fd8aac9b180196822d
T2_NUMERIC,2000,sfti_27ababf746ca9b5b1113fa82
T2_NUMERIC,2000,sfti_aa506dfb841671178a3a11ae
T2_NUMERIC,2000,sfti_aed560c85bd7be7659a7d4b3
T2_NUMERIC,2000,sfti_1e3bcf2033cb2b4876f779ef
T2_NUMERIC,2000,sfti_1709ac4935bfb840ea132780
T2_NUMERIC,2000,sfti_764cc6ce47552c8b319c33a6
T2_NUMERIC,2000,sfti_64847945276ddccbe4d1e074
T2_NUMERIC,2000,sfti_8c5868bfaccf77c55da5edda
T2_NUMERIC,2000,sfti_92cf064950f5c4fb6c81f18d
T2_NUMERIC,2000,sfti_a7c5c299094fe26a77c561bb
T2_NUMERIC,2000,sfti_6292a55425eee9353a40b467
T2_NUMERIC,2000,sfti_9795ddfd8eb505d9292c76de
T2_NUMERIC,2000,sfti_c506789a0bd58961b9dfea68
T2_NUMERIC,2000,sfti_be70a1d518c446b6a79f2bc8
T2_NUMERIC,2000,sfti_f3ab8934b5f5d28043eeb22d
T2_NUMERIC,2000,sfti_6de2447617d7c4e94c6aa030
T2_NUMERIC,2000,sfti_376e716071efd2501d98dedf
T2_NUMERIC,2000,sfti_960bf51d81fa86c2c20844ad
T2_NUMERIC,2000,sfti_dc6a289df181fb5b5e8805e7
T2_NUMERIC,2000,sfti_11a02bec9f823d1ea50e1b70
T2_NUMERIC,2000,sfti_972c7f8e63d26faf9ce8db22
T2_NUMERIC,2000,sfti_330cf9cf0b14be3347ee2125
T2_NUMERIC,2000,sfti_827772f5de552589ac4b96e4
T2_NUMERIC,2000,sfti_c5840e4a099afcb401fcf563
T2_NUMERIC,2000,sfti_5a761c448165b38e1a2a87ce
T2_NUMERIC,2000,sfti_bb9eca1edb4afa5c0f156571
T2_NUMERIC,2000,sfti_f70af67701d9f60fc708ef8e
T2_NUMERIC,2000,sfti_4e30bde37f44cab0a2dbcd4a
T2_NUMERIC,2000,sfti_a7b1da02320f4bf17aabdc93
T2_NUMERIC,2000,sfti_b962d328c2ade14704082fe5
T2_NUMERIC,2000,sfti_08a19d4d667649067bbf9a6e
T2_NUMERIC,2000,sfti_4ffb56d55ec2d85e6853f873
T2_NUMERIC,2000,sfti_b731cfa82ba7ca151cef3e58
T2_NUMERIC,2000,sfti_6fd3835fba3c911260d25693
T2_NUMERIC,2000,sfti_ae087f28aec829cff05a19c0
T2_NUMERIC,2000,sfti_27993023aa62dc66345d008b
T2_NUMERIC,2000,sfti_48047bce4ee447fe3b2a89a5
T2_NUMERIC,2000,sfti_9e16661d7a44c0bd678209c4
T2_NUMERIC,2000,sfti_2518b69e96bd5e30001044dd
T2_NUMERIC,2000,sfti_e29e0083c9c0a33de34c36a0
T2_NUMERIC,2000,sfti_1ee7591873d335807854984a
T2_NUMERIC,2000,sfti_9ba35fc96378b2996dc69232
T2_NUMERIC,2000,sfti_0a9715998d5b7d682d197ce4
T2_NUMERIC,2000,sfti_cf8d95a07ad419e1b18c6db8
T2_NUMERIC,2000,sfti_5605b49b15dec7fe1886c843
T2_NUMERIC,2000,sfti_6f63cfee4fe72cf237537a4b
T2_NUMERIC,2000,sfti_1ae04c499e415ecf63f5e98c
T2_NUMERIC,2000,sfti_51e6e9afac72893145bda5da
T2_NUMERIC,2000,sfti_5a13ef88dbd46167b959119c
T2_NUMERIC,2000,sfti_891be71e2497c6e41b7e7676
T2_NUMERIC,2000,sfti_871ace166824d71fae9b1722
T2_NUMERIC,2000,sfti_8f9a844970a59ca7a036a459
T2_NUMERIC,2000,sfti_61f1ae994992d3f6cfcc107b
T2_NUMERIC,2000,sfti_d24e581b124f7365c3c34af0
T2_NUMERIC,2000,sfti_91f9c9c50e739deb7d198740
T2_NUMERIC,2000,sfti_5987fca34edbdd030dc60feb
T2_NUMERIC,2000,sfti_6f02a0fc57e2a1a1cb978d13
T2_NUMERIC,2000,sfti_f837a89bf231bf6e2f8e8e3e
T2_NUMERIC,2000,sfti_68459e00ae6cbfb86c51ec36
T2_NUMERIC,2000,sfti_21addf632cc9f6034a074307
T2_NUMERIC,2000,sfti_b046365bb30d4f1791981da8
T2_NUMERIC,2000,sfti_59c02d43516e00543279c931
T2_NUMERIC,2000,sfti_28b15105aaef6dc2edbc342f
T2_NUMERIC,2000,sfti_11ca076be87ab073f6b65c39
T2_NUMERIC,2000,sfti_51e4d0031a183ec02c84456a
T2_NUMERIC,2000,sfti_8e4192098e60ec6a3ca33302
T2_NUMERIC,2000,sfti_22ef0ca8aaf52469ea6e348d
T2_NUMERIC,2000,sfti_22fa6039053f29c54096344f
T2_NUMERIC,2000,sfti_f0a52bfa46db24062e55f5e9
T2_NUMERIC,2000,sfti_a41af869b59f1e106b994018
T2_NUMERIC,2000,sfti_3131889da2bf27b6806bf645
T2_NUMERIC,2000,sfti_a297c0da8dae865e02c020c7
T2_NUMERIC,2000,sfti_999240e0ee22d50701a29e8b
T2_NUMERIC,2000,sfti_ce3cc19cec03b6db0a6d7e7d
T2_NUMERIC,2000,sfti_7573e24e824a17077b86d9ee
T2_NUMERIC,2000,sfti_7841089a16d47e6f48b8840e
T2_NUMERIC,2000,sfti_f243fd26b7a094bc46a0db42
T2_NUMERIC,2000,sfti_0dc27cf5a59fc36cea54ddcf
T2_NUMERIC,2000,sfti_74523b660298d5ca1ded9b32
T2_NUMERIC,2000,sfti_d7f7d122fd63236c101cd9f2
T2_NUMERIC,2000,sfti_e09245df3d55cdedd2536c97
T2_NUMERIC,2000,sfti_41e80702b16aed7597f4e694
T2_NUMERIC,2000,sfti_612e2ff4757e7228768d9d24
T2_NUMERIC,2000,sfti_606558f85754b59e07e28e39
T2_NUMERIC,2000,sfti_95eafdc984382018b7c9135f
T2_NUMERIC,2000,sfti_cfea833008c1a5ca344a868a
T2_NUMERIC,2000,sfti_6a3c25f0ad071062dbbce66c
T2_NUMERIC,2000,sfti_9da3b3f16e1aa6d2b02a529f
T2_NUMERIC,2000,sfti_8b7ae97181126bc7dcd5a056
T2_NUMERIC,2000,sfti_68c2eec8962a2d36c3deba1b
T2_NUMERIC,2000,sfti_d90d32db9c939fcadda7ce11
T2_NUMERIC,2000,sfti_4e458ac717014d720beb9c77
T2_NUMERIC,2000,sfti_55c669f339cdd6b3170a0a53
T2_NUMERIC,2000,sfti_933b134be2ba5284b981778e
T2_NUMERIC,2000,sfti_7035ca3ee7155c52e0ad3142
T2_NUMERIC,2000,sfti_d3059f0d1fd18768f1b7a341
T2_NUMERIC,2000,sfti_9b26f797eab2a3593f354d78
T2_NUMERIC,2000,sfti_922a55d1692a8e51827cb66d
T2_NUMERIC,2000,sfti_561fa6c26b2f4b7b44fb108a
T2_NUMERIC,2000,sfti_f56dca9cc8220704681af188
T2_NUMERIC,2000,sfti_5fd5d3251b94e845dedbdfe1
T2_NUMERIC,2000,sfti_4e1a2a6e4de9b6d5e414743d
T2_NUMERIC,2000,sfti_71fa367d203d0bf8de4cffce
T2_NUMERIC,2000,sfti_32e40cac7860bab71df7cbf8
T2_NUMERIC,2000,sfti_e50b31fc19f700d85d9c6ced
T2_NUMERIC,2000,sfti_589307f2e658f34469f21055
T2_NUMERIC,2000,sfti_44466f57e2cc9a1b73ad8032
T2_NUMERIC,2000,sfti_a562723a2181cbd11fe424e4
T2_NUMERIC,2000,sfti_40d5420a8e895acb60c87485
T2_NUMERIC,2000,sfti_b27597ba97c98e45ee2bbdba
T2_NUMERIC,2000,sfti_89071b0e2d339da31296500c
T2_NUMERIC,2000,sfti_52dcb2eb4cd456549b9f26cb
T2_NUMERIC,2000,sfti_768c125db01c01c5985abc5f
T2_NUMERIC,2000,sfti_f3fc8743dd8f98bac7eb9f88
T2_NUMERIC,2000,sfti_06d25652b3d52a3b703ff87a
T2_NUMERIC,2000,sfti_2f23b290fe81218cb658f6c7
T2_NUMERIC,2000,sfti_3d4b8763ca7c0ec038c70ab5
T2_NUMERIC,2000,sfti_92f96382ce92e0d3f5f56fef
T2_NUMERIC,2000,sfti_59ee2fb9d2d0327c4b95d943
T2_NUMERIC,2000,sfti_37ca1619f6871074c5a96070
T2_NUMERIC,2000,sfti_8e0b645f6451e41823c993df
T2_NUMERIC,2000,sfti_a3a208e3018a849d64725c64
T2_NUMERIC,2000,sfti_311e7cfa6fd050817e6f9586
T2_NUMERIC,2000,sfti_18ea6b51b7364a89a038314b
T2_NUMERIC,2000,sfti_03d9f6918830e1a6faabd1f0
T2_NUMERIC,2000,sfti_6b8e24cc26b130a534debc76
T2_NUMERIC,2000,sfti_99431bda1507ccfd0f39df23
T2_NUMERIC,2000,sfti_5774dd31ff65db40e2fb2496
T2_NUMERIC,2000,sfti_6c97c2cc1ce2b2cb6de8baed
T2_NUMERIC,2000,sfti_d3364df8aaea35ac1a13720e
T2_NUMERIC,2000,sfti_e52a6403453c5abf4c057649
T2_NUMERIC,2000,sfti_aa56caebde31458210ce43d4
T2_NUMERIC,2000,sfti_07c9dcaa49dec811f92f65f5
T2_NUMERIC,2000,sfti_5d9bb7b44319ff93a974cc5e
T2_NUMERIC,2000,sfti_d77e1535187dc08a86413946
T2_NUMERIC,2000,sfti_ce3f4e253a75fb82fd9c4772
T2_NUMERIC,2000,sfti_36441816c79a536d6e6087c5
T2_NUMERIC,2000,sfti_8e645290c97486171d409800
T2_NUMERIC,2000,sfti_4a78c4e07a4e0c9973c82879
T2_NUMERIC,2000,sfti_ec619c3409d86a8ef8ce2201
T2_NUMERIC,2000,sfti_b13fe2f1f9a554cb6bbe33ff
T2_NUMERIC,2000,sfti_955f5cd2a072ac48fb5149c7
T2_NUMERIC,2000,sfti_d1945245b2d9c2848422a0dc
T2_NUMERIC,2000,sfti_2c83e976b0ff7d42a8a96b72
T2_NUMERIC,2000,sfti_3c2df5764be2275e833e2b99
T2_NUMERIC,2000,sfti_c0c202b2b301e4809b36157f
T2_NUMERIC,2000,sfti_a7caab01b8bf8420d5fd9bce
T2_NUMERIC,2000,sfti_6775801cf7794e2632de8de1
T2_NUMERIC,2000,sfti_fe8922303be49e45011db380
T2_NUMERIC,2000,sfti_7bb029fda0875c33ae19df5a
T2_NUMERIC,2000,sfti_aa51a15ac78a7614a106ca14
T2_NUMERIC,2000,sfti_b33f59a91f4ec6e46f831fe5
T2_NUMERIC,2000,sfti_89b8ebbada852286059cd7ba
T2_NUMERIC,2000,sfti_953a642bea6da8a78ebdd033
T2_NUMERIC,2000,sfti_b6bad8d37cdbc14b6e60440f
T2_NUMERIC,2000,sfti_fee27115d5a5ee560aecef40
T2_NUMERIC,2000,sfti_72abbfc402e06ed51a3c3951
T2_NUMERIC,2000,sfti_f555b9bd7e7993985bc47a4b
T2_NUMERIC,2000,sfti_ce87c5c1a5a90ae1d0687ad5
T2_NUMERIC,2000,sfti_9e350d04fb250faf8384622a
T2_NUMERIC,2000,sfti_5e6539941fac1caeed7b2e94
T2_NUMERIC,2000,sfti_e1e2910a790a33d828ba249e
T2_NUMERIC,2000,sfti_83a2d6b4a97377972a3fd84c
T2_NUMERIC,2000,sfti_c88e7270b1944abe75c23fd2
T2_NUMERIC,2000,sfti_cd17ac5d3e099903ced1a55a
T2_NUMERIC,2000,sfti_17bb97135fadfd471f331d7a
T2_NUMERIC,2000,sfti_c2bea1eeb8c672d25971a93c
T2_NUMERIC,2000,sfti_993e5a736bdd7c8eae361cd6
T2_NUMERIC,2000,sfti_720ccf67c26af39ad7a0799e
T2_NUMERIC,2000,sfti_5a91ace34b13ea1d8a358464
T2_NUMERIC,2000,sfti_54443b6f30743cb246a7e9f5
T2_NUMERIC,2000,sfti_3cf5b7bf8c2c55c3c86ecac3
T2_NUMERIC,2000,sfti_121f5b91535e5e1540ae06dd
T2_NUMERIC,2000,sfti_852ce0912c68f6f462517761
T2_NUMERIC,2000,sfti_08eba66c8cc0e37779a19804
T2_NUMERIC,2000,sfti_5a9e303a619ce3e7ccdcef07
T2_NUMERIC,2000,sfti_23e3bfa13b233b25ee735ae9
T2_NUMERIC,2000,sfti_4667ce2a555a9fc5da6494e8
T2_NUMERIC,2000,sfti_5e0f0e9ae5fc55e6ac545e0d
T2_NUMERIC,2000,sfti_583f2d25d5473db7e88723b2
T2_NUMERIC,2000,sfti_99f337951d78ac1c18e6cdb3
T2_NUMERIC,2000,sfti_3f27f62384139d9a7c249f17
T2_NUMERIC,2000,sfti_e32bc78a6120c171568e2cf5
T2_NUMERIC,2000,sfti_7d836cf5586730b9b307af56
T2_NUMERIC,2000,sfti_6abe0daf1820e7ec07bb84ba
T2_NUMERIC,2000,sfti_a855b48484ba834ddc1a8c84
T2_NUMERIC,2000,sfti_875ca22a11b0872e097fb9b9
T2_NUMERIC,2000,sfti_d170d77b8422190d3c3a7e06
T2_NUMERIC,2000,sfti_ac1b046bfb2cd97d1a65c18c
T2_NUMERIC,2000,sfti_8abd1b27908d30fcaaa0a304
T2_NUMERIC,2000,sfti_e1f7ecaa8375b706670ca454
T2_NUMERIC,2000,sfti_a4470f46473abe30312f32c6
T2_NUMERIC,2000,sfti_bfa87500af6b163010d12d64
T2_NUMERIC,2000,sfti_97cf67421a9d38e2967363a4
T2_NUMERIC,2000,sfti_61ccabd1258165c9c47914f6
T2_NUMERIC,2000,sfti_bc2302f81570d6e46dea862c
T2_NUMERIC,2000,sfti_02389ddacd1872f38aea50d7
T2_NUMERIC,2000,sfti_6dffaae77525eb11abde0e64
T2_NUMERIC,2000,sfti_742336206617da487a85f099
T2_NUMERIC,2000,sfti_700026699e0cfa75a0362488
T2_NUMERIC,2000,sfti_d1058fb44f5a783787c0aaf2
T2_NUMERIC,2000,sfti_5cc63cee75b1579cffeb0947
T2_NUMERIC,2000,sfti_6fb594cda5f27e6e93372313
T2_NUMERIC,2000,sfti_f55fb91d838fdc5b1b2d82d5
T2_NUMERIC,2000,sfti_fb617033cdeb1964d2f8799f
T2_NUMERIC,2000,sfti_4ede2e4ce3cf0c8281281db7
T2_NUMERIC,2000,sfti_9ea0164001d51d8eb4b05fff
T2_NUMERIC,2000,sfti_e96c1451808ddc692aff515d
T2_NUMERIC,2000,sfti_bad9643ef113c6b347420105
T2_NUMERIC,2000,sfti_7d72dcd4f2e67f977dce278d
T2_NUMERIC,2000,sfti_bc7d1f3aa14c2a7d0ab7b1f3
T2_NUMERIC,2000,sfti_bca76540649dbe53cec1bb5e
T2_NUMERIC,2000,sfti_af27d68b38331d9e85606653
T2_NUMERIC,2000,sfti_f62b80023d41a84253eb4e3d
T2_NUMERIC,2000,sfti_f86385188d31df8fcee1bf86
T2_NUMERIC,2000,sfti_c3d88b78715efb488b8bf1fb
T2_NUMERIC,2000,sfti_1037497dc13404de2924fed3
T2_NUMERIC,2000,sfti_8e1c431cb209d28dc426de08
T2_NUMERIC,2000,sfti_d1e92902c0268253d027f3c5
T2_NUMERIC,2000,sfti_66476df984e92b98b9b47416
T2_NUMERIC,2000,sfti_8af3b8df04b85ce885970b1e
T2_NUMERIC,2000,sfti_a823fb6c6ae0cd6bdc625e08
T2_NUMERIC,2000,sfti_ee2f96b380bf56c348d546f8
T2_NUMERIC,2000,sfti_d13cf180a37b48a8b4f4cc3f
T2_NUMERIC,2000,sfti_886b2acb66620ccf06569e93
T2_NUMERIC,2000,sfti_06b03749247492919e4c1c0a
T2_NUMERIC,2000,sfti_f18f2917c08e940ad55e5170
T2_NUMERIC,2000,sfti_49583e115a0cd0a374b1e854
T2_NUMERIC,2000,sfti_170dbc029a516cb2072267f7
T2_NUMERIC,2000,sfti_4e72ff8be5489defcb8dc884
T2_NUMERIC,2000,sfti_b6f2128b6e84da589c7a2134
T2_NUMERIC,2000,sfti_3e2653c8a248cf2fc7221ad4
T2_NUMERIC,2000,sfti_b36081c246296e325b37868f
T2_NUMERIC,2000,sfti_a36d7d3098b8cf4e3ff29984
T2_NUMERIC,2000,sfti_3ce3ad4137a58496856ffbb1
T2_NUMERIC,2000,sfti_b9b4e9cf79656fc02d6ee07b
T2_NUMERIC,2000,sfti_d4b85a9b54ab06a9e9c72490
T2_NUMERIC,2000,sfti_3ac9b42eeac8f1273ff3588d
T2_NUMERIC,2000,sfti_98ab5b1e18301d14cff05715
T2_NUMERIC,2000,sfti_2de1ee20ed77191abc45754b
T2_NUMERIC,2000,sfti_4dafe17039c0ef2a793c8653
T2_NUMERIC,2000,sfti_b00040e2e90cdf3499d46d0e
T2_NUMERIC,2000,sfti_26efae05ed54314be1865040
T2_NUMERIC,2000,sfti_37e3062d6e55af62cae285e5
T2_NUMERIC,2000,sfti_a17cd96cfaa60898c031e0e7
T2_NUMERIC,2000,sfti_fdd782b8c92f5e15196d2a84
T2_NUMERIC,2000,sfti_79b1be08337fb3981d95f1cf
T2_NUMERIC,2000,sfti_ad4ad697d9f10d5f8131ba13
T2_NUMERIC,2000,sfti_8035d9b72f226ee0d0bb92b2
T2_NUMERIC,2000,sfti_9826d9bbd71063000f0d5903
T2_NUMERIC,2000,sfti_40d7c9d56d382333fc6b85e9
T2_NUMERIC,2000,sfti_233e35383d0c0de81d7aeebd
T2_NUMERIC,2000,sfti_88f0a401026762e104ec7296
T2_NUMERIC,2000,sfti_328f3ec10b752a719009f2d7
T2_NUMERIC,2000,sfti_8770b9a4ace58620060f35b3
T2_NUMERIC,2000,sfti_06971737698ee25734e92681
T2_NUMERIC,2000,sfti_1675c346c5b6eb457c78c9ea
T2_NUMERIC,2000,sfti_ec63b75c49e499d566e736b1
T2_NUMERIC,2000,sfti_fcd197fdbc0e408d20a7639a
T2_NUMERIC,2000,sfti_2f7d43593866a4383a6e598e
T2_NUMERIC,2000,sfti_5bdb97e9f327b8873e5b72d0
T2_NUMERIC,2000,sfti_1f7dcd0d70e72ed68817ad6d
T2_NUMERIC,2000,sfti_bfa79d782e89f27b02aff62d
T2_NUMERIC,2000,sfti_291b523625f9e6aa47d3fecd
T2_NUMERIC,2000,sfti_87309e32c519bfdbd731d797
T2_NUMERIC,2000,sfti_cb8df8eb67f2e26861a93d6f
T2_NUMERIC,2000,sfti_9a37187aedc691aabf4b2b3c
T2_NUMERIC,2000,sfti_5720b37ee53b1342cc623937
T2_NUMERIC,2000,sfti_c06d08e39d3f47d1faed92b5
T2_NUMERIC,2000,sfti_a5d35fcd52e3491d80619d97
T2_NUMERIC,2000,sfti_71b701817dd0d52302b6e235
T2_NUMERIC,2000,sfti_ce463885f4c4104e10553be1
T2_NUMERIC,2000,sfti_2855e5646b8e7c03f07a10a6
T2_NUMERIC,2000,sfti_0140895937ff7a4eb5ff92d0
T2_NUMERIC,2000,sfti_7aa159a6d9c9268209ae4a06
T2_NUMERIC,2000,sfti_c70a990894d077f4f686b254
T2_NUMERIC,2000,sfti_ffa3b09986211559f09534a8
T2_NUMERIC,2000,sfti_344ae290b6b54edb8b3357c7
T2_NUMERIC,2000,sfti_14f2c31f1e6d19c8038ab25e
T2_NUMERIC,2000,sfti_0cc2b8d277e4ff7636410b53
T2_NUMERIC,2000,sfti_3c2568301a40b686979c6fce
T2_NUMERIC,2000,sfti_34270959c381b51c24e1deb9
T2_NUMERIC,2000,sfti_94a4e7f30c8aae7a6b5688d0
T2_NUMERIC,2000,sfti_a4aee228a7b0768fe2f06f35
T2_NUMERIC,2000,sfti_7b9f7431dcd9e28cce3477fa
T2_NUMERIC,2000,sfti_b4d2965bb9a1cd59b29f2190
T2_NUMERIC,2000,sfti_3d471008dadf94aac8d8f991
T2_NUMERIC,2000,sfti_e04d17186573ae5457521863
T2_NUMERIC,2000,sfti_29df0ff788be25aef8a028ef
T2_NUMERIC,2000,sfti_44e9b5d12b1139cbd4fc1f75
T2_NUMERIC,2000,sfti_93eddd54e17191370b8e0ef4
T2_NUMERIC,2000,sfti_1015f30a99a5559f9c98537b
T2_NUMERIC,2000,sfti_e4fe77d17d6d1e0edf92da96
T2_NUMERIC,2000,sfti_a43c75e2df2372f6a606a6b3
T2_NUMERIC,2000,sfti_4d7595ecacff3c97a10e6121
T2_NUMERIC,2000,sfti_79f02638903639e22b8bbbc3
T2_NUMERIC,2000,sfti_1af9781a008e4c383ff8f7b4
T2_NUMERIC,2000,sfti_a0ddc8e74d06cd5c45f39d8a
T2_NUMERIC,2000,sfti_5d854873a214fa92b4ceff1c
T2_NUMERIC,2000,sfti_b4ef64357b0eccadac196eb9
T2_NUMERIC,2000,sfti_7861f3f17cf5bac7d108a02f
T2_NUMERIC,2000,sfti_f4aae71dac8bd77777421116
T2_NUMERIC,2000,sfti_eea11090b0064af2bd43a739
T2_NUMERIC,2000,sfti_d0fa3ac508c024b3dc6eddbe
T2_NUMERIC,2000,sfti_31fe50cd78092b73b078ac37
T2_NUMERIC,2000,sfti_29a073c35ed290ccc83796a4
T2_NUMERIC,2000,sfti_ccef242e2c332faf9158b3aa
T2_NUMERIC,2000,sfti_710f6b91b7da8c7771db8870
T2_NUMERIC,2000,sfti_350d61cd800b21760c9ba171
T2_NUMERIC,2000,sfti_8d281c90773b2cfb6440daa0
T2_NUMERIC,2000,sfti_cd09232af2acc65d8031f517
T2_NUMERIC,2000,sfti_b85c93c2304493bcb68c2b94
T2_NUMERIC,2000,sfti_aab3180a95da5b75e20478e2
T2_NUMERIC,2000,sfti_5a1bc44be66e5dad355e39d1
T2_NUMERIC,2000,sfti_0db114969fa9f5c97cdc041d
T2_NUMERIC,2000,sfti_49a0a1bab8694d787842f4f1
T2_NUMERIC,2000,sfti_b154439606801b2991ec6545
T2_NUMERIC,2000,sfti_1eda4f5e3ed115474e90a438
T2_NUMERIC,2000,sfti_2434d133df5b769e9117c7ea
T2_NUMERIC,2000,sfti_397482066bb6f98468ac8095
T2_NUMERIC,2000,sfti_123c8554dfc28d01667cf686
T2_NUMERIC,2000,sfti_e106acb3e977095cc61ebcb4
T2_NUMERIC,2000,sfti_32d9580494a9f9f0464c037b
T2_NUMERIC,2000,sfti_adb282ac062354ac3c1e2587
T2_NUMERIC,2000,sfti_5b51eb02a429ddb383b902d8
T2_NUMERIC,2000,sfti_67b60d4ad5beb098616190a2
T2_NUMERIC,2000,sfti_2621f390168a94ae362dbbec
T2_NUMERIC,2000,sfti_74aa6a4c71ff60fb743a0342
T2_NUMERIC,2000,sfti_b02772abc2ce006a62b126bb
T2_NUMERIC,2000,sfti_ecd4bc43ab8aefbbc0d0a51b
T2_NUMERIC,2000,sfti_4a7e2dc43191a362131fbf68
T2_NUMERIC,2000,sfti_3913056435540137b623ed10
T2_NUMERIC,2000,sfti_68617cbb0e1c1d7d5faa674a
T2_NUMERIC,2000,sfti_8db988c0b5cb6d74e5084296
T2_NUMERIC,2000,sfti_9d4a7524992cb88ea58a1a3f
T2_NUMERIC,2000,sfti_5f6c97b311522d0fc8dabd6c
T2_NUMERIC,2000,sfti_e7a316857368121fd6c2239f
T2_NUMERIC,2000,sfti_2ec9f765dca2c6d8b5f9e087
T2_NUMERIC,2000,sfti_37a2cdeea51db695f005c075
T2_NUMERIC,2000,sfti_05269c1a1dc5f7cd5ff527f4
T2_NUMERIC,2000,sfti_466dd2e99c47b9265e3dbed1
T2_NUMERIC,2000,sfti_877a61f02829eadc35a30907
T2_NUMERIC,2000,sfti_2269cbec3e37c9af1c74eb19
T2_NUMERIC,2000,sfti_7f27ce0f96ac8aa91392860b
T2_NUMERIC,2000,sfti_79d42063c768a7b493d243f7
T2_NUMERIC,2000,sfti_0939a013d434ca5bd3b9d2fb
T2_NUMERIC,2000,sfti_bd263af674e0bf0c8f8a7b32
T2_NUMERIC,2000,sfti_5a72cfff640c5bcacbccec53
T2_NUMERIC,2000,sfti_c15d4a9850c6152d8f6b8103
T2_NUMERIC,2000,sfti_1ed7e3f75b7e65050a5a0066
T2_NUMERIC,2000,sfti_0faca9ce189f46ada8b37efd
T2_NUMERIC,2000,sfti_a79db485d01ff1295c44b49e
T2_NUMERIC,2000,sfti_5bc22d3715b54f929d0eb7c2
T2_NUMERIC,2000,sfti_545f2f2d9e336cf7042052c0
T2_NUMERIC,2000,sfti_931953ade039c7a7ba15e449
T2_NUMERIC,2000,sfti_ec90720accccfa5d2d2b29ef
T2_NUMERIC,2000,sfti_4f33334ff9d1d4ce1d1a299d
T2_NUMERIC,2000,sfti_b226d65dad3436cd45a9c70f
T2_NUMERIC,2000,sfti_174157293432286723737340
T2_NUMERIC,2000,sfti_dd08151d51d87e6d7a8f21ec
T2_NUMERIC,2000,sfti_5393cbf6d46d8089188be940
T2_NUMERIC,2000,sfti_a31710ca85ae8c2d128c28ee
T2_NUMERIC,2000,sfti_23dd877fd65ed81e70533686
T2_NUMERIC,2000,sfti_5c9b1b2b26ce668dbd4f31f6
T2_NUMERIC,2000,sfti_ab27cd83a59a746a92044826
T2_NUMERIC,2000,sfti_1f762f3f03056b3ed4dd5308
T2_NUMERIC,2000,sfti_2bb884ee4dfcd3236bd67ecf
T2_NUMERIC,2000,sfti_e54344d9115adb66712a47f5
T2_NUMERIC,2000,sfti_7d1d214e998df5aa616f3315
T2_NUMERIC,2000,sfti_4d5320c2b019f606cad746b0
T2_NUMERIC,2000,sfti_d0cf14b8c2594df31e0c8f48
T2_NUMERIC,2000,sfti_554c441fbcc02211ad1a5e8c
T2_NUMERIC,2000,sfti_af80510acb1085806ad314ab
T2_NUMERIC,2000,sfti_70d02f6eeb8b95b9010e9006
T2_NUMERIC,2000,sfti_1142d17e09a61c3b9d7efa1a
T2_NUMERIC,2000,sfti_164c49078fdb4ba177d053e6
T2_NUMERIC,2000,sfti_5cfaade0f267ca9a420558e9
T2_NUMERIC,2000,sfti_c5935332abe43dcb06daf8a4
T2_NUMERIC,2000,sfti_d7f52e2da2bc8b044db2346f
T2_NUMERIC,2000,sfti_baa49de550f6e5a1a4c0131a
T2_NUMERIC,2000,sfti_06f67e9960c2a492bf9faa28
T2_NUMERIC,2000,sfti_efdcb52893fcd939d3c09b57
T2_NUMERIC,2000,sfti_c60c087775a35d0e6418ae7c
T2_NUMERIC,2000,sfti_46f74d4ad09d842f615b541e
T2_NUMERIC,2000,sfti_709a904e11b530bdea447d71
T2_NUMERIC,2000,sfti_c0fa4e2dbed54a5028fcb1f7
T2_NUMERIC,2000,sfti_ae756cb46aceef86492fdd3a
T2_NUMERIC,2000,sfti_ef3e98323a2b3ec5af5c8d43
T2_NUMERIC,2000,sfti_7d81ad4d9f3911909ce98748
T2_NUMERIC,2000,sfti_33b0c1d1ae6871f5319c62d0
T2_NUMERIC,2000,sfti_dcc01d0d9579565d38fc69ca
T2_NUMERIC,2000,sfti_273d0708f60711a016dbe5d5
T2_NUMERIC,2000,sfti_eca735de9e7a79e861aaca6e
T2_NUMERIC,2000,sfti_e884c53cd6057b3e9039eba7
T2_NUMERIC,2000,sfti_0d19aaccdc9b966e4af88ef7
T2_NUMERIC,2000,sfti_7d5633e2c676a4f2878ef9b5
T2_NUMERIC,2000,sfti_1e0b61cd746bfff5e31514ca
T2_NUMERIC,2000,sfti_c5658806d126df348e6a207d
T2_NUMERIC,2000,sfti_b548f9cb7e4ebe486eb0ac3d
T2_NUMERIC,2000,sfti_a4593f60f2fc30391a5356f8
T2_NUMERIC,2000,sfti_6919265d31a4ee41577d51b6
T2_NUMERIC,2000,sfti_44d39e14cc90c3a2155cafe3
T2_NUMERIC,2000,sfti_072618b70a4fd8e7d4dab417
T2_NUMERIC,2000,sfti_7b5e7ddf1f225ae252bcb9f8
T2_NUMERIC,2000,sfti_a81a0c3f6a0a80074926f57a
T2_NUMERIC,2000,sfti_9f8f96a6e403b00de2d7b914
T2_NUMERIC,2000,sfti_7698bb649fb7a2b9c56dc7eb
T2_NUMERIC,2000,sfti_d16115744eb584197e6cc1cd
T2_NUMERIC,2000,sfti_544d1ff9614407c842c4ac86
T2_NUMERIC,2000,sfti_23b928adc23d251aee0b8977
T2_NUMERIC,2000,sfti_c65286c465dc20ecf14f738c
T2_NUMERIC,2000,sfti_9a1b261037db2c3ffef4480b
T2_NUMERIC,2000,sfti_68410d310df9b1d84d070b8a
T2_NUMERIC,2000,sfti_adbeb5d32e810aee6aaf4fca
T2_NUMERIC,2000,sfti_8ca4f8a7af4dd98f05fb6958
T2_NUMERIC,2000,sfti_36565d9e05b497ec20b51238
T2_NUMERIC,2000,sfti_b1a400317b7ad4e98f649156
T2_NUMERIC,2000,sfti_258d8e22762e0def297075a8
T2_NUMERIC,2000,sfti_0aa251ce3fdb18beb13066e4
T2_NUMERIC,2000,sfti_2d65e3879ba3b022946f98df
T2_NUMERIC,2000,sfti_11ed732ad7ec487196978f44
T2_NUMERIC,2000,sfti_3271178e6054d568a66d30e0
T2_NUMERIC,2000,sfti_b4a793273b858d825d90a826
T2_NUMERIC,2000,sfti_d7d00753f85d76e7565a12da
T2_NUMERIC,2000,sfti_05c778bd8c1b158d4c78e249
T2_NUMERIC,2000,sfti_792a73d542be03a52faeb5cb
T2_NUMERIC,2000,sfti_e185228fa6230c4745ee03f2
T2_NUMERIC,2000,sfti_1e38af5c19c7d770cbd5ab4a
T2_NUMERIC,2000,sfti_b453d5c937472fc94077b55e
T2_NUMERIC,2000,sfti_74c9df09c7c61dbae0e55645
T2_NUMERIC,2000,sfti_d24e25152e05a22b3bd388a6
T2_NUMERIC,2000,sfti_00fb4cc6d104950228c53a5e
T2_NUMERIC,2000,sfti_629b4117382d5f6c2986bce2
T2_NUMERIC,2000,sfti_d9a9aef5ce176f759341041e
T2_NUMERIC,2000,sfti_f6067f1a100876bc916d340d
T2_NUMERIC,2000,sfti_28a5eaea2ee39200e94fe02d
T2_NUMERIC,2000,sfti_6c485e73d167f37e573654ac
T2_NUMERIC,2000,sfti_0899d08e441dbe7fab979750
T2_NUMERIC,2000,sfti_cc53af27090f6d59bfaeeb3f
T2_NUMERIC,2000,sfti_1d4855ca1dc7956ae581403c
T2_NUMERIC,2000,sfti_f95c641a44781f069fee6b7f
T2_NUMERIC,2000,sfti_cbcd64f8abd509f9e2988d80
T2_NUMERIC,2000,sfti_185bd154b7c63abef6cc846d
T2_NUMERIC,2000,sfti_ff07ba729c477f76670da1cb
T2_NUMERIC,2000,sfti_d873b090bcdfd64d1481f306
T2_NUMERIC,2000,sfti_1edbcb5bb378881ddd80b0ae
T2_NUMERIC,2000,sfti_1074eefc0692c5a6b5498f18
T2_NUMERIC,2000,sfti_0386490f350e796d49b69aa9
T2_NUMERIC,2000,sfti_64deb234b047690fe5c144a5
T2_NUMERIC,2000,sfti_03d5a64874b52407c06ae556
T2_NUMERIC,2000,sfti_b2d995b82161c0736d305a8c
T2_NUMERIC,2000,sfti_f1dde874687c54d7a4875cfc
T2_NUMERIC,2000,sfti_c0411bff4a54798e4f8926e0
T2_NUMERIC,2000,sfti_76012ac70255e72975d82b9b
T2_NUMERIC,2000,sfti_b59e54b6cc7bbae09c422a68
T2_NUMERIC,2000,sfti_8561ef46c31a28975e6807dd
T2_NUMERIC,2000,sfti_761bd9981964f43a58bdde77
T2_NUMERIC,2000,sfti_94dcb935379591f495b5550b
T2_NUMERIC,2000,sfti_d00eb0b26d9c94b613ac3318
T2_NUMERIC,2000,sfti_4dfa5694e6b5575519838743
T2_NUMERIC,2000,sfti_483c326c9c5b4b2522b2721b
T2_NUMERIC,2000,sfti_3849fbe402c03e9add8a23ef
T2_NUMERIC,2000,sfti_3920cf5c520461a8aec85081
T2_NUMERIC,2000,sfti_5ff7082b77f2f83da0542617
T2_NUMERIC,2000,sfti_76934c344a7fd5a2a1c01759
T2_NUMERIC,2000,sfti_520173a39d8bbc8aed4d10cd
T2_NUMERIC,2000,sfti_40d25e87f867054b2268afe4
T2_NUMERIC,2000,sfti_4fa51d5be300a6e1f2e6dd9d
T2_NUMERIC,2000,sfti_0ac1f2d80fa54f2500d6dc3d
T2_NUMERIC,2000,sfti_9414e43f12ff829fcf0d6060
T2_NUMERIC,2000,sfti_9eb846b0d063299bdc7e7314
T2_NUMERIC,2000,sfti_dc158cd8e65dec1c9188a93a
T2_NUMERIC,2000,sfti_12a8db229af62ec744b367ba
T2_NUMERIC,2000,sfti_f7a5d189ade8f9cbfcb8d292
T2_NUMERIC,2000,sfti_22e04e157580b0bfbecb0c0b
T2_NUMERIC,2000,sfti_0ba901017b134fdb155725d3
T2_NUMERIC,2000,sfti_0aea7ab8053431764aabbe19
T2_NUMERIC,2000,sfti_a1415b6f255938dfcd95e7d3
T2_NUMERIC,2000,sfti_4051102c4698f7d1273da219
T2_NUMERIC,2000,sfti_b6ad88af9f938dedd3394c6c
T2_NUMERIC,2000,sfti_3327cbc12ff57b78a4c55e0a
T2_NUMERIC,2000,sfti_b5f5d81173deda2f708e3479
T2_NUMERIC,2000,sfti_d2dac2c9cf55a68545e97de9
T2_NUMERIC,2000,sfti_03fd9a763e77efc4f53140e2
T2_NUMERIC,2000,sfti_4f5d90bead78e87f10a77ece
T2_NUMERIC,2000,sfti_35b9eb40ff7cc265a4c0a095
T2_NUMERIC,2000,sfti_dbd3d7de8b0ddec1cfcdbc8b
T2_NUMERIC,2000,sfti_a0128d06a7b21ebeedfdf27c
T2_NUMERIC,2000,sfti_774227b2d2aefae8067cfc0d
T2_NUMERIC,2000,sfti_0198823a0b01a84e55675b21
T2_NUMERIC,2000,sfti_9a7d3a9e3c4ccd78d7649bf1
T2_NUMERIC,2000,sfti_e6f3e778a57e7bb943530691
T2_NUMERIC,2000,sfti_a6c899a1200053f7bfbaffd0
T2_NUMERIC,2000,sfti_cae505717b404708c15bfe3e
T2_NUMERIC,2000,sfti_bc5a8c94254bf19cc68bc8cb
T2_NUMERIC,2000,sfti_92f01eef288f9f314b37da54
T2_NUMERIC,2000,sfti_752b3782c221b0e8e4c18f3a
T2_NUMERIC,2000,sfti_2c571654dadab3542c8b9afc
T2_NUMERIC,2000,sfti_9d8381ffc68e53818796437d
T2_NUMERIC,2000,sfti_d694b161521c1db07fbe13ba
T2_NUMERIC,2000,sfti_3e01873e64431ec7f1a8c4a4
T2_NUMERIC,2000,sfti_b5335c33f5f17d58f6dad386
T2_NUMERIC,2000,sfti_eb81c3c4e428e9962ab58bff
T2_NUMERIC,2000,sfti_eb43e84eb361cac3865fc23b
T2_NUMERIC,2000,sfti_cec8a5f167f1631767117c1a
T2_NUMERIC,2000,sfti_2b132b72f2964f8979561da5
T2_NUMERIC,2000,sfti_82c9371cae4c7f2028b6c949
T2_NUMERIC,2000,sfti_75826d34d49237535e1f5b9f
T2_NUMERIC,2000,sfti_8ab2865188391145200b090f
T2_NUMERIC,2000,sfti_ee2e0261aef5e0f073c43876
T2_NUMERIC,2000,sfti_a5e1a876921097cb67af6015
T2_NUMERIC,2000,sfti_6e3526412e39f18aa619714b
T2_NUMERIC,2000,sfti_65d3e0c9ae5be33724ffc611
T2_NUMERIC,2000,sfti_c00d990b550b609a1346f9e4
T2_NUMERIC,2000,sfti_30a01ae818d1fe3af0f785dd
T2_NUMERIC,2000,sfti_5b7fb6de1951543b02f17b35
T2_NUMERIC,2000,sfti_fd275e3323116d241f94a640
T2_NUMERIC,2000,sfti_3d4a8342105a03ac338a2f04
T2_NUMERIC,2000,sfti_8791ec0ed0c63aa799c4d23a
T2_NUMERIC,2000,sfti_c728a6e4de41fa2c1cf65377
T2_NUMERIC,2000,sfti_57013b049a5dc80f29f2bd01
T2_NUMERIC,2000,sfti_c4a6412e0aff2df2707d633f
T2_NUMERIC,2000,sfti_5d228f1c879cfe7351849b21
T2_NUMERIC,2000,sfti_26cdae08ac56d616db06c6c1
T2_NUMERIC,2000,sfti_da61d29b9caac0ab9a86063a
T2_NUMERIC,2000,sfti_83748dd0a69ac4b9fd8a66bf
T2_NUMERIC,2000,sfti_5b2adc40ec1052cf6606b44e
T2_NUMERIC,2000,sfti_c9ca72511dd62be7fa8f21ec
T2_NUMERIC,2000,sfti_bc7e03c7ef2b5e3e7cd736a6
T2_NUMERIC,2000,sfti_77b7a6b8db17ef3c6decc93d
T2_NUMERIC,2000,sfti_550812768a8c027333866f95
T2_NUMERIC,2000,sfti_632cc1e7e268401c22560eb9
T2_NUMERIC,2000,sfti_2865593d0647b2bc9c136e42
T2_NUMERIC,2000,sfti_db87d53f145bc6714fd3ad6b
T2_NUMERIC,2000,sfti_83c92b80476f5a1976d40ba8
T2_NUMERIC,2000,sfti_ea3ccb166a3c7c6eb88efcac
T2_NUMERIC,2000,sfti_fc3cf663155fb3e2a3ef3633
T2_NUMERIC,2000,sfti_41865e12e006ab3c6078f61d
T2_NUMERIC,2000,sfti_4a112caccecd5ce59610907d
T2_NUMERIC,2000,sfti_902ba131ab14712a15150c87
T2_NUMERIC,2000,sfti_30d2a3cbb4ccbf4983c14379
T2_NUMERIC,2000,sfti_fb716b7128bb98553f71dcd2
T2_NUMERIC,2000,sfti_476b81e7d4157ad70a639c1c
T2_NUMERIC,2000,sfti_a86a8925bcf2026bed0c473e
T2_NUMERIC,2000,sfti_c465f504aad9142f1d4319d3
T2_NUMERIC,2000,sfti_6eb05df88d928e8216f20634
T2_NUMERIC,2000,sfti_570b0752d775662bbaace0a0
T2_NUMERIC,2000,sfti_3ba55b7675dd40d8c99e3a89
T2_NUMERIC,2000,sfti_1855285efe7d9bf8a0498161
T2_NUMERIC,2000,sfti_9ae0b53897c6542ddb98a58e
T2_NUMERIC,2000,sfti_a53e11429350ef7f5b15d6bb
T2_NUMERIC,2000,sfti_65d98eccc35d19a43c90f379
T2_NUMERIC,2000,sfti_76cbef1bde294ad98ee9f4d9
T2_NUMERIC,2000,sfti_f11c9d04762a5e026621280f
T2_NUMERIC,2000,sfti_1c6c2422c8036ae891c4b626
T2_NUMERIC,2000,sfti_c137fc80b289896b12444f01
T2_NUMERIC,2000,sfti_c8f70f30dc766450b23e03b7
T2_NUMERIC,2000,sfti_74fdda88397dcc19bed56306
T2_NUMERIC,2000,sfti_735fd6d35025cdb90121d189
T2_NUMERIC,2000,sfti_d8c94ffc5b9999228bc9a06a
T2_NUMERIC,2000,sfti_4cd846886a9448dd4de96f88
T2_NUMERIC,2000,sfti_73179c2ea798fbf77fd07d67
T2_NUMERIC,2000,sfti_16d7f287b8e5a1177b8cbd69
T2_NUMERIC,2000,sfti_8754774980732a6dfe5cd09b
T2_NUMERIC,2000,sfti_6cbc1806f4be463ce4de11a5
T2_NUMERIC,2000,sfti_3275b9faeb9e663ebebd67e5
T2_NUMERIC,2000,sfti_bdef996d0e78a3edaaa59920
T2_NUMERIC,2000,sfti_fdee62d8a2a0ff0e0b88762f
T2_NUMERIC,2000,sfti_8ae13568cfc8cccf567f67e1
T2_NUMERIC,2000,sfti_9233b813e1c964a6bd87dc32
T2_NUMERIC,2000,sfti_7f0c2d6643c935f645fafb93
T2_NUMERIC,2000,sfti_38629ae58680f4394f315288
T2_NUMERIC,2000,sfti_d26aff17146d26097ac4ded9
T2_NUMERIC,2000,sfti_4e70f1a009f4a124fe9ef633
T2_NUMERIC,2000,sfti_ce04d05e39e15c446a8cf7fc
T2_NUMERIC,2000,sfti_10bdc88eb814231d482250cd
T2_NUMERIC,2000,sfti_2f92511b2ec4f1971297479b
T2_NUMERIC,2000,sfti_871d1ea43c16faf67bf86d09
T2_NUMERIC,2000,sfti_0fb7b4844bdd5158b707277d
T2_NUMERIC,2000,sfti_775c0e0bb69e8a099636dc68
T2_NUMERIC,2000,sfti_5d002282fd7b6113cd0ab040
T2_NUMERIC,2000,sfti_6d035e2ebb08cce3a5f4ca44
T2_NUMERIC,2000,sfti_20625219990eba79d2f3669c
T2_NUMERIC,2000,sfti_8a6e9ad31b9a34b1a44371cf
T2_NUMERIC,2000,sfti_d9fe2f28cbae7579934f5fb8
T2_NUMERIC,2000,sfti_b4ab7a4682501429af518f07
T2_NUMERIC,2000,sfti_0d5808cf60d3ecc078324b8f
T2_NUMERIC,2000,sfti_84f9146c1988db1c51909a1d
T2_NUMERIC,2000,sfti_3ed10707a12e08add28f6f2c
T2_NUMERIC,2000,sfti_b890321e58d07dcd59e502f5
T2_NUMERIC,2000,sfti_fd6acd0bea54d971204dfd72
T2_NUMERIC,2000,sfti_74fbf28449c56aeb35763f6c
T2_NUMERIC,2000,sfti_c60c01d32d8826b2e80fee03
T2_NUMERIC,2000,sfti_fe4c0f2d1493f5eaffe01c88
T2_NUMERIC,2000,sfti_9dcf3709b097fb4225eec718
T2_NUMERIC,2000,sfti_3d3f44a11c0978e8acd39ca8
T2_NUMERIC,2000,sfti_784a7cbc3c3624e5bcf57c86
T2_NUMERIC,2000,sfti_481c0d659fa26c7409dc26aa
T2_NUMERIC,2000,sfti_c9f1fbf82e1a8491d8a2dbe2
T2_NUMERIC,2000,sfti_b9d0ec196ba47f573c5ff72f
T2_NUMERIC,2000,sfti_e5ea3da12b3d40377f3136cd
T2_NUMERIC,2000,sfti_f6c945a1a60d7d0e7662e8e4
T2_NUMERIC,2000,sfti_a342370e2d8f0e9d4975dd08
T2_NUMERIC,2000,sfti_7e243082f2e25b847be64ff9
T2_NUMERIC,2000,sfti_243006e0bbd01dde7271853d
T2_NUMERIC,2000,sfti_cf2fbbb5904c52d7599e78fa
T2_NUMERIC,2000,sfti_09c1e2276993ee4d2e45ca6f
T2_NUMERIC,2000,sfti_1738d26fc9c8144abdbef48d
T2_NUMERIC,2000,sfti_7bb94837261359d5d3c7edd9
T2_NUMERIC,2000,sfti_9c9050a1fd555725f910c328
T2_NUMERIC,2000,sfti_43e74972e89dfe72f0ae82c7
T2_NUMERIC,2000,sfti_c3df4cf3723a30b3958364f3
T2_NUMERIC,2000,sfti_feb5bd020c51de420d83f70f
T2_NUMERIC,2000,sfti_12d53e6a872acfb76171eac5
T2_NUMERIC,2000,sfti_3f85d9bce5e997d03be8e642
T2_NUMERIC,2000,sfti_5bf7bf5e98a948dde223bbde
T2_NUMERIC,2000,sfti_8b64854dc3e36d4e4a16ba77
T2_NUMERIC,2000,sfti_0d81e775217e38ffb9efa469
T2_NUMERIC,2000,sfti_5885de076ab9ebbad897643e
T2_NUMERIC,2000,sfti_8b3e46968d85434c72dbbf8f
T2_NUMERIC,2000,sfti_27ce429463860b0ab957d3ff
T2_NUMERIC,2000,sfti_83e2f3ac04503c055c176f48
T2_NUMERIC,2000,sfti_8feb8c82a97126f7dfe6e4c3
T2_NUMERIC,2000,sfti_5fdb34edc870d9fae94bead1
T2_NUMERIC,2000,sfti_97f9f01157104af011a324d3
T2_NUMERIC,2000,sfti_08cd95599c83a5d87e89bb3b
T2_NUMERIC,2000,sfti_66aa94878de872e76195c8fc
T2_NUMERIC,2000,sfti_9de22c56b5e13d56ed6f9e58
T2_NUMERIC,2000,sfti_6f8dc88715e38a367cc3d060
T2_NUMERIC,2000,sfti_8e49bee054f15a1ef394d09a
T2_NUMERIC,2000,sfti_2817b5d5c93f5f74ed2f87a6
T2_NUMERIC,2000,sfti_febd5e62aa0e0cf3eec29fdc
T2_NUMERIC,2000,sfti_ea6d378de6160b662f420284
T2_NUMERIC,2000,sfti_44193d82cacfcf2f6cf40886
T2_NUMERIC,2000,sfti_dd316732f55702f449ac9cc2
T2_NUMERIC,2000,sfti_c907131e2c65384801d95624
T2_NUMERIC,2000,sfti_bcffda123c697f74f0f7ef44
T2_NUMERIC,2000,sfti_d1e8af9abf43176ea92d92c6
T2_NUMERIC,2000,sfti_51a60a1eacdbad774c22aa70
T2_NUMERIC,2000,sfti_03b493e101864913543a1dca
T2_NUMERIC,2000,sfti_05a0bb023b1a0ff080587077
T2_NUMERIC,2000,sfti_6e4ae8f3d580d036cbbd8627
T2_NUMERIC,2000,sfti_4e0012188e494ccba0769802
T2_NUMERIC,2000,sfti_9b99ef1d22d83320308aaa18
T2_NUMERIC,2000,sfti_b4ae81f844a63b5a2ea695c8
T2_NUMERIC,2000,sfti_438e98b1348b2f335fc73b72
T2_NUMERIC,2000,sfti_6c7b02819d33e2aa1c589634
T2_NUMERIC,2000,sfti_10ea83d489c4dc5285c7c49d
T2_NUMERIC,2000,sfti_04136a977f66b6d69b2ecd6a
T2_NUMERIC,2000,sfti_cf02093d893555863203a37f
T2_NUMERIC,2000,sfti_a1cc1829c46c5f96b939660b
T2_NUMERIC,2000,sfti_35af6d4a6cbb0f0bae33f63c
T2_NUMERIC,2000,sfti_c701d0f04c0edc82215cbaeb
T2_NUMERIC,2000,sfti_b655587f74a27f2545f821dc
T2_NUMERIC,2000,sfti_3a72d8650c61f158b7dc752c
T2_NUMERIC,2000,sfti_59bb996ba65aaf009c42e18c
T2_NUMERIC,2000,sfti_801d05b95a96759d922bff6e
T2_NUMERIC,2000,sfti_fb2347617f29bef8995b0647
T2_NUMERIC,2000,sfti_54d3d246ba5ea9d3773f367c
T2_NUMERIC,2000,sfti_94b7885e31592ec0c0491c97
T2_NUMERIC,2000,sfti_a9748025fb5a311707edf703
T2_NUMERIC,2000,sfti_a0056f881212282f672bf0c6
T2_NUMERIC,2000,sfti_77e0e28dc2e172b3917cad9b
T2_NUMERIC,2000,sfti_8b0627f89ea5e47010f14b8d
T2_NUMERIC,2000,sfti_980f9aacc2fff6a7b9cbb783
T2_NUMERIC,2000,sfti_1a802defe47c1c8a3897a731
T2_NUMERIC,2000,sfti_42631140d687f65385a301a2
T2_NUMERIC,2000,sfti_4333f1e11d09a0f20e173cae
T2_NUMERIC,2000,sfti_2edbaf938ecb2ae13f3cfa40
T2_NUMERIC,2000,sfti_c64aef54ef06afc54237c140
T2_NUMERIC,2000,sfti_b9299043fa9b8afb7eefcda7
T2_NUMERIC,2000,sfti_475b54cacd21307a09aab62f
T2_NUMERIC,2000,sfti_11fb5ecd7078a7e28637e1a1
T2_NUMERIC,2000,sfti_6e68a9935baea362c0d6f70f
T2_NUMERIC,2000,sfti_c0bc0b8feae5a48ce8262363
T2_NUMERIC,2000,sfti_b46d630cd8e20f42a503de0e
T2_NUMERIC,2000,sfti_4d7a36d538714aad076717ad
T2_NUMERIC,2000,sfti_f01b7c921a52072e5a599f40
T2_NUMERIC,2000,sfti_7c970fae3afff78742bcb260
T2_NUMERIC,2000,sfti_b50d7c6c91aea3dbacfdf829
T2_NUMERIC,2000,sfti_b7c1e77bf0c4e6dda1768633
T2_NUMERIC,2000,sfti_43d2dc3660fc2dd1289a339b
T2_NUMERIC,2000,sfti_68bfbc710615910ad175171d
T2_NUMERIC,2000,sfti_1f56b415b7529573a02c0a3c
T2_NUMERIC,2000,sfti_ead1963584cdeb41671d6cec
T2_NUMERIC,2000,sfti_e8584a46d27716f06f7ce76b
T2_NUMERIC,2000,sfti_37d76bf55af8acf430efe239
T2_NUMERIC,2000,sfti_465b626973c1e29f883ff28f
T2_NUMERIC,2000,sfti_01e6a7d481b2185decf3151a
T2_NUMERIC,2000,sfti_033a3f8f3c2cd45b89090b3c
T2_NUMERIC,2000,sfti_4abad35c871730462e031307
T2_NUMERIC,2000,sfti_3d8887786ada159756a55b83
T2_NUMERIC,2000,sfti_6ab28597688851249912418f
T2_NUMERIC,2000,sfti_2a0c4a742d43de75b3804635
T2_NUMERIC,2000,sfti_03b976fdb74a45a23342a238
T2_NUMERIC,2000,sfti_39fd0e000a0a834de645174c
T2_NUMERIC,2000,sfti_ef25601d2684aa4b8d1350ae
T2_NUMERIC,2000,sfti_b93a8e940558ad6d0a0b38bb
T2_NUMERIC,2000,sfti_442bb26b3614e6c15fb83a02
T2_NUMERIC,2000,sfti_cd9863b20f08beaf4b2acf7e
T2_NUMERIC,2000,sfti_ab86b68426168db070518d65
T2_NUMERIC,2000,sfti_48232b47b5e179d4db9b6039
T2_NUMERIC,2000,sfti_3ce195d92ae99e0f5fc60118
T2_NUMERIC,2000,sfti_309adc1a2c8ab297bc2b9820
T2_NUMERIC,2000,sfti_0163768efb9569c89ed69d46
T2_NUMERIC,2000,sfti_55963fe60456d8bbeaa21862
T2_NUMERIC,2000,sfti_67a8b6a912196410bd676526
T2_NUMERIC,2000,sfti_3789bc63db2bad7e307c4636
T2_NUMERIC,2000,sfti_ddcc784bcd73f8e4fb61a580
T2_NUMERIC,2000,sfti_fc477e1a5a8513c975cf5e77
T2_NUMERIC,2000,sfti_d0bb61c63224842e3d771517
T2_NUMERIC,2000,sfti_330156cc5de4f22068ee97f4
T2_NUMERIC,2000,sfti_dbfba5f75418c0841d20374d
T2_NUMERIC,2000,sfti_5a9795dd11afe5715a3619e0
T2_NUMERIC,2000,sfti_84e0aac5c6d511f3f38fd8cd
T2_NUMERIC,2000,sfti_4d4762ed3ea8a134f5274d61
T2_NUMERIC,2000,sfti_6c7b5826998d9719c285d81c
T2_NUMERIC,2000,sfti_4678ab87555a4e80028b63f6
T2_NUMERIC,2000,sfti_7c6d4262d8db3b79f61b456a
T2_NUMERIC,2000,sfti_1e6fe249da6817a7f571c265
T2_NUMERIC,2000,sfti_456767ba91a939aa7c645e46
T2_NUMERIC,2000,sfti_a16349939599193d0986e201
T2_NUMERIC,2000,sfti_898b83bf3ee60b95e46b9e0e
T2_NUMERIC,2000,sfti_4f8550f744ad050c9add427e
T2_NUMERIC,2000,sfti_b1ba3816b5d799ccafa481fa
T2_NUMERIC,2000,sfti_eea0ee2d04b1cdf078615805
T2_NUMERIC,2000,sfti_dfdcf1fe349b162d48afd049
T2_NUMERIC,2000,sfti_7fbf465479388119634fd3f0
T2_NUMERIC,2000,sfti_0cd4ce1ced6af935eb729117
T2_NUMERIC,2000,sfti_ebdb036042f221e31b542557
T2_NUMERIC,2000,sfti_0912965d0cd412fc251c5c59
T2_NUMERIC,2000,sfti_0a73464d42a4b8ec13e87489
T2_NUMERIC,2000,sfti_dfc6d6136df3f2d7263c0840
T2_NUMERIC,2000,sfti_7bbfdc8d36a7307776d2e903
T2_NUMERIC,2000,sfti_92ff550344adc0b5e2685bec
T2_NUMERIC,2000,sfti_ee091669165a2b7a6f5a76a4
T2_NUMERIC,2000,sfti_5fafa97782faf6ec7be9fa64
T2_NUMERIC,2000,sfti_d39937a0efe7d3a00c1a34b9
T2_NUMERIC,2000,sfti_e9e57296127ff294079b97bf
T2_NUMERIC,2000,sfti_7e5aba7c62118427c0d33ae5
T2_NUMERIC,2000,sfti_3e572c25b4b19b31747ba7e8
T2_NUMERIC,2000,sfti_282b73ba2e7b28a5d020cb63
T2_NUMERIC,2000,sfti_d63f9dc2e1b9531265eb90c5
T2_NUMERIC,2000,sfti_e88080b3f5debf6079e1d881
T2_NUMERIC,2000,sfti_5fc98abc4a9cc20bd36f4a07
T2_NUMERIC,2000,sfti_edc4230e2f8a7456df5f0757
T2_NUMERIC,2000,sfti_0a3466377b309fab2797b176
T2_NUMERIC,2000,sfti_e231e5761bec499f2baf2bb8
T2_NUMERIC,2000,sfti_b963f4fcb0cdb5e61ae30969
T2_NUMERIC,2000,sfti_9667087c5db96d4bfd27e52f
T2_NUMERIC,2000,sfti_8de2fff499aa929a6008d08c
T2_NUMERIC,2000,sfti_3a521092942dfb5a4fb64049
T2_NUMERIC,2000,sfti_7735d88bb85424b792053504
T2_NUMERIC,2000,sfti_af37bab962395b4c0c304cd7
T2_NUMERIC,2000,sfti_3edd0966dfd78de8c388c499
T2_NUMERIC,2000,sfti_17628aaff0679ce02de8b762
T2_NUMERIC,2000,sfti_8d2d2c8406cda233bc7133b8
T2_NUMERIC,2000,sfti_6ab7ae53c4c36ae45c4b0c82
T2_NUMERIC,2000,sfti_1ea7340d0d2a399be6eaf30a
T2_NUMERIC,2000,sfti_5650cb7e1a8f064dba9067b7
T2_NUMERIC,2000,sfti_52f0a68ed06076a4501e84e7
T2_NUMERIC,2000,sfti_1f97b8fb552c500bbd27d107
T2_NUMERIC,2000,sfti_b019d84ef0c6072e635da343
T2_NUMERIC,2000,sfti_e2f520b7db6b4a7b77e7f9cd
T2_NUMERIC,2000,sfti_622a13f5e26157d62feeef0e
T2_NUMERIC,2000,sfti_5d0ab790e66e42a978bac45d
T2_NUMERIC,2000,sfti_bb30e1e235bb2f2fcf0b4d72
T2_NUMERIC,2000,sfti_4b535aa45ea25ef10d17f9d2
T2_NUMERIC,2000,sfti_853a36f84832284d91ac9edd
T2_NUMERIC,2000,sfti_3260fecea6fb03c53288a451
T2_NUMERIC,2000,sfti_eef4d0b26def65842de87cf5
T2_NUMERIC,2000,sfti_f9d75db9e2e70912a54435d8
T2_NUMERIC,2000,sfti_190fb4609a5faf9caf5e3aa7
T2_NUMERIC,2000,sfti_29f29ab2413ae2b6f19da62a
T2_NUMERIC,2000,sfti_09de17d1811d7bd06d578d6c
T2_NUMERIC,2000,sfti_e240f9ac954b1d1bc1b25938
T2_NUMERIC,2000,sfti_e92ddc639b4c3c8893a3c3eb
T2_NUMERIC,2000,sfti_b10d27d40eebfa16d458e0c4
T2_NUMERIC,2000,sfti_d228d2ea279dcc60f3450cc8
T2_NUMERIC,2000,sfti_ad461ce5ab29c36d39a28480
T2_NUMERIC,2000,sfti_e8a4e401aa1975a7b96a443f
T2_NUMERIC,2000,sfti_8fb8184cbb70581bf2557c80
T2_NUMERIC,2000,sfti_2f37ea5678f93181d6a35320
T2_NUMERIC,2000,sfti_4790d9293cb840af5449301a
T2_NUMERIC,2000,sfti_6229696b79b9c6700efdbb89
T2_NUMERIC,2000,sfti_3923ba7573c56079ab356958
T2_NUMERIC,2000,sfti_39b72ab14e701c3199380a32
T2_NUMERIC,2000,sfti_6eff0e37d20dea11c3cce848
T2_NUMERIC,2000,sfti_cb26ad9c6ba73deb21f6a61c
T2_NUMERIC,2000,sfti_c95f2ee43f741806d8fdf888
T2_NUMERIC,2000,sfti_d74bb7970c729cdd06086b40
T2_NUMERIC,2000,sfti_decfc04cb60042ac32ec45e6
T2_NUMERIC,2000,sfti_8baa7d62616de04e58a7b41c
T2_NUMERIC,2000,sfti_aba390382bb7c36e36ca2c11
T2_NUMERIC,2000,sfti_9afcff2ae4ce3623e867278d
T2_NUMERIC,2000,sfti_a80716e55b250b202fd6de97
T2_NUMERIC,2000,sfti_08f47b4ada69f73537a1f5df
T2_NUMERIC,2000,sfti_941e66c08a5ceaafe59284c3
T2_NUMERIC,2000,sfti_37725e91d6d83fc027e328ed
T2_NUMERIC,2000,sfti_63aec893e49c76fb52b7439d
T2_NUMERIC,2000,sfti_1a41002f7334936d7af09a2d
T2_NUMERIC,2000,sfti_a92dc04f9cddfabddf4fdc53
T2_NUMERIC,2000,sfti_cbc87b1a63e5731dc5d57382
T2_NUMERIC,2000,sfti_02d689a06ae298eba582c267
T2_NUMERIC,2000,sfti_9045b4aeea43004d57409503
T2_NUMERIC,2000,sfti_18c8d78e5ca0ec8f7d99bc36
T2_NUMERIC,2000,sfti_b8784d4670cff6d38fe10afa
T2_NUMERIC,2000,sfti_2ffb83446a554dc54b485ae9
T2_NUMERIC,2000,sfti_c61f1d3a9de1d540c2a5e0c1
T2_NUMERIC,2000,sfti_712562096b5df964567bb493
T2_NUMERIC,2000,sfti_834ab71021ec74e2a3d517a1
T2_NUMERIC,2000,sfti_c8fe2ed9c5d202c336a933fb
T2_NUMERIC,2000,sfti_d92f8a7dd62cdbf21963e259
T2_NUMERIC,2000,sfti_9a048197c7474a163bd5912e
T2_NUMERIC,2000,sfti_a9970da699805199200e31a2
T2_NUMERIC,2000,sfti_e9315fa1721460b680fe3cb4
T2_NUMERIC,2000,sfti_50f45f0d470e98dfa5aa0109
T2_NUMERIC,2000,sfti_a7a46c5f0e41ffb0de92de0d
T2_NUMERIC,2000,sfti_f1e6a43fd91dca29a70f090d
T2_NUMERIC,2000,sfti_588510c3c457fcbc41664149
T2_NUMERIC,2000,sfti_da07557b42b4b9730b09d267
T2_NUMERIC,2000,sfti_b49e34e48436ab4ca5227025
T2_NUMERIC,2000,sfti_4c2f55f019861d49957e3d47
T2_NUMERIC,2000,sfti_7454e3d377ac1545f5d51b0d
T2_NUMERIC,2000,sfti_54b600139730432cdc45c83c
T2_NUMERIC,2000,sfti_f9fa21db4d9d5ed72dc65ac4
T2_NUMERIC,2000,sfti_42098779d997402e57e93f99
T2_NUMERIC,2000,sfti_4798d3752f03f869bb9e5d2a
T2_NUMERIC,2000,sfti_183990448bae06d57eff8b1c
T2_NUMERIC,2000,sfti_dbaf620a4a579fbef1e77e5d
T2_NUMERIC,2000,sfti_46e3af7a81697610a8260787
T2_NUMERIC,2000,sfti_b8a8ae10cf1d4f3f1e274b45
T2_NUMERIC,2000,sfti_b520a6969acb4d40585af095
T2_NUMERIC,2000,sfti_16b6b2ec2d1ef5d10280ee0f
T2_NUMERIC,2000,sfti_506baade8528141ba8477b66
T2_NUMERIC,2000,sfti_d05f7ad360089423408d2cbb
T2_NUMERIC,2000,sfti_987cd4170d7df1bd12d80bd1
T2_NUMERIC,2000,sfti_d2231ebb5fe74c1ba47ada05
T2_NUMERIC,2000,sfti_2541cbbe92c6fc2f7bd7792c
T2_NUMERIC,2000,sfti_3ebe5c26c924e3f8e4c260e3
T2_NUMERIC,2000,sfti_6025091b96c681678e00ce31
T2_NUMERIC,2000,sfti_a580c188bf533637b0ad5e36
T2_NUMERIC,2000,sfti_ec4262132d541940b40e8dee
T2_NUMERIC,2000,sfti_ecb3ec93368c69d22e8b13dc
T2_NUMERIC,2000,sfti_47b144e5d06653384268202f
T2_NUMERIC,2000,sfti_49f704b20d909e38b0b8a082
T2_NUMERIC,2000,sfti_0c301cbe1b85ea0869dcedd7
T2_NUMERIC,2000,sfti_dcdb79a83f31505ecd19878e
T2_NUMERIC,2000,sfti_6db5ee15519eef4ee3faefa9
T2_NUMERIC,2000,sfti_9b3b6258aa7fedcfab85540b
T2_NUMERIC,2000,sfti_5ced1eb6c35d715fd843947a
T2_NUMERIC,2000,sfti_6b8cba05bec6f555d0c3c6b9
T2_NUMERIC,2000,sfti_d8ddede2d487cc5bc66ef146
T2_NUMERIC,2000,sfti_ca6583528f5aeed09747ac42
T2_NUMERIC,2000,sfti_95cbeb9964a05884e5c7ed49
T2_NUMERIC,2000,sfti_cc9c4fb9fe0853a97fb16030
T2_NUMERIC,2000,sfti_099a8077b363b30e0ec5a829
T2_NUMERIC,2000,sfti_1acc034f3c87757d875cc4eb
T2_NUMERIC,2000,sfti_de2c6f87be0a6a050dfbd7b3
T2_NUMERIC,2000,sfti_421b03c13ed140fff779b4c3
T2_NUMERIC,2000,sfti_72ce7087e5c9405087cf6f3d
T2_NUMERIC,2000,sfti_f0f592cf7a503c6456740eaf
T2_NUMERIC,2000,sfti_f57ce9fde345ccad364179dc
T2_NUMERIC,2000,sfti_f4d8c08b180f7e0c2a995abb
T2_NUMERIC,2000,sfti_6aef79ec459590fc820e515f
T2_NUMERIC,2000,sfti_bd226f962db4e8934e7ac094
T2_NUMERIC,2000,sfti_a8b85dbf015285267f77b0cf
T2_NUMERIC,2000,sfti_9ff4c08abae310783974ea66
T2_NUMERIC,2000,sfti_d201762446d6c6ee24b2db27
T2_NUMERIC,2000,sfti_a9df0e4fcfe1807e3be1623c
T2_NUMERIC,2000,sfti_95e5608627d71d7ddebcb843
T2_NUMERIC,2000,sfti_bab9e8fdd4dc545635a4855a
T2_NUMERIC,2000,sfti_a2499b48f7b1bd19180c1819
T2_NUMERIC,2000,sfti_6f674f21f56905d723793919
T2_NUMERIC,2000,sfti_9f888db095bd2327da79eeed
T2_NUMERIC,2000,sfti_82a3b8d87d6fce66e81d92a5
T2_NUMERIC,2000,sfti_b820cd0f9914a0080210ed0c
T2_NUMERIC,2000,sfti_e5cb817ee848999c863bce88
T2_NUMERIC,2000,sfti_9b20d1efe9f8f8acbdfc4a0b
T2_NUMERIC,2000,sfti_819ffbc18087f6602dfb8301
T2_NUMERIC,2000,sfti_faa4c23e0ff02f63f5e79653
T2_NUMERIC,2000,sfti_1b83edda2fb51889a1f9789d
T2_NUMERIC,2000,sfti_033df64c19ccb0bfbac36d32
T2_NUMERIC,2000,sfti_4ff569bede8068856f0109d7
T2_NUMERIC,2000,sfti_4650f784f3c43b2c1e3dac12
T2_NUMERIC,2000,sfti_49aba48aa3347375f33e9f15
T2_NUMERIC,2000,sfti_ac1d0f326d73d4e7253f4d64
T2_NUMERIC,2000,sfti_1ed97b4a907748bcf173d282
T2_NUMERIC,2000,sfti_190c0537bb2cc15511400069
T2_NUMERIC,2000,sfti_ddf01610eb86c252ece41933
T2_NUMERIC,2000,sfti_cc87e4128c0cab4ad33e7ea4
T2_NUMERIC,2000,sfti_4ff1e6566dc26081215bea4f
T2_NUMERIC,2000,sfti_a6b67ec30dec135091c9b672
T2_NUMERIC,2000,sfti_db89fd81ea3925be5887e794
T2_NUMERIC,2000,sfti_27b2d3fe61d2d3548ac1a777
T2_NUMERIC,2000,sfti_d44f0ad0a495ebada54f18b3
T2_NUMERIC,2000,sfti_d7fa70cb1d3c5e6f7c1e765b
T2_NUMERIC,2000,sfti_d1adffb0ef4bb7305aaaab59
T2_NUMERIC,2000,sfti_831af1186a2160223bed46ff
T2_NUMERIC,2000,sfti_a8b0560fcf351f0e8bcc6b33
T2_NUMERIC,2000,sfti_2821346e67ab701ceec53025
T2_NUMERIC,2000,sfti_ea9dc1c481b23673a2a7c69b
T2_NUMERIC,2000,sfti_c9bb6747c3c9e2d30ecbf1b8
T2_NUMERIC,2000,sfti_37d0feba638944db5b498c99
T2_NUMERIC,2000,sfti_1dc591a8ca627f3b214e5d83
T2_NUMERIC,2000,sfti_25c8c33d07bdaaec9b2fa6d0
T2_NUMERIC,2000,sfti_e6d8bb766d9aadf399257d18
T2_NUMERIC,2000,sfti_c338c129072b646210af9c3a
T2_NUMERIC,2000,sfti_5d086ed0a468d249f4aae916
T2_NUMERIC,2000,sfti_a830533b8e19680019835bd0
T2_NUMERIC,2000,sfti_b30ce9a9f504a2ddeeca41c9
T2_NUMERIC,2000,sfti_615c10c2bfc0478e81058b41
T2_NUMERIC,2000,sfti_45668fa800fcc500b1669c50
T2_NUMERIC,2000,sfti_f5645dd2859e85827ddbb93c
T2_NUMERIC,2000,sfti_0cd9506c54cc92a2f662f806
T2_NUMERIC,2000,sfti_ad44c2f9aecb6df05b17dc24
T2_NUMERIC,2000,sfti_b7afc5f7e03a81b47d48086f
T2_NUMERIC,2000,sfti_ae2070c5f619a4d06cae29e0
T2_NUMERIC,2000,sfti_2d6e3fe66d32b6716faa8f9d
T2_NUMERIC,2000,sfti_49066b1667ab5d3015980c86
T2_NUMERIC,2000,sfti_4df531012437d4b529b0c4ff
T2_NUMERIC,2000,sfti_cb65a26558714d4452e818d5
T2_NUMERIC,2000,sfti_fee6dc79ac5ac2f16e76ef78
T2_NUMERIC,2000,sfti_7605e3d5a7e457682828375c
T2_NUMERIC,2000,sfti_a7cada7ca53098f2de0a6295
T2_NUMERIC,2000,sfti_7f06cd58590a08b6e2f9c08d
T2_NUMERIC,2000,sfti_4fb3d7792f75c3c669983f69
T2_NUMERIC,2000,sfti_6f1e88725f2c72df811a9994
T2_NUMERIC,2000,sfti_029830dc96e1cbd3acef664a
T2_NUMERIC,2000,sfti_2f81f7e652e2f8a6ba7bf00c
T2_NUMERIC,2000,sfti_d629803c92a3f2aae86e7f39
T2_NUMERIC,2000,sfti_d1294757c4db6eda6a78964f
T2_NUMERIC,2000,sfti_63bf2e4045503a59e4a15c53
T2_NUMERIC,2000,sfti_b193d5c7f37c9a7d72f4fa75
T2_NUMERIC,2000,sfti_f8997e9a450e21803b1493af
T2_NUMERIC,2000,sfti_a5121bb71fa40d1461165485
T2_NUMERIC,2000,sfti_ff76f117355863682a1af16c
T2_NUMERIC,2000,sfti_a378cf63d8931201d4e90f38
T2_NUMERIC,2000,sfti_0de2bf7bf43696030bc6a758
T2_NUMERIC,2000,sfti_17efb767d5e8688601ca5d2d
T2_NUMERIC,2000,sfti_d1877b6569faf74969c3520f
T2_NUMERIC,2000,sfti_aacd3fbbea04f9746a5db4e8
T2_NUMERIC,2000,sfti_2d59e60b0b1f21dfa8bc0741
T2_NUMERIC,2000,sfti_ae51bbd16f5dfe9baaebc479
T2_NUMERIC,2000,sfti_1cf263252570e52889589eee
T2_NUMERIC,2000,sfti_3315dd25b9e8c0af60b238a2
T2_NUMERIC,2000,sfti_75c18461e6f8e5de29d23ca6
T2_NUMERIC,2000,sfti_43bc0dbf0098a783fdfeaa47
T2_NUMERIC,2000,sfti_1d760119931251e7f94b38e4
T2_NUMERIC,2000,sfti_8431af7d4c3940144e4b11d7
T2_NUMERIC,2000,sfti_32f205b307ed51d2ffdda81d
T2_NUMERIC,2000,sfti_68fa475a74ddce489e9efa50
T2_NUMERIC,2000,sfti_20058624b7bf67eea9c9b6c9
T2_NUMERIC,2000,sfti_d8ab30d943b57d316cd51aa7
T2_NUMERIC,2000,sfti_05c9ebe925dce4a954663496
T2_NUMERIC,2000,sfti_393c49247091a2274b98287c
T2_NUMERIC,2000,sfti_d77977c985cd7af578994903
T2_NUMERIC,2000,sfti_a6708df226fc8469ea872725
T2_NUMERIC,2000,sfti_7e8f50f6af465b40faed7927
T2_NUMERIC,2000,sfti_efc4a84b54b54133ec01fcbb
T2_NUMERIC,2000,sfti_84353d72b3c1c6844b1239c7
T2_NUMERIC,2000,sfti_03d9d02e9a4ad6d11eaa7314
T2_NUMERIC,2000,sfti_f6ce295640a6a3698695b456
T2_NUMERIC,2000,sfti_f1bce983a00fbfcc7b7f29ad
T2_NUMERIC,2000,sfti_ec080297fcf1803eba10421c
T2_NUMERIC,2000,sfti_f13b7b49c457545d4bebc1d0
T2_NUMERIC,2000,sfti_f8f6cd4a57cfbb1304e90b0c
T2_NUMERIC,2000,sfti_8b04072329e7e28de05876f8
T2_NUMERIC,2000,sfti_87a7af5ae195787fd52d167c
T2_NUMERIC,2000,sfti_5cd0ca8a9e88f7722e5e3267
T2_NUMERIC,2000,sfti_013043f3c71672f49dbb2dc9
T2_NUMERIC,2000,sfti_87dabafe4a5b5c8b083eee29
T2_NUMERIC,2000,sfti_6e55e7ca29aac887296c1131
T2_NUMERIC,2000,sfti_5f74d375f76c301e199f71df
T2_NUMERIC,2000,sfti_b54338494239a16d20874e92
T2_NUMERIC,2000,sfti_9bbfa163869e896c60e63d57
T2_NUMERIC,2000,sfti_d5635b2cca34c733fc935fb6
T2_NUMERIC,2000,sfti_ae42497ac52d53a3b546dc7f
T2_NUMERIC,2000,sfti_df8774383b602c36fb4ef93d
T2_NUMERIC,2000,sfti_3a6fb3926383f84a25858ba0
T2_NUMERIC,2000,sfti_88870769e724d97318829d20
T2_NUMERIC,2000,sfti_57b7498c6ec76aca1140c321
T2_NUMERIC,2000,sfti_662b72e6c73aea57bb19e851
T2_NUMERIC,2000,sfti_bed567f1444d4b5ff8f028a7
T2_NUMERIC,2000,sfti_4cd7aa0662e1a1728f9a54ab
T2_NUMERIC,2000,sfti_d9b56f43bc2ba7aa46ec12a0
T2_NUMERIC,2000,sfti_2a57f792a1b67460a8615efc
T2_NUMERIC,2000,sfti_6d7efae5b812bd65c7baf9a4
T2_NUMERIC,2000,sfti_e980eb12190fb3337b78d4b8
T2_NUMERIC,2000,sfti_0f8e9f3a291d5b66dfbea643
T2_NUMERIC,2000,sfti_143433357e644d541aa58e49
T2_NUMERIC,2000,sfti_d2f71e8cc13a328ae7a236b0
T2_NUMERIC,2000,sfti_7e824cf4fa5363e3f4b4b414
T2_NUMERIC,2000,sfti_7c7125bf3d7fa9c483e9728a
T2_NUMERIC,2000,sfti_e43c486a48e4c5e51f84c4ac
T2_NUMERIC,2000,sfti_36847d1106933406b1187e30
T2_NUMERIC,2000,sfti_3a04e867911e0bf7725d7484
T2_NUMERIC,2000,sfti_2dc650d5fcee69aad0a2d063
T2_NUMERIC,2000,sfti_e0c246ebee673d2176a5ad83
T2_NUMERIC,2000,sfti_3eabbbcc50dd599ced312662
T2_NUMERIC,2000,sfti_dd088a3954d6468520d4e1e8
T2_NUMERIC,2000,sfti_6fea20652893a17fcd641b9f
T2_NUMERIC,2000,sfti_0ff60dc140888848af378d27
T2_NUMERIC,2000,sfti_25343185c0d4a3aaff56da69
T2_NUMERIC,2000,sfti_b459783b04daac082f688070
T2_NUMERIC,2000,sfti_0f089cf2e7c3060089075a87
T2_NUMERIC,2000,sfti_ffbead8e732dab039bb684ca
T2_NUMERIC,2000,sfti_c98b04a48c9d24022764af9b
T2_NUMERIC,2000,sfti_ed31c77df80ac0c9756900c2
T2_NUMERIC,2000,sfti_30c7588e071bbab88780feec
T2_NUMERIC,2000,sfti_1da40cd59161cfc55c33eca8
T2_NUMERIC,2000,sfti_ccdebcee3be09c4a4b4f205c
T2_NUMERIC,2000,sfti_bc04ffc95bf3c825e8ff540a
T2_NUMERIC,2000,sfti_eed2054ad5cf4a43d439a4a2
T2_NUMERIC,2000,sfti_c3d252108b0d0db2f2a9513a
T2_NUMERIC,2000,sfti_168071c6ec4ed9bd2fb9f464
T2_NUMERIC,2000,sfti_1b5e5f5e03cd2b7c50395863
T2_NUMERIC,2000,sfti_5faeb6bc30f32cdc18e181da
T2_NUMERIC,2000,sfti_366f6ff0871cf5e8ce746b3f
T2_NUMERIC,2000,sfti_c1060f300884f1906fab9f6d
T2_NUMERIC,2000,sfti_bcf575e201a10089b11c37c4
T2_NUMERIC,2000,sfti_60c84918c3358bd80db275eb
T2_NUMERIC,2000,sfti_5f1fe0f9ad42224c9c7220df
T2_NUMERIC,2000,sfti_2ebd4ca5c6e053c950ca08f8
T2_NUMERIC,2000,sfti_dec17f7a59871a799e66299f
T2_NUMERIC,2000,sfti_6b2ee72a32ba8e06c579f81c
T2_NUMERIC,2000,sfti_8026b61e4a33df0c6c787a45
T2_NUMERIC,2000,sfti_73ed757f92ba7b723bdfe3a2
T2_NUMERIC,2000,sfti_14a31b19c556064e3c814307
T2_NUMERIC,2000,sfti_f195c63fd16ad34a474fca16
T2_NUMERIC,2000,sfti_99ee0edb318dc22a0e13caa7
T2_NUMERIC,2000,sfti_ae1b798b1cfcbc0af7adfc05
T2_NUMERIC,2000,sfti_67f5c8d4dc7f0c3b81d86284
T2_NUMERIC,2000,sfti_08742b0a17cb66e3f94052e7
T2_NUMERIC,2000,sfti_af734013f85e5862312b08f1
T2_NUMERIC,2000,sfti_b2f312573b7a0ad015222dfc
T2_NUMERIC,2000,sfti_226f526440e3f190854ea681
T2_NUMERIC,2000,sfti_5b5b7c008f02b3ea99ab4bb3
T2_NUMERIC,2000,sfti_995dc0a1f276e3bf606fab7b
T2_NUMERIC,2000,sfti_baa321760402bf0e10476c75
T2_NUMERIC,2000,sfti_f3163cf48fbe053cb0772a9a
T2_NUMERIC,2000,sfti_9d353870fb3628209ca0f467
T2_NUMERIC,2000,sfti_cca145d985d6feba95256016
T2_NUMERIC,2000,sfti_2842f9cc3abeb4c01d9e2b16
T2_NUMERIC,2000,sfti_1110f277d81bb9f215a5c30e
T2_NUMERIC,2000,sfti_19baec2de66850677a49dfab
T2_NUMERIC,2000,sfti_2942bc3dc210627a59b81d15
T2_NUMERIC,2000,sfti_7df908abe2aa23f7203a26ea
T2_NUMERIC,2000,sfti_cdba9ea5f6e28d9c7ef91dd7
T2_NUMERIC,2000,sfti_92f7e32fd954c0dda27b9d48
T2_NUMERIC,2000,sfti_207603a53009acd400a80ebe
T2_NUMERIC,2000,sfti_0310ec71d0f9ae53306c97c5
T2_NUMERIC,2000,sfti_dad8642dc0c3d012bb13d9aa
T2_NUMERIC,2000,sfti_ddac911651244e38c641b642
T2_NUMERIC,2000,sfti_4ed6e3ad0240ec3e3632dae5
T2_NUMERIC,2000,sfti_c533dd8b37e7f468d4f7a4fd
T2_NUMERIC,2000,sfti_60dc6196ef7dfcf60eb1f118
T2_NUMERIC,2000,sfti_02306e6dca08a6aba82d6a9f
T2_NUMERIC,2000,sfti_bfe0fef924f424d6e3bcc605
T2_NUMERIC,2000,sfti_7033fc849df6497bfe39f6a7
T2_NUMERIC,2000,sfti_f054db8ff71f06ed6fbddc84
T2_NUMERIC,2000,sfti_a9679ca98114846df731f9d7
T2_NUMERIC,2000,sfti_4b97b8b11cd92f749fc08103
T2_NUMERIC,2000,sfti_849989ac3e7f24affcf33912
T2_NUMERIC,2000,sfti_582ab6bafe3e7316776bc6fe
T2_NUMERIC,2000,sfti_58818fe4e1e7c892b1002766
T2_NUMERIC,2000,sfti_acd94bf9e94fe410867a7b6b
T2_NUMERIC,2000,sfti_765e7a670783b0a02563f3cb
T2_NUMERIC,2000,sfti_57fbdb01239170ed223aa8ef
T2_NUMERIC,2000,sfti_3c5f3aa135f294f16c436e42
T2_NUMERIC,2000,sfti_a5adf197b84c69cf18ef11af
T2_NUMERIC,2000,sfti_3792fd1e6a24070c5b8bef63
T2_NUMERIC,2000,sfti_81d0d1fb674d5335d570068a
T2_NUMERIC,2000,sfti_2f7b1c38ae79df55b62ce763
T2_NUMERIC,2000,sfti_c3c3aece40f26f550e161097
T2_NUMERIC,2000,sfti_c726e2612c54398a0435eb91
T2_NUMERIC,2000,sfti_2cf5ac547c165f0fce9bc5ec
T2_NUMERIC,2000,sfti_1439d652bb4c27a3bbc76f82
T2_NUMERIC,2000,sfti_6ef58fd1d2696ed8561f3d41
T2_NUMERIC,2000,sfti_178331db525970a29417cc3e
T2_NUMERIC,2000,sfti_91a0d714b104ec75abebfc49
T2_NUMERIC,2000,sfti_45189de05461b806ec589ce0
T2_NUMERIC,2000,sfti_255dd16fb9539e71190a435a
T2_NUMERIC,2000,sfti_5f4a73e09d0b8bf18c1f6aa5
T2_NUMERIC,2000,sfti_dbdb3508375e471f6fb3fe36
T2_NUMERIC,2000,sfti_53c819a28269cd215c696edd
T2_NUMERIC,2000,sfti_9e3954767dec437a2ff1b801
T2_NUMERIC,2000,sfti_205ad922cbb7a6a0aefead58
T2_NUMERIC,2000,sfti_f3958bc0a20562da78f2f130
T2_NUMERIC,2000,sfti_a436b924aafc024dc517b226
T2_NUMERIC,2000,sfti_2eed86f42650de2fb6bdaa33
T2_NUMERIC,2000,sfti_6d235caff3e4d0566645e3a9
T2_NUMERIC,2000,sfti_6c13725e7c9badc9ae0557c9
T2_NUMERIC,2000,sfti_c5575d87179863c261b53697
T2_NUMERIC,2000,sfti_87dc028970fd9b1c345d6c0f
T2_NUMERIC,2000,sfti_4c6da0d38cacd05b21e9787e
T2_NUMERIC,2000,sfti_ef0492c8e3e7d0da68680b6a
T2_NUMERIC,2000,sfti_2322ab77875d8bc860e0d0b4
T2_NUMERIC,2000,sfti_4fed76eb6141d4ba4688aeb2
T2_NUMERIC,2000,sfti_357c1cc9fdf41e82074884dd
T2_NUMERIC,2000,sfti_c137684f8143580372aace36
T2_NUMERIC,2000,sfti_25beea226c59b1470c4fec12
T2_NUMERIC,2000,sfti_e910865de101713227a299b5
T2_NUMERIC,2000,sfti_8e3135a707f107b2c09b4dfc
T2_NUMERIC,2000,sfti_1099979d8a02a5da4e8bc3f1
T2_NUMERIC,2000,sfti_207442caca6cfb5e941648fa
T2_NUMERIC,2000,sfti_70c516c9843639fc00871071
T2_NUMERIC,2000,sfti_fab5589c658cd7d1148ff2e1
T2_NUMERIC,2000,sfti_d3fd6774f82590745b579e20
T2_NUMERIC,2000,sfti_8c226a6e1e80a7000e14b57b
T2_NUMERIC,2000,sfti_c60f5e14d5d2b6fa53c2ad01
T2_NUMERIC,2000,sfti_42993ed50be684a24fdfd968
T2_NUMERIC,2000,sfti_16a808e3863468377a285e57
T2_NUMERIC,2000,sfti_230566889ddf64425022edec
T2_NUMERIC,2000,sfti_ef231a5aea98bcd7c263e9d7
T2_NUMERIC,2000,sfti_65593d1a8dcc30079b4f0af9
T2_NUMERIC,2000,sfti_230ec359fa0d75f9e13b7552
T2_NUMERIC,2000,sfti_af35d0208e5e7e697e10d913
T2_NUMERIC,2000,sfti_4645bae813481e0ef1360987
T2_NUMERIC,2000,sfti_03a9f6554f44bf13063bbfb4
T2_NUMERIC,2000,sfti_02a6561bf3cb40ec95f68e0c
T2_NUMERIC,2000,sfti_1611a0d81c2ea4dd89a7bd2d
T2_NUMERIC,2000,sfti_9675cf0fbe3c88e9c60274a7
T2_NUMERIC,2000,sfti_cbd2113241a332e56e774bd6
T2_NUMERIC,2000,sfti_45f18217d4aabc156f518865
T2_NUMERIC,2000,sfti_3ea6c2f7dc1af99ac96793ac
T2_NUMERIC,2000,sfti_87e514e4cdae4b5509b0997e
T2_NUMERIC,2000,sfti_68557f32f23eda1857fad699
T2_NUMERIC,2000,sfti_6427a345f9c4ada15243afbd
T2_NUMERIC,2000,sfti_b4efabfc090f3e56fffe09d4
T2_NUMERIC,2000,sfti_14629c8d4e2644dbbc0c4a5d
T2_NUMERIC,2000,sfti_c11497f025f973c7f5a2d7c6
T2_NUMERIC,2000,sfti_5d4aa3b3b8af7afa10d2e188
T2_NUMERIC,2000,sfti_a2a2a3e14436d7ba4f769762
T2_NUMERIC,2000,sfti_d432db325f9bc62b596535a8
T2_NUMERIC,2000,sfti_87458c22057f6208977bb602
T2_NUMERIC,2000,sfti_5bebfbc10375ed185d25501b
T2_NUMERIC,2000,sfti_7076a63fe3a3a08cff4faccd
T2_NUMERIC,2000,sfti_10fd83c86a2acd26ce68c557
T2_NUMERIC,2000,sfti_6c58d2201d5f39a070f66fb1
T2_NUMERIC,2000,sfti_f24de77276b9eb0a23f63ef1
T2_NUMERIC,2000,sfti_22400c69d7f8f9866ac3fb58
T2_NUMERIC,2000,sfti_75471dd472fe57b8623aeaaf
T2_NUMERIC,2000,sfti_344936fcc7909b3268eea497
T2_NUMERIC,2000,sfti_631053ae57837caf1571419b
T2_NUMERIC,2000,sfti_9448c5dbb5ccad74d60923b0
T2_NUMERIC,2000,sfti_70bdd267b0a7b83c39c6260a
T2_NUMERIC,2000,sfti_47f35a0cdb5ae2a2cd51d659
T2_NUMERIC,2000,sfti_e8f0ad77ffeaa2ce3a061835
T2_NUMERIC,2000,sfti_5566358eef6f8e9d87093678
T2_NUMERIC,2000,sfti_449474cea7c3d53d15e36ce6
T2_NUMERIC,2000,sfti_3eeb478dbf24083555511f5c
T2_NUMERIC,2000,sfti_88bb9ae58a1418c6545057ec
T2_NUMERIC,2000,sfti_52d63db8cb5bf9264de38c8a
T2_NUMERIC,2000,sfti_2f5752c1fba0e2e7cd7740af
T2_NUMERIC,2000,sfti_7d447227a421fd1d0475ef4f
T2_NUMERIC,2000,sfti_4c51c47f1417a9d2d92bf395
T2_NUMERIC,2000,sfti_0c63a51b0a231d3f0d26ce50
T2_NUMERIC,2000,sfti_17ba869300f445231dad2cec
T2_NUMERIC,2000,sfti_a5bc687b1551832f09c4694d
T2_NUMERIC,2000,sfti_d520a2aeecf76c8862da33ac
T2_NUMERIC,2000,sfti_d5101ce217e7c373038ae880
T2_NUMERIC,2000,sfti_ada5dc61dc9a706f8bc54430
T2_NUMERIC,2000,sfti_a3d47185a0ca2c9ff2f98279
T2_NUMERIC,2000,sfti_ced62c3db7402ba832c9e8d2
T2_NUMERIC,2000,sfti_6cc3beba427f34dd0e15486d
T2_NUMERIC,2000,sfti_0ff82ccd429655a33a73fdbb
T2_NUMERIC,2000,sfti_4122c19c5980ddf7dbc3e40b
T2_NUMERIC,2000,sfti_add4b1205fb98637e900d90f
T2_NUMERIC,2000,sfti_c05d1fa98f459a2bbd907155
T2_NUMERIC,2000,sfti_43839739c915a7096edf1f15
T2_NUMERIC,2000,sfti_7e012fa29350707649df1613
T2_NUMERIC,2000,sfti_4acd8ec8fff0fb2474b8879b
T2_NUMERIC,2000,sfti_44db7640c97616f714eba08c
T2_NUMERIC,2000,sfti_099d7751775aea66c60b1276
T2_NUMERIC,2000,sfti_67bf8f3ef6b09067d9ee48fc
T2_NUMERIC,2000,sfti_0be1b36fecceb1e40151cbba
T2_NUMERIC,2000,sfti_f88d3fb3e0dd62744ede9588
T2_NUMERIC,2000,sfti_729e2a9e2b948e314ee76383
T2_NUMERIC,2000,sfti_80518abbd63cef812f68ba75
T2_NUMERIC,2000,sfti_fe0945dfb34c8db7d062bb7b
T2_NUMERIC,2000,sfti_961c85fa24bcc4c96c90a366
T2_NUMERIC,2000,sfti_d4c6a0a3e750955a98256f8e
T2_NUMERIC,2000,sfti_12b3e84cf1279daf170096a2
T2_NUMERIC,2000,sfti_eb546513f6e722739772e0b7
T2_NUMERIC,2000,sfti_3288bf60e727b145485ff640
T2_NUMERIC,2000,sfti_4fe31074df5af8703a04b1f4
T2_NUMERIC,2000,sfti_e3e1030c3abcd799d5140f2c
T2_NUMERIC,2000,sfti_6eacf985bbf55bc6be8def2f
T2_NUMERIC,2000,sfti_0388a0c9a550b98e9020fe54
T2_NUMERIC,2000,sfti_3dd5d412fd8454ea036f655b
T2_NUMERIC,2000,sfti_c954e3e814add32a918dd65c
T2_NUMERIC,2000,sfti_79efd52b2c2820c2979e0cd1
T2_NUMERIC,2000,sfti_eee62016f75392d2caff6beb
T2_NUMERIC,2000,sfti_161ed93da81c7a7c37451b5d
T2_NUMERIC,2000,sfti_9f8cbe2c36cb2db35a65ea29
T2_NUMERIC,2000,sfti_d0d7ea99d6dcf87d6f65ec45
T2_NUMERIC,2000,sfti_4a8feaa6fb14131edc992f7f
T2_NUMERIC,2000,sfti_205b86b54959cc10309e0653
T2_NUMERIC,2000,sfti_b8c7e72eb83795506b155b1d
T2_NUMERIC,2000,sfti_79acb984b4329e76cce3f2ae
T2_NUMERIC,2000,sfti_3e79f51d0488de99b8c21e80
T2_NUMERIC,2000,sfti_aea2b9dbc24214842d864115
T2_NUMERIC,2000,sfti_da3650a890e9719bc7fc2206
T2_NUMERIC,2000,sfti_0bb5f1bae7ebbdfdc287eef9
T2_NUMERIC,2000,sfti_cca3fe3596db277e37ed04da
T2_NUMERIC,2000,sfti_8f21f544f3f09824b30c8fcc
T2_NUMERIC,2000,sfti_c2a7f8d28e400eebb3d6cf91
T2_NUMERIC,2000,sfti_e4fbba7ec6c73f688f36ccf3
T2_NUMERIC,2000,sfti_6bc1d5a7be8e4d98c9a40c0c
T2_NUMERIC,2000,sfti_57ccaa53108e26433718d145
T2_NUMERIC,2000,sfti_40ced303d30ac966425e6c22
T2_NUMERIC,2000,sfti_0fb21ed297eb08d74c4a1601
T2_NUMERIC,2000,sfti_5ef2ade169665c06e53c16e6
T2_NUMERIC,2000,sfti_d9f88db07903e6bc4f134261
T2_NUMERIC,2000,sfti_ec602c037ee4ba6660499551
T2_NUMERIC,2000,sfti_74e85c2b7d2b7a803f4e3e1d
T2_NUMERIC,2000,sfti_9ef1cc3d80020460811c3bbd
T2_NUMERIC,2000,sfti_a044249aac6b01d244d41c08
T2_NUMERIC,2000,sfti_5d9e827e00d974b63f162764
T2_NUMERIC,2000,sfti_2ebf6259f203cda4a73d7457
T2_NUMERIC,2000,sfti_89f8944aa8e126e926de1c57
T2_NUMERIC,2000,sfti_ebb27860562b3c9b5c1628f3
T2_NUMERIC,2000,sfti_76a3638b36735096a759b155
T2_NUMERIC,2000,sfti_9677099d04684a556e3427bb
T2_NUMERIC,2000,sfti_02ad75e578c652e0e521f737
T2_NUMERIC,2000,sfti_8db7263b1e83c084f7be6b70
T2_NUMERIC,2000,sfti_424198e0e0657a7d3c103ee1
T2_NUMERIC,2000,sfti_2c7986843a5ddd53d2b4d12e
T2_NUMERIC,2000,sfti_ef3ee8b89729231d2f4a6bc0
T2_NUMERIC,2000,sfti_1551434feec2db35492126f2
T2_NUMERIC,2000,sfti_90832aa8d06e70d202f961ee
T2_NUMERIC,2000,sfti_8bce8ddf3994e54a174694e8
T2_NUMERIC,2000,sfti_8cb2cf3b7878fac0b85db12c
T2_NUMERIC,2000,sfti_7a08bb3094c6feeb2131f4bc
T2_NUMERIC,2000,sfti_0355663b426bdfe0dfc2e7c9
T2_NUMERIC,2000,sfti_9ba7bf85c1acfc6c677e72d3
T2_NUMERIC,2000,sfti_16de1e074ce86ca1ca375a70
T2_NUMERIC,2000,sfti_66b1acd7508ff5eefdca8a41
T2_NUMERIC,2000,sfti_30c4342072447777ab89ca95
T2_NUMERIC,2000,sfti_a3dc8259e4aacbb442053738
T2_NUMERIC,2000,sfti_d10b9dd7d23b12fb227416ab
T2_NUMERIC,2000,sfti_6bfd0be4004d310a78c4d688
T2_NUMERIC,2000,sfti_3cd8ca6266c75de4a0dc4d1e
T2_NUMERIC,2000,sfti_9aee998b3a2b0e191e2dd8a5
T2_NUMERIC,2000,sfti_c96f4069ae11b456b27d0d86
T2_NUMERIC,2000,sfti_e53f3b5c87c84b930abf23d9
T2_NUMERIC,2000,sfti_d6142430e4080259205aae50
T2_NUMERIC,2000,sfti_368fd1d1700d061dc7d0094e
T2_NUMERIC,2000,sfti_3ac97a68fb999115aab8b254
T2_NUMERIC,2000,sfti_9dbfa6f74793432ae1a8e99d
T2_NUMERIC,2000,sfti_8042cc635cd0aa614a725bbd
T2_NUMERIC,2000,sfti_7d45186ae7db73dc8c94896f
T2_NUMERIC,2000,sfti_f7d520e629f57471bd1aa93e
T2_NUMERIC,2000,sfti_266fa582da59adf5074c0ba1
T2_NUMERIC,2000,sfti_be9f7b25ca58e83ee4aee9c6
T2_NUMERIC,2000,sfti_57a53d660a95c7fa1359c526
T2_NUMERIC,2000,sfti_acff0a1be6eef38ddad8c6bd
T2_NUMERIC,2000,sfti_a1804dd6772ee88e8c1d2d77
T2_NUMERIC,2000,sfti_3ef86a302ff149470aea3bf2
T2_NUMERIC,2000,sfti_8fe61342c552d61a1ac2eaa9
T2_NUMERIC,2000,sfti_ab3f976e71f10c98f87f7266
T2_NUMERIC,2000,sfti_de05532b5166140928f19c28
T2_NUMERIC,2000,sfti_296a6e0004d4107c869c920d
T2_NUMERIC,2000,sfti_4020ed65a2fc32d060bb9744
T2_NUMERIC,2000,sfti_38f4af5ded417c4900b78b13
T2_NUMERIC,2000,sfti_30c7d27208b21194c147a8c8
T2_NUMERIC,2000,sfti_d7ba8c4d0d0bfbe4f0ebf544
T2_NUMERIC,2000,sfti_1f3b280e239c57df9fc772d0
T2_NUMERIC,2000,sfti_e1f168c53ead27382a2c9a45
T2_NUMERIC,2000,sfti_d32a077605e098ab8f4cf050
T2_NUMERIC,2000,sfti_5ae22110200c85d25f53052e
T2_NUMERIC,2000,sfti_563de13fb74c51c2595d0d16
T2_NUMERIC,2000,sfti_1eb6cf7819e509b65763fe5f
T2_NUMERIC,2000,sfti_19be25220806a8882182b89a
T2_NUMERIC,2000,sfti_6c7ed41d3977ef29461975bd
T2_NUMERIC,2000,sfti_80ed68f60d15c1c06e03d62e
T2_NUMERIC,2000,sfti_fb0410904a5c2f30e70aa0dc
T2_NUMERIC,2000,sfti_39f242f609a0818b3ee30695
T2_NUMERIC,2000,sfti_111b1e6a0a1f3cb1519e27ad
T2_NUMERIC,2000,sfti_49757109450e75521dd951d2
T2_NUMERIC,2000,sfti_ed154f364c3bc10529046b13
T2_NUMERIC,2000,sfti_abba61a656adb37a8b63fbb9
T2_NUMERIC,2000,sfti_3c21f7ac52ab3dd6e385b7da
T2_NUMERIC,2000,sfti_60629d21f3a26f7681c3b101
T2_NUMERIC,2000,sfti_b0a7c15a27b7ec105f16d3a7
T2_NUMERIC,2000,sfti_5dd5105e6fd469bf214d2c28
T2_NUMERIC,2000,sfti_f596b8151ffbab1bb3bd63ed
T2_NUMERIC,2000,sfti_5996a704dbe99acd6ccf5e4e
T2_NUMERIC,2000,sfti_2c236db26e882dd75f460e6a
T2_NUMERIC,2000,sfti_73febcef00557d97400f2dce
T2_NUMERIC,2000,sfti_51385f80fcac3567cf4b3d5d
T2_NUMERIC,2000,sfti_c44e68154461157c18129fe5
T2_NUMERIC,2000,sfti_4f7ad45551158865916dca74
T2_NUMERIC,2000,sfti_fbab5f8e0392dcff39dad61e
T2_NUMERIC,2000,sfti_d035e342891d240b08d73bb7
T2_NUMERIC,2000,sfti_0f5310629f383e4a1710c6dd
T2_NUMERIC,2000,sfti_48f408e5bc8c36dd06838579
T2_NUMERIC,2000,sfti_aa9d8a89fb31f303fc0da9b1
T2_NUMERIC,2000,sfti_773ead4793fc27c3f09ac89e
T2_NUMERIC,2000,sfti_c860671127357cbc0e1f44ca
T2_NUMERIC,2000,sfti_5b323a04d41c748d0c2de7c6
T2_NUMERIC,2000,sfti_a117f7fee514ae8c9d3d51da
T2_NUMERIC,2000,sfti_fdfb06d35e7ffedb45884906
T2_NUMERIC,2000,sfti_2ef381a4b6d1ac4ae18b89a8
T2_NUMERIC,2000,sfti_0ca936b8e196475be92e08ab
T2_NUMERIC,2000,sfti_9702a9cf4549d72a54de3723
T2_NUMERIC,2000,sfti_fa2793a7bef6d20b1a57d89e
T2_NUMERIC,2000,sfti_1d3af3ce65303b881fcb9178
T2_NUMERIC,2000,sfti_db9829bd158cc59fa271eac6
T2_NUMERIC,2000,sfti_f3a79967d4a6e0a2e862a110
T2_NUMERIC,2000,sfti_ef2e38017d7e63f5376eef9c
T2_NUMERIC,2000,sfti_ad70f1830e197799da7b5a7f
T2_NUMERIC,2000,sfti_03fd31be26f7f528c875ffd1
T2_NUMERIC,2000,sfti_a170b0bb7cd6a6077bb46734
T2_NUMERIC,2000,sfti_36eadc903417c2d222340b3c
T2_NUMERIC,2000,sfti_a447f02e4e29bba515cf94c6
T2_NUMERIC,2000,sfti_5d8490ce7dff9235ceb71196
T2_NUMERIC,2000,sfti_0ffffeb3bccd1abd44327223
T2_NUMERIC,2000,sfti_5fc9ac608a477227f9530a47
T2_NUMERIC,2000,sfti_e9e5f52430787b86bdee4c97
T2_NUMERIC,2000,sfti_af97f913232f6630d1df33d3
T2_NUMERIC,2000,sfti_3642442930f71c497ab8cf62
T2_NUMERIC,2000,sfti_b3557959f1e356b82c10d713
T2_NUMERIC,2000,sfti_7d5836350cc5a3a309f1b7ce
T2_NUMERIC,2000,sfti_ec9b7379cca005a7df7486b1
T2_NUMERIC,2000,sfti_e3f0dd3fe4a66aa86f8656a7
T2_NUMERIC,2000,sfti_36a4c101f7feef298effe8fe
T2_NUMERIC,2000,sfti_0516f3789fd25559c577d421
T2_NUMERIC,2000,sfti_9184f42d2466f1a349391ced
T2_NUMERIC,2000,sfti_1bd74844534e7f780f01ef3f
T2_NUMERIC,2000,sfti_1ca457e4ff3fc4f0cf00f035
T2_NUMERIC,2000,sfti_0af3d3e6aabfa436e81cc901
T2_NUMERIC,2000,sfti_8e30c8c8f501f3e416066c06
T2_NUMERIC,2000,sfti_b52e4db60291bfe792809558
T2_NUMERIC,2000,sfti_a00a0a8cad58f0adb8119964
T2_NUMERIC,2000,sfti_05539b66d6aa3cf9dd51c858
T2_NUMERIC,2000,sfti_a447fd158a8c2498de9d2555
T2_NUMERIC,2000,sfti_deb790388f65b07063f1c1ff
T2_NUMERIC,2000,sfti_c647c74a00cf36a32210c8ea
T2_NUMERIC,2000,sfti_bc6a24c9fb1222edc50e9193
T2_NUMERIC,2000,sfti_de72d57b6d00ed3ee59f18ca
T2_NUMERIC,2000,sfti_e69b10395b939ec59dd6a931
T2_NUMERIC,2000,sfti_5fcf844beaa7cdf066a17f0d
T2_NUMERIC,2000,sfti_0980df2e9002478146903360
T2_NUMERIC,2000,sfti_a6b58916c50c77372e21f0e7
T2_NUMERIC,2000,sfti_6874ddbc57cc4c416c3ea666
T2_NUMERIC,2000,sfti_0c8951b86fed0f4d7514152b
T2_NUMERIC,2000,sfti_4cc3a43b8277d1876e11017c
T2_NUMERIC,2000,sfti_9f056c643dd1ca8ce919d0c0
T2_NUMERIC,2000,sfti_0867b9737db9457120112e5c
T2_NUMERIC,2000,sfti_530cd1dab27bfc541f05b31b
T2_NUMERIC,2000,sfti_aa87ba118dbbba4e8a95110b
T2_NUMERIC,2000,sfti_ca685ea3002d3068d43c54c0
T2_NUMERIC,2000,sfti_718ed66819df1ee074402c71
T2_NUMERIC,2000,sfti_5e1869a85f148d1b56247e03
T2_NUMERIC,2000,sfti_39ad66b70eea915ca723b85d
T2_NUMERIC,2000,sfti_9e3a455e99ba1d9abfec25b2
T2_NUMERIC,2000,sfti_5663c22dfd5b3711d9c8de91
T2_NUMERIC,2000,sfti_6d618e01e0989e5a48301ab9
T2_NUMERIC,2000,sfti_d4ff0542355565ac9e19885a
T2_NUMERIC,2000,sfti_89caaa60cd007751336d6ced
T2_NUMERIC,2000,sfti_5ab45290289bc8fa5856db9b
T2_NUMERIC,2000,sfti_f2ce852453541b8c722386c0
T2_NUMERIC,2000,sfti_6d20fe4dfca69eb200e78bfc
T2_NUMERIC,2000,sfti_254aac448ea92e4b8bc6fd82
T2_NUMERIC,2000,sfti_735dc92e423aa7b6738a43ca
T2_NUMERIC,2000,sfti_4646a787e839cd624e9514a1
T2_NUMERIC,2000,sfti_2dacf14fdd62a0b1e962c076
T2_NUMERIC,2000,sfti_a1e847683e40b55d5b504456
T2_NUMERIC,2000,sfti_8782905b57c17e7237846f61
T2_NUMERIC,2000,sfti_5a74b9d1f963dfbe84202262
T2_NUMERIC,2000,sfti_b0c4936e7a7c2a660e22997d
T2_NUMERIC,2000,sfti_6fe6074907efdf5f2a0ee502
T2_NUMERIC,2000,sfti_c30aac92adc046c22b4c2613
T2_NUMERIC,2000,sfti_93426bad3fadf15bba259f03
T2_NUMERIC,2000,sfti_c4f34bda1637997269143856
T2_NUMERIC,2000,sfti_50ab440f3d280311db73cc76
T2_NUMERIC,2000,sfti_f063f1138c27fd56d3aa2c37
T2_NUMERIC,2000,sfti_ac8ca8bc48e5598da671085b
T2_NUMERIC,2000,sfti_0343af8fc6228e175b8bc3c8
T2_NUMERIC,2000,sfti_eab741d9bce09a847a5504ca
T2_NUMERIC,2000,sfti_6ab71e7f32aa57ee43afb3c7
T2_NUMERIC,2000,sfti_3796c53f64745e079ad89b7f
T2_NUMERIC,2000,sfti_59d6751a3d2dd8ad684d36f2
T2_NUMERIC,2000,sfti_7c7f28f511bebcdf02e6b296
T2_NUMERIC,2000,sfti_ff30f00b1c54684678d032ee
T2_NUMERIC,2000,sfti_caa837b25e923a8547f0d813
T2_NUMERIC,2000,sfti_f4c48a04ec09aab736b7373f
T2_NUMERIC,2000,sfti_cd33d8f32fcf478e48a2c2f6
T2_NUMERIC,2000,sfti_0b3156aabe2910a89e140575
T2_NUMERIC,2000,sfti_aaea007d9992bec7bb895a99
T2_NUMERIC,2000,sfti_36dfbac0b6315c147553ad69
T2_NUMERIC,2000,sfti_1ca20d7902329e4527990949
T2_NUMERIC,2000,sfti_e3d3c05490d907ee3199e8f7
T2_NUMERIC,2000,sfti_3efe7b013334549401b36a23
T2_NUMERIC,2000,sfti_4e597b44bcf8981f79e51222
T2_NUMERIC,2000,sfti_67b40c3bea7946d39912442c
T2_NUMERIC,2000,sfti_9c75b6803c3ceac33a7d8402
T2_NUMERIC,2000,sfti_faca918b0cf65a4e52ef5160
T2_NUMERIC,2000,sfti_a6798ec9587b41d3677f4d8f
T2_NUMERIC,2000,sfti_246884af7261e098f677a9fd
T2_NUMERIC,2000,sfti_c02c10ac0f1a52290d753e5d
T2_NUMERIC,2000,sfti_be0921d208c7cc3dab3474b3
T2_NUMERIC,2000,sfti_b851cf184143bd9deff4d86c
T2_NUMERIC,2000,sfti_6e909f491fd631c6c93f5a43
T2_NUMERIC,2000,sfti_38313aaa9d3726512972ca5f
T2_NUMERIC,2000,sfti_40c3983614a78ff691b7dd27
T2_NUMERIC,2000,sfti_41e2ed518b97a4812e517342
T2_NUMERIC,2000,sfti_f7f542bab5432e4458755ec4
T2_NUMERIC,2000,sfti_3a69816ce4e75cdd14fbb00c
T2_NUMERIC,2000,sfti_7ddf5dfd741a62956f782203
T2_NUMERIC,2000,sfti_c1af83d56b6384ce564478dd
T2_NUMERIC,2000,sfti_2619325223711bd83ebd9a94
T2_NUMERIC,2000,sfti_b8d1f6fe90772fb731ebdb9d
T2_NUMERIC,2000,sfti_4d474fb73994aff34d848469
T2_NUMERIC,2000,sfti_5b83bb4d1e987af73bc3bb5e
T2_NUMERIC,2000,sfti_3b73a120305dc2e368c80304
T2_NUMERIC,2000,sfti_60d8e394f8d024e85a289591
T2_NUMERIC,2000,sfti_3d3f05870e3f7ef11219ac29
T2_NUMERIC,2000,sfti_197498c329ea99570369c4a3
T2_NUMERIC,2000,sfti_ea13e2957da8e4d04be0c984
T2_NUMERIC,2000,sfti_399fa219d389000e85b37a17
T2_NUMERIC,2000,sfti_3a5ccc2d7a0d63857a486d1a
T2_NUMERIC,2000,sfti_165cac059d93b7c69022354b
T2_NUMERIC,2000,sfti_eedb80a50f2019293557b3f9
T2_NUMERIC,2000,sfti_cc7fd3b99062a88517719abf
T2_NUMERIC,2000,sfti_4d2965ad8d8425b520b5f2bf
T2_NUMERIC,2000,sfti_0b57272c896b2fbfec73b2c8
T2_NUMERIC,2000,sfti_8134948a73775a3fcf65bf61
T2_NUMERIC,2000,sfti_18563b09f1f0cbc6b5592417
T2_NUMERIC,2000,sfti_6d6c5226dca7dfb0540b3484
T2_NUMERIC,2000,sfti_f4481be68b75f721a4147a26
T2_NUMERIC,2000,sfti_665bcfb33200335d5ef74d1b
T2_NUMERIC,2000,sfti_542553492af51e975682130a
T2_NUMERIC,2000,sfti_c2e6814e47e765ad0605ce0b
T2_NUMERIC,2000,sfti_16bb703d2477471d6eb3b8e1
T2_NUMERIC,2000,sfti_ce54acbb3d1ecf403d2d5d01
T2_NUMERIC,2000,sfti_557f5237644c74e594dd3c40
T2_NUMERIC,2000,sfti_a1e660d33161d1988fe31e1b
T2_NUMERIC,2000,sfti_58b967a5adcc3f28df570891
T2_NUMERIC,2000,sfti_2b8645864d726e3c41b165e0
T2_NUMERIC,2000,sfti_0350a53e6b833675771b7f38
T2_NUMERIC,2000,sfti_40fc82d17360117a05644273
T2_NUMERIC,2000,sfti_090d1f838f2af187417d1731
T2_NUMERIC,2000,sfti_b08b0bf2da99bf820cecaf72
T2_NUMERIC,2000,sfti_91a68c4648577ed6a8d821c8
T2_NUMERIC,2000,sfti_0c5c147e5bc6a7fd47b30fbb
T2_NUMERIC,2000,sfti_bc184313c6aab8e59a8c11db
T2_NUMERIC,2000,sfti_3e1b5e968697827ec6fd12bd
T2_NUMERIC,2000,sfti_191e9a368a1b54346b725d6e
T2_NUMERIC,2000,sfti_f5a06e4908743a3c10b37d68
T2_NUMERIC,2000,sfti_41e9fcbd8aeed739cd2113d2
T2_NUMERIC,2000,sfti_bc9619d08a33a95899bf2766
T2_NUMERIC,2000,sfti_1b2c7b3f7c345af1ff93497c
T2_NUMERIC,2000,sfti_2701f17c334993e1b938d4b7
T2_NUMERIC,2000,sfti_24f361d51b70dd38dad4ab25
T2_NUMERIC,2000,sfti_2fa7ca2720459ad969786db5
T2_NUMERIC,2000,sfti_46b08c712d51cd668047f064
T2_NUMERIC,2000,sfti_b7ab862568cae288f720a973
T2_NUMERIC,2000,sfti_d1d20b76602f6d860bc8fadb
T2_NUMERIC,2000,sfti_8a9f924c6a3e4e5f82141681
T2_NUMERIC,2000,sfti_c3d219f2e655a843ca5a4203
T2_NUMERIC,2000,sfti_e172c3c89cb0bd4125827ac8
T2_NUMERIC,2000,sfti_c24ffeb3d3ff18d43d8e9863
T2_NUMERIC,2000,sfti_ec23e50aa30048c2bf2cfd3e
T2_NUMERIC,2000,sfti_0b0fc780e20a0528e4e44c44
T2_NUMERIC,2000,sfti_997b068f968e621663603ea1
T2_NUMERIC,2000,sfti_b4524f3e2087729f061b0b8f
T2_NUMERIC,2000,sfti_2063d4ed1ac926614d1e9672
T2_NUMERIC,2000,sfti_102ca28072f761edbea2a314
T2_NUMERIC,2000,sfti_98cffe0823390a6d4f60a2d6
T2_NUMERIC,2000,sfti_961ea805018412121db89726
T2_NUMERIC,2000,sfti_485cd6cee6f497be9d9b7229
T2_NUMERIC,2000,sfti_592193a1ce3e6d195c5524b7
T2_NUMERIC,2000,sfti_2faf18f58c67bac59ec2a421
T2_NUMERIC,2000,sfti_56c60e96aec47a0e626a65d9
T2_NUMERIC,2000,sfti_b7100db6e366237635fcee49
T2_NUMERIC,2000,sfti_756210e64fcad3e969ebd2cd
T2_NUMERIC,2000,sfti_dbe2d2c7eb1b0a387fdaff50
T2_NUMERIC,2000,sfti_81a790d1576fac837d2f5d41
T2_NUMERIC,2000,sfti_b4d7b3f46e5cf94e7144ae86
T2_NUMERIC,2000,sfti_ad73f123b0da30ebb8124583
T2_NUMERIC,2000,sfti_0965bb0a76722d8957904b38
T2_NUMERIC,2000,sfti_9ad9305d75ed557aa36b79b6
T2_NUMERIC,2000,sfti_3397a7678f2c3a8b3504f335
T2_NUMERIC,2000,sfti_afa2803736b6fb9004ee8515
T2_NUMERIC,2000,sfti_7ec618208bf9bfd99ce62f0d
T2_NUMERIC,2000,sfti_524bf109b7ab697d824384cc
T2_NUMERIC,2000,sfti_53c1403f6dd468902f7d0a4c
T2_NUMERIC,2000,sfti_fd7f2fbd6b75b10912ec179b
T2_NUMERIC,2000,sfti_8bd059dbc8e08342a9a92137
T2_NUMERIC,2000,sfti_db364c4c39baa4d95662ddd6
T2_NUMERIC,2000,sfti_6c551d0b76c6de374aa44dca
T2_NUMERIC,2000,sfti_e66f33edf49a3636c071f246
T2_NUMERIC,2000,sfti_6969167cdadf244c1791a3bc
T2_NUMERIC,2000,sfti_d1d14f14ab01ddabd1e9c964
T2_NUMERIC,2000,sfti_76e27c3915a732a37ac88478
T2_NUMERIC,2000,sfti_91e597af5a4772d030919952
T2_NUMERIC,2000,sfti_627043a8bededc4a11484e06
T2_NUMERIC,2000,sfti_61e17212530860a13545f8b1
T2_NUMERIC,2000,sfti_0a9fc7e853dfac3c24719586
T2_NUMERIC,2000,sfti_125f7c8ab18ed9f31187e38c
T2_NUMERIC,2000,sfti_3543ed2b4dbaa45a6050cb43
T2_NUMERIC,2000,sfti_997dae3cf12149a1c686c020
T2_NUMERIC,2000,sfti_43731bfd4d16e93b80982190
T2_NUMERIC,2000,sfti_06dcd1f6362f106e42c5ace5
T2_NUMERIC,2000,sfti_dac29df5abcc09a9678f1b58
T2_NUMERIC,2000,sfti_cb4c32c62b97a53a46989087
T2_NUMERIC,2000,sfti_6a4fcb5eaabe21d113e1c2b4
T2_NUMERIC,2000,sfti_1fe3870611099961b216efe6
T2_NUMERIC,2000,sfti_336a36152fd199dd3b0bf25b
T2_NUMERIC,2000,sfti_be5ce873ab35edbbbc593466
T2_NUMERIC,2000,sfti_ea7dbaf91bd61cad2f1ad5a0
T2_NUMERIC,2000,sfti_c7b1f78254c9b154a90f9adb
T2_NUMERIC,2000,sfti_30faafd333607336a168d58d
T2_NUMERIC,2000,sfti_4706d4b69c649e421925692e
T2_NUMERIC,2000,sfti_5c8c53260e2101ef1601ce4f
T2_NUMERIC,2000,sfti_afb3ad1e44b0ce083fc31ae2
T2_NUMERIC,2000,sfti_7b1066279fc134525909179e
T2_NUMERIC,2000,sfti_c65409e862fe0897c6c1706e
T2_NUMERIC,2000,sfti_d7b0e4dd28d62898049b7b06
T2_NUMERIC,2000,sfti_64b29225571da4bf30962756
T2_NUMERIC,2000,sfti_04564dcceb1efa7fbcbd5658
T2_NUMERIC,2000,sfti_8501868bbb73a291e9b78202
T2_NUMERIC,2000,sfti_77a52dbdc25ec00966a1acd8
T2_NUMERIC,2000,sfti_ac6cf455f62647fdb5fac809
T2_NUMERIC,2000,sfti_25ac9902e353868dcefe0374
T2_NUMERIC,2000,sfti_49820bf31afd8862152349a5
T2_NUMERIC,2000,sfti_8f471d474e96f353fd6d0e3b
T2_NUMERIC,2000,sfti_1b24a81fb67066a7d043a9aa
T2_NUMERIC,2000,sfti_b38799cb252ecf50dfd004f6
T2_NUMERIC,2000,sfti_80cfc83a63a28c309dab0c33
T2_NUMERIC,2000,sfti_9883d84af0b71430e300378e
T2_NUMERIC,2000,sfti_8dc475fa7112d24cf0c37eb5
T2_NUMERIC,2000,sfti_f3aff175d6bd0583f6ee466b
T2_NUMERIC,2000,sfti_0aaee73bcdbf7e4d6eb4ca67
T2_NUMERIC,2000,sfti_0c25a642d634083a408c7131
T2_NUMERIC,2000,sfti_7f0f0bff71397a142592bb66
T2_NUMERIC,2000,sfti_07e9cbe718b60515d2f0395e
T2_NUMERIC,2000,sfti_23f401fbdcd173def137cf5b
T2_NUMERIC,2000,sfti_f0e4f6f416f00f6bab4bc9ac
T2_NUMERIC,2000,sfti_584c22b31865589e2e5fdbc8
T2_NUMERIC,2000,sfti_6a42a54ef022d9fa53389de7
T2_NUMERIC,2000,sfti_87c8fc4e10e31105c8f3a7e6
T2_NUMERIC,2000,sfti_a70a4cccf2fd127d1dcd8599
T2_NUMERIC,2000,sfti_8c3f9c6d94782cbabfcf5801
T2_NUMERIC,2000,sfti_3a4daa91b26eda227b4de3dd
T2_NUMERIC,2000,sfti_3192a19b568d5efa5ef61c9f
T2_NUMERIC,2000,sfti_4f3afa86b301938d6c445086
T2_NUMERIC,2000,sfti_f0480db5e017e11f925b9515
T2_NUMERIC,2000,sfti_8ab0ef2482d53fe5f59bc836
T2_NUMERIC,2000,sfti_71c11e929199d17142af2cf5
T2_NUMERIC,2000,sfti_cc769530060ee35a5c0215fc
T2_NUMERIC,2000,sfti_a3bf87fd8961c45bf79704d4
T2_NUMERIC,2000,sfti_ed7678b58544cbca6c5c8838
T2_NUMERIC,2000,sfti_04ab8c91ef07da26fbe52296
T2_NUMERIC,2000,sfti_2117592ec344437df9bea064
T2_NUMERIC,2000,sfti_ff760ada3227c7f0165de16f
T2_NUMERIC,2000,sfti_cff39a2f20c3f301cf499dcc
T2_NUMERIC,2000,sfti_cf2e437d85dd3a1e76cf303e
T2_NUMERIC,2000,sfti_f4ce5cf4f09d3945581e8c60
T2_NUMERIC,2000,sfti_7a743f6539696b38e0d4fcaa
T2_NUMERIC,2000,sfti_1af94f18704c86aeeffe4b6b
T2_NUMERIC,2000,sfti_9270fb85faf0c249d2e31c84
T2_NUMERIC,2000,sfti_238b2ead11cb2b903f845ccc
T2_NUMERIC,2000,sfti_51733e5a58f58c6b9040623e
T2_NUMERIC,2000,sfti_a01fd8e0b3900f93f334baf6
T2_NUMERIC,2000,sfti_c242a846e418aa8e04fd85d2
T2_NUMERIC,2000,sfti_f1ca3b8bb2c01ed8461e643b
T2_NUMERIC,2000,sfti_3dbedfc7c35f616b486c7617
T2_NUMERIC,2000,sfti_6f35b82984a9dc0d14a4efc9
T2_NUMERIC,2000,sfti_e6184dd15abb177bd0eb6815
T2_NUMERIC,2000,sfti_22d196c03394e02d031bc8f8
T2_NUMERIC,2000,sfti_fd878ddac8896fbf33bbe626
T2_NUMERIC,2000,sfti_a9183d9fe096df701cf16b8e
T2_NUMERIC,2000,sfti_a176849df8de8ef2438a2884
T2_NUMERIC,2000,sfti_e29fd8160f0f3bd944afd3a9
T2_NUMERIC,2000,sfti_f5d4acd3e10cf2426e1d4fa4
T2_NUMERIC,2000,sfti_5f9c37ab6fe64826b07a1d23
T2_NUMERIC,2000,sfti_63144b6158d2fe4130d0b41c
T2_NUMERIC,2000,sfti_75ea75910891fb4559436ef2
T2_NUMERIC,2000,sfti_7d43fb8f35c2f41d4cd7a93d
T2_NUMERIC,2000,sfti_6732cd608fb4ec62e3326194
T2_NUMERIC,2000,sfti_2d2f7784bc28557521850ad3
T2_NUMERIC,2000,sfti_24fab3801232050653234371
T2_NUMERIC,2000,sfti_2b43c495db77b6fb50b8c53f
T2_NUMERIC,2000,sfti_87a8dd1bfa82439d1ab1a3db
T2_NUMERIC,2000,sfti_c3c7fc1496755e448f8d6cf8
T2_NUMERIC,2000,sfti_07e9c5f4b92464dabc7c0f42
T2_NUMERIC,2000,sfti_8d10dc2096f6ff1b11c55421
T2_NUMERIC,2000,sfti_5f57011d33d3a5d7f184bade
T2_NUMERIC,2000,sfti_1c12f250dfd6bf34aa6aedd2
T2_NUMERIC,2000,sfti_30c7cc2d102955a4df4092c9
T2_NUMERIC,2000,sfti_57e605de28793df713ca8cba
T2_NUMERIC,2000,sfti_e843a4ad9dcd80b7d487cc3a
T2_NUMERIC,2000,sfti_6f727279cde3cc7dc1f9e8a6
T2_NUMERIC,2000,sfti_71b79356d929f98e5c787c85
T2_NUMERIC,2000,sfti_46b9d7655cd34ea7d9dbe3bb
T2_NUMERIC,2000,sfti_a3636865d75913518eccfc9f
T2_NUMERIC,2000,sfti_ac5f9b0acebf44f5fe1e3f7f
T2_NUMERIC,2000,sfti_66bca49cb020936ca47c4a27
T2_NUMERIC,2000,sfti_ae8ed646401de82e564cd73b
T2_NUMERIC,2000,sfti_bdd0c52fe86ef22490b23b70
T2_NUMERIC,2000,sfti_ee7293b03f4c3a9582423eb5
T2_NUMERIC,2000,sfti_82ee27340768437029ac8c32
T2_NUMERIC,2000,sfti_bdfb8d0fab80b17dfd12992c
T2_NUMERIC,2000,sfti_d5a4b8753df74f8609a53424
T2_NUMERIC,2000,sfti_e447f07f9a3228458616192c
T2_NUMERIC,2000,sfti_9d73241ad8db5bb11f20f4ed
T2_NUMERIC,2000,sfti_9900e2b71f59c02f837c38b4
T2_NUMERIC,2000,sfti_261f7fa5dab0effae220d478
T2_NUMERIC,2000,sfti_4ce94cf9151bd5e4ab2cc736
T2_NUMERIC,2000,sfti_3ca3f9ba0017d9f8249b5f52
T2_NUMERIC,2000,sfti_2b0ba885e59198c2d4c2693e
T2_NUMERIC,2000,sfti_85f8ac10203cf91f7bd119a9
T2_NUMERIC,2000,sfti_d40ec7d84dc2a1045e25b41d
T2_NUMERIC,2000,sfti_996e58db9117722a9bb0dd08
T2_NUMERIC,2000,sfti_790e2ca5dd0e4528f5097ff1
T2_NUMERIC,2000,sfti_67bbe1060fd27f90438f0c34
T2_NUMERIC,2000,sfti_1f5ad74dfa3e00d857a4a9b2
T2_NUMERIC,2000,sfti_9e3b75f60f0e4f0329792638
T2_NUMERIC,2000,sfti_3108d655e1c7233f9f2dbbac
T2_NUMERIC,2000,sfti_7e6fd9e1157e43179748f050
T2_NUMERIC,2000,sfti_a3ca9e0f29b716eb6d8d2347
T2_NUMERIC,2000,sfti_784b29448c3aa8b905461668
T2_NUMERIC,2000,sfti_b7b6366119b9e8be01ad499e
T2_NUMERIC,2000,sfti_6aef59f011e1ac89b7970b75
T2_NUMERIC,2000,sfti_bb21dc28008175d822bd1c84
T2_NUMERIC,2000,sfti_3f577d6bd8bee57417b7d82b
T2_NUMERIC,2000,sfti_0ab854fc87cef39fc389e8c2
T2_NUMERIC,2000,sfti_f4009afad9324e9cfd5e5f41
T2_NUMERIC,2000,sfti_9e3916d3164d74abc4314cad
T2_NUMERIC,2000,sfti_9626dfece57ca6fa85d66c2e
T2_NUMERIC,2000,sfti_13bb20b996f77fbfab612821
T2_NUMERIC,2000,sfti_07fa1f33df3e7a31bc8ce5d5
T2_NUMERIC,2000,sfti_3bc72864c4428d25accdf7b2
T2_NUMERIC,2000,sfti_8b86ee68ffa3ef32c913692d
T2_NUMERIC,2000,sfti_19f0379fc34d42fb6aa90ecc
T2_NUMERIC,2000,sfti_b664a5e5f25569043ba68a5f
T2_NUMERIC,2000,sfti_7b5e137bcffb3f39ad32594b
T2_NUMERIC,2000,sfti_0cdc7ada54616c756c1aef50
T2_NUMERIC,2000,sfti_adce1e5ad317ecb1008ab8f0
T2_NUMERIC,2000,sfti_e59e4346999b17415f504cbe
T2_NUMERIC,2000,sfti_1e3c694474bd65105272bb98
T2_NUMERIC,2000,sfti_214d6d703e22b611387a032f
T2_NUMERIC,2000,sfti_ff326f5189d88f2bb02a16b3
T2_NUMERIC,2000,sfti_07f0e08ecbc006cab251225c
T2_NUMERIC,2000,sfti_df853e8cdebe402457a0963c
T2_NUMERIC,2000,sfti_dbc8edbcf679e53ffc63f022
T2_NUMERIC,2000,sfti_fb9c0f411233a63c7d09783e
T2_NUMERIC,2000,sfti_bcb2d982ead496b6f4d1b75b
T2_NUMERIC,2000,sfti_c0b70b1762901c083615e5e8
T2_NUMERIC,2000,sfti_d5991c89d4f8ffc7a93c66fa
T2_NUMERIC,2000,sfti_3076f29ed9656f21f493f94a
T2_NUMERIC,2000,sfti_937eda42a24bef7389ab8055
T2_NUMERIC,2000,sfti_609742278f87188cd339c76c
T2_NUMERIC,2000,sfti_69e1da72a11d2e1d9cd39b4e
T2_NUMERIC,2000,sfti_48e068116521898117aa83d9
T2_NUMERIC,2000,sfti_eb330e01d275bec385899657
T2_NUMERIC,2000,sfti_25eb9de35974e1f371f60125
T2_NUMERIC,2000,sfti_233551f7787c11e35ad05b2b
T2_NUMERIC,2000,sfti_bea8bc0a933755859b9e08da
T2_NUMERIC,2000,sfti_3c0b22522a3184e779768b46
T2_NUMERIC,2000,sfti_fd178a6c812807445f70c246
T2_NUMERIC,2000,sfti_61d72fdd66dacb3d2c559120
T2_NUMERIC,2000,sfti_b8882327e37619cf785316b5
T2_NUMERIC,2000,sfti_1e7837e8df8245b295a30e9b
T2_NUMERIC,2000,sfti_20c449611a78a07cf669a579
T2_NUMERIC,2000,sfti_7afc138fb329cf74a33a9bca
T2_NUMERIC,2000,sfti_aed65b20437a2bee70ebc5ab
T2_NUMERIC,2000,sfti_8cfbf5e030dfbbd265ea7c24
T2_NUMERIC,2000,sfti_b20db6effd1747de90528ace
T2_NUMERIC,2000,sfti_319cdad0a92dcce95033af32
T2_NUMERIC,2000,sfti_2edd2a25ec72e52d766f0e31
T2_NUMERIC,2000,sfti_cb48b8cfe08010eadd86f688
T2_NUMERIC,2000,sfti_b2450bd38c0416d2c44636e4
T2_NUMERIC,2000,sfti_fe54d55cfa9a7e0ed30fab10
T2_NUMERIC,2000,sfti_4de03a00e0595acf4a3f920e
T2_NUMERIC,2000,sfti_542f79dc5420ffa84e4aade0
T2_NUMERIC,2000,sfti_f8b6c07163a8ee1894005fb4
T2_NUMERIC,2000,sfti_59c9ab440584824fc1cefb92
T2_NUMERIC,2000,sfti_62723b2f338a33ab38d4d78e
T2_NUMERIC,2000,sfti_bcee478e30729eb9ef36db9c
T2_NUMERIC,2000,sfti_8ad457f67dfab875d3c0204a
T2_NUMERIC,2000,sfti_341599fbc4dedd717dba6930
T2_NUMERIC,2000,sfti_4c91f60d2c8c9c8528a3e058
T2_NUMERIC,2000,sfti_1009f5090c6a02694282f249
T2_NUMERIC,2000,sfti_10ab14728a938cfc586d38f3
T2_NUMERIC,2000,sfti_d6b3c7bf256e4e431dfe0708
T2_NUMERIC,2000,sfti_c9d69a8f42e2d1658b9ef4be
T2_NUMERIC,2000,sfti_e8c2a6aeea6583a7547de938
T2_NUMERIC,2000,sfti_e4be769ccf4836f4caa5c8d9
T2_NUMERIC,2000,sfti_4f4a82395d658b5b9e7d14e5
T2_NUMERIC,2000,sfti_a871c59451199865da907111
T2_NUMERIC,2000,sfti_6274ea05aa8932618a05ca93
T2_NUMERIC,2000,sfti_8e0eb7fe09dddb822ec3e069
T2_NUMERIC,2000,sfti_8bed135df7576b5896532c1f
T2_NUMERIC,2000,sfti_955963caddf3daf11c4a9a80
T2_NUMERIC,2000,sfti_20ab478529e731934039ea5d
T2_NUMERIC,2000,sfti_f641bea82828b1213dcc67ab
T2_NUMERIC,2000,sfti_708ddb057c63ea14985af91c
T2_NUMERIC,2000,sfti_a3e566acf3d8212ac0d112be
T2_NUMERIC,2000,sfti_fe2697920ec577db61e2084e
T2_NUMERIC,2000,sfti_b8d0b091f02a5b4e726cf4f4
T2_NUMERIC,2000,sfti_e7214de15b5b65e81d0039a1
T2_NUMERIC,2000,sfti_f86d9b0047b5a63c7167595c
T2_NUMERIC,2000,sfti_666722be6187e0e6d3216c89
T2_NUMERIC,2000,sfti_27b21082ef3c303092785bbc
T2_NUMERIC,2000,sfti_1145d491d2f5d274bd0192b8
T2_NUMERIC,2000,sfti_d1c521b89195cc2b5ed22942
T2_NUMERIC,2000,sfti_88d442806df640396dc2e87a
T2_NUMERIC,2000,sfti_338066afbee8c65f38510387
T2_NUMERIC,2000,sfti_2f5b83d4896de8dfd2d55821
T2_NUMERIC,2000,sfti_6b852d16be8c2bfbc5f00887
T2_NUMERIC,2000,sfti_ffc8dbdc0089795ed6b5932b
T2_NUMERIC,2000,sfti_1284cb9e061c08087b415672
T2_NUMERIC,2000,sfti_42771051c46a4d2fb02bd890
T2_NUMERIC,2000,sfti_d47e548b6b1b9932ed5e72a9
T2_NUMERIC,2000,sfti_05eccd9c0f222aea85bfe18d
T2_NUMERIC,2000,sfti_3c87dea7ef84550ed30fd3b0
T2_NUMERIC,2000,sfti_6729bbac11b019e58f4d95ed
T2_NUMERIC,2000,sfti_84e2625dc86dddc6669ff1cc
T2_NUMERIC,2000,sfti_8263612a715cc601d63f6b62
T2_NUMERIC,2000,sfti_cea4b753d55e899b1d255c61
T2_NUMERIC,2000,sfti_7fe32a9df80eb3f83e306782
T2_NUMERIC,2000,sfti_fa312084c52b2adbd28d6434
T2_NUMERIC,2000,sfti_0ff45d63f8913d71fd597086
T2_NUMERIC,2000,sfti_99ac89f0bd4547b7ac6af68c
T2_NUMERIC,2000,sfti_9c4a582d236dd2fded4ba231
T2_NUMERIC,2000,sfti_9114506bcd250fd1d363c1da
T2_NUMERIC,2000,sfti_39e4c9ed9f3d2416a5c53922
T2_NUMERIC,2000,sfti_efc1b558782356ca88878e02
T2_NUMERIC,2000,sfti_ea8138573914d930aceea845
T2_NUMERIC,2000,sfti_e9d21b66a6f2c0f937c33118
T2_NUMERIC,2000,sfti_9926d0ef439f0167e8b3c034
T2_NUMERIC,2000,sfti_6969c74d4c781b44b6c4a31a
T2_NUMERIC,2000,sfti_d74b22d59cff1f74db6ab8bb
T2_NUMERIC,2000,sfti_ea2eec68ff264567152d9c33
T2_NUMERIC,2000,sfti_eec618212e528855b686a443
T2_NUMERIC,2000,sfti_0e85784eb6fa93b1ce4dec0f
T2_NUMERIC,2000,sfti_77917858991b543e97fd5c99
T2_NUMERIC,2000,sfti_bfc5badc89f64d526a0fd89a
T2_NUMERIC,2000,sfti_ffd3f45cd53d782efa617296
T2_NUMERIC,2000,sfti_103860884f26a5c401d9936b
T2_NUMERIC,2000,sfti_fccf87ccbf098e93bbfa407c
T2_NUMERIC,2000,sfti_2940e63d7c0a6099a73a225b
T2_NUMERIC,2000,sfti_10f04fab09be192b8553fcea
T2_NUMERIC,2000,sfti_926a5725940ab5985bc147d2
T2_NUMERIC,2000,sfti_d27f279c57b8e43215d5f4d4
T2_NUMERIC,2000,sfti_e565451a8aa3404cf1bb9570
T2_NUMERIC,2000,sfti_024013b5587b21bda5921879
T2_NUMERIC,2000,sfti_6d26a6386cd439cca3244872
T2_NUMERIC,2000,sfti_a14d46bd85d2d602b62b9c7f
T2_NUMERIC,2000,sfti_c7e67964e8ae22841704bca8
T2_NUMERIC,2000,sfti_a598e2e9c804e4af4f6f64d7
T2_NUMERIC,2000,sfti_4a77b2a51749d981f7c7f7b8
T2_NUMERIC,2000,sfti_11d032d2f6102a3c33d5bcb8
T2_NUMERIC,2000,sfti_e2fb916f3cbe48a13600d897
T2_NUMERIC,2000,sfti_c853cf592e80397b750ef14b
T2_NUMERIC,2000,sfti_37718b694aefcc33c21d33a5
T2_NUMERIC,2000,sfti_8e7aecc0667c96aefbafd452
T2_NUMERIC,2000,sfti_07dc54fac2130017a5cb5cea
T2_NUMERIC,2000,sfti_448d742e1709340c15654416
T2_NUMERIC,2000,sfti_adc59d200da50f22edcc9b7b
T2_NUMERIC,2000,sfti_20f9c3db7083be2d14043248
T2_NUMERIC,2000,sfti_99b24e246c9691543d65edec
T2_NUMERIC,2000,sfti_2d5ec96401cc7969b617609d
T2_NUMERIC,2000,sfti_8983807c7cad0d0f115c27cb
T2_NUMERIC,2000,sfti_66810bbd00de2550c269f4dd
T2_NUMERIC,2000,sfti_4b2fc1dfc7cb8bf8bcc9c32c
T2_NUMERIC,2000,sfti_43a104e758d62a251346172d
T2_NUMERIC,2000,sfti_2cce069f064f12ebfe745b3e
T2_NUMERIC,2000,sfti_e7bee996ff02c65869f20f40
T2_NUMERIC,2000,sfti_41bfce8aec6dd2d70de4203c
T2_NUMERIC,2000,sfti_9a1b508cd51e4b812809f145
T2_NUMERIC,2000,sfti_c8c6589c466881d33c43ecf4
T2_NUMERIC,2000,sfti_9562c1030ec1dd26befc929c
T2_NUMERIC,2000,sfti_dcef86d1e70e0628bae91415
T2_NUMERIC,2000,sfti_faf31ad6381c49f2d877baad
T2_NUMERIC,2000,sfti_3059ac161392b76937a826a5
T2_NUMERIC,2000,sfti_7e5baa89db5fe6edfa69ed61
T2_NUMERIC,2000,sfti_75a2ae96a14695eb8fa12bc7
T2_NUMERIC,2000,sfti_81253c69e748ad90227da611
T2_NUMERIC,2000,sfti_3982dbfa13744dd7f2937696
T2_NUMERIC,2000,sfti_53b72a98029825352f65c851
T2_NUMERIC,2000,sfti_a680a1ea6c89e74a9e74529c
T2_NUMERIC,2000,sfti_8211c64cb28c0280241000fd
T2_NUMERIC,2000,sfti_5cff8d872ae10e32f3f4e883
T2_NUMERIC,2000,sfti_81cba15b919ca18b51ae65ea
T2_NUMERIC,2000,sfti_2aa23c6d1bd45225ae5e39f9
T2_NUMERIC,2000,sfti_9b6cd6c7a6b02fc30456443b
T2_NUMERIC,2000,sfti_3e7a5874cab902f7d58e7904
T2_NUMERIC,2000,sfti_3e14f7fc12a99ff5ebbc99ab
T2_NUMERIC,2000,sfti_380f484cf08360bc889fd286
T2_NUMERIC,2000,sfti_69d0a0d5c8cdff9c3f7053dc
T2_NUMERIC,2000,sfti_639a9c397c63b08c915f4e18
T2_NUMERIC,2000,sfti_757c1c65abb19773305b000f
T2_NUMERIC,2000,sfti_3c889fff68b7288b95f28c80
T2_NUMERIC,2000,sfti_2d0957449ea5c92419933215
T2_NUMERIC,2000,sfti_51e54ea612879ca5446032fa
T2_NUMERIC,2000,sfti_a8ac74f9c70794f3e80a80da
T2_NUMERIC,2000,sfti_b763d49ac7bf6c99d8ddd55f
T2_NUMERIC,2000,sfti_ef1e78bf37112a660dc53ef5
T2_NUMERIC,2000,sfti_54b72e24c5e2b8c019bab3ba
T2_NUMERIC,2000,sfti_6332d302d627ea5aa4ffac87
T2_NUMERIC,2000,sfti_726a983a2405291262be86fd
T2_NUMERIC,2000,sfti_61f94d447451dfbbe2b2e6fe
T2_NUMERIC,2000,sfti_4f0f814d0a37642ac43a8d90
T2_NUMERIC,2000,sfti_bc297910f1de94456f849e4e
T2_NUMERIC,2000,sfti_f9a7114e7d80ca2582a40c59
T2_NUMERIC,2000,sfti_0a9d5cff8b1150373f5a8883
T2_NUMERIC,2000,sfti_43e188e63d51a21f9dd291c8
T2_NUMERIC,2000,sfti_ad051476ddd78aa6a8f76e64
T2_NUMERIC,2000,sfti_468913a196bd58cf1431ec03
T2_NUMERIC,2000,sfti_b02ed275e8095c25ad443279
T2_NUMERIC,2000,sfti_9f48009bb84c554dc189e2c2
T2_NUMERIC,2000,sfti_21d7837ede8f653b6a1b52bb
T2_NUMERIC,2000,sfti_d192cb90e8aca0eb206978e7
T2_NUMERIC,2000,sfti_84200b9a5cc6cdc349d33595
T2_NUMERIC,2000,sfti_58c1baa6659dac2bc8c88681
T2_NUMERIC,2000,sfti_6835ec394b68ffae74c37cce
T2_NUMERIC,2000,sfti_9e732d80c8419078d66743d2
T2_NUMERIC,2000,sfti_f0dd21df6264c7b32f3fc8ad
T2_NUMERIC,2000,sfti_4fb33df10bb9cd440d05effd
T2_NUMERIC,2000,sfti_914e2e6205d32170318f33c0
T2_NUMERIC,2000,sfti_35d506a4fb06b7049b9ccac9
T2_NUMERIC,2000,sfti_b3f03126340bd2f3f5a0c4c1
T2_NUMERIC,2000,sfti_ff70bc100dcd1ebd83d15059
T2_NUMERIC,2000,sfti_3fa9507218698e134ad0f543
T2_NUMERIC,2000,sfti_29943d4aef04045ada4df1cc
T2_NUMERIC,2000,sfti_0586cd8b3df6a4ee399d8d36
T2_NUMERIC,2000,sfti_a23cb9e7463fc2933c8f50d7
T2_NUMERIC,2000,sfti_1dbc5f56611956385c243ac2
T2_NUMERIC,2000,sfti_41eadcb69bc6a46091751bfe
T2_NUMERIC,2000,sfti_ea1fd18201bd8489e58f7dfc
T2_NUMERIC,2000,sfti_0499fa2a14103567d4ee13b7
T2_NUMERIC,2000,sfti_ea503ec69d047ae2fdb23a5e
T2_NUMERIC,2000,sfti_2c9259754a880e0455b5d192
T2_NUMERIC,2000,sfti_7bf066736099ad36e8ecbf0d
T2_NUMERIC,2000,sfti_d412c058e2d170cc8c149872
T2_NUMERIC,2000,sfti_dcdfe38b0d1cce31a23dfb4c
T2_NUMERIC,2000,sfti_88e83501865616b40e61a9f7
T2_NUMERIC,2000,sfti_fad5a4d07646fc35343326f8
T2_NUMERIC,2000,sfti_1e8ea93b5c9d67c87367599c
T2_NUMERIC,2000,sfti_641caccdc73ddf881d6f590f
T2_NUMERIC,2000,sfti_ada1d0d2e9fff49655473441
T2_NUMERIC,2000,sfti_3bc4500c6447be25efaf965a
T2_NUMERIC,2000,sfti_8ca551c09dd2a0d20f13a14a
T2_NUMERIC,2000,sfti_37c8286051f9d4281b35a056
T2_NUMERIC,2000,sfti_d8d53df8d8df06ac007e9561
T2_NUMERIC,2000,sfti_10015558897106cda9bb58ad
T2_NUMERIC,2000,sfti_5115cf8b5b4762f036d546ee
T2_NUMERIC,2000,sfti_f6403d2ffe38ad33a0e8b48f
T2_NUMERIC,2000,sfti_969e4ffd295993bfdb05cc67
T2_NUMERIC,2000,sfti_3d4b75434c58c06f2a42f4ac
T2_NUMERIC,2000,sfti_f21d21c5f529ce7609425e76
T2_NUMERIC,2000,sfti_c58345f8f747eec325c42912
T2_NUMERIC,2000,sfti_d1c9b36f99a0f1fbf32b6f34
T2_NUMERIC,2000,sfti_b2a6e67d46ed05ae9ebab177
T2_NUMERIC,2000,sfti_a1006c34a27d51cad9c392b5
T2_NUMERIC,2000,sfti_769ad66381bcc9534f3c8f28
T2_NUMERIC,2000,sfti_4b11f000ce8d5def0290b11d
T2_NUMERIC,2000,sfti_3d1497c70992605d245c4914
T2_NUMERIC,2000,sfti_b8b179bff00363f88671b969
T2_NUMERIC,2000,sfti_6ffc2bb89db331a7f78a37d2
T2_NUMERIC,2000,sfti_ef55029405212fa096d15ef4
T2_NUMERIC,2000,sfti_e69010e71b55361a37a9668f
T2_NUMERIC,2000,sfti_07cf6c08980b52829f9bb93b
T2_NUMERIC,2000,sfti_4a8fb3870fcb7029b885de93
T2_NUMERIC,2000,sfti_ce58993d7590cd329700cfd3
T2_NUMERIC,2000,sfti_909d7ca6506b112cd1257d1d
T2_NUMERIC,2000,sfti_5323180b0363cf6771a32555
T2_NUMERIC,2000,sfti_cf385b5cf96a449da9c8da7e
T2_NUMERIC,2000,sfti_2bfb267bd31ab5c2a77d40a2
T2_NUMERIC,2000,sfti_c9b16ed8dcacbf71f1e1c873
T2_NUMERIC,2000,sfti_128819e14b6e6d7f007316e7
T2_NUMERIC,2000,sfti_7b0b0d6b071cf380f530143c
T2_NUMERIC,2000,sfti_d40c96e2fb1d150c8226be44
T2_NUMERIC,2000,sfti_9ea0c03194b9573ea2aa8212
T2_NUMERIC,2000,sfti_1820aab1fdc6f8596c0b3a84
T2_NUMERIC,2000,sfti_04c0ce3e420fb5a882e05255
T2_NUMERIC,2000,sfti_b199b00ccb3dbf69ddbe1ee8
T2_NUMERIC,2000,sfti_ec8520054faca448e1168e13
T2_NUMERIC,2000,sfti_46f4038be373342b9dafe583
T2_NUMERIC,2000,sfti_56caa11d53092f29f4be29f1
T2_NUMERIC,2000,sfti_e61e296efb76b3abe95a4bff
T2_NUMERIC,2000,sfti_de969426d03ef8da0ea5fd8b
T2_NUMERIC,2000,sfti_e610b2e99e8f6100ab63ba7f
T2_NUMERIC,2000,sfti_e8f3f571ac0e121c86462ef9
T2_NUMERIC,2000,sfti_63f240c7141fb5d618c64e57
T2_NUMERIC,2000,sfti_add8f63a76265da5652e3f29
T2_NUMERIC,2000,sfti_ab487a6cea991825af1b80c9
T2_NUMERIC,2000,sfti_b77d04215d235ae7a9750ca5
T2_NUMERIC,2000,sfti_b844e128bed9cef70eccd65b
T2_NUMERIC,2000,sfti_d358f799a3f24c35c805c98d
T2_NUMERIC,2000,sfti_e5b4a0161fd91a52f329ff50
T2_NUMERIC,2000,sfti_39834e11a5da38bf6302952f
T2_NUMERIC,2000,sfti_5a17010134648799f10afe42
T2_NUMERIC,2000,sfti_a284c759e8fc107ac8de9ff2
T2_NUMERIC,2000,sfti_d9d446a356b246b765e5fbeb
T2_NUMERIC,2000,sfti_96fffe6caaaba1cf11ea0405
T2_NUMERIC,2000,sfti_90cba88a7ae6f5a32ac12feb
T2_NUMERIC,2000,sfti_68e56b16786dbd038908ccd2
T2_NUMERIC,2000,sfti_3858e753a95b54d70ecebbf9
T2_NUMERIC,2000,sfti_7b8b8e2f57e9e5d9011be07b
T2_NUMERIC,2000,sfti_e9ed712a96769231e50f7cab
T2_NUMERIC,2000,sfti_c9efc98eb3e97f87b85e0930
T2_NUMERIC,2000,sfti_d655ef992b18459010af37a0
T2_NUMERIC,2000,sfti_bc5eb3e7048adf9c76dbb1fa
T2_NUMERIC,2000,sfti_5bfbf51ff81f8c985cb78434
T2_NUMERIC,2000,sfti_cc94108015b248f4fdc517d2
T2_NUMERIC,2000,sfti_647f3dec95e4922ee545a385
T2_NUMERIC,2000,sfti_65a8eb1d072847ea4b77753d
T2_NUMERIC,2000,sfti_8f09f7971cb042b3876bcfcc
T2_NUMERIC,2000,sfti_1e4e546a6b73e76af0f17f14
T2_NUMERIC,2000,sfti_7bd76fa22e7f87a863b47e7d
T2_NUMERIC,2000,sfti_241e6c935e59631c3a801e27
T2_NUMERIC,2000,sfti_b8911e53f595f0fcf271c7bf
T2_NUMERIC,2000,sfti_f22c66b8a91392425a2e09ef
T2_NUMERIC,2000,sfti_5381b7fc8de662ec9a674998
T2_NUMERIC,2000,sfti_4a2eded68527fd0baa2b2f7b
T2_NUMERIC,2000,sfti_ad6080bb969acb58a498e38a
T2_NUMERIC,2000,sfti_f04cd67065ede755ec414511
T2_NUMERIC,2000,sfti_c32b954020b48f60f9f2b6b9
T2_NUMERIC,2000,sfti_450595f417cfa9379929677c
T2_NUMERIC,2000,sfti_4336032ada57dcde328cab8b
T2_NUMERIC,2000,sfti_287c9eb4ca2088763e66f500
T2_NUMERIC,2000,sfti_3b6e1c64f87243c7213b1454
T2_NUMERIC,2000,sfti_cdbcdbdc887c07848fcab4d7
T2_NUMERIC,2000,sfti_4bf3477ee728a48d68a75b98
T2_NUMERIC,2000,sfti_f33b8cafc2ac75b5d079195c
T2_NUMERIC,2000,sfti_3d365ae856bfe9a192677744
T2_NUMERIC,2000,sfti_30977f422e83b2f9cb04eb9b
T2_NUMERIC,2000,sfti_f5b9289afa26752b46a60b49
T2_NUMERIC,2000,sfti_dbc7ca75dda48d36adb6d201
T2_NUMERIC,2000,sfti_087cefd4f5ea33bea530af32
T2_NUMERIC,2000,sfti_4d6bdf62b86436ae77eb67ee
T2_NUMERIC,2000,sfti_16110db58836e5be00694b70
T2_NUMERIC,2000,sfti_ef2629ac110cce1e52d8fecc
T2_NUMERIC,2000,sfti_c77a21d2df8a81c2ef21676b
T2_NUMERIC,2000,sfti_3211103afdb4f16ef6e6c67a
T2_NUMERIC,2000,sfti_021ab0135fcdbe75cbcbaa11
T2_NUMERIC,2000,sfti_b0ecd568b87c6ca918482923
T2_NUMERIC,2000,sfti_02a719452b09aedbd40b38e2
T2_NUMERIC,2000,sfti_133d3e40b78f7716bf60d914
T2_NUMERIC,2000,sfti_63eaf44a76870d21e2c3d774
T2_NUMERIC,2000,sfti_b55fddae2acca5e5011d1c4d
T2_NUMERIC,2000,sfti_39508d838aeb85c52b94325f
T2_NUMERIC,2000,sfti_d68486361cf71f06c375bd4e
T2_NUMERIC,2000,sfti_94abc129c923f6acf95f4603
T2_NUMERIC,2000,sfti_ea4a643207add24e3abe3ba7
T2_NUMERIC,2000,sfti_04d8972b65875dd2bb4c724e
T2_NUMERIC,2000,sfti_0eb0615fbc822d303a57f3f7
T2_NUMERIC,2000,sfti_74d3422b2f867221e70804e6
T2_NUMERIC,2000,sfti_e36d18c86b95d125d9c2f92f
T2_NUMERIC,2000,sfti_49f4883e520ac30849b15726
T2_NUMERIC,2000,sfti_e3006da9cf958c9570b2325a
T2_NUMERIC,2000,sfti_f26338acaba805ff67d01cc3
T2_NUMERIC,2000,sfti_ef5267d07c203497eef8b373
T2_NUMERIC,2000,sfti_ef655e7db42470bd209740f4
T2_NUMERIC,2000,sfti_559737dc36815af344695e21
T2_NUMERIC,2000,sfti_9919bc87f2c283b551396822
T2_NUMERIC,2000,sfti_552319b81d387e13d2031975
T2_NUMERIC,2000,sfti_554f53f264ee0c504ebb5209
T2_NUMERIC,2000,sfti_8a169c280498d352ff92c9b5
T2_NUMERIC,2000,sfti_0645f8ba0804d031ae082b91
T2_NUMERIC,2000,sfti_ee0a2056d261c8305657900d
T2_NUMERIC,2000,sfti_f0be8a1634d011bf5191b904
T2_NUMERIC,2000,sfti_7e9529fd3a866d86a7dc0e03
T2_NUMERIC,2000,sfti_32a3b2a483113b8ad9198b38
T2_NUMERIC,2000,sfti_1dbef1e4788cba4dd1404128
T2_NUMERIC,2000,sfti_cc4c5477b3e0c89b06a986f5
T2_NUMERIC,2000,sfti_94c6c9b3a95d2f703defed10
T3_CLAIM,100,sfti_8f590cd71afaaa1006d872f1
T3_CLAIM,100,sfti_dea35a3d72ebe82b7219546e
T3_CLAIM,100,sfti_5d06a6660c12610467543a06
T3_CLAIM,100,sfti_4d0e2243d8d5753787df8d9e
T3_CLAIM,100,sfti_653e8644f56f90677e1b7e89
T3_CLAIM,100,sfti_6a18078d57bcfa2573193034
T3_CLAIM,100,sfti_7bf2a2e12321fbd4a685675e
T3_CLAIM,100,sfti_7edc44edcb5862a8957b42d7
T3_CLAIM,100,sfti_a63a56d3f63c562ea4c3a7eb
T3_CLAIM,100,sfti_e5fac853998282886183c1f3
T3_CLAIM,100,sfti_f3493b743f64f39fdefe6c29
T3_CLAIM,100,sfti_361ceb4376f62c46b7a0331e
T3_CLAIM,100,sfti_d425c8c71f496dd0f43e4ab5
T3_CLAIM,100,sfti_4327dcf27d9b4fb5c42d05ef
T3_CLAIM,100,sfti_e16a08cfa81de97a3f5cc323
T3_CLAIM,100,sfti_d7e4a1140b33527135d907fb
T3_CLAIM,100,sfti_b794108ba4cc4d08a4ea7ce7
T3_CLAIM,100,sfti_d779ffe3d6cc25e455de9276
T3_CLAIM,100,sfti_d81fc98633aa98f912835676
T3_CLAIM,100,sfti_506b1e6115c036bb63bbfc60
T3_CLAIM,100,sfti_8bf0675c7e2d2546bd59ed4f
T3_CLAIM,100,sfti_b9bdba2b6abbcc9614506608
T3_CLAIM,100,sfti_5ffa196f7e037276cda29e7f
T3_CLAIM,100,sfti_1dccd78f393e7f5dc69620de
T3_CLAIM,100,sfti_9d7cda994e4dcd9a190e7a6d
T3_CLAIM,100,sfti_a3c957c4317ff550e3349f06
T3_CLAIM,100,sfti_72a40a4db6e41cc69eacab49
T3_CLAIM,100,sfti_19a6154bb3e048d7dd5afdd5
T3_CLAIM,100,sfti_fd25ac69dee8d7ac37ff1774
T3_CLAIM,100,sfti_573697beb30440d710716d43
T3_CLAIM,100,sfti_a144fc51b80799f4c4087782
T3_CLAIM,100,sfti_18f77d836a8b940a5054a913
T3_CLAIM,100,sfti_60ee878413ba0e0e46c1ca3a
T3_CLAIM,100,sfti_b683dd564b2d891d55b413f6
T3_CLAIM,100,sfti_252792a66831e525596519f6
T3_CLAIM,100,sfti_e5b1a94882d3e5f061be3ef2
T3_CLAIM,100,sfti_11b316ee7f53b76ee5b0662a
T3_CLAIM,100,sfti_d71ad51c237451b5ccf06607
T3_CLAIM,100,sfti_102181250af19314c9f1ce3a
T3_CLAIM,100,sfti_d0440956d363e5022e52f418
T3_CLAIM,100,sfti_2f149407aca6a9a3c0b76d52
T3_CLAIM,100,sfti_6468301807b434dc45ce4e8e
T3_CLAIM,100,sfti_d10181219ab2b7ac1c3ec586
T3_CLAIM,100,sfti_7823d937255455c6642b9c3a
T3_CLAIM,100,sfti_fc75241b588febb7d5feac6d
T3_CLAIM,100,sfti_00d0a4d8c8030d2e943a4f10
T3_CLAIM,100,sfti_9a08ebbb67eac0795e9f71f2
T3_CLAIM,100,sfti_28fa5e3600557e06bcd9c18b
T3_CLAIM,100,sfti_80554039da1090275162e46d
T3_CLAIM,100,sfti_7154db7bf38aeac020c0a6a2
T3_CLAIM,100,sfti_af74f322a1332a79c23742c4
T3_CLAIM,100,sfti_589a6f6dc4d12b124ed7c616
T3_CLAIM,100,sfti_e9d6ba8c235f44c03a1ab5b1
T3_CLAIM,100,sfti_e9db475e8a08ea1a720bf8e2
T3_CLAIM,100,sfti_5e4419d73c3e9b2248f3f72c
T3_CLAIM,100,sfti_b6e8640609dd89dc92ffa512
T3_CLAIM,100,sfti_fe0981192ee634c260b8d6fb
T3_CLAIM,100,sfti_48fd95028ab8cd00a92f3eeb
T3_CLAIM,100,sfti_4dc7b81786d7432ecc149769
T3_CLAIM,100,sfti_64ad41c5efb77007bd1c9354
T3_CLAIM,100,sfti_7fd92293793f586f321193c9
T3_CLAIM,100,sfti_bc23c6d454b91fd24abfd336
T3_CLAIM,100,sfti_f1d2f6b1ea026d680251fce8
T3_CLAIM,100,sfti_9bdb119a7015af972790b0da
T3_CLAIM,100,sfti_4162ccd5a4560b41b60749f8
T3_CLAIM,100,sfti_06ff716f227dd7d1678da69b
T3_CLAIM,100,sfti_2e364086d22fc4a1d310341d
T3_CLAIM,100,sfti_f312c3f0b9000ba2f895b7e9
T3_CLAIM,100,sfti_cc2945739b45d3904ba8b349
T3_CLAIM,100,sfti_71263e9cc48c5416d3883909
T3_CLAIM,100,sfti_c145ccf6497a8ff9b77b735a
T3_CLAIM,100,sfti_b0397524ba1b9dbb7125639f
T3_CLAIM,100,sfti_ed67f81d4c1cf20816874b35
T3_CLAIM,100,sfti_277bed6a904ceed497e00f29
T3_CLAIM,100,sfti_c964e8112fab16f4f83f3b0e
T3_CLAIM,100,sfti_9d542de427e9ea5d886d8ec4
T3_CLAIM,100,sfti_18c773fb7332e45c4e714314
T3_CLAIM,100,sfti_b33a4a5af4bca3c5ac0dc9a4
T3_CLAIM,100,sfti_f6a02e6639610187316ea785
T3_CLAIM,100,sfti_805af5e7cad0fcb7e2a5c9fe
T3_CLAIM,100,sfti_d3222d492f8d07b114d7230d
T3_CLAIM,100,sfti_dc87859ab8e5a1a5351f6186
T3_CLAIM,100,sfti_2e901f1a37ea90ba24adbe8d
T3_CLAIM,100,sfti_51e169768a7c2467c880f352
T3_CLAIM,100,sfti_3d9efc62c3d1e9515a3b0223
T3_CLAIM,100,sfti_59a56da3dfebcdfacc136ddb
T3_CLAIM,100,sfti_d700e52cea260d4f79282e25
T3_CLAIM,100,sfti_808062fca0ead23aeace5d07
T3_CLAIM,100,sfti_5bfe83097421905a4070f7fa
T3_CLAIM,100,sfti_a74f4ed76025d4de49968531
T3_CLAIM,100,sfti_41d3b4782bac99b07d90caf4
T3_CLAIM,100,sfti_1d251ad7d4081a4a093e6026
T3_CLAIM,100,sfti_2312d957467ff1d61a847627
T3_CLAIM,100,sfti_52e154cc3b7ae8f7bf5feeca
T3_CLAIM,100,sfti_3e9d626dd313badc0a4caaa9
T3_CLAIM,100,sfti_3bff2ec9e2bbf92002b72834
T3_CLAIM,100,sfti_250a83b9a1c21004eb4067c2
T3_CLAIM,100,sfti_ebe763473712a4681a2e32d1
T3_CLAIM,100,sfti_3a01cf3833731250cb3c9e3b
T3_CLAIM,100,sfti_32aa2ac6c08ebb57e4ed1dd0
T3_CLAIM,250,sfti_8f590cd71afaaa1006d872f1
T3_CLAIM,250,sfti_dea35a3d72ebe82b7219546e
T3_CLAIM,250,sfti_5d06a6660c12610467543a06
T3_CLAIM,250,sfti_4d0e2243d8d5753787df8d9e
T3_CLAIM,250,sfti_653e8644f56f90677e1b7e89
T3_CLAIM,250,sfti_6a18078d57bcfa2573193034
T3_CLAIM,250,sfti_7bf2a2e12321fbd4a685675e
T3_CLAIM,250,sfti_7edc44edcb5862a8957b42d7
T3_CLAIM,250,sfti_a63a56d3f63c562ea4c3a7eb
T3_CLAIM,250,sfti_e5fac853998282886183c1f3
T3_CLAIM,250,sfti_f3493b743f64f39fdefe6c29
T3_CLAIM,250,sfti_361ceb4376f62c46b7a0331e
T3_CLAIM,250,sfti_d425c8c71f496dd0f43e4ab5
T3_CLAIM,250,sfti_4327dcf27d9b4fb5c42d05ef
T3_CLAIM,250,sfti_e16a08cfa81de97a3f5cc323
T3_CLAIM,250,sfti_d7e4a1140b33527135d907fb
T3_CLAIM,250,sfti_b794108ba4cc4d08a4ea7ce7
T3_CLAIM,250,sfti_d779ffe3d6cc25e455de9276
T3_CLAIM,250,sfti_d81fc98633aa98f912835676
T3_CLAIM,250,sfti_506b1e6115c036bb63bbfc60
T3_CLAIM,250,sfti_8bf0675c7e2d2546bd59ed4f
T3_CLAIM,250,sfti_b9bdba2b6abbcc9614506608
T3_CLAIM,250,sfti_5ffa196f7e037276cda29e7f
T3_CLAIM,250,sfti_1dccd78f393e7f5dc69620de
T3_CLAIM,250,sfti_9d7cda994e4dcd9a190e7a6d
T3_CLAIM,250,sfti_a3c957c4317ff550e3349f06
T3_CLAIM,250,sfti_72a40a4db6e41cc69eacab49
T3_CLAIM,250,sfti_19a6154bb3e048d7dd5afdd5
T3_CLAIM,250,sfti_fd25ac69dee8d7ac37ff1774
T3_CLAIM,250,sfti_573697beb30440d710716d43
T3_CLAIM,250,sfti_a144fc51b80799f4c4087782
T3_CLAIM,250,sfti_18f77d836a8b940a5054a913
T3_CLAIM,250,sfti_60ee878413ba0e0e46c1ca3a
T3_CLAIM,250,sfti_b683dd564b2d891d55b413f6
T3_CLAIM,250,sfti_252792a66831e525596519f6
T3_CLAIM,250,sfti_e5b1a94882d3e5f061be3ef2
T3_CLAIM,250,sfti_11b316ee7f53b76ee5b0662a
T3_CLAIM,250,sfti_d71ad51c237451b5ccf06607
T3_CLAIM,250,sfti_102181250af19314c9f1ce3a
T3_CLAIM,250,sfti_d0440956d363e5022e52f418
T3_CLAIM,250,sfti_2f149407aca6a9a3c0b76d52
T3_CLAIM,250,sfti_6468301807b434dc45ce4e8e
T3_CLAIM,250,sfti_d10181219ab2b7ac1c3ec586
T3_CLAIM,250,sfti_7823d937255455c6642b9c3a
T3_CLAIM,250,sfti_fc75241b588febb7d5feac6d
T3_CLAIM,250,sfti_00d0a4d8c8030d2e943a4f10
T3_CLAIM,250,sfti_9a08ebbb67eac0795e9f71f2
T3_CLAIM,250,sfti_28fa5e3600557e06bcd9c18b
T3_CLAIM,250,sfti_80554039da1090275162e46d
T3_CLAIM,250,sfti_7154db7bf38aeac020c0a6a2
T3_CLAIM,250,sfti_af74f322a1332a79c23742c4
T3_CLAIM,250,sfti_589a6f6dc4d12b124ed7c616
T3_CLAIM,250,sfti_e9d6ba8c235f44c03a1ab5b1
T3_CLAIM,250,sfti_e9db475e8a08ea1a720bf8e2
T3_CLAIM,250,sfti_5e4419d73c3e9b2248f3f72c
T3_CLAIM,250,sfti_b6e8640609dd89dc92ffa512
T3_CLAIM,250,sfti_fe0981192ee634c260b8d6fb
T3_CLAIM,250,sfti_48fd95028ab8cd00a92f3eeb
T3_CLAIM,250,sfti_4dc7b81786d7432ecc149769
T3_CLAIM,250,sfti_64ad41c5efb77007bd1c9354
T3_CLAIM,250,sfti_7fd92293793f586f321193c9
T3_CLAIM,250,sfti_bc23c6d454b91fd24abfd336
T3_CLAIM,250,sfti_f1d2f6b1ea026d680251fce8
T3_CLAIM,250,sfti_9bdb119a7015af972790b0da
T3_CLAIM,250,sfti_4162ccd5a4560b41b60749f8
T3_CLAIM,250,sfti_06ff716f227dd7d1678da69b
T3_CLAIM,250,sfti_2e364086d22fc4a1d310341d
T3_CLAIM,250,sfti_f312c3f0b9000ba2f895b7e9
T3_CLAIM,250,sfti_cc2945739b45d3904ba8b349
T3_CLAIM,250,sfti_71263e9cc48c5416d3883909
T3_CLAIM,250,sfti_c145ccf6497a8ff9b77b735a
T3_CLAIM,250,sfti_b0397524ba1b9dbb7125639f
T3_CLAIM,250,sfti_ed67f81d4c1cf20816874b35
T3_CLAIM,250,sfti_277bed6a904ceed497e00f29
T3_CLAIM,250,sfti_c964e8112fab16f4f83f3b0e
T3_CLAIM,250,sfti_9d542de427e9ea5d886d8ec4
T3_CLAIM,250,sfti_18c773fb7332e45c4e714314
T3_CLAIM,250,sfti_b33a4a5af4bca3c5ac0dc9a4
T3_CLAIM,250,sfti_f6a02e6639610187316ea785
T3_CLAIM,250,sfti_805af5e7cad0fcb7e2a5c9fe
T3_CLAIM,250,sfti_d3222d492f8d07b114d7230d
T3_CLAIM,250,sfti_dc87859ab8e5a1a5351f6186
T3_CLAIM,250,sfti_2e901f1a37ea90ba24adbe8d
T3_CLAIM,250,sfti_51e169768a7c2467c880f352
T3_CLAIM,250,sfti_3d9efc62c3d1e9515a3b0223
T3_CLAIM,250,sfti_59a56da3dfebcdfacc136ddb
T3_CLAIM,250,sfti_d700e52cea260d4f79282e25
T3_CLAIM,250,sfti_808062fca0ead23aeace5d07
T3_CLAIM,250,sfti_5bfe83097421905a4070f7fa
T3_CLAIM,250,sfti_a74f4ed76025d4de49968531
T3_CLAIM,250,sfti_41d3b4782bac99b07d90caf4
T3_CLAIM,250,sfti_1d251ad7d4081a4a093e6026
T3_CLAIM,250,sfti_2312d957467ff1d61a847627
T3_CLAIM,250,sfti_52e154cc3b7ae8f7bf5feeca
T3_CLAIM,250,sfti_3e9d626dd313badc0a4caaa9
T3_CLAIM,250,sfti_3bff2ec9e2bbf92002b72834
T3_CLAIM,250,sfti_250a83b9a1c21004eb4067c2
T3_CLAIM,250,sfti_ebe763473712a4681a2e32d1
T3_CLAIM,250,sfti_3a01cf3833731250cb3c9e3b
T3_CLAIM,250,sfti_32aa2ac6c08ebb57e4ed1dd0
T3_CLAIM,250,sfti_69ea722d0e7f8b70b4ed24c5
T3_CLAIM,250,sfti_3383baec480e2fe40b2b55e7
T3_CLAIM,250,sfti_9970b3f27c6969fa1e151845
T3_CLAIM,250,sfti_16df2ba1ddabfcffd971dce8
T3_CLAIM,250,sfti_2d7194588a5c6e3c44653a6b
T3_CLAIM,250,sfti_544ca1fd2ae3a240ec3f1a71
T3_CLAIM,250,sfti_1761b63ccebbfaea30a03343
T3_CLAIM,250,sfti_91ca1634c956bb04916fd461
T3_CLAIM,250,sfti_a5004a53ec15ae4447e29178
T3_CLAIM,250,sfti_46384757e0b734eee34bc8fb
T3_CLAIM,250,sfti_8b1a71c5ba09dae1ba54f3ae
T3_CLAIM,250,sfti_1c653536ccb2f83a0a2eb86c
T3_CLAIM,250,sfti_a8d99f90b400c9c002416d29
T3_CLAIM,250,sfti_9a118eb26e7fb43e29b4ec5e
T3_CLAIM,250,sfti_beaf5eca5bec773adb0cb892
T3_CLAIM,250,sfti_370036207c917ad5e35619e3
T3_CLAIM,250,sfti_5f6e1ccaadef471ac13583aa
T3_CLAIM,250,sfti_55bd9e6dc26b848ce21874a4
T3_CLAIM,250,sfti_e8cea29045bbbf96e115c7d0
T3_CLAIM,250,sfti_711551acdf50c68f32bf8eee
T3_CLAIM,250,sfti_2d8b2e56c2dcc7282733dc49
T3_CLAIM,250,sfti_c659da0e8aff36db0ea8052a
T3_CLAIM,250,sfti_aba39e4fb5c03983388d254c
T3_CLAIM,250,sfti_6ce7926b6bad6191dd9554bf
T3_CLAIM,250,sfti_1142c7208bdf835cfd70f9f8
T3_CLAIM,250,sfti_dec286003a8dc7d6c9ca25dc
T3_CLAIM,250,sfti_54607d508b17053b794f8950
T3_CLAIM,250,sfti_d8fbce0dc52d9d8c7fd5e5cc
T3_CLAIM,250,sfti_7d910c9af98158df2c601425
T3_CLAIM,250,sfti_bc4ac64049e06b9a0c3c155f
T3_CLAIM,250,sfti_28cc2d89e3883a165e574e22
T3_CLAIM,250,sfti_1d685e38829f8a76b20ab463
T3_CLAIM,250,sfti_849fb8d71afd8f7cef3645b7
T3_CLAIM,250,sfti_174d04e8fffc3874025916f6
T3_CLAIM,250,sfti_c76639c3c348a3a746f6406c
T3_CLAIM,250,sfti_873e01b81fb2e081a887d942
T3_CLAIM,250,sfti_c8855ca2bcdf6b7bfa8fbbab
T3_CLAIM,250,sfti_407df20543f1eb1002458564
T3_CLAIM,250,sfti_35bc598e3ec3f9d5ecf8ea46
T3_CLAIM,250,sfti_7f2ba9f1a92c16ef19ad58bf
T3_CLAIM,250,sfti_f0b88dd7ab667fe1b834a619
T3_CLAIM,250,sfti_a53310398c5fcffed49c149f
T3_CLAIM,250,sfti_9a27ba15204dae5538e51a87
T3_CLAIM,250,sfti_c9bb171408114ae58204f6b5
T3_CLAIM,250,sfti_d46df0c4ac8d454244b34e3f
T3_CLAIM,250,sfti_51460ebc4cbe9cf3775a41e1
T3_CLAIM,250,sfti_f8fcdff235e4b4539620b1b1
T3_CLAIM,250,sfti_206f1c975f2ca9070d911553
T3_CLAIM,250,sfti_dc8599ac6386e864aae1fa28
T3_CLAIM,250,sfti_7da30300723727175b7da04d
T3_CLAIM,250,sfti_693036c42a03cbe78f73393b
T3_CLAIM,250,sfti_097311d9fe5bb44c7e0577e4
T3_CLAIM,250,sfti_a5df662923a337b71c4230d8
T3_CLAIM,250,sfti_677415d2ddbbe7dad10d21a4
T3_CLAIM,250,sfti_9120c149c9d00327ea4dc9dc
T3_CLAIM,250,sfti_0d54ff91be9fd5d35fb294cc
T3_CLAIM,250,sfti_f00ff657d2210f2898f6e010
T3_CLAIM,250,sfti_2afbfc1ecd6da1786973b8bd
T3_CLAIM,250,sfti_563dfc429c7b0a651e524575
T3_CLAIM,250,sfti_98fe31222cf402b9c7d95d5f
T3_CLAIM,250,sfti_392b6aeeb618b8598c085c9a
T3_CLAIM,250,sfti_66b9054f370cad8917c4e31b
T3_CLAIM,250,sfti_eaf8c5b1e6cb3b918f2250c7
T3_CLAIM,250,sfti_c563152a9cb301ce75a3f19a
T3_CLAIM,250,sfti_5c0942bcf97fa23ebc6c87a3
T3_CLAIM,250,sfti_bc31f41d9bdc7b0406361554
T3_CLAIM,250,sfti_76d1bdd03c500ce805d74c14
T3_CLAIM,250,sfti_e029365aa96f1ddeac909832
T3_CLAIM,250,sfti_fd626d3997bffcf9e67397be
T3_CLAIM,250,sfti_5f77b5c730cc02764ff0a799
T3_CLAIM,250,sfti_710bda877138193b02b06fa6
T3_CLAIM,250,sfti_4a0aec6933c4242e22fc1835
T3_CLAIM,250,sfti_6190b85da2b2d4ec20e24c58
T3_CLAIM,250,sfti_81d202e9e8d8989fad4eea61
T3_CLAIM,250,sfti_72d1f478b670b0d3369cca3f
T3_CLAIM,250,sfti_69f1782edde88807eb36050f
T3_CLAIM,250,sfti_29f56839e832931fad3112bb
T3_CLAIM,250,sfti_c4372ebaf9776ad43c44fc32
T3_CLAIM,250,sfti_05d18068a222a964b89fe753
T3_CLAIM,250,sfti_7ca8c095630a240088b1e3c7
T3_CLAIM,250,sfti_937bdcd18d0c4b066dc64fb9
T3_CLAIM,250,sfti_36ec803d4dcc6fbbb07f305c
T3_CLAIM,250,sfti_9f2e4c25a27964c4b600337a
T3_CLAIM,250,sfti_8d04bdb52e20d7a18f1da453
T3_CLAIM,250,sfti_8962ea2af4b16f1d7dca41f2
T3_CLAIM,250,sfti_015b5b3634075b2662ad5d0e
T3_CLAIM,250,sfti_f754a872c4fb68c690b204f7
T3_CLAIM,250,sfti_3925af69bea80b69be144980
T3_CLAIM,250,sfti_a2d417fe146f9e2feeb5e676
T3_CLAIM,250,sfti_211129c98ba853dbf5cbd0d4
T3_CLAIM,250,sfti_4c52ffeec2c3ecc9e75cf60b
T3_CLAIM,250,sfti_5aa2099fb2c1c031145b112a
T3_CLAIM,250,sfti_568c923d0d00b4b1c5fe7536
T3_CLAIM,250,sfti_407c3a9ffac253896ce21527
T3_CLAIM,250,sfti_8443fb87988b4d331001b3d2
T3_CLAIM,250,sfti_47a8ebbcbf3c321a5dad59f8
T3_CLAIM,250,sfti_782d83ac8672481d975caf12
T3_CLAIM,250,sfti_6ab09d6c229b34b46c59bd8e
T3_CLAIM,250,sfti_69f5d3ce07a7da17eb8688f3
T3_CLAIM,250,sfti_9e55b3a764731261ac061ac4
T3_CLAIM,250,sfti_689eb8381e9af2eb41fac3ab
T3_CLAIM,250,sfti_a4a28ba0f0ee699532fe02a9
T3_CLAIM,250,sfti_97d5ad376c0e2c40ff51ccaa
T3_CLAIM,250,sfti_d390e60690049ecf59875b28
T3_CLAIM,250,sfti_df9e4bf5f44c17d3b7a8ed18
T3_CLAIM,250,sfti_56a7ddd79f85f4e25014da27
T3_CLAIM,250,sfti_bb7aa94353603c42cff5dd03
T3_CLAIM,250,sfti_89b0209541cee9c8202540d4
T3_CLAIM,250,sfti_0a07cd80433686119133037b
T3_CLAIM,250,sfti_4033555591def617abb11249
T3_CLAIM,250,sfti_b7a81c7816c04844f15eebbe
T3_CLAIM,250,sfti_d89e51fd4c7f6f5058be6713
T3_CLAIM,250,sfti_8e272573813d6f68615065ec
T3_CLAIM,250,sfti_dd7d17bf7ca779b74b1396eb
T3_CLAIM,250,sfti_33586a473c38aebd535d57f5
T3_CLAIM,250,sfti_ddf5c9b3f813e7db36467585
T3_CLAIM,250,sfti_db672f076dcfcd0d3122493d
T3_CLAIM,250,sfti_f71ca15dd8571277ab6b892d
T3_CLAIM,250,sfti_1143a970aed5d80c7b3b310f
T3_CLAIM,250,sfti_cf1b1063803d5d0306b6f04e
T3_CLAIM,250,sfti_3ec8683fe8ee449e098073d6
T3_CLAIM,250,sfti_8fe460efd7ff706fb0d42133
T3_CLAIM,250,sfti_9093fa43494054048aa58c2b
T3_CLAIM,250,sfti_f5833ad71955639a53d6883a
T3_CLAIM,250,sfti_394a23a0ef23587b1339c9ab
T3_CLAIM,250,sfti_a86f316c5f1b4f20ef95ab3c
T3_CLAIM,250,sfti_599767a2c68425bd372257b7
T3_CLAIM,250,sfti_4cc041008ab1f19d48495ac6
T3_CLAIM,250,sfti_7184bfafeaaea3465c609fcd
T3_CLAIM,250,sfti_50bddaca6cd050c2b7928c6f
T3_CLAIM,250,sfti_3d82d30bf797958d944284fc
T3_CLAIM,250,sfti_0086cbb3d56d5f7635531074
T3_CLAIM,250,sfti_00fc21739280ee8314b4027f
T3_CLAIM,250,sfti_c68b5c3e3c4c2a471680541c
T3_CLAIM,250,sfti_0567f2a568ec0908d4aec74c
T3_CLAIM,250,sfti_ab2f153cdeb760c660cc919d
T3_CLAIM,250,sfti_b57abeb2c1068d80c84be989
T3_CLAIM,250,sfti_d4d3054a44ae7ab7a46a7598
T3_CLAIM,250,sfti_d393cdd3a9536bc7a587a1ee
T3_CLAIM,250,sfti_048e0d19d70c52d2ba690b90
T3_CLAIM,250,sfti_742ed373a1a6689673d0c0cf
T3_CLAIM,250,sfti_103cc16ac51f106d01ab43d9
T3_CLAIM,250,sfti_ff5852985b57587921513ca2
T3_CLAIM,250,sfti_5951f49c264fde42557146aa
T3_CLAIM,250,sfti_3330f45514d23ecb8e5fedfd
T3_CLAIM,250,sfti_b6d15f026e5cb9c5ce959c23
T3_CLAIM,250,sfti_f7a60d9e3f6bba4b94cec612
T3_CLAIM,250,sfti_78477065146884df72a529da
T3_CLAIM,250,sfti_67259a6eaa486ead361c0c79
T3_CLAIM,250,sfti_ce71121d0fe6f24b6042a001
T3_CLAIM,500,sfti_8f590cd71afaaa1006d872f1
T3_CLAIM,500,sfti_dea35a3d72ebe82b7219546e
T3_CLAIM,500,sfti_5d06a6660c12610467543a06
T3_CLAIM,500,sfti_4d0e2243d8d5753787df8d9e
T3_CLAIM,500,sfti_653e8644f56f90677e1b7e89
T3_CLAIM,500,sfti_6a18078d57bcfa2573193034
T3_CLAIM,500,sfti_7bf2a2e12321fbd4a685675e
T3_CLAIM,500,sfti_7edc44edcb5862a8957b42d7
T3_CLAIM,500,sfti_a63a56d3f63c562ea4c3a7eb
T3_CLAIM,500,sfti_e5fac853998282886183c1f3
T3_CLAIM,500,sfti_f3493b743f64f39fdefe6c29
T3_CLAIM,500,sfti_361ceb4376f62c46b7a0331e
T3_CLAIM,500,sfti_d425c8c71f496dd0f43e4ab5
T3_CLAIM,500,sfti_4327dcf27d9b4fb5c42d05ef
T3_CLAIM,500,sfti_e16a08cfa81de97a3f5cc323
T3_CLAIM,500,sfti_d7e4a1140b33527135d907fb
T3_CLAIM,500,sfti_b794108ba4cc4d08a4ea7ce7
T3_CLAIM,500,sfti_d779ffe3d6cc25e455de9276
T3_CLAIM,500,sfti_d81fc98633aa98f912835676
T3_CLAIM,500,sfti_506b1e6115c036bb63bbfc60
T3_CLAIM,500,sfti_8bf0675c7e2d2546bd59ed4f
T3_CLAIM,500,sfti_b9bdba2b6abbcc9614506608
T3_CLAIM,500,sfti_5ffa196f7e037276cda29e7f
T3_CLAIM,500,sfti_1dccd78f393e7f5dc69620de
T3_CLAIM,500,sfti_9d7cda994e4dcd9a190e7a6d
T3_CLAIM,500,sfti_a3c957c4317ff550e3349f06
T3_CLAIM,500,sfti_72a40a4db6e41cc69eacab49
T3_CLAIM,500,sfti_19a6154bb3e048d7dd5afdd5
T3_CLAIM,500,sfti_fd25ac69dee8d7ac37ff1774
T3_CLAIM,500,sfti_573697beb30440d710716d43
T3_CLAIM,500,sfti_a144fc51b80799f4c4087782
T3_CLAIM,500,sfti_18f77d836a8b940a5054a913
T3_CLAIM,500,sfti_60ee878413ba0e0e46c1ca3a
T3_CLAIM,500,sfti_b683dd564b2d891d55b413f6
T3_CLAIM,500,sfti_252792a66831e525596519f6
T3_CLAIM,500,sfti_e5b1a94882d3e5f061be3ef2
T3_CLAIM,500,sfti_11b316ee7f53b76ee5b0662a
T3_CLAIM,500,sfti_d71ad51c237451b5ccf06607
T3_CLAIM,500,sfti_102181250af19314c9f1ce3a
T3_CLAIM,500,sfti_d0440956d363e5022e52f418
T3_CLAIM,500,sfti_2f149407aca6a9a3c0b76d52
T3_CLAIM,500,sfti_6468301807b434dc45ce4e8e
T3_CLAIM,500,sfti_d10181219ab2b7ac1c3ec586
T3_CLAIM,500,sfti_7823d937255455c6642b9c3a
T3_CLAIM,500,sfti_fc75241b588febb7d5feac6d
T3_CLAIM,500,sfti_00d0a4d8c8030d2e943a4f10
T3_CLAIM,500,sfti_9a08ebbb67eac0795e9f71f2
T3_CLAIM,500,sfti_28fa5e3600557e06bcd9c18b
T3_CLAIM,500,sfti_80554039da1090275162e46d
T3_CLAIM,500,sfti_7154db7bf38aeac020c0a6a2
T3_CLAIM,500,sfti_af74f322a1332a79c23742c4
T3_CLAIM,500,sfti_589a6f6dc4d12b124ed7c616
T3_CLAIM,500,sfti_e9d6ba8c235f44c03a1ab5b1
T3_CLAIM,500,sfti_e9db475e8a08ea1a720bf8e2
T3_CLAIM,500,sfti_5e4419d73c3e9b2248f3f72c
T3_CLAIM,500,sfti_b6e8640609dd89dc92ffa512
T3_CLAIM,500,sfti_fe0981192ee634c260b8d6fb
T3_CLAIM,500,sfti_48fd95028ab8cd00a92f3eeb
T3_CLAIM,500,sfti_4dc7b81786d7432ecc149769
T3_CLAIM,500,sfti_64ad41c5efb77007bd1c9354
T3_CLAIM,500,sfti_7fd92293793f586f321193c9
T3_CLAIM,500,sfti_bc23c6d454b91fd24abfd336
T3_CLAIM,500,sfti_f1d2f6b1ea026d680251fce8
T3_CLAIM,500,sfti_9bdb119a7015af972790b0da
T3_CLAIM,500,sfti_4162ccd5a4560b41b60749f8
T3_CLAIM,500,sfti_06ff716f227dd7d1678da69b
T3_CLAIM,500,sfti_2e364086d22fc4a1d310341d
T3_CLAIM,500,sfti_f312c3f0b9000ba2f895b7e9
T3_CLAIM,500,sfti_cc2945739b45d3904ba8b349
T3_CLAIM,500,sfti_71263e9cc48c5416d3883909
T3_CLAIM,500,sfti_c145ccf6497a8ff9b77b735a
T3_CLAIM,500,sfti_b0397524ba1b9dbb7125639f
T3_CLAIM,500,sfti_ed67f81d4c1cf20816874b35
T3_CLAIM,500,sfti_277bed6a904ceed497e00f29
T3_CLAIM,500,sfti_c964e8112fab16f4f83f3b0e
T3_CLAIM,500,sfti_9d542de427e9ea5d886d8ec4
T3_CLAIM,500,sfti_18c773fb7332e45c4e714314
T3_CLAIM,500,sfti_b33a4a5af4bca3c5ac0dc9a4
T3_CLAIM,500,sfti_f6a02e6639610187316ea785
T3_CLAIM,500,sfti_805af5e7cad0fcb7e2a5c9fe
T3_CLAIM,500,sfti_d3222d492f8d07b114d7230d
T3_CLAIM,500,sfti_dc87859ab8e5a1a5351f6186
T3_CLAIM,500,sfti_2e901f1a37ea90ba24adbe8d
T3_CLAIM,500,sfti_51e169768a7c2467c880f352
T3_CLAIM,500,sfti_3d9efc62c3d1e9515a3b0223
T3_CLAIM,500,sfti_59a56da3dfebcdfacc136ddb
T3_CLAIM,500,sfti_d700e52cea260d4f79282e25
T3_CLAIM,500,sfti_808062fca0ead23aeace5d07
T3_CLAIM,500,sfti_5bfe83097421905a4070f7fa
T3_CLAIM,500,sfti_a74f4ed76025d4de49968531
T3_CLAIM,500,sfti_41d3b4782bac99b07d90caf4
T3_CLAIM,500,sfti_1d251ad7d4081a4a093e6026
T3_CLAIM,500,sfti_2312d957467ff1d61a847627
T3_CLAIM,500,sfti_52e154cc3b7ae8f7bf5feeca
T3_CLAIM,500,sfti_3e9d626dd313badc0a4caaa9
T3_CLAIM,500,sfti_3bff2ec9e2bbf92002b72834
T3_CLAIM,500,sfti_250a83b9a1c21004eb4067c2
T3_CLAIM,500,sfti_ebe763473712a4681a2e32d1
T3_CLAIM,500,sfti_3a01cf3833731250cb3c9e3b
T3_CLAIM,500,sfti_32aa2ac6c08ebb57e4ed1dd0
T3_CLAIM,500,sfti_69ea722d0e7f8b70b4ed24c5
T3_CLAIM,500,sfti_3383baec480e2fe40b2b55e7
T3_CLAIM,500,sfti_9970b3f27c6969fa1e151845
T3_CLAIM,500,sfti_16df2ba1ddabfcffd971dce8
T3_CLAIM,500,sfti_2d7194588a5c6e3c44653a6b
T3_CLAIM,500,sfti_544ca1fd2ae3a240ec3f1a71
T3_CLAIM,500,sfti_1761b63ccebbfaea30a03343
T3_CLAIM,500,sfti_91ca1634c956bb04916fd461
T3_CLAIM,500,sfti_a5004a53ec15ae4447e29178
T3_CLAIM,500,sfti_46384757e0b734eee34bc8fb
T3_CLAIM,500,sfti_8b1a71c5ba09dae1ba54f3ae
T3_CLAIM,500,sfti_1c653536ccb2f83a0a2eb86c
T3_CLAIM,500,sfti_a8d99f90b400c9c002416d29
T3_CLAIM,500,sfti_9a118eb26e7fb43e29b4ec5e
T3_CLAIM,500,sfti_beaf5eca5bec773adb0cb892
T3_CLAIM,500,sfti_370036207c917ad5e35619e3
T3_CLAIM,500,sfti_5f6e1ccaadef471ac13583aa
T3_CLAIM,500,sfti_55bd9e6dc26b848ce21874a4
T3_CLAIM,500,sfti_e8cea29045bbbf96e115c7d0
T3_CLAIM,500,sfti_711551acdf50c68f32bf8eee
T3_CLAIM,500,sfti_2d8b2e56c2dcc7282733dc49
T3_CLAIM,500,sfti_c659da0e8aff36db0ea8052a
T3_CLAIM,500,sfti_aba39e4fb5c03983388d254c
T3_CLAIM,500,sfti_6ce7926b6bad6191dd9554bf
T3_CLAIM,500,sfti_1142c7208bdf835cfd70f9f8
T3_CLAIM,500,sfti_dec286003a8dc7d6c9ca25dc
T3_CLAIM,500,sfti_54607d508b17053b794f8950
T3_CLAIM,500,sfti_d8fbce0dc52d9d8c7fd5e5cc
T3_CLAIM,500,sfti_7d910c9af98158df2c601425
T3_CLAIM,500,sfti_bc4ac64049e06b9a0c3c155f
T3_CLAIM,500,sfti_28cc2d89e3883a165e574e22
T3_CLAIM,500,sfti_1d685e38829f8a76b20ab463
T3_CLAIM,500,sfti_849fb8d71afd8f7cef3645b7
T3_CLAIM,500,sfti_174d04e8fffc3874025916f6
T3_CLAIM,500,sfti_c76639c3c348a3a746f6406c
T3_CLAIM,500,sfti_873e01b81fb2e081a887d942
T3_CLAIM,500,sfti_c8855ca2bcdf6b7bfa8fbbab
T3_CLAIM,500,sfti_407df20543f1eb1002458564
T3_CLAIM,500,sfti_35bc598e3ec3f9d5ecf8ea46
T3_CLAIM,500,sfti_7f2ba9f1a92c16ef19ad58bf
T3_CLAIM,500,sfti_f0b88dd7ab667fe1b834a619
T3_CLAIM,500,sfti_a53310398c5fcffed49c149f
T3_CLAIM,500,sfti_9a27ba15204dae5538e51a87
T3_CLAIM,500,sfti_c9bb171408114ae58204f6b5
T3_CLAIM,500,sfti_d46df0c4ac8d454244b34e3f
T3_CLAIM,500,sfti_51460ebc4cbe9cf3775a41e1
T3_CLAIM,500,sfti_f8fcdff235e4b4539620b1b1
T3_CLAIM,500,sfti_206f1c975f2ca9070d911553
T3_CLAIM,500,sfti_dc8599ac6386e864aae1fa28
T3_CLAIM,500,sfti_7da30300723727175b7da04d
T3_CLAIM,500,sfti_693036c42a03cbe78f73393b
T3_CLAIM,500,sfti_097311d9fe5bb44c7e0577e4
T3_CLAIM,500,sfti_a5df662923a337b71c4230d8
T3_CLAIM,500,sfti_677415d2ddbbe7dad10d21a4
T3_CLAIM,500,sfti_9120c149c9d00327ea4dc9dc
T3_CLAIM,500,sfti_0d54ff91be9fd5d35fb294cc
T3_CLAIM,500,sfti_f00ff657d2210f2898f6e010
T3_CLAIM,500,sfti_2afbfc1ecd6da1786973b8bd
T3_CLAIM,500,sfti_563dfc429c7b0a651e524575
T3_CLAIM,500,sfti_98fe31222cf402b9c7d95d5f
T3_CLAIM,500,sfti_392b6aeeb618b8598c085c9a
T3_CLAIM,500,sfti_66b9054f370cad8917c4e31b
T3_CLAIM,500,sfti_eaf8c5b1e6cb3b918f2250c7
T3_CLAIM,500,sfti_c563152a9cb301ce75a3f19a
T3_CLAIM,500,sfti_5c0942bcf97fa23ebc6c87a3
T3_CLAIM,500,sfti_bc31f41d9bdc7b0406361554
T3_CLAIM,500,sfti_76d1bdd03c500ce805d74c14
T3_CLAIM,500,sfti_e029365aa96f1ddeac909832
T3_CLAIM,500,sfti_fd626d3997bffcf9e67397be
T3_CLAIM,500,sfti_5f77b5c730cc02764ff0a799
T3_CLAIM,500,sfti_710bda877138193b02b06fa6
T3_CLAIM,500,sfti_4a0aec6933c4242e22fc1835
T3_CLAIM,500,sfti_6190b85da2b2d4ec20e24c58
T3_CLAIM,500,sfti_81d202e9e8d8989fad4eea61
T3_CLAIM,500,sfti_72d1f478b670b0d3369cca3f
T3_CLAIM,500,sfti_69f1782edde88807eb36050f
T3_CLAIM,500,sfti_29f56839e832931fad3112bb
T3_CLAIM,500,sfti_c4372ebaf9776ad43c44fc32
T3_CLAIM,500,sfti_05d18068a222a964b89fe753
T3_CLAIM,500,sfti_7ca8c095630a240088b1e3c7
T3_CLAIM,500,sfti_937bdcd18d0c4b066dc64fb9
T3_CLAIM,500,sfti_36ec803d4dcc6fbbb07f305c
T3_CLAIM,500,sfti_9f2e4c25a27964c4b600337a
T3_CLAIM,500,sfti_8d04bdb52e20d7a18f1da453
T3_CLAIM,500,sfti_8962ea2af4b16f1d7dca41f2
T3_CLAIM,500,sfti_015b5b3634075b2662ad5d0e
T3_CLAIM,500,sfti_f754a872c4fb68c690b204f7
T3_CLAIM,500,sfti_3925af69bea80b69be144980
T3_CLAIM,500,sfti_a2d417fe146f9e2feeb5e676
T3_CLAIM,500,sfti_211129c98ba853dbf5cbd0d4
T3_CLAIM,500,sfti_4c52ffeec2c3ecc9e75cf60b
T3_CLAIM,500,sfti_5aa2099fb2c1c031145b112a
T3_CLAIM,500,sfti_568c923d0d00b4b1c5fe7536
T3_CLAIM,500,sfti_407c3a9ffac253896ce21527
T3_CLAIM,500,sfti_8443fb87988b4d331001b3d2
T3_CLAIM,500,sfti_47a8ebbcbf3c321a5dad59f8
T3_CLAIM,500,sfti_782d83ac8672481d975caf12
T3_CLAIM,500,sfti_6ab09d6c229b34b46c59bd8e
T3_CLAIM,500,sfti_69f5d3ce07a7da17eb8688f3
T3_CLAIM,500,sfti_9e55b3a764731261ac061ac4
T3_CLAIM,500,sfti_689eb8381e9af2eb41fac3ab
T3_CLAIM,500,sfti_a4a28ba0f0ee699532fe02a9
T3_CLAIM,500,sfti_97d5ad376c0e2c40ff51ccaa
T3_CLAIM,500,sfti_d390e60690049ecf59875b28
T3_CLAIM,500,sfti_df9e4bf5f44c17d3b7a8ed18
T3_CLAIM,500,sfti_56a7ddd79f85f4e25014da27
T3_CLAIM,500,sfti_bb7aa94353603c42cff5dd03
T3_CLAIM,500,sfti_89b0209541cee9c8202540d4
T3_CLAIM,500,sfti_0a07cd80433686119133037b
T3_CLAIM,500,sfti_4033555591def617abb11249
T3_CLAIM,500,sfti_b7a81c7816c04844f15eebbe
T3_CLAIM,500,sfti_d89e51fd4c7f6f5058be6713
T3_CLAIM,500,sfti_8e272573813d6f68615065ec
T3_CLAIM,500,sfti_dd7d17bf7ca779b74b1396eb
T3_CLAIM,500,sfti_33586a473c38aebd535d57f5
T3_CLAIM,500,sfti_ddf5c9b3f813e7db36467585
T3_CLAIM,500,sfti_db672f076dcfcd0d3122493d
T3_CLAIM,500,sfti_f71ca15dd8571277ab6b892d
T3_CLAIM,500,sfti_1143a970aed5d80c7b3b310f
T3_CLAIM,500,sfti_cf1b1063803d5d0306b6f04e
T3_CLAIM,500,sfti_3ec8683fe8ee449e098073d6
T3_CLAIM,500,sfti_8fe460efd7ff706fb0d42133
T3_CLAIM,500,sfti_9093fa43494054048aa58c2b
T3_CLAIM,500,sfti_f5833ad71955639a53d6883a
T3_CLAIM,500,sfti_394a23a0ef23587b1339c9ab
T3_CLAIM,500,sfti_a86f316c5f1b4f20ef95ab3c
T3_CLAIM,500,sfti_599767a2c68425bd372257b7
T3_CLAIM,500,sfti_4cc041008ab1f19d48495ac6
T3_CLAIM,500,sfti_7184bfafeaaea3465c609fcd
T3_CLAIM,500,sfti_50bddaca6cd050c2b7928c6f
T3_CLAIM,500,sfti_3d82d30bf797958d944284fc
T3_CLAIM,500,sfti_0086cbb3d56d5f7635531074
T3_CLAIM,500,sfti_00fc21739280ee8314b4027f
T3_CLAIM,500,sfti_c68b5c3e3c4c2a471680541c
T3_CLAIM,500,sfti_0567f2a568ec0908d4aec74c
T3_CLAIM,500,sfti_ab2f153cdeb760c660cc919d
T3_CLAIM,500,sfti_b57abeb2c1068d80c84be989
T3_CLAIM,500,sfti_d4d3054a44ae7ab7a46a7598
T3_CLAIM,500,sfti_d393cdd3a9536bc7a587a1ee
T3_CLAIM,500,sfti_048e0d19d70c52d2ba690b90
T3_CLAIM,500,sfti_742ed373a1a6689673d0c0cf
T3_CLAIM,500,sfti_103cc16ac51f106d01ab43d9
T3_CLAIM,500,sfti_ff5852985b57587921513ca2
T3_CLAIM,500,sfti_5951f49c264fde42557146aa
T3_CLAIM,500,sfti_3330f45514d23ecb8e5fedfd
T3_CLAIM,500,sfti_b6d15f026e5cb9c5ce959c23
T3_CLAIM,500,sfti_f7a60d9e3f6bba4b94cec612
T3_CLAIM,500,sfti_78477065146884df72a529da
T3_CLAIM,500,sfti_67259a6eaa486ead361c0c79
T3_CLAIM,500,sfti_ce71121d0fe6f24b6042a001
T3_CLAIM,500,sfti_7661a6fda10abe1407af02e4
T3_CLAIM,500,sfti_abbf531b34789496f585acac
T3_CLAIM,500,sfti_c75b88b5b5469f09b545c7f5
T3_CLAIM,500,sfti_a49bfefe23dbf83c649293d1
T3_CLAIM,500,sfti_746b67b8489bdcd4ad160976
T3_CLAIM,500,sfti_a13e0640110813f56758efeb
T3_CLAIM,500,sfti_4d5a82bdf193e6fe7208985a
T3_CLAIM,500,sfti_f1e89ff6876ebca6baf80268
T3_CLAIM,500,sfti_a9339a431dd381c158cfd857
T3_CLAIM,500,sfti_6d96b00865a242930b253d53
T3_CLAIM,500,sfti_76013df83f140ca631bcc0c8
T3_CLAIM,500,sfti_6b5ead4a9b8946c3676e8b44
T3_CLAIM,500,sfti_826fac8aff5391acaafb43d4
T3_CLAIM,500,sfti_c91ba79ec4e4ba6b84afe480
T3_CLAIM,500,sfti_854a623ab65b650e368bf7f7
T3_CLAIM,500,sfti_85dc0acf102155e5e30b07dd
T3_CLAIM,500,sfti_98ff35e17a75f68f2136d8ef
T3_CLAIM,500,sfti_1b818b4e882e071208b1909c
T3_CLAIM,500,sfti_e89bfc3debbffda80467a9bc
T3_CLAIM,500,sfti_c0921b8d6fbec362da2c28ce
T3_CLAIM,500,sfti_feb3febc005397ebd8701c66
T3_CLAIM,500,sfti_b5f6d40886b1c2956bc9bd63
T3_CLAIM,500,sfti_676285b94d090b5b0afefbd6
T3_CLAIM,500,sfti_16d797a00e8c41d1a7edfa93
T3_CLAIM,500,sfti_c97649de2b7cf30a995797d7
T3_CLAIM,500,sfti_d04779c48beac01ad7fbb776
T3_CLAIM,500,sfti_0d81364d0a5d115d6e662567
T3_CLAIM,500,sfti_58bdeb9985f5d6c33269ff47
T3_CLAIM,500,sfti_a6568c2e9d4c22d5404d1da1
T3_CLAIM,500,sfti_48e5f452f67b8bb99f43cd64
T3_CLAIM,500,sfti_e5533dff885cc6ed7cf1febb
T3_CLAIM,500,sfti_253519e0205f7c75e6388cef
T3_CLAIM,500,sfti_352d0c10d82be1c715ad094c
T3_CLAIM,500,sfti_51a363e500191f2d74a6cb17
T3_CLAIM,500,sfti_76c1b63c4b26c371e3e65166
T3_CLAIM,500,sfti_21cbeee499e779ae1d12dc66
T3_CLAIM,500,sfti_8bb442f0967d82932869ba9d
T3_CLAIM,500,sfti_7ca3bf73d6bb3b45aa0de3d6
T3_CLAIM,500,sfti_b7703a0b0bcd73fd2c18b744
T3_CLAIM,500,sfti_8a6e704cd0946cab51873b0e
T3_CLAIM,500,sfti_c474d6212f374c5255ca3def
T3_CLAIM,500,sfti_0fa45de5e93313bb53f13cbe
T3_CLAIM,500,sfti_8fcad480d24ccb4294db267a
T3_CLAIM,500,sfti_6c4452dc5d2bb96abce35225
T3_CLAIM,500,sfti_b998d223ca526e8ca18b1d46
T3_CLAIM,500,sfti_68adcfdd9bc6b50e39af0919
T3_CLAIM,500,sfti_58a126c09a8bc75acbfcd48c
T3_CLAIM,500,sfti_d3cf16cae0f7d7cd448dfe1a
T3_CLAIM,500,sfti_9b3ebc549e2b568bbd9ce951
T3_CLAIM,500,sfti_f2d65a563a08a8d90a083776
T3_CLAIM,500,sfti_1eab5da09b60a8fafe7f06ef
T3_CLAIM,500,sfti_921279cd404e36ea5dd4efdb
T3_CLAIM,500,sfti_f644dd1bd53ab44012d4d522
T3_CLAIM,500,sfti_29754810694e94dea1a96f0e
T3_CLAIM,500,sfti_e566377dc64e24d3de0e40c2
T3_CLAIM,500,sfti_5174692ac2a7ed8d31c45bba
T3_CLAIM,500,sfti_f59092276848737fbe3c40f1
T3_CLAIM,500,sfti_7d7f6d62d65655414fff2d47
T3_CLAIM,500,sfti_8c2bb73e8167622e3d81d009
T3_CLAIM,500,sfti_52425a7ec08ac4bb5d68982b
T3_CLAIM,500,sfti_e86b7555525eded692b81e09
T3_CLAIM,500,sfti_c37c30b499150ac37a178df4
T3_CLAIM,500,sfti_35c2991c4af4c71cd298db4a
T3_CLAIM,500,sfti_f39d6dbae3c4027c04e87965
T3_CLAIM,500,sfti_9508f9a5a8fa77d0e3a3e004
T3_CLAIM,500,sfti_06381f012a3f8b3ae4ec1e91
T3_CLAIM,500,sfti_b86e96163c881dcad2334be1
T3_CLAIM,500,sfti_1226184e01eb1b514c90643f
T3_CLAIM,500,sfti_80f04836952c7da5f6dacb79
T3_CLAIM,500,sfti_3ad56148381b301cc95d8934
T3_CLAIM,500,sfti_06f23396e666ced2822714f5
T3_CLAIM,500,sfti_fed3c3704105bfd332e43515
T3_CLAIM,500,sfti_a11ee1d8384d2b4717662cb3
T3_CLAIM,500,sfti_6d2b9f762a8331b6763b4ce0
T3_CLAIM,500,sfti_1c264029c1b53aa4c7392bba
T3_CLAIM,500,sfti_7d925aa5141703181a7b2baa
T3_CLAIM,500,sfti_ca13b5102d0156395f180a4c
T3_CLAIM,500,sfti_f683a5ed750ddce76ea7a51f
T3_CLAIM,500,sfti_1aa5b4a37790d1318e4bd051
T3_CLAIM,500,sfti_974153b45b951334bada6f8f
T3_CLAIM,500,sfti_4f49f39c6b6f98899446af52
T3_CLAIM,500,sfti_fd8911c0295437452c6f24c4
T3_CLAIM,500,sfti_d86f39579947cb53d2137f1d
T3_CLAIM,500,sfti_d5bd4b5242b0f5a96f4f58b1
T3_CLAIM,500,sfti_3feec6c931df6cb2381f1e2d
T3_CLAIM,500,sfti_d6118b0565c9c3e0eaef3b9f
T3_CLAIM,500,sfti_eb04bec9621ab1e6b0f6b864
T3_CLAIM,500,sfti_8802c6e18146d0402161a15f
T3_CLAIM,500,sfti_756c34c18c727a434a22c3c0
T3_CLAIM,500,sfti_08575a1c56fb94798f85ad8e
T3_CLAIM,500,sfti_da542216467f5bc6e65d6994
T3_CLAIM,500,sfti_8565f434aaf15de34fb3b4a2
T3_CLAIM,500,sfti_e965b3e4997bfd608e77770a
T3_CLAIM,500,sfti_f3eae09c8bfba5b74995131d
T3_CLAIM,500,sfti_d2a001b3586c96a999c79f25
T3_CLAIM,500,sfti_96510c8d4bae94f126c59852
T3_CLAIM,500,sfti_b7509125dac49c0ccf17c8bf
T3_CLAIM,500,sfti_9897cf60f8f7cf022f4beaec
T3_CLAIM,500,sfti_f00823ae74c34df8402e4a85
T3_CLAIM,500,sfti_7bb4e22dfd8c7d47f911a777
T3_CLAIM,500,sfti_a3d2cc2ef277bcc8c3739982
T3_CLAIM,500,sfti_d535c45cf17830aaa1d3920d
T3_CLAIM,500,sfti_41e83165f294091d601d55a4
T3_CLAIM,500,sfti_dc948cc07052775ae132a862
T3_CLAIM,500,sfti_8e4173f5a259bdd39f9c7fac
T3_CLAIM,500,sfti_d30db024552882ae626992e7
T3_CLAIM,500,sfti_3a3efc834cf5f4f5cdae8030
T3_CLAIM,500,sfti_38dba37e89dfd72121c1d554
T3_CLAIM,500,sfti_a90e3dea5eb35d851a3e0502
T3_CLAIM,500,sfti_7bcdecb6ade38084e3879752
T3_CLAIM,500,sfti_95e5a380ac1ad3d63571ad8e
T3_CLAIM,500,sfti_b43a1057a1232efcff7ee368
T3_CLAIM,500,sfti_82f2964c2b49112f73fcf07d
T3_CLAIM,500,sfti_56986b95c95d01dbaf656711
T3_CLAIM,500,sfti_3233b7a71921157db6ff73c6
T3_CLAIM,500,sfti_92ecbb83fb3e6279ac9a1152
T3_CLAIM,500,sfti_e59e530cdcd0d76d6a4a2b21
T3_CLAIM,500,sfti_fe6494651b839f9341602c6d
T3_CLAIM,500,sfti_c9c55b8087f42d9498642173
T3_CLAIM,500,sfti_f2b22526da359906ca278ccd
T3_CLAIM,500,sfti_efcb5485a4a69c419feb961c
T3_CLAIM,500,sfti_7fc0a2bb3913a012baabddea
T3_CLAIM,500,sfti_6ee51e1300ac1375bca5304e
T3_CLAIM,500,sfti_f447173981719c0142d80458
T3_CLAIM,500,sfti_415cdf95144b52e6288cd216
T3_CLAIM,500,sfti_3623270418a5929c967f502d
T3_CLAIM,500,sfti_deb806f3d84a38644dc205c1
T3_CLAIM,500,sfti_60dab96828e6c6d8599aecd6
T3_CLAIM,500,sfti_320e153399ad35ed95bf7490
T3_CLAIM,500,sfti_189052589f7e93d1693e46f9
T3_CLAIM,500,sfti_65f2855cc99d54c1a7f45f39
T3_CLAIM,500,sfti_991a182bbbe13313f412456b
T3_CLAIM,500,sfti_830954ea8c3f58381cbb65f8
T3_CLAIM,500,sfti_2835692bbb56ee79b1003cc0
T3_CLAIM,500,sfti_bfc9b644446eb4d82a28d7f3
T3_CLAIM,500,sfti_0e5c7965f52c7b17a3a691d4
T3_CLAIM,500,sfti_a5057b823b71eed0c81414be
T3_CLAIM,500,sfti_4ee237a6173888232bb33652
T3_CLAIM,500,sfti_6cc9ce509c1f9cfa2bc42c3c
T3_CLAIM,500,sfti_c781db79daf00d86ebe3e8e9
T3_CLAIM,500,sfti_c5e6af5c0cb3005dfe6a0427
T3_CLAIM,500,sfti_7bb20b53fa26af2b5598685b
T3_CLAIM,500,sfti_25b085a7eb1c2f13532a15ec
T3_CLAIM,500,sfti_76a117d32379a4ec170498bd
T3_CLAIM,500,sfti_3e544fcff57fe0de1113f6a0
T3_CLAIM,500,sfti_dd35a6767d6ec19d981f0bb0
T3_CLAIM,500,sfti_46c375378983c51d97e0daaf
T3_CLAIM,500,sfti_5bb679e84dee374b1e3e2af5
T3_CLAIM,500,sfti_c408d505ddf380e4ca9242dc
T3_CLAIM,500,sfti_c88f7b61a8d700d155d9f038
T3_CLAIM,500,sfti_583d507b87da20e33fc2fdbc
T3_CLAIM,500,sfti_047176f2cf5f1aca41195441
T3_CLAIM,500,sfti_101c21543210c89882a9e0f7
T3_CLAIM,500,sfti_935bacbd1aa81a6d89aa52d3
T3_CLAIM,500,sfti_9c827e70fdc1550817a5ca19
T3_CLAIM,500,sfti_2e926e0cc19ee58bbc7652bd
T3_CLAIM,500,sfti_21e9bf74ce41b082c4cd4888
T3_CLAIM,500,sfti_a3f22542a39a03ba162e0650
T3_CLAIM,500,sfti_99e813a22d0db125d2207d2f
T3_CLAIM,500,sfti_392da177cc8515072811dd35
T3_CLAIM,500,sfti_f6422f65711acba9c7e3aa80
T3_CLAIM,500,sfti_5b42d0df0439bbe87f5bf37f
T3_CLAIM,500,sfti_8d28fee110245ea9b5f3a7a0
T3_CLAIM,500,sfti_dc65d1052a7e32c3e0b0645a
T3_CLAIM,500,sfti_3b71f3a18a294a56e82f4af2
T3_CLAIM,500,sfti_14646c2c9f828e86721e3d91
T3_CLAIM,500,sfti_78d4f9a8c86534dbce3fbc6e
T3_CLAIM,500,sfti_4d1937f0bc0dce3047bb3a12
T3_CLAIM,500,sfti_7cbb718e34b7ac2c7b59aa88
T3_CLAIM,500,sfti_7aedb98826ca0b7cb410eabd
T3_CLAIM,500,sfti_a34a7685b7dfd1e8cdd745f5
T3_CLAIM,500,sfti_ba7b8aecb7e1d57ddfdb2567
T3_CLAIM,500,sfti_16885870a0524f0872754510
T3_CLAIM,500,sfti_fb5b4a2f3415a2455cec7494
T3_CLAIM,500,sfti_4b17afad17a9e9cefd452937
T3_CLAIM,500,sfti_9ee2b82a5ac031936117b5d4
T3_CLAIM,500,sfti_07154284067409fd4f7f8df8
T3_CLAIM,500,sfti_a6a591d6f09753e45b9e2ff3
T3_CLAIM,500,sfti_76e02d10865f2a9467f6f032
T3_CLAIM,500,sfti_854190bb087524eee32a58a8
T3_CLAIM,500,sfti_50da9bfe62214748cfd9b45e
T3_CLAIM,500,sfti_05db82efa30d4f1f83f494a9
T3_CLAIM,500,sfti_4832beda6f35205b8956d4ef
T3_CLAIM,500,sfti_a906a2dcb78149363ffba18d
T3_CLAIM,500,sfti_2bf487e1378a6c5e6a9faaf3
T3_CLAIM,500,sfti_12e8f575ed94c6ba9eee72ec
T3_CLAIM,500,sfti_188c0895d3788df0d9149afb
T3_CLAIM,500,sfti_1a8f0e7675fb1a40214fbf37
T3_CLAIM,500,sfti_8a1a792b985ba1be3642a90c
T3_CLAIM,500,sfti_7a7229ea6c054ac432a90ea0
T3_CLAIM,500,sfti_5c5f73985c91892bd427f02d
T3_CLAIM,500,sfti_6b388c2fc3b341e10903829e
T3_CLAIM,500,sfti_eb511fbb68a8138ae33cc8aa
T3_CLAIM,500,sfti_14cdbbe9b32879584cbc0caa
T3_CLAIM,500,sfti_209f93b697031c5a8589d0a1
T3_CLAIM,500,sfti_919596a3d6c92549c9dddfc3
T3_CLAIM,500,sfti_fdb06b9abdb837d7bed83043
T3_CLAIM,500,sfti_f74624b6dbcd0ea5349578bb
T3_CLAIM,500,sfti_fddf05f2ed6406903fa4b26e
T3_CLAIM,500,sfti_c972d8bcd00a93e83a351f67
T3_CLAIM,500,sfti_ac32fcb6e98efa60243b662a
T3_CLAIM,500,sfti_fe10d32bf5f3c5c9444b99c1
T3_CLAIM,500,sfti_40c0d4e24619ad11211c5b0b
T3_CLAIM,500,sfti_5ca8d5b07c6a8c44b1085ff1
T3_CLAIM,500,sfti_8a1035c33923e34243c462c4
T3_CLAIM,500,sfti_5a5ec97ecf889aeee225f8a9
T3_CLAIM,500,sfti_30ae4cbbc5b7841ae29e7314
T3_CLAIM,500,sfti_d398ce2a81c83ebb293a8e0e
T3_CLAIM,500,sfti_1323b4528371a9ee7e8af794
T3_CLAIM,500,sfti_70ad938896026c42369000ff
T3_CLAIM,500,sfti_13adb9dd0cad86986c5fb464
T3_CLAIM,500,sfti_8f6bc005b1f487ee8b75230d
T3_CLAIM,500,sfti_b17ab8f1b2837646313274da
T3_CLAIM,500,sfti_10e3ce6b5557e81132734e06
T3_CLAIM,500,sfti_f9ef723a19e8eb06c3e9228d
T3_CLAIM,500,sfti_898c5e3a224ce4992830fac0
T3_CLAIM,500,sfti_40a3b09417d51e26e7388f9d
T3_CLAIM,500,sfti_ed2cdc2c95a13184b16941cd
T3_CLAIM,500,sfti_0928582ade6c9df4ed3b3086
T3_CLAIM,500,sfti_7f22d6eec82e8b30dea0943c
T3_CLAIM,500,sfti_4a938ad8ec7cfdae2f8156f6
T3_CLAIM,500,sfti_85760013f27aa8af380eaa30
T3_CLAIM,500,sfti_bac006ed7fee0dacc910c525
T3_CLAIM,500,sfti_1f83f0b72626a185dba24984
T3_CLAIM,500,sfti_a63fc078a7bddc579b870392
T3_CLAIM,500,sfti_99179773d83b126da5b97be2
T3_CLAIM,500,sfti_d24145d53e4e824b9550ac9a
T3_CLAIM,500,sfti_7c23529019605fddc2dcbd54
T3_CLAIM,500,sfti_e47c8324982c9faa97f563c8
T3_CLAIM,500,sfti_fbc0ea03c12f56d0078c006a
T3_CLAIM,500,sfti_d8ab29124d6153c024e22b48
T3_CLAIM,500,sfti_4b070d3262d22bc171765ced
T3_CLAIM,500,sfti_a598dcf5244cc454c77bc068
T3_CLAIM,500,sfti_f3f023a14d4d6feed8b04c24
T3_CLAIM,500,sfti_6a3d09a7766afc20ac680aec
T3_CLAIM,500,sfti_4490e49236af574dd800dddc
T3_CLAIM,500,sfti_2ffd0418b6292e829f6615fc
T3_CLAIM,500,sfti_da6ecd83b51db3f187c64224
T3_CLAIM,500,sfti_fc356ed4ee5d7a765c532b90
T3_CLAIM,500,sfti_b15601a6b0757b30c8a52667
T3_CLAIM,500,sfti_ad67d7f2bad624fcb44997d1
T3_CLAIM,500,sfti_8d4f14a0e24f1793e183ea1f
T3_CLAIM,500,sfti_8d609f1bd03fb3f148399861
T3_CLAIM,500,sfti_1f8280d386e4f8663601e4d2
T3_CLAIM,500,sfti_97584d1137791c29b15de683
T3_CLAIM,500,sfti_fe7ae01e0f2bdb03028d32d9
T3_CLAIM,500,sfti_ab380bb93db338229e53ee79
T3_CLAIM,500,sfti_faff4d9f230226e9da26eea4
T3_CLAIM,500,sfti_fefd1d69d885466b175b73c2
T3_CLAIM,500,sfti_81eb5d53159fa238f1f16d9b
T3_CLAIM,1000,sfti_8f590cd71afaaa1006d872f1
T3_CLAIM,1000,sfti_dea35a3d72ebe82b7219546e
T3_CLAIM,1000,sfti_5d06a6660c12610467543a06
T3_CLAIM,1000,sfti_4d0e2243d8d5753787df8d9e
T3_CLAIM,1000,sfti_653e8644f56f90677e1b7e89
T3_CLAIM,1000,sfti_6a18078d57bcfa2573193034
T3_CLAIM,1000,sfti_7bf2a2e12321fbd4a685675e
T3_CLAIM,1000,sfti_7edc44edcb5862a8957b42d7
T3_CLAIM,1000,sfti_a63a56d3f63c562ea4c3a7eb
T3_CLAIM,1000,sfti_e5fac853998282886183c1f3
T3_CLAIM,1000,sfti_f3493b743f64f39fdefe6c29
T3_CLAIM,1000,sfti_361ceb4376f62c46b7a0331e
T3_CLAIM,1000,sfti_d425c8c71f496dd0f43e4ab5
T3_CLAIM,1000,sfti_4327dcf27d9b4fb5c42d05ef
T3_CLAIM,1000,sfti_e16a08cfa81de97a3f5cc323
T3_CLAIM,1000,sfti_d7e4a1140b33527135d907fb
T3_CLAIM,1000,sfti_b794108ba4cc4d08a4ea7ce7
T3_CLAIM,1000,sfti_d779ffe3d6cc25e455de9276
T3_CLAIM,1000,sfti_d81fc98633aa98f912835676
T3_CLAIM,1000,sfti_506b1e6115c036bb63bbfc60
T3_CLAIM,1000,sfti_8bf0675c7e2d2546bd59ed4f
T3_CLAIM,1000,sfti_b9bdba2b6abbcc9614506608
T3_CLAIM,1000,sfti_5ffa196f7e037276cda29e7f
T3_CLAIM,1000,sfti_1dccd78f393e7f5dc69620de
T3_CLAIM,1000,sfti_9d7cda994e4dcd9a190e7a6d
T3_CLAIM,1000,sfti_a3c957c4317ff550e3349f06
T3_CLAIM,1000,sfti_72a40a4db6e41cc69eacab49
T3_CLAIM,1000,sfti_19a6154bb3e048d7dd5afdd5
T3_CLAIM,1000,sfti_fd25ac69dee8d7ac37ff1774
T3_CLAIM,1000,sfti_573697beb30440d710716d43
T3_CLAIM,1000,sfti_a144fc51b80799f4c4087782
T3_CLAIM,1000,sfti_18f77d836a8b940a5054a913
T3_CLAIM,1000,sfti_60ee878413ba0e0e46c1ca3a
T3_CLAIM,1000,sfti_b683dd564b2d891d55b413f6
T3_CLAIM,1000,sfti_252792a66831e525596519f6
T3_CLAIM,1000,sfti_e5b1a94882d3e5f061be3ef2
T3_CLAIM,1000,sfti_11b316ee7f53b76ee5b0662a
T3_CLAIM,1000,sfti_d71ad51c237451b5ccf06607
T3_CLAIM,1000,sfti_102181250af19314c9f1ce3a
T3_CLAIM,1000,sfti_d0440956d363e5022e52f418
T3_CLAIM,1000,sfti_2f149407aca6a9a3c0b76d52
T3_CLAIM,1000,sfti_6468301807b434dc45ce4e8e
T3_CLAIM,1000,sfti_d10181219ab2b7ac1c3ec586
T3_CLAIM,1000,sfti_7823d937255455c6642b9c3a
T3_CLAIM,1000,sfti_fc75241b588febb7d5feac6d
T3_CLAIM,1000,sfti_00d0a4d8c8030d2e943a4f10
T3_CLAIM,1000,sfti_9a08ebbb67eac0795e9f71f2
T3_CLAIM,1000,sfti_28fa5e3600557e06bcd9c18b
T3_CLAIM,1000,sfti_80554039da1090275162e46d
T3_CLAIM,1000,sfti_7154db7bf38aeac020c0a6a2
T3_CLAIM,1000,sfti_af74f322a1332a79c23742c4
T3_CLAIM,1000,sfti_589a6f6dc4d12b124ed7c616
T3_CLAIM,1000,sfti_e9d6ba8c235f44c03a1ab5b1
T3_CLAIM,1000,sfti_e9db475e8a08ea1a720bf8e2
T3_CLAIM,1000,sfti_5e4419d73c3e9b2248f3f72c
T3_CLAIM,1000,sfti_b6e8640609dd89dc92ffa512
T3_CLAIM,1000,sfti_fe0981192ee634c260b8d6fb
T3_CLAIM,1000,sfti_48fd95028ab8cd00a92f3eeb
T3_CLAIM,1000,sfti_4dc7b81786d7432ecc149769
T3_CLAIM,1000,sfti_64ad41c5efb77007bd1c9354
T3_CLAIM,1000,sfti_7fd92293793f586f321193c9
T3_CLAIM,1000,sfti_bc23c6d454b91fd24abfd336
T3_CLAIM,1000,sfti_f1d2f6b1ea026d680251fce8
T3_CLAIM,1000,sfti_9bdb119a7015af972790b0da
T3_CLAIM,1000,sfti_4162ccd5a4560b41b60749f8
T3_CLAIM,1000,sfti_06ff716f227dd7d1678da69b
T3_CLAIM,1000,sfti_2e364086d22fc4a1d310341d
T3_CLAIM,1000,sfti_f312c3f0b9000ba2f895b7e9
T3_CLAIM,1000,sfti_cc2945739b45d3904ba8b349
T3_CLAIM,1000,sfti_71263e9cc48c5416d3883909
T3_CLAIM,1000,sfti_c145ccf6497a8ff9b77b735a
T3_CLAIM,1000,sfti_b0397524ba1b9dbb7125639f
T3_CLAIM,1000,sfti_ed67f81d4c1cf20816874b35
T3_CLAIM,1000,sfti_277bed6a904ceed497e00f29
T3_CLAIM,1000,sfti_c964e8112fab16f4f83f3b0e
T3_CLAIM,1000,sfti_9d542de427e9ea5d886d8ec4
T3_CLAIM,1000,sfti_18c773fb7332e45c4e714314
T3_CLAIM,1000,sfti_b33a4a5af4bca3c5ac0dc9a4
T3_CLAIM,1000,sfti_f6a02e6639610187316ea785
T3_CLAIM,1000,sfti_805af5e7cad0fcb7e2a5c9fe
T3_CLAIM,1000,sfti_d3222d492f8d07b114d7230d
T3_CLAIM,1000,sfti_dc87859ab8e5a1a5351f6186
T3_CLAIM,1000,sfti_2e901f1a37ea90ba24adbe8d
T3_CLAIM,1000,sfti_51e169768a7c2467c880f352
T3_CLAIM,1000,sfti_3d9efc62c3d1e9515a3b0223
T3_CLAIM,1000,sfti_59a56da3dfebcdfacc136ddb
T3_CLAIM,1000,sfti_d700e52cea260d4f79282e25
T3_CLAIM,1000,sfti_808062fca0ead23aeace5d07
T3_CLAIM,1000,sfti_5bfe83097421905a4070f7fa
T3_CLAIM,1000,sfti_a74f4ed76025d4de49968531
T3_CLAIM,1000,sfti_41d3b4782bac99b07d90caf4
T3_CLAIM,1000,sfti_1d251ad7d4081a4a093e6026
T3_CLAIM,1000,sfti_2312d957467ff1d61a847627
T3_CLAIM,1000,sfti_52e154cc3b7ae8f7bf5feeca
T3_CLAIM,1000,sfti_3e9d626dd313badc0a4caaa9
T3_CLAIM,1000,sfti_3bff2ec9e2bbf92002b72834
T3_CLAIM,1000,sfti_250a83b9a1c21004eb4067c2
T3_CLAIM,1000,sfti_ebe763473712a4681a2e32d1
T3_CLAIM,1000,sfti_3a01cf3833731250cb3c9e3b
T3_CLAIM,1000,sfti_32aa2ac6c08ebb57e4ed1dd0
T3_CLAIM,1000,sfti_69ea722d0e7f8b70b4ed24c5
T3_CLAIM,1000,sfti_3383baec480e2fe40b2b55e7
T3_CLAIM,1000,sfti_9970b3f27c6969fa1e151845
T3_CLAIM,1000,sfti_16df2ba1ddabfcffd971dce8
T3_CLAIM,1000,sfti_2d7194588a5c6e3c44653a6b
T3_CLAIM,1000,sfti_544ca1fd2ae3a240ec3f1a71
T3_CLAIM,1000,sfti_1761b63ccebbfaea30a03343
T3_CLAIM,1000,sfti_91ca1634c956bb04916fd461
T3_CLAIM,1000,sfti_a5004a53ec15ae4447e29178
T3_CLAIM,1000,sfti_46384757e0b734eee34bc8fb
T3_CLAIM,1000,sfti_8b1a71c5ba09dae1ba54f3ae
T3_CLAIM,1000,sfti_1c653536ccb2f83a0a2eb86c
T3_CLAIM,1000,sfti_a8d99f90b400c9c002416d29
T3_CLAIM,1000,sfti_9a118eb26e7fb43e29b4ec5e
T3_CLAIM,1000,sfti_beaf5eca5bec773adb0cb892
T3_CLAIM,1000,sfti_370036207c917ad5e35619e3
T3_CLAIM,1000,sfti_5f6e1ccaadef471ac13583aa
T3_CLAIM,1000,sfti_55bd9e6dc26b848ce21874a4
T3_CLAIM,1000,sfti_e8cea29045bbbf96e115c7d0
T3_CLAIM,1000,sfti_711551acdf50c68f32bf8eee
T3_CLAIM,1000,sfti_2d8b2e56c2dcc7282733dc49
T3_CLAIM,1000,sfti_c659da0e8aff36db0ea8052a
T3_CLAIM,1000,sfti_aba39e4fb5c03983388d254c
T3_CLAIM,1000,sfti_6ce7926b6bad6191dd9554bf
T3_CLAIM,1000,sfti_1142c7208bdf835cfd70f9f8
T3_CLAIM,1000,sfti_dec286003a8dc7d6c9ca25dc
T3_CLAIM,1000,sfti_54607d508b17053b794f8950
T3_CLAIM,1000,sfti_d8fbce0dc52d9d8c7fd5e5cc
T3_CLAIM,1000,sfti_7d910c9af98158df2c601425
T3_CLAIM,1000,sfti_bc4ac64049e06b9a0c3c155f
T3_CLAIM,1000,sfti_28cc2d89e3883a165e574e22
T3_CLAIM,1000,sfti_1d685e38829f8a76b20ab463
T3_CLAIM,1000,sfti_849fb8d71afd8f7cef3645b7
T3_CLAIM,1000,sfti_174d04e8fffc3874025916f6
T3_CLAIM,1000,sfti_c76639c3c348a3a746f6406c
T3_CLAIM,1000,sfti_873e01b81fb2e081a887d942
T3_CLAIM,1000,sfti_c8855ca2bcdf6b7bfa8fbbab
T3_CLAIM,1000,sfti_407df20543f1eb1002458564
T3_CLAIM,1000,sfti_35bc598e3ec3f9d5ecf8ea46
T3_CLAIM,1000,sfti_7f2ba9f1a92c16ef19ad58bf
T3_CLAIM,1000,sfti_f0b88dd7ab667fe1b834a619
T3_CLAIM,1000,sfti_a53310398c5fcffed49c149f
T3_CLAIM,1000,sfti_9a27ba15204dae5538e51a87
T3_CLAIM,1000,sfti_c9bb171408114ae58204f6b5
T3_CLAIM,1000,sfti_d46df0c4ac8d454244b34e3f
T3_CLAIM,1000,sfti_51460ebc4cbe9cf3775a41e1
T3_CLAIM,1000,sfti_f8fcdff235e4b4539620b1b1
T3_CLAIM,1000,sfti_206f1c975f2ca9070d911553
T3_CLAIM,1000,sfti_dc8599ac6386e864aae1fa28
T3_CLAIM,1000,sfti_7da30300723727175b7da04d
T3_CLAIM,1000,sfti_693036c42a03cbe78f73393b
T3_CLAIM,1000,sfti_097311d9fe5bb44c7e0577e4
T3_CLAIM,1000,sfti_a5df662923a337b71c4230d8
T3_CLAIM,1000,sfti_677415d2ddbbe7dad10d21a4
T3_CLAIM,1000,sfti_9120c149c9d00327ea4dc9dc
T3_CLAIM,1000,sfti_0d54ff91be9fd5d35fb294cc
T3_CLAIM,1000,sfti_f00ff657d2210f2898f6e010
T3_CLAIM,1000,sfti_2afbfc1ecd6da1786973b8bd
T3_CLAIM,1000,sfti_563dfc429c7b0a651e524575
T3_CLAIM,1000,sfti_98fe31222cf402b9c7d95d5f
T3_CLAIM,1000,sfti_392b6aeeb618b8598c085c9a
T3_CLAIM,1000,sfti_66b9054f370cad8917c4e31b
T3_CLAIM,1000,sfti_eaf8c5b1e6cb3b918f2250c7
T3_CLAIM,1000,sfti_c563152a9cb301ce75a3f19a
T3_CLAIM,1000,sfti_5c0942bcf97fa23ebc6c87a3
T3_CLAIM,1000,sfti_bc31f41d9bdc7b0406361554
T3_CLAIM,1000,sfti_76d1bdd03c500ce805d74c14
T3_CLAIM,1000,sfti_e029365aa96f1ddeac909832
T3_CLAIM,1000,sfti_fd626d3997bffcf9e67397be
T3_CLAIM,1000,sfti_5f77b5c730cc02764ff0a799
T3_CLAIM,1000,sfti_710bda877138193b02b06fa6
T3_CLAIM,1000,sfti_4a0aec6933c4242e22fc1835
T3_CLAIM,1000,sfti_6190b85da2b2d4ec20e24c58
T3_CLAIM,1000,sfti_81d202e9e8d8989fad4eea61
T3_CLAIM,1000,sfti_72d1f478b670b0d3369cca3f
T3_CLAIM,1000,sfti_69f1782edde88807eb36050f
T3_CLAIM,1000,sfti_29f56839e832931fad3112bb
T3_CLAIM,1000,sfti_c4372ebaf9776ad43c44fc32
T3_CLAIM,1000,sfti_05d18068a222a964b89fe753
T3_CLAIM,1000,sfti_7ca8c095630a240088b1e3c7
T3_CLAIM,1000,sfti_937bdcd18d0c4b066dc64fb9
T3_CLAIM,1000,sfti_36ec803d4dcc6fbbb07f305c
T3_CLAIM,1000,sfti_9f2e4c25a27964c4b600337a
T3_CLAIM,1000,sfti_8d04bdb52e20d7a18f1da453
T3_CLAIM,1000,sfti_8962ea2af4b16f1d7dca41f2
T3_CLAIM,1000,sfti_015b5b3634075b2662ad5d0e
T3_CLAIM,1000,sfti_f754a872c4fb68c690b204f7
T3_CLAIM,1000,sfti_3925af69bea80b69be144980
T3_CLAIM,1000,sfti_a2d417fe146f9e2feeb5e676
T3_CLAIM,1000,sfti_211129c98ba853dbf5cbd0d4
T3_CLAIM,1000,sfti_4c52ffeec2c3ecc9e75cf60b
T3_CLAIM,1000,sfti_5aa2099fb2c1c031145b112a
T3_CLAIM,1000,sfti_568c923d0d00b4b1c5fe7536
T3_CLAIM,1000,sfti_407c3a9ffac253896ce21527
T3_CLAIM,1000,sfti_8443fb87988b4d331001b3d2
T3_CLAIM,1000,sfti_47a8ebbcbf3c321a5dad59f8
T3_CLAIM,1000,sfti_782d83ac8672481d975caf12
T3_CLAIM,1000,sfti_6ab09d6c229b34b46c59bd8e
T3_CLAIM,1000,sfti_69f5d3ce07a7da17eb8688f3
T3_CLAIM,1000,sfti_9e55b3a764731261ac061ac4
T3_CLAIM,1000,sfti_689eb8381e9af2eb41fac3ab
T3_CLAIM,1000,sfti_a4a28ba0f0ee699532fe02a9
T3_CLAIM,1000,sfti_97d5ad376c0e2c40ff51ccaa
T3_CLAIM,1000,sfti_d390e60690049ecf59875b28
T3_CLAIM,1000,sfti_df9e4bf5f44c17d3b7a8ed18
T3_CLAIM,1000,sfti_56a7ddd79f85f4e25014da27
T3_CLAIM,1000,sfti_bb7aa94353603c42cff5dd03
T3_CLAIM,1000,sfti_89b0209541cee9c8202540d4
T3_CLAIM,1000,sfti_0a07cd80433686119133037b
T3_CLAIM,1000,sfti_4033555591def617abb11249
T3_CLAIM,1000,sfti_b7a81c7816c04844f15eebbe
T3_CLAIM,1000,sfti_d89e51fd4c7f6f5058be6713
T3_CLAIM,1000,sfti_8e272573813d6f68615065ec
T3_CLAIM,1000,sfti_dd7d17bf7ca779b74b1396eb
T3_CLAIM,1000,sfti_33586a473c38aebd535d57f5
T3_CLAIM,1000,sfti_ddf5c9b3f813e7db36467585
T3_CLAIM,1000,sfti_db672f076dcfcd0d3122493d
T3_CLAIM,1000,sfti_f71ca15dd8571277ab6b892d
T3_CLAIM,1000,sfti_1143a970aed5d80c7b3b310f
T3_CLAIM,1000,sfti_cf1b1063803d5d0306b6f04e
T3_CLAIM,1000,sfti_3ec8683fe8ee449e098073d6
T3_CLAIM,1000,sfti_8fe460efd7ff706fb0d42133
T3_CLAIM,1000,sfti_9093fa43494054048aa58c2b
T3_CLAIM,1000,sfti_f5833ad71955639a53d6883a
T3_CLAIM,1000,sfti_394a23a0ef23587b1339c9ab
T3_CLAIM,1000,sfti_a86f316c5f1b4f20ef95ab3c
T3_CLAIM,1000,sfti_599767a2c68425bd372257b7
T3_CLAIM,1000,sfti_4cc041008ab1f19d48495ac6
T3_CLAIM,1000,sfti_7184bfafeaaea3465c609fcd
T3_CLAIM,1000,sfti_50bddaca6cd050c2b7928c6f
T3_CLAIM,1000,sfti_3d82d30bf797958d944284fc
T3_CLAIM,1000,sfti_0086cbb3d56d5f7635531074
T3_CLAIM,1000,sfti_00fc21739280ee8314b4027f
T3_CLAIM,1000,sfti_c68b5c3e3c4c2a471680541c
T3_CLAIM,1000,sfti_0567f2a568ec0908d4aec74c
T3_CLAIM,1000,sfti_ab2f153cdeb760c660cc919d
T3_CLAIM,1000,sfti_b57abeb2c1068d80c84be989
T3_CLAIM,1000,sfti_d4d3054a44ae7ab7a46a7598
T3_CLAIM,1000,sfti_d393cdd3a9536bc7a587a1ee
T3_CLAIM,1000,sfti_048e0d19d70c52d2ba690b90
T3_CLAIM,1000,sfti_742ed373a1a6689673d0c0cf
T3_CLAIM,1000,sfti_103cc16ac51f106d01ab43d9
T3_CLAIM,1000,sfti_ff5852985b57587921513ca2
T3_CLAIM,1000,sfti_5951f49c264fde42557146aa
T3_CLAIM,1000,sfti_3330f45514d23ecb8e5fedfd
T3_CLAIM,1000,sfti_b6d15f026e5cb9c5ce959c23
T3_CLAIM,1000,sfti_f7a60d9e3f6bba4b94cec612
T3_CLAIM,1000,sfti_78477065146884df72a529da
T3_CLAIM,1000,sfti_67259a6eaa486ead361c0c79
T3_CLAIM,1000,sfti_ce71121d0fe6f24b6042a001
T3_CLAIM,1000,sfti_7661a6fda10abe1407af02e4
T3_CLAIM,1000,sfti_abbf531b34789496f585acac
T3_CLAIM,1000,sfti_c75b88b5b5469f09b545c7f5
T3_CLAIM,1000,sfti_a49bfefe23dbf83c649293d1
T3_CLAIM,1000,sfti_746b67b8489bdcd4ad160976
T3_CLAIM,1000,sfti_a13e0640110813f56758efeb
T3_CLAIM,1000,sfti_4d5a82bdf193e6fe7208985a
T3_CLAIM,1000,sfti_f1e89ff6876ebca6baf80268
T3_CLAIM,1000,sfti_a9339a431dd381c158cfd857
T3_CLAIM,1000,sfti_6d96b00865a242930b253d53
T3_CLAIM,1000,sfti_76013df83f140ca631bcc0c8
T3_CLAIM,1000,sfti_6b5ead4a9b8946c3676e8b44
T3_CLAIM,1000,sfti_826fac8aff5391acaafb43d4
T3_CLAIM,1000,sfti_c91ba79ec4e4ba6b84afe480
T3_CLAIM,1000,sfti_854a623ab65b650e368bf7f7
T3_CLAIM,1000,sfti_85dc0acf102155e5e30b07dd
T3_CLAIM,1000,sfti_98ff35e17a75f68f2136d8ef
T3_CLAIM,1000,sfti_1b818b4e882e071208b1909c
T3_CLAIM,1000,sfti_e89bfc3debbffda80467a9bc
T3_CLAIM,1000,sfti_c0921b8d6fbec362da2c28ce
T3_CLAIM,1000,sfti_feb3febc005397ebd8701c66
T3_CLAIM,1000,sfti_b5f6d40886b1c2956bc9bd63
T3_CLAIM,1000,sfti_676285b94d090b5b0afefbd6
T3_CLAIM,1000,sfti_16d797a00e8c41d1a7edfa93
T3_CLAIM,1000,sfti_c97649de2b7cf30a995797d7
T3_CLAIM,1000,sfti_d04779c48beac01ad7fbb776
T3_CLAIM,1000,sfti_0d81364d0a5d115d6e662567
T3_CLAIM,1000,sfti_58bdeb9985f5d6c33269ff47
T3_CLAIM,1000,sfti_a6568c2e9d4c22d5404d1da1
T3_CLAIM,1000,sfti_48e5f452f67b8bb99f43cd64
T3_CLAIM,1000,sfti_e5533dff885cc6ed7cf1febb
T3_CLAIM,1000,sfti_253519e0205f7c75e6388cef
T3_CLAIM,1000,sfti_352d0c10d82be1c715ad094c
T3_CLAIM,1000,sfti_51a363e500191f2d74a6cb17
T3_CLAIM,1000,sfti_76c1b63c4b26c371e3e65166
T3_CLAIM,1000,sfti_21cbeee499e779ae1d12dc66
T3_CLAIM,1000,sfti_8bb442f0967d82932869ba9d
T3_CLAIM,1000,sfti_7ca3bf73d6bb3b45aa0de3d6
T3_CLAIM,1000,sfti_b7703a0b0bcd73fd2c18b744
T3_CLAIM,1000,sfti_8a6e704cd0946cab51873b0e
T3_CLAIM,1000,sfti_c474d6212f374c5255ca3def
T3_CLAIM,1000,sfti_0fa45de5e93313bb53f13cbe
T3_CLAIM,1000,sfti_8fcad480d24ccb4294db267a
T3_CLAIM,1000,sfti_6c4452dc5d2bb96abce35225
T3_CLAIM,1000,sfti_b998d223ca526e8ca18b1d46
T3_CLAIM,1000,sfti_68adcfdd9bc6b50e39af0919
T3_CLAIM,1000,sfti_58a126c09a8bc75acbfcd48c
T3_CLAIM,1000,sfti_d3cf16cae0f7d7cd448dfe1a
T3_CLAIM,1000,sfti_9b3ebc549e2b568bbd9ce951
T3_CLAIM,1000,sfti_f2d65a563a08a8d90a083776
T3_CLAIM,1000,sfti_1eab5da09b60a8fafe7f06ef
T3_CLAIM,1000,sfti_921279cd404e36ea5dd4efdb
T3_CLAIM,1000,sfti_f644dd1bd53ab44012d4d522
T3_CLAIM,1000,sfti_29754810694e94dea1a96f0e
T3_CLAIM,1000,sfti_e566377dc64e24d3de0e40c2
T3_CLAIM,1000,sfti_5174692ac2a7ed8d31c45bba
T3_CLAIM,1000,sfti_f59092276848737fbe3c40f1
T3_CLAIM,1000,sfti_7d7f6d62d65655414fff2d47
T3_CLAIM,1000,sfti_8c2bb73e8167622e3d81d009
T3_CLAIM,1000,sfti_52425a7ec08ac4bb5d68982b
T3_CLAIM,1000,sfti_e86b7555525eded692b81e09
T3_CLAIM,1000,sfti_c37c30b499150ac37a178df4
T3_CLAIM,1000,sfti_35c2991c4af4c71cd298db4a
T3_CLAIM,1000,sfti_f39d6dbae3c4027c04e87965
T3_CLAIM,1000,sfti_9508f9a5a8fa77d0e3a3e004
T3_CLAIM,1000,sfti_06381f012a3f8b3ae4ec1e91
T3_CLAIM,1000,sfti_b86e96163c881dcad2334be1
T3_CLAIM,1000,sfti_1226184e01eb1b514c90643f
T3_CLAIM,1000,sfti_80f04836952c7da5f6dacb79
T3_CLAIM,1000,sfti_3ad56148381b301cc95d8934
T3_CLAIM,1000,sfti_06f23396e666ced2822714f5
T3_CLAIM,1000,sfti_fed3c3704105bfd332e43515
T3_CLAIM,1000,sfti_a11ee1d8384d2b4717662cb3
T3_CLAIM,1000,sfti_6d2b9f762a8331b6763b4ce0
T3_CLAIM,1000,sfti_1c264029c1b53aa4c7392bba
T3_CLAIM,1000,sfti_7d925aa5141703181a7b2baa
T3_CLAIM,1000,sfti_ca13b5102d0156395f180a4c
T3_CLAIM,1000,sfti_f683a5ed750ddce76ea7a51f
T3_CLAIM,1000,sfti_1aa5b4a37790d1318e4bd051
T3_CLAIM,1000,sfti_974153b45b951334bada6f8f
T3_CLAIM,1000,sfti_4f49f39c6b6f98899446af52
T3_CLAIM,1000,sfti_fd8911c0295437452c6f24c4
T3_CLAIM,1000,sfti_d86f39579947cb53d2137f1d
T3_CLAIM,1000,sfti_d5bd4b5242b0f5a96f4f58b1
T3_CLAIM,1000,sfti_3feec6c931df6cb2381f1e2d
T3_CLAIM,1000,sfti_d6118b0565c9c3e0eaef3b9f
T3_CLAIM,1000,sfti_eb04bec9621ab1e6b0f6b864
T3_CLAIM,1000,sfti_8802c6e18146d0402161a15f
T3_CLAIM,1000,sfti_756c34c18c727a434a22c3c0
T3_CLAIM,1000,sfti_08575a1c56fb94798f85ad8e
T3_CLAIM,1000,sfti_da542216467f5bc6e65d6994
T3_CLAIM,1000,sfti_8565f434aaf15de34fb3b4a2
T3_CLAIM,1000,sfti_e965b3e4997bfd608e77770a
T3_CLAIM,1000,sfti_f3eae09c8bfba5b74995131d
T3_CLAIM,1000,sfti_d2a001b3586c96a999c79f25
T3_CLAIM,1000,sfti_96510c8d4bae94f126c59852
T3_CLAIM,1000,sfti_b7509125dac49c0ccf17c8bf
T3_CLAIM,1000,sfti_9897cf60f8f7cf022f4beaec
T3_CLAIM,1000,sfti_f00823ae74c34df8402e4a85
T3_CLAIM,1000,sfti_7bb4e22dfd8c7d47f911a777
T3_CLAIM,1000,sfti_a3d2cc2ef277bcc8c3739982
T3_CLAIM,1000,sfti_d535c45cf17830aaa1d3920d
T3_CLAIM,1000,sfti_41e83165f294091d601d55a4
T3_CLAIM,1000,sfti_dc948cc07052775ae132a862
T3_CLAIM,1000,sfti_8e4173f5a259bdd39f9c7fac
T3_CLAIM,1000,sfti_d30db024552882ae626992e7
T3_CLAIM,1000,sfti_3a3efc834cf5f4f5cdae8030
T3_CLAIM,1000,sfti_38dba37e89dfd72121c1d554
T3_CLAIM,1000,sfti_a90e3dea5eb35d851a3e0502
T3_CLAIM,1000,sfti_7bcdecb6ade38084e3879752
T3_CLAIM,1000,sfti_95e5a380ac1ad3d63571ad8e
T3_CLAIM,1000,sfti_b43a1057a1232efcff7ee368
T3_CLAIM,1000,sfti_82f2964c2b49112f73fcf07d
T3_CLAIM,1000,sfti_56986b95c95d01dbaf656711
T3_CLAIM,1000,sfti_3233b7a71921157db6ff73c6
T3_CLAIM,1000,sfti_92ecbb83fb3e6279ac9a1152
T3_CLAIM,1000,sfti_e59e530cdcd0d76d6a4a2b21
T3_CLAIM,1000,sfti_fe6494651b839f9341602c6d
T3_CLAIM,1000,sfti_c9c55b8087f42d9498642173
T3_CLAIM,1000,sfti_f2b22526da359906ca278ccd
T3_CLAIM,1000,sfti_efcb5485a4a69c419feb961c
T3_CLAIM,1000,sfti_7fc0a2bb3913a012baabddea
T3_CLAIM,1000,sfti_6ee51e1300ac1375bca5304e
T3_CLAIM,1000,sfti_f447173981719c0142d80458
T3_CLAIM,1000,sfti_415cdf95144b52e6288cd216
T3_CLAIM,1000,sfti_3623270418a5929c967f502d
T3_CLAIM,1000,sfti_deb806f3d84a38644dc205c1
T3_CLAIM,1000,sfti_60dab96828e6c6d8599aecd6
T3_CLAIM,1000,sfti_320e153399ad35ed95bf7490
T3_CLAIM,1000,sfti_189052589f7e93d1693e46f9
T3_CLAIM,1000,sfti_65f2855cc99d54c1a7f45f39
T3_CLAIM,1000,sfti_991a182bbbe13313f412456b
T3_CLAIM,1000,sfti_830954ea8c3f58381cbb65f8
T3_CLAIM,1000,sfti_2835692bbb56ee79b1003cc0
T3_CLAIM,1000,sfti_bfc9b644446eb4d82a28d7f3
T3_CLAIM,1000,sfti_0e5c7965f52c7b17a3a691d4
T3_CLAIM,1000,sfti_a5057b823b71eed0c81414be
T3_CLAIM,1000,sfti_4ee237a6173888232bb33652
T3_CLAIM,1000,sfti_6cc9ce509c1f9cfa2bc42c3c
T3_CLAIM,1000,sfti_c781db79daf00d86ebe3e8e9
T3_CLAIM,1000,sfti_c5e6af5c0cb3005dfe6a0427
T3_CLAIM,1000,sfti_7bb20b53fa26af2b5598685b
T3_CLAIM,1000,sfti_25b085a7eb1c2f13532a15ec
T3_CLAIM,1000,sfti_76a117d32379a4ec170498bd
T3_CLAIM,1000,sfti_3e544fcff57fe0de1113f6a0
T3_CLAIM,1000,sfti_dd35a6767d6ec19d981f0bb0
T3_CLAIM,1000,sfti_46c375378983c51d97e0daaf
T3_CLAIM,1000,sfti_5bb679e84dee374b1e3e2af5
T3_CLAIM,1000,sfti_c408d505ddf380e4ca9242dc
T3_CLAIM,1000,sfti_c88f7b61a8d700d155d9f038
T3_CLAIM,1000,sfti_583d507b87da20e33fc2fdbc
T3_CLAIM,1000,sfti_047176f2cf5f1aca41195441
T3_CLAIM,1000,sfti_101c21543210c89882a9e0f7
T3_CLAIM,1000,sfti_935bacbd1aa81a6d89aa52d3
T3_CLAIM,1000,sfti_9c827e70fdc1550817a5ca19
T3_CLAIM,1000,sfti_2e926e0cc19ee58bbc7652bd
T3_CLAIM,1000,sfti_21e9bf74ce41b082c4cd4888
T3_CLAIM,1000,sfti_a3f22542a39a03ba162e0650
T3_CLAIM,1000,sfti_99e813a22d0db125d2207d2f
T3_CLAIM,1000,sfti_392da177cc8515072811dd35
T3_CLAIM,1000,sfti_f6422f65711acba9c7e3aa80
T3_CLAIM,1000,sfti_5b42d0df0439bbe87f5bf37f
T3_CLAIM,1000,sfti_8d28fee110245ea9b5f3a7a0
T3_CLAIM,1000,sfti_dc65d1052a7e32c3e0b0645a
T3_CLAIM,1000,sfti_3b71f3a18a294a56e82f4af2
T3_CLAIM,1000,sfti_14646c2c9f828e86721e3d91
T3_CLAIM,1000,sfti_78d4f9a8c86534dbce3fbc6e
T3_CLAIM,1000,sfti_4d1937f0bc0dce3047bb3a12
T3_CLAIM,1000,sfti_7cbb718e34b7ac2c7b59aa88
T3_CLAIM,1000,sfti_7aedb98826ca0b7cb410eabd
T3_CLAIM,1000,sfti_a34a7685b7dfd1e8cdd745f5
T3_CLAIM,1000,sfti_ba7b8aecb7e1d57ddfdb2567
T3_CLAIM,1000,sfti_16885870a0524f0872754510
T3_CLAIM,1000,sfti_fb5b4a2f3415a2455cec7494
T3_CLAIM,1000,sfti_4b17afad17a9e9cefd452937
T3_CLAIM,1000,sfti_9ee2b82a5ac031936117b5d4
T3_CLAIM,1000,sfti_07154284067409fd4f7f8df8
T3_CLAIM,1000,sfti_a6a591d6f09753e45b9e2ff3
T3_CLAIM,1000,sfti_76e02d10865f2a9467f6f032
T3_CLAIM,1000,sfti_854190bb087524eee32a58a8
T3_CLAIM,1000,sfti_50da9bfe62214748cfd9b45e
T3_CLAIM,1000,sfti_05db82efa30d4f1f83f494a9
T3_CLAIM,1000,sfti_4832beda6f35205b8956d4ef
T3_CLAIM,1000,sfti_a906a2dcb78149363ffba18d
T3_CLAIM,1000,sfti_2bf487e1378a6c5e6a9faaf3
T3_CLAIM,1000,sfti_12e8f575ed94c6ba9eee72ec
T3_CLAIM,1000,sfti_188c0895d3788df0d9149afb
T3_CLAIM,1000,sfti_1a8f0e7675fb1a40214fbf37
T3_CLAIM,1000,sfti_8a1a792b985ba1be3642a90c
T3_CLAIM,1000,sfti_7a7229ea6c054ac432a90ea0
T3_CLAIM,1000,sfti_5c5f73985c91892bd427f02d
T3_CLAIM,1000,sfti_6b388c2fc3b341e10903829e
T3_CLAIM,1000,sfti_eb511fbb68a8138ae33cc8aa
T3_CLAIM,1000,sfti_14cdbbe9b32879584cbc0caa
T3_CLAIM,1000,sfti_209f93b697031c5a8589d0a1
T3_CLAIM,1000,sfti_919596a3d6c92549c9dddfc3
T3_CLAIM,1000,sfti_fdb06b9abdb837d7bed83043
T3_CLAIM,1000,sfti_f74624b6dbcd0ea5349578bb
T3_CLAIM,1000,sfti_fddf05f2ed6406903fa4b26e
T3_CLAIM,1000,sfti_c972d8bcd00a93e83a351f67
T3_CLAIM,1000,sfti_ac32fcb6e98efa60243b662a
T3_CLAIM,1000,sfti_fe10d32bf5f3c5c9444b99c1
T3_CLAIM,1000,sfti_40c0d4e24619ad11211c5b0b
T3_CLAIM,1000,sfti_5ca8d5b07c6a8c44b1085ff1
T3_CLAIM,1000,sfti_8a1035c33923e34243c462c4
T3_CLAIM,1000,sfti_5a5ec97ecf889aeee225f8a9
T3_CLAIM,1000,sfti_30ae4cbbc5b7841ae29e7314
T3_CLAIM,1000,sfti_d398ce2a81c83ebb293a8e0e
T3_CLAIM,1000,sfti_1323b4528371a9ee7e8af794
T3_CLAIM,1000,sfti_70ad938896026c42369000ff
T3_CLAIM,1000,sfti_13adb9dd0cad86986c5fb464
T3_CLAIM,1000,sfti_8f6bc005b1f487ee8b75230d
T3_CLAIM,1000,sfti_b17ab8f1b2837646313274da
T3_CLAIM,1000,sfti_10e3ce6b5557e81132734e06
T3_CLAIM,1000,sfti_f9ef723a19e8eb06c3e9228d
T3_CLAIM,1000,sfti_898c5e3a224ce4992830fac0
T3_CLAIM,1000,sfti_40a3b09417d51e26e7388f9d
T3_CLAIM,1000,sfti_ed2cdc2c95a13184b16941cd
T3_CLAIM,1000,sfti_0928582ade6c9df4ed3b3086
T3_CLAIM,1000,sfti_7f22d6eec82e8b30dea0943c
T3_CLAIM,1000,sfti_4a938ad8ec7cfdae2f8156f6
T3_CLAIM,1000,sfti_85760013f27aa8af380eaa30
T3_CLAIM,1000,sfti_bac006ed7fee0dacc910c525
T3_CLAIM,1000,sfti_1f83f0b72626a185dba24984
T3_CLAIM,1000,sfti_a63fc078a7bddc579b870392
T3_CLAIM,1000,sfti_99179773d83b126da5b97be2
T3_CLAIM,1000,sfti_d24145d53e4e824b9550ac9a
T3_CLAIM,1000,sfti_7c23529019605fddc2dcbd54
T3_CLAIM,1000,sfti_e47c8324982c9faa97f563c8
T3_CLAIM,1000,sfti_fbc0ea03c12f56d0078c006a
T3_CLAIM,1000,sfti_d8ab29124d6153c024e22b48
T3_CLAIM,1000,sfti_4b070d3262d22bc171765ced
T3_CLAIM,1000,sfti_a598dcf5244cc454c77bc068
T3_CLAIM,1000,sfti_f3f023a14d4d6feed8b04c24
T3_CLAIM,1000,sfti_6a3d09a7766afc20ac680aec
T3_CLAIM,1000,sfti_4490e49236af574dd800dddc
T3_CLAIM,1000,sfti_2ffd0418b6292e829f6615fc
T3_CLAIM,1000,sfti_da6ecd83b51db3f187c64224
T3_CLAIM,1000,sfti_fc356ed4ee5d7a765c532b90
T3_CLAIM,1000,sfti_b15601a6b0757b30c8a52667
T3_CLAIM,1000,sfti_ad67d7f2bad624fcb44997d1
T3_CLAIM,1000,sfti_8d4f14a0e24f1793e183ea1f
T3_CLAIM,1000,sfti_8d609f1bd03fb3f148399861
T3_CLAIM,1000,sfti_1f8280d386e4f8663601e4d2
T3_CLAIM,1000,sfti_97584d1137791c29b15de683
T3_CLAIM,1000,sfti_fe7ae01e0f2bdb03028d32d9
T3_CLAIM,1000,sfti_ab380bb93db338229e53ee79
T3_CLAIM,1000,sfti_faff4d9f230226e9da26eea4
T3_CLAIM,1000,sfti_fefd1d69d885466b175b73c2
T3_CLAIM,1000,sfti_81eb5d53159fa238f1f16d9b
T3_CLAIM,1000,sfti_e558480135133d6e0201e2a5
T3_CLAIM,1000,sfti_3bf8d243b584d9d71db4cbc4
T3_CLAIM,1000,sfti_37e318f51915ed6c00d3655d
T3_CLAIM,1000,sfti_3d953a3f31680123fd76b0c3
T3_CLAIM,1000,sfti_7c5c14a9bd3f16f8f37581c6
T3_CLAIM,1000,sfti_a74ec2d4cf2d089279ee6d1f
T3_CLAIM,1000,sfti_5693494ca57837bb075bcf14
T3_CLAIM,1000,sfti_625e4c7a2f1a6bed417957c8
T3_CLAIM,1000,sfti_cca480e4759611afcec9e8ab
T3_CLAIM,1000,sfti_e2deedb1f9516cae7639ef49
T3_CLAIM,1000,sfti_5d8b48175069005577684654
T3_CLAIM,1000,sfti_3e5904ccbe2ba2ddd4460d8c
T3_CLAIM,1000,sfti_4b7170dc5de4a3a28067eba7
T3_CLAIM,1000,sfti_f3614522cc706d65e54f0602
T3_CLAIM,1000,sfti_d24a0d983cb208487a9af962
T3_CLAIM,1000,sfti_e4cd278c555c163097afd984
T3_CLAIM,1000,sfti_f148de643b5db40c80a14f01
T3_CLAIM,1000,sfti_74893c3f394e530b07dac1d4
T3_CLAIM,1000,sfti_42d67e13353e8b9218d8535d
T3_CLAIM,1000,sfti_cb8e5d72cf40a902a97ca192
T3_CLAIM,1000,sfti_837b7c2a60faccf2f9cd8c4d
T3_CLAIM,1000,sfti_66ee55498efcf23674822b9a
T3_CLAIM,1000,sfti_43e451d52fa8d675a979ceb1
T3_CLAIM,1000,sfti_72bec3c45ec9fbbee97fd607
T3_CLAIM,1000,sfti_64e7230f204ceba150bab69d
T3_CLAIM,1000,sfti_dab9caf19b38defd3c378225
T3_CLAIM,1000,sfti_3f3241005d1ae33b19fb1148
T3_CLAIM,1000,sfti_e657c64d25cdb6deb0b8f865
T3_CLAIM,1000,sfti_22d976d1b65b237f88e0173d
T3_CLAIM,1000,sfti_693012f5775c9aec9614a47b
T3_CLAIM,1000,sfti_575047f2bf764cd44be4c7d9
T3_CLAIM,1000,sfti_98251e69b4a8598cfe88ebca
T3_CLAIM,1000,sfti_7ad2945e85b18465fa1902f5
T3_CLAIM,1000,sfti_68a4db74a01661660a1fa8c4
T3_CLAIM,1000,sfti_f4ba0b2730ac3568c96c40f7
T3_CLAIM,1000,sfti_bc276b0133ffc7d6d5e4acf5
T3_CLAIM,1000,sfti_321c5a5bde46aaad3016ab97
T3_CLAIM,1000,sfti_7aa7c38e49b4ae20869ea7d1
T3_CLAIM,1000,sfti_190ed1185a27a832231f26a8
T3_CLAIM,1000,sfti_2a9d0a2f9c53db59f6f4621c
T3_CLAIM,1000,sfti_1864085f40d26560f3d04c93
T3_CLAIM,1000,sfti_96a412f8a056dd34626c0f6f
T3_CLAIM,1000,sfti_ec276aed0e5c6b81fc59a529
T3_CLAIM,1000,sfti_7c165f3db0d05631fee3e343
T3_CLAIM,1000,sfti_017d8f61238b94bb26b3e24c
T3_CLAIM,1000,sfti_2c936fba27414ceeed75e618
T3_CLAIM,1000,sfti_1decae6f4824b427d14f80a4
T3_CLAIM,1000,sfti_90e6f3d3422b6a45a6932ea4
T3_CLAIM,1000,sfti_b3e09f813a9b9d6c203003cf
T3_CLAIM,1000,sfti_22a321a8fc64a90b21ef7283
T3_CLAIM,1000,sfti_b1b4046b5cb015e7fa2b7881
T3_CLAIM,1000,sfti_a03645a8c6dac60cec38fe13
T3_CLAIM,1000,sfti_60f345342ca86b67680194ae
T3_CLAIM,1000,sfti_78714ca9981202641464d071
T3_CLAIM,1000,sfti_09da79e11446057a73181cd2
T3_CLAIM,1000,sfti_15773174c9c6c1d33b69b7a3
T3_CLAIM,1000,sfti_4eab30c0afe1e2c76dfeca8e
T3_CLAIM,1000,sfti_40da45f3cef3541cb62b50db
T3_CLAIM,1000,sfti_ed39f391fce5e9d9ab25dbd9
T3_CLAIM,1000,sfti_fca71b76cc7d85e559bf36fb
T3_CLAIM,1000,sfti_55c86e1cebda16c498e48105
T3_CLAIM,1000,sfti_1644d3df58bcb26d8026d24c
T3_CLAIM,1000,sfti_3938db95db394c3cad39ec95
T3_CLAIM,1000,sfti_0b69af645642dd1dc390db13
T3_CLAIM,1000,sfti_1b69d49067a2f9a0b2049dbd
T3_CLAIM,1000,sfti_e4e57cf0c0097a6c95d1b6f0
T3_CLAIM,1000,sfti_18a70a9353169c95b9efe8fb
T3_CLAIM,1000,sfti_987985fd740659c1b40bd465
T3_CLAIM,1000,sfti_fc3da0cf98e3f9ba929745bb
T3_CLAIM,1000,sfti_a8d0d20f1ce1aa14666f97d4
T3_CLAIM,1000,sfti_b37622833a7ef5a0ad4b7c45
T3_CLAIM,1000,sfti_c8b75b100b00ab8d3ec73c40
T3_CLAIM,1000,sfti_b5e5c45ded4eb5bd591c7cc5
T3_CLAIM,1000,sfti_6ecb988a7076f96aedc978f7
T3_CLAIM,1000,sfti_e9f0e50305c6b90c058a47eb
T3_CLAIM,1000,sfti_70de8e75c350d5b5babe48d3
T3_CLAIM,1000,sfti_b544535ca154d96f81f2de6b
T3_CLAIM,1000,sfti_afe7ae322920bc4f4dc69b8f
T3_CLAIM,1000,sfti_1aaf16cf2b5852b3c9ea2ce9
T3_CLAIM,1000,sfti_737fb9374e7e78cf7b17f308
T3_CLAIM,1000,sfti_5b48fd8c96059120d3bc6855
T3_CLAIM,1000,sfti_5a904c0bc1332e1760863db4
T3_CLAIM,1000,sfti_f6629fa4fa7558f7efdac1fe
T3_CLAIM,1000,sfti_3015a9cac036b828813538a8
T3_CLAIM,1000,sfti_7a5c159cfd20f84d33352e81
T3_CLAIM,1000,sfti_ee0c32f8eed41d309bd20c77
T3_CLAIM,1000,sfti_c4188332bf067f71ce1003d7
T3_CLAIM,1000,sfti_661b064d14acf38d17c3f5fe
T3_CLAIM,1000,sfti_772711ed1c6f53f3bc3b5af1
T3_CLAIM,1000,sfti_14962ebb688fca8e214d057e
T3_CLAIM,1000,sfti_e0d6320209df975f6d858d3f
T3_CLAIM,1000,sfti_257265be1fe139ea0d2d6b62
T3_CLAIM,1000,sfti_3a719a2e6bff9cf25992633f
T3_CLAIM,1000,sfti_c9156c488ffd1381a806066e
T3_CLAIM,1000,sfti_56da074d653bd93745899ae1
T3_CLAIM,1000,sfti_7c752200009a96bd56f79f06
T3_CLAIM,1000,sfti_38bbd6089ed08229197211bb
T3_CLAIM,1000,sfti_b9df2070fe7dfb010ec7ca2a
T3_CLAIM,1000,sfti_5071d2b491551f7ad2f0cd1a
T3_CLAIM,1000,sfti_faf0020b913250aa7bb4f798
T3_CLAIM,1000,sfti_5bd64b7fdd3039fbf89b5e1c
T3_CLAIM,1000,sfti_1add25a64e0fe2aaea5a1978
T3_CLAIM,1000,sfti_9f6189f19455b72630e5a474
T3_CLAIM,1000,sfti_63f6fff9c7ddc2d8891ab9ba
T3_CLAIM,1000,sfti_02841dc6d8cdbae00406bb78
T3_CLAIM,1000,sfti_d8191ee70d8ea9aab40404cb
T3_CLAIM,1000,sfti_067c69ebf8cac9392a5e9387
T3_CLAIM,1000,sfti_185789d92da4a5993ef4ed65
T3_CLAIM,1000,sfti_8255cb539ead0e0acf794ce0
T3_CLAIM,1000,sfti_98d954fbaba409e450febedf
T3_CLAIM,1000,sfti_48cd87370c38eec7234a5661
T3_CLAIM,1000,sfti_2f648301064b966dc13fbe98
T3_CLAIM,1000,sfti_bb76a57a6a879a934a54bcb4
T3_CLAIM,1000,sfti_a592cbf1913fd003a332a3b4
T3_CLAIM,1000,sfti_8a80398635690d139340907b
T3_CLAIM,1000,sfti_8d63da7a34988f51f674dba2
T3_CLAIM,1000,sfti_814608125f73920fb2501d41
T3_CLAIM,1000,sfti_5216ebe339e4eec1f88dad7e
T3_CLAIM,1000,sfti_2cbeca59204a36caea4aa677
T3_CLAIM,1000,sfti_6a0d31e9525324963e0767fc
T3_CLAIM,1000,sfti_758372893d33792fd3537b98
T3_CLAIM,1000,sfti_8e14d0172b076f50dcb850b3
T3_CLAIM,1000,sfti_77c1188a3f4874525913f467
T3_CLAIM,1000,sfti_e12377f827f464ede405327c
T3_CLAIM,1000,sfti_70b0092eb2bce9b90bdcab8b
T3_CLAIM,1000,sfti_ed4b88ddad64674ea150cedc
T3_CLAIM,1000,sfti_47fc8753496df45e7e986828
T3_CLAIM,1000,sfti_d0286028f8bbd3f9fee9fe44
T3_CLAIM,1000,sfti_f49237716ae1e41aa3d23f5b
T3_CLAIM,1000,sfti_2b961477ea38e6fdef016e5c
T3_CLAIM,1000,sfti_457c387e3578c609a1551209
T3_CLAIM,1000,sfti_013b0b7ffa34bdd2f3ea876b
T3_CLAIM,1000,sfti_7973ae926f5aa20097fba15f
T3_CLAIM,1000,sfti_9c7950baf0c4049e80eeef18
T3_CLAIM,1000,sfti_75e2ca647ff1905f0a4e3079
T3_CLAIM,1000,sfti_c26ea83ec0552dd225239070
T3_CLAIM,1000,sfti_707fea037794586c7ba5af69
T3_CLAIM,1000,sfti_d67dd00af5e61109b81ffa13
T3_CLAIM,1000,sfti_4470f2b4f5347be5b5b2d980
T3_CLAIM,1000,sfti_303124f7e8eb613837558c5e
T3_CLAIM,1000,sfti_4b26a7a2e1ef5346d4cf3432
T3_CLAIM,1000,sfti_cc8e80112c21ce96826f292d
T3_CLAIM,1000,sfti_38b98dc3a5e17e0f0d9f1386
T3_CLAIM,1000,sfti_a619a63318580f0f52fb9c07
T3_CLAIM,1000,sfti_5b34d7989b4270d15c7be189
T3_CLAIM,1000,sfti_4f8a20611d7bbf1b5ebaf434
T3_CLAIM,1000,sfti_7a1729e3f35aab0acf0ef44b
T3_CLAIM,1000,sfti_b6bf4a01259c81de8ed92809
T3_CLAIM,1000,sfti_ae8a8038b7c6fb6891c394a4
T3_CLAIM,1000,sfti_f66c91be3b0e55ded2cb5878
T3_CLAIM,1000,sfti_166076d476a67fddb73a5b2d
T3_CLAIM,1000,sfti_cf54b3756fb739f081a37b8b
T3_CLAIM,1000,sfti_21d31b0b0426e74aa1dead57
T3_CLAIM,1000,sfti_582cc64d28ef5846840366e2
T3_CLAIM,1000,sfti_ba4c1030985be5c2e960d6e3
T3_CLAIM,1000,sfti_883357c976d7306ed7161460
T3_CLAIM,1000,sfti_e74605baedc1504e0d2216bf
T3_CLAIM,1000,sfti_95a72623e61a44ab5fdcf9af
T3_CLAIM,1000,sfti_2ba278684a19d535ac97bc16
T3_CLAIM,1000,sfti_a44fe7f7c6b3c6a4b8db77bf
T3_CLAIM,1000,sfti_629fb9bd686de0a2ed44cb51
T3_CLAIM,1000,sfti_625010b0ec197c1e6ffa22e1
T3_CLAIM,1000,sfti_ecec74fcc82ce078292fa6aa
T3_CLAIM,1000,sfti_150bf04d382b704f3cbd2878
T3_CLAIM,1000,sfti_105b2a17fb4c9f054af76c5d
T3_CLAIM,1000,sfti_656717b6665e6bf73ccbf569
T3_CLAIM,1000,sfti_efbe1b257d60b2e3c4fc2494
T3_CLAIM,1000,sfti_42a136ea0a117c9b07d12e8a
T3_CLAIM,1000,sfti_545f990f442224dea131374d
T3_CLAIM,1000,sfti_d8e333ae772393ab43398b95
T3_CLAIM,1000,sfti_ed2e032842e8a6dd216d0af7
T3_CLAIM,1000,sfti_88cb21bd37407dada4cc64c2
T3_CLAIM,1000,sfti_60d002a3afe4612d79809dee
T3_CLAIM,1000,sfti_d612468cb2a20b35d19d26f9
T3_CLAIM,1000,sfti_a9fa281d48f6c2ee26666152
T3_CLAIM,1000,sfti_05d143d6bf0fe2b5fcf43f4d
T3_CLAIM,1000,sfti_57e3ca4bbd1a31b79b77eb4a
T3_CLAIM,1000,sfti_036168671888e7fda6a2abc9
T3_CLAIM,1000,sfti_f157f1db13c9b8bd01ad9a0f
T3_CLAIM,1000,sfti_45f9ed499b802a4896fdb86d
T3_CLAIM,1000,sfti_a2bee14f166e1896405d0e36
T3_CLAIM,1000,sfti_d58a2f2ab95f96ba90e23a73
T3_CLAIM,1000,sfti_4bb04d52a0766a2ec9d32307
T3_CLAIM,1000,sfti_56a56717a2b8802d738217eb
T3_CLAIM,1000,sfti_94d797d4cbf31aa9afc58c3d
T3_CLAIM,1000,sfti_b008596a8dbee7517a393e1d
T3_CLAIM,1000,sfti_4822950b9b72b6c6516f71e1
T3_CLAIM,1000,sfti_647177518ec3bdc86d056ac4
T3_CLAIM,1000,sfti_0b67a22a9c73401804d7138d
T3_CLAIM,1000,sfti_468f62b6579d2bd579dc18fb
T3_CLAIM,1000,sfti_1aba4d50747bb985a4149aa1
T3_CLAIM,1000,sfti_5141d8908c0b0783494e2878
T3_CLAIM,1000,sfti_ac5695b0fffc49a910e352cd
T3_CLAIM,1000,sfti_b2bb58f5005ce28d9879540d
T3_CLAIM,1000,sfti_9588f12b87e62d9bbde217b6
T3_CLAIM,1000,sfti_15c06152cdd900c6d7c54d31
T3_CLAIM,1000,sfti_2cf6e01532fb3ecc4bee8ce6
T3_CLAIM,1000,sfti_a99a88bfc9dcd244209244a0
T3_CLAIM,1000,sfti_18d783d8a37846c4179cdcc3
T3_CLAIM,1000,sfti_317785a144fbf937bab0bb42
T3_CLAIM,1000,sfti_48efe0373167a7d0733db7e1
T3_CLAIM,1000,sfti_21483098cfc5336e6cd67f0b
T3_CLAIM,1000,sfti_b960a0ffa85fac29a678d26d
T3_CLAIM,1000,sfti_15efd96fe074a6ab33472ca1
T3_CLAIM,1000,sfti_0dfa1ce53f55fbc0476464ff
T3_CLAIM,1000,sfti_989cc8c78d47c6133f38147f
T3_CLAIM,1000,sfti_bdaafd181c8aac5a9f3c3aca
T3_CLAIM,1000,sfti_df959ab0d476ef546f1409e6
T3_CLAIM,1000,sfti_6ef9d5da92a554dbe9e4fefe
T3_CLAIM,1000,sfti_f4db50bd07df358925a220dc
T3_CLAIM,1000,sfti_136cb1fe7a2125677d117ab8
T3_CLAIM,1000,sfti_4f83e0bedfcd5e31401d3f8b
T3_CLAIM,1000,sfti_73d38a6e430433d5ee7c47e3
T3_CLAIM,1000,sfti_0b5e4bb9b90c30e92b781a1e
T3_CLAIM,1000,sfti_887ec1f5e2fe34b2fae6c40f
T3_CLAIM,1000,sfti_66019b949b54242d295fe027
T3_CLAIM,1000,sfti_246be0fc6c84a2575e479761
T3_CLAIM,1000,sfti_1fad25835c6d94b6c129cfb2
T3_CLAIM,1000,sfti_8fb88a7e5172de34e074caea
T3_CLAIM,1000,sfti_a1aae4b20985515cb5ffab2e
T3_CLAIM,1000,sfti_669050d397ea8155d9fa3952
T3_CLAIM,1000,sfti_116608a87039ce6167811581
T3_CLAIM,1000,sfti_1e2126688766c8142ce4c893
T3_CLAIM,1000,sfti_646895453a31332b50e857dd
T3_CLAIM,1000,sfti_fe5d8ed726fccb8e9b1d3f20
T3_CLAIM,1000,sfti_a38a64ee0b09df4fa2ca191c
T3_CLAIM,1000,sfti_35eecafad197fdc0e4b1fab7
T3_CLAIM,1000,sfti_1b3984562b02697cbf9d6fe6
T3_CLAIM,1000,sfti_02ff9639a2a9847eb3b5b880
T3_CLAIM,1000,sfti_f50c6f5591fd10e05857a8b8
T3_CLAIM,1000,sfti_358ee834ea05d5acdc13c08d
T3_CLAIM,1000,sfti_59185ad14b1ef804f0a2c7ae
T3_CLAIM,1000,sfti_ecc9754552309881c33a9be4
T3_CLAIM,1000,sfti_cc87d9267b0ba6d4a073bfa3
T3_CLAIM,1000,sfti_3be0d095924947f5e2fa9aeb
T3_CLAIM,1000,sfti_c05ca2886629cafb0bce78b3
T3_CLAIM,1000,sfti_f5cf03c62d23ac598140f835
T3_CLAIM,1000,sfti_93bfb662eb211d1f3eb36ce7
T3_CLAIM,1000,sfti_435add15b59cf816079e3c3d
T3_CLAIM,1000,sfti_5bab52428bf738976ee3cb9b
T3_CLAIM,1000,sfti_e03817528ceffbfc984d2fa4
T3_CLAIM,1000,sfti_dc145ef15b7488255961c0bc
T3_CLAIM,1000,sfti_96385ac17bf5d8fa9a71f433
T3_CLAIM,1000,sfti_1fafa59bde542c44fc8f12e4
T3_CLAIM,1000,sfti_a0002de97c71d2dd8850490f
T3_CLAIM,1000,sfti_783b2d33779daa08f7d13f8c
T3_CLAIM,1000,sfti_3102f4d5e767f1b1af763547
T3_CLAIM,1000,sfti_d2bf26855255927fae294927
T3_CLAIM,1000,sfti_2b97deb267103398f6981f7c
T3_CLAIM,1000,sfti_11d464403e863aa671dab778
T3_CLAIM,1000,sfti_96064a77bd49052bf661c88e
T3_CLAIM,1000,sfti_4844f66f5aa3f7c3e75df4af
T3_CLAIM,1000,sfti_0e1e139f0e0929082fde8075
T3_CLAIM,1000,sfti_e061808a705a89f275f3f2c1
T3_CLAIM,1000,sfti_d6d1669b6e9d727879d35aad
T3_CLAIM,1000,sfti_bcbd067f691e7c26677e643c
T3_CLAIM,1000,sfti_97e0a4a0f6b91b3fa9cc7314
T3_CLAIM,1000,sfti_08cf0d68933f5ff66bc550d2
T3_CLAIM,1000,sfti_cf1634f219e16f02715246bd
T3_CLAIM,1000,sfti_fbfd30752366b5f406b761ac
T3_CLAIM,1000,sfti_9d7017ad6ce52cd0d16cf1b7
T3_CLAIM,1000,sfti_6760f2c12adcaa3adb4c46f0
T3_CLAIM,1000,sfti_71679c1757475935d767dbba
T3_CLAIM,1000,sfti_59ce9a4c08165b044b0115e0
T3_CLAIM,1000,sfti_6f2c66b6ce0a048ec124fb5a
T3_CLAIM,1000,sfti_1c833b677b4410e87c9bc15c
T3_CLAIM,1000,sfti_897c49287f1ac1531c8ffa19
T3_CLAIM,1000,sfti_7547ad2b82a15b3013482c44
T3_CLAIM,1000,sfti_8a3524f010ac6175fe5f8860
T3_CLAIM,1000,sfti_d7521646944060b6372dc6b4
T3_CLAIM,1000,sfti_4ce003881cbb32d7a19031fc
T3_CLAIM,1000,sfti_30d58e677d37c923d91189f6
T3_CLAIM,1000,sfti_7a3de8841c4f7bb5637a7db7
T3_CLAIM,1000,sfti_26c1863e20e7bc8f126e742c
T3_CLAIM,1000,sfti_2a538bc2de02e33c9728e7ee
T3_CLAIM,1000,sfti_07ea421216fc9f554fdc8316
T3_CLAIM,1000,sfti_f6de80eb0ff7e0e412c7695c
T3_CLAIM,1000,sfti_dfeb3e853cc98cbda7664c73
T3_CLAIM,1000,sfti_7164fdd145bb230033eed6c0
T3_CLAIM,1000,sfti_93ffa70485102080e2dd9e4f
T3_CLAIM,1000,sfti_de34c3892b0285ef2469fbe9
T3_CLAIM,1000,sfti_638f4696b37ba2cda35d8674
T3_CLAIM,1000,sfti_8b9420c1667485a8d2192136
T3_CLAIM,1000,sfti_171bbbabb26f52e80f14bfa7
T3_CLAIM,1000,sfti_2b273c4fae7a17e51156046a
T3_CLAIM,1000,sfti_187a3a40b47e8ddedaed0660
T3_CLAIM,1000,sfti_5d86ea6281b57952371446bd
T3_CLAIM,1000,sfti_d7e6ba033c54f99cb14fd41d
T3_CLAIM,1000,sfti_36464309ba5a7f4ed960adca
T3_CLAIM,1000,sfti_ec450e27da85fbcef86034d0
T3_CLAIM,1000,sfti_5394eb875f34504484dcb17c
T3_CLAIM,1000,sfti_22b362e68658bed68f30a384
T3_CLAIM,1000,sfti_08c3e025aa15c2c19a7dcb9f
T3_CLAIM,1000,sfti_31e7306f311fb63ca0b1e2f8
T3_CLAIM,1000,sfti_0513bcf9efa2bb58c856c19b
T3_CLAIM,1000,sfti_8ef2e927df7bb57553f37618
T3_CLAIM,1000,sfti_6209bfac2319bad14204fb7d
T3_CLAIM,1000,sfti_4fac7be49767d10eed76d939
T3_CLAIM,1000,sfti_785310cc48e619cc59f0a3e3
T3_CLAIM,1000,sfti_032f86792e871f609749810e
T3_CLAIM,1000,sfti_e948532847354edbf2495b36
T3_CLAIM,1000,sfti_602336940dae84e42c0163ce
T3_CLAIM,1000,sfti_8c4bd44f45e0002ccd8f71ca
T3_CLAIM,1000,sfti_64d4b5efa29a91e130de7457
T3_CLAIM,1000,sfti_f1dd00847d629e8f554f34ef
T3_CLAIM,1000,sfti_70893af9941e0856d71d996b
T3_CLAIM,1000,sfti_0a41ccca21ae6a123c4b1826
T3_CLAIM,1000,sfti_1549841e0b69b68aac244bb6
T3_CLAIM,1000,sfti_aaa62d7f6eea5375739b2f3c
T3_CLAIM,1000,sfti_a4b86453ffe88004c801df28
T3_CLAIM,1000,sfti_66be7f08215858d4f4c9a372
T3_CLAIM,1000,sfti_7cfc57b70f81c7ff2b49fdae
T3_CLAIM,1000,sfti_790a1b39e8d882fccad15e62
T3_CLAIM,1000,sfti_bd5a0ac2d3cfa51ea27e811a
T3_CLAIM,1000,sfti_3d6f4060c74ba67f2f44d5f1
T3_CLAIM,1000,sfti_9324010dfcaab820c5c40300
T3_CLAIM,1000,sfti_5b3d048a8252b6c1f0239096
T3_CLAIM,1000,sfti_ab37a6df885d481e03764c0c
T3_CLAIM,1000,sfti_f455aeabc7fb87b00a237db2
T3_CLAIM,1000,sfti_50e04d3906685b11996063b5
T3_CLAIM,1000,sfti_0830bc13d5522688053baa37
T3_CLAIM,1000,sfti_d1d40ecaf28327885341cf71
T3_CLAIM,1000,sfti_5365cc19acdfa61a4e89e8c9
T3_CLAIM,1000,sfti_500984e3cf7a42ad40425a39
T3_CLAIM,1000,sfti_30dad3b175995075fea2eef3
T3_CLAIM,1000,sfti_a979ad78b07281c4638e6630
T3_CLAIM,1000,sfti_d1cf2b0d29a05904c8004f18
T3_CLAIM,1000,sfti_f722ae05719b2c45c13783ce
T3_CLAIM,1000,sfti_fccddda9c295beeb7826b579
T3_CLAIM,1000,sfti_acce887b27ce1933c14a88b7
T3_CLAIM,1000,sfti_cc925d634ef8706920c1c356
T3_CLAIM,1000,sfti_45be3a78a0c750223fabc817
T3_CLAIM,1000,sfti_741480d2bb9f93e74748eb80
T3_CLAIM,1000,sfti_5bb791f52bf2d0efbf504430
T3_CLAIM,1000,sfti_51aee42b65d09b940b95e1ad
T3_CLAIM,1000,sfti_d2e39c85f3f709c18d5c3c0f
T3_CLAIM,1000,sfti_1d22c12234a102673918e1ea
T3_CLAIM,1000,sfti_6ecd0f15165c5efa00610b2a
T3_CLAIM,1000,sfti_59c4c8b53db0c2917283cadb
T3_CLAIM,1000,sfti_f7ca1073ed7b698871961456
T3_CLAIM,1000,sfti_c14490b6c5d3835cb2b9096a
T3_CLAIM,1000,sfti_af98b87df9072ea078772508
T3_CLAIM,1000,sfti_abc0e58caf8bc4a744b666f1
T3_CLAIM,1000,sfti_a2007a876fdf1ab0100148ac
T3_CLAIM,1000,sfti_faa717e34b5c41710061d7db
T3_CLAIM,1000,sfti_1ab2528f2efe1005553f3619
T3_CLAIM,1000,sfti_02b236238e57877bba1aecd4
T3_CLAIM,1000,sfti_ba2614819a5315d75bc1e3df
T3_CLAIM,1000,sfti_f53112b8408c4d65a18214e5
T3_CLAIM,1000,sfti_6b5c41b25d39d06a1426535e
T3_CLAIM,1000,sfti_2ed440ceb37dbe63f054c7ac
T3_CLAIM,1000,sfti_295d98284158921627b01cab
T3_CLAIM,1000,sfti_03222f332eb5d54e1e46d323
T3_CLAIM,1000,sfti_a107121d534107996ae7ab88
T3_CLAIM,1000,sfti_803170064de2b1a4fa3d8e21
T3_CLAIM,1000,sfti_a11ebf748eff566f62ff004f
T3_CLAIM,1000,sfti_bb051b089f92ce81eb66ada5
T3_CLAIM,1000,sfti_da488908d89c3c5101a10167
T3_CLAIM,1000,sfti_7d76a8e198a89f039fcea4bc
T3_CLAIM,1000,sfti_4b8851eeb0412d1bbd2011a5
T3_CLAIM,1000,sfti_14089db94c29c045a7faeafb
T3_CLAIM,1000,sfti_b0adc4dcbd56477d3452f133
T3_CLAIM,1000,sfti_a03f5f4f2a1b5e639e1614fc
T3_CLAIM,1000,sfti_1b1b4438052edc17f58d3199
T3_CLAIM,1000,sfti_3141e359cc978aaf41b895bc
T3_CLAIM,1000,sfti_48b13ce7d8578abbcc052e98
T3_CLAIM,1000,sfti_b8ddd20e66290f3eb9c5383a
T3_CLAIM,1000,sfti_a84908c6d54f9bfb14832e54
T3_CLAIM,1000,sfti_f6698138c43a45368f0a823c
T3_CLAIM,1000,sfti_2a37adb4dc75a6cd24243276
T3_CLAIM,1000,sfti_2d9523885b40e9246746a74b
T3_CLAIM,1000,sfti_e44d33ae7768ea40a59ade27
T3_CLAIM,1000,sfti_f1a069b310f106eef1f65573
T3_CLAIM,1000,sfti_b0989d0a7343d291c5c47d0b
T3_CLAIM,1000,sfti_7e557b9a2bd5aed2675fe151
T3_CLAIM,1000,sfti_35171a900b1bbec9b6785c66
T3_CLAIM,1000,sfti_faf0e350ec2b3547b4c152d8
T3_CLAIM,1000,sfti_5c9062b6e4f189e20016cfc9
T3_CLAIM,1000,sfti_7cbeadb754981ff8149902c4
T3_CLAIM,1000,sfti_dab0231fdbb52e7d56e792e7
T3_CLAIM,1000,sfti_013ae49ee94f76ce90df1ba0
T3_CLAIM,1000,sfti_20ce5eb22b73c33b4fea0e57
T3_CLAIM,1000,sfti_b86614d81adbe0a8d435bb65
T3_CLAIM,1000,sfti_d12aca1ed20106eaa59bcc56
T3_CLAIM,1000,sfti_9afe22576ca8df36043e888e
T3_CLAIM,1000,sfti_933a5a444be9c16e6527f446
T3_CLAIM,1000,sfti_03ce0dec3852c5d8168e78e0
T3_CLAIM,1000,sfti_04e94e5b65fea5a6bb96245c
T3_CLAIM,1000,sfti_0cee49bc6741c86d014d72bb
T3_CLAIM,1000,sfti_012d999dad3ce149af8e7227
T3_CLAIM,1000,sfti_f2122c24320b372ee4e8ffcc
T3_CLAIM,1000,sfti_e717258d099eb20ae6b32890
T3_CLAIM,1000,sfti_1f39021d04a7ec1d1c5efbc3
T3_CLAIM,1000,sfti_4bfdccb0dc8a6fa4f4f67392
T3_CLAIM,1000,sfti_fc8dd37d32df026b3dec98b6
T3_CLAIM,1000,sfti_b2c709d209aa730a6f9ba27e
T3_CLAIM,1000,sfti_956bc6ab609098476890434b
T3_CLAIM,1000,sfti_8c21e97ed974b0097f1e4262
T3_CLAIM,1000,sfti_03ec2e4cf43d40510438a8bf
T3_CLAIM,1000,sfti_c87e5fa3aff9c80375de1bab
T3_CLAIM,1000,sfti_165ed03369a0903c54806c45
T3_CLAIM,1000,sfti_456495353f7764ff8ac7bc50
T3_CLAIM,1000,sfti_6cb090c2902b79e5162d7e98
T3_CLAIM,1000,sfti_9702dfae0f42620d9eafbd86
T3_CLAIM,1000,sfti_5b0744963dd0c59da5b22470
T3_CLAIM,1000,sfti_f8bfb8c0211d8f35410550f9
T3_CLAIM,1000,sfti_75da86dbe452567c608ca636
T3_CLAIM,1000,sfti_82c20f618ef31e52bca5f9aa
T3_CLAIM,1000,sfti_f5f82aaddddd6f4def035f54
T3_CLAIM,1000,sfti_c46bfd89ead8f96971025b6e
T3_CLAIM,1000,sfti_2085bb45e4be741104b7339d
T3_CLAIM,1000,sfti_219171e8f74649062711f489
T3_CLAIM,1000,sfti_f2da54b17126b34a596b162f
T3_CLAIM,1000,sfti_01893056a8eeae92525dea45
T3_CLAIM,1000,sfti_e99f02a88362862f55a302fa
T3_CLAIM,1000,sfti_443ac7b4b5af26239c2b8984
T3_CLAIM,1000,sfti_2cc142f4b58d39b09cb9b854
T3_CLAIM,1000,sfti_b4b1ee280b4249519a555090
T3_CLAIM,1000,sfti_ddfcdab53a1347d102ab7183
T3_CLAIM,1000,sfti_199b47ba1158bfd31633e3d7
T3_CLAIM,1000,sfti_e743a03fc849dd75fc9cb7c2
T3_CLAIM,1000,sfti_47f3dc33420e22000c49e6cd
T3_CLAIM,1000,sfti_0c8f6b4d8e328e0de4406509
T3_CLAIM,1000,sfti_6b6a6238ec18c33216f46bc2
T3_CLAIM,1000,sfti_fd2efb5a4c4c05c72b917edc
T3_CLAIM,1000,sfti_de5943a75a222f3b00ef201b
T3_CLAIM,1000,sfti_7b86f306f3090d9ac6a81600
T3_CLAIM,1000,sfti_2b8489d7ba0bf33e64e0d70b
T3_CLAIM,1000,sfti_d29833fd45bf4065e46b7796
T3_CLAIM,1000,sfti_d2409550f811cb904e9fb4cf
T3_CLAIM,1000,sfti_48b35a66f9bcc56212854d0e
T3_CLAIM,1000,sfti_b90fbab4ce4c9b8240af6323
T3_CLAIM,1000,sfti_c7d8f47b116d46217b17bf34
T3_CLAIM,1000,sfti_761a3412ef4a169e080aa577
T3_CLAIM,1000,sfti_e6d51844d857b86df700309a
T3_CLAIM,1000,sfti_17419155a343c46961ba1372
T3_CLAIM,1000,sfti_b7a0d188f4d9223dc7c40dee
T3_CLAIM,1000,sfti_b26587a42aedfa72369aa704
T3_CLAIM,1000,sfti_cef0b07f1629e4013fa59365
T3_CLAIM,1000,sfti_ad1ce6971d741805957d285d
T3_CLAIM,1000,sfti_415792b634991a840d8b90c6
T3_CLAIM,1000,sfti_1d67f742bc77150c1cd1e2d0
T3_CLAIM,1000,sfti_36c3e7270f070656179efc2d
T3_CLAIM,1000,sfti_4d9337103e78b8a13cf64333
T3_CLAIM,1000,sfti_93b925e0568b3b339d36304f
T3_CLAIM,1000,sfti_1f0c9b02a28e0a6a44a03f21
T3_CLAIM,1000,sfti_d6ef98be49718f8866bd276a
T3_CLAIM,1000,sfti_ebf653301b6939d326e929d3
T3_CLAIM,1000,sfti_e817037c82bbb2218abd481d
T3_CLAIM,1000,sfti_7d55444cae3fd0b29701d868
T3_CLAIM,1000,sfti_923facdf2f70c5aa5bb0bf16
T3_CLAIM,1000,sfti_86761e5fbf569afcf72a13b0
T3_CLAIM,1000,sfti_42333d0e3654eade5eed08ba
T3_CLAIM,1000,sfti_85b23697c3a1fbf4f6ca5ec7
T3_CLAIM,1000,sfti_497e4d56b4778a553fb01f0d
T3_CLAIM,1000,sfti_1c7e76065cf98f192de12c1c
T3_CLAIM,1000,sfti_e61146df1ba39c824f6e4906
T3_CLAIM,1000,sfti_41746a97bfeea51418970854
T3_CLAIM,1000,sfti_599e2ae1038f648cda16b5eb
T3_CLAIM,1000,sfti_9c34167ceb02b2135e7969ed
T3_CLAIM,1000,sfti_d4f9dd55cd10e653fbf38c82
T3_CLAIM,1000,sfti_6bfc8b8a6bb0d9f6434606e2
T3_CLAIM,1000,sfti_f0cf0cdda6da9223c13d2236
T3_CLAIM,1000,sfti_6fe482c7c2ea97191df5ac55
T3_CLAIM,1000,sfti_459b242b96ac2f303895e8ae
T3_CLAIM,1000,sfti_9a2fdf915746f4564885d5f1
T3_CLAIM,1000,sfti_d5bcf637d9ad729652b0c131
T3_CLAIM,1000,sfti_3187ef874d152a08c1f25296
T3_CLAIM,1000,sfti_7247fe4fcdf6eb806b0f6cb6
T3_CLAIM,1000,sfti_d9c9883a4c84eb0d35e47769
T3_CLAIM,1000,sfti_8c7716bd4d8b268ac30953b8
T3_CLAIM,1000,sfti_b59c29e8db01aec42bc62cd0
T3_CLAIM,1000,sfti_8d07aebd1081b4faf3227095
T3_CLAIM,1000,sfti_ca80e9cc9e6fe79971b57333
T3_CLAIM,1000,sfti_ab55b3c2c0aca89e72f323ef
T3_CLAIM,1000,sfti_b7df4c38542662cae176cc86
T3_CLAIM,1000,sfti_116b571a704da570fd0e60cd
T3_CLAIM,1000,sfti_57528217a0e0ebbe94c04879
T3_CLAIM,1000,sfti_9ae288b170185a3b5a291e49
T3_CLAIM,1000,sfti_9d815eccafbe7d5c50dd806b
T3_CLAIM,1000,sfti_7a66899d7db300f3fb8ecbd1
T3_CLAIM,1000,sfti_439581116011f6c9d6f52c46
T3_CLAIM,1000,sfti_3a113e386db43086bf432e6b
T3_CLAIM,1000,sfti_88ce6d6155f140c8188a1ae7
T3_CLAIM,1000,sfti_240cd9654e8043a7c4fbc8f6
T3_CLAIM,1000,sfti_bf88ef523c74fff16118b4dc
T3_CLAIM,1000,sfti_f98fa124c8e3b4748b1a0301
T3_CLAIM,1000,sfti_94df3838ef9d80a2b1fb6447
T3_CLAIM,1000,sfti_8075312b8540057a0d80ca25
T3_CLAIM,1000,sfti_e89b60812285ffce80c9a407
T3_CLAIM,1000,sfti_4eabb077bdb09c9df16a20b7
T3_CLAIM,1000,sfti_bd3598c80d247415c14c90dd
T3_CLAIM,1000,sfti_31c21a2b6c372597851210d3
T3_CLAIM,1000,sfti_accb6cd106ec529e947bff1c
T3_CLAIM,1000,sfti_36ecf4643bc12b01b8e0517f
T3_CLAIM,1000,sfti_964a80d5bf0a0973952a09ae
T3_CLAIM,1000,sfti_871a7d2e195518d48719be47
T3_CLAIM,1000,sfti_8d39e60753c2e7ecbb8b1c44
T3_CLAIM,1000,sfti_737b457c6a91b1547fd33712
T3_CLAIM,1000,sfti_ad8b9445a8dd544c057d5a4c
T3_CLAIM,2000,sfti_8f590cd71afaaa1006d872f1
T3_CLAIM,2000,sfti_dea35a3d72ebe82b7219546e
T3_CLAIM,2000,sfti_5d06a6660c12610467543a06
T3_CLAIM,2000,sfti_4d0e2243d8d5753787df8d9e
T3_CLAIM,2000,sfti_653e8644f56f90677e1b7e89
T3_CLAIM,2000,sfti_6a18078d57bcfa2573193034
T3_CLAIM,2000,sfti_7bf2a2e12321fbd4a685675e
T3_CLAIM,2000,sfti_7edc44edcb5862a8957b42d7
T3_CLAIM,2000,sfti_a63a56d3f63c562ea4c3a7eb
T3_CLAIM,2000,sfti_e5fac853998282886183c1f3
T3_CLAIM,2000,sfti_f3493b743f64f39fdefe6c29
T3_CLAIM,2000,sfti_361ceb4376f62c46b7a0331e
T3_CLAIM,2000,sfti_d425c8c71f496dd0f43e4ab5
T3_CLAIM,2000,sfti_4327dcf27d9b4fb5c42d05ef
T3_CLAIM,2000,sfti_e16a08cfa81de97a3f5cc323
T3_CLAIM,2000,sfti_d7e4a1140b33527135d907fb
T3_CLAIM,2000,sfti_b794108ba4cc4d08a4ea7ce7
T3_CLAIM,2000,sfti_d779ffe3d6cc25e455de9276
T3_CLAIM,2000,sfti_d81fc98633aa98f912835676
T3_CLAIM,2000,sfti_506b1e6115c036bb63bbfc60
T3_CLAIM,2000,sfti_8bf0675c7e2d2546bd59ed4f
T3_CLAIM,2000,sfti_b9bdba2b6abbcc9614506608
T3_CLAIM,2000,sfti_5ffa196f7e037276cda29e7f
T3_CLAIM,2000,sfti_1dccd78f393e7f5dc69620de
T3_CLAIM,2000,sfti_9d7cda994e4dcd9a190e7a6d
T3_CLAIM,2000,sfti_a3c957c4317ff550e3349f06
T3_CLAIM,2000,sfti_72a40a4db6e41cc69eacab49
T3_CLAIM,2000,sfti_19a6154bb3e048d7dd5afdd5
T3_CLAIM,2000,sfti_fd25ac69dee8d7ac37ff1774
T3_CLAIM,2000,sfti_573697beb30440d710716d43
T3_CLAIM,2000,sfti_a144fc51b80799f4c4087782
T3_CLAIM,2000,sfti_18f77d836a8b940a5054a913
T3_CLAIM,2000,sfti_60ee878413ba0e0e46c1ca3a
T3_CLAIM,2000,sfti_b683dd564b2d891d55b413f6
T3_CLAIM,2000,sfti_252792a66831e525596519f6
T3_CLAIM,2000,sfti_e5b1a94882d3e5f061be3ef2
T3_CLAIM,2000,sfti_11b316ee7f53b76ee5b0662a
T3_CLAIM,2000,sfti_d71ad51c237451b5ccf06607
T3_CLAIM,2000,sfti_102181250af19314c9f1ce3a
T3_CLAIM,2000,sfti_d0440956d363e5022e52f418
T3_CLAIM,2000,sfti_2f149407aca6a9a3c0b76d52
T3_CLAIM,2000,sfti_6468301807b434dc45ce4e8e
T3_CLAIM,2000,sfti_d10181219ab2b7ac1c3ec586
T3_CLAIM,2000,sfti_7823d937255455c6642b9c3a
T3_CLAIM,2000,sfti_fc75241b588febb7d5feac6d
T3_CLAIM,2000,sfti_00d0a4d8c8030d2e943a4f10
T3_CLAIM,2000,sfti_9a08ebbb67eac0795e9f71f2
T3_CLAIM,2000,sfti_28fa5e3600557e06bcd9c18b
T3_CLAIM,2000,sfti_80554039da1090275162e46d
T3_CLAIM,2000,sfti_7154db7bf38aeac020c0a6a2
T3_CLAIM,2000,sfti_af74f322a1332a79c23742c4
T3_CLAIM,2000,sfti_589a6f6dc4d12b124ed7c616
T3_CLAIM,2000,sfti_e9d6ba8c235f44c03a1ab5b1
T3_CLAIM,2000,sfti_e9db475e8a08ea1a720bf8e2
T3_CLAIM,2000,sfti_5e4419d73c3e9b2248f3f72c
T3_CLAIM,2000,sfti_b6e8640609dd89dc92ffa512
T3_CLAIM,2000,sfti_fe0981192ee634c260b8d6fb
T3_CLAIM,2000,sfti_48fd95028ab8cd00a92f3eeb
T3_CLAIM,2000,sfti_4dc7b81786d7432ecc149769
T3_CLAIM,2000,sfti_64ad41c5efb77007bd1c9354
T3_CLAIM,2000,sfti_7fd92293793f586f321193c9
T3_CLAIM,2000,sfti_bc23c6d454b91fd24abfd336
T3_CLAIM,2000,sfti_f1d2f6b1ea026d680251fce8
T3_CLAIM,2000,sfti_9bdb119a7015af972790b0da
T3_CLAIM,2000,sfti_4162ccd5a4560b41b60749f8
T3_CLAIM,2000,sfti_06ff716f227dd7d1678da69b
T3_CLAIM,2000,sfti_2e364086d22fc4a1d310341d
T3_CLAIM,2000,sfti_f312c3f0b9000ba2f895b7e9
T3_CLAIM,2000,sfti_cc2945739b45d3904ba8b349
T3_CLAIM,2000,sfti_71263e9cc48c5416d3883909
T3_CLAIM,2000,sfti_c145ccf6497a8ff9b77b735a
T3_CLAIM,2000,sfti_b0397524ba1b9dbb7125639f
T3_CLAIM,2000,sfti_ed67f81d4c1cf20816874b35
T3_CLAIM,2000,sfti_277bed6a904ceed497e00f29
T3_CLAIM,2000,sfti_c964e8112fab16f4f83f3b0e
T3_CLAIM,2000,sfti_9d542de427e9ea5d886d8ec4
T3_CLAIM,2000,sfti_18c773fb7332e45c4e714314
T3_CLAIM,2000,sfti_b33a4a5af4bca3c5ac0dc9a4
T3_CLAIM,2000,sfti_f6a02e6639610187316ea785
T3_CLAIM,2000,sfti_805af5e7cad0fcb7e2a5c9fe
T3_CLAIM,2000,sfti_d3222d492f8d07b114d7230d
T3_CLAIM,2000,sfti_dc87859ab8e5a1a5351f6186
T3_CLAIM,2000,sfti_2e901f1a37ea90ba24adbe8d
T3_CLAIM,2000,sfti_51e169768a7c2467c880f352
T3_CLAIM,2000,sfti_3d9efc62c3d1e9515a3b0223
T3_CLAIM,2000,sfti_59a56da3dfebcdfacc136ddb
T3_CLAIM,2000,sfti_d700e52cea260d4f79282e25
T3_CLAIM,2000,sfti_808062fca0ead23aeace5d07
T3_CLAIM,2000,sfti_5bfe83097421905a4070f7fa
T3_CLAIM,2000,sfti_a74f4ed76025d4de49968531
T3_CLAIM,2000,sfti_41d3b4782bac99b07d90caf4
T3_CLAIM,2000,sfti_1d251ad7d4081a4a093e6026
T3_CLAIM,2000,sfti_2312d957467ff1d61a847627
T3_CLAIM,2000,sfti_52e154cc3b7ae8f7bf5feeca
T3_CLAIM,2000,sfti_3e9d626dd313badc0a4caaa9
T3_CLAIM,2000,sfti_3bff2ec9e2bbf92002b72834
T3_CLAIM,2000,sfti_250a83b9a1c21004eb4067c2
T3_CLAIM,2000,sfti_ebe763473712a4681a2e32d1
T3_CLAIM,2000,sfti_3a01cf3833731250cb3c9e3b
T3_CLAIM,2000,sfti_32aa2ac6c08ebb57e4ed1dd0
T3_CLAIM,2000,sfti_69ea722d0e7f8b70b4ed24c5
T3_CLAIM,2000,sfti_3383baec480e2fe40b2b55e7
T3_CLAIM,2000,sfti_9970b3f27c6969fa1e151845
T3_CLAIM,2000,sfti_16df2ba1ddabfcffd971dce8
T3_CLAIM,2000,sfti_2d7194588a5c6e3c44653a6b
T3_CLAIM,2000,sfti_544ca1fd2ae3a240ec3f1a71
T3_CLAIM,2000,sfti_1761b63ccebbfaea30a03343
T3_CLAIM,2000,sfti_91ca1634c956bb04916fd461
T3_CLAIM,2000,sfti_a5004a53ec15ae4447e29178
T3_CLAIM,2000,sfti_46384757e0b734eee34bc8fb
T3_CLAIM,2000,sfti_8b1a71c5ba09dae1ba54f3ae
T3_CLAIM,2000,sfti_1c653536ccb2f83a0a2eb86c
T3_CLAIM,2000,sfti_a8d99f90b400c9c002416d29
T3_CLAIM,2000,sfti_9a118eb26e7fb43e29b4ec5e
T3_CLAIM,2000,sfti_beaf5eca5bec773adb0cb892
T3_CLAIM,2000,sfti_370036207c917ad5e35619e3
T3_CLAIM,2000,sfti_5f6e1ccaadef471ac13583aa
T3_CLAIM,2000,sfti_55bd9e6dc26b848ce21874a4
T3_CLAIM,2000,sfti_e8cea29045bbbf96e115c7d0
T3_CLAIM,2000,sfti_711551acdf50c68f32bf8eee
T3_CLAIM,2000,sfti_2d8b2e56c2dcc7282733dc49
T3_CLAIM,2000,sfti_c659da0e8aff36db0ea8052a
T3_CLAIM,2000,sfti_aba39e4fb5c03983388d254c
T3_CLAIM,2000,sfti_6ce7926b6bad6191dd9554bf
T3_CLAIM,2000,sfti_1142c7208bdf835cfd70f9f8
T3_CLAIM,2000,sfti_dec286003a8dc7d6c9ca25dc
T3_CLAIM,2000,sfti_54607d508b17053b794f8950
T3_CLAIM,2000,sfti_d8fbce0dc52d9d8c7fd5e5cc
T3_CLAIM,2000,sfti_7d910c9af98158df2c601425
T3_CLAIM,2000,sfti_bc4ac64049e06b9a0c3c155f
T3_CLAIM,2000,sfti_28cc2d89e3883a165e574e22
T3_CLAIM,2000,sfti_1d685e38829f8a76b20ab463
T3_CLAIM,2000,sfti_849fb8d71afd8f7cef3645b7
T3_CLAIM,2000,sfti_174d04e8fffc3874025916f6
T3_CLAIM,2000,sfti_c76639c3c348a3a746f6406c
T3_CLAIM,2000,sfti_873e01b81fb2e081a887d942
T3_CLAIM,2000,sfti_c8855ca2bcdf6b7bfa8fbbab
T3_CLAIM,2000,sfti_407df20543f1eb1002458564
T3_CLAIM,2000,sfti_35bc598e3ec3f9d5ecf8ea46
T3_CLAIM,2000,sfti_7f2ba9f1a92c16ef19ad58bf
T3_CLAIM,2000,sfti_f0b88dd7ab667fe1b834a619
T3_CLAIM,2000,sfti_a53310398c5fcffed49c149f
T3_CLAIM,2000,sfti_9a27ba15204dae5538e51a87
T3_CLAIM,2000,sfti_c9bb171408114ae58204f6b5
T3_CLAIM,2000,sfti_d46df0c4ac8d454244b34e3f
T3_CLAIM,2000,sfti_51460ebc4cbe9cf3775a41e1
T3_CLAIM,2000,sfti_f8fcdff235e4b4539620b1b1
T3_CLAIM,2000,sfti_206f1c975f2ca9070d911553
T3_CLAIM,2000,sfti_dc8599ac6386e864aae1fa28
T3_CLAIM,2000,sfti_7da30300723727175b7da04d
T3_CLAIM,2000,sfti_693036c42a03cbe78f73393b
T3_CLAIM,2000,sfti_097311d9fe5bb44c7e0577e4
T3_CLAIM,2000,sfti_a5df662923a337b71c4230d8
T3_CLAIM,2000,sfti_677415d2ddbbe7dad10d21a4
T3_CLAIM,2000,sfti_9120c149c9d00327ea4dc9dc
T3_CLAIM,2000,sfti_0d54ff91be9fd5d35fb294cc
T3_CLAIM,2000,sfti_f00ff657d2210f2898f6e010
T3_CLAIM,2000,sfti_2afbfc1ecd6da1786973b8bd
T3_CLAIM,2000,sfti_563dfc429c7b0a651e524575
T3_CLAIM,2000,sfti_98fe31222cf402b9c7d95d5f
T3_CLAIM,2000,sfti_392b6aeeb618b8598c085c9a
T3_CLAIM,2000,sfti_66b9054f370cad8917c4e31b
T3_CLAIM,2000,sfti_eaf8c5b1e6cb3b918f2250c7
T3_CLAIM,2000,sfti_c563152a9cb301ce75a3f19a
T3_CLAIM,2000,sfti_5c0942bcf97fa23ebc6c87a3
T3_CLAIM,2000,sfti_bc31f41d9bdc7b0406361554
T3_CLAIM,2000,sfti_76d1bdd03c500ce805d74c14
T3_CLAIM,2000,sfti_e029365aa96f1ddeac909832
T3_CLAIM,2000,sfti_fd626d3997bffcf9e67397be
T3_CLAIM,2000,sfti_5f77b5c730cc02764ff0a799
T3_CLAIM,2000,sfti_710bda877138193b02b06fa6
T3_CLAIM,2000,sfti_4a0aec6933c4242e22fc1835
T3_CLAIM,2000,sfti_6190b85da2b2d4ec20e24c58
T3_CLAIM,2000,sfti_81d202e9e8d8989fad4eea61
T3_CLAIM,2000,sfti_72d1f478b670b0d3369cca3f
T3_CLAIM,2000,sfti_69f1782edde88807eb36050f
T3_CLAIM,2000,sfti_29f56839e832931fad3112bb
T3_CLAIM,2000,sfti_c4372ebaf9776ad43c44fc32
T3_CLAIM,2000,sfti_05d18068a222a964b89fe753
T3_CLAIM,2000,sfti_7ca8c095630a240088b1e3c7
T3_CLAIM,2000,sfti_937bdcd18d0c4b066dc64fb9
T3_CLAIM,2000,sfti_36ec803d4dcc6fbbb07f305c
T3_CLAIM,2000,sfti_9f2e4c25a27964c4b600337a
T3_CLAIM,2000,sfti_8d04bdb52e20d7a18f1da453
T3_CLAIM,2000,sfti_8962ea2af4b16f1d7dca41f2
T3_CLAIM,2000,sfti_015b5b3634075b2662ad5d0e
T3_CLAIM,2000,sfti_f754a872c4fb68c690b204f7
T3_CLAIM,2000,sfti_3925af69bea80b69be144980
T3_CLAIM,2000,sfti_a2d417fe146f9e2feeb5e676
T3_CLAIM,2000,sfti_211129c98ba853dbf5cbd0d4
T3_CLAIM,2000,sfti_4c52ffeec2c3ecc9e75cf60b
T3_CLAIM,2000,sfti_5aa2099fb2c1c031145b112a
T3_CLAIM,2000,sfti_568c923d0d00b4b1c5fe7536
T3_CLAIM,2000,sfti_407c3a9ffac253896ce21527
T3_CLAIM,2000,sfti_8443fb87988b4d331001b3d2
T3_CLAIM,2000,sfti_47a8ebbcbf3c321a5dad59f8
T3_CLAIM,2000,sfti_782d83ac8672481d975caf12
T3_CLAIM,2000,sfti_6ab09d6c229b34b46c59bd8e
T3_CLAIM,2000,sfti_69f5d3ce07a7da17eb8688f3
T3_CLAIM,2000,sfti_9e55b3a764731261ac061ac4
T3_CLAIM,2000,sfti_689eb8381e9af2eb41fac3ab
T3_CLAIM,2000,sfti_a4a28ba0f0ee699532fe02a9
T3_CLAIM,2000,sfti_97d5ad376c0e2c40ff51ccaa
T3_CLAIM,2000,sfti_d390e60690049ecf59875b28
T3_CLAIM,2000,sfti_df9e4bf5f44c17d3b7a8ed18
T3_CLAIM,2000,sfti_56a7ddd79f85f4e25014da27
T3_CLAIM,2000,sfti_bb7aa94353603c42cff5dd03
T3_CLAIM,2000,sfti_89b0209541cee9c8202540d4
T3_CLAIM,2000,sfti_0a07cd80433686119133037b
T3_CLAIM,2000,sfti_4033555591def617abb11249
T3_CLAIM,2000,sfti_b7a81c7816c04844f15eebbe
T3_CLAIM,2000,sfti_d89e51fd4c7f6f5058be6713
T3_CLAIM,2000,sfti_8e272573813d6f68615065ec
T3_CLAIM,2000,sfti_dd7d17bf7ca779b74b1396eb
T3_CLAIM,2000,sfti_33586a473c38aebd535d57f5
T3_CLAIM,2000,sfti_ddf5c9b3f813e7db36467585
T3_CLAIM,2000,sfti_db672f076dcfcd0d3122493d
T3_CLAIM,2000,sfti_f71ca15dd8571277ab6b892d
T3_CLAIM,2000,sfti_1143a970aed5d80c7b3b310f
T3_CLAIM,2000,sfti_cf1b1063803d5d0306b6f04e
T3_CLAIM,2000,sfti_3ec8683fe8ee449e098073d6
T3_CLAIM,2000,sfti_8fe460efd7ff706fb0d42133
T3_CLAIM,2000,sfti_9093fa43494054048aa58c2b
T3_CLAIM,2000,sfti_f5833ad71955639a53d6883a
T3_CLAIM,2000,sfti_394a23a0ef23587b1339c9ab
T3_CLAIM,2000,sfti_a86f316c5f1b4f20ef95ab3c
T3_CLAIM,2000,sfti_599767a2c68425bd372257b7
T3_CLAIM,2000,sfti_4cc041008ab1f19d48495ac6
T3_CLAIM,2000,sfti_7184bfafeaaea3465c609fcd
T3_CLAIM,2000,sfti_50bddaca6cd050c2b7928c6f
T3_CLAIM,2000,sfti_3d82d30bf797958d944284fc
T3_CLAIM,2000,sfti_0086cbb3d56d5f7635531074
T3_CLAIM,2000,sfti_00fc21739280ee8314b4027f
T3_CLAIM,2000,sfti_c68b5c3e3c4c2a471680541c
T3_CLAIM,2000,sfti_0567f2a568ec0908d4aec74c
T3_CLAIM,2000,sfti_ab2f153cdeb760c660cc919d
T3_CLAIM,2000,sfti_b57abeb2c1068d80c84be989
T3_CLAIM,2000,sfti_d4d3054a44ae7ab7a46a7598
T3_CLAIM,2000,sfti_d393cdd3a9536bc7a587a1ee
T3_CLAIM,2000,sfti_048e0d19d70c52d2ba690b90
T3_CLAIM,2000,sfti_742ed373a1a6689673d0c0cf
T3_CLAIM,2000,sfti_103cc16ac51f106d01ab43d9
T3_CLAIM,2000,sfti_ff5852985b57587921513ca2
T3_CLAIM,2000,sfti_5951f49c264fde42557146aa
T3_CLAIM,2000,sfti_3330f45514d23ecb8e5fedfd
T3_CLAIM,2000,sfti_b6d15f026e5cb9c5ce959c23
T3_CLAIM,2000,sfti_f7a60d9e3f6bba4b94cec612
T3_CLAIM,2000,sfti_78477065146884df72a529da
T3_CLAIM,2000,sfti_67259a6eaa486ead361c0c79
T3_CLAIM,2000,sfti_ce71121d0fe6f24b6042a001
T3_CLAIM,2000,sfti_7661a6fda10abe1407af02e4
T3_CLAIM,2000,sfti_abbf531b34789496f585acac
T3_CLAIM,2000,sfti_c75b88b5b5469f09b545c7f5
T3_CLAIM,2000,sfti_a49bfefe23dbf83c649293d1
T3_CLAIM,2000,sfti_746b67b8489bdcd4ad160976
T3_CLAIM,2000,sfti_a13e0640110813f56758efeb
T3_CLAIM,2000,sfti_4d5a82bdf193e6fe7208985a
T3_CLAIM,2000,sfti_f1e89ff6876ebca6baf80268
T3_CLAIM,2000,sfti_a9339a431dd381c158cfd857
T3_CLAIM,2000,sfti_6d96b00865a242930b253d53
T3_CLAIM,2000,sfti_76013df83f140ca631bcc0c8
T3_CLAIM,2000,sfti_6b5ead4a9b8946c3676e8b44
T3_CLAIM,2000,sfti_826fac8aff5391acaafb43d4
T3_CLAIM,2000,sfti_c91ba79ec4e4ba6b84afe480
T3_CLAIM,2000,sfti_854a623ab65b650e368bf7f7
T3_CLAIM,2000,sfti_85dc0acf102155e5e30b07dd
T3_CLAIM,2000,sfti_98ff35e17a75f68f2136d8ef
T3_CLAIM,2000,sfti_1b818b4e882e071208b1909c
T3_CLAIM,2000,sfti_e89bfc3debbffda80467a9bc
T3_CLAIM,2000,sfti_c0921b8d6fbec362da2c28ce
T3_CLAIM,2000,sfti_feb3febc005397ebd8701c66
T3_CLAIM,2000,sfti_b5f6d40886b1c2956bc9bd63
T3_CLAIM,2000,sfti_676285b94d090b5b0afefbd6
T3_CLAIM,2000,sfti_16d797a00e8c41d1a7edfa93
T3_CLAIM,2000,sfti_c97649de2b7cf30a995797d7
T3_CLAIM,2000,sfti_d04779c48beac01ad7fbb776
T3_CLAIM,2000,sfti_0d81364d0a5d115d6e662567
T3_CLAIM,2000,sfti_58bdeb9985f5d6c33269ff47
T3_CLAIM,2000,sfti_a6568c2e9d4c22d5404d1da1
T3_CLAIM,2000,sfti_48e5f452f67b8bb99f43cd64
T3_CLAIM,2000,sfti_e5533dff885cc6ed7cf1febb
T3_CLAIM,2000,sfti_253519e0205f7c75e6388cef
T3_CLAIM,2000,sfti_352d0c10d82be1c715ad094c
T3_CLAIM,2000,sfti_51a363e500191f2d74a6cb17
T3_CLAIM,2000,sfti_76c1b63c4b26c371e3e65166
T3_CLAIM,2000,sfti_21cbeee499e779ae1d12dc66
T3_CLAIM,2000,sfti_8bb442f0967d82932869ba9d
T3_CLAIM,2000,sfti_7ca3bf73d6bb3b45aa0de3d6
T3_CLAIM,2000,sfti_b7703a0b0bcd73fd2c18b744
T3_CLAIM,2000,sfti_8a6e704cd0946cab51873b0e
T3_CLAIM,2000,sfti_c474d6212f374c5255ca3def
T3_CLAIM,2000,sfti_0fa45de5e93313bb53f13cbe
T3_CLAIM,2000,sfti_8fcad480d24ccb4294db267a
T3_CLAIM,2000,sfti_6c4452dc5d2bb96abce35225
T3_CLAIM,2000,sfti_b998d223ca526e8ca18b1d46
T3_CLAIM,2000,sfti_68adcfdd9bc6b50e39af0919
T3_CLAIM,2000,sfti_58a126c09a8bc75acbfcd48c
T3_CLAIM,2000,sfti_d3cf16cae0f7d7cd448dfe1a
T3_CLAIM,2000,sfti_9b3ebc549e2b568bbd9ce951
T3_CLAIM,2000,sfti_f2d65a563a08a8d90a083776
T3_CLAIM,2000,sfti_1eab5da09b60a8fafe7f06ef
T3_CLAIM,2000,sfti_921279cd404e36ea5dd4efdb
T3_CLAIM,2000,sfti_f644dd1bd53ab44012d4d522
T3_CLAIM,2000,sfti_29754810694e94dea1a96f0e
T3_CLAIM,2000,sfti_e566377dc64e24d3de0e40c2
T3_CLAIM,2000,sfti_5174692ac2a7ed8d31c45bba
T3_CLAIM,2000,sfti_f59092276848737fbe3c40f1
T3_CLAIM,2000,sfti_7d7f6d62d65655414fff2d47
T3_CLAIM,2000,sfti_8c2bb73e8167622e3d81d009
T3_CLAIM,2000,sfti_52425a7ec08ac4bb5d68982b
T3_CLAIM,2000,sfti_e86b7555525eded692b81e09
T3_CLAIM,2000,sfti_c37c30b499150ac37a178df4
T3_CLAIM,2000,sfti_35c2991c4af4c71cd298db4a
T3_CLAIM,2000,sfti_f39d6dbae3c4027c04e87965
T3_CLAIM,2000,sfti_9508f9a5a8fa77d0e3a3e004
T3_CLAIM,2000,sfti_06381f012a3f8b3ae4ec1e91
T3_CLAIM,2000,sfti_b86e96163c881dcad2334be1
T3_CLAIM,2000,sfti_1226184e01eb1b514c90643f
T3_CLAIM,2000,sfti_80f04836952c7da5f6dacb79
T3_CLAIM,2000,sfti_3ad56148381b301cc95d8934
T3_CLAIM,2000,sfti_06f23396e666ced2822714f5
T3_CLAIM,2000,sfti_fed3c3704105bfd332e43515
T3_CLAIM,2000,sfti_a11ee1d8384d2b4717662cb3
T3_CLAIM,2000,sfti_6d2b9f762a8331b6763b4ce0
T3_CLAIM,2000,sfti_1c264029c1b53aa4c7392bba
T3_CLAIM,2000,sfti_7d925aa5141703181a7b2baa
T3_CLAIM,2000,sfti_ca13b5102d0156395f180a4c
T3_CLAIM,2000,sfti_f683a5ed750ddce76ea7a51f
T3_CLAIM,2000,sfti_1aa5b4a37790d1318e4bd051
T3_CLAIM,2000,sfti_974153b45b951334bada6f8f
T3_CLAIM,2000,sfti_4f49f39c6b6f98899446af52
T3_CLAIM,2000,sfti_fd8911c0295437452c6f24c4
T3_CLAIM,2000,sfti_d86f39579947cb53d2137f1d
T3_CLAIM,2000,sfti_d5bd4b5242b0f5a96f4f58b1
T3_CLAIM,2000,sfti_3feec6c931df6cb2381f1e2d
T3_CLAIM,2000,sfti_d6118b0565c9c3e0eaef3b9f
T3_CLAIM,2000,sfti_eb04bec9621ab1e6b0f6b864
T3_CLAIM,2000,sfti_8802c6e18146d0402161a15f
T3_CLAIM,2000,sfti_756c34c18c727a434a22c3c0
T3_CLAIM,2000,sfti_08575a1c56fb94798f85ad8e
T3_CLAIM,2000,sfti_da542216467f5bc6e65d6994
T3_CLAIM,2000,sfti_8565f434aaf15de34fb3b4a2
T3_CLAIM,2000,sfti_e965b3e4997bfd608e77770a
T3_CLAIM,2000,sfti_f3eae09c8bfba5b74995131d
T3_CLAIM,2000,sfti_d2a001b3586c96a999c79f25
T3_CLAIM,2000,sfti_96510c8d4bae94f126c59852
T3_CLAIM,2000,sfti_b7509125dac49c0ccf17c8bf
T3_CLAIM,2000,sfti_9897cf60f8f7cf022f4beaec
T3_CLAIM,2000,sfti_f00823ae74c34df8402e4a85
T3_CLAIM,2000,sfti_7bb4e22dfd8c7d47f911a777
T3_CLAIM,2000,sfti_a3d2cc2ef277bcc8c3739982
T3_CLAIM,2000,sfti_d535c45cf17830aaa1d3920d
T3_CLAIM,2000,sfti_41e83165f294091d601d55a4
T3_CLAIM,2000,sfti_dc948cc07052775ae132a862
T3_CLAIM,2000,sfti_8e4173f5a259bdd39f9c7fac
T3_CLAIM,2000,sfti_d30db024552882ae626992e7
T3_CLAIM,2000,sfti_3a3efc834cf5f4f5cdae8030
T3_CLAIM,2000,sfti_38dba37e89dfd72121c1d554
T3_CLAIM,2000,sfti_a90e3dea5eb35d851a3e0502
T3_CLAIM,2000,sfti_7bcdecb6ade38084e3879752
T3_CLAIM,2000,sfti_95e5a380ac1ad3d63571ad8e
T3_CLAIM,2000,sfti_b43a1057a1232efcff7ee368
T3_CLAIM,2000,sfti_82f2964c2b49112f73fcf07d
T3_CLAIM,2000,sfti_56986b95c95d01dbaf656711
T3_CLAIM,2000,sfti_3233b7a71921157db6ff73c6
T3_CLAIM,2000,sfti_92ecbb83fb3e6279ac9a1152
T3_CLAIM,2000,sfti_e59e530cdcd0d76d6a4a2b21
T3_CLAIM,2000,sfti_fe6494651b839f9341602c6d
T3_CLAIM,2000,sfti_c9c55b8087f42d9498642173
T3_CLAIM,2000,sfti_f2b22526da359906ca278ccd
T3_CLAIM,2000,sfti_efcb5485a4a69c419feb961c
T3_CLAIM,2000,sfti_7fc0a2bb3913a012baabddea
T3_CLAIM,2000,sfti_6ee51e1300ac1375bca5304e
T3_CLAIM,2000,sfti_f447173981719c0142d80458
T3_CLAIM,2000,sfti_415cdf95144b52e6288cd216
T3_CLAIM,2000,sfti_3623270418a5929c967f502d
T3_CLAIM,2000,sfti_deb806f3d84a38644dc205c1
T3_CLAIM,2000,sfti_60dab96828e6c6d8599aecd6
T3_CLAIM,2000,sfti_320e153399ad35ed95bf7490
T3_CLAIM,2000,sfti_189052589f7e93d1693e46f9
T3_CLAIM,2000,sfti_65f2855cc99d54c1a7f45f39
T3_CLAIM,2000,sfti_991a182bbbe13313f412456b
T3_CLAIM,2000,sfti_830954ea8c3f58381cbb65f8
T3_CLAIM,2000,sfti_2835692bbb56ee79b1003cc0
T3_CLAIM,2000,sfti_bfc9b644446eb4d82a28d7f3
T3_CLAIM,2000,sfti_0e5c7965f52c7b17a3a691d4
T3_CLAIM,2000,sfti_a5057b823b71eed0c81414be
T3_CLAIM,2000,sfti_4ee237a6173888232bb33652
T3_CLAIM,2000,sfti_6cc9ce509c1f9cfa2bc42c3c
T3_CLAIM,2000,sfti_c781db79daf00d86ebe3e8e9
T3_CLAIM,2000,sfti_c5e6af5c0cb3005dfe6a0427
T3_CLAIM,2000,sfti_7bb20b53fa26af2b5598685b
T3_CLAIM,2000,sfti_25b085a7eb1c2f13532a15ec
T3_CLAIM,2000,sfti_76a117d32379a4ec170498bd
T3_CLAIM,2000,sfti_3e544fcff57fe0de1113f6a0
T3_CLAIM,2000,sfti_dd35a6767d6ec19d981f0bb0
T3_CLAIM,2000,sfti_46c375378983c51d97e0daaf
T3_CLAIM,2000,sfti_5bb679e84dee374b1e3e2af5
T3_CLAIM,2000,sfti_c408d505ddf380e4ca9242dc
T3_CLAIM,2000,sfti_c88f7b61a8d700d155d9f038
T3_CLAIM,2000,sfti_583d507b87da20e33fc2fdbc
T3_CLAIM,2000,sfti_047176f2cf5f1aca41195441
T3_CLAIM,2000,sfti_101c21543210c89882a9e0f7
T3_CLAIM,2000,sfti_935bacbd1aa81a6d89aa52d3
T3_CLAIM,2000,sfti_9c827e70fdc1550817a5ca19
T3_CLAIM,2000,sfti_2e926e0cc19ee58bbc7652bd
T3_CLAIM,2000,sfti_21e9bf74ce41b082c4cd4888
T3_CLAIM,2000,sfti_a3f22542a39a03ba162e0650
T3_CLAIM,2000,sfti_99e813a22d0db125d2207d2f
T3_CLAIM,2000,sfti_392da177cc8515072811dd35
T3_CLAIM,2000,sfti_f6422f65711acba9c7e3aa80
T3_CLAIM,2000,sfti_5b42d0df0439bbe87f5bf37f
T3_CLAIM,2000,sfti_8d28fee110245ea9b5f3a7a0
T3_CLAIM,2000,sfti_dc65d1052a7e32c3e0b0645a
T3_CLAIM,2000,sfti_3b71f3a18a294a56e82f4af2
T3_CLAIM,2000,sfti_14646c2c9f828e86721e3d91
T3_CLAIM,2000,sfti_78d4f9a8c86534dbce3fbc6e
T3_CLAIM,2000,sfti_4d1937f0bc0dce3047bb3a12
T3_CLAIM,2000,sfti_7cbb718e34b7ac2c7b59aa88
T3_CLAIM,2000,sfti_7aedb98826ca0b7cb410eabd
T3_CLAIM,2000,sfti_a34a7685b7dfd1e8cdd745f5
T3_CLAIM,2000,sfti_ba7b8aecb7e1d57ddfdb2567
T3_CLAIM,2000,sfti_16885870a0524f0872754510
T3_CLAIM,2000,sfti_fb5b4a2f3415a2455cec7494
T3_CLAIM,2000,sfti_4b17afad17a9e9cefd452937
T3_CLAIM,2000,sfti_9ee2b82a5ac031936117b5d4
T3_CLAIM,2000,sfti_07154284067409fd4f7f8df8
T3_CLAIM,2000,sfti_a6a591d6f09753e45b9e2ff3
T3_CLAIM,2000,sfti_76e02d10865f2a9467f6f032
T3_CLAIM,2000,sfti_854190bb087524eee32a58a8
T3_CLAIM,2000,sfti_50da9bfe62214748cfd9b45e
T3_CLAIM,2000,sfti_05db82efa30d4f1f83f494a9
T3_CLAIM,2000,sfti_4832beda6f35205b8956d4ef
T3_CLAIM,2000,sfti_a906a2dcb78149363ffba18d
T3_CLAIM,2000,sfti_2bf487e1378a6c5e6a9faaf3
T3_CLAIM,2000,sfti_12e8f575ed94c6ba9eee72ec
T3_CLAIM,2000,sfti_188c0895d3788df0d9149afb
T3_CLAIM,2000,sfti_1a8f0e7675fb1a40214fbf37
T3_CLAIM,2000,sfti_8a1a792b985ba1be3642a90c
T3_CLAIM,2000,sfti_7a7229ea6c054ac432a90ea0
T3_CLAIM,2000,sfti_5c5f73985c91892bd427f02d
T3_CLAIM,2000,sfti_6b388c2fc3b341e10903829e
T3_CLAIM,2000,sfti_eb511fbb68a8138ae33cc8aa
T3_CLAIM,2000,sfti_14cdbbe9b32879584cbc0caa
T3_CLAIM,2000,sfti_209f93b697031c5a8589d0a1
T3_CLAIM,2000,sfti_919596a3d6c92549c9dddfc3
T3_CLAIM,2000,sfti_fdb06b9abdb837d7bed83043
T3_CLAIM,2000,sfti_f74624b6dbcd0ea5349578bb
T3_CLAIM,2000,sfti_fddf05f2ed6406903fa4b26e
T3_CLAIM,2000,sfti_c972d8bcd00a93e83a351f67
T3_CLAIM,2000,sfti_ac32fcb6e98efa60243b662a
T3_CLAIM,2000,sfti_fe10d32bf5f3c5c9444b99c1
T3_CLAIM,2000,sfti_40c0d4e24619ad11211c5b0b
T3_CLAIM,2000,sfti_5ca8d5b07c6a8c44b1085ff1
T3_CLAIM,2000,sfti_8a1035c33923e34243c462c4
T3_CLAIM,2000,sfti_5a5ec97ecf889aeee225f8a9
T3_CLAIM,2000,sfti_30ae4cbbc5b7841ae29e7314
T3_CLAIM,2000,sfti_d398ce2a81c83ebb293a8e0e
T3_CLAIM,2000,sfti_1323b4528371a9ee7e8af794
T3_CLAIM,2000,sfti_70ad938896026c42369000ff
T3_CLAIM,2000,sfti_13adb9dd0cad86986c5fb464
T3_CLAIM,2000,sfti_8f6bc005b1f487ee8b75230d
T3_CLAIM,2000,sfti_b17ab8f1b2837646313274da
T3_CLAIM,2000,sfti_10e3ce6b5557e81132734e06
T3_CLAIM,2000,sfti_f9ef723a19e8eb06c3e9228d
T3_CLAIM,2000,sfti_898c5e3a224ce4992830fac0
T3_CLAIM,2000,sfti_40a3b09417d51e26e7388f9d
T3_CLAIM,2000,sfti_ed2cdc2c95a13184b16941cd
T3_CLAIM,2000,sfti_0928582ade6c9df4ed3b3086
T3_CLAIM,2000,sfti_7f22d6eec82e8b30dea0943c
T3_CLAIM,2000,sfti_4a938ad8ec7cfdae2f8156f6
T3_CLAIM,2000,sfti_85760013f27aa8af380eaa30
T3_CLAIM,2000,sfti_bac006ed7fee0dacc910c525
T3_CLAIM,2000,sfti_1f83f0b72626a185dba24984
T3_CLAIM,2000,sfti_a63fc078a7bddc579b870392
T3_CLAIM,2000,sfti_99179773d83b126da5b97be2
T3_CLAIM,2000,sfti_d24145d53e4e824b9550ac9a
T3_CLAIM,2000,sfti_7c23529019605fddc2dcbd54
T3_CLAIM,2000,sfti_e47c8324982c9faa97f563c8
T3_CLAIM,2000,sfti_fbc0ea03c12f56d0078c006a
T3_CLAIM,2000,sfti_d8ab29124d6153c024e22b48
T3_CLAIM,2000,sfti_4b070d3262d22bc171765ced
T3_CLAIM,2000,sfti_a598dcf5244cc454c77bc068
T3_CLAIM,2000,sfti_f3f023a14d4d6feed8b04c24
T3_CLAIM,2000,sfti_6a3d09a7766afc20ac680aec
T3_CLAIM,2000,sfti_4490e49236af574dd800dddc
T3_CLAIM,2000,sfti_2ffd0418b6292e829f6615fc
T3_CLAIM,2000,sfti_da6ecd83b51db3f187c64224
T3_CLAIM,2000,sfti_fc356ed4ee5d7a765c532b90
T3_CLAIM,2000,sfti_b15601a6b0757b30c8a52667
T3_CLAIM,2000,sfti_ad67d7f2bad624fcb44997d1
T3_CLAIM,2000,sfti_8d4f14a0e24f1793e183ea1f
T3_CLAIM,2000,sfti_8d609f1bd03fb3f148399861
T3_CLAIM,2000,sfti_1f8280d386e4f8663601e4d2
T3_CLAIM,2000,sfti_97584d1137791c29b15de683
T3_CLAIM,2000,sfti_fe7ae01e0f2bdb03028d32d9
T3_CLAIM,2000,sfti_ab380bb93db338229e53ee79
T3_CLAIM,2000,sfti_faff4d9f230226e9da26eea4
T3_CLAIM,2000,sfti_fefd1d69d885466b175b73c2
T3_CLAIM,2000,sfti_81eb5d53159fa238f1f16d9b
T3_CLAIM,2000,sfti_e558480135133d6e0201e2a5
T3_CLAIM,2000,sfti_3bf8d243b584d9d71db4cbc4
T3_CLAIM,2000,sfti_37e318f51915ed6c00d3655d
T3_CLAIM,2000,sfti_3d953a3f31680123fd76b0c3
T3_CLAIM,2000,sfti_7c5c14a9bd3f16f8f37581c6
T3_CLAIM,2000,sfti_a74ec2d4cf2d089279ee6d1f
T3_CLAIM,2000,sfti_5693494ca57837bb075bcf14
T3_CLAIM,2000,sfti_625e4c7a2f1a6bed417957c8
T3_CLAIM,2000,sfti_cca480e4759611afcec9e8ab
T3_CLAIM,2000,sfti_e2deedb1f9516cae7639ef49
T3_CLAIM,2000,sfti_5d8b48175069005577684654
T3_CLAIM,2000,sfti_3e5904ccbe2ba2ddd4460d8c
T3_CLAIM,2000,sfti_4b7170dc5de4a3a28067eba7
T3_CLAIM,2000,sfti_f3614522cc706d65e54f0602
T3_CLAIM,2000,sfti_d24a0d983cb208487a9af962
T3_CLAIM,2000,sfti_e4cd278c555c163097afd984
T3_CLAIM,2000,sfti_f148de643b5db40c80a14f01
T3_CLAIM,2000,sfti_74893c3f394e530b07dac1d4
T3_CLAIM,2000,sfti_42d67e13353e8b9218d8535d
T3_CLAIM,2000,sfti_cb8e5d72cf40a902a97ca192
T3_CLAIM,2000,sfti_837b7c2a60faccf2f9cd8c4d
T3_CLAIM,2000,sfti_66ee55498efcf23674822b9a
T3_CLAIM,2000,sfti_43e451d52fa8d675a979ceb1
T3_CLAIM,2000,sfti_72bec3c45ec9fbbee97fd607
T3_CLAIM,2000,sfti_64e7230f204ceba150bab69d
T3_CLAIM,2000,sfti_dab9caf19b38defd3c378225
T3_CLAIM,2000,sfti_3f3241005d1ae33b19fb1148
T3_CLAIM,2000,sfti_e657c64d25cdb6deb0b8f865
T3_CLAIM,2000,sfti_22d976d1b65b237f88e0173d
T3_CLAIM,2000,sfti_693012f5775c9aec9614a47b
T3_CLAIM,2000,sfti_575047f2bf764cd44be4c7d9
T3_CLAIM,2000,sfti_98251e69b4a8598cfe88ebca
T3_CLAIM,2000,sfti_7ad2945e85b18465fa1902f5
T3_CLAIM,2000,sfti_68a4db74a01661660a1fa8c4
T3_CLAIM,2000,sfti_f4ba0b2730ac3568c96c40f7
T3_CLAIM,2000,sfti_bc276b0133ffc7d6d5e4acf5
T3_CLAIM,2000,sfti_321c5a5bde46aaad3016ab97
T3_CLAIM,2000,sfti_7aa7c38e49b4ae20869ea7d1
T3_CLAIM,2000,sfti_190ed1185a27a832231f26a8
T3_CLAIM,2000,sfti_2a9d0a2f9c53db59f6f4621c
T3_CLAIM,2000,sfti_1864085f40d26560f3d04c93
T3_CLAIM,2000,sfti_96a412f8a056dd34626c0f6f
T3_CLAIM,2000,sfti_ec276aed0e5c6b81fc59a529
T3_CLAIM,2000,sfti_7c165f3db0d05631fee3e343
T3_CLAIM,2000,sfti_017d8f61238b94bb26b3e24c
T3_CLAIM,2000,sfti_2c936fba27414ceeed75e618
T3_CLAIM,2000,sfti_1decae6f4824b427d14f80a4
T3_CLAIM,2000,sfti_90e6f3d3422b6a45a6932ea4
T3_CLAIM,2000,sfti_b3e09f813a9b9d6c203003cf
T3_CLAIM,2000,sfti_22a321a8fc64a90b21ef7283
T3_CLAIM,2000,sfti_b1b4046b5cb015e7fa2b7881
T3_CLAIM,2000,sfti_a03645a8c6dac60cec38fe13
T3_CLAIM,2000,sfti_60f345342ca86b67680194ae
T3_CLAIM,2000,sfti_78714ca9981202641464d071
T3_CLAIM,2000,sfti_09da79e11446057a73181cd2
T3_CLAIM,2000,sfti_15773174c9c6c1d33b69b7a3
T3_CLAIM,2000,sfti_4eab30c0afe1e2c76dfeca8e
T3_CLAIM,2000,sfti_40da45f3cef3541cb62b50db
T3_CLAIM,2000,sfti_ed39f391fce5e9d9ab25dbd9
T3_CLAIM,2000,sfti_fca71b76cc7d85e559bf36fb
T3_CLAIM,2000,sfti_55c86e1cebda16c498e48105
T3_CLAIM,2000,sfti_1644d3df58bcb26d8026d24c
T3_CLAIM,2000,sfti_3938db95db394c3cad39ec95
T3_CLAIM,2000,sfti_0b69af645642dd1dc390db13
T3_CLAIM,2000,sfti_1b69d49067a2f9a0b2049dbd
T3_CLAIM,2000,sfti_e4e57cf0c0097a6c95d1b6f0
T3_CLAIM,2000,sfti_18a70a9353169c95b9efe8fb
T3_CLAIM,2000,sfti_987985fd740659c1b40bd465
T3_CLAIM,2000,sfti_fc3da0cf98e3f9ba929745bb
T3_CLAIM,2000,sfti_a8d0d20f1ce1aa14666f97d4
T3_CLAIM,2000,sfti_b37622833a7ef5a0ad4b7c45
T3_CLAIM,2000,sfti_c8b75b100b00ab8d3ec73c40
T3_CLAIM,2000,sfti_b5e5c45ded4eb5bd591c7cc5
T3_CLAIM,2000,sfti_6ecb988a7076f96aedc978f7
T3_CLAIM,2000,sfti_e9f0e50305c6b90c058a47eb
T3_CLAIM,2000,sfti_70de8e75c350d5b5babe48d3
T3_CLAIM,2000,sfti_b544535ca154d96f81f2de6b
T3_CLAIM,2000,sfti_afe7ae322920bc4f4dc69b8f
T3_CLAIM,2000,sfti_1aaf16cf2b5852b3c9ea2ce9
T3_CLAIM,2000,sfti_737fb9374e7e78cf7b17f308
T3_CLAIM,2000,sfti_5b48fd8c96059120d3bc6855
T3_CLAIM,2000,sfti_5a904c0bc1332e1760863db4
T3_CLAIM,2000,sfti_f6629fa4fa7558f7efdac1fe
T3_CLAIM,2000,sfti_3015a9cac036b828813538a8
T3_CLAIM,2000,sfti_7a5c159cfd20f84d33352e81
T3_CLAIM,2000,sfti_ee0c32f8eed41d309bd20c77
T3_CLAIM,2000,sfti_c4188332bf067f71ce1003d7
T3_CLAIM,2000,sfti_661b064d14acf38d17c3f5fe
T3_CLAIM,2000,sfti_772711ed1c6f53f3bc3b5af1
T3_CLAIM,2000,sfti_14962ebb688fca8e214d057e
T3_CLAIM,2000,sfti_e0d6320209df975f6d858d3f
T3_CLAIM,2000,sfti_257265be1fe139ea0d2d6b62
T3_CLAIM,2000,sfti_3a719a2e6bff9cf25992633f
T3_CLAIM,2000,sfti_c9156c488ffd1381a806066e
T3_CLAIM,2000,sfti_56da074d653bd93745899ae1
T3_CLAIM,2000,sfti_7c752200009a96bd56f79f06
T3_CLAIM,2000,sfti_38bbd6089ed08229197211bb
T3_CLAIM,2000,sfti_b9df2070fe7dfb010ec7ca2a
T3_CLAIM,2000,sfti_5071d2b491551f7ad2f0cd1a
T3_CLAIM,2000,sfti_faf0020b913250aa7bb4f798
T3_CLAIM,2000,sfti_5bd64b7fdd3039fbf89b5e1c
T3_CLAIM,2000,sfti_1add25a64e0fe2aaea5a1978
T3_CLAIM,2000,sfti_9f6189f19455b72630e5a474
T3_CLAIM,2000,sfti_63f6fff9c7ddc2d8891ab9ba
T3_CLAIM,2000,sfti_02841dc6d8cdbae00406bb78
T3_CLAIM,2000,sfti_d8191ee70d8ea9aab40404cb
T3_CLAIM,2000,sfti_067c69ebf8cac9392a5e9387
T3_CLAIM,2000,sfti_185789d92da4a5993ef4ed65
T3_CLAIM,2000,sfti_8255cb539ead0e0acf794ce0
T3_CLAIM,2000,sfti_98d954fbaba409e450febedf
T3_CLAIM,2000,sfti_48cd87370c38eec7234a5661
T3_CLAIM,2000,sfti_2f648301064b966dc13fbe98
T3_CLAIM,2000,sfti_bb76a57a6a879a934a54bcb4
T3_CLAIM,2000,sfti_a592cbf1913fd003a332a3b4
T3_CLAIM,2000,sfti_8a80398635690d139340907b
T3_CLAIM,2000,sfti_8d63da7a34988f51f674dba2
T3_CLAIM,2000,sfti_814608125f73920fb2501d41
T3_CLAIM,2000,sfti_5216ebe339e4eec1f88dad7e
T3_CLAIM,2000,sfti_2cbeca59204a36caea4aa677
T3_CLAIM,2000,sfti_6a0d31e9525324963e0767fc
T3_CLAIM,2000,sfti_758372893d33792fd3537b98
T3_CLAIM,2000,sfti_8e14d0172b076f50dcb850b3
T3_CLAIM,2000,sfti_77c1188a3f4874525913f467
T3_CLAIM,2000,sfti_e12377f827f464ede405327c
T3_CLAIM,2000,sfti_70b0092eb2bce9b90bdcab8b
T3_CLAIM,2000,sfti_ed4b88ddad64674ea150cedc
T3_CLAIM,2000,sfti_47fc8753496df45e7e986828
T3_CLAIM,2000,sfti_d0286028f8bbd3f9fee9fe44
T3_CLAIM,2000,sfti_f49237716ae1e41aa3d23f5b
T3_CLAIM,2000,sfti_2b961477ea38e6fdef016e5c
T3_CLAIM,2000,sfti_457c387e3578c609a1551209
T3_CLAIM,2000,sfti_013b0b7ffa34bdd2f3ea876b
T3_CLAIM,2000,sfti_7973ae926f5aa20097fba15f
T3_CLAIM,2000,sfti_9c7950baf0c4049e80eeef18
T3_CLAIM,2000,sfti_75e2ca647ff1905f0a4e3079
T3_CLAIM,2000,sfti_c26ea83ec0552dd225239070
T3_CLAIM,2000,sfti_707fea037794586c7ba5af69
T3_CLAIM,2000,sfti_d67dd00af5e61109b81ffa13
T3_CLAIM,2000,sfti_4470f2b4f5347be5b5b2d980
T3_CLAIM,2000,sfti_303124f7e8eb613837558c5e
T3_CLAIM,2000,sfti_4b26a7a2e1ef5346d4cf3432
T3_CLAIM,2000,sfti_cc8e80112c21ce96826f292d
T3_CLAIM,2000,sfti_38b98dc3a5e17e0f0d9f1386
T3_CLAIM,2000,sfti_a619a63318580f0f52fb9c07
T3_CLAIM,2000,sfti_5b34d7989b4270d15c7be189
T3_CLAIM,2000,sfti_4f8a20611d7bbf1b5ebaf434
T3_CLAIM,2000,sfti_7a1729e3f35aab0acf0ef44b
T3_CLAIM,2000,sfti_b6bf4a01259c81de8ed92809
T3_CLAIM,2000,sfti_ae8a8038b7c6fb6891c394a4
T3_CLAIM,2000,sfti_f66c91be3b0e55ded2cb5878
T3_CLAIM,2000,sfti_166076d476a67fddb73a5b2d
T3_CLAIM,2000,sfti_cf54b3756fb739f081a37b8b
T3_CLAIM,2000,sfti_21d31b0b0426e74aa1dead57
T3_CLAIM,2000,sfti_582cc64d28ef5846840366e2
T3_CLAIM,2000,sfti_ba4c1030985be5c2e960d6e3
T3_CLAIM,2000,sfti_883357c976d7306ed7161460
T3_CLAIM,2000,sfti_e74605baedc1504e0d2216bf
T3_CLAIM,2000,sfti_95a72623e61a44ab5fdcf9af
T3_CLAIM,2000,sfti_2ba278684a19d535ac97bc16
T3_CLAIM,2000,sfti_a44fe7f7c6b3c6a4b8db77bf
T3_CLAIM,2000,sfti_629fb9bd686de0a2ed44cb51
T3_CLAIM,2000,sfti_625010b0ec197c1e6ffa22e1
T3_CLAIM,2000,sfti_ecec74fcc82ce078292fa6aa
T3_CLAIM,2000,sfti_150bf04d382b704f3cbd2878
T3_CLAIM,2000,sfti_105b2a17fb4c9f054af76c5d
T3_CLAIM,2000,sfti_656717b6665e6bf73ccbf569
T3_CLAIM,2000,sfti_efbe1b257d60b2e3c4fc2494
T3_CLAIM,2000,sfti_42a136ea0a117c9b07d12e8a
T3_CLAIM,2000,sfti_545f990f442224dea131374d
T3_CLAIM,2000,sfti_d8e333ae772393ab43398b95
T3_CLAIM,2000,sfti_ed2e032842e8a6dd216d0af7
T3_CLAIM,2000,sfti_88cb21bd37407dada4cc64c2
T3_CLAIM,2000,sfti_60d002a3afe4612d79809dee
T3_CLAIM,2000,sfti_d612468cb2a20b35d19d26f9
T3_CLAIM,2000,sfti_a9fa281d48f6c2ee26666152
T3_CLAIM,2000,sfti_05d143d6bf0fe2b5fcf43f4d
T3_CLAIM,2000,sfti_57e3ca4bbd1a31b79b77eb4a
T3_CLAIM,2000,sfti_036168671888e7fda6a2abc9
T3_CLAIM,2000,sfti_f157f1db13c9b8bd01ad9a0f
T3_CLAIM,2000,sfti_45f9ed499b802a4896fdb86d
T3_CLAIM,2000,sfti_a2bee14f166e1896405d0e36
T3_CLAIM,2000,sfti_d58a2f2ab95f96ba90e23a73
T3_CLAIM,2000,sfti_4bb04d52a0766a2ec9d32307
T3_CLAIM,2000,sfti_56a56717a2b8802d738217eb
T3_CLAIM,2000,sfti_94d797d4cbf31aa9afc58c3d
T3_CLAIM,2000,sfti_b008596a8dbee7517a393e1d
T3_CLAIM,2000,sfti_4822950b9b72b6c6516f71e1
T3_CLAIM,2000,sfti_647177518ec3bdc86d056ac4
T3_CLAIM,2000,sfti_0b67a22a9c73401804d7138d
T3_CLAIM,2000,sfti_468f62b6579d2bd579dc18fb
T3_CLAIM,2000,sfti_1aba4d50747bb985a4149aa1
T3_CLAIM,2000,sfti_5141d8908c0b0783494e2878
T3_CLAIM,2000,sfti_ac5695b0fffc49a910e352cd
T3_CLAIM,2000,sfti_b2bb58f5005ce28d9879540d
T3_CLAIM,2000,sfti_9588f12b87e62d9bbde217b6
T3_CLAIM,2000,sfti_15c06152cdd900c6d7c54d31
T3_CLAIM,2000,sfti_2cf6e01532fb3ecc4bee8ce6
T3_CLAIM,2000,sfti_a99a88bfc9dcd244209244a0
T3_CLAIM,2000,sfti_18d783d8a37846c4179cdcc3
T3_CLAIM,2000,sfti_317785a144fbf937bab0bb42
T3_CLAIM,2000,sfti_48efe0373167a7d0733db7e1
T3_CLAIM,2000,sfti_21483098cfc5336e6cd67f0b
T3_CLAIM,2000,sfti_b960a0ffa85fac29a678d26d
T3_CLAIM,2000,sfti_15efd96fe074a6ab33472ca1
T3_CLAIM,2000,sfti_0dfa1ce53f55fbc0476464ff
T3_CLAIM,2000,sfti_989cc8c78d47c6133f38147f
T3_CLAIM,2000,sfti_bdaafd181c8aac5a9f3c3aca
T3_CLAIM,2000,sfti_df959ab0d476ef546f1409e6
T3_CLAIM,2000,sfti_6ef9d5da92a554dbe9e4fefe
T3_CLAIM,2000,sfti_f4db50bd07df358925a220dc
T3_CLAIM,2000,sfti_136cb1fe7a2125677d117ab8
T3_CLAIM,2000,sfti_4f83e0bedfcd5e31401d3f8b
T3_CLAIM,2000,sfti_73d38a6e430433d5ee7c47e3
T3_CLAIM,2000,sfti_0b5e4bb9b90c30e92b781a1e
T3_CLAIM,2000,sfti_887ec1f5e2fe34b2fae6c40f
T3_CLAIM,2000,sfti_66019b949b54242d295fe027
T3_CLAIM,2000,sfti_246be0fc6c84a2575e479761
T3_CLAIM,2000,sfti_1fad25835c6d94b6c129cfb2
T3_CLAIM,2000,sfti_8fb88a7e5172de34e074caea
T3_CLAIM,2000,sfti_a1aae4b20985515cb5ffab2e
T3_CLAIM,2000,sfti_669050d397ea8155d9fa3952
T3_CLAIM,2000,sfti_116608a87039ce6167811581
T3_CLAIM,2000,sfti_1e2126688766c8142ce4c893
T3_CLAIM,2000,sfti_646895453a31332b50e857dd
T3_CLAIM,2000,sfti_fe5d8ed726fccb8e9b1d3f20
T3_CLAIM,2000,sfti_a38a64ee0b09df4fa2ca191c
T3_CLAIM,2000,sfti_35eecafad197fdc0e4b1fab7
T3_CLAIM,2000,sfti_1b3984562b02697cbf9d6fe6
T3_CLAIM,2000,sfti_02ff9639a2a9847eb3b5b880
T3_CLAIM,2000,sfti_f50c6f5591fd10e05857a8b8
T3_CLAIM,2000,sfti_358ee834ea05d5acdc13c08d
T3_CLAIM,2000,sfti_59185ad14b1ef804f0a2c7ae
T3_CLAIM,2000,sfti_ecc9754552309881c33a9be4
T3_CLAIM,2000,sfti_cc87d9267b0ba6d4a073bfa3
T3_CLAIM,2000,sfti_3be0d095924947f5e2fa9aeb
T3_CLAIM,2000,sfti_c05ca2886629cafb0bce78b3
T3_CLAIM,2000,sfti_f5cf03c62d23ac598140f835
T3_CLAIM,2000,sfti_93bfb662eb211d1f3eb36ce7
T3_CLAIM,2000,sfti_435add15b59cf816079e3c3d
T3_CLAIM,2000,sfti_5bab52428bf738976ee3cb9b
T3_CLAIM,2000,sfti_e03817528ceffbfc984d2fa4
T3_CLAIM,2000,sfti_dc145ef15b7488255961c0bc
T3_CLAIM,2000,sfti_96385ac17bf5d8fa9a71f433
T3_CLAIM,2000,sfti_1fafa59bde542c44fc8f12e4
T3_CLAIM,2000,sfti_a0002de97c71d2dd8850490f
T3_CLAIM,2000,sfti_783b2d33779daa08f7d13f8c
T3_CLAIM,2000,sfti_3102f4d5e767f1b1af763547
T3_CLAIM,2000,sfti_d2bf26855255927fae294927
T3_CLAIM,2000,sfti_2b97deb267103398f6981f7c
T3_CLAIM,2000,sfti_11d464403e863aa671dab778
T3_CLAIM,2000,sfti_96064a77bd49052bf661c88e
T3_CLAIM,2000,sfti_4844f66f5aa3f7c3e75df4af
T3_CLAIM,2000,sfti_0e1e139f0e0929082fde8075
T3_CLAIM,2000,sfti_e061808a705a89f275f3f2c1
T3_CLAIM,2000,sfti_d6d1669b6e9d727879d35aad
T3_CLAIM,2000,sfti_bcbd067f691e7c26677e643c
T3_CLAIM,2000,sfti_97e0a4a0f6b91b3fa9cc7314
T3_CLAIM,2000,sfti_08cf0d68933f5ff66bc550d2
T3_CLAIM,2000,sfti_cf1634f219e16f02715246bd
T3_CLAIM,2000,sfti_fbfd30752366b5f406b761ac
T3_CLAIM,2000,sfti_9d7017ad6ce52cd0d16cf1b7
T3_CLAIM,2000,sfti_6760f2c12adcaa3adb4c46f0
T3_CLAIM,2000,sfti_71679c1757475935d767dbba
T3_CLAIM,2000,sfti_59ce9a4c08165b044b0115e0
T3_CLAIM,2000,sfti_6f2c66b6ce0a048ec124fb5a
T3_CLAIM,2000,sfti_1c833b677b4410e87c9bc15c
T3_CLAIM,2000,sfti_897c49287f1ac1531c8ffa19
T3_CLAIM,2000,sfti_7547ad2b82a15b3013482c44
T3_CLAIM,2000,sfti_8a3524f010ac6175fe5f8860
T3_CLAIM,2000,sfti_d7521646944060b6372dc6b4
T3_CLAIM,2000,sfti_4ce003881cbb32d7a19031fc
T3_CLAIM,2000,sfti_30d58e677d37c923d91189f6
T3_CLAIM,2000,sfti_7a3de8841c4f7bb5637a7db7
T3_CLAIM,2000,sfti_26c1863e20e7bc8f126e742c
T3_CLAIM,2000,sfti_2a538bc2de02e33c9728e7ee
T3_CLAIM,2000,sfti_07ea421216fc9f554fdc8316
T3_CLAIM,2000,sfti_f6de80eb0ff7e0e412c7695c
T3_CLAIM,2000,sfti_dfeb3e853cc98cbda7664c73
T3_CLAIM,2000,sfti_7164fdd145bb230033eed6c0
T3_CLAIM,2000,sfti_93ffa70485102080e2dd9e4f
T3_CLAIM,2000,sfti_de34c3892b0285ef2469fbe9
T3_CLAIM,2000,sfti_638f4696b37ba2cda35d8674
T3_CLAIM,2000,sfti_8b9420c1667485a8d2192136
T3_CLAIM,2000,sfti_171bbbabb26f52e80f14bfa7
T3_CLAIM,2000,sfti_2b273c4fae7a17e51156046a
T3_CLAIM,2000,sfti_187a3a40b47e8ddedaed0660
T3_CLAIM,2000,sfti_5d86ea6281b57952371446bd
T3_CLAIM,2000,sfti_d7e6ba033c54f99cb14fd41d
T3_CLAIM,2000,sfti_36464309ba5a7f4ed960adca
T3_CLAIM,2000,sfti_ec450e27da85fbcef86034d0
T3_CLAIM,2000,sfti_5394eb875f34504484dcb17c
T3_CLAIM,2000,sfti_22b362e68658bed68f30a384
T3_CLAIM,2000,sfti_08c3e025aa15c2c19a7dcb9f
T3_CLAIM,2000,sfti_31e7306f311fb63ca0b1e2f8
T3_CLAIM,2000,sfti_0513bcf9efa2bb58c856c19b
T3_CLAIM,2000,sfti_8ef2e927df7bb57553f37618
T3_CLAIM,2000,sfti_6209bfac2319bad14204fb7d
T3_CLAIM,2000,sfti_4fac7be49767d10eed76d939
T3_CLAIM,2000,sfti_785310cc48e619cc59f0a3e3
T3_CLAIM,2000,sfti_032f86792e871f609749810e
T3_CLAIM,2000,sfti_e948532847354edbf2495b36
T3_CLAIM,2000,sfti_602336940dae84e42c0163ce
T3_CLAIM,2000,sfti_8c4bd44f45e0002ccd8f71ca
T3_CLAIM,2000,sfti_64d4b5efa29a91e130de7457
T3_CLAIM,2000,sfti_f1dd00847d629e8f554f34ef
T3_CLAIM,2000,sfti_70893af9941e0856d71d996b
T3_CLAIM,2000,sfti_0a41ccca21ae6a123c4b1826
T3_CLAIM,2000,sfti_1549841e0b69b68aac244bb6
T3_CLAIM,2000,sfti_aaa62d7f6eea5375739b2f3c
T3_CLAIM,2000,sfti_a4b86453ffe88004c801df28
T3_CLAIM,2000,sfti_66be7f08215858d4f4c9a372
T3_CLAIM,2000,sfti_7cfc57b70f81c7ff2b49fdae
T3_CLAIM,2000,sfti_790a1b39e8d882fccad15e62
T3_CLAIM,2000,sfti_bd5a0ac2d3cfa51ea27e811a
T3_CLAIM,2000,sfti_3d6f4060c74ba67f2f44d5f1
T3_CLAIM,2000,sfti_9324010dfcaab820c5c40300
T3_CLAIM,2000,sfti_5b3d048a8252b6c1f0239096
T3_CLAIM,2000,sfti_ab37a6df885d481e03764c0c
T3_CLAIM,2000,sfti_f455aeabc7fb87b00a237db2
T3_CLAIM,2000,sfti_50e04d3906685b11996063b5
T3_CLAIM,2000,sfti_0830bc13d5522688053baa37
T3_CLAIM,2000,sfti_d1d40ecaf28327885341cf71
T3_CLAIM,2000,sfti_5365cc19acdfa61a4e89e8c9
T3_CLAIM,2000,sfti_500984e3cf7a42ad40425a39
T3_CLAIM,2000,sfti_30dad3b175995075fea2eef3
T3_CLAIM,2000,sfti_a979ad78b07281c4638e6630
T3_CLAIM,2000,sfti_d1cf2b0d29a05904c8004f18
T3_CLAIM,2000,sfti_f722ae05719b2c45c13783ce
T3_CLAIM,2000,sfti_fccddda9c295beeb7826b579
T3_CLAIM,2000,sfti_acce887b27ce1933c14a88b7
T3_CLAIM,2000,sfti_cc925d634ef8706920c1c356
T3_CLAIM,2000,sfti_45be3a78a0c750223fabc817
T3_CLAIM,2000,sfti_741480d2bb9f93e74748eb80
T3_CLAIM,2000,sfti_5bb791f52bf2d0efbf504430
T3_CLAIM,2000,sfti_51aee42b65d09b940b95e1ad
T3_CLAIM,2000,sfti_d2e39c85f3f709c18d5c3c0f
T3_CLAIM,2000,sfti_1d22c12234a102673918e1ea
T3_CLAIM,2000,sfti_6ecd0f15165c5efa00610b2a
T3_CLAIM,2000,sfti_59c4c8b53db0c2917283cadb
T3_CLAIM,2000,sfti_f7ca1073ed7b698871961456
T3_CLAIM,2000,sfti_c14490b6c5d3835cb2b9096a
T3_CLAIM,2000,sfti_af98b87df9072ea078772508
T3_CLAIM,2000,sfti_abc0e58caf8bc4a744b666f1
T3_CLAIM,2000,sfti_a2007a876fdf1ab0100148ac
T3_CLAIM,2000,sfti_faa717e34b5c41710061d7db
T3_CLAIM,2000,sfti_1ab2528f2efe1005553f3619
T3_CLAIM,2000,sfti_02b236238e57877bba1aecd4
T3_CLAIM,2000,sfti_ba2614819a5315d75bc1e3df
T3_CLAIM,2000,sfti_f53112b8408c4d65a18214e5
T3_CLAIM,2000,sfti_6b5c41b25d39d06a1426535e
T3_CLAIM,2000,sfti_2ed440ceb37dbe63f054c7ac
T3_CLAIM,2000,sfti_295d98284158921627b01cab
T3_CLAIM,2000,sfti_03222f332eb5d54e1e46d323
T3_CLAIM,2000,sfti_a107121d534107996ae7ab88
T3_CLAIM,2000,sfti_803170064de2b1a4fa3d8e21
T3_CLAIM,2000,sfti_a11ebf748eff566f62ff004f
T3_CLAIM,2000,sfti_bb051b089f92ce81eb66ada5
T3_CLAIM,2000,sfti_da488908d89c3c5101a10167
T3_CLAIM,2000,sfti_7d76a8e198a89f039fcea4bc
T3_CLAIM,2000,sfti_4b8851eeb0412d1bbd2011a5
T3_CLAIM,2000,sfti_14089db94c29c045a7faeafb
T3_CLAIM,2000,sfti_b0adc4dcbd56477d3452f133
T3_CLAIM,2000,sfti_a03f5f4f2a1b5e639e1614fc
T3_CLAIM,2000,sfti_1b1b4438052edc17f58d3199
T3_CLAIM,2000,sfti_3141e359cc978aaf41b895bc
T3_CLAIM,2000,sfti_48b13ce7d8578abbcc052e98
T3_CLAIM,2000,sfti_b8ddd20e66290f3eb9c5383a
T3_CLAIM,2000,sfti_a84908c6d54f9bfb14832e54
T3_CLAIM,2000,sfti_f6698138c43a45368f0a823c
T3_CLAIM,2000,sfti_2a37adb4dc75a6cd24243276
T3_CLAIM,2000,sfti_2d9523885b40e9246746a74b
T3_CLAIM,2000,sfti_e44d33ae7768ea40a59ade27
T3_CLAIM,2000,sfti_f1a069b310f106eef1f65573
T3_CLAIM,2000,sfti_b0989d0a7343d291c5c47d0b
T3_CLAIM,2000,sfti_7e557b9a2bd5aed2675fe151
T3_CLAIM,2000,sfti_35171a900b1bbec9b6785c66
T3_CLAIM,2000,sfti_faf0e350ec2b3547b4c152d8
T3_CLAIM,2000,sfti_5c9062b6e4f189e20016cfc9
T3_CLAIM,2000,sfti_7cbeadb754981ff8149902c4
T3_CLAIM,2000,sfti_dab0231fdbb52e7d56e792e7
T3_CLAIM,2000,sfti_013ae49ee94f76ce90df1ba0
T3_CLAIM,2000,sfti_20ce5eb22b73c33b4fea0e57
T3_CLAIM,2000,sfti_b86614d81adbe0a8d435bb65
T3_CLAIM,2000,sfti_d12aca1ed20106eaa59bcc56
T3_CLAIM,2000,sfti_9afe22576ca8df36043e888e
T3_CLAIM,2000,sfti_933a5a444be9c16e6527f446
T3_CLAIM,2000,sfti_03ce0dec3852c5d8168e78e0
T3_CLAIM,2000,sfti_04e94e5b65fea5a6bb96245c
T3_CLAIM,2000,sfti_0cee49bc6741c86d014d72bb
T3_CLAIM,2000,sfti_012d999dad3ce149af8e7227
T3_CLAIM,2000,sfti_f2122c24320b372ee4e8ffcc
T3_CLAIM,2000,sfti_e717258d099eb20ae6b32890
T3_CLAIM,2000,sfti_1f39021d04a7ec1d1c5efbc3
T3_CLAIM,2000,sfti_4bfdccb0dc8a6fa4f4f67392
T3_CLAIM,2000,sfti_fc8dd37d32df026b3dec98b6
T3_CLAIM,2000,sfti_b2c709d209aa730a6f9ba27e
T3_CLAIM,2000,sfti_956bc6ab609098476890434b
T3_CLAIM,2000,sfti_8c21e97ed974b0097f1e4262
T3_CLAIM,2000,sfti_03ec2e4cf43d40510438a8bf
T3_CLAIM,2000,sfti_c87e5fa3aff9c80375de1bab
T3_CLAIM,2000,sfti_165ed03369a0903c54806c45
T3_CLAIM,2000,sfti_456495353f7764ff8ac7bc50
T3_CLAIM,2000,sfti_6cb090c2902b79e5162d7e98
T3_CLAIM,2000,sfti_9702dfae0f42620d9eafbd86
T3_CLAIM,2000,sfti_5b0744963dd0c59da5b22470
T3_CLAIM,2000,sfti_f8bfb8c0211d8f35410550f9
T3_CLAIM,2000,sfti_75da86dbe452567c608ca636
T3_CLAIM,2000,sfti_82c20f618ef31e52bca5f9aa
T3_CLAIM,2000,sfti_f5f82aaddddd6f4def035f54
T3_CLAIM,2000,sfti_c46bfd89ead8f96971025b6e
T3_CLAIM,2000,sfti_2085bb45e4be741104b7339d
T3_CLAIM,2000,sfti_219171e8f74649062711f489
T3_CLAIM,2000,sfti_f2da54b17126b34a596b162f
T3_CLAIM,2000,sfti_01893056a8eeae92525dea45
T3_CLAIM,2000,sfti_e99f02a88362862f55a302fa
T3_CLAIM,2000,sfti_443ac7b4b5af26239c2b8984
T3_CLAIM,2000,sfti_2cc142f4b58d39b09cb9b854
T3_CLAIM,2000,sfti_b4b1ee280b4249519a555090
T3_CLAIM,2000,sfti_ddfcdab53a1347d102ab7183
T3_CLAIM,2000,sfti_199b47ba1158bfd31633e3d7
T3_CLAIM,2000,sfti_e743a03fc849dd75fc9cb7c2
T3_CLAIM,2000,sfti_47f3dc33420e22000c49e6cd
T3_CLAIM,2000,sfti_0c8f6b4d8e328e0de4406509
T3_CLAIM,2000,sfti_6b6a6238ec18c33216f46bc2
T3_CLAIM,2000,sfti_fd2efb5a4c4c05c72b917edc
T3_CLAIM,2000,sfti_de5943a75a222f3b00ef201b
T3_CLAIM,2000,sfti_7b86f306f3090d9ac6a81600
T3_CLAIM,2000,sfti_2b8489d7ba0bf33e64e0d70b
T3_CLAIM,2000,sfti_d29833fd45bf4065e46b7796
T3_CLAIM,2000,sfti_d2409550f811cb904e9fb4cf
T3_CLAIM,2000,sfti_48b35a66f9bcc56212854d0e
T3_CLAIM,2000,sfti_b90fbab4ce4c9b8240af6323
T3_CLAIM,2000,sfti_c7d8f47b116d46217b17bf34
T3_CLAIM,2000,sfti_761a3412ef4a169e080aa577
T3_CLAIM,2000,sfti_e6d51844d857b86df700309a
T3_CLAIM,2000,sfti_17419155a343c46961ba1372
T3_CLAIM,2000,sfti_b7a0d188f4d9223dc7c40dee
T3_CLAIM,2000,sfti_b26587a42aedfa72369aa704
T3_CLAIM,2000,sfti_cef0b07f1629e4013fa59365
T3_CLAIM,2000,sfti_ad1ce6971d741805957d285d
T3_CLAIM,2000,sfti_415792b634991a840d8b90c6
T3_CLAIM,2000,sfti_1d67f742bc77150c1cd1e2d0
T3_CLAIM,2000,sfti_36c3e7270f070656179efc2d
T3_CLAIM,2000,sfti_4d9337103e78b8a13cf64333
T3_CLAIM,2000,sfti_93b925e0568b3b339d36304f
T3_CLAIM,2000,sfti_1f0c9b02a28e0a6a44a03f21
T3_CLAIM,2000,sfti_d6ef98be49718f8866bd276a
T3_CLAIM,2000,sfti_ebf653301b6939d326e929d3
T3_CLAIM,2000,sfti_e817037c82bbb2218abd481d
T3_CLAIM,2000,sfti_7d55444cae3fd0b29701d868
T3_CLAIM,2000,sfti_923facdf2f70c5aa5bb0bf16
T3_CLAIM,2000,sfti_86761e5fbf569afcf72a13b0
T3_CLAIM,2000,sfti_42333d0e3654eade5eed08ba
T3_CLAIM,2000,sfti_85b23697c3a1fbf4f6ca5ec7
T3_CLAIM,2000,sfti_497e4d56b4778a553fb01f0d
T3_CLAIM,2000,sfti_1c7e76065cf98f192de12c1c
T3_CLAIM,2000,sfti_e61146df1ba39c824f6e4906
T3_CLAIM,2000,sfti_41746a97bfeea51418970854
T3_CLAIM,2000,sfti_599e2ae1038f648cda16b5eb
T3_CLAIM,2000,sfti_9c34167ceb02b2135e7969ed
T3_CLAIM,2000,sfti_d4f9dd55cd10e653fbf38c82
T3_CLAIM,2000,sfti_6bfc8b8a6bb0d9f6434606e2
T3_CLAIM,2000,sfti_f0cf0cdda6da9223c13d2236
T3_CLAIM,2000,sfti_6fe482c7c2ea97191df5ac55
T3_CLAIM,2000,sfti_459b242b96ac2f303895e8ae
T3_CLAIM,2000,sfti_9a2fdf915746f4564885d5f1
T3_CLAIM,2000,sfti_d5bcf637d9ad729652b0c131
T3_CLAIM,2000,sfti_3187ef874d152a08c1f25296
T3_CLAIM,2000,sfti_7247fe4fcdf6eb806b0f6cb6
T3_CLAIM,2000,sfti_d9c9883a4c84eb0d35e47769
T3_CLAIM,2000,sfti_8c7716bd4d8b268ac30953b8
T3_CLAIM,2000,sfti_b59c29e8db01aec42bc62cd0
T3_CLAIM,2000,sfti_8d07aebd1081b4faf3227095
T3_CLAIM,2000,sfti_ca80e9cc9e6fe79971b57333
T3_CLAIM,2000,sfti_ab55b3c2c0aca89e72f323ef
T3_CLAIM,2000,sfti_b7df4c38542662cae176cc86
T3_CLAIM,2000,sfti_116b571a704da570fd0e60cd
T3_CLAIM,2000,sfti_57528217a0e0ebbe94c04879
T3_CLAIM,2000,sfti_9ae288b170185a3b5a291e49
T3_CLAIM,2000,sfti_9d815eccafbe7d5c50dd806b
T3_CLAIM,2000,sfti_7a66899d7db300f3fb8ecbd1
T3_CLAIM,2000,sfti_439581116011f6c9d6f52c46
T3_CLAIM,2000,sfti_3a113e386db43086bf432e6b
T3_CLAIM,2000,sfti_88ce6d6155f140c8188a1ae7
T3_CLAIM,2000,sfti_240cd9654e8043a7c4fbc8f6
T3_CLAIM,2000,sfti_bf88ef523c74fff16118b4dc
T3_CLAIM,2000,sfti_f98fa124c8e3b4748b1a0301
T3_CLAIM,2000,sfti_94df3838ef9d80a2b1fb6447
T3_CLAIM,2000,sfti_8075312b8540057a0d80ca25
T3_CLAIM,2000,sfti_e89b60812285ffce80c9a407
T3_CLAIM,2000,sfti_4eabb077bdb09c9df16a20b7
T3_CLAIM,2000,sfti_bd3598c80d247415c14c90dd
T3_CLAIM,2000,sfti_31c21a2b6c372597851210d3
T3_CLAIM,2000,sfti_accb6cd106ec529e947bff1c
T3_CLAIM,2000,sfti_36ecf4643bc12b01b8e0517f
T3_CLAIM,2000,sfti_964a80d5bf0a0973952a09ae
T3_CLAIM,2000,sfti_871a7d2e195518d48719be47
T3_CLAIM,2000,sfti_8d39e60753c2e7ecbb8b1c44
T3_CLAIM,2000,sfti_737b457c6a91b1547fd33712
T3_CLAIM,2000,sfti_ad8b9445a8dd544c057d5a4c
T3_CLAIM,2000,sfti_03f1dc9c8a45f5c106a4c6ba
T3_CLAIM,2000,sfti_57f6ea9dc05852bb1761e0e4
T3_CLAIM,2000,sfti_a69cbe8e9d949ac09d56860c
T3_CLAIM,2000,sfti_42c5dd0896471d9ce1d5f699
T3_CLAIM,2000,sfti_9fb81da9cc89886120b3a07c
T3_CLAIM,2000,sfti_ad7c8491816a8ec3ad2e9a60
T3_CLAIM,2000,sfti_77b9204f07a0cb804cfc776e
T3_CLAIM,2000,sfti_9ae1ac34780d247c0232f959
T3_CLAIM,2000,sfti_2b47267da6a6229749144a4c
T3_CLAIM,2000,sfti_2ceeae6477e1d93a3d3532df
T3_CLAIM,2000,sfti_00d8e34cba573f5e9950ff73
T3_CLAIM,2000,sfti_46702995ae1a334f09babc11
T3_CLAIM,2000,sfti_a9c6f4b5a6fbb621aae5e467
T3_CLAIM,2000,sfti_19e704b1da04b3edfcf03b10
T3_CLAIM,2000,sfti_bf0e33fa84137f9ca278a998
T3_CLAIM,2000,sfti_4e4ff23da67d0aae6c93cde0
T3_CLAIM,2000,sfti_4c7913d198149122e8092c5f
T3_CLAIM,2000,sfti_d8fb9cb512fdf4c01e9926b2
T3_CLAIM,2000,sfti_9daab7b4eeb8610023a9b916
T3_CLAIM,2000,sfti_d63c4f73f53233918f1b8ccc
T3_CLAIM,2000,sfti_2514c01d28fff70219f0719a
T3_CLAIM,2000,sfti_2edc94449e526c29883a5a6f
T3_CLAIM,2000,sfti_e1e81325baac24b9a539f723
T3_CLAIM,2000,sfti_f3254b9edcde84d1f70a082e
T3_CLAIM,2000,sfti_e878de9885a923f2f29fa13d
T3_CLAIM,2000,sfti_f57566834ab23cd1dd006572
T3_CLAIM,2000,sfti_2dec1a64aba497cce38ee3d9
T3_CLAIM,2000,sfti_2521aae475f4f5cd54ea7ef3
T3_CLAIM,2000,sfti_b503b20e800eee6bfab3e600
T3_CLAIM,2000,sfti_2fc305f4ce53447ac256f0ad
T3_CLAIM,2000,sfti_ed79c9d42538a712617d3197
T3_CLAIM,2000,sfti_940adc943c3721a178256003
T3_CLAIM,2000,sfti_f25d3585afe0d0e885a285e9
T3_CLAIM,2000,sfti_7151a31ca664e8ecbeb0273b
T3_CLAIM,2000,sfti_3e22deded4e25818700bab32
T3_CLAIM,2000,sfti_d9d9130ac25d54a7407795f9
T3_CLAIM,2000,sfti_60a8965154e451e598330c0b
T3_CLAIM,2000,sfti_90ef828283141198f71225a4
T3_CLAIM,2000,sfti_45ba1487044ef7c5207af86f
T3_CLAIM,2000,sfti_7a79cf3060b78d787af72b3b
T3_CLAIM,2000,sfti_e69a0fbb27f04838b3e0feed
T3_CLAIM,2000,sfti_f859448743331e37f4b8ef4e
T3_CLAIM,2000,sfti_87128c6ee1c7ae18ee952170
T3_CLAIM,2000,sfti_f9e61eb5d2656710cece3b28
T3_CLAIM,2000,sfti_38c488124b39f42dee344baf
T3_CLAIM,2000,sfti_540fb6e13297b440356a0bb3
T3_CLAIM,2000,sfti_f922cef4367490c27570a328
T3_CLAIM,2000,sfti_d612e945051a21f131fa8865
T3_CLAIM,2000,sfti_05987516e9ca4d4552f2ee9a
T3_CLAIM,2000,sfti_14af49b5f637cab246e1b0d5
T3_CLAIM,2000,sfti_eab7c8f36cce1219abb43994
T3_CLAIM,2000,sfti_27dd8d964a5cc263836ee7f0
T3_CLAIM,2000,sfti_cc34e1dd903761407b540fc8
T3_CLAIM,2000,sfti_1b1a9b3ce6cfaba23e56aabf
T3_CLAIM,2000,sfti_717f6aa1f24e7e17cafcdf94
T3_CLAIM,2000,sfti_b9a4dd0fd56c2146c2a26a58
T3_CLAIM,2000,sfti_e3f389f477a29529890fc6fb
T3_CLAIM,2000,sfti_633d15d5af108a7430d6cd33
T3_CLAIM,2000,sfti_357952b0b545d7b684a376a5
T3_CLAIM,2000,sfti_9a9262e82164e52e3724dee2
T3_CLAIM,2000,sfti_8b1aaef784dce705fe220d85
T3_CLAIM,2000,sfti_836d2e43539ec8be92bc854c
T3_CLAIM,2000,sfti_5e6346ca0fb3c89433dee9ad
T3_CLAIM,2000,sfti_24a746ffaed5b6158d953b5b
T3_CLAIM,2000,sfti_8ca048b599fb2a51f97d44bc
T3_CLAIM,2000,sfti_a722d369fb939d784312094b
T3_CLAIM,2000,sfti_1822a209ccae1b6f9e426d32
T3_CLAIM,2000,sfti_ebfe24438eb79694bc0b7726
T3_CLAIM,2000,sfti_f882a3f6dff22ce2c81546c0
T3_CLAIM,2000,sfti_a9abe5039bf68ea641e7b46e
T3_CLAIM,2000,sfti_3e5bf354a85d09944cbd8d5c
T3_CLAIM,2000,sfti_b8ae5885e50b973c313a7a07
T3_CLAIM,2000,sfti_51f539276d095cb92e5bede3
T3_CLAIM,2000,sfti_9c4bfd9f4d0bfd3aab5730ef
T3_CLAIM,2000,sfti_78ba11ae05b59ad108b52a3c
T3_CLAIM,2000,sfti_f6a2b65ae8c3da71d2368871
T3_CLAIM,2000,sfti_9a6bf23c174606121035f328
T3_CLAIM,2000,sfti_248cd9010b240a215b24d324
T3_CLAIM,2000,sfti_ac0d9e8ab938907ff51bcd15
T3_CLAIM,2000,sfti_66da68706382cd8cff182cf1
T3_CLAIM,2000,sfti_1fd553dbceaf2993314a959b
T3_CLAIM,2000,sfti_eb2db424bb1f1ed653f1848e
T3_CLAIM,2000,sfti_e8ba0af095dcbe676a43a98f
T3_CLAIM,2000,sfti_0be132f87a21ad868be963d6
T3_CLAIM,2000,sfti_fe8827dd21cfeaa639ccc268
T3_CLAIM,2000,sfti_6cea6cba65ed54ca77878050
T3_CLAIM,2000,sfti_7bcb5c95338fe33e7628d928
T3_CLAIM,2000,sfti_54d70eb96c6f59077d0ee2bd
T3_CLAIM,2000,sfti_8a5235f19785efb05e12ceef
T3_CLAIM,2000,sfti_1bfcb2d0916f0ec284b07861
T3_CLAIM,2000,sfti_65f3592a96064fae23f64126
T3_CLAIM,2000,sfti_88cdf750d3498fbcbf1b2975
T3_CLAIM,2000,sfti_023e3f0f3f43f1b285e4905e
T3_CLAIM,2000,sfti_161bb74265b85a468505b7c3
T3_CLAIM,2000,sfti_897f5fb4caeed05bc35744ec
T3_CLAIM,2000,sfti_ef868dc7762f507733533e45
T3_CLAIM,2000,sfti_645016406d91bf11e8104bd3
T3_CLAIM,2000,sfti_600ff8d9286fd783eb012d09
T3_CLAIM,2000,sfti_98a514d57218a87c175e4dc7
T3_CLAIM,2000,sfti_cb9393c3cabfebf9aaf331bb
T3_CLAIM,2000,sfti_01d7a53934c14081db49ff9a
T3_CLAIM,2000,sfti_f22d98de02bcd84867edd418
T3_CLAIM,2000,sfti_e7ab955ca66fb6bd863e645b
T3_CLAIM,2000,sfti_2bd8434d938563505bd99b0a
T3_CLAIM,2000,sfti_44ac8528e79002c886ad26d6
T3_CLAIM,2000,sfti_8c3fc28979cce86fca0742d0
T3_CLAIM,2000,sfti_9c067a7a9d9b4e7ce019dcbe
T3_CLAIM,2000,sfti_fa98bd70d5bc14e4e1970527
T3_CLAIM,2000,sfti_f9bb4636c11a105b2536c464
T3_CLAIM,2000,sfti_b0bd97315d6dc1c032ceca7b
T3_CLAIM,2000,sfti_d3e06b10dac337ddb1882566
T3_CLAIM,2000,sfti_cde01a6a9cee14cd04fc7127
T3_CLAIM,2000,sfti_0faa98cc4302c46891938f87
T3_CLAIM,2000,sfti_4114ee1386a61f3ef24c0821
T3_CLAIM,2000,sfti_dd94c1ffd023f81d641fd775
T3_CLAIM,2000,sfti_8631f68955d0f5f65579e498
T3_CLAIM,2000,sfti_5fddd9f018ac0cd3e9e63374
T3_CLAIM,2000,sfti_0a7af80f37f1ccccf81af696
T3_CLAIM,2000,sfti_4c19d53fc9ee89a958155a86
T3_CLAIM,2000,sfti_113b662db2ee7a50e26cac91
T3_CLAIM,2000,sfti_8e970ac3c21a72108df7fd09
T3_CLAIM,2000,sfti_34563e39f8b80066a5282319
T3_CLAIM,2000,sfti_30a1ff90fe5223c4c2bd7c44
T3_CLAIM,2000,sfti_a2f5cccf94125496fa626cf6
T3_CLAIM,2000,sfti_5a707871b34d0baa2ee52c90
T3_CLAIM,2000,sfti_5e93aa8d0a75e18cd9c42083
T3_CLAIM,2000,sfti_8a26579b943b5e87b050809c
T3_CLAIM,2000,sfti_ef50da09f0e8359fcf68d780
T3_CLAIM,2000,sfti_364d551fd9d5b45f3a0d8b23
T3_CLAIM,2000,sfti_61ccc538a53935c42467b07c
T3_CLAIM,2000,sfti_84d39e7aa2ac786ac8a074d8
T3_CLAIM,2000,sfti_0763c85869bc6f1c9f551c62
T3_CLAIM,2000,sfti_5185ac6d2cd82eeea7613c34
T3_CLAIM,2000,sfti_f6c463335260f9ae9bedc128
T3_CLAIM,2000,sfti_78bcdc0719e706cbc673ccee
T3_CLAIM,2000,sfti_47e56585a93f81128b809d73
T3_CLAIM,2000,sfti_1cde4ed03d9d5d3ab5b32239
T3_CLAIM,2000,sfti_13a444fdf75b50f2f84d201d
T3_CLAIM,2000,sfti_3670fb2c45ad902650ce4a9e
T3_CLAIM,2000,sfti_86d92088daaa1c51623e06cd
T3_CLAIM,2000,sfti_557f1ead6fb8ef16750c7ad3
T3_CLAIM,2000,sfti_911608099758953c3df631f9
T3_CLAIM,2000,sfti_88a99d3de1d8e65bc6fc3d71
T3_CLAIM,2000,sfti_8415a09832dd449075fe2dd8
T3_CLAIM,2000,sfti_0973ee7bf15d8bb2d91fb87a
T3_CLAIM,2000,sfti_7824eecf6404f9bd4627629b
T3_CLAIM,2000,sfti_c8361cbb57bfaf3f19e629bd
T3_CLAIM,2000,sfti_761e16cb587637bcad6a9344
T3_CLAIM,2000,sfti_7b1712d455f49cfb954e88bd
T3_CLAIM,2000,sfti_8741b6a32f5a15d54ec20b41
T3_CLAIM,2000,sfti_1a77d92d524c02e49c06a6b9
T3_CLAIM,2000,sfti_deef40baa680cf2bc1db8f07
T3_CLAIM,2000,sfti_295a26fd439fee355e98f388
T3_CLAIM,2000,sfti_7471e7cb105ea7535c2b1fa4
T3_CLAIM,2000,sfti_4971f3e17da1433396f28cb8
T3_CLAIM,2000,sfti_2d5d674605898dc2f23bcb39
T3_CLAIM,2000,sfti_56a4e7c645fc79aafd7abaf6
T3_CLAIM,2000,sfti_33235e59ea6676ab9390d2a1
T3_CLAIM,2000,sfti_b0ef7ebb00d2b137725b6e8d
T3_CLAIM,2000,sfti_c1e32667c2b593fa2aa57da7
T3_CLAIM,2000,sfti_52f5a2ad3302a56ca0fcd3ba
T3_CLAIM,2000,sfti_d03ab06e4a0f6843578a9db4
T3_CLAIM,2000,sfti_be1a0fd8f508f89dcbc60f70
T3_CLAIM,2000,sfti_514cf3fa3ed1608e7c842e35
T3_CLAIM,2000,sfti_56eb8133788fb9c7cc99be29
T3_CLAIM,2000,sfti_1eede9728fa95748075151a9
T3_CLAIM,2000,sfti_3e7042244b57dfffdfd58ca1
T3_CLAIM,2000,sfti_638d31bbcc559d5fe7acda89
T3_CLAIM,2000,sfti_c0b8693b4f54b42cb7c4c1aa
T3_CLAIM,2000,sfti_8b853f137b26432755b2682c
T3_CLAIM,2000,sfti_b427c47820d101e2b3e51023
T3_CLAIM,2000,sfti_e4419845f6f55dfbe0080ccb
T3_CLAIM,2000,sfti_3894dfee57bab9dd8bbffac7
T3_CLAIM,2000,sfti_c160e01eaa25b604232a2a1e
T3_CLAIM,2000,sfti_da804498e7255423b3c65d67
T3_CLAIM,2000,sfti_6101f0d20b39f642855ef8d1
T3_CLAIM,2000,sfti_e4ac9e71541d8e60c35b033a
T3_CLAIM,2000,sfti_9d7aeab4eb6dae9768311cd5
T3_CLAIM,2000,sfti_104bbc83cdbf400492a394e1
T3_CLAIM,2000,sfti_55a3e84bcca3aa7be6c47f88
T3_CLAIM,2000,sfti_fa8d39a59862cef616e7baf3
T3_CLAIM,2000,sfti_464f89beebe5b88c41364f8c
T3_CLAIM,2000,sfti_da2825ac3ed7c655b0b040fc
T3_CLAIM,2000,sfti_90e881d3c87b0b0c8d8a7f5b
T3_CLAIM,2000,sfti_730af140b3599735f52084d0
T3_CLAIM,2000,sfti_e4922f05ff6afa13f05e6a43
T3_CLAIM,2000,sfti_67f24cb09873f228b0de47d5
T3_CLAIM,2000,sfti_8141bfc9e56de7c1dbfba155
T3_CLAIM,2000,sfti_4c36043f38e3f66846e8b62c
T3_CLAIM,2000,sfti_6c2752ef19f3abde83257c3b
T3_CLAIM,2000,sfti_cfebe6fd56e1facdca8a0712
T3_CLAIM,2000,sfti_0eeff73b6333d42db0a76d03
T3_CLAIM,2000,sfti_443267ea19b7613d2a134913
T3_CLAIM,2000,sfti_58cbe514f11a8587273085ba
T3_CLAIM,2000,sfti_7bdae5237a4ea20b973b25db
T3_CLAIM,2000,sfti_9c7ed82f2c853e2e02574751
T3_CLAIM,2000,sfti_c02ba3c30b95c063e3c3b79f
T3_CLAIM,2000,sfti_7640e798b329f16ada654442
T3_CLAIM,2000,sfti_f0cae35d66a9e7b8b4b0005b
T3_CLAIM,2000,sfti_6344eb318b5e39f4e06aa319
T3_CLAIM,2000,sfti_2d2734d681409bb83311ddab
T3_CLAIM,2000,sfti_c4ffd20ff2d8a4e2141d326d
T3_CLAIM,2000,sfti_ae803444f154cb6be935ff42
T3_CLAIM,2000,sfti_9b3cb0538f162a0021a0cfe8
T3_CLAIM,2000,sfti_8f333cb95576826a02cad60b
T3_CLAIM,2000,sfti_64ca7172c783612a0a69c639
T3_CLAIM,2000,sfti_f629ed006d72b0fe94893d96
T3_CLAIM,2000,sfti_c50aa2418dd6586c692ab925
T3_CLAIM,2000,sfti_04ccb6dffe077c7652a7b873
T3_CLAIM,2000,sfti_0a3a925364261888cd323f86
T3_CLAIM,2000,sfti_9298569d3a98c74b0c703f23
T3_CLAIM,2000,sfti_d75cb6a43fdac8944477c5cb
T3_CLAIM,2000,sfti_808c6941618d8797cef60825
T3_CLAIM,2000,sfti_bf3c74d94149efceaf0e923d
T3_CLAIM,2000,sfti_59aab8a39096d7332b9d8234
T3_CLAIM,2000,sfti_39597cd630c512cb644e4e1e
T3_CLAIM,2000,sfti_db39ffb43f39105cfa3cb940
T3_CLAIM,2000,sfti_2568c48035b017312280ae31
T3_CLAIM,2000,sfti_b39a11b49062e4049320a587
T3_CLAIM,2000,sfti_2429eb83968f05f03eff953e
T3_CLAIM,2000,sfti_13d90d9d5484fa66d178f827
T3_CLAIM,2000,sfti_07564ab16b5b6e0a5dff8f23
T3_CLAIM,2000,sfti_2339221cd181c11b6e48112d
T3_CLAIM,2000,sfti_2569f0471c7fcf4cc74adf7f
T3_CLAIM,2000,sfti_1f5210478e4d6f0a27021d4a
T3_CLAIM,2000,sfti_662545b18237ebb07d63f621
T3_CLAIM,2000,sfti_cae502e31368202de2edbcac
T3_CLAIM,2000,sfti_879816b23cbd88af6d573211
T3_CLAIM,2000,sfti_4aadca6f804cc5f3443e20bb
T3_CLAIM,2000,sfti_688843dd8a8629317a99c15d
T3_CLAIM,2000,sfti_eff0a330ae5bf9ab206b2fc7
T3_CLAIM,2000,sfti_184024c85262a050b3d3b353
T3_CLAIM,2000,sfti_2b0d450c952ccd60eea87888
T3_CLAIM,2000,sfti_28102beefc593f5707af171a
T3_CLAIM,2000,sfti_ffc7509e2174bf147a997fc0
T3_CLAIM,2000,sfti_ea19afb4aaa11af13940fc03
T3_CLAIM,2000,sfti_4ba649230996a1868b376c5f
T3_CLAIM,2000,sfti_e94c7e672ad0c571c083fd38
T3_CLAIM,2000,sfti_4cfe1bf4d97187cede2423d4
T3_CLAIM,2000,sfti_d213278879875d965ed490c5
T3_CLAIM,2000,sfti_71964869450e19424aa87c77
T3_CLAIM,2000,sfti_cc2e979d43f177384b8f2583
T3_CLAIM,2000,sfti_bde3cd9a973f36be9d4907ac
T3_CLAIM,2000,sfti_e5cdc551d2c76a3ed60cfc80
T3_CLAIM,2000,sfti_f2e4589714e241746fea288c
T3_CLAIM,2000,sfti_7d53fe8a7cf51824ab6d2176
T3_CLAIM,2000,sfti_941ac16fb8d22dd2b6ecff65
T3_CLAIM,2000,sfti_9f60f4859de00f62949d2049
T3_CLAIM,2000,sfti_b142bddf3aef308007813412
T3_CLAIM,2000,sfti_92a267d9d35930600e0808a0
T3_CLAIM,2000,sfti_92deee4fe858fedb7735d2be
T3_CLAIM,2000,sfti_ba93722dabcbe8e1d6fbcdb9
T3_CLAIM,2000,sfti_f512cfb93a7dc7b6869316c9
T3_CLAIM,2000,sfti_f6299ab852ad5af8d741ea7c
T3_CLAIM,2000,sfti_cda59bcf02a42e4043def14c
T3_CLAIM,2000,sfti_7b6152964128bdbc39c1c730
T3_CLAIM,2000,sfti_7a11ee58341dbc8522c96c2c
T3_CLAIM,2000,sfti_905aaabde93e65541c6643f7
T3_CLAIM,2000,sfti_b6a01e82bd4b0a793833eb85
T3_CLAIM,2000,sfti_162be453d62315b9ce75b7e4
T3_CLAIM,2000,sfti_a2392089f57005cde4f31fa8
T3_CLAIM,2000,sfti_a490a8b9f2d58801841d5c5e
T3_CLAIM,2000,sfti_ac497b0a8ad8d7439134dca3
T3_CLAIM,2000,sfti_179bb8c8a1356a5c6390eded
T3_CLAIM,2000,sfti_581e4dd6ccbf23a464f48896
T3_CLAIM,2000,sfti_d7e6dca76b1dbda5175d3405
T3_CLAIM,2000,sfti_c3d5d21fdeda9e98637daaa2
T3_CLAIM,2000,sfti_f3d0077523a03518586347f9
T3_CLAIM,2000,sfti_ed37d7f60c769b56561825dd
T3_CLAIM,2000,sfti_48f9d3fb901216e5d792468a
T3_CLAIM,2000,sfti_41985cc32da2593c8c403cd5
T3_CLAIM,2000,sfti_4a063e72f65b22f3c15d6946
T3_CLAIM,2000,sfti_00b627d09833aabe3f799399
T3_CLAIM,2000,sfti_fd18495df948961eef9ff562
T3_CLAIM,2000,sfti_a8ee09a9754bf5e1ea8667f5
T3_CLAIM,2000,sfti_74a2b8d3e27a624dd5fada35
T3_CLAIM,2000,sfti_9c449c40dc913b09f3784f13
T3_CLAIM,2000,sfti_ecd843ebce1f4050172527ae
T3_CLAIM,2000,sfti_2a3c8cfb92a3dfcdcc8d5e14
T3_CLAIM,2000,sfti_b2d6b931c0327403d4787a2f
T3_CLAIM,2000,sfti_9241f1c775c31268036c3dc0
T3_CLAIM,2000,sfti_dcc45113860842306dc014e7
T3_CLAIM,2000,sfti_0df70f96ae5e679104a00728
T3_CLAIM,2000,sfti_10ee5bfce778f673b5c8c1ff
T3_CLAIM,2000,sfti_e4fee478eafc3321e0a3a7af
T3_CLAIM,2000,sfti_6b3626c5fa80e8b6cf265e5d
T3_CLAIM,2000,sfti_ece5ffb7524540c44f40d13c
T3_CLAIM,2000,sfti_9c113792337bd576181027ef
T3_CLAIM,2000,sfti_ac8a4c2be028fb103bac304b
T3_CLAIM,2000,sfti_4f233728f71739145f8c269c
T3_CLAIM,2000,sfti_4d852487ba6555dc05e06da2
T3_CLAIM,2000,sfti_54b2f3030472a228dbc9c9c0
T3_CLAIM,2000,sfti_b6a47a669b7fc6c1361624ec
T3_CLAIM,2000,sfti_fbcaed72bfd242bc700a533f
T3_CLAIM,2000,sfti_dc6b092362934995669b0610
T3_CLAIM,2000,sfti_d163f1685efadc2da095bf36
T3_CLAIM,2000,sfti_62846b7cea743da1ec623aff
T3_CLAIM,2000,sfti_997f0cd022b74aac25c50958
T3_CLAIM,2000,sfti_ce27d8d9cd611878b8275fbb
T3_CLAIM,2000,sfti_7d3893553edac69083a5be60
T3_CLAIM,2000,sfti_0fe0f02eca105ead3996b306
T3_CLAIM,2000,sfti_0485339dc7722925615dda6e
T3_CLAIM,2000,sfti_9be0757bc747372497880fd4
T3_CLAIM,2000,sfti_c5483052788b1be0417f8472
T3_CLAIM,2000,sfti_2b0d8a38c2996a535ffbc960
T3_CLAIM,2000,sfti_22d6d5bc696d175c7603403d
T3_CLAIM,2000,sfti_29be4272d5cf5d9a7ab1b0b3
T3_CLAIM,2000,sfti_11ffbc1f346a7b98f93c8ed0
T3_CLAIM,2000,sfti_69762c99e8858bed062bfac1
T3_CLAIM,2000,sfti_d56bb08b41338efbcb898a3b
T3_CLAIM,2000,sfti_dd0b71b18463fcb173151545
T3_CLAIM,2000,sfti_033f659fd39350068660cda7
T3_CLAIM,2000,sfti_7ed4e1a737608e0df7856a85
T3_CLAIM,2000,sfti_78559e9eb1dbe9e6ce9455a4
T3_CLAIM,2000,sfti_e648c5a15dba695dca31f438
T3_CLAIM,2000,sfti_52f1731e19a0b45de7436e48
T3_CLAIM,2000,sfti_36e29e27436503e65e2384f3
T3_CLAIM,2000,sfti_bd98dda597b06b89199b2f41
T3_CLAIM,2000,sfti_3ed18bd9f1252cad4e89ab07
T3_CLAIM,2000,sfti_57a1ac35fc9bfed5d0b7958b
T3_CLAIM,2000,sfti_1f5d44004c89d6c0db79dbbb
T3_CLAIM,2000,sfti_6d3daca15497a9a6524d8efa
T3_CLAIM,2000,sfti_511c47433c2026ce59660056
T3_CLAIM,2000,sfti_cf0ecc5f0989d66bad98dd2a
T3_CLAIM,2000,sfti_f2e3c2ec879322d9e16fd2c2
T3_CLAIM,2000,sfti_9e2256bf27c83add50f1e581
T3_CLAIM,2000,sfti_69d7225b33fab9ddb41a3324
T3_CLAIM,2000,sfti_885f547684b89ba37daad4ee
T3_CLAIM,2000,sfti_43301b9859e25837716240d0
T3_CLAIM,2000,sfti_810856827a11d0c76c7717e9
T3_CLAIM,2000,sfti_3dd00f752be6244d1cec5b4b
T3_CLAIM,2000,sfti_d0fc75ff254606983870cd17
T3_CLAIM,2000,sfti_d57cc24bf6948da4c43d4933
T3_CLAIM,2000,sfti_075e75934d79682317b5632e
T3_CLAIM,2000,sfti_0f909e95c64044e6aad1ba14
T3_CLAIM,2000,sfti_780317dc172b842f2351e217
T3_CLAIM,2000,sfti_061eeb472c1d851309640bda
T3_CLAIM,2000,sfti_49aaadacc9bd09ca6eacb0d0
T3_CLAIM,2000,sfti_2863bbdc9a862458b9f3806e
T3_CLAIM,2000,sfti_4aa7dc5baa41e34fdf5f8c8d
T3_CLAIM,2000,sfti_132c73a63873fb3e6d6b022c
T3_CLAIM,2000,sfti_bc42294cad38ad8a8af0953d
T3_CLAIM,2000,sfti_b34deb6219feb020e181cfc3
T3_CLAIM,2000,sfti_423ff43619907f7770462d39
T3_CLAIM,2000,sfti_57ba11de7c458c1e95995c93
T3_CLAIM,2000,sfti_87e01369b92efa7beae6b512
T3_CLAIM,2000,sfti_a0143670a7bb766748c9d8db
T3_CLAIM,2000,sfti_f5363a21788af5bf375bba3a
T3_CLAIM,2000,sfti_a8cebb05604d993eea8c0ae6
T3_CLAIM,2000,sfti_80afe3fb3c5affe3253445b6
T3_CLAIM,2000,sfti_4f4e115ec062d3054fdc66cc
T3_CLAIM,2000,sfti_f78a920c9d2047abf1d5844b
T3_CLAIM,2000,sfti_ef20795a46c277ada78723ce
T3_CLAIM,2000,sfti_910bdb1052dd1d8fceb1c295
T3_CLAIM,2000,sfti_3e123c66994316884ad4bcc9
T3_CLAIM,2000,sfti_6576fede45a1f4f4215bcd20
T3_CLAIM,2000,sfti_09cababa21a0ca25ceb96566
T3_CLAIM,2000,sfti_8bc00c26dd870a16c32eb72c
T3_CLAIM,2000,sfti_02cbe51e5638a20ca974dbe5
T3_CLAIM,2000,sfti_b2df78ae574c37c13d6fe53d
T3_CLAIM,2000,sfti_4ad2f0c85a336fd646eb6c81
T3_CLAIM,2000,sfti_5ec2217fe03586eb39a3fdf3
T3_CLAIM,2000,sfti_8e91430e0292c24abcbf3c03
T3_CLAIM,2000,sfti_fbfd3252aa2c25e5a38a3969
T3_CLAIM,2000,sfti_7ec53c544f8537854586fcee
T3_CLAIM,2000,sfti_2287ec65c1b1d5970061f6ca
T3_CLAIM,2000,sfti_c3105bcc3eb624258bf6e724
T3_CLAIM,2000,sfti_7f8fe01111c6c7fb88d6cfbf
T3_CLAIM,2000,sfti_2c253001c51b4a2a58edc93b
T3_CLAIM,2000,sfti_0cbdea562e72c71f841cbe49
T3_CLAIM,2000,sfti_e168e979cce598a90a5e768d
T3_CLAIM,2000,sfti_50a5a9f9a381e5687e011397
T3_CLAIM,2000,sfti_61f69b051c91a16924453039
T3_CLAIM,2000,sfti_ddd892accb07b114359be5fc
T3_CLAIM,2000,sfti_b6bd3f854b2808d27332c133
T3_CLAIM,2000,sfti_43c67affe6cfe1da12f22457
T3_CLAIM,2000,sfti_b68eef8035cfba42028af0a9
T3_CLAIM,2000,sfti_0088bce723048b3da97ed9cf
T3_CLAIM,2000,sfti_ef912ad06c972359bfcff746
T3_CLAIM,2000,sfti_7a2b7a6b51ddcd853fad2018
T3_CLAIM,2000,sfti_3ee61995b762e870ec3aeaa1
T3_CLAIM,2000,sfti_90bcc76e841deaeabe9d6271
T3_CLAIM,2000,sfti_bc691537353456ff8d8d7172
T3_CLAIM,2000,sfti_e510e03bf6528e1e8e3a45de
T3_CLAIM,2000,sfti_9441fee187f39a6caa2eefda
T3_CLAIM,2000,sfti_332b9d875d1d81c89fed2c96
T3_CLAIM,2000,sfti_bb87137d2dfb430c76e038bf
T3_CLAIM,2000,sfti_46b000a0cef257805aaf74fc
T3_CLAIM,2000,sfti_82f2b524a4d2719592378809
T3_CLAIM,2000,sfti_62186dde3dc092acc4bf552b
T3_CLAIM,2000,sfti_42e743f617cdaeb1449e6527
T3_CLAIM,2000,sfti_c906e8d952da00f73e16ab2d
T3_CLAIM,2000,sfti_5ee34c0ef4b9b40c4181da48
T3_CLAIM,2000,sfti_a543820a3c1ace2abd4c1a0c
T3_CLAIM,2000,sfti_e96881975abb7a9f870a07a3
T3_CLAIM,2000,sfti_6f8af754db0b726bf07204a8
T3_CLAIM,2000,sfti_16b97459e3ebe86c3906780b
T3_CLAIM,2000,sfti_65787a87b47efa2b2c9b9d43
T3_CLAIM,2000,sfti_107b2e06d38c039c246a000b
T3_CLAIM,2000,sfti_83293903289c802f29df3336
T3_CLAIM,2000,sfti_08a07e528d6f763ccfe8c022
T3_CLAIM,2000,sfti_b339091d88e1eba31e62dba1
T3_CLAIM,2000,sfti_5116429bf654651f7cd4e031
T3_CLAIM,2000,sfti_81ef70860526c8408b3666bf
T3_CLAIM,2000,sfti_d55f66edce492189b41b2eec
T3_CLAIM,2000,sfti_8b2238a3022e20aec2640b91
T3_CLAIM,2000,sfti_172393667f63b489ae967dbc
T3_CLAIM,2000,sfti_2152d04169a7e5e594f73715
T3_CLAIM,2000,sfti_74addd61c2f5c6b842d9b253
T3_CLAIM,2000,sfti_91cb39eae058477283caf4cf
T3_CLAIM,2000,sfti_5ab1169ee05492e5051fc62d
T3_CLAIM,2000,sfti_68c6fd06b0237de59dce057e
T3_CLAIM,2000,sfti_d25dc7cd805274bde310892f
T3_CLAIM,2000,sfti_976571f188b6ba64c22dc628
T3_CLAIM,2000,sfti_1ffaa08f942546f96da6111c
T3_CLAIM,2000,sfti_594dc4b8f038a6274af2bdbd
T3_CLAIM,2000,sfti_c68091aa5fd946331fe41dce
T3_CLAIM,2000,sfti_ae9d9a87dd90466884871809
T3_CLAIM,2000,sfti_cbcb6d0d5ba06a9708049583
T3_CLAIM,2000,sfti_3f50bc11e0c9c3fbf3c41aba
T3_CLAIM,2000,sfti_5c8496899e859646c92aa587
T3_CLAIM,2000,sfti_bd4946e15c6d42ae09eb53b9
T3_CLAIM,2000,sfti_1111cf944ab96c8e8301e5b1
T3_CLAIM,2000,sfti_8a5e17ca4b25f414e723aea7
T3_CLAIM,2000,sfti_cd393cf2cdaebf2405af309c
T3_CLAIM,2000,sfti_2b3aaa07e55e837888bf942a
T3_CLAIM,2000,sfti_93067705d9f39ea105cb0a66
T3_CLAIM,2000,sfti_f733b616fc61a7ad6868da22
T3_CLAIM,2000,sfti_a4bdd2a3535ee05d655d4303
T3_CLAIM,2000,sfti_3773350380a9f144b7f82d3a
T3_CLAIM,2000,sfti_ba35426c0635a3fbf3ada2a7
T3_CLAIM,2000,sfti_9c7cafe32af43175581bac8e
T3_CLAIM,2000,sfti_07dcf3c1475252f9696ed173
T3_CLAIM,2000,sfti_44e2f7d3fb8190172a08aa4f
T3_CLAIM,2000,sfti_fe0a66ef8e8a657657ca189e
T3_CLAIM,2000,sfti_92e78c9f340d5a05e803eb5e
T3_CLAIM,2000,sfti_56bde98f4d7eae591d1274f2
T3_CLAIM,2000,sfti_a0e120a291d77502fa8bdccc
T3_CLAIM,2000,sfti_d3d6e682c899c534f659f34b
T3_CLAIM,2000,sfti_12588a442aafe85a94ddd2c0
T3_CLAIM,2000,sfti_05009994352164a72aca7c99
T3_CLAIM,2000,sfti_e4c4be2a1a3f7390fafd38a8
T3_CLAIM,2000,sfti_53fd4798b0eaad9eeb9e8ab8
T3_CLAIM,2000,sfti_0ad734fe0c69b8815f1caf6d
T3_CLAIM,2000,sfti_8dc23d7679290118f62661fb
T3_CLAIM,2000,sfti_eb2a3b3d1d10ef8ea5813aac
T3_CLAIM,2000,sfti_839446a42ad3c335a0b85700
T3_CLAIM,2000,sfti_449976a42cd8fca0f6654528
T3_CLAIM,2000,sfti_db7c05412d1c6842895c8f1d
T3_CLAIM,2000,sfti_1c808d5c15a25b8addd57ac7
T3_CLAIM,2000,sfti_a01f0c5d5ae2931d1c54a3b2
T3_CLAIM,2000,sfti_c4596624dbe10cdb2d53012e
T3_CLAIM,2000,sfti_8a741e4159dc4fc406afd5ff
T3_CLAIM,2000,sfti_765342ca94b3c7e948463b33
T3_CLAIM,2000,sfti_147521d3a92cfc59efe260b3
T3_CLAIM,2000,sfti_5dc04b9e4118167c030287fc
T3_CLAIM,2000,sfti_fcb3d6eb4e9ea2e270da6a0c
T3_CLAIM,2000,sfti_8ff5d520b71b11eb4dab56fc
T3_CLAIM,2000,sfti_d10238a0d7e4ac4164604cb7
T3_CLAIM,2000,sfti_c070ece1d7906beb2d52b238
T3_CLAIM,2000,sfti_6c12a55a1d833170e8d50eef
T3_CLAIM,2000,sfti_b0dd84b086d0ea727a3e9b3d
T3_CLAIM,2000,sfti_9b1f543d779304039aeeec0b
T3_CLAIM,2000,sfti_d06a95cfd9c32eab323c174f
T3_CLAIM,2000,sfti_0514f49429f53cf7683494d9
T3_CLAIM,2000,sfti_b33e4b172c8417de5bb7c145
T3_CLAIM,2000,sfti_0744de76653ee1feb3164d22
T3_CLAIM,2000,sfti_445001ac628a6f2fc5aaf707
T3_CLAIM,2000,sfti_9abbf7ff1e340ad4bc34dc8d
T3_CLAIM,2000,sfti_dd66c75b3ea377762217d394
T3_CLAIM,2000,sfti_014fb90c97568e10b84f4597
T3_CLAIM,2000,sfti_88dfdeb649a5969d9b133682
T3_CLAIM,2000,sfti_af3f7b654b1f16c67cbcaac0
T3_CLAIM,2000,sfti_2d7510c079ca462187869dba
T3_CLAIM,2000,sfti_378c12c1dbebfa1e66ee69cd
T3_CLAIM,2000,sfti_0cc7cc190e31cb260f18255f
T3_CLAIM,2000,sfti_6571e3e1217d1d71a09e92a7
T3_CLAIM,2000,sfti_9c065169b1d2ffbe54e03a4f
T3_CLAIM,2000,sfti_35d486f11366ce898924f911
T3_CLAIM,2000,sfti_699ceb76ea6d568167644854
T3_CLAIM,2000,sfti_313661a4342c051b3bac878e
T3_CLAIM,2000,sfti_eba5fb7be444123d833c7c35
T3_CLAIM,2000,sfti_b8e1334664e492b2ac69592f
T3_CLAIM,2000,sfti_95294a60ca43b823f7531c8f
T3_CLAIM,2000,sfti_584dca1e1fb86abaca5e6b5f
T3_CLAIM,2000,sfti_c555eac31a8f1bf779711c54
T3_CLAIM,2000,sfti_ca71c22d1392225c0df76d86
T3_CLAIM,2000,sfti_5278478898a43efa61cbf150
T3_CLAIM,2000,sfti_986a45872b266020d5364b25
T3_CLAIM,2000,sfti_4e3e002a89dc1bc6f3530881
T3_CLAIM,2000,sfti_b2d19a254a6f6a947acfe1a1
T3_CLAIM,2000,sfti_623cb5cb8012a66a91c170fa
T3_CLAIM,2000,sfti_9f534ad79a0eba1405191aca
T3_CLAIM,2000,sfti_eb93a6965cae0c6ca524a9aa
T3_CLAIM,2000,sfti_be788aff650bc184af4c0a89
T3_CLAIM,2000,sfti_b6253fbaf8b4cb1b7b0be3cc
T3_CLAIM,2000,sfti_2991b4480c6a30d19a1357d2
T3_CLAIM,2000,sfti_54bbc44f8c7cbf51145867bf
T3_CLAIM,2000,sfti_5a9a58542834a74a645b9c0a
T3_CLAIM,2000,sfti_6fc4ee83b77a4c5970bafaa5
T3_CLAIM,2000,sfti_519447245888ced57295e046
T3_CLAIM,2000,sfti_f824cc36516badcd7d71ea96
T3_CLAIM,2000,sfti_bef1273840c7a9451b3be6b6
T3_CLAIM,2000,sfti_401aeadbf77efed7e378e9d6
T3_CLAIM,2000,sfti_c52e4111ef52363ce52a30a1
T3_CLAIM,2000,sfti_84e1ab58e6238365b141769a
T3_CLAIM,2000,sfti_197b94e1a610b0c00b5022ed
T3_CLAIM,2000,sfti_521978d315496abd0eb25c30
T3_CLAIM,2000,sfti_2ea8c7a6fb26bb270dc8de0b
T3_CLAIM,2000,sfti_41786d6f794fb1e6d29e502c
T3_CLAIM,2000,sfti_f739c65080625839015b0a56
T3_CLAIM,2000,sfti_480f2f04e84f5ceba8044302
T3_CLAIM,2000,sfti_e6bedfce984600f3910b431f
T3_CLAIM,2000,sfti_1b143c90209d7d264c906ef6
T3_CLAIM,2000,sfti_851b4c7080c49c7727a526c8
T3_CLAIM,2000,sfti_9bbe1d8f499bd5acffe80e9d
T3_CLAIM,2000,sfti_6e24bb6e156264b21231cbe5
T3_CLAIM,2000,sfti_f6dd806bc118495538c8bb3d
T3_CLAIM,2000,sfti_7a08be7c5be11039322aec84
T3_CLAIM,2000,sfti_2a36020d9a99dfc2f300148a
T3_CLAIM,2000,sfti_d740690292185da624ba0dda
T3_CLAIM,2000,sfti_b673d1931d13c6283a76f6b5
T3_CLAIM,2000,sfti_27b6c757ba7904badb80dc73
T3_CLAIM,2000,sfti_4297a206f4abe954e2716172
T3_CLAIM,2000,sfti_1678687faf4f408f5d842eb5
T3_CLAIM,2000,sfti_a5a70c701e7821aa004cec7a
T3_CLAIM,2000,sfti_5c2669ab43e2e81649596510
T3_CLAIM,2000,sfti_c24fcf28140bc58c3c1a44e4
T3_CLAIM,2000,sfti_f3e2e77117e153cb201fe21e
T3_CLAIM,2000,sfti_34b6717ff78a8ffe4f9106a1
T3_CLAIM,2000,sfti_b2a91e886fa293357f74b2c4
T3_CLAIM,2000,sfti_9901c39b1e09fd763732e147
T3_CLAIM,2000,sfti_fe9e3d8da1c028da7ff71a11
T3_CLAIM,2000,sfti_f01af445db7e3d0896ec6f8d
T3_CLAIM,2000,sfti_b5c880a8978b164d566dcd2c
T3_CLAIM,2000,sfti_b281dd9e1ee003378619f8de
T3_CLAIM,2000,sfti_85e29f77add36f1922a0d89c
T3_CLAIM,2000,sfti_7e337c06c3c0b5955cb28938
T3_CLAIM,2000,sfti_4911a54e2794c2fc074f90f9
T3_CLAIM,2000,sfti_60eb2585200b2db4b9b3ebd9
T3_CLAIM,2000,sfti_60e7f3bff853de905c60db7f
T3_CLAIM,2000,sfti_5d505f50790247d1aca5fb32
T3_CLAIM,2000,sfti_079557484465a16c99a34ff7
T3_CLAIM,2000,sfti_6bfcb9e2a1ecf92885f7243e
T3_CLAIM,2000,sfti_09aa989bd3fbeb533803d7cf
T3_CLAIM,2000,sfti_8cda6b3226c9a51aa0d44d4f
T3_CLAIM,2000,sfti_a2c0c40a368ed2b10d65d279
T3_CLAIM,2000,sfti_807f3cc93c68f02307d9e15b
T3_CLAIM,2000,sfti_f58594170aee4113d03beba0
T3_CLAIM,2000,sfti_8c4758f234ea80158175364e
T3_CLAIM,2000,sfti_e3e78fee299b497f5535f589
T3_CLAIM,2000,sfti_aae640f9d7e1f9cc4ffc5b96
T3_CLAIM,2000,sfti_9d9d505a0adf3296b657c6b9
T3_CLAIM,2000,sfti_2b42343e994e561aa13593f8
T3_CLAIM,2000,sfti_7f23c3679ed706c61278761a
T3_CLAIM,2000,sfti_ca8ea67157651c8774729458
T3_CLAIM,2000,sfti_e6193387e16d59965f045f38
T3_CLAIM,2000,sfti_0ef9b617189c943491b7bd41
T3_CLAIM,2000,sfti_ed2c5d41b8e4bcb014d01f9f
T3_CLAIM,2000,sfti_60f5d6ff76cdc8fdb8f2ec57
T3_CLAIM,2000,sfti_f515fcaa51ebff79b76baa83
T3_CLAIM,2000,sfti_42c547291670c2f2aab908b4
T3_CLAIM,2000,sfti_c56f84aa1a0e118f4b2c46af
T3_CLAIM,2000,sfti_227b5a0f39eeb4fa0400df1a
T3_CLAIM,2000,sfti_6a9aed6ac58590399baca59c
T3_CLAIM,2000,sfti_59b2c5172b65fbca79a3c650
T3_CLAIM,2000,sfti_5bbcf376997bab51cacb0980
T3_CLAIM,2000,sfti_0c07d9ea9c5ce9f383fccf79
T3_CLAIM,2000,sfti_52457ef2b8ec411f43264914
T3_CLAIM,2000,sfti_e3e0a43db03de2c7d2b3b340
T3_CLAIM,2000,sfti_23a423a293a04eb67851ca15
T3_CLAIM,2000,sfti_da89986b1d2e2d65de1fea9a
T3_CLAIM,2000,sfti_e6e0aef22f638479d3d7a5b8
T3_CLAIM,2000,sfti_af3df6d33d0d9dd98f6ee794
T3_CLAIM,2000,sfti_f069b3e4c7065b86ad1a6e33
T3_CLAIM,2000,sfti_32cc64e91e2779b8b1af6fee
T3_CLAIM,2000,sfti_cfcac140c2d7f08e00db230b
T3_CLAIM,2000,sfti_01d5176897d5c5eb4877a64b
T3_CLAIM,2000,sfti_4ae76e25e3b442dee61e0627
T3_CLAIM,2000,sfti_601abc19fdbe8b1c0623cf41
T3_CLAIM,2000,sfti_b28086eb789438f4e8d71c4b
T3_CLAIM,2000,sfti_810372f564e6f8565de1163c
T3_CLAIM,2000,sfti_498702b588833bb7891c8e68
T3_CLAIM,2000,sfti_6951993aa5c979c20997a0d0
T3_CLAIM,2000,sfti_bad86308d6b5f0764f2ec3c6
T3_CLAIM,2000,sfti_e93f7a4d3c305e9a0e63fc6d
T3_CLAIM,2000,sfti_b2562f1369ea24f3451405cf
T3_CLAIM,2000,sfti_f8e145b75cebe7491b6deaff
T3_CLAIM,2000,sfti_87cd4aeefa2dc9ff104c79f7
T3_CLAIM,2000,sfti_db5139854dd359267f49fe17
T3_CLAIM,2000,sfti_24a6a9638fdf97c836ff2efd
T3_CLAIM,2000,sfti_5287efa2015d4ebac43ab3d4
T3_CLAIM,2000,sfti_04f867acf4e3d70cc32a2a97
T3_CLAIM,2000,sfti_e568df52fef1bc2d63fa7274
T3_CLAIM,2000,sfti_a953847888e9de876266f747
T3_CLAIM,2000,sfti_1d07393609374be33dc541a5
T3_CLAIM,2000,sfti_60b0745f25587d908254d32d
T3_CLAIM,2000,sfti_946267f1ea60fcd5a9ee745b
T3_CLAIM,2000,sfti_60e30c0854ecb8d59f9fcef3
T3_CLAIM,2000,sfti_c9fbc90888291d8bb75a5be9
T3_CLAIM,2000,sfti_2b136bd8b22bef2e1e601a01
T3_CLAIM,2000,sfti_6a3ccce84328f5a51467de97
T3_CLAIM,2000,sfti_129a0b84b986fe5dfe3ae3d3
T3_CLAIM,2000,sfti_112aacaa80c47bc30f936f82
T3_CLAIM,2000,sfti_766ba36ca3bca1072c4f361a
T3_CLAIM,2000,sfti_e51d74d3ad1950c549916761
T3_CLAIM,2000,sfti_70fcaa5ec1c2789520a72707
T3_CLAIM,2000,sfti_beee7817d4a0fac1f8ab98ef
T3_CLAIM,2000,sfti_4ff52d4820b0b0817b00a3e7
T3_CLAIM,2000,sfti_93842ea0c454563790f715ec
T3_CLAIM,2000,sfti_6899b138dee24e91d771c9e0
T3_CLAIM,2000,sfti_89948b2023a52c37e7eb8c15
T3_CLAIM,2000,sfti_aba8d7696af9474cee56a4a4
T3_CLAIM,2000,sfti_fa5efbf64395ded73aa46181
T3_CLAIM,2000,sfti_b524a71707755c858724d081
T3_CLAIM,2000,sfti_c5dc15bf694898750f171ccc
T3_CLAIM,2000,sfti_8f127bd31fa961e3ef1c5b72
T3_CLAIM,2000,sfti_02052a358178fb1b609418cd
T3_CLAIM,2000,sfti_03f818933a2c148c7f936380
T3_CLAIM,2000,sfti_90aa24635e7f7f7a77018823
T3_CLAIM,2000,sfti_f527f59f8e15449cdbd8a03b
T3_CLAIM,2000,sfti_4f2b9c6a520bc2978bb41f85
T3_CLAIM,2000,sfti_dd8095a4143e7031c8bc1be8
T3_CLAIM,2000,sfti_35b29c7ab5b326244df4ecf7
T3_CLAIM,2000,sfti_7a312a575df960ee32470a8d
T3_CLAIM,2000,sfti_6c4e2a31a9eab2bf9d50876c
T3_CLAIM,2000,sfti_a9a2d621dec5b59345da5912
T3_CLAIM,2000,sfti_ac525b7e8edb259aa49d011b
T3_CLAIM,2000,sfti_285a17d15d45e9d8f31b7078
T3_CLAIM,2000,sfti_c86954c4386ba976ebf0711c
T3_CLAIM,2000,sfti_4ce1c4451b3c747bd43b702e
T3_CLAIM,2000,sfti_a93c8ec9000e448a469857f6
T3_CLAIM,2000,sfti_95f435c76437d8d9904e0bfe
T3_CLAIM,2000,sfti_01a60989e039fff124993401
T3_CLAIM,2000,sfti_09dfe8dddd4cf90fcfe3fa3a
T3_CLAIM,2000,sfti_12f4845cd2f67f2049a94e09
T3_CLAIM,2000,sfti_15f37bd7137d3dc912c6b5e2
T3_CLAIM,2000,sfti_df0af79a9b84d67bbc07b39c
T3_CLAIM,2000,sfti_42d9aec346e4d96a157fd149
T3_CLAIM,2000,sfti_cf63bba542b122e8bbb8d031
T3_CLAIM,2000,sfti_9b1466fed8b33c909276e72a
T3_CLAIM,2000,sfti_9aab59f32369077b61dd6e5e
T3_CLAIM,2000,sfti_0bccb38d6f607ef71582d969
T3_CLAIM,2000,sfti_0fbcf8b6145272f5a0956926
T3_CLAIM,2000,sfti_98db9479b640f960f8287bcd
T3_CLAIM,2000,sfti_e6a2fa44021a3e0eede52d02
T3_CLAIM,2000,sfti_50cf23657ef6136758bc8bd5
T3_CLAIM,2000,sfti_cf4cc35a7dc1628f1068a7fa
T3_CLAIM,2000,sfti_a3a4395c1fb09163aeb0d4cb
T3_CLAIM,2000,sfti_57a4b1ba762977d6ce3937d7
T3_CLAIM,2000,sfti_1c2fee03700dad9025fc3e69
T3_CLAIM,2000,sfti_1da25b8089aa26ed2f17c8b6
T3_CLAIM,2000,sfti_aed80b142c28627e2cac3dae
T3_CLAIM,2000,sfti_b3c90e6ae760c1a91168613d
T3_CLAIM,2000,sfti_772b503656a73a580bdc806d
T3_CLAIM,2000,sfti_863ccd374a7381cf12ac7d43
T3_CLAIM,2000,sfti_c7bb8faf3fd9a29fa1fbc062
T3_CLAIM,2000,sfti_f5c9d802d35a561786a55e55
T3_CLAIM,2000,sfti_69482bef8866a497b1921b3f
T3_CLAIM,2000,sfti_d1cdbbf431c751da40709b99
T3_CLAIM,2000,sfti_823be1c307b79676f43051dd
T3_CLAIM,2000,sfti_c63187feee0a7ebcc8c93655
T3_CLAIM,2000,sfti_aa1b972ce84da9c221f60cd0
T3_CLAIM,2000,sfti_b356b8b40a7a3b689ae484c0
T3_CLAIM,2000,sfti_971c1076cd2b6c0e19fbe276
T3_CLAIM,2000,sfti_07e41cc123591263b13d22a3
T3_CLAIM,2000,sfti_e215c252d9f00768031fa887
T3_CLAIM,2000,sfti_9e7bfb4965ae7dea09384698
T3_CLAIM,2000,sfti_3c81774c66e85b4444bc333a
T3_CLAIM,2000,sfti_c641eae1d4e700a832f4d833
T3_CLAIM,2000,sfti_f7a9d0b6b799eb365ac2a615
T3_CLAIM,2000,sfti_4728497febfc5366ef5d17a8
T3_CLAIM,2000,sfti_34d8753239ad9c6c01cdf276
T3_CLAIM,2000,sfti_4e49d579b419796fcf9fb2ac
T3_CLAIM,2000,sfti_1fc89fd4f395b83505f391a9
T3_CLAIM,2000,sfti_f8f66e0d6afdc22a51555dfd
T3_CLAIM,2000,sfti_967df6e8b1ef96ba469815c7
T3_CLAIM,2000,sfti_de595538c4b7902e0a36a89e
T3_CLAIM,2000,sfti_52957c88c557fa95ba21ee55
T3_CLAIM,2000,sfti_78088f9af2d1614c4c0ff99a
T3_CLAIM,2000,sfti_61f48b28cd6e69296129c827
T3_CLAIM,2000,sfti_ebb4db7325c4bb5fe62eb319
T3_CLAIM,2000,sfti_9470f78dd4c2d83754190977
T3_CLAIM,2000,sfti_1d48c8ffa1b72579a4f65843
T3_CLAIM,2000,sfti_65ca9c13067d66d674e7bcd9
T3_CLAIM,2000,sfti_d54c3c82902dbb5e21a67a9a
T3_CLAIM,2000,sfti_71474084750a31431c9d1cca
T3_CLAIM,2000,sfti_513acc8914d47a78fed997ac
T3_CLAIM,2000,sfti_b5beda8090b50da0e1bceb8c
T3_CLAIM,2000,sfti_b92eebad3293b9146b65feba
T3_CLAIM,2000,sfti_8e3b7262f300bb7f9567c540
T3_CLAIM,2000,sfti_8a60ac8ba9942649ab2fd76d
T3_CLAIM,2000,sfti_f4b6055371c2654491139e92
T3_CLAIM,2000,sfti_f61bac4068df486118a1ce08
T3_CLAIM,2000,sfti_d7399b9502e3bf910f6cf1b6
T3_CLAIM,2000,sfti_6fa85dabb349c67433501850
T3_CLAIM,2000,sfti_c9e186c70f4293dbd0041293
T3_CLAIM,2000,sfti_4da8292f98d0f41c65309d7b
T3_CLAIM,2000,sfti_a384e3ea7c8954ebd7263f7c
T3_CLAIM,2000,sfti_345d0140581a627c3c8b3f21
T3_CLAIM,2000,sfti_66f637a1f5c78677bf91ab4f
T3_CLAIM,2000,sfti_1fbaad30a3b18bf52aabfd8d
T3_CLAIM,2000,sfti_64baf7fae8e2d71e7d5f93f1
T3_CLAIM,2000,sfti_83f14e181f8867bc599ddd77
T3_CLAIM,2000,sfti_35913bb96d5eed119822a427
T3_CLAIM,2000,sfti_377912ee65e6e04930e9910b
T3_CLAIM,2000,sfti_cb5c1cb56fe03c1b4c57da1f
T3_CLAIM,2000,sfti_8217785694480074bf2a3d2a
T3_CLAIM,2000,sfti_c74d03978971a584259b5da9
T3_CLAIM,2000,sfti_f368a31a696ca1dad40f385a
T3_CLAIM,2000,sfti_2a795d240eac57f91d3d2cb6
T3_CLAIM,2000,sfti_be57a898ef1fab826b666c57
T3_CLAIM,2000,sfti_51980e050026a30dfa0901a3
T3_CLAIM,2000,sfti_b30a446c0abba867692c244f
T3_CLAIM,2000,sfti_001fea8a620dc0b7ccac17c4
T3_CLAIM,2000,sfti_784fcce325761ed9439fab6b
T3_CLAIM,2000,sfti_ba0f4de7b3f4920e8200ecf2
T3_CLAIM,2000,sfti_d7bffdfbec372d18917989de
T3_CLAIM,2000,sfti_6347833bd931c8cb8eb742aa
T3_CLAIM,2000,sfti_9b4d546f149620dd2682effd
T3_CLAIM,2000,sfti_9d3261dbb26f1d102af67f72
T3_CLAIM,2000,sfti_49e02a848029c5ff14862628
T3_CLAIM,2000,sfti_43d0f21477e04b857b0de3d1
T3_CLAIM,2000,sfti_7c985f99efbfc6f864bb5327
T3_CLAIM,2000,sfti_54dc447a3e3695025240b63d
T3_CLAIM,2000,sfti_1609cb626c57e3048c5c40f7
T3_CLAIM,2000,sfti_8e7235553dbfc65a3e3e870e
T3_CLAIM,2000,sfti_c4959292f9863fcf79a46fbb
T3_CLAIM,2000,sfti_3406cbb4df7e3fc0dda56709
T3_CLAIM,2000,sfti_0a0fc172bf4976dcec3039e8
T3_CLAIM,2000,sfti_57d83acf998357f23d21cc57
T3_CLAIM,2000,sfti_934f1689bfc1c5563a733479
T3_CLAIM,2000,sfti_1e539b3e7f1a946e2d1393c6
T3_CLAIM,2000,sfti_ec80aa7330e416aab407cdb7
T3_CLAIM,2000,sfti_6278563919795428d2eafe6f
T3_CLAIM,2000,sfti_ffae43e23ad5d16a2160fc0e
T3_CLAIM,2000,sfti_dd9b1888163695495c824c09
T3_CLAIM,2000,sfti_355e3f45039767a729e43b86
T3_CLAIM,2000,sfti_b0d6c99845c8080296fb89f5
T3_CLAIM,2000,sfti_cda56fdffff04c9689a60bcf
T3_CLAIM,2000,sfti_12fbd6ac647b0a83445f56bb
T3_CLAIM,2000,sfti_90c3a1d725422f7aac498e3e
T3_CLAIM,2000,sfti_ea46c0dafeef30e43f041af8
T3_CLAIM,2000,sfti_688b8033768286b7088692f2
T3_CLAIM,2000,sfti_72c9a7dc8c86d7c5fab072fd
T3_CLAIM,2000,sfti_11097761c7cc785b8841ba6f
T3_CLAIM,2000,sfti_b3cfb0a7e226214858efcf78
T3_CLAIM,2000,sfti_ebb89d26da1372f77b7d4320
T3_CLAIM,2000,sfti_e38a6b1fff10dc69f671d140
T3_CLAIM,2000,sfti_207a5900decf2e30d73becbf
T3_CLAIM,2000,sfti_32cb1ed6b38d0a5d0f82db0e
T3_CLAIM,2000,sfti_f58e363a08ce6716a88d69c4
T3_CLAIM,2000,sfti_820d03b563184f5224d7661a
T3_CLAIM,2000,sfti_00297c738f3f0ee7a0f10c05
T3_CLAIM,2000,sfti_2f8184ac237ec58ba0f85ffa
T3_CLAIM,2000,sfti_c6cb5a348e39524e89b5e0bb
T3_CLAIM,2000,sfti_b0a6386df0d191184a971cb8
T3_CLAIM,2000,sfti_f15c447bfb9964b09365c451
T3_CLAIM,2000,sfti_af0cd4874b37e79f9e2feb73
T3_CLAIM,2000,sfti_f8e97b67db2b03f7c251c368
T3_CLAIM,2000,sfti_fcc716c2e311da23df91e26e
T3_CLAIM,2000,sfti_f05c41b235392d8c6341248e
T3_CLAIM,2000,sfti_7c795910907fc64824a3989c
T3_CLAIM,2000,sfti_bef4a3e785c91f81e7461ad1
T3_CLAIM,2000,sfti_6d0df185fb5362e0db0f2845
T3_CLAIM,2000,sfti_0b8b5315c8c70e27f7260c31
T3_CLAIM,2000,sfti_ac71e96724daef0c1b6fa2d0
T3_CLAIM,2000,sfti_63e68faf50f3993106c1aca5
T3_CLAIM,2000,sfti_68f9f202238c786d0aa6a228
T3_CLAIM,2000,sfti_192964f8915b22021aefd603
T3_CLAIM,2000,sfti_3e6382aac207d1344812ec63
T3_CLAIM,2000,sfti_57962a2a5835f715388578dc
T3_CLAIM,2000,sfti_4427900ddd2cc49609d3f5a7
T3_CLAIM,2000,sfti_c3b60a4a792da740926f0024
T3_CLAIM,2000,sfti_9a9ad973efb521fd6125bbed
T3_CLAIM,2000,sfti_a2a788ecfc483b8e3ec3c210
T3_CLAIM,2000,sfti_117e2cf37d2fee8ddfb34df4
T3_CLAIM,2000,sfti_b05a7d427c6279688f830538
T3_CLAIM,2000,sfti_3aba6fa4b136c774bc670fe7
T3_CLAIM,2000,sfti_c7367ca88a634e28d3cc6bd4
T3_CLAIM,2000,sfti_12a71d71526486ebeff5b2df
T3_CLAIM,2000,sfti_2c331c96f731b318e9e55baa
T3_CLAIM,2000,sfti_075b69500dc225cf2d71cb40
T3_CLAIM,2000,sfti_d38109ccbb38c7049eb466dc
T3_CLAIM,2000,sfti_ebbe4e0643c3ecefbdc60245
T3_CLAIM,2000,sfti_f037dc5a69f22045472129b1
T3_CLAIM,2000,sfti_43f9f335d33bf3e9ba17fcbe
T3_CLAIM,2000,sfti_33f1c17398807ac654254a25
T3_CLAIM,2000,sfti_322a6e6dbc1694870795fef6
T3_CLAIM,2000,sfti_735de8b99e12268e1280b4f6
T3_CLAIM,2000,sfti_c0bad3e1478a29194fad7295
T3_CLAIM,2000,sfti_702f1c87839a6283c9b04058
T3_CLAIM,2000,sfti_ce9ed959f2baeb0eb0cc7e4c
T3_CLAIM,2000,sfti_c86266a366cbcbb60d2eaf08
T3_CLAIM,2000,sfti_2c97511684f88fcd4ace5c91
T3_CLAIM,2000,sfti_16918e6e518235da56943dc4
T3_CLAIM,2000,sfti_b127adf2f7e599141f809642
T3_CLAIM,2000,sfti_2b494e515c896ada9dbc7338
T3_CLAIM,2000,sfti_824c8ba6c24e609ca0e231dd
T3_CLAIM,2000,sfti_7ad468dba171f751b1af1dd5
T3_CLAIM,2000,sfti_6ffe5e0eb2b463504e73d4a0
T3_CLAIM,2000,sfti_5d9b1b4ac5c4cb61071dc373
T3_CLAIM,2000,sfti_c279cbfc1f8dd01828368c7d
T3_CLAIM,2000,sfti_9bcb2a22c82d4b855b5d0d7b
T3_CLAIM,2000,sfti_63dee2ce3e4e6b0f019bb8a6
T3_CLAIM,2000,sfti_739746f63762f76a6760a6f2
T3_CLAIM,2000,sfti_292b14b0ca897bd376222df8
T3_CLAIM,2000,sfti_2cb50e037a1f057856c570db
T3_CLAIM,2000,sfti_3126aa1753c71f475faabf49
T3_CLAIM,2000,sfti_4f32ca98e0cfc8ce7711df76
T3_CLAIM,2000,sfti_2db9eecf557ca1bb32c6bf58
T3_CLAIM,2000,sfti_19ac0bb1f9905970ac2b99b0
T3_CLAIM,2000,sfti_78606527393050108a4ae890
T3_CLAIM,2000,sfti_131f17cd2785b5cea479febc
T3_CLAIM,2000,sfti_dff980905f164bb248e5ba6b
T3_CLAIM,2000,sfti_96819c2a25a96bcd0744bf12
T3_CLAIM,2000,sfti_02b3c12570e1ea6d8795001d
T3_CLAIM,2000,sfti_2483c7df872b7b084aef5afe
T3_CLAIM,2000,sfti_a9d654a6c4d18458be947c53
T3_CLAIM,2000,sfti_205e4e9380798209db42019c
T3_CLAIM,2000,sfti_834aa055c100c968a18aa85e
T3_CLAIM,2000,sfti_f35c4e33cef509c8becae515
T3_CLAIM,2000,sfti_62a47887a309bf8fbaad773d
T3_CLAIM,2000,sfti_a4ca47a15d0c3137f8c08a9d
T3_CLAIM,2000,sfti_634435565c93fb47d4849912
T3_CLAIM,2000,sfti_09c45103d80489c515934a6b
T3_CLAIM,2000,sfti_df9e287281f2fbc565952c2c
T3_CLAIM,2000,sfti_af37e9d104f7aeeef23c281d
T3_CLAIM,2000,sfti_8538f883427206f971e57a1c
T3_CLAIM,2000,sfti_13f10b76ce2cb3d12422fe13
T3_CLAIM,2000,sfti_6e48f3019b97e8f3f79116c8
T3_CLAIM,2000,sfti_193a974465df80cf38915cbd
T3_CLAIM,2000,sfti_41ca6f3351318f6692eecab0
T3_CLAIM,2000,sfti_5806620bc49382d22a86eb09
T3_CLAIM,2000,sfti_7e9f634cd0cdd61b184b1c60
T3_CLAIM,2000,sfti_977d82e87cb9def044ea61b5
T3_CLAIM,2000,sfti_c2ee93b25cd7b0a9c4963df4
T3_CLAIM,2000,sfti_f45609217fa5d5bbe10a8f76
T3_CLAIM,2000,sfti_8ac1f964bdd0a579e2cc68e3
T3_CLAIM,2000,sfti_47f57ab1356216718d73cd25
T3_CLAIM,2000,sfti_490f5c97c6fda89c7430a271
T3_CLAIM,2000,sfti_1424f54aac0ea946bd0f20e3
T3_CLAIM,2000,sfti_94b58a8f2aa080daff3ba57a
T3_CLAIM,2000,sfti_9008d773822dbffe417ec04a
T3_CLAIM,2000,sfti_bfc9c9c7a2f277ab1390cec8
T3_CLAIM,2000,sfti_c4dd33ed250f26a1fb63fc66
T3_CLAIM,2000,sfti_b4ef185e414dd9b93108717f
T3_CLAIM,2000,sfti_fb6a4c92ab480ab1f103107b
T3_CLAIM,2000,sfti_c8487a551b40ec01f54bb44f
T3_CLAIM,2000,sfti_d7e0134eac4b609f9fe929c9
T3_CLAIM,2000,sfti_87cfb749b4f7488bd5cd943c
T3_CLAIM,2000,sfti_ccdc1fa709424fa6ef920f2f
T3_CLAIM,2000,sfti_1a6725d118972e7dde49015f
T3_CLAIM,2000,sfti_c0fc812bab4afe2c920b0ac7
T3_CLAIM,2000,sfti_ff9de7e40e64a3610d5096e2
T3_CLAIM,2000,sfti_6ebb09baeb626cfb7c055fde
T3_CLAIM,2000,sfti_bc33b0e75b0d84c132a69022
T3_CLAIM,2000,sfti_0bc6853cb9faa09d9ffcedbb
T3_CLAIM,2000,sfti_71db7bcb16af1e0dcd88559d
T3_CLAIM,2000,sfti_a059a7f91f25b2b77f24e637
T3_CLAIM,2000,sfti_9ab8926fc58953566ff943e6
T3_CLAIM,2000,sfti_b8edadb8502785638b238329
T3_CLAIM,2000,sfti_fffd5e506d94b8f617bdd747
T3_CLAIM,2000,sfti_79523afff10fa242f5a03731
T3_CLAIM,2000,sfti_60789c72f876bbafd75c3c40
T3_CLAIM,2000,sfti_6e22394b88a41dee9e95aaee
T3_CLAIM,2000,sfti_8307b3ae68d20bda30c71ef6
T3_CLAIM,2000,sfti_c475544bd2c4130a9b24568f
T3_CLAIM,2000,sfti_e3405d2c5ec0be92c4c3bbc1
T3_CLAIM,2000,sfti_9f6b9b9cad885ee1cdd8bc96
T3_CLAIM,2000,sfti_d4012721569499b3ca59b947
T3_CLAIM,2000,sfti_20714988a1aba74e43541398
T3_CLAIM,2000,sfti_298b7022c9d52e7d795753dd
T3_CLAIM,2000,sfti_4d14c6bc52d39a57444a3a49
T3_CLAIM,2000,sfti_148d6be4e2cb4070046ad3f5
T3_CLAIM,2000,sfti_3064311de9301db4de3fc61a
T3_CLAIM,2000,sfti_b12777c95b08e6aaa26bae29
T3_CLAIM,2000,sfti_dfa514a9284dcd89ab5353ca
T3_CLAIM,2000,sfti_77fb57d80056158665f8e69a
T3_CLAIM,2000,sfti_42bc651543436c6c81292599
T3_CLAIM,2000,sfti_8ec511d28ff59107e9e917cf
T3_CLAIM,2000,sfti_b7b71b5682175c59441aa2cd
T3_CLAIM,2000,sfti_d0d27cc2bd459bd1fdab36fd
T3_CLAIM,2000,sfti_0f5464c1c4bf5488f31ac3b7
T3_CLAIM,2000,sfti_89370bc7e8f1eabbf9da659c
T3_CLAIM,2000,sfti_d9d4826a84de84dff1c3f43c
T3_CLAIM,2000,sfti_86a8af6dca83774fc251b5fd
T3_CLAIM,2000,sfti_21f998402111bb2008792319
T3_CLAIM,2000,sfti_f4b55c1aa9892186bcd375c0
T3_CLAIM,2000,sfti_46b0ffc56350c48735b9ae91
T3_CLAIM,2000,sfti_89927ccccabe0c22e827ecfe
T3_CLAIM,2000,sfti_1bf16e792435602948b30278
T3_CLAIM,2000,sfti_a03d1403971700836364ca5e
T3_CLAIM,2000,sfti_e66be40c51c4a46987edaabb
T3_CLAIM,2000,sfti_5adb469da870fd308ee4ce67
T3_CLAIM,2000,sfti_4878de9edcd5b32f4824f0fe
T3_CLAIM,2000,sfti_3d9d4f3b32c29a619817146c
T3_CLAIM,2000,sfti_3334c8d59595eee1e73d2bef
T3_CLAIM,2000,sfti_dca296136cf318713b631519
T3_CLAIM,2000,sfti_61e5320f460808eb60efa415
T3_CLAIM,2000,sfti_7120ab9cd9fd860ef65d7a63
T3_CLAIM,2000,sfti_9529861c0780fe291d729afa
T3_CLAIM,2000,sfti_fd58bbac9f6a246555f6dae6
T3_CLAIM,2000,sfti_a7e47641652b2fddaf98c780
T3_CLAIM,2000,sfti_95cb43a575790d7b49cf252b
T3_CLAIM,2000,sfti_0a3645e7def82757260eb6a9
T3_CLAIM,2000,sfti_5a2e2a1079859c1d7e36912d
T3_CLAIM,2000,sfti_7873efcac5eca1003e260492
T3_CLAIM,2000,sfti_eac314d8b95c3e98416133f2
T3_CLAIM,2000,sfti_96626b37347ebbedb5a36674
T3_CLAIM,2000,sfti_9bce7a9b562d3792add15423
T3_CLAIM,2000,sfti_cac32805febee74bc3b4b055
T3_CLAIM,2000,sfti_5cdafa451713514ee308ead2
T3_CLAIM,2000,sfti_29e997ee1b1b89c77b56842f
T3_CLAIM,2000,sfti_e77e73c1989a7d6bf9211deb
T3_CLAIM,2000,sfti_1911649d69a07ea8880e82e1
T3_CLAIM,2000,sfti_19434dea004b41f809d6827f
T3_CLAIM,2000,sfti_bbe87f6b933c545a7f470d17
T3_CLAIM,2000,sfti_0dccdd73a2dca2aa6a48d12f
T3_CLAIM,2000,sfti_a2b0e393853ebf273752487e
T3_CLAIM,2000,sfti_30e7dd27091d1a2c74f4a825
T3_CLAIM,2000,sfti_d853c981622f7fdd5c49ca9a
T3_CLAIM,2000,sfti_b57d78c3e11a689e073e87ae
T3_CLAIM,2000,sfti_244d5e5833d6e1fcd065835f
T3_CLAIM,2000,sfti_3f39de78774e9413d56061a7
T3_CLAIM,2000,sfti_fa49fd2255ec1a1308161e84
T3_CLAIM,2000,sfti_ebe25239d10e4576dc173b6e
T3_CLAIM,2000,sfti_ad537644656936199669a338
T3_CLAIM,2000,sfti_13a26bbcb08994cb324b0da8
T3_CLAIM,2000,sfti_354a16468680f46390e4bc69
T3_CLAIM,2000,sfti_5a8099f7bda13fbfc2fc9ccf
T3_CLAIM,2000,sfti_b7512a42b4c9de39abe70375
T3_CLAIM,2000,sfti_f73920100a7a61cc365f770b
T3_CLAIM,2000,sfti_ca62b3bf3d7e6a9a30c2ddf0
T3_CLAIM,2000,sfti_2a4ea5d46d47083ca103e204
T3_CLAIM,2000,sfti_86ec0affee21a4bc35f54f75
T3_CLAIM,2000,sfti_8f152f298de3a9b398076a24
T3_CLAIM,2000,sfti_5f83a93f67076de4bfe31a7f
T3_CLAIM,2000,sfti_4b88f144ce775028ab2f0226
T3_CLAIM,2000,sfti_838fb438a353ab5bb7266160
T3_CLAIM,2000,sfti_c1a7242827486233708049d0
T3_CLAIM,2000,sfti_0c1c3ec8515e1cbaf9abf61e
T3_CLAIM,2000,sfti_52e8435cca275a1d7e5f35d0
T3_CLAIM,2000,sfti_0b99ac17784fff8980a57c96
T3_CLAIM,2000,sfti_af3756bb30d11e6d0e595928
T3_CLAIM,2000,sfti_283fb57e13fe409fa8d852b7
T3_CLAIM,2000,sfti_f2aac38dd5a4a735e3694984
T3_CLAIM,2000,sfti_b8978d765de497a006c6d058
T3_CLAIM,2000,sfti_d3661c5483aea979c59914b1
T3_CLAIM,2000,sfti_628ffa0951a23a15bfdc1b69
T3_CLAIM,2000,sfti_10e5a4a2b01d66385aed1714
T3_CLAIM,2000,sfti_88a4f0c3c488dd1aebb973f6
T3_CLAIM,2000,sfti_9d233818c65c0c9fcfaa78d4
T3_CLAIM,2000,sfti_7ba3a34114808927db7057d8
T3_CLAIM,2000,sfti_716f82c91eeee6e02ef98447
T3_CLAIM,2000,sfti_b458eb48f1ea3846a2b915b1
T3_CLAIM,2000,sfti_490c26e63b1d2aa529830ff0
T3_CLAIM,2000,sfti_df21af968e15d41adfe5b355
T3_CLAIM,2000,sfti_78aa8e7150646b3e4d1ba29a
T3_CLAIM,2000,sfti_ecd018feebc715caf43d401c
T3_CLAIM,2000,sfti_e026d91597c5f04aa61abb64
T3_CLAIM,2000,sfti_bd47af7e6b2dc365d3471d2f
T3_CLAIM,2000,sfti_da53b3dff280001028a7b24e
T3_CLAIM,2000,sfti_ffb63736b349db3aaa861b04
T3_CLAIM,2000,sfti_0ab32bd817b3b075bd909806
T3_CLAIM,2000,sfti_3c17bbcacddfe51c674d4e2d
T3_CLAIM,2000,sfti_5075ccfe2fcb52690c975b6e
T3_CLAIM,2000,sfti_6fa01d77dfd893aa0167ff8d
T3_CLAIM,2000,sfti_2ffc06022601b032b837d104
T3_CLAIM,2000,sfti_84ca0df2bcec75f5f5df1e1c
T3_CLAIM,2000,sfti_8a7228e0cfe898eaeba41fdb
T3_CLAIM,2000,sfti_ea7d15a9d7786cc44a02e33c
T3_CLAIM,2000,sfti_cae940e6d27cf4d8cbf14241
T3_CLAIM,2000,sfti_75e87ba056bbfc31405e6c26
T3_CLAIM,2000,sfti_34473ccfc57aca126742adc4
T3_CLAIM,2000,sfti_c9bda9aebfdc721d843495b4
T3_CLAIM,2000,sfti_16e1dd1ae5f34e18a781e6a4
T3_CLAIM,2000,sfti_bf6714b85fea5f39df47b8b0
T3_CLAIM,2000,sfti_0b056a35351c5f24b4856c2c
T3_CLAIM,2000,sfti_26711d5798dcbef2589d81a6
T3_CLAIM,2000,sfti_f60abe06d7abeb12fa3eae53
T3_CLAIM,2000,sfti_f41da74f7aa375742d646041
T3_CLAIM,2000,sfti_32364712d47a07cf6d2040db
T3_CLAIM,2000,sfti_ba4806377e0a1dbb125272ff
T3_CLAIM,2000,sfti_e2148063dbc1c51fcc0a28b8
T3_CLAIM,2000,sfti_b2063e8d8bed550a3f49eab6
T3_CLAIM,2000,sfti_ec1aa3434a7e50415babfb73
T3_CLAIM,2000,sfti_dc2ee57453295636dae355f2
T3_CLAIM,2000,sfti_fb05192efd250fce76f3efdb
T3_CLAIM,2000,sfti_8d9060f2e4468866200ec829
T3_CLAIM,2000,sfti_39a7a16a828e02a49507d415
T3_CLAIM,2000,sfti_8a1ca8391daa82e6320f072a
T3_CLAIM,2000,sfti_4e79176f0f3acb7a04cb6371
T3_CLAIM,2000,sfti_7f5372dad419199c5c357730
T3_CLAIM,2000,sfti_de37973a22701ea9974da288
T3_CLAIM,2000,sfti_c2af1d06d19b3c87926a77a1
T3_CLAIM,2000,sfti_cf9d646c1514caf9bb574a22
T3_CLAIM,2000,sfti_ab564871e90eb61985dcc538
T3_CLAIM,2000,sfti_c8791ea4af85497526c485b2
T3_CLAIM,2000,sfti_a4dea182ccfacf1d01d0433b
